lemma,frequency
essere,1191071
avere,623457
potere,147388
fare,136704
altro,124914
dovere,114911
nuovo,110006
politico,96117
anno,84379
dire,81817
primo,80935
parte,78972
problema,75361
lavoro,74313
venire,71553
partito,68038
dopo,67161
forza,66681
paese,66421
governo,64778
solo,64183
alcuno,63840
lavoratore,63150
giorno,61756
oggi,61388
ancora,60733
stesso,60682
dare,59785
grande,58257
compagno,57816
pubblico,55983
proprio,55849
consiglio,55605
comunista,54514
ieri,54295
regionale,52931
regione,51929
democratico,51735
legge,49083
lotta,48052
molto,47947
nazionale,47234
italiano,47200
tempo,46320
andare,45551
economico,44839
situazione,44767
comune,44684
stare,44616
presidente,44548
gruppo,43537
secondo,42801
crisi,40699
iniziativa,40659
volere,40529
sempre,40285
senza,39946
generale,39487
sviluppo,39476
stato,39314
ogni,38782
giovane,37979
sociale,37588
ultimo,37404
settore,37278
punto,36785
corso,36740
intervento,36388
incontro,36138
modo,35833
politica,35663
piano,35534
esso,35061
trovare,34959
centro,34502
roma,34344
rapporto,33967
sindacato,33531
città,33430
ministro,33158
volta,32951
prendere,32687
fatto,32489
chiedere,32277
confronto,32154
locale,31860
scuola,31852
momento,31693
scorso,31687
proposta,31595
vedere,31415
movimento,31357
certo,30983
poco,30973
impegno,30907
zona,30672
organizzazione,30550
commissione,30292
bene,30256
servizio,30134
tale,30111
quindi,30018
ente,29784
mentre,29768
mese,29704
operaio,29595
grave,29483
diverso,29395
presentare,29180
quando,28990
tanto,28704
vita,28577
manifestazione,28276
infatti,28244
italia,28124
dibattito,27950
programma,27874
portare,27770
posizione,27763
sindacale,27695
federazione,27621
oltre,27509
società,27233
questione,27136
sapere,26989
caso,26969
mettere,26905
azienda,26633
unitario,26531
comunale,26409
comitato,26333
affermare,26145
base,26138
segretario,26122
necessario,26096
giunta,26006
fino,25797
prima,25626
particolare,25459
prossimo,25446
tenere,25279
direzione,25168
svolgere,25077
accordo,24727
interno,24666
condizione,24635
attività,24612
casa,24593
amministrazione,24543
prevedere,24234
azione,23923
invece,23920
cosa,23887
riunione,23714
riguardare,23587
importante,23287
processo,23101
maggiore,22862
parlare,22601
documento,22524
provincia,22352
assemblea,22276
linea,22172
fine,22153
partecipazione,22142
pure,22049
rendere,22041
decisione,22031
fronte,21987
riforma,21979
unità,21891
dirigente,21857
fabbrica,21776
però,21663
sembrare,21573
conferenza,21229
scelta,21133
continuare,20882
possibile,20824
risultato,20745
popolare,20694
cittadino,20365
culturale,20233
provinciale,20157
prezzo,20131
interesse,20128
uomo,20106
richiesta,20061
produttivo,20025
livello,19946
porre,19923
lungo,19901
occupazione,19771
soprattutto,19694
verso,19612
atto,19596
tema,19583
soluzione,19546
opera,19525
donna,19391
socialista,19316
quadro,19299
qualche,19285
conto,19247
stampa,18959
ruolo,18897
rappresentante,18855
trattare,18822
mondo,18752
attuale,18720
presente,18700
relazione,18686
sottolineare,18662
meno,18484
campo,18472
decidere,18438
esigenza,18337
massa,18336
affrontare,18267
ordine,18248
termine,18104
industriale,18076
sede,17977
misura,17862
sciopero,17712
circa,17693
attraverso,17672
miliardo,17608
fondo,17600
rispetto,17497
vero,17458
cosi,17442
esprimere,17416
soltanto,17409
diritto,17370
vario,17370
piccolo,17303
positivo,17241
obiettivo,17139
difesa,17138
aprire,17102
milione,17069
concludere,17054
ricordare,17052
aumento,16884
centrale,16860
rimanere,16852
cioè,16829
realtà,16765
produzione,16750
sotto,16691
militare,16635
provvedimento,16632
domani,16600
camera,16596
sera,16596
ricerca,16564
maggioranza,16528
posto,16523
necessità,16519
voto,16402
struttura,16232
alto,16081
sezione,16078
occasione,15985
nessuno,15883
serie,15874
noto,15788
settimana,15780
industria,15778
costituire,15772
sinistra,15767
studente,15757
luogo,15730
mezzo,15711
numeroso,15704
popolo,15651
senso,15642
ormai,15638
avvenire,15612
quattro,15609
partecipare,15583
cento,15502
quasi,15445
tecnico,15404
vecchio,15368
giornata,15356
istituto,15349
numero,15291
americano,15281
ufficio,15263
risposta,15257
impegnare,15129
discussione,15088
così,15083
internazionale,15066
polizia,15059
gestione,15037
realizzare,15035
comunque,15014
esistere,15012
estero,14972
giungere,14921
progetto,14884
possibilità,14882
persona,14858
responsabilità,14823
aperto,14793
fascista,14735
ritenere,14729
inoltre,14716
dichiarazione,14631
sostenere,14609
lira,14603
subito,14596
assumere,14547
rappresentare,14501
bilancio,14417
pieno,14400
strada,14366
sindaco,14323
riuscire,14273
insieme,14260
campagna,14117
sistema,14078
intendere,14048
personale,14018
delegazione,13977
avanti,13977
lasciare,13938
mattina,13899
elezione,13874
ampio,13860
raggiungere,13786
occorrere,13701
forte,13625
ministero,13606
presenza,13599
passare,13566
piazza,13546
chiaro,13490
ottenere,13456
medio,13437
compiere,13435
presso,13432
concreto,13416
cercare,13396
fase,13395
contributo,13359
democrazia,13337
durante,13328
controllo,13308
approvare,13267
squadra,13267
civile,13259
forse,13224
mercato,13172
pensare,13159
preciso,13151
superare,13151
elemento,13089
agricoltura,13028
vicenda,13012
considerare,12991
tuttavia,12981
difficoltà,12973
reale,12956
dichiarare,12927
mila,12920
forma,12920
giornale,12917
categoria,12908
partire,12887
capo,12839
classe,12838
indagine,12801
investimento,12706
esempio,12697
restare,12616
quartiere,12602
buono,12546
definire,12545
arrivare,12541
discorso,12504
congresso,12431
esperienza,12402
mano,12377
battaglia,12369
rispondere,12368
creare,12366
parlamento,12347
cgil,12327
convegno,12322
dimostrare,12299
difficile,12290
responsabile,12281
uscire,12245
europeo,12243
famiglia,12235
dunque,12184
causa,12148
seguire,12094
studio,12050
aggiungere,12048
prospettiva,12042
storico,11934
privato,11913
intero,11903
consentire,11882
operare,11878
discutere,11875
unico,11792
nome,11730
impresa,11670
confermare,11666
valore,11647
storia,11570
aspetto,11565
complesso,11543
volontà,11528
recente,11526
ufficiale,11509
parlamentare,11478
istituzione,11429
giudizio,11427
lavorare,11419
indicare,11412
proporre,11400
diretto,11398
delia,11320
trasporto,11318
funzione,11314
segreteria,11305
repubblica,11278
formazione,11256
libertà,11246
fuori,11233
tipo,11228
profondo,11227
teatro,11173
milano,11168
notizia,11166
organizzare,11130
tentativo,11126
elettorale,11124
dipendente,11096
agricolo,11089
domanda,11069
pcio,11060
rilevare,11019
lettera,10982
associazione,10981
organo,10978
cinque,10951
egli,10943
territorio,10931
assessore,10916
vertenza,10906
contratto,10884
relativo,10847
mezzogiorno,10823
capitale,10821
bisognare,10814
intesa,10770
conclusione,10743
ripresa,10730
diventare,10722
dato,10704
costruzione,10686
strumento,10684
popolazione,10609
giugno,10567
entro,10553
periodo,10527
prova,10507
successo,10482
massimo,10462
statale,10429
colpire,10389
troppo,10364
immediato,10329
area,10328
tornare,10288
apparire,10273
terzo,10238
firenza,10228
carattere,10225
infine,10209
avanzare,10209
spesa,10207
terreno,10205
giudice,10202
almeno,10181
proposito,10147
entrare,10146
esame,10146
intervenire,10139
comunicato,10130
ospedale,10121
cassa,10071
romano,10043
parola,10028
costo,10021
inizio,10014
motivo,10013
risultare,10007
economia,9979
scrivere,9967
trattativa,9860
prodotto,9856
evitare,9846
richiedere,9829
conseguenza,9795
parere,9786
proseguire,9775
inchiesta,9772
ragione,9768
iniziare,9764
pagare,9697
finanziario,9689
fornire,9675
domenica,9663
palazzo,9629
cultura,9592
informazione,9574
banca,9565
sovietico,9489
resto,9482
guerra,9462
nascere,9447
intanto,9446
direttore,9444
programmazione,9441
chiamare,9425
stabilire,9397
ulteriore,9394
allora,9359
garantire,9356
sanitario,9336
grosso,9332
conoscere,9293
contadino,9246
ribadire,9244
vasto,9240
università,9224
operazione,9223
denunciare,9211
compito,9210
magistrato,9209
europa,9206
medico,9189
ambiente,9179
comunità,9168
offrire,9149
breve,9090
attuazione,9088
giusto,9080
avviare,9043
film,9035
articolo,9031
cominciare,8986
assicurare,8979
passato,8952
colpo,8947
spettacolo,8919
condurre,8853
contenuto,8851
atteggiamento,8848
impianto,8842
toscano,8819
mancare,8805
uniti,8797
rinnovamento,8794
davanti,8764
solidarietà,8742
grado,8732
spesso,8680
precedente,8645
pomeriggio,8637
spazio,8628
futuro,8625
decreto,8617
stabilimento,8601
registrare,8593
membro,8567
protesta,8560
costruire,8542
imporre,8539
luce,8531
vivere,8520
provocare,8506
resistenza,8503
assai,8502
speciale,8501
sviluppare,8498
gioco,8455
appunto,8455
consigliere,8445
principale,8425
costituzione,8425
critico,8410
riunire,8409
stati,8316
ipotesi,8304
episodio,8294
ragazzo,8293
legare,8281
drammatico,8278
passo,8245
nonostante,8239
effetto,8204
fondamentale,8197
libero,8169
sicurezza,8158
terra,8150
manovra,8141
materia,8122
scolastico,8095
finanziamento,8075
sentire,8072
seguito,8054
migliaio,8006
esponente,8005
appello,7991
vista,7988
rivolgere,7970
giovanile,7953
servire,7949
carcere,7925
riconoscere,7920
indicazione,7915
annunciare,7909
significare,7895
acqua,7883
inviare,7881
testo,7877
risolvere,7868
colloquio,7857
utilizzare,7848
carabiniere,7847
autorità,7847
finire,7836
riprendere,7826
occupare,7825
collaborazione,7807
organismo,7806
permettere,7804
promuovere,7794
limite,7784
tentare,7776
usare,7759
migliore,7753
comprendere,7751
francese,7739
largo,7738
danno,7723
cisl,7722
rete,7717
bambino,7706
violenza,7701
incontrare,7680
ricevere,7630
ritardo,7615
sforzo,7607
riferimento,7604
arma,7587
realizzazione,7579
perdere,7566
nero,7559
giornalista,7557
superiore,7535
segno,7522
autonomia,7521
complessivo,7518
voce,7499
impedire,7498
cinema,7492
cooperativa,7471
tedesco,7451
effettuare,7424
urgente,7373
notte,7371
lista,7366
norma,7355
auto,7348
principio,7341
precisare,7328
centinaio,7328
franco,7319
bisogno,7317
attacco,7309
monte,7300
analisi,7295
verificare,7287
bastare,7263
credere,7260
mondiale,7259
opinione,7245
determinare,7222
morte,7215
fermare,7207
attivo,7200
agente,7198
partita,7195
duro,7181
arrestare,7160
straordinario,7135
amministrativo,7134
mantenere,7126
credito,7117
certamente,7110
decina,7101
capacità,7097
attenzione,7096
cattolico,7087
regime,7081
disegno,7068
scopo,7054
favore,7043
importanza,7031
giocare,7030
festival,7028
chiudere,7027
carta,7022
significativo,7022
seduta,6982
convocare,6979
bello,6973
bloccare,6972
scontro,6960
autonomo,6957
maggio,6948
finora,6944
senato,6937
metodo,6929
settembre,6923
governativo,6909
liberazione,6908
meglio,6906
sabato,6898
serio,6896
fiat,6891
destra,6876
sollecitare,6876
interessato,6871
pesante,6864
sala,6862
dubbio,6846
organico,6829
gara,6807
costringere,6803
giustizia,6792
luglio,6769
destinare,6758
ristrutturazione,6758
ottobre,6744
mobilitazione,6740
dieci,6735
attendere,6734
respingere,6714
armato,6709
emergere,6708
professionale,6682
amico,6650
vittoria,6636
accusa,6635
democristiano,6632
dedicare,6630
torino,6630
nulla,6628
battere,6622
napolo,6621
figlio,6617
pratica,6587
polemica,6586
protagonista,6561
male,6559
napoli,6555
appena,6554
bianco,6548
lazio,6545
evidente,6536
garanzia,6524
qualsiasi,6518
anzi,6513
merito,6502
deputato,6500
notevole,6498
piattaforma,6479
attentato,6473
componente,6472
delegato,6463
votare,6463
sino,6459
pericolo,6439
raccogliere,6438
quotidiano,6437
programmatico,6422
tensione,6419
materiale,6410
accettare,6396
cambiare,6387
femminile,6374
adeguato,6361
idea,6356
paolo,6344
esaminare,6343
muovere,6326
coloro,6322
visita,6309
amministratore,6305
sportivo,6293
antifascista,6289
contribuire,6276
corte,6269
mario,6263
specifico,6260
riferire,6232
magistratura,6232
procedere,6218
giudiziario,6208
denuncia,6206
particolarmente,6193
titolo,6177
disoccupato,6176
negativo,6175
uccidere,6168
aumentare,6165
essenziale,6165
professore,6162
fenomeno,6154
genere,6152
pace,6120
adottare,6120
presidenza,6118
disposizione,6113
corpo,6101
opposizione,6097
orientamento,6080
porto,6073
venerdì,6071
vicino,6058
corteo,6058
lunedì,6041
edilizia,6033
giovanni,6027
mare,6026
dicembre,6015
trasformazione,6014
invitare,6012
blocco,6004
morire,5996
risorsa,5996
ambito,5993
finanza,5987
manifestare,5984
redazione,5979
preoccupazione,5960
costituzionale,5952
decisivo,5946
sport,5946
sostanza,5918
chiusura,5912
fissare,5898
alimentare,5892
fiorentino,5892
mostra,5891
fuoco,5877
tendere,5873
contatto,5854
indispensabile,5850
preparare,5843
unione,5838
ecco,5829
capace,5827
rapido,5819
martedì,5812
novembre,5805
reddito,5801
addirittura,5797
indirizzo,5784
chimico,5767
criterio,5764
accusare,5758
attorno,5751
gennaio,5746
direttivo,5722
consumo,5721
ridurre,5716
perciò,5713
produrre,5702
assistenza,5694
dottore,5687
presto,5685
basso,5682
apertura,5681
nord,5680
vittima,5678
pronto,5665
giro,5654
libro,5649
lega,5645
consorzio,5628
leggere,5625
contrario,5614
rilievo,5610
sostegno,5608
riduzione,5594
tribunale,5574
autore,5564
pubblicare,5554
singolo,5554
illustrare,5554
interessare,5551
pensione,5546
applicazione,5519
vincere,5517
attuare,5515
nota,5507
gente,5504
otto,5494
scadenza,5488
coscienza,5483
collegare,5450
strategia,5448
spiegare,5448
attesa,5447
scientifico,5446
affermazione,5443
scegliere,5434
significato,5432
inquirente,5425
coinvolgere,5415
tendenza,5399
straniero,5398
considerazione,5392
universitario,5376
macchina,5375
arabo,5369
qualità,5361
fonte,5354
direttamente,5348
finale,5348
difendere,5347
favorire,5343
valido,5318
sette,5315
bologna,5308
porta,5306
aziendale,5303
aprile,5302
antonio,5299
testa,5294
vivo,5293
umano,5292
completo,5290
utile,5277
referendum,5267
integrazione,5265
moderno,5260
minuto,5258
energia,5252
capire,5250
francia,5247
incidente,5246
approvazione,5223
pagina,5212
corrente,5210
luigi,5201
caratterizzare,5195
cristiano,5190
mostrare,5171
attualmente,5167
limitare,5166
carico,5160
facile,5148
contenere,5137
escludere,5132
puntare,5124
rosso,5122
eventuale,5120
stretto,5113
mancanza,5104
repubblicano,5102
totale,5100
interessante,5096
insegnante,5094
pressione,5093
lanciare,5085
giovedì,5070
accadere,5064
collegamento,5057
mercoledì,5041
personaggio,5032
arresto,5020
modifica,5016
carlo,5013
spagnolo,5010
disporre,5008
accogliere,5007
poiché,5007
maria,5005
dietro,5000
individuare,4994
metro,4992
cile,4987
coordinamento,4984
recare,4979
concedere,4972
produttore,4970
commerciale,4957
marzo,4947
naturalmente,4944
senatore,4943
cadere,4937
successivo,4929
cifra,4926
intorno,4925
agrario,4922
perugia,4919
peso,4917
vertice,4914
rischiare,4909
giuseppe,4903
segnare,4897
eleggere,4896
rifiutare,4890
esecutivo,4872
affidare,4871
vice,4862
valle,4859
fermo,4839
caro,4839
campionato,4838
tradizionale,4834
argomento,4832
valutazione,4830
adesione,4804
visione,4802
sentenza,4801
reazione,4788
palermo,4771
contraddizione,4771
dimensione,4766
familiare,4764
svolta,4758
procuratore,4751
avvocato,4750
aereo,4749
definizione,4742
finalmente,4733
vendita,4732
risanamento,4731
reato,4722
riconversione,4713
definitivo,4709
chiesa,4705
stagione,4698
novità,4691
meccanismo,4681
minore,4676
consultazione,4674
immediatamente,4664
semplice,4647
niente,4640
elaborare,4632
effettivo,4625
rischio,4619
comportare,4619
pagamento,4609
moro,4606
derivare,4602
gran,4599
traffico,4594
festa,4594
federale,4591
condanna,4589
neppure,4586
agosto,4584
avvio,4583
assieme,4577
arte,4576
nodo,4569
condannare,4566
formare,4558
funzionario,4553
critica,4552
ione,4550
reparto,4549
psdi,4539
speculazione,4537
edilizio,4533
rilancio,4532
grazie,4530
circolo,4529
genitore,4524
clima,4523
sottoporre,4521
crescita,4512
palestinese,4508
meridionale,4507
patrimonio,4506
preparazione,4504
valere,4503
guardia,4476
disponibilità,4469
villa,4468
verifica,4465
foto,4457
aula,4456
accompagnare,4444
minimo,4442
competenza,4434
intellettuale,4433
pericoloso,4429
gravità,4427
guardare,4422
mancato,4421
riportare,4417
cooperazione,4403
contrattuale,4398
isola,4396
urss,4394
rinnovo,4393
commercio,4387
testimonianza,4380
utilizzazione,4379
sequestro,4376
occidentale,4376
netto,4371
mobile,4363
proprietario,4344
natura,4342
musicale,4339
abitante,4337
giorgio,4333
subire,4331
abbandonare,4330
docente,4330
rivelare,4329
urbano,4329
favorevole,4321
compagnia,4312
cosiddetto,4309
alleanza,4309
consenso,4300
estremo,4295
mente,4292
maniera,4288
cagliario,4279
verità,4267
musica,4265
continuo,4264
affare,4260
data,4249
imputato,4243
conoscenza,4242
lontano,4238
qualcuno,4233
diffuso,4231
fiscale,4227
premio,4217
emigrato,4213
impiego,4212
metà,4204
riflessione,4201
probabilmente,4199
cileno,4192
intervista,4188
abitazione,4179
inglese,4172
immagine,4172
comportamento,4167
operatore,4167
firmare,4164
viaggio,4155
signore,4151
contrasto,4140
qualcosa,4138
acquisto,4136
adesso,4133
elaborazione,4133
segreto,4131
modello,4127
tradizione,4116
bracciante,4116
legislativo,4115
oggetto,4108
giocatore,4103
radio,4101
sanità,4094
informare,4082
provenire,4082
richiamare,4082
piuttosto,4081
collettivo,4072
tesi,4072
esterno,4071
tutt,4068
febbraio,4067
provocazione,4063
inserire,4061
messaggio,4051
conquista,4050
superamento,4045
quarto,4036
somma,4035
assoluto,4024
istruzione,4023
spirito,4021
specie,4013
facoltà,4009
artigiano,3997
scoprire,3993
insomma,3989
investire,3985
israeliano,3972
dimissione,3971
errore,3969
espressione,3968
crescere,3968
cantiere,3968
giudicare,3964
dirigere,3961
fiducia,3959
recupero,3952
francesco,3948
turno,3940
chilometro,3939
urgenza,3939
scena,3938
assetto,3937
napoletano,3933
guidare,3932
nove,3930
rientrare,3929
nomina,3924
rinnovare,3921
presa,3920
seguente,3917
petrolio,3915
speranza,3914
decentramento,3913
minacciare,3912
mento,3912
emergenza,3908
minaccia,3906
spagna,3902
azzurro,3897
milanese,3889
osservare,3877
rifiuto,3877
ricco,3876
disponibile,3866
campione,3860
modificare,3858
compagna,3857
estendere,3854
passaggio,3848
cura,3844
parigi,3835
assemblee,3833
assunzione,3831
corsa,3827
socialdemocratico,3826
contare,3817
conquistare,3814
gestire,3813
terrà,3809
intenzione,3807
aiuto,3795
progresso,3794
concorso,3789
ford,3786
falso,3783
fgci,3773
accertare,3761
comunicazione,3759
sorgere,3759
logica,3759
canto,3756
istituzionale,3756
seno,3744
edile,3742
ricorso,3731
affinché,3731
suscitare,3728
scala,3728
salute,3727
morale,3726
sardegna,3724
vigile,3720
impostazione,3718
divisione,3718
valutare,3713
coppa,3709
rilasciare,3707
caratteristica,3706
detenuto,3701
naturale,3701
origine,3693
comizio,3688
rivendicare,3688
agenzia,3687
pari,3685
chiaramente,3684
ostacolo,3683
rivoluzione,3672
tragico,3670
scendere,3668
avviso,3660
proprietà,3660
nonché,3659
pronunciare,3658
antico,3656
appoggio,3656
sopra,3653
analogo,3647
turismo,3646
fascismo,3644
comporre,3643
davvero,3642
dollaro,3640
montedinove,3640
occhio,3638
sperare,3635
1975,3629
avanzato,3628
carica,3624
strage,3621
ospedaliero,3620
previsione,3616
trasformare,3616
venti,3613
iscritto,3605
candidato,3589
chiarezza,3584
cambiamento,3583
rispettare,3580
arco,3579
metalmeccanico,3578
territoriale,3575
operativo,3571
ritorno,3571
acquistare,3569
permanente,3569
innanzitutto,3568
avvenimento,3560
ritrovare,3558
rappresentanza,3557
correre,3556
mille,3556
simile,3554
controllare,3552
1974,3550
introdurre,3544
esercitare,3539
moglie,3535
ferito,3534
ripetere,3533
edificio,3530
sufficiente,3530
cogliere,3528
vantaggio,3527
notare,3525
riserva,3524
coso,3517
mandato,3514
eccezionale,3498
regista,3498
nemmeno,3495
serata,3495
completamente,3493
abbastanza,3488
socialismo,3482
stazione,3475
combattere,3465
legale,3450
calabria,3449
criminale,3446
conferma,3445
padre,3442
riconoscimento,3439
disoccupazione,3439
consegnare,3438
avversario,3438
interrogativo,3431
circoscrizione,3430
agire,3425
ammettere,3423
trasferimento,3415
rafforzare,3411
recentemente,3400
collocare,3398
verde,3397
washington,3396
clic,3387
calcio,3385
assenza,3385
toccare,3383
banco,3383
alfa,3381
radicale,3378
trasferire,3373
stabile,3372
urbanistico,3372
pietro,3371
normale,3367
sollevare,3364
riguardo,3356
applicare,3356
ideale,3356
regolamento,3356
appartenere,3355
marco,3355
occupazionale,3351
durare,3350
carenza,3344
dimenticare,3340
evidentemente,3338
ciascuno,3337
rinviare,3337
lato,3331
siciliano,3325
bomba,3322
tariffa,3322
legame,3321
kissinger,3321
accanto,3314
aggravare,3312
apparato,3312
concessione,3312
ricercare,3311
sardo,3308
turistico,3305
creazione,3304
pena,3302
germania,3302
enorme,3301
distanza,3296
scambio,3292
esercizio,3292
opportuno,3291
venezia,3291
ovviamente,3291
corrispondente,3289
lottare,3287
sicuro,3287
partenza,3286
piede,3284
interrogazione,3282
edizione,3276
frutto,3269
elementare,3269
bari,3266
andreotti,3260
disagio,3259
chiarire,3256
corretto,3247
corrispondere,3245
concezione,3243
sbocco,3233
artistico,3232
rilevante,3230
fratello,3228
concordare,3228
revisione,3223
incarico,3222
fuga,3214
attore,3212
tesoro,3207
israele,3202
sconfitta,3196
spettare,3194
genova,3193
democristiare,3191
negare,3189
esercito,3181
salvare,3174
vietnam,3172
trenta,3170
secolo,3169
eliminare,3166
televisione,3159
formula,3149
miglioramento,3147
governare,3145
emettere,3139
eversivo,3138
1976,3136
purtroppo,3130
invito,3127
pistola,3127
praticamente,3123
assegnare,3122
privo,3119
esperto,3116
ingresso,3113
cinematografico,3106
tessile,3106
ricostruzione,3106
veramente,3104
terno,3102
clamoroso,3101
pertanto,3100
efficace,3099
terrorismo,3096
intenso,3095
regolare,3086
vigore,3084
divenire,3083
ditta,3083
orario,3082
spingere,3081
attribuire,3071
provvedere,3070
scarso,3067
aborto,3066
sicilia,3066
dota,3061
fanfano,3059
delicato,3058
reggio,3057
fondare,3057
plano,3052
concerto,3051
commento,3049
deciso,3049
addetto,3046
conflitto,3041
nascondere,3039
convergenza,3039
procura,3038
dipendere,3038
altrettanto,3036
denaro,3036
massiccio,3031
delitto,3025
esistenza,3024
assolutamente,3023
distribuzione,3021
rinvio,3018
bandito,3016
esporre,3016
cambio,3015
interrogare,3014
soldo,3013
chiuso,3012
alloggio,3011
sostanziale,3009
figura,3007
sparare,3007
funzionare,3005
tessuto,3004
costante,3000
presentazione,2998
comunicare,2996
formulare,2994
accertamento,2991
vuoto,2990
tutela,2990
indipendente,2990
unire,2989
morto,2988
cattura,2985
profondamente,2985
crescente,2980
appuntamento,2980
inflazione,2979
rivendicazione,2976
inutile,2975
capoluogo,2975
differenza,2973
varare,2973
pubblicazione,2967
santo,2966
nazione,2964
scienza,2964
citare,2962
segnalare,2960
rapidamente,2960
mutamento,2956
potenza,2952
quota,2951
canone,2947
teatrale,2946
rapina,2946
monetario,2946
salare,2946
campania,2946
commissario,2945
lione,2941
recuperare,2939
consiliare,2939
motivazione,2938
1973,2931
peraltro,2930
patto,2929
procedura,2926
malattia,2925
sospendere,2924
attento,2923
estremamente,2920
assistere,2918
televisivo,2918
parco,2917
proclamare,2915
oppure,2915
aspettare,2907
agitazione,2907
tasso,2902
catanzaro,2901
liberare,2900
sospensione,2900
livorno,2899
protestare,2896
indipendenza,2896
bruno,2895
sostituire,2889
appartamento,2886
treno,2885
impossibile,2881
borghese,2880
insistere,2879
incertezza,2872
mozione,2872
tappa,2865
attraversare,2859
ceto,2858
ulteriormente,2858
nucleo,2858
consapevolezza,2856
firma,2848
inferiore,2848
vendere,2848
anniversario,2843
contesto,2842
costare,2842
confederazione,2840
diffusione,2840
astensione,2831
comunitario,2826
padrone,2825
telegiornale,2823
ragazza,2823
guida,2819
ascoltare,2819
ancona,2816
tono,2808
capitalistico,2807
ponte,2803
schieramento,2801
salire,2799
cooperativo,2799
elettrico,2798
rassegna,2795
leader,2791
risparmio,2786
coprire,2785
coltivatore,2785
questura,2777
cinese,2777
personalità,2777
rottura,2774
rigore,2774
spinta,2774
rivoluzionario,2772
migliorare,2765
energetico,2759
prato,2759
equo,2758
luciano,2754
divorzio,2753
imprenditore,2753
avvertire,2752
approfondire,2748
vigilanza,2748
ignorare,2740
greco,2736
socio,2733
povero,2731
espresso,2730
suol,2726
organizzativo,2722
contemporaneamente,2717
penale,2713
interpretazione,2707
preoccupante,2706
volume,2703
bancario,2703
nucleare,2702
rigoroso,2700
tuttora,2699
salario,2697
funzionamento,2695
famoso,2694
esito,2692
cina,2690
banda,2685
riservare,2683
giuridico,2680
salariale,2674
emilia,2667
trarre,2664
ritmo,2663
estivo,2661
militante,2653
svizzero,2653
provvisorio,2647
circolare,2647
solito,2646
dialogo,2645
nominare,2644
impiegato,2641
vigilia,2641
fisico,2638
negozio,2636
scandalo,2634
aiutare,2629
interrogatorio,2623
angelo,2619
mirare,2619
bordo,2618
nuovamente,2616
stipendio,2614
insediamento,2614
aderire,2614
minoranza,2612
difensore,2611
evidenza,2610
validità,2610
ferroviario,2609
ricorrere,2606
fattore,2605
percentuale,2605
espansione,2604
conclusivo,2603
negoziato,2603
madre,2603
dentro,2594
terrorista,2590
convinzione,2588
legittimo,2586
persino,2586
qualificato,2584
distruggere,2583
istruttore,2581
elettore,2581
scritto,2580
trasmissione,2578
africa,2577
successivamente,2575
burocratico,2572
convinto,2572
risoluzione,2572
scaturire,2571
coerente,2568
entrata,2568
sostituto,2566
aldo,2566
isolare,2562
finanziare,2559
puro,2557
rinascita,2557
lettore,2556
generazione,2553
inviato,2550
oriente,2547
soldato,2545
circostanza,2542
ministeriale,2541
località,2540
canale,2540
perdita,2538
riflettere,2537
anziano,2534
aggressione,2533
incremento,2533
studiare,2529
religioso,2529
scioperio,2528
ospitare,2526
lezione,2523
lombardo,2520
smentire,2519
sorte,2517
omicidio,2514
arrivo,2514
america,2510
marca,2510
muro,2505
assurdo,2501
violento,2495
vittorio,2495
cronaca,2492
ideologico,2489
appalto,2488
olio,2487
elenco,2487
originale,2487
spalla,2482
comprensorio,2482
allargare,2481
rivista,2478
emigrazione,2477
capogruppo,2475
tardo,2474
chiave,2474
eseguire,2473
moto,2472
entrambi,2470
convenzione,2465
convocazione,2463
presiedere,2461
1977,2459
doppio,2457
andamento,2457
manifesto,2456
schema,2453
vettura,2452
roberto,2451
rinunciare,2451
trasmettere,2450
aria,2448
repressione,2448
deposito,2448
sostanzialmente,2443
disciplina,2441
uscita,2439
parziale,2438
aderente,2437
sorta,2435
toscana,2435
quinto,2432
fila,2428
acquisire,2426
sospetto,2425
amare,2424
paura,2422
consapevole,2420
malgrado,2417
obbligo,2416
trattamento,2415
ferrovia,2415
nave,2414
diplomatico,2410
partigiano,2406
succedere,2405
conseguente,2405
impiegare,2403
tecnica,2401
epoca,2399
portata,2395
pretore,2395
folla,2394
curare,2394
mandare,2392
consistente,2392
gioventù,2391
qualificazione,2391
merce,2389
articolato,2387
confederale,2386
commerciante,2384
cuore,2382
sacrificio,2380
congiunto,2377
radice,2375
volgere,2373
milan,2372
artista,2369
elevato,2368
incendio,2367
mattinata,2366
istituire,2365
profitto,2365
strato,2364
cone,2363
salerno,2363
pista,2355
ospite,2354
iscrivere,2349
como,2349
istanza,2349
punta,2348
maturare,2348
articolare,2345
classifica,2340
enrico,2336
scrittore,2336
costruttivo,2336
media,2334
programmare,2333
eccezione,2330
viale,2329
petrolifero,2327
promozione,2324
fallimento,2324
medicina,2320
salvo,2318
fascia,2316
statuto,2314
magari,2313
alia,2309
prezioso,2305
estate,2302
sequestrare,2297
svolgimento,2295
telegramma,2294
stasera,2290
volto,2290
ritiro,2289
classico,2289
formale,2287
york,2286
ufficialmente,2283
delibera,2282
padronato,2281
strettamente,2277
esportazione,2277
apprendere,2274
berlinga,2272
scioglimento,2271
saluto,2270
ritirare,2268
fitto,2267
giustificare,2266
compromesso,2264
battuta,2264
sottosegretario,2264
licenza,2259
truppa,2258
rosa,2258
esclusivamente,2258
pienamente,2257
versione,2256
debole,2255
competente,2250
teso,2250
ciclo,2249
testimone,2248
aeroporto,2247
editore,2244
lettura,2242
osservazione,2242
africano,2240
dividere,2239
interpretare,2237
pesare,2236
primario,2232
gettare,2230
testimoniare,2227
tura,2225
gesto,2223
colombo,2223
basare,2222
calabrese,2220
reazionario,2219
colore,2217
ispirare,2217
liberale,2215
discriminazione,2209
rimettere,2208
rapimento,2208
imposta,2208
comandante,2206
venere,2205
pilota,2204
ristretto,2202
montano,2202
silenzio,2200
armare,2199
regolatore,2197
collegiale,2194
propaganda,2193
mosca,2193
dramma,2192
andrea,2192
assicurazione,2190
allarme,2189
diffondere,2188
sole,2188
annuncio,2186
inter,2185
rossi,2184
leva,2183
ferire,2180
delega,2177
soggetto,2176
licenziamento,2176
tirare,2175
siena,2174
continuità,2171
tratto,2169
consumatore,2169
vacanza,2169
tare,2168
esecuzione,2166
raccolta,2165
settimanale,2164
prestito,2164
fianco,2163
traccia,2162
severo,2160
ampiamente,2160
alberto,2159
procedimento,2159
preventivo,2159
indirizzare,2156
secondario,2154
portoghese,2154
pisa,2154
potenziamento,2154
odierno,2153
alternativa,2150
definitivamente,2150
sottoscrivere,2146
organizzato,2143
perseguire,2143
attrezzatura,2136
ferro,2136
multinazionale,2134
lotto,2134
occupato,2133
impostare,2133
speculativo,2133
laboratorio,2132
sicuramente,2132
filo,2131
gravissimo,2130
pressi,2130
apposito,2130
indetre,2129
tiro,2129
cedere,2129
raccontare,2125
affatto,2124
deficit,2122
rispettivo,2121
portavoce,2118
globale,2118
versare,2117
conseguire,2117
togliere,2116
alternativo,2112
spreco,2111
russo,2109
posta,2108
preferire,2102
caduta,2101
collega,2101
causare,2096
pensiero,2095
felice,2093
completare,2090
stamane,2089
dinanzi,2089
presunto,2089
trascorrere,2088
largamente,2085
pesaro,2079
volo,2078
margine,2068
telefonico,2067
collettività,2067
centrosinistra,2066
trama,2065
positivamente,2065
auspicare,2064
spendere,2064
introduzione,2062
impressione,2061
precario,2060
onorevole,2057
sergio,2056
concernere,2056
riaffermare,2055
collocazione,2050
quantità,2049
prestazione,2048
priorità,2046
apporto,2044
scomparsa,2043
tardi,2039
provare,2032
temere,2030
contemporaneo,2030
determinante,2029
giulio,2029
decennio,2028
droga,2026
rafforzamento,2024
titolare,2021
sfruttamento,2018
contestare,2017
fortemente,2016
telefono,2014
padronale,2014
tragedia,2010
normativa,2010
biblioteca,2008
bandiera,2006
bilancia,2000
anna,1998
insufficiente,1997
care,1997
stadio,1996
efficienza,1994
maestro,1992
ombra,1988
salvaguardia,1984
premessa,1979
corporativo,1979
sesto,1972
quindici,1970
marina,1970
caserma,1970
albergo,1970
didattico,1966
cellula,1966
arezzo,1965
ritornare,1961
importazione,1960
equilibrio,1958
esistente,1956
portogallo,1954
interprete,1954
documentazione,1951
taranto,1951
caccia,1948
affitto,1946
emendamento,1946
montagna,1946
torre,1944
determinato,1944
museo,1943
risalire,1940
carne,1940
soccorso,1937
certezza,1936
1972,1934
condotta,1931
saltare,1930
pregiudiziale,1930
organizzatore,1929
identificare,1927
isolamento,1926
orientare,1924
ordinamento,1924
mediante,1923
sfuggire,1923
oggettivo,1921
ordinare,1918
indietro,1916
messa,1915
licenziamente,1915
precedere,1914
osservatore,1913
conservare,1911
fede,1911
distretto,1911
cerimonia,1910
prioritario,1908
prigioniero,1906
calo,1906
soddisfare,1905
specialmente,1904
vento,1903
legislatura,1903
ottimo,1902
abitare,1898
distensione,1897
perfino,1897
tavola,1895
matrimonio,1895
concretamente,1894
figurare,1894
fortuna,1894
ferma,1891
parè,1890
soddisfazione,1889
mafioso,1888
sfruttare,1888
modalità,1885
intento,1885
efficiente,1885
riscatto,1884
anticipare,1884
sangue,1880
artigianato,1880
composizione,1879
onere,1877
braccio,1876
freddo,1876
concetto,1876
leone,1876
comando,1875
assassinio,1874
assessorato,1873
ambasciatore,1872
bonn,1871
predisporre,1871
benzina,1870
pensionato,1870
improvviso,1867
delineare,1866
santa,1866
ordinario,1866
esplosione,1863
clinica,1862
coordinare,1861
opposto,1860
prof,1858
obbiettivo,1857
trasportare,1854
terminare,1854
introduttivo,1850
realmente,1847
salvatore,1846
prestare,1844
lingua,1842
fiore,1841
ettaro,1841
claudio,1839
preoccupare,1838
ateneo,1837
pratico,1834
pioggia,1834
scudo,1832
mauro,1831
attaccare,1831
missione,1829
mediterraneo,1829
opporre,1828
costa,1825
allontanare,1823
benedetto,1823
unanimità,1820
strutturale,1818
niton,1817
confine,1817
nascita,1817
progressivo,1817
ricatto,1816
fiume,1814
anziché,1814
vitale,1811
partecipante,1806
determinazione,1806
eppure,1805
liquidazione,1802
mutare,1801
dittatura,1800
dodici,1800
brescia,1798
colonnello,1798
probabile,1796
automobile,1796
teoria,1796
studentesco,1793
polemico,1790
sindacalista,1788
tramite,1788
criticare,1788
indurre,1786
frattempo,1785
vicepresidente,1783
grosseto,1782
memoria,1781
dissenso,1780
catena,1779
mantenimento,1779
villaggio,1778
debito,1777
fiamma,1777
incidere,1776
martino,1775
giustamente,1775
meritare,1774
legislazione,1774
strappare,1772
potente,1772
italo,1770
rilanciare,1770
misurare,1768
liceo,1767
inquinamento,1766
assolvere,1766
indagare,1765
diminuire,1765
estensione,1765
stanziare,1763
istruttoria,1762
suolo,1761
tavolo,1761
fuggire,1759
tipico,1759
escluso,1756
spostare,1756
amicizia,1754
iscrizione,1753
commettere,1751
studioso,1749
evasione,1749
umberto,1749
1978,1749
strategico,1748
terroristico,1743
torinese,1742
meccanico,1741
salone,1740
svolre,1740
autentico,1739
possesso,1739
unito,1738
concentrare,1737
mobilitare,1736
periferia,1735
oscuro,1735
vescovo,1734
laico,1733
pretendere,1730
assegno,1730
michele,1729
missino,1728
confindustria,1727
turista,1727
distribuire,1725
decisamente,1724
durata,1724
squilibrio,1724
umbria,1724
coerenza,1723
vino,1723
lama,1722
ferrara,1722
riflesso,1721
prevenzione,1721
gian,1720
nemico,1720
seminario,1720
codice,1720
effettivamente,1718
ricoverare,1716
duramente,1715
more,1714
collegio,1713
vincenzo,1711
unificazione,1711
teorico,1709
votazione,1707
spettatore,1707
castello,1705
neanche,1704
rompere,1704
sensibile,1701
statunitense,1701
sorprendere,1700
riconfermare,1700
convincere,1700
individuale,1699
autorizzazione,1699
libanese,1698
gianni,1697
utente,1697
madrid,1696
moneta,1695
assistenziale,1692
praticare,1691
accentuare,1691
collocamento,1690
peggio,1690
stamana,1689
sintesi,1689
latino,1689
commentare,1688
delto,1688
copia,1687
godere,1682
elettivo,1682
appoggiare,1681
consulta,1679
celebrare,1678
pezzo,1677
destro,1676
papa,1673
letto,1672
avvicinare,1669
circolazione,1669
lutto,1668
sperimentale,1667
altrimenti,1666
caldo,1665
inserimento,1664
consolidare,1662
visitare,1661
umbro,1659
renare,1658
dipartimento,1658
borsa,1656
tecnologico,1653
linguaggio,1652
richiamo,1652
percorrere,1649
bruxelles,1647
fallire,1646
regola,1645
volantino,1644
guasto,1644
capitano,1644
taglio,1643
condividere,1643
allargamento,1643
solido,1642
complessivamente,1640
assalto,1640
pacifico,1639
soffermare,1639
crociato,1637
voglia,1637
bosco,1637
spostamento,1636
sciogliere,1636
veneto,1633
pugliese,1633
inquilino,1631
incredibile,1631
poliziotto,1631
generico,1629
stanza,1628
stanziamento,1624
club,1622
licenziare,1622
allenatore,1621
pressoché,1616
udienza,1616
puglia,1615
mafia,1614
retribuzione,1614
dotare,1614
esposizione,1613
essenzialmente,1612
ginevra,1610
telefonata,1610
guido,1610
qualificante,1610
scadere,1610
violazione,1609
emerso,1607
bensì,1605
stradale,1604
alunno,1600
verona,1598
pistoia,1596
autorizzare,1595
dolore,1594
riproporre,1594
scoperta,1593
contrattazione,1593
evoluzione,1593
grecia,1592
reciproco,1592
lino,1591
indubbiamente,1590
pareggio,1590
influenza,1590
direttiva,1589
cammino,1588
contrapposizione,1585
assegnazione,1585
adeguare,1584
conservatore,1582
augurio,1582
confusione,1582
adeguamento,1582
piero,1581
documentare,1580
mattino,1578
taluno,1577
funzionale,1577
celebre,1575
alleato,1574
esplosivo,1572
ognuno,1572
precedenza,1572
latte,1571
perplessità,1571
breznev,1570
sistemazione,1569
marittimo,1569
mobilità,1569
estraneo,1568
mosè,1568
offerta,1567
primavera,1567
perquisizione,1566
confrontare,1566
croce,1565
soggiorno,1564
anzitutto,1564
motore,1561
assassino,1560
salvaguardare,1560
abruzzo,1560
corto,1559
contrastare,1558
frase,1557
copertura,1557
cessare,1554
costruttore,1554
scontare,1553
arrestato,1553
educazione,1552
frontiera,1552
scattare,1550
seggio,1550
sinistro,1548
restituire,1547
passivo,1547
medesimo,1547
inps,1545
marcia,1545
pervenire,1544
accesso,1544
unita,1544
esigere,1542
domenico,1542
psichiatrico,1541
coalizione,1541
riposo,1540
disposto,1538
fronteggiare,1538
connesso,1537
egitto,1535
atleta,1535
britannico,1534
schermo,1533
undici,1532
sbagliare,1532
ordigno,1531
clientelare,1531
alcun,1530
articolazione,1529
acuto,1529
dominare,1527
paralisi,1527
ricostruire,1527
pero,1527
brigata,1525
fermezza,1523
rivedere,1523
progressista,1522
medaglia,1522
elio,1522
rinnovato,1521
razionale,1521
consegna,1519
libano,1518
omaggio,1517
amore,1516
sconfiggere,1516
capitolo,1515
volontario,1515
furto,1514
massino,1514
gioia,1513
insegnamento,1512
jugoslavo,1509
provocatorio,1509
scheda,1508
incapacità,1508
esplodere,1507
modesto,1506
crimine,1505
condizionare,1504
angolo,1503
innocente,1503
sperimentazione,1502
rapitore,1500
colonia,1500
piso,1498
produttività,1498
sano,1496
assembleeo,1496
ambientale,1496
dimostrazione,1494
accennare,1492
ricordo,1491
promotore,1490
cuba,1490
profilo,1489
lavorazione,1488
eccessivo,1487
prestigio,1487
esplicito,1485
collaboratore,1484
cinquanta,1484
calabrio,1483
onore,1481
immobiliare,1481
contempo,1480
limitato,1480
marino,1479
pietra,1479
materno,1479
girare,1477
reagire,1476
spiegazione,1476
portuale,1473
combattente,1471
iniziale,1470
olimpico,1469
autunno,1468
rientro,1467
relatore,1465
trattato,1464
romagna,1464
concentrazione,1463
argentino,1463
maggiormente,1462
qualunque,1462
monopolio,1461
nettamente,1461
circuito,1461
donare,1459
saggio,1459
costume,1459
1970,1456
fondato,1456
semplicemente,1455
anticipato,1455
qualificare,1454
rivelazione,1452
rare,1452
elettronico,1447
gravemente,1446
incaricare,1445
maurizio,1444
postale,1444
biglietto,1444
annullare,1444
borgata,1442
foggia,1441
scaricare,1441
specializzato,1440
avanguardia,1440
chilo,1439
strumentale,1439
tore,1438
reggere,1437
rivendicativo,1437
tetto,1437
anticomunista,1437
natale,1434
opportunità,1434
strano,1433
enzo,1433
record,1432
tesseramento,1430
funerale,1429
abbandono,1428
inevitabile,1426
frequentare,1426
leggero,1424
piemonte,1424
walter,1423
gino,1423
prefetto,1422
mensile,1422
danneggiare,1421
corruzione,1420
editoriale,1419
sollecitazione,1419
consistere,1419
respiro,1419
fibra,1419
clandestino,1418
campidoglio,1417
constatare,1413
arbitro,1413
singolare,1412
cavallo,1412
sancire,1411
lare,1410
aquila,1410
stile,1409
regolamentazione,1408
inaccettabile,1407
protezione,1406
riorganizzazione,1404
vincolo,1404
capitalismo,1404
pasolino,1404
facilmente,1403
implicare,1403
cassazione,1400
limitazione,1399
autonomistico,1399
calendario,1398
disciplinare,1397
interlocutore,1397
fiera,1394
siriano,1393
criminalità,1392
racconto,1392
identità,1391
pittore,1391
marito,1391
cella,1390
finalizzare,1390
tradurre,1389
interazionale,1389
nazista,1389
apparso,1388
approfondimento,1387
analizzare,1387
assise,1387
tappeto,1387
privilegio,1386
regolarmente,1384
imprenditoriale,1384
pisano,1383
valorizzazione,1383
1971,1382
vaticano,1382
stretta,1382
quest,1382
alìe,1382
sostituzione,1381
ostacolare,1381
palla,1380
catania,1379
pluralismo,1378
esatto,1378
bore,1378
inaugurare,1378
intensificare,1378
mancino,1377
gratuito,1377
seriamente,1376
rapinatore,1376
colpevole,1375
terremoto,1375
beneficio,1374
pubblicità,1374
iran,1373
creditizio,1373
dettaglio,1373
unitaria,1372
abusivo,1371
pasquale,1370
tagliare,1369
capigruppo,1369
nastro,1368
annuale,1366
scorta,1365
adozione,1364
conversazione,1363
avventura,1363
detto,1363
entità,1362
parità,1362
idoneo,1362
puntuale,1361
schierare,1361
juventus,1361
golpe,1360
proiezione,1360
autobus,1359
coraggio,1357
integrazionere,1357
ingente,1356
frazione,1355
romanzo,1355
sorpresa,1354
lorenzo,1352
concordato,1352
cipro,1352
carriera,1350
piacere,1350
avellino,1349
agii,1349
civiltà,1347
ricavare,1346
incisivo,1346
togliatto,1345
colonna,1345
ovunque,1344
attualità,1344
fornitura,1344
alessandro,1343
sentimento,1342
siderurgico,1342
friuli,1342
vivace,1340
lombardia,1338
messina,1336
comprensione,1336
cartello,1335
pelle,1334
continente,1333
unanime,1332
miniera,1332
marchigiano,1332
privilegiare,1331
igienico,1330
onda,1329
concorrere,1329
conservatorio,1328
seconda,1327
dopoguerra,1327
mensa,1325
gamba,1325
variante,1325
magazzino,1325
talvolta,1325
insufficienza,1324
rubare,1323
scatenare,1323
biennale,1323
pescara,1322
accento,1322
suggerire,1321
celebrazione,1320
concludare,1320
malato,1319
cliente,1319
notevolmente,1318
cittadinanza,1318
salto,1317
candidatura,1317
diminuzione,1317
jugoslavia,1316
esemplare,1316
timore,1314
altresì,1314
canzone,1313
accelerare,1312
cancellare,1310
contraddittorio,1310
intraprendere,1309
complice,1308
aggiunto,1306
selezione,1306
professionista,1305
tecnologia,1305
calcolare,1304
ampliamento,1303
idrico,1303
separare,1302
minerario,1301
pesca,1300
preoccupato,1298
sottoscrizione,1297
ordinanza,1297
combattimento,1297
motivare,1296
duemila,1296
scomparire,1294
uccisione,1293
augurare,1293
maturità,1292
pcus,1292
autorevole,1292
iter,1291
inquadrare,1290
gallo,1290
qualora,1290
comprensoriale,1290
lamentare,1289
lago,1289
cattivo,1289
policlinico,1289
lancio,1288
tracciare,1287
fedele,1286
isolato,1285
esclusione,1284
santiago,1284
nicola,1284
manzone,1283
ricchezza,1283
evento,1283
espresse,1282
rappresentativo,1282
onesto,1281
colpa,1281
torneo,1281
rincaro,1281
sanguinoso,1280
tranquillo,1280
altezza,1280
tutelare,1279
apertamente,1279
portiere,1277
romeo,1276
assente,1276
spinto,1276
guadagnare,1275
sere,1274
pallone,1272
operato,1272
operalo,1271
monumento,1271
allestire,1271
agro,1270
entusiasmo,1270
corriere,1268
collaborare,1268
mediazione,1268
prospettare,1268
aggiornamento,1267
allievo,1267
dignità,1266
replica,1266
pier,1265
promessa,1265
super,1265
cairo,1265
preannunciare,1262
incerto,1261
unitariamente,1261
operante,1261
tassa,1261
pechino,1260
sedere,1260
associare,1260
nido,1260
quantitativo,1259
sessione,1259
dominante,1258
ciel,1258
salutare,1257
beirut,1257
fantasia,1256
destinazione,1256
serietà,1256
regia,1255
puntata,1253
comparto,1253
galleria,1252
disimpegno,1251
patria,1250
panorama,1249
dettare,1248
impegnativo,1248
accumulare,1247
atmosfera,1247
avanzata,1247
fame,1247
abbattere,1247
serrato,1246
periferico,1246
berlino,1245
basato,1244
tribuna,1243
applauso,1242
luca,1242
finestra,1242
fatica,1242
enel,1242
gramscere,1241
indice,1241
trascinare,1240
eliminazione,1239
politicamente,1238
aviv,1238
bozza,1237
neofascisto,1236
aspirazione,1236
cadavere,1236
rispettivamente,1236
vincitore,1235
polacco,1235
alare,1234
logico,1234
distruzione,1234
calare,1233
fisso,1233
interruzione,1232
lana,1231
perfetto,1230
interamente,1228
vicenza,1228
prare,1227
fano,1227
borghesia,1227
viareggio,1226
svalutazione,1225
spunto,1225
potenzialità,1224
rigido,1223
parente,1223
uguale,1223
giapponese,1221
percorso,1221
liquidare,1221
formulazione,1219
velocità,1219
rotondo,1219
maestranza,1219
anonimo,1216
stabilità,1214
rumo,1212
assassinare,1212
zero,1211
coppia,1211
turco,1211
sereno,1210
fondazione,1210
ispirazione,1210
giocar,1208
destino,1208
divergenza,1208
traguardo,1207
interrompere,1207
angola,1206
ingegnere,1205
individuo,1204
sparatoria,1204
efficacia,1204
ripercussione,1203
dibattire,1202
sottrarre,1201
erogazione,1200
dalia,1198
crollo,1197
settimo,1196
ideologia,1195
premere,1195
teppista,1193
riva,1193
brindisi,1193
caos,1192
riunito,1191
orientale,1190
esattamente,1189
ripartizione,1189
associazionismo,1188
clientela,1187
longo,1187
finalità,1187
delegare,1187
fondamento,1186
cantante,1185
indetta,1185
moderato,1185
bolognese,1185
scandaloso,1185
obbligare,1185
ferroviero,1184
terribile,1183
egiziano,1183
triennale,1183
berlinguer,1181
disputare,1180
sdegno,1179
duecento,1179
fontano,1179
emarginazione,1179
sfiducia,1179
insider,1179
elevare,1178
polonia,1178
jazz,1178
esaurire,1178
barca,1178
pacchetto,1178
consolidamento,1178
repressivo,1177
ferraro,1176
equivoco,1176
assunta,1176
riqualificazione,1175
batte,1175
anticipo,1175
sfilare,1174
potenziale,1174
pretesto,1172
giacomo,1169
intervenere,1169
ambrogio,1169
riaprire,1169
parecchio,1167
manodopera,1165
mutui,1164
preavviamento,1164
soffrire,1163
sandro,1163
legno,1163
giardino,1162
indetto,1162
rettore,1162
sogno,1161
ondata,1160
forestale,1160
covo,1159
riscontro,1159
definitiva,1157
navale,1156
cancello,1156
padova,1153
stimolare,1153
brutto,1151
previsto,1150
sindone,1149
giustificazione,1148
pore,1148
cardinale,1148
basilicata,1148
manifestazionere,1146
trascurare,1146
diretta,1145
lavorativo,1144
slogan,1144
violare,1143
psicologico,1143
conservazione,1143
emersa,1143
restauro,1143
debolezza,1142
eletto,1142
aggredire,1141
pretesa,1140
feria,1140
incapace,1139
scalo,1138
precisazione,1137
cesare,1137
polo,1136
specialista,1135
lottizzazione,1135
utilità,1135
emancipazione,1133
abolizione,1133
promettere,1133
radiotelevisivo,1132
cubano,1132
aggregazione,1131
dinamica,1130
anello,1129
lirico,1129
giappone,1129
perizia,1128
annuo,1128
approfittare,1128
integrare,1127
automobilistico,1125
ammontare,1125
marxista,1125
ambasciata,1124
varese,1123
bretagna,1123
petrello,1122
divieto,1121
imminente,1120
veicolo,1120
evidenziare,1120
completamento,1119
arretrato,1118
sensibilità,1117
giancare,1116
rione,1116
umbrio,1116
esclusivo,1115
armamento,1115
giallo,1113
belga,1113
bere,1113
notturno,1112
precipitare,1111
paralizzare,1111
salvezza,1111
irresponsabile,1111
maglia,1110
credibilità,1110
indiscrezione,1110
residente,1109
carlos,1108
illusione,1108
necessariamente,1108
domicilio,1108
cosenza,1108
vetro,1105
riscontrare,1105
costituente,1105
lisbona,1104
utilizzo,1104
differente,1103
previdenziale,1103
massima,1103
autostrada,1102
genoa,1102
concepire,1102
esplicitamente,1102
coltura,1102
sfida,1101
contingenza,1101
privare,1101
accrescere,1100
approfondito,1100
proletario,1099
concorrenza,1098
esperimento,1098
apportare,1097
consistenza,1097
simbolo,1097
vietare,1097
pane,1096
bacino,1093
nere,1093
tifoso,1092
abbigliamento,1091
contestazione,1090
vano,1090
chimica,1090
immobile,1089
olandese,1088
valorizzare,1088
ricreativo,1088
piazzale,1087
drastico,1087
letterario,1087
paletto,1086
jeans,1086
farmaceutico,1085
benin,1085
acquisizione,1084
bimbo,1083
parma,1083
astenere,1083
questore,1083
mito,1081
indennità,1080
frequente,1079
circondare,1079
graduatoria,1079
moda,1078
individuazione,1077
retributivo,1077
pinochet,1077
puramente,1076
ostaggio,1076
spiaggia,1076
coniuge,1075
dente,1074
intermedio,1074
inadempienza,1073
diversità,1073
passeggero,1073
spoleto,1073
bilaterale,1072
amministrare,1072
residuo,1070
agevolare,1070
soddisfacente,1069
proroga,1069
investigatore,1069
consiliario,1069
dipendenza,1068
caserta,1068
tematica,1065
genovese,1064
bagno,1064
appassionato,1062
manutenzione,1062
stamano,1062
ripetutamente,1061
luisa,1061
asta,1061
giuliano,1060
sconcertante,1059
marcare,1059
importare,1058
caio,1058
frattura,1057
sessanta,1056
dimettere,1056
insegna,1056
siro,1055
zucchero,1055
sottovalutare,1054
prevalentemente,1054
trieste,1054
ugualmente,1054
sbloccare,1054
grazia,1053
instaurare,1052
rappresentazione,1051
intere,1051
misterioso,1050
cane,1050
probabilità,1049
settoriale,1049
lento,1049
asile,1048
esaltare,1047
pervenere,1046
importo,1046
depositare,1046
suonare,1046
automatico,1046
consumare,1045
rinvenere,1045
imperialismo,1044
solamente,1044
molteplice,1044
vine,1044
rivolta,1043
realistico,1043
qualifica,1043
chiunque,1043
valuta,1043
imponente,1040
clan,1040
ovest,1039
neofascista,1037
facilitare,1037
argomentazione,1036
1969,1035
detenere,1034
berto,1034
egemonia,1032
sintomo,1032
democratizzazione,1030
intreccio,1029
convenire,1029
quaranta,1028
possedere,1028
ridotto,1027
rendita,1027
incidenza,1027
abuso,1027
supremo,1026
programmato,1026
verbale,1025
pistoiese,1025
sindacare,1024
sconto,1024
terre,1024
brasile,1023
capitare,1022
istruttorio,1022
urna,1022
paziente,1022
raggio,1022
pittura,1021
musicista,1021
poeta,1021
marxismo,1021
ferroviere,1019
varo,1019
andreotto,1019
integrativo,1018
prevalere,1018
ampiezza,1017
bruciare,1017
emiliano,1016
maturo,1016
calcolo,1016
gravare,1015
rimuovere,1015
stimolo,1015
rinchiudere,1015
altrove,1015
argentina,1014
sosta,1014
stroncare,1013
separazione,1013
associativo,1013
arricchire,1011
aden,1010
prescindere,1009
igiene,1009
montecitorio,1009
peggiore,1009
tributario,1008
montana,1008
pdup,1008
infanzia,1007
contenimento,1007
amento,1007
presidenziale,1006
scoppiare,1006
allenamento,1006
piazzare,1006
nato,1006
stipulare,1006
ramo,1006
distinzione,1006
desiderare,1006
oratore,1005
comodo,1005
disastroso,1004
ferrare,1003
aires,1003
congressuale,1003
pesce,1003
agostino,1002
saigon,1002
intrecciare,1002
cook,1002
folto,1001
scioperare,1001
adoperare,1000
animo,1000
stefare,1000
periodico,1000
scarico,1000
tendente,999
accademia,999
rovesciare,998
filippo,998
esposto,998
svolto,998
prefettura,997
pozzo,997
ampliare,997
disavanzo,997
proporzione,997
prigione,996
arare,996
bottiglia,995
leccia,995
renzo,995
ararat,995
ammissione,994
bravo,994
suggerimento,994
tenuta,993
ebbene,993
squadrista,991
collo,991
riapertura,991
letteratura,990
difensivo,990
borgo,990
minatore,989
professionalità,989
rapire,988
preliminare,988
incolto,988
splendido,987
presidio,987
ennesimo,985
passione,985
disgregazione,985
lochereo,985
personalmente,981
truffa,980
barone,980
benvenuto,980
ottimismo,979
unite,979
unificare,978
domandare,977
nuoro,976
pere,976
ternano,975
orchestra,974
asso,973
approntare,972
nessuna,972
mores,972
giannetto,972
pasto,971
potenziare,971
stragrande,970
accademico,970
intervenuto,970
handicappato,969
costantemente,969
belgio,969
inquietante,968
nare,968
macario,968
sopravvivenza,968
difficilmente,968
animale,968
girone,968
totalmente,967
chiarimento,967
superficie,966
iacp,966
match,963
paio,963
toro,963
municipale,962
quintale,962
relativamente,962
bocca,961
preside,960
mutua,959
convivenza,958
cemento,958
schio,957
complessità,957
carro,956
distacco,955
confezione,955
valutario,954
permanenza,954
giungare,953
ponere,953
sene,952
compreso,952
descrivere,952
antifascisto,951
prevedibile,951
innovazione,950
spezzare,950
elettorato,950
anticipazione,950
sbagliato,950
sottufficiale,949
situare,949
dettagliato,948
lucca,948
perfettamente,947
separato,947
berlingo,946
filosofia,946
speculatore,946
accendere,945
dibattere,945
finanziaria,944
coincidenza,944
competizione,944
consultore,944
insegnare,943
irrigazione,943
disordine,943
sistemare,942
traù,942
raccordo,942
aggirare,941
prestigioso,941
ambiguità,941
qualitativo,940
capitolino,939
coincidere,939
regio,939
sanzione,938
detenzione,938
agio,938
poesia,936
slamo,936
rocco,935
cino,935
fiumicino,934
frenare,933
core,933
indomani,933
svedese,932
professione,932
thiese,932
scatto,931
includere,930
resistere,930
atlantico,930
tanno,930
ugoo,929
lieve,929
colpito,929
coraggioso,929
adatto,929
vorrebbero,929
perire,929
intollerabile,928
risparmiare,928
guerrigliero,927
disastro,927
pino,927
recessione,926
fotografia,926
equilibro,926
reclamare,925
stella,925
compatto,925
infrastruttura,925
conducere,924
slancio,924
apprezzamento,924
centrare,923
ricovero,923
zootecnico,922
vestire,922
palo,921
sfera,921
ballo,921
gusto,921
grano,921
olanda,920
illegale,920
volante,918
ovvio,918
senese,918
ingrano,918
eversione,917
umanità,917
ritardare,917
terrore,916
pattuglia,916
precisione,916
trentina,915
juke,915
generare,915
acciaio,915
pirello,914
dino,914
governatore,913
punizione,913
investa,913
apprezzare,913
mistero,913
scoperto,912
impossibilità,911
saldo,911
assistente,910
inghilterra,910
secco,909
segnale,909
commessa,909
telefonare,908
veloce,908
boss,908
comunisto,908
farmaco,908
ripetuto,907
smentita,907
nino,907
alba,907
graduale,906
eludere,906
indire,906
marcello,905
animare,905
raro,905
pullman,905
giulia,905
rilevanza,904
ricoprire,904
offensiva,903
indiscriminato,903
affiancare,903
stro,902
sudafricano,902
etiopico,902
laziale,901
educativo,901
eugenio,899
foglio,897
dibattimento,897
ricadere,897
tito,896
travagliare,896
petroliero,895
concorrente,895
sollecita,895
discussi,894
carrara,894
ripartire,893
mitra,893
obbligatorio,893
formalmente,892
mozambico,892
tire,891
indiano,891
monaco,890
proiettare,890
acquedotto,890
sovranità,889
provocatore,889
benché,889
ravenna,889
fermamente,889
corrispondenza,888
modificazione,888
figliala,888
alzare,887
prete,887
bossi,887
giunto,887
rubrica,886
malfatto,886
stringere,886
allarmante,886
austerità,886
seppure,886
progettazione,885
pausa,884
principalmente,884
maresciallo,884
combattivo,883
centrocampo,883
proiettile,883
assunte,883
mercantile,883
occidente,883
impulso,883
raggiungimento,882
sebbene,882
mentale,882
diramare,881
sorella,881
principe,880
stagionale,880
sostenitore,879
tredici,879
improvvisamente,878
disperato,878
originario,878
autoritario,877
emilio,876
robert,876
assorbire,876
officina,875
conferire,875
petizione,875
apprestare,873
civico,873
guadagno,873
riccardo,873
sessuale,873
immaginare,872
problematica,871
rito,870
tali,870
renault,869
comprensibile,869
stesura,869
valenzio,869
accettabile,867
hotel,867
primato,867
designare,866
controparte,866
vire,865
doppler,865
ucciso,864
condizionamento,863
normativo,863
cnel,863
pole,863
gola,861
duplice,861
ascolo,861
omogeneo,860
fabbro,860
mangiare,860
capello,858
eventualità,858
accorgere,858
residenza,858
veneziano,857
segnalazione,855
conduzione,855
castro,854
difetto,853
pluriennale,853
corea,853
zootecnia,852
insediare,852
dannoso,852
consultare,852
continuamente,851
incaricato,851
collina,851
gentile,851
pubblicamente,850
vanificare,850
tortura,849
tempestivo,849
oggettivamente,849
belgrado,848
complicità,848
vito,848
medicinale,848
veste,848
firmatario,848
inammissibile,848
erogare,848
deliberare,848
unilaterale,848
replicare,847
gianfranco,847
travolgere,847
salma,847
permanere,847
attrezzare,846
insostenibile,846
tacere,845
siria,845
mezzadria,845
deposizione,844
concretizzare,844
implicazione,844
ventina,843
deliberazione,843
architetto,843
sinora,843
tenda,843
leonardo,842
decennale,842
raere,841
selvaggio,840
attenere,840
rocca,840
cancelliere,839
eire,839
premier,838
gabinetto,838
permesso,837
cacciatore,837
finché,836
proteggere,836
tentazione,835
avis,835
darè,834
inadeguare,834
monza,833
massacro,832
latitante,832
atletica,832
residenziale,831
intitolare,831
tremila,830
intelligenza,830
raccolto,829
vare,829
interpellanza,829
condoglianza,828
verrebbe,828
restrizione,827
rilascio,827
commedia,826
accenno,826
pomodoro,825
sposare,825
smith,825
deserto,824
anconare,824
trecento,824
terremotato,824
sappia,823
indettare,823
emozione,823
conte,823
sconosciuto,823
matrice,822
cipe,822
aggiornare,822
bonifica,822
portoghesi,821
sacro,821
bernardina,821
clientelismo,820
pescatore,819
binario,819
striscione,819
derby,819
stupefacente,819
immenso,818
fascicolo,817
abruzzese,817
sedici,817
pulizia,816
esteso,816
lucio,816
levare,815
congiunturale,815
tregua,815
viola,814
scienziato,814
rinuncia,814
distinguere,813
consigliare,813
pantalone,813
promozionale,813
misto,812
dario,812
dialettica,812
variazione,811
giovare,811
sufficientemente,811
censura,810
azionista,810
incentivo,810
sopralluogo,809
pianificazione,809
sensazione,809
molo,809
monopolistico,809
degradazione,809
doveroso,808
contingente,808
mini,808
imboccare,808
incriminare,805
offensivo,804
breda,804
pugno,803
agnello,803
comprare,803
emissione,803
estasino,802
ello,802
flusso,802
prio,802
imputare,801
revocare,801
rimino,801
neve,801
profondità,800
adendolo,800
incoraggiare,800
cordoglio,799
tenace,799
aperti,799
architettura,799
algerino,799
rabbia,798
negativamente,797
trapano,797
disco,796
cgilcisl,796
nelson,796
scoppio,795
irruzione,795
inevitabilmente,795
fallo,795
distorsione,795
pianta,795
ribalta,794
caloroso,794
coda,793
flessione,793
altamente,793
usufruire,793
nuoto,792
cacciare,792
raffaela,791
diare,790
hong,790
benevento,790
basco,790
mutuo,789
intatto,789
allorché,789
litorale,789
ripristino,788
coro,788
guaio,788
grasso,788
mortale,787
attino,787
integrale,786
fraterno,786
pasta,786
faro,786
brillante,785
abolire,785
spontaneo,785
ottica,785
monocolore,785
tessera,784
sopportare,784
viaggiare,784
accagliai,784
concorde,783
marginale,783
camion,783
registrazione,783
austriaco,783
mero,783
urbino,783
penetrare,783
funzionalità,783
attivamente,782
premiare,782
dossier,782
sciagura,782
punire,782
empolo,782
illecito,782
grafico,782
ungherese,781
fresco,781
profilare,781
incentrare,781
inefficienza,780
desiderio,780
richard,780
ines,780
gamma,780
volare,779
fabbisogno,779
montare,779
procurare,779
sfratto,779
constatazione,778
plare,778
compromettere,778
ossia,778
alibi,778
maternità,778
riserbo,777
adriatico,777
versa,777
ella,777
ratto,777
emanare,776
cucina,776
legittimità,776
configurare,774
inerzia,773
antifascismo,773
feroce,773
risolgere,773
bollo,773
gomma,773
ristorante,772
ghetto,772
sistematico,772
delio,772
indizio,770
ventura,770
caduto,770
compenso,770
cedimento,770
tattica,770
mere,769
colpe,769
sacco,769
discutare,769
prassi,768
presidiare,767
simpatia,766
ruota,766
litro,766
coloniale,766
sospettare,765
david,765
post,765
assunto,765
cascina,765
clientelario,764
correggere,764
fotografico,764
modena,764
dominio,764
consecutivo,764
festivo,764
tauro,764
parzialmente,764
archivio,763
scomparso,763
pubblicitario,762
piana,762
brasiliano,762
compagine,761
archeologico,761
diga,761
demo,761
sperimentare,760
semmai,760
temporaneo,759
freno,759
ammodernamento,759
stand,759
agricoltore,758
tasca,757
esploso,756
razione,756
sorveglianza,756
albero,755
veduta,755
tentato,755
terma,754
tino,754
delusione,754
vigente,753
fallimentare,753
discutibile,753
mutamente,753
affetto,753
municipio,753
intimo,752
lesione,751
forzare,751
pastore,751
pretestuoso,751
bergamo,750
tela,750
custodia,750
restrittivo,750
latina,750
trento,749
abitativo,749
espulsione,749
lentezza,748
martini,748
lusso,748
cesena,748
reclusione,747
tattico,747
portante,747
destare,747
letteralmente,746
modulo,746
certificato,746
mestiere,746
viterbo,745
parecco,745
associato,745
moltiplicare,745
rifornimento,745
cenno,744
mansione,744
drammaticità,743
unitare,742
catturare,741
pare,741
comprensore,741
spedire,740
estremista,740
ridimensionamento,740
lomé,740
prevalente,739
dinamico,739
simone,739
addis,739
precisamente,738
riequilibrio,738
impressionante,738
insistenza,738
tonnellata,737
diversamente,737
giornalistico,737
inventare,737
arretrare,737
ricercatore,737
diversificazione,737
paggio,737
alone,737
george,737
damasco,736
iraniano,736
apere,736
indiretto,736
aspettativa,736
dote,736
tenore,736
greggio,735
comincare,735
ostia,735
giordare,735
puntualmente,734
brano,733
candidare,733
inte,733
confederante,733
emittente,733
frequenza,733
gridare,732
carbone,732
cervello,732
riparazione,732
incendiario,731
recepire,731
sottoscritto,731
carburante,730
maltempo,730
ridimensionare,729
riformatore,729
frontale,729
obiezione,729
filiale,729
ricordere,728
risanare,728
maschile,728
inversione,728
progettare,727
risalto,727
ridare,727
urbanistica,726
saldare,726
provveditorato,726
purché,725
assurda,725
agevolazione,725
strumentalizzazione,724
dialettico,724
fucile,724
anso,723
concentramento,723
ingiustizia,723
malgoverno,723
malcontento,722
cielo,722
monopolo,722
inadeguatezza,722
sorprendente,721
arno,721
connessione,721
colmare,721
silvio,720
virtù,720
amaro,720
1967,720
bianconero,719
rivalutazione,719
propagandistico,719
revoca,719
emergente,719
redattore,718
frana,718
belize,718
scudetto,717
mezzadro,717
errato,717
calma,717
diecimila,716
influire,716
triste,716
invio,716
eventualmente,716
trasferta,716
affollare,715
suddetto,715
augusto,715
camilla,715
cantare,714
intransigenza,714
imparare,714
transizione,714
mosso,713
altronde,713
onde,713
laburista,713
busta,713
aretino,713
ringraziare,712
affacciare,712
ambiguo,711
risiedere,711
vallo,711
cessione,711
ignoto,711
danza,711
maturazione,711
gromo,710
ferita,710
incominciare,710
varsavia,710
turchia,710
concretezza,709
tago,709
imputazione,708
messico,708
accettazione,708
terni,708
ecclesiastico,707
serrare,707
marx,707
1968,707
coltivare,706
innanzi,706
problematico,706
stampare,705
carcerario,705
conoscitivo,705
distorto,705
baracca,705
panico,705
turbare,704
uscente,704
emanuele,704
degno,704
lauda,703
stavolta,703
riservato,703
cortile,702
precedentemente,702
predisposto,702
aggravamento,701
bollettino,701
visitatore,701
automezzo,701
spirale,701
calciatore,701
indubbio,700
emarginare,700
testata,699
seme,699
invadere,699
esportare,699
extraparlamentare,698
emblematico,698
regina,698
apparentemente,698
ascoli,698
etere,698
artigianale,697
rapidità,697
ingerenza,697
soppressione,697
vietnamita,696
dotazione,696
malvivente,696
mino,696
giungla,696
nudo,695
animazione,695
tevere,695
perù,695
trionfo,694
pendolaro,694
ricostituzione,693
barriera,693
inverno,693
eroe,692
alimentarista,691
abitato,691
abrogazione,691
crotone,691
razionalizzazione,691
duomo,690
pesantemente,690
continuazione,690
pretura,690
ecologico,690
rhodesia,690
agnelli,689
piemontese,689
sconvolgere,689
buttare,688
quart,688
centralità,688
autocritico,688
gravidanza,687
cumulo,687
anarchico,686
colle,685
mentalità,685
sanare,685
agguato,685
milizia,685
annunciato,684
riassetto,684
immobilismo,684
metropolitano,684
fusione,683
miseria,683
ingiustificato,683
intimidazione,683
forno,683
crollare,682
padiglione,682
carrello,682
cantina,681
calibro,680
solenne,680
caricare,680
vantare,680
apparecchio,680
quesito,680
solare,680
parassitario,679
svoltosi,679
statistica,679
rimedio,679
vistoso,679
lucchese,679
registro,678
rinvii,678
inaugurazione,678
abituare,678
investere,678
comitare,678
cinquecento,677
gaetare,677
malessere,677
credibile,676
vergognoso,676
strumentalizzare,676
universale,675
sunia,675
occupante,675
romani,674
almirante,674
abile,674
ristabilire,674
fabbricazione,674
dito,673
mira,672
costoro,672
berno,672
sesso,672
sfondo,672
trofeo,671
eredità,671
ales,671
viaggiatore,671
uisp,671
prolungare,670
antidemocratico,670
versamento,670
cere,670
esposta,669
processuale,669
intelligente,669
reperire,669
lenin,669
bottega,668
vitalità,668
palestina,668
scontrare,667
identico,667
socialmente,667
mascherare,667
alimento,667
competere,667
amichevole,666
previdenza,666
respinto,666
sparire,666
inerente,666
avallo,666
inadeguato,666
abbandonato,666
tatto,666
attribuzione,665
proponere,665
acli,664
faticoso,664
gazzetta,664
molise,664
menta,664
palermitano,663
carente,662
interministeriale,662
stima,662
canada,662
campano,662
adeguatamente,661
accedere,660
incalzare,660
astratto,660
subalterno,660
delinquenza,660
generalizzato,659
staccare,659
varietà,659
foresta,659
esodo,658
confuso,658
chiarimente,658
talmente,657
fulc,657
radicalmente,657
metano,657
esecutore,656
insediamente,656
quadrato,656
ricorrente,656
mezzanotte,655
identificazione,655
spettacolare,655
esasperare,655
assumare,655
seveso,655
stamattina,654
elicottero,654
corrado,654
supporto,654
centomila,653
adriare,653
arretratezza,653
controllato,653
cabina,653
razzista,653
ovvero,653
complotto,652
privilegiato,652
meta,652
provveditore,652
asse,652
elea,652
espressi,651
carno,651
rimandare,650
concedare,650
casuale,649
accreditare,649
industrializzazione,649
laddove,648
fénis,648
datore,648
anticomunismo,648
creativo,648
commando,647
consolare,647
indifferente,647
direttrice,646
egiziare,646
montedinovo,646
decimo,646
amnistia,646
approvvigionamento,646
settentrionale,645
compiuto,645
congiuntura,644
sviluppato,643
novara,643
discusse,643
gestore,643
preferenza,643
loggia,642
cerca,642
equipe,642
vincolare,642
tabella,642
attentatore,641
deporre,641
rendimento,641
avvenere,641
disarmo,641
piceno,640
magno,640
scarcerazione,640
avvalere,640
colossale,640
salotto,640
giallorosso,639
installare,639
ristrutturare,639
circoscrizionale,639
ostilità,639
specializzazione,639
tollerare,638
occorso,638
maschio,638
galileo,638
pelliccia,638
vincente,637
tranquillità,637
killer,637
scongiurare,637
preparato,636
buio,636
censimento,636
vocazione,636
soffocare,636
commosso,635
giornare,635
irregolarità,635
preparatorio,635
espressivo,635
combustibile,634
genovare,633
raddoppiare,633
scandale,633
alquanto,633
automobilista,633
indiziare,632
bell,632
ambizione,632
parcheggio,632
libreria,632
romania,631
replico,631
laburisto,631
autista,630
rappresaglia,630
inoltrare,630
sommario,630
gatto,629
invasione,629
gennaro,629
rassegnare,629
pressante,629
generoso,628
biscaglia,628
subordinare,628
totalità,627
contrare,627
devastare,627
elencare,627
condotto,627
industrializzato,627
pastorale,626
sfiorare,626
berzo,626
atomico,626
puntano,626
penitenziario,625
indipendentemente,625
farmacia,625
tranne,624
economista,624
brutale,624
libico,623
ario,623
gerarchia,623
azionario,623
extra,623
patriote,622
alessio,622
contribuente,622
solidale,621
imposizione,621
differenziazione,621
bolzano,621
estrazione,621
accontentare,621
pecciolo,620
eteo,620
dilettante,620
riempire,620
cordiale,619
listo,619
preporre,618
necessita,618
formativo,618
scià,617
cruciale,617
lancia,617
distinto,617
meridione,617
ostile,616
spiccare,616
cosciente,616
circo,616
disfunzione,616
dizione,616
generalmente,616
etiopia,616
frattanto,615
cartellone,615
irap,615
equilibrato,615
ipotizzare,615
cinquemila,614
riferare,614
prelevare,614
oltretutto,614
approdare,614
paul,614
infortuno,614
federbracciante,614
ratificare,614
presupposto,614
svezia,614
spezia,613
processare,613
lussemburgo,613
albo,612
idealo,612
rechare,612
infortunio,612
anpi,611
posteriore,611
agevolato,611
ladri,611
adulto,611
monsignore,611
tempestivamente,611
fondiario,611
interverre,611
andranno,610
liquido,610
mass,610
sale,610
attenuare,610
ancorare,610
ripensamento,609
enza,609
savona,609
panasso,609
requisito,609
consultivo,609
fretta,609
natta,609
saudito,609
accordare,608
scioperano,608
risolto,608
palco,607
confondere,607
svizzera,607
pandolfi,607
convoglio,607
risentire,607
unitamente,606
integrato,606
piegare,606
unificato,606
pericolosità,606
immigrato,606
luna,606
ligure,605
miracolo,605
sporco,605
rumore,605
parete,605
nuto,605
piombino,605
accurato,604
manuel,604
algeria,604
localizzazione,604
sila,603
rintracciare,603
coltello,603
traverso,603
hanoi,603
brigatista,602
inquadramento,602
pellegrino,602
permangere,602
pulito,602
tennis,602
lavorio,602
avvenuto,601
afflusso,601
rossoblu,601
vinicio,601
soddisfatto,601
rurale,601
caratteristico,600
cava,600
manovrare,599
riversare,599
fumo,599
pongere,599
terapia,599
chio,599
conco,599
clemente,598
avanzamento,598
stralcio,598
specificare,598
1500,597
vadano,597
sampdoria,597
coperto,597
sintetizzare,597
tremendo,596
inesistente,596
agonistico,596
frosinone,596
michela,596
riparare,596
riordino,596
bonifacio,596
capillare,595
variare,595
editoria,595
convincente,595
caotico,595
campeggio,595
liguria,594
palio,594
rispecchiare,594
perduto,594
rotta,594
divario,594
udio,594
fertilizzante,594
aggressore,594
coinvolgimento,594
sportello,594
siemens,594
matto,593
sotterraneo,593
balletto,593
ripristinare,593
colono,593
costoso,593
raduno,593
asilo,592
ricoverato,592
cante,592
sommare,592
mamma,592
silvare,592
indicativo,592
meccanica,592
commercializzazione,592
perito,591
rapito,591
allevatore,591
gigantesco,591
dette,591
lodè,591
itro,591
attimo,590
verrebbero,590
scosso,590
esemplo,590
rispondente,590
fondatore,590
turo,590
aida,589
alea,589
equipaggio,589
confagricola,589
rifare,589
torare,589
specchio,589
sociosanitario,589
corridoio,588
sopravvivere,588
giovanne,588
fetta,588
esasperazione,587
capolista,587
aggancio,587
confluire,586
corona,586
esordire,586
madama,586
inflazionistico,586
religione,586
avallare,586
domestico,586
cartella,585
interferenza,585
comunismo,585
economicamente,584
resa,584
ragionevole,584
ciclismo,584
ricognizione,584
bottino,583
affidamento,583
aeronautica,583
pronostico,583
abitudine,583
francobollo,583
infermiere,583
manifestante,582
innovatore,582
adibire,582
atteggiamente,582
prendare,582
requisitoria,582
sguardo,581
dittatore,581
kennedy,581
prosa,581
mutato,581
informativo,580
incendiare,580
coll,580
mutualistico,580
assicurativo,579
spogliatoio,579
anic,579
insostituibile,579
magistrale,579
proficuo,579
vile,578
sasso,578
fama,578
addietro,578
corridore,578
esercento,578
trentennale,578
del',578
gigante,578
foro,577
romeno,577
cessazione,577
diplomato,577
deterioramento,577
cautela,576
affondare,576
cassetto,576
distributivo,576
reno,576
commissariato,576
temperatura,575
utenza,575
dicevamo,575
alluvione,575
peter,575
scambiare,574
palma,574
scritta,574
golfo,574
ollo,574
argano,574
parero,573
mossa,573
oramai,573
sara,573
indirettamente,573
accuccio,573
tossico,573
pavimento,573
venturo,573
sacrificare,573
arduo,573
cuto,573
deludente,572
rivincita,572
figlia,572
cauto,572
indette,572
mediorientale,572
accorrere,571
camminare,571
scia,571
pregiudizio,571
avolo,571
differenziare,571
bresciano,570
cieco,570
multa,570
antiterrorismo,570
pubblichiamo,569
atene,569
locazione,569
barese,569
piscina,569
modenare,568
lacerazione,568
giuria,567
macchinario,567
redatto,567
esportatore,567
bare,567
test,567
malavita,567
cristina,567
approccio,567
agrigento,567
irrinunciabile,566
ingrosso,566
incrementare,566
petrolchimico,566
integrità,566
dante,566
descrizione,565
targa,565
henry,565
invocare,565
romagnolo,565
garibaldo,565
decretare,565
apprezzabile,565
precarietà,565
rimborso,565
rapinare,565
forestazione,565
riproponere,565
arabia,565
stalin,564
siglare,564
canadese,564
flotta,564
ernesto,564
attentamente,563
lucido,563
competitivo,563
diciotto,563
marchio,563
pubblicizzazione,563
realismo,562
preda,562
decedere,562
riparo,562
influenzare,562
quell,562
anzianità,561
imitare,561
intransigente,561
libare,561
pauroso,560
spedizione,560
fante,560
scavare,560
inedito,560
profugo,560
riassumere,560
rivera,560
1979,560
ottavo,559
sconfitto,559
traduzione,559
bombardamento,559
passaporto,558
dovuto,558
sortita,558
calore,558
quinquennale,558
esistare,557
agitare,557
corno,557
raccolgere,557
prevenire,557
significhere,556
scontato,556
federico,556
transitorio,556
aspro,556
pineto,555
improntare,555
dissesto,555
nesso,555
carovita,555
squallido,555
geografico,555
clinico,555
percepire,555
mons,554
ciad,554
ferdinare,554
marine,553
spia,553
quotidianamente,553
composto,553
doloroso,553
udine,553
cagliaritano,553
cimitero,552
documentario,552
tano,552
tese,551
culminare,551
bracciantile,551
stimolante,551
riscaldamento,551
2000,551
regolamentare,551
funebre,550
vienna,550
algere,550
nettezza,550
bellezza,550
fabio,550
seminare,549
giacché,549
graziano,549
anacronistico,549
orlare,549
diffidenza,549
elle,549
ripropone,548
catalogo,548
tradire,548
parto,548
tronto,548
festività,548
regalo,547
accente,546
intensità,546
respintare,546
designazione,546
moralizzazione,546
specialità,546
curva,545
ternana,545
collezione,545
aosta,545
riconferma,545
rossonero,545
imprimere,544
appare,544
esibire,544
retrivo,544
bente,544
aliare,544
drammaticamente,543
alino,543
abusivismo,543
irare,543
manicomio,543
sicché,542
sottile,542
suicidio,542
zaire,542
normalità,542
concomitanza,541
intendare,541
atterrano,541
rita,541
esibizione,541
ricondurre,541
citazione,541
vendetta,541
provenienza,541
ferie,540
stendere,540
sapore,540
attestare,540
eros,540
giustificato,539
botta,539
mappa,539
confessare,539
angela,539
raggiunto,539
disperazione,538
australia,538
parametro,538
ultimare,538
particolareggiato,538
svoltoso,538
venutare,538
cecoslovacco,538
legalità,538
matteo,538
ultima,538
affiorare,537
trapelare,537
incursione,537
emanazione,537
spaventoso,537
discesa,537
laureato,537
visone,537
connivenza,536
ettore,536
burocrazia,536
callaghan,536
edicola,536
tradizionalmente,536
trentino,536
sventare,535
brare,535
antonella,535
alfredere,534
stupire,534
rifugio,534
manco,534
messicano,534
ispettore,534
retta,534
guerriglia,534
pratese,534
deviare,533
dettagliante,533
montaggio,533
lamento,533
malè,533
perso,533
rialzo,533
rivale,532
contrapposto,532
curioso,532
vaglio,532
traghetto,531
aviazione,531
fallito,531
fermata,531
invalidità,531
asia,531
livornese,531
tant,531
uefa,530
libia,530
bloccato,530
lupo,530
eccellente,530
boves,530
castellammare,530
venticinque,529
liberamente,529
recitare,529
distante,529
assoluzione,529
fantasma,529
disperso,528
ingrare,528
immediare,528
viabilità,528
scotto,528
ennesima,527
cinematografia,527
governante,527
conversione,527
danaro,527
normalmente,527
tenente,527
bando,527
portatore,527
lame,527
parigino,526
punteggio,526
erno,526
liedholm,526
fisionomia,526
ispettorato,526
quotazione,526
chiamata,525
raggruppamento,525
serenità,525
travaglio,525
ansia,525
connazionale,525
schieramente,525
cipriota,525
rifiere,524
interregionale,524
sedia,524
energico,523
nolo,523
james,523
pannello,523
prevalenza,523
smobilitazione,523
itinerario,522
poetico,522
arena,522
getto,522
progressivamente,521
disegnare,521
oppongere,521
riccio,521
genio,521
preclusione,521
campana,520
amen,520
montreal,520
eroina,520
trastevere,519
cavare,519
grandioso,519
gallone,519
accorto,519
selettivo,519
calcole,519
paesaggio,519
sterile,519
decentrato,519
sfociare,518
puntualizzare,518
allevamento,518
rifugiare,518
telefilm,518
brut,518
aggiuntivo,517
reclutamento,517
allestimento,517
sequenza,517
capeggiare,517
abeba,517
cossiga,517
rinaldo,516
correzione,516
boom,516
consueto,515
socioeconomico,515
macchia,515
circostante,515
tolleranza,515
cambiale,515
egam,515
anima,514
tommaso,514
esaurimento,514
grotta,514
riga,513
impronta,513
ritratto,513
demagogico,513
urbanizzazione,513
comparire,512
festeggiare,512
nobile,512
cola,512
sondaggio,512
passante,512
costrette,512
installazione,512
friulano,512
piatto,511
confessione,511
istat,511
caffè,511
specificità,511
ciro,511
lieto,511
invernale,511
dirigenza,511
soglia,511
opportunamente,511
gruppetto,510
accluso,510
vanno,510
appositamente,510
fisco,510
cornice,510
unto,510
aspirare,510
riordinamento,510
fedeltà,509
disturbo,509
illegittimo,509
risolti,509
richiesto,509
parallelo,509
battente,509
compositore,509
standard,509
complicato,508
adattare,508
filone,508
abito,508
scappare,507
ventimila,507
automaticamente,507
storicamente,507
attentare,507
tumore,507
coltivazione,507
esproprio,506
sofferenza,506
tributo,506
tamburino,506
mola,506
crano,506
reperimento,505
manuale,505
sostitutivo,505
simpatizzante,505
jeso,505
ceramica,505
inquinare,505
litico,504
raddoppio,504
tabacco,504
conservatrice,504
bernardo,504
ambizioso,503
manifesta,503
palese,503
pregare,503
fermento,503
correttezza,503
rinviato,503
pian,503
appieno,503
riduttivo,503
criminoso,502
tone,502
viceversa,502
cuccio,502
siderurgia,502
autonomista,502
efficacemente,501
ring,501
dirottare,501
ripetare,501
scarto,501
golpisto,501
tour,501
salvataggio,501
friulo,501
marte,500
isolano,500
ammonire,500
vizio,500
fortunatamente,500
sgombero,500
abel,499
ritrovamento,499
democratica,499
laurea,498
desii,498
talento,498
stante,498
riprova,498
apparecchiatura,498
indebitamento,498
scottanto,498
contento,497
martin,497
allineare,496
alimentazione,496
chirurgico,496
veto,496
zonale,496
castel,496
terziario,496
avance,496
trattenere,495
licitazione,495
giacca,495
ammiraglio,495
storto,495
dimissionario,495
ilei,495
terapeutico,495
gonfalone,494
spartizione,494
mpla,494
goal,494
civitavecchia,494
ming,494
persistente,494
fragile,493
pregiudicare,493
irrisolto,493
zurigo,493
regimo,493
superato,493
sant',493
vorremmo,493
ventiquattro,492
torbido,492
contrassegnare,492
buenos,492
attendibile,491
novanta,491
vigere,491
susseguire,491
ufficioso,491
divenere,491
trimestre,491
sottogoverno,491
chissà,491
bile,491
gremire,490
dimostrante,490
prontamente,490
rituale,490
sensibilmente,490
ciano,490
tranquillamente,490
sceneggiato,490
lite,490
orio,490
forze,490
minare,489
sussistere,489
rhodesiano,489
psichiatria,489
viso,488
aspra,488
affluenza,488
innumerevole,488
cisgiordania,488
terzino,487
pavia,487
coesistenza,487
minimamente,487
raffineria,487
didattica,487
contrastante,486
suggestivo,486
laureare,486
grido,486
svolgare,486
cospicuo,486
penisola,486
indebolire,486
silenzioso,486
perugina,486
tangente,486
retroscena,485
telecomunicazione,485
nardo,485
mostro,485
lordo,485
cineasta,485
spietato,485
presumere,484
perseguitare,484
municipalizzato,484
notabile,484
siracusa,484
ribasso,484
deludere,483
prelievo,483
vittorioso,483
pianura,483
clausola,482
oscar,482
collasso,482
caporione,482
mettare,482
intaccare,482
tempestività,482
sigla,482
acquirente,482
pugile,482
commentatore,481
risvolto,481
quattordici,481
grossa,481
subordinazione,481
versante,481
rispondare,480
pensionistico,480
ottocento,480
badare,480
suarez,480
picchiatore,479
francisco,479
minaccioso,479
argento,479
novo,479
somalia,479
sabotaggio,478
arcivescovo,478
rovina,478
tere,478
tubo,477
mina,477
araldo,477
cecoslovacchia,477
sgomberare,477
accolgere,476
discendere,476
francamente,476
oliva,476
gerardo,475
dormire,475
vigoroso,475
premettere,475
cesso,475
plastica,475
assistito,475
inquietudine,475
resta,474
reduce,474
maestra,474
proibire,474
orvieto,474
poligrafico,474
normalizzazione,474
ammalato,474
ferragosto,473
sospeso,473
congelare,473
autopsia,473
aggregare,473
armatore,473
west,472
panchina,472
esente,472
prospettivo,472
consulenza,472
danese,472
scorcio,472
linguistico,472
luccare,472
capannone,472
diossina,472
pranzo,471
conciliare,471
1000,471
tortorello,471
cross,471
aimo,471
covala,471
picchiare,471
abbassare,471
schiacciare,471
aggressivo,470
temporale,470
metallurgico,470
irreversibile,470
fornitore,470
addosso,469
rigorosamente,469
forzato,469
facilità,469
prosecuzione,469
folk,469
perno,469
venatorio,469
incassare,469
clamorosamente,469
umbre,469
treviso,468
riformare,468
fiere,468
attaccante,468
nutrire,467
comunico,467
india,467
abituale,467
conveniente,467
diagnosi,467
mazzino,467
ossigeno,466
anteriore,466
fabbricato,466
gesù,466
riscuotere,466
rado,466
artificioso,466
suggestione,466
finanziere,465
casello,465
napolitano,465
contrariamente,465
orma,465
fabrizio,465
lungi,465
duello,465
vedova,465
litica,465
diario,464
innestare,464
times,464
partenopeo,464
edificazione,464
comprendente,464
antisindacale,464
ridicolo,463
famigerato,463
regalare,463
galera,463
grottesco,463
magro,463
bulgaro,462
incasso,462
saliente,462
fontana,462
stilare,462
renza,462
open,462
miglio,461
ricevuto,461
palestra,461
curiosità,461
sudafrica,461
comma,461
degenerazione,461
filatelico,461
superficiale,461
perugio,461
scorrere,461
decentrare,461
proclamazione,460
stalla,460
peggiorare,460
compensare,460
inseguimento,460
decisionale,460
acceso,460
leila,460
matrimoniale,459
irrazionale,459
duno,459
regiare,458
contante,458
lentamente,458
comprendare,458
rodolfo,458
pacco,458
allenare,458
assenteismo,458
ferimento,457
ascesa,457
proseguimento,457
polvere,457
novella,457
internazionalista,457
vagliare,457
teppismo,457
favoreggiamento,456
animato,456
sassario,456
vago,456
glorioso,456
correttamente,456
prevalso,456
numerico,455
pareggiare,455
concilio,455
nazionalizzazione,455
socialisto,455
furlano,455
tiburtina,455
cronista,455
helsinki,455
aggravato,454
nazionalità,454
forlì,454
sottosviluppo,454
arroganza,454
indeterminato,454
raffica,454
prescrivere,454
integrante,454
scossa,454
umbra,454
interessamento,453
bretagnare,453
citato,453
rissa,453
patronato,453
arcaico,453
biologico,453
dibatto,453
ascolto,452
fiorello,452
giornato,452
panno,452
auspicabile,452
valdagno,452
vetrina,452
socialdemocrazia,451
scartare,451
ragionamento,451
democraticamente,451
calcistico,451
emigrare,451
patù,451
sisma,451
giuliare,450
bocciare,450
rendare,450
prescelto,450
procedurale,450
gradualmente,450
enunciare,450
fango,450
patriottico,450
colo,449
omissione,449
lecito,449
sconosciere,449
polemizzare,449
basilica,449
altrui,449
uscere,449
fogna,449
latitanza,449
esista,449
granata,449
impatto,449
scissione,449
barbaro,448
foggio,448
annullamento,448
spaccatura,448
artificiale,447
reticenza,447
balzo,447
etichetta,447
studentessa,447
riscossione,447
venezuela,447
incomprensione,447
esaltante,446
dipinto,446
restituzione,446
bologno,446
invano,446
vicinanza,446
matera,446
femminista,446
oltranzista,445
svuotare,445
mollo,445
ersilia,445
parassitismo,445
poltrona,445
comun,445
controversia,445
riferere,444
vigilare,444
fernando,444
navigazione,444
aggiunta,444
disperdere,443
terres,443
guanto,443
cinquantina,443
teramo,443
atmosferico,443
nube,443
martire,442
brusco,442
loris,442
ospedaliere,442
immettere,442
corda,442
condannato,442
relegare,442
predisposizione,442
cisluil,442
prudenza,442
suono,442
tomba,442
laterale,442
strauss,442
ripresentare,442
poro,442
attivista,441
edoardo,441
affluire,441
camicia,441
incomprensibile,441
invenzione,441
tariffario,441
persistere,441
comico,441
minerale,441
nonno,441
pile,441
alberghiero,441
bestiame,440
plastico,440
esilio,440
cambogia,440
ringraziamento,440
disputa,440
scarpa,440
quindicina,439
eguale,439
auspicio,439
frank,439
boris,439
dicastero,439
urio,439
espellere,439
battuto,439
giglio,439
banconota,438
visibile,438
fazione,438
raggiunte,438
scandiccio,438
attirare,438
bersaglio,438
margherito,438
giustezza,438
infilare,437
libretto,437
affrettare,437
custodire,437
doroteo,437
statistico,437
mariare,437
estradizione,437
brevemente,436
eversire,436
dapprima,436
protetto,436
coma,436
nile,436
amante,435
urto,435
espulso,435
fondamentalmente,435
aviare,435
centimetro,435
contrarre,435
perdurare,435
sigaretta,435
marciare,435
adempimento,435
fausto,434
verdetto,434
salernitano,434
persecuzione,434
dolce,434
macerare,434
segreterio,434
passere,434
orizzonte,434
boston,434
liquichimica,434
simbolico,433
ricore,433
unanimemente,433
celare,433
impero,433
prenotazione,433
vallata,433
contra,433
conforme,432
scottante,432
inizialmente,432
venute,432
trascurabile,432
nervoso,432
giolitto,432
arrecare,432
angeles,432
tormentato,432
procedare,431
piacenza,431
radiofonico,431
intermediazione,431
furgone,431
esattezza,431
rallentare,431
negro,431
fumagallo,430
milare,430
sistematicamente,430
pettino,430
lucia,430
faccenda,429
minoritario,429
alternare,429
spinola,429
maestrale,429
perpetuare,429
catastrofico,429
tournée,428
gerusalemma,428
narrativo,428
buco,428
anch,428
lauro,428
negoziare,428
golpista,428
maschera,428
pressanto,428
pietà,428
saldatura,428
1980,428
torto,427
esitazione,427
bellico,427
scavalcare,427
nominativo,427
appaltare,427
serra,427
investigativo,427
aletto,427
depurazione,427
piagare,427
rimessa,427
intendire,427
teppistico,426
dere,426
onorare,426
catastrofe,426
trazione,426
paglia,426
oppositore,426
infettivo,426
chiesta,426
esordio,426
pronunciamento,426
facere,426
evadere,426
pompeo,426
folklore,425
rossetto,425
compimento,425
sposo,425
cancro,425
cirino,425
scatola,425
triennio,425
fortunato,425
sovrano,425
cotone,425
sblocco,425
accessorio,425
romolo,424
semifinale,424
vicesindaco,424
palcoscenico,424
tuile,424
nono,424
presupposta,424
contraccolpo,424
mire,423
casalingo,423
illustrazione,423
disattendere,423
scoglio,423
animatore,423
benessere,423
esercitazione,423
adendola,422
austria,422
paga,422
movente,422
riuscito,422
mirafiore,422
incriminazione,422
improbabile,422
nipote,422
visivo,422
gambugliare,422
francare,421
esplicire,421
travagliato,421
pneumatico,421
bufalino,421
diploma,421
appartenenza,420
spionaggio,420
rilevazione,420
samio,420
dilatorio,420
bartolomea,420
bagaglio,420
imperialista,420
kong,419
capitalista,419
cassare,419
sovvenzione,419
bach,419
olimpiade,419
autolinea,419
indignazione,418
esitare,418
tonno,418
riesame,418
fiato,418
rosario,418
atteso,418
offa,418
consultorio,418
pensabile,417
stanco,417
riuscita,417
indifferenza,417
perfezionare,417
listino,417
parentesi,417
inasprimento,417
intensificazione,417
lecco,417
rovello,417
peculiarità,417
centravanti,416
oppressione,416
contabile,416
brigadiere,416
cosca,416
comandare,416
peculiare,416
testualmente,415
dispositivo,415
raccomandare,415
autonomamente,415
abbonamente,415
pasqua,415
philips,415
iniziativo,415
eccidio,414
sequestrato,414
piombo,414
portone,414
abbiente,414
innescare,414
cappotto,414
scoraggiare,413
motto,413
aggiudicare,413
impartire,413
autocarro,413
curzio,413
salvador,413
atta,413
campobasso,413
uovo,413
egre,412
inseguire,412
chirac,412
generalizzare,412
illuminare,412
leggermente,412
specificamente,412
rimarre,412
ratifica,412
abbonamento,412
mercenario,412
antepone,412
agliana,411
resoconto,411
arricchimento,411
coltivato,411
settanta,411
appurare,411
minorenne,411
motivato,411
lido,411
giordania,411
pianeta,410
vana,410
proletariato,410
bergamasco,410
approdo,410
fortezza,410
michelangelo,410
assenso,409
setto,409
classificare,409
suez,409
rock,409
sinai,409
franchista,408
deviazione,408
presumibilmente,408
avana,408
partner,408
dilagare,408
plenario,408
novecento,408
psichico,408
incompatibilità,408
accentuato,408
corsia,408
arenare,408
assortimento,408
pasco,408
raggruppare,407
regno,407
leggio,407
dipingere,407
piagnone,407
banchiere,407
inta,407
esta,407
barno,407
latinoamericano,407
proporzionale,407
ribelle,407
baffo,406
prognosi,406
nora,406
ispezione,406
imbarazzo,406
biografia,406
ebraico,406
armata,406
ingegneria,406
sfascio,406
palazzina,405
cibo,405
gedda,405
insistente,405
sorgente,405
interpellare,405
filmare,405
aido,405
rifinanziamento,405
celere,405
autovettura,405
rapportare,405
estremismo,404
cassetta,404
cassio,404
orgoglio,404
poggiare,404
crociata,404
regolarità,404
scusa,404
cono,404
sognare,404
beneficiare,404
colare,404
tenare,404
barbara,403
cavour,403
provvidenza,403
grand,403
tornata,403
distrettuale,403
ivan,403
collaterale,403
muovare,402
clandestinità,402
silvestro,402
asiatico,402
colto,402
quattromila,402
pianista,402
convenzionare,402
coerentemente,402
convenzionale,402
video,402
portico,401
roso,401
licenziato,401
impensabile,401
cintura,401
montecatino,401
micee,401
cronico,401
pagno,401
basket,400
sacerdoto,400
radicare,400
scultura,400
balia,400
infelice,400
frutta,400
ironia,400
spaziale,400
matteotto,400
eccesso,399
muto,399
porgere,399
accoglienza,399
barcellona,399
deluso,399
opec,399
dinamitardo,398
pellicola,398
vietnamito,398
franca,398
diere,398
episcopale,398
atala,398
rimediare,398
dono,398
superstite,398
pendere,398
arese,398
inciso,397
nutrito,397
poligraficio,397
considerevole,397
superiorità,397
trovato,397
cuna,397
pomezia,397
valerio,397
addestramento,397
intarsino,397
contrattare,397
vittore,397
punitivo,397
risolutivo,397
visto,396
ambedue,396
secca,396
obiettivamente,396
progredire,396
commissariale,396
accantonare,396
rognone,395
dedurre,395
tecnicamente,395
ezio,395
estorsione,395
quattrocento,395
liberato,395
pregio,395
bona,395
collano,395
libertino,395
consuntivo,395
teheran,395
gionare,395
attingere,394
necessitare,394
atac,394
competitività,394
estere,394
squadristico,393
denunciano,393
domenicale,393
illazione,393
alessandria,393
intervearr,393
sforzare,393
lucano,393
ragionare,393
civo,392
distributore,392
eroico,392
bucarest,392
innovativo,392
olga,392
cast,392
ridere,392
concessionario,392
introdotto,392
gratis,392
ebreo,392
difatti,392
boicottaggio,392
restere,392
esposito,392
riad,392
sollecito,392
divisa,392
penetrazione,392
castiglione,392
stona,392
allineato,391
scarcerare,391
duraturo,391
saint,391
egualmente,391
restringere,391
addebitare,391
rimproverare,391
vivare,391
contestualmente,391
direzionale,391
sprecare,391
brecht,391
marmo,391
manfredonia,391
importatore,390
tipografo,390
hall,390
amarezza,390
sostare,390
immissione,390
vicesegretario,390
tangibile,390
apparente,389
fatturato,389
conduttore,389
accoglimento,389
trae,389
maremma,389
infliggere,388
giurista,388
allungare,388
abbondante,388
interpretativo,388
assegnatare,388
bresciare,387
mandanto,387
seicento,387
commozione,387
disgrazia,387
diplomazia,387
altr,387
merck,387
disertare,387
poliennale,387
proposto,387
improduttivo,387
emigrante,387
architettonico,387
seppe,386
foligno,386
etnico,386
ricomposizione,386
decesso,386
acuire,386
quali,385
micidiale,385
discreto,385
marrone,385
sincero,385
nebbia,385
apparivo,385
preminente,385
ravvicinare,385
ayas,385
seimila,384
esauriente,384
arri,384
conta,384
costiero,384
affittare,384
pluralità,384
successione,384
tokyo,383
smantellamento,383
demagogia,383
repertorio,383
compilare,383
metodologia,383
sollecitano,383
definere,383
dano,383
esaltazione,383
filef,383
pozzuolo,383
pregiato,383
moscere,382
responso,382
aulico,382
tires,382
rotto,382
contrapporre,382
raccomandazione,382
parallelamente,382
colpiscere,382
luccio,382
rimozione,381
accaduto,381
facilitazione,381
sospese,381
eduardo,381
rota,381
esiguo,381
presentato,381
culturalmente,381
ripetizione,381
nilla,381
pendente,381
slalom,381
barro,381
udire,380
coppola,380
1944,380
valentino,380
costretre,380
ribellione,380
aizzo,380
gestionale,380
tato,380
namibia,380
studentere,380
trattore,380
pascolo,379
arbitrario,379
ricorrenza,379
inutilizzare,379
federcalcio,379
apparse,379
murale,379
foce,378
fidanzato,378
temporaneamente,378
invalida,378
rigo,378
ravvisare,378
involuzione,378
valanga,378
squalifica,378
soddì,378
quaderno,378
magnifico,378
bandire,378
ginocchio,378
consortile,378
cavo,378
prossimamente,377
scultore,377
decorrenza,377
centrista,377
illudere,377
ordinato,377
istitutivo,376
inaugurale,376
eccetera,376
psicologia,376
inequivocabile,376
varco,376
divertire,376
unificante,376
jack,376
discusso,376
dotto,376
gepi,376
corrotto,376
peon,376
giare,376
feriale,376
doglio,376
blera,376
sezza,376
lascare,375
alvaro,375
vergogna,375
barba,375
latta,375
infantile,375
incisività,375
promosso,375
cattedra,375
marchare,375
decollo,375
gaspare,374
predere,374
declino,374
stampo,374
faticosamente,374
1945,374
affettuoso,374
termale,374
fautore,374
tivolo,374
magico,374
saba,374
evasore,374
auditorium,374
ambulanza,373
combattività,373
cassino,373
ciclistico,373
allegro,373
ricevare,373
acciaierie,373
nocivo,373
indugio,373
epidemia,373
polito,373
dignitoso,372
manager,372
dottrina,372
tenutasi,372
arturo,372
ballotto,372
cena,372
lacuna,372
sussidio,372
duale,372
angelina,372
spagnola,372
zimbabwe,372
scarsamente,371
corone,371
informatore,371
1948,371
distaccare,371
alterare,371
intenzionato,371
rodare,371
candelotto,371
banale,371
villetta,371
ottimale,371
avezzano,371
suffragio,370
insopportabile,370
ergastolo,370
incombere,370
prefigurare,370
perequazione,370
insoddisfazione,370
adriano,370
favorito,370
omicida,370
raramente,370
abbonato,370
rogo,370
contorno,370
selezionare,369
matematica,369
riunificazione,369
assedio,369
farnesina,369
evocare,369
consulente,369
essen,369
tullio,369
demolizione,369
bolletta,369
grammo,368
sella,368
espediente,368
meraviglia,368
attare,368
einaude,368
depuratore,368
sedile,367
convincimento,367
prorogare,367
branda,367
parso,367
altrettante,367
collegato,367
conseguentemente,367
none,367
sordo,367
cuoio,367
arredamento,366
lunghezza,366
morello,366
pomeridiano,366
portafoglio,366
gasolio,366
settorialo,366
tullo,366
tario,366
scio,366
requisizione,366
autunnale,366
platea,365
perugino,365
romantico,365
balzare,365
lello,365
sommato,365
colpere,365
intendimento,365
correttivo,365
carmelo,365
compatibile,365
cerchio,364
autodeterminazione,364
maceria,364
colosso,364
offendere,364
custode,364
mantengere,364
rievocare,364
orto,364
complicare,363
perquisire,363
contrazione,363
giurre,363
svoltesi,363
insurrezione,363
trappola,363
conseguimento,363
agare,363
concluso,363
este,363
puglio,363
sanremo,362
brigato,362
regnare,362
sire,362
leale,362
liquidità,362
bulgaria,361
mortificare,361
tempesta,361
consolato,361
cristo,361
bardello,361
alfredo,361
facciata,361
tempio,361
riprodurre,361
ruggero,361
celebrativo,361
attilio,361
franchismo,361
chiante,361
colonialismo,360
fascisto,360
bredere,360
rovesciamento,360
aberrante,360
intolleranza,360
pluralistico,360
liscio,360
giovanissimo,360
tricolore,360
fotografo,360
sisto,360
finito,360
sarte,360
avvento,360
lager,360
angoscia,360
ortofrutticolo,360
oltranza,360
monale,360
indossare,359
biagio,359
impegnato,359
unicamente,359
ipoteca,359
vagone,359
vivente,359
accuratamente,359
alfonso,359
atroce,359
sperpero,359
vivamente,359
line,359
volpe,358
supporre,358
finta,358
indotto,358
sabbia,358
rallentamento,358
istante,358
enea,358
spacciatore,358
orrore,357
confinare,357
destinatario,357
sedicento,357
impugnare,357
elogio,357
adige,357
intuire,357
occhietto,357
capacita,357
temù,357
sahara,357
convocato,356
piangere,356
gela,356
intercettazione,356
cappello,356
chieto,356
sopratutto,356
park,356
ruotare,356
lavo,356
rallo,356
siccità,356
violante,356
dovunque,355
messaggero,355
razza,355
ottimista,355
australiano,355
consueta,355
prefabbricato,355
dettato,355
ravvicinato,355
colombiano,355
avviamento,355
neonato,355
raid,355
falangista,355
sovversivo,354
artiglieria,354
prigionia,354
connettere,354
emarginato,354
tronco,354
sciare,354
impedere,354
genuino,354
negri,354
insoddisfacente,354
fugare,354
urbanistice,354
sofia,353
primissimo,353
mariano,353
vigna,353
risultanza,353
rivoluzionare,353
elvetico,353
sofisticato,353
fico,353
erba,353
musulmano,353
indù,353
cossignano,353
lina,353
marcato,353
tigre,353
ispiratore,352
accentuazione,352
restaurazione,352
cecilia,352
adiacente,352
angolano,352
dispersione,352
maro,352
sorrento,352
aero,352
allontanamento,352
smettere,352
cerone,352
pesarese,352
bruna,352
ricalcare,351
estetico,351
1962,351
successore,351
cesenare,351
supermercato,351
esasperato,351
fissazione,351
ringrazare,351
serbatoio,351
maddalena,351
bustarella,351
eliseo,350
montecare,350
furia,350
petto,350
accusato,350
direttissimo,350
notiziario,350
centrocampista,350
affollato,350
mago,350
ossuta,350
caldei,350
mosco,350
edda,350
olivo,350
televisore,350
1963,350
distrutto,349
piombare,349
pseudo,349
intermediario,349
malare,349
tuta,349
riviera,349
nascosto,349
specializzare,349
pedino,349
uguaglianza,348
special,348
batteria,348
intestare,348
valenza,348
scendare,348
sansone,348
mediatore,348
coordinatore,348
riducere,348
arretramento,348
matere,348
volte,347
comunione,347
sofferto,347
melo,347
rabat,347
para,347
casco,347
schiena,347
margherita,347
generalità,347
sars,347
fertile,347
picchetto,347
spazzare,346
azionare,346
johan,346
guineo,346
definito,346
ingenuo,346
andere,346
rozzo,346
gloria,346
eretto,346
acere,346
aurelio,346
andretta,346
fazio,346
inutilmente,345
scetticismo,345
ermanno,345
ingaggiare,345
giannino,345
perpetrare,345
nazismo,345
discuttere,345
rassegnazione,345
serrata,345
ovidio,345
integralmente,344
finanziatore,344
satellite,344
disprezzo,344
sacchetto,344
universo,344
follia,344
scompare,344
contraddittore,344
spontaneamente,344
estese,344
accelerazione,344
erario,344
demografico,344
ereditare,344
russia,344
tonnellato,344
mugello,344
senatoriale,343
contributivo,343
alice,343
grinta,343
erede,343
anagrafe,343
saul,343
discussa,343
tracciato,343
tenacia,343
spinello,343
marinaio,343
dolio,343
interrotta,343
coinvolgare,343
bastone,342
lidio,342
antonino,342
palazzetto,342
informale,342
accomunare,342
rato,342
pedagogico,342
trentesimo,342
stentare,342
parcheggiare,342
eccessivamente,342
grecare,342
confortare,342
organicamente,342
rada,342
scenico,342
autostradale,342
diego,341
colosseo,341
alato,341
nanni,341
martello,341
mancavare,341
stefania,341
suno,341
scivolare,341
cantone,341
domare,341
adsl,340
fossa,340
analitico,340
velo,340
programmatore,340
svariato,340
calamità,340
missile,339
riunitare,339
basile,339
parare,339
fiare,339
espressamente,339
ovvia,339
rilevamento,339
gramsco,339
invertire,339
trivello,339
atletico,338
coreano,338
peccato,338
dura,338
lineare,338
sottolineato,338
tardare,338
prolungamento,338
infezione,338
transito,338
enne,338
quirinale,338
ingiusta,338
improvvisato,338
sten,338
usta,338
sulcis,338
polco,337
armadio,337
aggiornato,337
riproduzione,337
notificare,337
gradire,337
soviet,337
ultimamente,337
folle,337
hertz,337
solitamente,336
protocollo,336
usato,336
colui,336
giurato,336
fnso,336
fatale,336
enna,336
1964,336
vena,336
ricostituire,336
bolerino,336
tass,335
mercurio,335
rappresentativa,335
concessionaria,335
recital,335
telemann,335
superfluo,335
falco,335
contrada,335
preposto,335
paramedico,335
elettronica,335
hitler,334
dubitare,334
risolvare,334
sover,334
eloquente,334
armonia,334
forzatura,334
scrupolo,334
classificazione,334
vicario,334
approssimativo,334
disciolto,334
peggioramento,334
agliè,334
junior,334
liste,334
possente,333
addio,333
spessore,333
perlomeno,333
inia,333
fermato,333
annoso,333
serale,332
terracino,332
inquinato,332
patrimoniale,332
opzione,332
mono,332
presentere,332
spiazzo,332
abbracciare,332
sciolgere,332
stano,332
signorile,332
proliferazione,332
autogestione,331
terze,331
esca,331
metallico,331
riesaminare,331
valigia,331
rammarico,331
quinquennio,331
munizione,331
gabriella,331
equilibrare,331
disponere,331
parastatale,331
manchere,331
estrarre,331
arca,331
arredamente,331
smarrire,330
sacerdote,330
patente,330
vico,330
sorretto,330
amministra,330
fattivo,330
inquinante,330
coordinato,330
giacere,330
agghiacciante,330
intercomunale,330
mazzuola,330
macerata,330
sopprimere,329
scempio,329
unger,329
ignazio,329
propriamente,329
abilità,329
metallo,329
bico,329
originalità,329
liberalizzazione,329
ripercorrere,329
ennio,329
lozza,329
figurativo,328
stefano,328
cittadina,328
ricambio,328
1966,328
occasionale,328
unanimo,328
edificare,328
subordinato,328
poliziesco,328
sottolineatura,328
torrente,328
avvicinamento,328
funzionante,328
convento,328
eguaglianza,327
valente,327
quarantina,327
stupore,327
favola,327
impadronire,327
deteriorare,327
drasticamente,327
ridosso,327
urssre,327
prescrizione,327
arnaldo,326
grigio,326
1965,326
brevissimo,326
corresponsione,326
espandere,326
ininterrottamente,326
novello,326
prolungato,326
rincontro,326
postelegrafonico,326
defilé,326
cortese,326
ambulatorio,326
frangia,326
allucinante,326
bonfiglio,326
squalificare,325
sopraffazione,325
riprese,325
solitudine,325
monumentale,325
argine,325
oltreché,325
ostruzionismo,325
fognatura,325
federconsorzi,325
ingiustificare,325
tacente,325
colazione,324
bronzo,324
legazione,324
oscura,324
branca,324
affollata,324
conclusasi,324
compatibilità,324
tony,324
scrutinio,324
pregiudicato,324
dara,324
infinito,324
rire,324
piacevole,324
nicolo,324
cecina,324
cardine,323
mostruoso,323
numerosissimo,323
carnevale,323
applaudire,323
tipografia,323
flaminio,323
frammento,323
dispiegare,323
seta,323
agostina,323
panama,323
canton,323
pasquino,323
intravedere,322
sonno,322
fasullo,322
sappiare,322
smascherare,322
barello,322
dina,322
disaccordo,322
snodare,322
assorbimento,322
arsenale,322
calunnia,322
enunciazione,322
preferenziale,322
pineta,322
attivare,322
nerazzurro,322
poggio,321
metropoli,321
orlo,321
speculare,321
infiltrazione,321
verticale,321
fere,321
rispondenza,321
scelto,321
sovrintendenza,321
proselitismo,321
accessibile,321
acquisito,321
michael,321
laura,321
furlani,321
combinare,321
turare,321
legione,321
vestito,321
lantanio,321
ribagliere,321
agiato,321
arasso,321
monito,320
immensa,320
verere,320
adattamento,320
tradimento,320
primitivo,320
gianno,320
agevole,320
impotenza,320
durezza,320
duecentomila,320
albanese,320
trionfale,320
tardivo,320
hollywood,320
decadenza,320
blese,320
castagna,320
discriminatorio,319
subentrare,319
meraviglioso,319
riscattare,319
soggiungere,319
pescare,319
sinceramente,319
polverone,319
vasco,319
partecipe,319
emesso,319
segretaria,319
nozza,319
filosofico,319
macis,319
pretoria,319
cent,318
rango,318
ribaltare,318
nova,318
sponda,318
scagliare,318
invitano,318
vere,318
gioiello,318
insolito,318
sinistre,318
suscettibile,318
introito,318
rame,318
nosocomio,318
tifo,318
manna,318
circeo,318
sperequazione,318
euro,318
finlandia,318
somalo,318
convergere,317
lelio,317
1960,317
tanzaniano,317
adempiere,317
gravoso,317
organizzira,317
paradossale,317
noce,317
cine,317
ribadito,316
pozza,316
paria,316
indennizzo,316
rosare,316
siccome,316
acne,316
disinteresse,316
piovere,316
azionale,316
inteso,316
scolare,316
sostenuto,316
aggio,316
pruno,316
abbattimento,316
fiscalizzazione,316
dorotea,316
paramano,316
mazzo,315
antonello,315
imprevedibile,315
centenario,315
carduccio,315
campa,315
annata,315
marocco,315
neofascismo,315
stallo,315
1200,315
autoveicolo,315
saldamente,315
masso,315
riorganizzare,315
1943,314
carlino,314
aiello,314
deficienza,314
bolognare,314
palmo,314
comparsa,314
manarese,314
moio,314
nario,314
inghilterro,314
bema,314
fosco,314
asco,314
ricercato,313
robusto,313
entusiasmante,313
elegante,313
milva,313
assaltare,313
incolumità,313
memoriale,313
spicco,313
padovano,313
meramente,313
quartetto,313
radunare,313
serpente,313
inique,312
gita,312
rotazione,312
cabaret,312
intervistare,312
rivalutare,312
angolare,312
discriminare,312
connotato,312
ininterrotto,312
france,312
lungamente,312
razionalità,312
passibile,312
fenice,311
corale,311
irreparabile,311
settecento,311
eden,311
sovrintendente,311
dilazione,311
tematico,311
pagano,311
appuntare,311
marchese,311
adolfo,311
vincio,311
ittico,311
aneto,310
soggettivo,310
obbligazione,310
nico,310
embargo,310
affresco,310
lapide,310
olivetto,310
lottano,309
chinaglio,309
caines,309
adamo,309
complementare,309
chiarificazione,309
garantere,309
innalzare,309
score,309
smantellare,309
restaurare,309
rivestire,309
odio,308
nocerà,308
somigliare,308
integralista,308
bicicletta,308
avre,308
giunte,308
denno,308
disturbare,308
reatino,308
provincie,308
giure,308
veronese,308
cartone,308
anale,308
internazionalismo,308
hilbert,308
reattore,308
eurocomunismo,308
reperto,307
rimarcare,307
illuminazione,307
andata,307
ripercuotere,307
madonna,307
credento,307
autoferrotranviero,307
onestà,307
lacrimogeno,307
marcone,307
calzatura,307
levante,307
stimole,307
bartolo,307
volterra,307
odeon,307
dappertutto,306
cardino,306
responsabilmente,306
convenienza,306
omero,306
angoscioso,306
oria,306
amos,306
oceano,306
ottimistico,306
privatistico,306
meridionalistico,306
pazzo,306
osare,306
garage,306
salisburgo,306
biennio,306
ariano,306
severamente,305
scese,305
avverre,305
malo,305
rinsaldare,305
partecipo,305
umore,305
risarcimento,305
sito,305
sbanda,305
capri,305
contabilità,305
franchisto,305
nguyen,304
retorico,304
elena,304
operaia,304
spuntare,304
sapre,304
dissidente,304
supplementare,304
indo,304
continentale,304
incentivare,304
adir,304
campanio,304
nervosismo,303
fiducioso,303
ignobile,303
saltarello,303
gene,303
offesa,303
gilio,303
fulvio,303
fattura,303
spagnuolo,303
chiesre,303
adriana,303
accingere,303
concave,303
urgere,303
accumulazione,303
senzatetto,303
originare,302
emotivo,302
salamandre,302
evolvere,302
celi,302
abrogare,302
cima,302
stimare,302
vialone,302
distrazione,302
raniero,302
dislocazione,302
donato,302
amman,302
nessun,302
lealtà,302
pala,302
illustro,302
oltremare,302
vellere,302
soprintendenza,302
fulco,302
quadripartito,302
atena,302
dona,302
locro,302
mandante,301
bulgario,301
doha,301
bagnolo,301
messino,301
tradure,301
vantaggioso,301
culto,301
giurisprudenza,301
scapito,301
sete,301
orno,301
persiano,301
legittimare,301
fantastico,301
formalizzare,301
cremona,301
colturale,301
bartolini,301
chiuro,301
dislocare,300
predetto,300
aperre,300
mangare,300
achilla,300
deformazione,300
voluto,300
pignone,300
caratterizzazione,300
garantito,300
appiccare,300
urgentemente,300
stagno,300
sociologia,300
eterno,300
sienare,300
sfidare,299
prepotenza,299
rinviabile,299
sintetico,299
schedo,299
sortire,299
trattativo,299
intervallo,299
volle,299
socia,299
predominio,299
riete,299
tollerabile,299
ilor,299
elia,299
duliare,299
uniforme,298
rolare,298
vittorino,298
salita,298
trentamila,298
spai,298
omonimo,298
inganno,298
sociologico,298
telespettatorio,298
imbarcazione,298
attrazione,298
caruso,298
danimarca,298
scuotere,298
particolarità,298
sufficienza,298
matero,298
polivalente,298
legoland,298
anselma,298
tritolo,297
neofascistare,297
capolavoro,297
approvato,297
rifornire,297
amministrato,297
agganciare,297
feudale,297
fognante,297
cospirazione,297
giaccone,297
penultimo,297
girardo,297
carrozzeria,297
tirreno,297
lunghissimo,296
sollecitamente,296
erico,296
nottata,296
montello,296
vorere,296
curo,296
allegare,296
cole,296
contemplare,296
snia,296
poster,296
ricetta,296
infame,295
delinquere,295
nattare,295
azzardare,295
votante,295
ricollegare,295
calcolatore,295
specialistico,295
dazione,295
industrializzare,295
opportuna,295
tunisino,295
sciolto,295
loco,295
slittare,295
accucci,295
salt,295
cuneo,294
agenda,294
fucilare,294
menzogna,294
seppellire,294
colposo,294
nozione,294
lanka,294
svelare,294
beffa,294
aerazione,294
bobina,294
forzo,294
demandare,294
incentivazione,294
tina,294
sottovalutazione,294
ciao,294
strago,293
civita,293
svantaggio,293
paolare,293
spinoso,293
riaffermazione,293
lazzaro,293
invitato,293
portato,293
acea,293
leve,293
denso,293
curatore,293
annato,293
autocritica,293
brez,293
round,293
trentennio,293
abbondanza,293
conflittualità,293
polizza,293
pisana,293
costui,292
dicare,292
amor,292
lima,292
pegno,292
thomas,292
asprio,292
avvertimento,292
cucinare,292
affo,292
localizzare,292
avvolgere,292
pordenone,292
rata,291
vicolo,291
mollare,291
goldone,291
iniziato,291
scave,291
marocchino,291
elsa,291
solza,291
saronno,291
autotrasportatore,290
spregiudicato,290
shunt,290
controverso,290
limpido,290
disparità,290
spione,290
comandi,290
filtrare,290
ovviare,290
fatiscente,290
ante,290
riabilitazione,290
orlino,290
liquigas,290
minorile,289
ausiliario,289
riconquistare,289
padovo,289
pubblichere,289
ingannare,289
uruguay,289
pote,289
cristiani,289
suddivisione,289
ancio,289
delibere,289
passività,289
assalire,288
pessimo,288
irregolare,288
manipolazione,288
ottanta,288
laos,288
antimafia,288
nobel,288
largho,288
razziale,288
circoscritto,288
presuppone,288
appuntato,288
doloso,288
tunnel,288
attergato,287
armonico,287
sfilata,287
bovine,287
remunerazione,287
inazione,287
qual,287
ruffino,287
risonanza,287
california,287
equità,287
compire,287
rigidità,287
miceli,287
cantieristica,287
commesso,286
inasprire,286
brigatisto,286
delirante,286
sottrare,286
gollisto,286
marchetto,286
contrasta,286
magistero,286
prevale,286
generalizzazione,286
appropriato,286
piega,286
sfruz,286
qualunquismo,286
ricattatorio,286
scozzese,286
elevamento,286
colla,286
filmato,285
soddisfacimento,285
insulto,285
sorriso,285
ospedalierio,285
casale,285
francesca,285
sterlina,285
sinfonico,285
perplesso,285
tessere,285
puccino,285
fascino,285
edire,285
sedicente,285
sviluppano,285
trasparente,285
elsinkivere,285
europea,284
gaietto,284
intrattenere,284
sbarra,284
volentieri,284
batta,284
alitala,284
spada,284
abbondantemente,284
patrocinio,284
selva,284
pervengono,284
prudente,284
ping,284
australe,284
federica,284
spiraglio,283
rizzo,283
tata,283
solitario,283
metodologico,283
appia,283
arro,283
affisso,283
sensibilizzare,283
improvvisazione,283
acconto,283
allentare,283
notoriamente,283
basilio,283
miccia,283
agevolmente,283
batto,283
dilemma,283
nodale,283
preventivamente,283
combinazione,283
erculea,283
estrema,282
spento,282
arteria,282
etico,282
diviso,282
scuderia,282
ilario,282
stravolgere,282
mercante,282
significativamente,282
fruttuoso,282
insegnamente,282
suddividere,282
idrogeologico,282
impor,282
amatore,282
orale,282
giacimento,281
lucania,281
luminoso,281
iato,281
irrimediabilmente,281
beare,281
violentemente,281
basino,281
tralasciare,281
severità,281
fgco,281
basista,281
compiutamente,281
lievitazione,281
svogliere,281
analogia,281
recessivo,281
autogoverno,281
osso,281
collinare,281
arbitrio,280
dopodomano,280
carrozzone,280
grossolano,280
traversa,280
entusiasta,280
sintomatico,280
previo,280
retribuire,280
ritorsione,280
utilizzabile,280
torello,280
differenziato,280
mariso,280
focolaio,280
illusorio,280
disorientamento,280
valentina,280
abbassamento,280
budapest,279
niue,279
arroccare,279
napoleone,279
nazifascista,279
gustare,279
filosofo,279
tutù,279
cupo,279
ultra,279
sovente,279
attinente,279
basta,279
ritrovato,279
povertà,279
insire,279
impermeabile,279
ostana,279
tariffare,279
fosso,278
sicura,278
sorvegliare,278
orgia,278
chilogrammo,278
inam,278
concentrato,278
impossessare,278
barile,278
orbetello,278
collusione,277
contenitore,277
fermere,277
alleggerire,277
recentissimo,277
cubi,277
breccia,277
prefazione,277
peccare,277
ascolana,277
camo,277
discriminante,277
semestre,277
penoso,277
svoltasi,277
qualitativamente,277
turca,277
caltanissetta,277
enciclopedia,277
ambulante,277
razzolo,277
gaza,276
irlandese,276
cooperatore,276
cartiera,276
sudan,276
acido,276
appio,276
sconvolgente,276
sante,276
erotico,276
risorgimento,276
contropartita,276
raccordare,276
eneare,276
gratuitamente,275
kuwait,275
maggiorazione,275
risogliere,275
arrendere,275
concime,275
minacciato,275
apposta,275
furio,275
seclì,275
onorario,275
tassista,275
propore,275
partilo,275
realizzabile,275
uniscere,275
taccuino,275
lente,275
timido,275
vannino,275
accagliae,275
apparizione,274
fumetto,274
ponare,274
camerato,274
giornaliere,274
ascolare,274
nazionalista,274
barga,274
pazienza,274
proseguere,274
lenzuolo,274
lano,274
esagerare,274
consuetudine,274
voltare,274
stortura,274
conformità,273
mistificazione,273
riassunto,273
istatre,273
carosello,273
ignoranza,273
delimitazione,273
detrazione,273
perfezionamento,273
intuizione,273
barre,273
sanatoria,273
vite,272
ricevimento,272
sbarrare,272
giurare,272
parroco,272
risente,272
espropriare,272
fortissimo,272
ottenuto,272
operale,272
cittadella,272
arnese,272
idraulico,272
accentrare,272
guardiano,272
scalata,272
clamore,272
cosicché,272
ammirare,272
marzio,272
faenza,272
ungherio,271
choc,271
confortante,271
mica,271
egregio,271
respirare,271
congiuntamente,271
fantino,271
marziale,271
alfiere,271
commemorare,271
arginare,271
censo,271
vergine,271
strutturare,271
pessimismo,271
cereale,271
indiscutibile,271
fervetto,271
geometra,271
favoloso,271
favorevolmente,271
parata,271
sciolre,271
risparmiatore,271
incentro,271
scorporo,271
minimizzare,271
carmine,271
sorteggio,271
taxi,270
balduino,270
incalzante,270
adottato,270
dinamite,270
rugby,270
vertiginoso,270
imperatore,270
codico,270
assistire,270
ultimatum,270
turbamento,270
bibbia,270
esule,270
venditore,270
esistenziale,270
solennemente,270
dose,270
smammare,270
ragioniero,270
lanusei,270
gambugliano,269
inderogabile,269
avventuristico,269
laborioso,269
operatività,269
pilastro,269
parlò,269
riso,269
applicato,269
alleviare,269
paternità,269
navarro,269
incubo,269
unno,269
varcare,269
bozzo,269
dissociare,269
giornaliero,269
calci,269
ponticello,269
tana,269
mogadiscio,269
giudicato,268
edward,268
sprint,268
palettare,268
indiscriminare,268
suora,268
imola,268
rinnovatore,268
stabilizzazione,268
meravigliare,268
osservanza,268
paletta,268
scozia,268
avvisare,268
renato,268
essa,268
salariato,268
giovanna,268
divo,268
rammentare,268
bios,268
spegnere,268
servare,268
creatività,268
itala,268
quantomeno,267
teresa,267
degna,267
ariccia,267
negazione,267
scrittura,267
amburgo,267
fastidio,267
ottuso,267
cece,267
costitutivo,267
centrodestra,267
corredare,267
equivalere,267
novellino,267
bidello,267
interrotte,266
preso,266
compensativo,266
lodo,266
ciii,266
estraneità,266
semplicità,266
riassume,266
autorizzato,266
confezionare,266
preteso,266
predecessore,266
illuminante,266
vibo,266
ottomila,266
ingiusto,266
cullare,266
domiciliare,266
parrocchia,266
esprettere,266
retorica,266
fondere,266
incutere,266
pontefice,266
maggioritario,266
capanne,266
fnla,266
interrotto,265
tripartito,265
aliquota,265
ottico,265
inconveniento,265
demolire,265
ganghere,265
secolare,265
solco,265
potabile,265
contribuzione,265
dominanto,265
pretesta,265
grare,265
accresciuto,265
burocrato,265
tinare,265
misero,265
sfuggere,265
finlandese,265
irlanda,264
gappista,264
uranio,264
battito,264
silenzi,264
ventidue,264
avvertere,264
orsino,264
ricominciare,264
querela,264
esponere,264
addossare,264
apparenza,264
nostalgia,264
antipopolare,264
carcerazione,264
decidare,264
supremazia,264
compattezza,264
transitare,264
iris,264
riferendosare,264
disservizio,264
predisponere,264
confae,264
intrigo,264
inquinamente,264
deteriore,264
innegabile,264
sottosuolo,264
viario,264
grossetano,264
squadrismo,263
simpatico,263
fondatezza,263
3000,263
eritrea,263
oppresso,263
nomo,263
alio,263
ciclista,263
spaccio,263
indolore,263
omogeneità,263
reuchlin,263
malcostume,263
ankara,263
ricettivo,263
sfitto,263
martina,262
cerotto,262
munire,262
musico,262
saccho,262
ardo,262
cimentare,262
razzismo,262
influente,262
cremlino,262
ipre,262
panificatore,262
redigere,262
sirtore,262
suscito,262
signa,262
quadrifoglio,262
odioso,261
biondi,261
gabbia,261
impressionare,261
ammissibile,261
insidioso,261
raffinato,261
infondare,261
vogliano,261
liguro,261
colera,261
pienezza,261
agile,261
inedire,261
rovinare,261
fabbricare,261
etano,261
casalinga,261
giuseppa,261
boia,261
cappella,261
somale,261
carto,261
maggior,260
allineamento,260
nostalgico,260
acutezza,260
remunerativo,260
conferimento,260
illegalità,260
torturare,260
botto,260
assurdità,260
aeronautico,260
aerare,260
band,260
rese,260
avvalorare,260
spaccare,260
calzaturiero,260
araco,259
protettore,259
monarchico,259
cospicui,259
oman,259
velleità,259
retrocessione,259
implicitamente,259
energicamente,259
hans,259
bontà,259
vastità,259
chiedare,259
gandhi,259
preparativo,259
mezz',259
esortare,259
demaniale,259
andre,259
toso,259
cortina,259
bara,258
invalidi,258
delhi,258
intervisto,258
prenderanno,258
asie,258
stoccarda,258
racket,258
ostale,258
falla,258
pulire,258
alpi,258
molla,258
talorare,258
tratta,258
aulla,258
affliggere,258
insidia,258
divaricazione,258
interminabile,257
obbligato,257
ferruccio,257
bissau,257
enos,257
imita,257
inopportuno,257
deliberato,257
veleno,257
epilogo,257
sarde,257
discere,257
titto,257
predestino,257
sottratto,257
paradiso,257
yamaha,257
liegio,257
bassa,257
cattedrale,257
pavone,257
imperniare,257
sant,257
praticabile,257
smammato,257
crudele,256
congegno,256
medioevale,256
corporativismo,256
sindacalismo,256
slittamento,256
dispiacere,256
spalto,256
priori,256
ridure,256
creditore,256
scarsità,256
1961,256
bice,256
alias,256
sfare,256
bisognoso,256
praga,256
marce,256
berlinghe,256
rally,256
soppresso,256
stanchezza,256
sopperire,256
agroindustriale,256
atan,256
servitù,256
stanotto,255
sassare,255
clero,255
ragion,255
arrigo,255
fidare,255
prossimità,255
avanzo,255
scuoia,255
genetico,255
casta,255
parlato,255
extraurbano,255
elettrodomestico,255
pira,255
inazzurro,254
pescarare,254
grato,254
diffido,254
imma,254
spirituale,254
marcellino,254
status,254
incontrollato,254
sfogo,254
larghissimo,254
arato,254
bard,254
contrabbando,254
ternio,254
vivacità,254
girolamo,254
pizzo,254
rassicurante,254
morsa,254
fruire,254
senigallia,254
separatamente,254
niccolò,254
toscare,254
gradualità,254
avversare,254
ottaviano,254
accagliaio,254
vien,253
polare,253
cimo,253
suffrago,253
ventuno,253
popolari,253
ideare,253
giannantonio,253
macellaio,253
irrilevante,253
rappresentere,253
galla,253
freddezza,253
razzo,253
unilateralmente,253
fruttare,253
antistante,253
inno,253
rionale,253
capua,253
stigmatizzare,253
riciclaggio,253
ristabilimento,252
sospesa,252
cnen,252
leggenda,252
stagnazione,252
mutilato,252
lolla,252
degento,252
gonfiare,252
debutto,252
parastato,252
zambia,252
sparso,252
aggius,252
colonico,252
facenti,252
gettito,252
oscillazione,252
nitro,252
motocoltivatore,252
soccorrere,251
abdul,251
fotografare,251
saracinesca,251
seccare,251
partecipò,251
acro,251
acme,251
joseph,251
ribaditare,251
distinti,251
tripolo,251
frigorifero,251
comprensora,251
quinte,251
giuramento,251
deroga,251
giocattolo,251
dico,251
esse,251
sortito,251
natalizio,251
arrogante,251
finalizzazione,251
affiggere,250
carmen,250
malore,250
sorvolare,250
interscambio,250
conclusosi,250
violenta,250
noia,250
velletro,250
grandezza,250
astrazione,250
defunto,250
frustrazione,250
velleitario,250
macho,250
biella,250
mater,250
innovamento,250
scacco,249
apparrere,249
antologia,249
anastasia,249
settemila,249
reinserimento,249
importantissimo,249
coppo,249
insorto,249
immutato,249
elettricità,249
attergata,249
sceneggiare,249
restante,249
spaventare,249
abare,249
delicatezza,249
evacuare,249
prim,249
rolo,249
impunità,249
stipula,249
1947,249
ostinare,249
basilicato,249
tantum,249
disinquinamento,249
piave,249
meeting,249
montatura,248
retroterra,248
1300,248
rischioso,248
volata,248
modenese,248
tode,248
lussuoso,248
solista,248
piccino,248
conosciuto,248
fantoccio,248
rabbioso,248
narrare,248
virale,248
illustre,248
lucidità,248
sonoro,248
partare,248
sottoposto,248
daniela,248
trasfertare,248
spettro,248
nicosia,248
miglior,248
immobilizzare,248
battista,247
raggiungare,247
globalmente,247
cugino,247
bozzetto,247
frode,247
federa,247
stilistico,247
glia,247
allarmismo,247
sapienza,247
giornalismo,247
immigrazione,247
cenere,247
consumistico,247
alterazione,247
cardiaco,246
paritetico,246
integralismo,246
contusione,246
ventennio,246
grippo,246
effettuazione,246
canzoniere,246
sannio,246
ospitalità,246
console,246
contraddittoria,246
statista,245
gregorio,245
sudamericano,245
accresciuta,245
interferire,245
tace,245
schiacciante,245
anzio,245
solita,245
imbastire,245
holding,245
truffo,245
partecipativo,245
sferrare,245
mascherato,245
incompatibile,245
mazza,245
catanese,245
ubicazione,245
degradare,245
prevaricazione,245
cocco,245
condizionale,245
fantomatico,245
penna,245
bezzo,245
spinte,245
vapore,245
galluccio,245
tonare,245
italica,245
tenutoso,244
doccia,244
feudo,244
esire,244
prese,244
extremis,244
done,244
bramma,244
divertimento,244
infrazione,244
ciccio,244
demanio,244
debbo,243
ripare,243
assure,243
creditizia,243
ripropongire,243
voarr,243
intimidatorio,243
manfrede,243
kart,243
frequentemente,243
ibero,243
denominazione,243
biti,243
bruciante,243
rivo,243
ottanto,243
rino,243
insuccesso,243
sensibilizzazione,243
latore,243
ciuffo,243
irrigidimento,243
economicità,243
poggioreale,243
cartellino,242
pericolosamente,242
color,242
buenoso,242
covare,242
pelo,242
ambo,242
amazzone,242
lavare,242
sica,242
rievocazione,242
rubato,242
congelamento,242
bito,242
johnson,242
urino,242
angioino,242
naso,241
celio,241
trio,241
oneroso,241
depressione,241
imprevisto,241
rinnovatrice,241
groviglio,241
interlocutorio,241
harry,241
nano,241
lunga,241
castelnuovo,241
italico,241
eritreo,241
adempimente,241
paladino,241
registrato,241
poso,241
remore,241
onanì,241
intensamente,241
entroterra,241
alpino,241
fauna,241
daniele,241
sbarco,241
hubble,241
aversa,241
scuro,240
stop,240
fazzoletto,240
burro,240
laurentino,240
direttissima,240
riconciliazione,240
monteverdo,240
guam,240
tenta,240
bieticoltore,240
ballerino,240
tunisia,240
lenza,240
qatar,240
ungheria,239
labile,239
filare,239
infondato,239
essai,239
fragilità,239
city,239
paragone,239
pola,239
sporadico,239
deplorare,239
assembleo,239
rimpasto,239
prenotare,239
aeroportuale,239
riunitosi,239
menso,239
consumismo,239
consolidato,239
peschereccio,239
capitaneria,239
termico,239
elettoralistico,239
pippo,239
camp,239
ingiustamente,238
diesel,238
copulare,238
polso,238
immaginazione,238
dialetto,238
essi,238
polmone,238
torma,238
epatite,238
volkswagen,238
elaborato,238
provento,238
riferivare,238
caterina,238
mosaico,238
marcaio,238
gemello,238
audiovisivo,238
beccare,237
bocciatura,237
dispaccio,237
seria,237
attrezzo,237
amone,237
congedo,237
stata,237
estratto,237
nocività,237
franchezza,237
volla,237
cappone,237
cristallo,237
regionalizzazione,237
costantino,237
trasparenza,237
concorrenziale,237
pidere,237
saccheggio,237
anas,237
assungere,236
instaurazione,236
indimenticabile,236
denominare,236
annegare,236
avvertono,236
ragazzino,236
ippodromo,236
sabotare,236
snellimento,236
ambrare,236
bigo,236
umida,236
sfavorevolo,236
visconte,236
tengare,236
ostinato,236
leninismo,236
minuzioso,236
londinese,236
intricato,236
strozzatura,236
terriero,236
arrone,236
belluno,236
alloro,236
jolly,236
becco,236
panare,236
giotto,236
fische,236
borsino,236
aliscafo,236
rappresentatività,235
bravura,235
coefficiente,235
gang,235
frantumare,235
indiscusso,235
collaudare,235
scorretto,235
clericale,235
sfondare,235
mulino,235
avventuroso,235
sceneggiatura,235
qualificanti,235
lesivo,235
cotto,235
aussina,235
palesemente,235
reclutare,235
rico,235
patrocinare,235
realizzato,235
guarire,235
strutturazione,235
garanto,235
rovigo,235
componibile,235
digos,235
germano,234
frapporre,234
neutrale,234
espone,234
affido,234
belisario,234
mescolare,234
pianto,234
bollare,234
benito,234
pano,234
manchare,234
provato,234
geografia,234
macroscopico,234
denunciato,234
mara,234
ritocchio,234
luanda,234
aumentato,234
sessualità,234
attenuante,234
collegale,234
monico,234
miriade,234
cipo,234
manto,234
ibarra,234
lula,234
meteorologico,233
tiratore,233
concretare,233
freud,233
storo,233
corro,233
falcinello,233
corciare,233
razionamento,233
cuor,233
coperte,233
imprigionare,233
beale,233
banchina,233
rimaarr,233
riconducibile,233
rastrellare,233
mensilità,233
morbello,233
lizza,233
perdurante,233
vaso,233
statico,233
intossicazione,233
malizia,233
impedimento,232
anac,232
1953,232
jean,232
stopper,232
ricave,232
privatizzazione,232
accende,232
strare,232
marsala,232
bestia,232
calce,232
garante,232
frenetico,232
caracas,232
rene,232
vasca,232
gabriela,232
prisco,232
leningrado,232
positire,232
gramsciano,232
concepito,232
fabbrico,232
allagare,232
indari,232
fingere,232
terminale,232
perfezione,232
macello,232
mediamente,232
baldo,232
abortire,232
insorgere,231
impotente,231
sismico,231
taglia,231
mediocre,231
bruciato,231
marsigliese,231
monarchia,231
guaribile,231
divertente,231
chicago,231
carnia,231
norvegese,231
rimborsare,231
tedere,231
loreto,231
aerale,231
samo,231
conquistato,231
ester,231
autonoma,231
margotto,231
fermanello,231
viticoltore,231
complicazione,230
antimperialista,230
balcone,230
pompino,230
meditato,230
progressisto,230
bono,230
episcopato,230
appassionare,230
sacca,230
foggiano,230
biologia,230
chiete,230
omertà,230
baratto,230
orazio,230
motta,230
anconetano,230
torri,230
pesantissimo,230
imperialistico,230
lamberto,230
farina,230
filtro,230
centralistico,230
accia,230
neutralità,229
sgomento,229
esprima,229
rianimazione,229
statua,229
ripensare,229
ledere,229
falsificazione,229
staff,229
incontrollare,229
vastissimo,229
compiare,229
cera,229
nascosti,229
discografico,229
imboscamento,229
stock,229
riscoperta,229
mortalità,229
cagliarare,229
progettato,228
ansa,228
balneare,228
atalanta,228
elevazione,228
1958,228
rinascire,228
sfumatura,228
impiantare,228
cossutta,228
cordovare,228
sgombrare,228
testare,228
appropriare,228
spal,228
siciliere,228
reprimere,228
esedra,228
catalano,228
1956,228
seguace,228
cantautore,228
pertinente,228
annualmente,228
stancare,228
cimento,228
niger,228
pestaggio,227
fisicamente,227
politecnico,227
giovanotto,227
uccello,227
rassicurare,227
virgilio,227
convergente,227
prelà,227
ausilio,227
tassazione,227
trainante,227
sare,227
ladro,227
archiviare,227
ciglio,227
logoramento,227
catai,227
irpinia,227
chiana,227
amelia,227
tram,226
pittorico,226
decorrere,226
zuccherificio,226
reggino,226
ipotetico,226
flme,226
deli,226
allarmistico,226
sentito,226
diocesana,226
vecchiaia,226
instabilità,226
cgilcisluil,226
niki,226
nicaragua,226
tramonto,226
antichità,226
meccanizzazione,226
balneario,226
silvia,226
questionario,226
chitarrista,225
garantiscare,225
inscenare,225
promesso,225
spugna,225
tenacemente,225
aderere,225
disinvoltura,225
vincolante,225
insabbiare,225
incompleto,225
interiore,225
lunede,225
trattazione,225
fazioso,225
statutario,225
concetta,225
mantova,225
tinta,225
bonea,225
cervo,225
2500,225
stasi,225
eccedenza,225
prasso,225
striscia,225
marinaro,225
molteplicità,225
rema,225
trent,225
merì,225
mazara,225
spaccato,224
provinciare,224
ventaglio,224
roder,224
cooperativistico,224
sigillo,224
olmo,224
comperare,224
imponere,224
inferno,224
1946,224
fido,224
passeggiata,224
andré,224
raffronto,224
salento,224
snaturare,224
mangimo,224
mischia,224
gravita,224
insinuare,224
supplemento,224
deliberatamente,224
broncone,224
sicilio,224
mate,224
commemorazione,224
insensibilità,224
marto,224
riferiscare,224
napo,224
dazio,224
falsare,223
indissolubilità,223
riscoprire,223
trincerare,223
presenziare,223
comfort,223
concei,223
cerchare,223
umanitario,223
alexander,223
incrociare,223
ironico,223
frustrare,223
sborsare,223
indeggere,223
zanè,223
promuovare,223
altoparlante,223
rosato,223
pierino,223
vinto,223
hacker,223
gioielleria,223
errare,223
vece,223
rigidamente,223
pescaro,223
divano,223
locherei,223
riscossa,222
periodicamente,222
dichiarato,222
faticare,222
possibilmente,222
impresario,222
situa,222
agonia,222
occupere,222
compleanno,222
assillare,222
tocchare,222
frettoloso,222
renna,222
gaetano,222
arido,222
obiettare,222
chiano,222
valdese,222
prospettato,222
detentore,222
enter,222
alzatone,222
alterno,222
cale,222
annunziare,222
quadriennale,222
parallela,222
saverio,222
sovvenzionare,222
manicomo,222
annunziato,222
provantiso,222
aipac,222
petrolifera,221
annotare,221
coccia,221
spare,221
bovino,221
radiotelevisione,221
discoteca,221
cinico,221
prerogativa,221
risollevare,221
kiev,221
radiografia,221
degenerare,221
riscosso,221
escalation,221
ricci,221
doganale,221
giordano,221
risveglio,221
scandire,221
cala,221
scantinato,221
baby,221
discostare,221
erosione,221
disarmare,221
nume,221
recedere,221
intimare,221
fesa,221
tento,221
esenzione,221
amsterdam,221
adente,221
bombardare,220
popò,220
sentare,220
confidare,220
agguerrito,220
alessandrino,220
diocesi,220
card,220
appennino,220
brutalmente,220
inconcepibile,220
ammazzare,220
liberal,220
irriguo,220
apostolo,220
smarrimento,220
essenza,220
siciliare,220
improvvisare,220
grossisto,220
bakù,220
varesine,220
loto,220
divampare,220
venete,220
vitto,220
camus,220
sebastiano,220
interparlamentare,220
ercole,220
concordia,219
oppio,219
assediare,219
garda,219
tiburtino,219
ingenuità,219
materialmente,219
tredicesimo,219
dunia,219
ardeatina,219
accorgimente,219
razionalizzare,219
lane,219
avanza,219
motorizzazione,219
svegliare,219
diversivo,219
dispetto,219
solzo,219
frantumazione,219
compartimento,219
force,219
confcommercio,219
chirurgia,219
racchiudere,218
daere,218
gand,218
fluttuazione,218
volgare,218
strepitoso,218
acre,218
folta,218
riemergere,218
ardente,218
precauzione,218
tanzania,218
bieticolo,218
perdare,218
optare,218
salere,218
butadiene,218
fiduciario,218
fissato,218
andrebbero,218
munista,218
email,218
penare,218
violentare,218
divulgazione,218
ammassare,218
bang,218
diretti,218
viviana,218
crack,218
sarto,218
leggo,218
diciassette,217
ribattere,217
abilitare,217
simo,217
decada,217
dissipare,217
cartolina,217
legislatore,217
esentare,217
intensivo,217
confino,217
proves,217
cordova,217
triestino,217
filippine,217
connotazione,217
saccarifero,217
tributare,217
insistire,217
elba,217
ricevuta,217
imbarcare,217
tocco,216
obiettività,216
clio,216
manovale,216
antidivorzisto,216
ricomporre,216
leggerezza,216
flore,216
perseguitato,216
costatare,216
istruire,216
cassaforte,216
triplo,216
formidabile,216
coronare,216
ancare,216
conducente,216
emorragia,216
ghana,216
puma,216
canna,216
boicottare,216
aizzare,216
introdotre,216
colleferro,216
rial,216
condannano,216
allacciamento,216
sacrifico,216
album,216
improrogabile,216
lorettare,216
incessante,215
casso,215
lattiero,215
schedare,215
ferrarese,215
popolarità,215
brando,215
horn,215
mimo,215
sollecire,215
apollo,215
contesa,215
finzione,215
trentun,215
incoraggiante,215
acquea,215
protrarre,215
contestato,215
ghiaccio,215
variabile,215
staio,215
organicità,215
recluso,215
cilindro,215
prelieve,215
mattone,215
scadente,215
imprenditorialità,215
oslo,214
muratore,214
trattenuta,214
vacca,214
accertato,214
mediano,214
brevetto,214
amedeo,214
preconcetto,214
implicire,214
vetta,214
irrisorio,214
gregario,214
bellino,214
cottimo,214
premiazione,214
5000,214
velluto,214
eccezionalità,214
avvisaglia,214
indebolimento,214
tavolino,214
controffensiva,214
formaggio,214
ascolano,214
carolina,214
inspiegabile,214
nizza,214
restringimento,214
enormemente,213
valeria,213
baraccato,213
barocchetto,213
cellio,213
compressione,213
contestuale,213
sostanzioso,213
profilassi,213
qualunquistico,213
sciascia,213
sceneggiatore,213
allarmare,213
matematico,213
logorare,213
chilooetro,213
thailandia,213
traumatico,213
perentorio,213
terracina,213
negoziante,213
raio,213
1955,213
riqualificare,213
lotteria,213
suicida,213
identikit,212
citta,212
efferato,212
casone,212
immediatezza,212
chopin,212
sottocommissione,212
cataldo,212
preesistente,212
sciupare,212
quattrino,212
collettore,212
ulster,212
dibattuto,212
inne,212
ricare,212
ponzale,212
villano,212
rilevira,212
milazzo,212
bire,212
bacco,212
amato,212
vigila,212
abba,212
manufatto,212
lavorato,212
maratona,212
cinger,212
egiziani,212
dorio,212
sbarcare,212
fecondare,212
carter,212
élite,211
coesione,211
procedire,211
provvisoriamente,211
indisturbare,211
equivalente,211
cattaneo,211
calpestare,211
assicurato,211
iare,211
asterre,211
spetto,211
culminante,211
riacquistare,211
mondiali,211
dimezzare,211
etto,211
cinquantamila,211
tuffo,211
andino,211
dominazione,211
carrozza,211
real,211
sfortunato,211
macelleria,211
neutralizzare,211
conforto,211
orfano,211
apparare,211
grandissimo,211
monia,211
ferretto,211
cosmo,211
eletta,211
nubifragio,211
mezza,210
roba,210
sterminio,210
battare,210
nicolò,210
passivamente,210
alale,210
martinello,210
svincolo,210
scarica,210
troupe,210
steccato,210
addare,210
guglielmo,210
conserviero,210
allusione,209
pallacanestro,209
reggiana,209
nullo,209
bertoldo,209
insidiare,209
pieve,209
umiliare,209
novarare,209
dosa,209
emissario,209
sintese,209
fortune,209
fanetto,209
marcatura,209
decadere,209
asprezza,209
promettente,209
riattivare,209
aspramente,209
comi,209
drammatizzare,209
elusivo,209
ventilato,209
moralità,208
avvelenare,208
tennista,208
caldera,208
felicità,208
hard,208
molotov,208
presunzione,208
solidità,208
damiano,208
volontariamente,208
drogare,208
clorico,208
genericamente,208
approvvigionamente,208
scomodo,208
perone,208
pesala,208
occorrare,208
claunere,208
adito,208
riposare,208
evaso,208
fruizione,208
sacrosanto,208
emma,208
lappo,208
alloggiare,208
malamente,208
brembilla,208
subappalto,208
tipologia,208
retto,208
bancarotta,208
infortunare,208
limitrofe,208
flora,208
cannone,207
diffamazione,207
allacciare,207
fast,207
collaudo,207
inefficiente,207
reazionaria,207
biondo,207
sfrenato,207
cuno,207
intralce,207
avviato,207
scaglione,207
criticamente,207
brandi,207
munito,207
decente,207
stoccolma,207
direre,207
pongono,207
allargato,207
meditare,207
avare,207
ventilare,207
panoramica,207
apprensione,207
settario,207
costituìre,207
accrescimento,207
gabriele,207
aspirante,207
delimitare,207
bisca,207
disperare,206
annotazione,206
palmiro,206
felicitazione,206
patire,206
accostare,206
abilmente,206
rivenditore,206
eluso,206
effe,206
schiera,206
acritico,206
convertire,206
riconosciuto,206
univoco,206
accare,206
prostituzione,206
smilitarizzazione,206
adempimenti,206
dequalificazione,206
danneggiato,206
credare,206
cosimo,206
glasso,206
evacuazione,205
profonda,205
preannunciato,205
vlaeminck,205
prerogativo,205
coltellata,205
scrutino,205
liminale,205
tenetto,205
papà,205
moreno,205
aderenza,205
sollievo,205
congruo,205
neruda,205
concordemente,205
nuorese,205
moravia,205
affannoso,205
asino,205
palasport,205
apartheid,205
rollare,205
bietola,205
trentanno,205
abitabile,205
canon,205
responsabilizzazione,205
meridionalisto,205
cermes,205
gavino,205
liquidatore,205
icmesa,205
neutro,204
tosso,204
affascinante,204
naturalistico,204
espletare,204
agnese,204
irresponsabilità,204
urtare,204
incoraggiamento,204
spacciare,204
dirigenziale,204
avvantaggiare,204
commissionare,204
rodriguere,204
approssimazione,204
stefer,204
rapare,204
presero,204
sepolto,204
interdisciplinare,204
galles,204
bianchino,204
auro,204
omar,204
convulso,204
calabresi,203
strumentazione,203
pedro,203
decima,203
campanile,203
affossare,203
bugia,203
erger,203
reciprocamente,203
dopodomani,203
infermeria,203
quand,203
insistito,203
scaduto,203
pallottola,203
triangolo,203
venuti,203
compare,203
esplicare,203
menzionare,203
distare,203
formalità,203
oort,203
mela,203
sovrastare,203
esprimo,203
ragionato,203
riequilibrare,203
scherzo,203
petroliera,203
ossola,203
bilbao,203
tortuoso,202
sfumare,202
sterline,202
presiedutare,202
socializzazione,202
umanistico,202
copione,202
parito,202
bagnato,202
barricata,202
giovan,202
occorrente,202
corde,202
alemanna,202
scandalistico,202
psdo,202
intravvedere,202
pianello,202
rechere,202
dedicato,202
petra,202
ritocco,202
semplificazione,202
schematico,202
passeggiare,202
confidenza,202
rotabile,202
guerriero,202
fumare,202
dodicesimo,202
ocse,202
orbita,202
cilento,202
ataf,202
montevarco,202
accelerato,201
memorabile,201
cubo,201
sopruso,201
determinatasi,201
caratterizzante,201
scrupoloso,201
supplente,201
casolare,201
pianoforte,201
meccano,201
eone,201
cavaliero,201
domattinare,201
scorgere,201
adare,201
inferiorità,201
sinodo,201
episodico,201
tracollo,201
imbarco,201
muggia,201
convogliare,201
scenario,201
frammentario,201
convalidare,201
schiavo,201
carcerato,201
lupi,201
selezionato,201
bangkok,201
marineo,201
ramon,201
tragicamente,200
fisica,200
diciannove,200
progettista,200
unitarietà,200
paralizzante,200
intendevare,200
recapitare,200
conteggio,200
radiazione,200
cita,200
sodo,200
pencolo,200
adire,200
casare,200
francoforte,200
ballare,200
chino,200
gregoria,200
mister,200
timbro,200
indisponibilità,200
tesoreria,200
fiorire,200
contendere,200
espositore,200
biancorosso,200
sambenedettese,200
tangenziale,200
lambro,200
osimo,200
ventenne,199
roccia,199
beethoven,199
feroci,199
resoconte,199
lacerare,199
esclusiva,199
addestrare,199
inalterare,199
godimento,199
fantasioso,199
controspionaggio,199
producere,199
pentagono,199
gerarchico,199
efim,199
siriana,199
proponire,199
hinterland,199
borgato,199
imminenza,199
montone,199
normalizzare,199
tramutare,199
delfino,199
ruspa,199
immutare,199
oristare,199
baviera,199
forio,199
scalare,199
globalità,199
boschivo,199
turale,199
massacrare,198
sincera,198
squadracela,198
atalantare,198
conseguito,198
deficitario,198
constare,198
sentimentale,198
cippo,198
soffiare,198
prospettere,198
busi,198
ecclesiale,198
impetuoso,198
cerchiare,198
claudia,198
assogliere,198
tredicesima,198
ripetono,198
cristoforo,198
pagato,198
neda,198
topo,198
sbandamento,198
commemorativo,198
densa,198
onmi,198
antisovietico,198
agglomerato,198
carbonia,198
flessibilità,198
dolo,198
rivestimento,198
situo,198
crociace,198
camping,198
risaltare,197
devastazione,197
arder,197
poderoso,197
eterogeneo,197
impennata,197
gollista,197
etrusco,197
alludere,197
gioielliere,197
gigio,197
statura,197
greve,197
mercedes,197
albergatore,197
interroganto,197
corazzato,197
refezione,197
renon,197
dolente,197
milite,197
arre,197
ammalare,197
scalpore,197
posa,197
angusto,197
troverere,197
appropriazione,197
mile,197
ascino,197
ciprioto,197
amareggio,196
dedizione,196
irresistibile,196
gismore,196
contrastanto,196
etica,196
desidere,196
appesantire,196
curia,196
genoano,196
domina,196
rica,196
venare,196
asfalto,196
menare,196
mediare,196
oasi,196
precostituire,196
richiamira,196
illegalmente,196
credire,196
pallavolo,196
egemonico,196
stralciare,196
lella,196
ispettivo,196
trauma,196
regino,196
stregua,196
paradosso,196
inutilizzato,196
preavviso,196
inceneritore,196
colletto,196
violo,195
biotto,195
irreperibile,195
assistare,195
danilo,195
cordone,195
compilazione,195
strega,195
massiccia,195
temibile,195
mozart,195
ibera,195
gipre,195
vernice,195
butto,195
carnale,195
sintonia,195
defile,195
paragonare,195
bombardiere,195
ferrone,195
alma,195
offuscare,195
brillare,195
scuolo,195
cassiere,195
comitiva,195
tara,195
neutrone,195
cisterna,195
annesso,195
prefettizio,195
fulat,195
medicare,194
orrendo,194
tero,194
contropiedere,194
altare,194
orino,194
lastra,194
intercettare,194
sopraggiungere,194
prefiggere,194
xxii,194
desta,194
lendino,194
staffetta,194
ultime,194
aziendalistico,194
cuoco,194
dimessi,194
fiero,194
aclo,194
bruscamente,194
polidoro,194
gore,194
montanello,194
posi,194
oscillare,194
natalizia,194
torso,194
campanello,194
accampare,194
utensile,194
gramsci,194
rivolgono,193
dogana,193
aggredito,193
dicevare,193
dilatare,193
storiografico,193
snam,193
falsità,193
patrizia,193
dintorno,193
ginnastica,193
almè,193
mondere,193
lilia,193
interesso,193
tamponare,193
consiliaro,193
abbraccio,193
mimmo,193
bloccano,193
confluenza,193
peruviano,193
ricreare,193
arbitrare,193
abitualmente,193
paradossalmente,193
pubblicato,193
riccione,193
diffusore,193
illustrato,193
sfidante,193
gravitare,193
modico,193
fungo,193
perequativo,193
drago,193
riassunzione,193
capodanno,193
verdino,193
patologico,193
catalogna,193
magia,193
martella,193
incarcerare,192
1959,192
sorpreso,192
tromba,192
giustiziare,192
ellenico,192
cero,192
insinuazione,192
sloveno,192
coppolo,192
altissimo,192
rimontare,192
opponere,192
pesantezza,192
intrinseco,192
verifico,192
picco,192
pariolo,192
edgardo,192
loreno,192
esoso,192
otterre,192
sfacelo,192
schiarita,192
bignola,192
cagno,192
afferrare,192
kant,192
assecondare,192
pinna,192
riconore,192
napolere,192
noleggio,192
cinta,192
astener,192
anomalia,192
diversificare,192
diavolo,192
inserto,192
immondizia,192
geniale,192
capone,192
impraticabile,192
indiziato,191
comprensivo,191
asportare,191
puntualizzazione,191
campionario,191
termolo,191
ricacciare,191
speditamente,191
quartier,191
vitello,191
zante,191
specifica,191
popoloso,191
strapotere,191
rimpianto,191
nautico,191
sviluppatoso,191
nativo,191
attestato,191
cambogiano,191
sirena,191
umile,191
eneo,191
udinese,191
marinella,191
terendere,191
propulsivo,191
propensione,191
gobi,191
grillo,191
incuria,191
attuativo,191
murata,191
rieto,190
pronuncare,190
manica,190
stabilizzare,190
intenzionare,190
adorno,190
geometro,190
lustro,190
centriro,190
delittuoso,190
cadde,190
persico,190
4000,190
arto,190
nazionalisto,190
convenere,190
ordinazione,190
gradino,190
proietto,190
cumiana,190
petroliere,190
podio,190
boccia,190
sita,190
anti,190
nettuno,190
aprioristico,190
crown,190
traducere,190
ferocia,190
sulmona,190
suino,190
raffaello,190
barcis,190
biancheria,190
carrarare,190
leadership,190
gera,190
antincendio,190
recrudescenza,189
bredo,189
riassunte,189
follo,189
deterso,189
controvere,189
estromettere,189
educare,189
senz,189
berardo,189
raitv,189
cronaco,189
rivalità,189
1952,189
autogol,189
rustico,189
attrezzato,189
autofinanziamento,189
pochetto,189
clandestinamente,189
scampo,189
ustione,189
ischia,189
schoenberg,189
indocina,189
nominale,189
voragine,189
prematuro,189
siffatto,189
legato,189
ceramico,189
fomire,189
scomparse,189
svincolare,189
paesaggistico,189
fecore,189
nostrano,189
montalo,189
micere,189
ilio,189
vesuviano,189
casertano,189
prospetta,188
orribile,188
dinamismo,188
consuete,188
alessandra,188
vercello,188
insofferenza,188
contenure,188
inspiegabilmente,188
augurere,188
sollecitato,188
morra,188
ferra,188
rivolgire,188
lacrima,188
mania,188
volire,188
miope,188
attribuisce,188
pretendire,188
doratore,188
raffigurare,188
insoddisfatto,188
merire,188
cerreto,188
simeone,188
pakistan,188
reggiano,188
birra,188
iniezione,188
china,188
caloria,188
nosocomo,188
bastagi,188
adela,187
amareggo,187
dettagliare,187
superstrada,187
politeama,187
gaulle,187
femmina,187
elastico,187
parabola,187
blindato,187
diano,187
marare,187
reagan,187
1950,187
delinquente,187
cognome,187
spettanza,187
suffragare,187
siam,187
adda,187
prevista,187
giulietta,187
nefasto,187
pochissimo,187
degenza,187
cleto,187
eiezione,187
fulta,187
achillo,187
trasimeno,187
berufsverbot,187
spina,186
artefico,186
costanza,186
introducere,186
daniel,186
nenno,186
continuativo,186
ipocrisia,186
appendice,186
occulto,186
curdo,186
nuca,186
cerchia,186
ducale,186
screditare,186
flavio,186
social,186
occhetto,186
malumore,186
produttire,186
acustico,186
andrebbe,186
oscurare,186
canestro,186
brav,186
granelli,186
dettagliatamente,186
rana,186
interpartitico,186
infranto,185
centralismo,185
momentaneamente,185
word,185
archiviazione,185
illegittimità,185
espletamento,185
farsa,185
geologico,185
einstein,185
indilazionabile,185
rastrellamento,185
ancorché,185
costituito,185
routine,185
gorizia,185
liquame,185
peia,185
sorreggere,185
camerlengo,185
segregazione,185
termini,185
foza,185
reggimento,185
savoia,185
xxiii,185
spiccato,185
intrapreso,185
gesta,185
diamante,185
bagnole,185
valvola,185
decisi,185
alcool,185
utilizzato,185
tossicomane,185
tafferuglio,184
baschio,184
raffaella,184
caino,184
soccorritore,184
voluminoso,184
conciliazione,184
1954,184
import,184
agosta,184
ostiense,184
ingaggio,184
fondale,184
vecchia,184
momentaneo,184
intoppo,184
riconquista,184
diffidare,184
beniamino,184
cadetto,184
stento,184
coredo,184
incredibilmente,184
planck,184
urlare,184
ricambo,184
legalmente,184
commare,184
occhiale,184
spirare,184
salina,184
spargere,184
abbinare,184
autodromo,184
abusivamente,184
fattoria,184
cremonese,184
sipra,184
feng,184
geotermico,184
aggressività,183
presentatore,183
appostare,183
genericità,183
bolla,183
bresimo,183
gais,183
chrysler,183
paghare,183
impasse,183
agip,183
amadeo,183
comparso,183
paesino,183
battaglione,183
beneficiario,183
calza,183
alleare,183
obero,183
basilea,183
imbeve,183
adiro,183
decollare,183
mastro,183
congrettere,183
precongressuale,183
disappunto,183
nazifascismo,183
tipicamente,183
tesso,183
riflusso,183
lampo,183
bancarella,183
sodale,183
mitico,183
ritrovo,183
fuso,183
vignete,183
riconsiderare,182
migliorativo,182
trecentomila,182
strettissimo,182
onestamente,182
rubrico,182
colf,182
1930,182
palombo,182
indicato,182
magge,182
pensionabile,182
laicità,182
panoramico,182
chance,182
asserire,182
retroguardia,182
moralmente,182
arida,182
stranamente,182
rifa,182
cista,182
caravan,182
triplicare,181
tarantino,181
naufragare,181
locare,181
nullità,181
felicemente,181
subaltere,181
clemenza,181
garfagnana,181
chiasso,181
sussulto,181
aristocratico,181
flessibile,181
quiz,181
santino,181
valer,181
uruguaiano,181
sminuire,181
antonia,181
lusaka,181
dilaniare,181
ticino,181
congeniale,181
smaltire,181
rimasero,181
bossolo,181
idrocarburo,181
preparatore,181
orecchio,181
estrattivo,181
borghetto,181
corrare,181
borso,181
lavorante,181
marciapiede,181
petrone,181
designato,180
orchestrare,180
artico,180
jackson,180
autoritarismo,180
storiografia,180
abolì,180
audace,180
acutizzare,180
educatore,180
scatenato,180
pedone,180
costretto,180
annoverare,180
scagionare,180
moderare,180
finalissima,180
indignare,180
maccarello,180
alberai,180
satira,180
riverre,180
baghdad,180
giurisdizione,180
sembrere,180
paiono,180
spranga,180
diccio,180
pogrom,180
pacato,180
affidere,180
botte,180
dilatazione,180
imperiale,180
christian,180
vante,180
gustavo,180
amana,180
comunemente,180
progettuale,180
peugeot,180
manipolare,179
epicentro,179
umido,179
orecchia,179
censurare,179
contendente,179
capovolgere,179
insanguinare,179
1600,179
occultare,179
sbattere,179
organdi,179
discrezione,179
antares,179
agibilità,179
incassi,179
plaus,179
antagonista,179
vocale,179
meritato,179
boccio,179
mala,179
rinascimento,179
validamente,179
evasivo,179
ultimato,179
contraddistinto,179
siracuso,179
noioso,179
rieleggere,179
lacune,179
centra,179
sorridere,179
smaltimento,179
senare,179
tendopolo,179
compiacimento,178
graziare,178
americo,178
vangelo,178
gobo,178
incombente,178
protezionistico,178
soggiunto,178
lore,178
drammaturgo,178
rivivere,178
incrinare,178
municipalistico,178
convivere,178
dolere,178
spartire,178
deflagrazione,178
distruttivo,178
stio,178
specificatamente,178
esplorare,178
durevole,178
cito,178
pray,178
detta,178
geremia,178
carniare,178
conio,178
ceco,178
legittima,178
lavora,178
irpino,178
incalcolabile,178
stemmario,178
burattino,178
trezzare,177
aieta,177
trombadore,177
incostituzionalità,177
xiii,177
collezionista,177
1929,177
obiettore,177
ventesimo,177
concordanza,177
plebiscito,177
sposa,177
pendico,177
assimilare,177
vivacemente,177
rovinoso,177
ustionare,177
ponente,177
allestito,177
team,177
barco,177
insicurezza,177
sagra,177
gubbio,177
corretta,177
frequentatore,177
valentia,177
coinvolto,177
casaro,177
circostanziato,177
prontuario,177
anellino,177
medievale,177
capite,177
plesso,177
leggina,177
verre,177
subalternità,177
lipsia,177
ripulire,176
ammirazione,176
accolre,176
giampiero,176
engels,176
progressione,176
susseguirso,176
innocenza,176
folkloristico,176
orso,176
oriano,176
assolto,176
pergola,176
lampante,176
giovannare,176
informato,176
dibattilo,176
decadimento,176
infarto,176
edere,176
gilberto,176
motu,176
nevralgico,176
ripiegare,176
discrezionalità,176
riaccendere,176
macchiare,176
vegetazione,176
carte,176
orine,175
fornito,175
avviira,175
sfortuna,175
incrocio,175
vladimir,175
cauzione,175
argomentare,175
materialismo,175
autoritare,175
menzione,175
elargire,175
febbre,175
conseguere,175
protrare,175
respingare,175
coadiuvare,175
finirebbe,175
anione,175
costatazione,175
entrambo,175
venutase,175
bolivia,175
piantare,175
sebastiare,175
notazione,175
fuorilegge,175
tratti,175
gero,175
sigle,175
viziare,175
boxe,175
centesimo,175
intossicare,175
arias,175
focale,175
intare,175
anticongiunturale,175
mora,175
tampone,175
avvedo,175
sviluppere,174
moderazione,174
troncare,174
signoria,174
cisnal,174
ridefinizione,174
eccezionalmente,174
muscolo,174
consapevolmente,174
scientificamente,174
tenero,174
disseminare,174
sentiero,174
weimar,174
cinismo,174
fomentare,174
campagno,174
furioso,174
targare,174
strumentalmente,174
corresponsabilità,174
nordamericano,174
botteghino,174
flaminia,174
colmo,174
fantascienza,174
callone,174
vello,174
alter,174
eleno,174
realisticamente,174
indico,174
salo,174
debitorio,174
appaltatrico,174
sconfessare,173
frodo,173
imperniato,173
distendere,173
affetta,173
termoelettrico,173
bonaparte,173
trucidare,173
giuso,173
dillo,173
affollatissimo,173
prologo,173
anice,173
lift,173
time,173
dileguare,173
disperatamente,173
plausibile,173
anita,173
schlesinger,173
perdente,173
detonatore,173
caldes,173
concessionare,173
assiduo,173
velocemente,173
chiesto,173
monto,173
manageriale,173
galvano,173
attaccamento,173
liquichimico,173
conoscare,173
gabon,173
municipalizzare,173
residence,173
alema,173
siriare,172
taro,172
preservare,172
spiare,172
potenzialmente,172
aguzzo,172
vivaci,172
frascato,172
cicchetto,172
deflazione,172
metafora,172
imperversare,172
coinciso,172
snellire,172
generosità,172
chalet,172
accolto,172
solto,172
vesuvio,172
calia,172
agibile,172
campionare,172
trano,172
flamino,172
barletta,172
optional,172
giove,172
facente,172
dimostrativo,172
irritazione,172
brianza,172
laguna,172
telaio,172
chirurgo,172
anfiteatro,172
piccolissimo,171
manico,171
conoscente,171
miliardario,171
primare,171
atterrare,171
pendenza,171
graz,171
consacrare,171
disgregare,171
umiliazione,171
deprere,171
patetico,171
matricola,171
intentare,171
temperamento,171
choè,171
rivoltella,171
pugni,171
accese,171
bivio,171
controproducente,171
cogna,171
bufera,171
disgiungere,171
pettine,171
tabù,171
panettone,171
calde,171
montale,171
scarpare,171
1957,171
contraddistinguere,171
fgsi,171
rendiconto,171
crotonese,171
estremistico,171
cupola,171
moretti,170
rivoltoso,170
rotonda,170
difeso,170
gastone,170
rincarare,170
willy,170
tesserato,170
severino,170
pannella,170
nasa,170
sparizione,170
duce,170
completezza,170
importato,170
farmacista,170
insensibile,170
scavo,170
allentamento,170
catullo,170
pensionamento,170
contraddire,170
decorare,170
isernia,170
cronometro,170
greca,170
fume,170
contraddittorietà,170
fecondo,170
bastia,170
cnae,170
piena,170
vallare,170
calco,170
propata,170
acerra,170
sanguinario,169
viterbese,169
partecipavare,169
reputazione,169
granato,169
nuvola,169
riproposizione,169
mana,169
continuato,169
bino,169
brandt,169
cognizione,169
pluralista,169
accorciare,169
attanagliare,169
ginnale,169
esplode,169
favorita,169
inclusione,169
crociare,169
infortunato,169
smobilitare,169
rere,169
orfeo,169
velivolo,169
ilare,169
leccone,169
incriminato,169
semina,169
maranello,169
termo,169
pollo,169
coperta,169
lauto,169
accaparrare,169
mohammed,169
addotto,169
aggravio,169
contravvenzione,169
nomine,169
navigare,168
contropiede,168
carità,168
quito,168
fungere,168
plurimo,168
prosieguo,168
dici,168
interim,168
tranquillizzare,168
superficialità,168
ecologia,168
rispettoso,168
pericolanto,168
tulio,168
soffio,168
immunità,168
detersivo,168
ristrettezza,168
insistentemente,168
fegato,168
leopoldo,168
professionistico,168
com',168
carriere,168
proliferare,168
estendare,168
calciare,168
improponibile,168
fonderia,168
baccio,168
mandello,167
oltraggio,167
ragazzine,167
autogestire,167
incognita,167
strana,167
1949,167
tuia,167
paolino,167
succo,167
polemicamente,167
automazione,167
vene,167
positività,167
tumultuoso,167
leninista,167
bagnante,167
razzisto,167
telo,167
chierre,167
camerino,167
barcellono,167
aura,167
certaldo,167
resistente,167
issare,167
sensazionale,167
villeggiatura,167
gramscare,167
recinto,167
nilo,167
giacenza,167
dotato,167
fonogramma,167
motorio,167
aloso,167
fiesole,167
tremare,166
capolavore,166
affrontere,166
giuridicamente,166
fernandel,166
aids,166
foglia,166
bieticoltura,166
basilare,166
brigare,166
avocare,166
ostinatamente,166
logistico,166
invaso,166
ascoltatore,166
anfo,166
meditazione,166
busso,166
leana,166
singolarmente,166
intervengare,166
caere,166
appellare,166
colon,166
impalcatura,166
guidone,166
citto,166
metter,166
riescare,166
contrapponere,166
barletto,166
ricciarello,166
parassitare,166
peculato,166
guarigione,166
georgia,166
cavallino,166
anci,166
spogliarello,165
meritevole,165
fastidioso,165
livio,165
atrio,165
piccine,165
trascrizione,165
cancellerio,165
aureliare,165
congratulazione,165
rigettare,165
1100,165
alienazione,165
ostare,165
inesorabilmente,165
argo,165
file,165
rudimentale,165
abusare,165
peto,165
camito,165
sganciare,165
western,165
jacopo,165
province,165
egeo,165
frano,165
islamico,165
ostentare,165
padano,165
considero,165
odore,165
pone,165
vasta,165
affrontato,165
accollare,165
arancione,165
recita,165
nilde,165
attendevare,165
bica,165
veterano,165
grifone,165
bicolore,165
brunellesco,165
identificato,164
manlio,164
scardinare,164
rigetto,164
beatoli,164
radicato,164
bassissimo,164
gollismo,164
odiare,164
sopravvento,164
sovvertire,164
sfortunare,164
arbitrale,164
succursale,164
nipponico,164
cecchino,164
canarino,164
adro,164
reclusi,164
artificiero,164
gareggiare,164
terrare,164
sperato,164
imbattibile,164
disordinato,164
patton,164
notaio,164
borsellino,164
bite,164
rossano,164
fabriano,164
montese,164
uffizio,164
tome,164
psoe,164
conclave,164
astra,164
operatorio,163
pubblicizzare,163
cirillo,163
preferito,163
protendere,163
corrisposto,163
autenticità,163
chiudare,163
battello,163
coatto,163
yemen,163
limitativo,163
confessionale,163
fifa,163
1936,163
nazionalismo,163
boro,163
autoambulanza,163
possidente,163
contrabbandiere,163
teorizzare,163
interdizione,163
visuale,163
logorio,163
cilindrata,163
rivolge,163
perdonare,163
lapin,163
decolonizzazione,163
barocco,163
assisi,163
ragusa,163
egemone,163
centralissimo,163
peloso,163
ripreso,163
asinaia,163
sinistrato,163
lince,163
ammonimento,163
consapevolezzare,163
affittuare,163
galeazzo,162
ingalluzzì,162
padore,162
avvertare,162
dilagante,162
fiasconaro,162
cavaliere,162
antenna,162
canonico,162
luras,162
tasto,162
redazionale,162
mantovano,162
danielare,162
rassegno,162
tolgere,162
faida,162
soprano,162
basa,162
achea,162
sociologo,162
meduno,162
export,162
bavarese,162
chitarra,162
costituirebbe,162
disfatta,162
originariamente,162
sottrae,162
stabio,162
strascico,162
hsiao,162
cucco,162
1921,162
scorrettezza,162
liberte,162
saletta,162
avvocatura,162
cardalo,162
assassinato,161
addebito,161
ammortamento,161
dittatoriale,161
marcella,161
corsivo,161
assolve,161
tipografico,161
gerald,161
variamente,161
clara,161
reazionare,161
preminenza,161
schiller,161
spicciolo,161
manifestaziorre,161
amara,161
eliminatorio,161
fgce,161
calogero,161
conguaglio,161
barzotto,161
semplificare,161
posillipo,161
vale,161
cerignola,161
amicis,161
rieducazione,161
inail,161
quadrare,161
cosentino,161
esonerare,161
impruneta,161
faraonico,161
bieno,161
assolino,161
furore,160
battipale,160
volturno,160
distaccato,160
maldestro,160
busto,160
infiltrare,160
secondere,160
romanista,160
giovinezza,160
narrativa,160
correlazione,160
agnare,160
ventotto,160
colpevolezza,160
stampato,160
stoccaggio,160
pudore,160
dissennato,160
apprezzato,160
riconvocare,160
insormontabile,160
osteggiare,160
escursione,160
bassetto,160
ingorgo,160
sganciamento,160
inventario,160
allagamente,160
destituire,160
bastere,160
vicentino,160
noie,160
guerina,160
soggiornare,160
vinicolo,160
carpo,160
mestra,160
divulgare,160
ionico,160
frenante,160
umiliante,160
compartimentale,160
spontaneità,160
poetica,160
riscontrabile,160
buca,160
incarnare,160
luciana,160
1800,160
prelato,160
ance,160
vetrata,160
lasso,160
atterraggio,160
espio,160
mezzadrile,160
doro,160
frappongere,160
sottoscrivo,160
vitivinicolo,160
armonizzare,159
basto,159
meschino,159
duilio,159
tubre,159
francescano,159
mico,159
accanire,159
metafisico,159
bufalini,159
asciutto,159
pronunciamente,159
dirotto,159
scortare,159
vado,159
malagnino,159
crudo,159
coopera,159
cooperare,159
suscire,159
contrastano,159
fortunare,159
febbrile,159
acaro,159
centralino,159
accresciere,159
penetrante,159
sottostare,159
goccia,159
campare,159
epico,159
duccio,159
movimentato,159
oltremodo,159
assunse,159
laurare,159
trafficante,159
tris,159
dozzina,159
ingranaggio,159
coltivatrico,159
logicamente,159
registratore,159
polline,159
orlantisi,159
intascare,159
referente,159
empolese,159
manoscritto,159
baia,159
nore,159
riedizione,159
bisentino,159
aldino,159
smottamento,159
mella,158
ricettazione,158
trapanese,158
laces,158
invalido,158
sconvolto,158
oltranzisto,158
qualvolta,158
direggere,158
indiscriminatamente,158
ottocentesco,158
traspare,158
avverso,158
lire,158
oculato,158
lara,158
guerrino,158
obbedire,158
improprio,158
brennero,158
proibitivo,158
soffitto,158
autoferrotranviere,158
vacante,158
cambogiare,158
anelaio,158
adalberto,158
grottaminarda,158
computer,158
categoricamente,158
collabora,158
capitalisto,158
trimestrale,158
tomo,158
pancrazio,158
aspe,158
galoppo,158
cles,158
stabilmente,158
sorrentino,158
feretro,158
stico,158
black,158
fulmine,158
cadenza,158
considerevolo,158
tecnologicamente,158
redditività,158
profuso,158
cantù,158
timo,158
pregevole,158
firenzo,158
assestamento,158
coetaneo,158
diniego,158
virus,158
spoglio,157
balsamo,157
squalificato,157
puntualità,157
datare,157
corallo,157
pedagogia,157
maglieria,157
almanacco,157
direvere,157
morare,157
divergente,157
scaligero,157
sessantina,157
fluido,157
handicap,157
informatica,157
distogliere,157
perimetro,157
marsica,157
1937,157
falde,157
troncone,157
pronte,157
ferere,157
disinformazione,157
sinfonia,157
solenno,157
orazi,157
slare,157
lasa,157
concretizzazione,157
inaspettato,157
delta,157
flash,157
concere,157
favoritismo,157
spopolamento,157
manette,157
sovraffollamento,157
trotto,157
gioacchino,157
defezione,157
incorporare,157
asello,157
abbozzare,157
degrado,157
dizionario,157
bettino,157
balistico,156
neonazista,156
esclamare,156
ferreo,156
iniquo,156
assia,156
prosciogliere,156
deliberante,156
agliano,156
tolto,156
dispersivo,156
forfait,156
vincenzore,156
densità,156
stonare,156
faziosità,156
giacente,156
appresare,156
volutamente,156
naufragio,156
imbattere,156
dallas,156
quotato,156
pretorio,156
angolazione,156
proibito,156
leggendario,156
albano,156
sciopere,156
dama,156
organigramma,156
vivissimo,156
scontento,156
visibilmente,156
trucco,156
pessimistico,156
barbarie,156
combustione,156
anticomunisto,156
latente,156
cos',156
colluttazione,156
attui,156
promere,156
ristagno,156
gratuità,156
fiorino,156
ergere,156
agie,156
tramare,156
prece,156
miniare,156
cassia,156
unii,156
militanza,156
sorgi,156
collera,155
ambientare,155
doso,155
prodezza,155
catasto,155
aggrada,155
coop,155
mail,155
ciabattone,155
sconvolgimento,155
bertolda,155
riallacciare,155
serre,155
corrisporre,155
difficoltoso,155
estenuante,155
bernino,155
schianto,155
padrino,155
ritenuta,155
partitico,155
scettico,155
rosaria,155
desiderano,155
propulsore,155
pioniero,155
tolta,155
prosegue,155
supplenza,155
abilitazione,155
stura,155
ordire,155
configurazione,155
domaso,155
vercelle,155
sindacalizzazione,155
gelato,155
precipitazione,155
marcai,155
barbero,155
affrettato,155
mandarino,155
contuso,155
ilde,155
villeggiante,155
pessano,155
moire,154
animasi,154
classifico,154
fischiare,154
oggettività,154
labor,154
gratitudine,154
spartaco,154
traiare,154
trentacinque,154
nuocere,154
arredare,154
circonvallazione,154
rinforzare,154
senonché,154
dividire,154
artificiosamente,154
dardanelli,154
reintegrare,154
narrazione,154
rossello,154
accusatore,154
imprecisato,154
attenuazione,154
sbarazzare,154
gastronomico,154
pedonale,154
gravissime,154
riferendoso,154
vendicare,154
partile,154
fellini,154
pacare,154
osservatorio,154
tabellone,154
licato,154
cenzo,154
passamontagna,154
usuale,154
pugilato,154
finalizzato,154
mohamed,154
savino,154
righetto,154
castellino,154
intensa,154
avancia,154
lanzi,154
rimanenti,154
imprenditoria,154
logge,154
maglietta,154
cerro,153
schedatura,153
cortesia,153
psichiatra,153
psicofisico,153
crescendo,153
gaeta,153
orizzontale,153
sesta,153
incisione,153
finto,153
pluto,153
opposte,153
tosco,153
delicatissimo,153
commisurare,153
illuminato,153
detrito,153
cenare,153
bordone,153
estinzione,153
escogitare,153
deleterio,153
usura,153
succedare,153
susanna,153
giovano,153
eccellenza,153
pugilistico,153
terso,153
ariel,153
pilotare,153
ortodosso,153
scioperanto,153
tassinare,153
videro,153
ragionale,153
indumento,153
vecchietti,153
diedero,153
tirso,153
zinne,153
darsena,153
brescio,152
tassinario,152
pepe,152
corner,152
controllabile,152
rimbalzare,152
consegnato,152
ettario,152
inefficace,152
vaccinazione,152
frantume,152
bersone,152
vincenza,152
prettamente,152
pirandello,152
cordialità,152
prodigare,152
prasco,152
flesso,152
quest',152
lesto,152
intralciare,152
coll',152
borbone,152
stere,152
vissuto,152
rimottere,152
orizzonto,152
contenzioso,152
attribuere,152
abnorma,152
rivelatore,152
inconsueto,152
latto,152
ascensore,152
esimere,152
drogato,152
avversione,152
confindustriale,152
paragonabile,152
costanzo,152
anteprima,152
cerchiato,152
debellare,152
alca,152
seccamente,152
priolo,152
marcire,152
casualmente,151
comasco,151
incitare,151
antidivorzista,151
chiacchiere,151
panino,151
ali',151
banchetto,151
fatalmente,151
redditizio,151
fieristico,151
mentire,151
petrolifere,151
erre,151
golf,151
pallesco,151
smistamento,151
inagibile,151
mosse,151
effettuato,151
antifasciste,151
dealà,151
stupendo,151
ispettorare,151
modestia,151
sfato,151
convenuto,151
alleggerimento,151
pubblichare,151
emanuela,151
iene,151
inconveniente,151
norvegia,151
mozambicano,151
materasso,151
albert,151
gestiscire,151
falange,151
divorare,151
volpone,151
casetta,151
propor,151
sodare,151
ispra,151
lettero,150
differire,150
duca,150
mendel,150
gabrio,150
abate,150
spiacevole,150
saggezza,150
sonore,150
implacabile,150
cadente,150
dissidio,150
teleschermo,150
vicedirettore,150
sostanziare,150
nadia,150
agna,150
farso,150
imputabile,150
costruito,150
malsano,150
sporto,150
diverre,150
banner,150
residue,150
tentennamento,150
ribellare,150
pizzico,150
giampaolo,150
incongruenza,150
rovescia,150
galilei,150
freccia,150
brivido,150
ubicare,150
flog,150
sociosanitare,150
appassionante,149
nazionalmente,149
doppietta,149
andremo,149
chierico,149
sottosviluppato,149
maine,149
tunisi,149
congiura,149
esplorazione,149
dicere,149
mugic,149
modernità,149
ventitré,149
annui,149
destituzione,149
sciagurato,149
insabbiamento,149
ostinazione,149
sbaglio,149
doposcuola,149
negato,149
disagiato,149
documentato,149
posare,149
arnad,149
oculare,149
nocciolo,149
estensore,149
permettare,149
potessero,149
orologio,149
sconsigliare,149
tamponamento,149
colorato,149
venezuelare,149
grazioso,149
immotivare,149
appariscente,149
papadopulos,149
iracheno,149
chiamante,149
orza,149
aratese,149
patologia,149
pezzato,149
ventriglio,149
arthur,149
adriatica,149
orazione,148
azzurre,148
emimere,148
6ono,148
annetto,148
dissimile,148
svuotamento,148
elasticità,148
prontezza,148
provo,148
drop,148
paternalistico,148
fatalità,148
esonero,148
ricattare,148
cranico,148
cogere,148
accompagnatore,148
amoroso,148
marcellina,148
festoso,148
conformismo,148
tondo,148
missiva,148
canne,148
tristemente,148
paniere,148
deposto,148
genero,148
disorganico,148
infrastrutturale,148
culmine,148
postazione,148
amichevolo,148
calmo,148
imperio,148
brone,148
canapa,148
connubio,148
frusta,148
esile,148
fiorente,148
trascorso,148
cigni,148
ivrea,148
coniglio,148
spese,148
predente,148
elettromeccanico,148
bertabello,148
frizione,148
dormitorio,148
fonda,148
dalila,148
texas,148
rilento,148
idoneità,148
meda,148
poup,148
gepio,148
ansaldo,148
bicentenario,148
fanatico,147
magnano,147
merlino,147
concettuale,147
tormentare,147
retro,147
istallazione,147
ludovico,147
esorcizzare,147
gollistare,147
dissoluzione,147
dolciario,147
metal,147
conduttura,147
pallido,147
valso,147
enpas,147
palesare,147
fisiologico,147
porzione,147
raimore,147
lucro,147
piea,147
battire,147
innovare,147
braies,147
areo,147
assembleere,147
durissimo,147
gemellaggio,147
sottostante,147
cario,147
esasperante,147
terrorizzare,147
avvia,147
dipartimentale,147
eque,147
ambulatoriale,147
municipalizzata,147
deputazione,147
fabiano,147
torpè,147
canguro,147
medina,147
massenzio,147
rigurgito,146
inaudito,146
imminento,146
repentino,146
orgoglioso,146
cinare,146
corporazione,146
ammasso,146
pantera,146
evolutivo,146
font,146
schiantare,146
carato,146
ramificazione,146
1920,146
accoltellare,146
pompiere,146
milito,146
prefabbricare,146
usci,146
sparuto,146
denunziare,146
autodifesa,146
luandare,146
stabilito,146
derivato,146
dirompente,146
preludere,146
protratta,146
hilton,146
fusco,146
madone,146
paris,146
fune,146
commistione,146
apparve,146
star,146
goffredo,146
penalizzare,146
arcipelago,146
masai,146
incanalare,146
cosenzo,146
preliere,146
roca,146
bartolino,146
diversificato,146
maggi,146
gesso,146
fucecchio,146
interdipendenza,145
sabina,145
annidare,145
costituari,145
anomale,145
addurre,145
belvedere,145
smontare,145
rottame,145
globo,145
bistro,145
dichiaratamente,145
abire,145
cappuccio,145
rapanelli,145
caporale,145
brina,145
rialzare,145
inesorabile,145
presidium,145
ingoiare,145
esorbitante,145
curriculum,145
bollino,145
robot,145
mignon,145
affar,145
pilone,145
undicesimo,145
disc,145
podere,145
trasportatore,145
rovescio,145
alfio,145
cardiff,145
logo,145
calabro,145
ronco,145
1938,145
risalente,145
strasburgo,145
deliberativo,145
brema,145
micele,145
dalmine,145
tendo,145
petronio,144
piazzamento,144
andreare,144
cerchere,144
disinvolto,144
altura,144
discipline,144
psicologo,144
terrestre,144
radioattivo,144
stazionare,144
violino,144
tutore,144
citrine,144
samoa,144
agostiniano,144
olla,144
sbandare,144
gergo,144
lunare,144
condizionato,144
regresso,144
addison,144
inconcludente,144
ossessivo,144
ricchissimo,144
anca,144
riflettare,144
bevanda,144
aprare,144
astere,144
larghissima,144
serpeggiare,144
rotocalco,144
conservatrico,144
cocente,144
maligno,144
iridato,144
comincio,144
creatura,144
condizionano,144
torio,144
assicuratore,144
sprovvista,144
partitura,144
distillazione,144
turbo,144
quant,144
rivitalizzare,144
xvii,144
intersindacale,144
uganda,144
meetings,144
infisso,143
tratteggiare,143
centocinquanta,143
ciclone,143
spareggio,143
nunzio,143
1951,143
atelier,143
rimarrare,143
filato,143
ippico,143
deprezzamento,143
trentadue,143
contradode,143
larga,143
impreparare,143
attere,143
retrocedere,143
forzatamente,143
interazione,143
arringa,143
sottoccupazione,143
irriducibile,143
laceranto,143
minaccio,143
utilmente,143
caviglia,143
trasposizione,143
risultavare,143
insignificante,143
vivaco,143
insoluto,143
infermiera,143
fervido,143
sondrio,143
invasore,143
scenografia,143
cesto,143
maggiora,143
agraria,143
rosà,143
fierare,143
bellagio,143
quarantamila,143
causo,143
lirio,143
messo,143
incontrollabile,143
paola,143
compartecipazione,143
impoverimento,143
sollecitudina,143
tessero,143
satirico,143
crea,143
barbiero,143
deturpare,143
oreste,143
rifreddo,143
emorroido,143
alliste,142
cranio,142
lese,142
beneficenza,142
pontino,142
rieta,142
giraste,142
paro,142
bagnare,142
melone,142
sanzionare,142
proposizione,142
broglio,142
michelin,142
serenamente,142
placido,142
riordinare,142
maputo,142
antiunitario,142
arbitrariamente,142
medioevo,142
deformare,142
tango,142
matrico,142
controparto,142
carteggio,142
servendoso,142
damiana,142
inoltrato,142
rifacimento,142
boliviano,142
disinteressare,142
laudo,142
integralistico,142
voltafaccia,142
contenuti,142
virtualmente,142
idroelettrico,142
divenute,142
galante,142
manifatturiero,142
ascii,142
notorietà,142
contralto,142
tassello,142
elmo,142
cozzare,142
semplicistico,142
rima,142
artù,142
trattoria,142
sfuggono,142
disumano,142
baco,142
sonda,142
apprendimento,142
organizza,142
lapo,142
seul,142
capeggio,142
flegreo,142
agitato,141
accurare,141
corrisposre,141
muscolare,141
redino,141
propagare,141
lineamento,141
evangelico,141
comprimere,141
deflazionistico,141
pasticcio,141
reclutato,141
premiato,141
presupponere,141
cimente,141
societario,141
inqualificabile,141
calmare,141
frettolosamente,141
garofano,141
bastione,141
condominio,141
cognato,141
cerebrale,141
traiettoria,141
dirottamento,141
automatismo,141
particolaristico,141
simbolicamente,141
rockefeller,141
padronare,141
senior,141
azza,141
valevole,141
istituzionalmente,141
contaminazione,141
ispezionare,141
manicomiale,141
sinaie,141
fumoso,141
fascio,141
benzinao,141
foglietto,141
sedizioso,141
francere,141
ausiello,141
dotta,141
arcangelo,141
inceppare,141
thailandese,141
lampadario,141
andazzo,141
transazione,141
recriminare,141
hockey,141
sprigionare,141
rapprese,141
ritto,141
acceleratore,141
achille,141
picchettaggio,141
liso,141
roll,141
olimpiadi,141
iacopo,141
fuoriuscita,141
automec,141
corrispondare,140
nutrere,140
ansioso,140
circondario,140
baiso,140
affanno,140
truman,140
compianto,140
anaao,140
appendere,140
ferrucciare,140
condensare,140
affino,140
anselmo,140
supposizione,140
repentaglio,140
paramilitare,140
liceale,140
inscindibile,140
eccedere,140
quatto,140
fuggitivo,140
erro,140
paramilitario,140
bilance,140
quintetto,140
free,140
esine,140
kaunas,140
soffocante,140
evasi,140
primaverile,140
trincea,140
napole,140
ottavio,140
recensione,140
avvii,140
facoltativo,140
antillo,140
peronista,140
brutalità,140
incidare,140
anomalo,140
appaltatrice,140
bisso,140
microfono,140
celso,140
colre,140
panamense,140
realizzo,140
balla,140
inchiodare,140
dian,140
onno,140
tirrenico,140
barrere,140
doppiare,140
mattarello,140
corriero,139
crema,139
patriota,139
quindicimila,139
sbilanciare,139
abisso,139
babila,139
remoto,139
1942,139
carceriero,139
eleganza,139
elogiare,139
dieta,139
ridda,139
ammoniaca,139
ferrato,139
camionista,139
fedelmente,139
categorico,139
rifugiato,139
foga,139
anglosassone,139
montelepre,139
motociclismo,139
inflitto,139
vibrato,139
obbligatore,139
staso,139
fuorigioco,139
astro,139
revival,139
autonomisto,139
impunemente,139
compie,139
garlaschello,139
cerner,139
condo,139
affiliare,139
valoroso,139
disfare,139
geloso,139
bottazzo,139
strangolare,139
disastrato,139
tena,139
sventurato,139
uria,139
ventre,139
percezione,139
angusta,139
risultante,139
presumibile,139
prosperare,139
collegialità,139
imagno,139
tribù,138
addensare,138
fondamente,138
sovversione,138
risi,138
attardare,138
agonismo,138
manovre,138
uditorio,138
pacificamente,138
opuscolo,138
hobby,138
rincorsa,138
calve,138
climatico,138
aliena,138
detentivo,138
rimasre,138
boccherino,138
tartare,138
riterre,138
pretese,138
predicare,138
ventisei,138
squisitamente,138
malformazione,138
adolescente,138
inadempiente,138
compensazione,138
norcia,138
rimpiazzare,138
argon,138
seui,138
desto,138
regionalisto,138
torte,138
assestare,138
aliquoto,138
molino,138
sperimentato,138
susa,138
kenya,138
scoria,138
cooperativare,138
spano,138
tesserino,138
rifreddi,138
borromeo,137
compiacenza,137
abadan,137
scolo,137
malta,137
lotus,137
clou,137
piovano,137
potestà,137
paternalismo,137
recitazione,137
1939,137
perseguere,137
asprare,137
smentito,137
contorto,137
paco,137
patrizio,137
nola,137
boato,137
acino,137
egoismo,137
3500,137
conda,137
officine,137
monda,137
moltiplicazione,137
impaccio,137
rallegrare,137
recinzione,137
glio,137
inconsistenza,137
lastrico,137
pene,137
invia,137
campionaria,137
impreciso,137
rettifica,137
avvincente,137
modificato,137
scollamento,137
imprescindibile,137
inattività,137
zuccherifico,137
celerità,137
formato,137
correlare,137
turnista,137
instancabile,137
fiji,137
figc,137
calzaturificio,137
suppellettile,137
handicappare,137
aspromonte,137
precostituito,137
fanale,137
salmonelloso,137
protestanto,136
assenteista,136
alala,136
irene,136
paigc,136
vaio,136
inseguitore,136
annullo,136
pappalardo,136
impietoso,136
svalutare,136
conversare,136
dirette,136
ballottaggio,136
discrezionale,136
inalienabile,136
calvo,136
vascello,136
occhiata,136
infrangere,136
quindicesimo,136
gestazione,136
lamentela,136
taormina,136
copenaghen,136
fiom,136
cancellazione,136
villo,136
motociclistico,136
stillicidio,136
librario,136
minere,136
esteriore,136
classista,136
ineccepibile,136
fulminare,136
collante,136
luigio,136
inserisconore,136
ripiano,136
perseguimento,136
lirica,136
visibilità,136
mercatino,136
vegetale,136
adducere,136
costituere,136
infiammabile,136
requisire,136
paravento,136
novolo,136
analista,136
accostamento,136
cosmonauta,136
rubinetto,136
stet,136
sradicare,135
fascirre,135
alco,135
accanito,135
inesauribile,135
strenuo,135
aggiungare,135
lena,135
limitatamente,135
casine,135
riassorbire,135
precoce,135
dimenticato,135
insistare,135
sile,135
disorientare,135
narratore,135
ultimazione,135
sfrattare,135
daria,135
intersettoriale,135
pericolante,135
espositivo,135
gretto,135
cosmico,135
contribuiscare,135
abbi,135
aggravante,135
torno,135
accentramento,135
allein,135
prospero,135
scherzare,135
serafino,135
soggezione,135
marasma,135
accentratore,135
pubblicistica,135
migratorio,135
alghero,135
nadiare,135
gerardare,135
artare,135
beppe,135
barbabietola,135
scuota,135
corsione,135
capra,135
effimero,135
ambigua,135
legittimazione,135
burgos,135
iorio,135
platire,135
inoltro,135
modernissimo,135
lugare,135
sommariamente,135
marconi,135
follonica,135
cisare,135
snello,134
vicequestore,134
quarantacinque,134
propizio,134
nascare,134
teologico,134
osvaldo,134
collaborazionista,134
juventino,134
interpol,134
elargizione,134
anagrafico,134
analogamente,134
viii,134
fagiolo,134
bargere,134
drappo,134
mante,134
anitare,134
colorare,134
propagandare,134
superpotenza,134
gina,134
giaccare,134
greta,134
grossista,134
lievemente,134
vinci,134
redistribuzione,134
retribuito,134
allietare,134
fore,134
sfruttato,134
ammodernare,134
stazionario,134
iridare,134
castellano,134
esiguità,134
cada,134
gazzella,134
lazzo,134
finanziano,134
invariare,134
cavillo,134
bisente,134
faunistico,134
placare,133
perverso,133
galoppante,133
pianificare,133
sola,133
teologo,133
psicologicamente,133
street,133
infernale,133
splendore,133
andrei,133
venuta,133
gemma,133
dattiloscritto,133
scrivare,133
riconvertire,133
boeing,133
audizione,133
invasi,133
persuasione,133
teoricamente,133
capitalistica,133
inestimabile,133
naviglio,133
articolista,133
auspicato,133
magra,133
assiso,133
esiliare,133
agrumo,133
maffeo,133
prevedare,133
magnetico,133
gazzaniga,133
indio,133
meccanicamente,133
albino,133
guarino,133
sentano,133
giuda,133
lamo,133
pina,133
homo,133
consociata,133
netturbine,133
ancono,133
notissimo,132
marme,132
facchino,132
accadde,132
pretendare,132
paurosamente,132
comparizione,132
calenzano,132
zecca,132
talora,132
vincent,132
rotore,132
falcidiare,132
contraddicere,132
rinvenimento,132
rappresentavare,132
rama,132
manifatturiere,132
graduatorio,132
verticistico,132
inattivo,132
quaranto,132
ostino,132
sfasatura,132
piera,132
congestione,132
cilindrato,132
nascondiglio,132
portorico,132
modernizzazione,132
gomito,132
corrispettivo,132
ciancio,132
congiungere,132
domini,132
settarismo,132
immaginabile,132
iberico,132
lembo,132
isaia,132
vaccaro,132
zeno,132
nordest,132
consesso,132
cinquantesimo,132
curio,132
rifacere,132
avaro,132
sinio,132
sales,132
monetare,132
derivazione,132
ripiegamento,132
scolario,132
brooklyn,132
sobborgo,132
nedo,132
leder,132
scuolare,132
publio,132
ciampino,132
revisore,132
sottobosco,132
pozzetto,132
anconitano,132
pongano,132
instabile,132
particella,132
inutilità,132
accesa,132
scaglionamento,132
ragioniere,132
spino,132
indicizzazione,132
pistoiare,132
richiedente,132
dock,131
affissione,131
maledetto,131
gigi,131
ciononostante,131
propone,131
pellicano,131
riconoscenza,131
solire,131
centralizzato,131
pool,131
prevalgere,131
partorire,131
invischiare,131
gelosia,131
sequestratore,131
averso,131
affollano,131
piaga,131
scommessa,131
dottoressa,131
imprevista,131
sindacalo,131
ragnatela,131
giustificabile,131
terrestro,131
stero,131
bancone,131
grattacielo,131
spianare,131
coito,131
casanova,131
contrassegno,131
pesto,131
molisano,131
ateo,131
arola,131
veglia,131
elaboratore,131
indigeno,131
selene,131
betta,131
apuano,131
dentare,131
mondatore,131
elso,131
gaio,131
centralizzare,131
inala,131
rifondazione,131
ingiustificabile,131
contrastato,131
eccettuare,131
dividendo,131
palazzone,131
riciclare,131
corfù,131
lusardo,131
riattivazione,131
williams,131
brianzolo,131
porteere,130
psiup,130
lamare,130
idolo,130
forcing,130
vagare,130
rodrigo,130
spogliare,130
sussistenza,130
calcare,130
rispolverare,130
esigente,130
estro,130
incartamento,130
durre,130
sarno,130
dominatore,130
amleto,130
compartimente,130
petrarca,130
ballata,130
salda,130
prototipo,130
miscela,130
prioritariamente,130
retrospettivo,130
specificazione,130
ventisetta,130
antologico,130
battocco,130
catalogazione,130
fucilazione,130
fossato,130
addii,130
lentare,130
acanto,130
crociera,130
montedison,130
potentato,130
corsica,130
pascal,130
patata,130
egidio,130
persia,130
incolte,130
obbligazionario,130
marea,130
vizioso,130
fiala,130
anpac,130
loggione,130
alcamo,130
tossicomania,130
dipolo,130
democrito,130
intimidire,129
nubi,129
buffa,129
precauzionale,129
ottone,129
quotare,129
puntato,129
regolazione,129
cristianesimo,129
grezzo,129
gelido,129
ippolito,129
giorgiare,129
multilaterale,129
estirpare,129
malvivento,129
retrovia,129
rinnegare,129
rientrano,129
taiwan,129
incappare,129
dorare,129
affinità,129
acciaieria,129
abrogativo,129
tornere,129
leinì,129
suzuki,129
equamente,129
reversibilità,129
dilla,129
ivano,129
teorizzazione,129
eccelso,129
pellegrinaggio,129
scipione,129
calabriare,129
bunker,129
adombrare,129
colombia,129
legiferare,129
permanentemente,129
saraceno,129
laterizio,129
emiliare,129
mantovo,129
rieti,129
garden,129
nuore,129
ciare,129
certosa,129
confezionato,129
azzone,129
nascente,129
contrarietà,129
spagno,129
technicolor,129
sfornare,129
grana,129
coscia,129
passata,129
ripetitore,129
castelfiorentino,129
roulotte,129
camerata,128
violentissimo,128
ingrossare,128
sincerità,128
beat,128
cautelativo,128
pertino,128
ispirato,128
insanabile,128
altere,128
pota,128
bronco,128
manifatturiera,128
mangione,128
andria,128
sipario,128
indebito,128
allendere,128
fittizio,128
diminuito,128
annunzi,128
fucino,128
scarno,128
pregiudizialmente,128
astare,128
bussare,128
torgere,128
trionfare,128
leopardo,128
sudvietnamito,128
moccolo,128
desistere,128
radar,128
illustrativo,128
convenzionato,128
riscaldare,128
prere,128
granello,128
infrasettimanale,128
cittadine,128
binomio,128
chiarello,128
imponibile,128
estenuanto,128
caldaia,128
vigneto,128
presi,128
eppoi,128
pompe,128
bidente,128
mauritania,128
sottocosto,128
timor,128
teor,128
istituzionalizzazione,128
rinascito,128
paniero,128
trapasso,128
eleve,128
fotocopia,127
vietnamire,127
cattedre,127
incitamento,127
recisamente,127
supplire,127
siglato,127
lumo,127
chiere,127
allegato,127
villino,127
massi,127
avesta,127
festeggiamente,127
tecnocratico,127
plere,127
euforia,127
odissea,127
calorosamente,127
statuale,127
riscottere,127
infuriare,127
taylor,127
scafo,127
riveste,127
castrovillare,127
sardare,127
silo,127
difformità,127
corredo,127
ercolano,127
scacciare,127
gatta,127
gare,127
telemeccanica,127
inconsistente,127
pacem,127
presupporre,127
lungarno,127
umidità,127
santine,127
svago,127
auge,127
apostolico,127
previsionale,127
bidone,127
circuire,127
debuttare,127
sorgare,127
passerella,127
uniformare,127
incontestabile,127
sproporzionato,127
bombola,127
risibile,127
ricusazione,127
saltuario,127
sassarese,127
templio,127
bellissimo,127
diagnostico,127
pontassieve,127
eolia,127
gangster,126
involontario,126
inaugura,126
probiviro,126
frammentazione,126
bilico,126
auspice,126
fuggono,126
sergente,126
metrare,126
veridicità,126
corruttore,126
cronologico,126
svolgevare,126
tania,126
cameriere,126
viaggiante,126
approssimare,126
intercategoriale,126
deferire,126
controproposta,126
giordane,126
colere,126
lucare,126
cospicue,126
nazionalizzare,126
donald,126
calibrare,126
sparatore,126
affannare,126
lombarde,126
gagliardo,126
noverino,126
compaiere,126
astronomico,126
addentrare,126
siracusano,126
ratre,126
torace,126
viluppo,126
tortorella,126
accuso,126
adrianare,126
munì,126
curato,126
fiammingo,126
monzese,126
selvaggina,126
truffare,126
mincio,126
tirrene,126
lugano,125
johannes,125
tragitto,125
segnato,125
intimamente,125
alluminio,125
dublino,125
assurdamente,125
olimpia,125
pietoso,125
democraticità,125
attitudine,125
giorgia,125
stoffa,125
toronto,125
altarino,125
vertere,125
mach,125
citere,125
confluari,125
distratto,125
patrone,125
parta,125
puntiglioso,125
rientrere,125
polverizzazione,125
furbo,125
sollevamento,125
dibatte,125
improcrastinabile,125
bracciolo,125
melodramma,125
concludire,125
chiude,125
distensivo,125
rizzare,125
condono,125
precipitoso,125
carrettone,125
vibrante,125
catanio,125
popola,125
ferrerò,125
apprendista,125
camino,125
mercallo,125
inarrestabile,125
almo,125
sparato,125
rinascimentale,125
rimini,125
schettino,125
mutile,125
carnoso,125
bivo,125
dimette,125
madras,125
municipalità,125
nicoletto,124
foraggio,124
assiepare,124
boccata,124
alda,124
aronne,124
amareggiare,124
congo,124
derrata,124
confudere,124
loiano,124
sistina,124
foggiare,124
giostra,124
pantano,124
istituzionalizzare,124
inclinazione,124
cotogno,124
badar,124
lasciavare,124
trainer,124
sidone,124
aere,124
fanciullo,124
schubert,124
sandrare,124
ritmico,124
abriola,124
cesarina,124
ritoccare,124
fils,124
svendita,124
portatrice,124
totocalcio,124
contrattacco,124
merceologico,124
triesto,124
sottomarino,124
erezione,124
1924,124
avena,124
sami,124
lenta,124
trionfalismo,124
erto,124
dosaggio,124
farcia,124
imagnare,124
preferibile,124
possessore,124
trave,124
paoletta,124
cartignano,124
cineteca,124
sico,124
falconara,124
paventare,123
bicocca,123
stime,123
digiuno,123
meriggio,123
associa,123
rielezione,123
pera,123
indevere,123
ammenda,123
iaea,123
incondizionato,123
vicissitudine,123
discordo,123
sollevato,123
difficilissimo,123
negligenza,123
poker,123
regolarizzare,123
lamiere,123
lisbonare,123
condirettore,123
maturato,123
privilegiira,123
giovanninare,123
sottratta,123
nule,123
pario,123
produr,123
intrappolare,123
tramontare,123
accorso,123
terme,123
sventolare,123
sbaraglio,123
profittare,123
ragno,123
stridente,123
scientifica,123
aniello,123
accompagnamento,123
volt,123
panello,123
coprifuoco,123
pareggo,123
gave,123
stralco,123
proibizione,123
stratificazione,123
informatire,123
razionalmente,123
complimento,123
salano,123
congregazione,123
esattore,123
ragionevolmente,123
ripetitivo,123
esssollecite,123
congelato,123
girello,123
perca,123
scolarizzazione,123
storta,123
resso,123
uscio,123
piamente,123
riccardare,123
scippa,123
afragola,123
fatme,122
missionario,122
inviò,122
damma,122
rispondento,122
introvabile,122
lupara,122
ecru,122
traditore,122
mediomassimo,122
indovinare,122
eseguito,122
irripetibile,122
riconsegnare,122
docere,122
tassare,122
collezionare,122
plateale,122
rivolgare,122
stelvio,122
garzone,122
conformemente,122
mantenuto,122
acare,122
appezzamento,122
orchestro,122
vecchiare,122
abraham,122
pomo,122
assero,122
inanello,122
spericolato,122
amar,122
daccapo,122
quarantotto,122
intervistatore,122
dinnanzi,122
ripescare,122
pattuire,122
reportage,122
impiegatizio,122
spoglia,122
fiuggio,122
monticello,122
inerme,122
crepe,122
sottraere,122
proust,122
dine,122
serro,122
scandinavo,122
setta,122
coincidente,122
moralistico,122
sionista,122
reiterato,122
gregge,122
monello,122
bellocchio,122
individuato,122
annunzio,122
mene,122
istitere,122
manila,122
sero,122
massese,122
direttorio,122
formalizzazione,122
stanziamentio,122
trapianto,122
proclama,122
desio,122
pcare,122
straccio,121
maceratese,121
fulcro,121
confidente,121
gismondo,121
reggina,121
sprovveduto,121
apparre,121
eretta,121
coraggiosamente,121
spregiudicare,121
spengere,121
solidarizzare,121
assurde,121
1931,121
pierangelo,121
barbaramente,121
pragare,121
additare,121
colitico,121
afroamericano,121
ventennale,121
mozza,121
tiziano,121
salinario,121
villare,121
nixon,121
fascistere,121
poema,121
piantone,121
intervistato,121
rimasto,121
anglo,121
amba,121
finn,121
camuffare,121
fiorentina,121
velenoso,121
campeggiatore,121
pecora,121
geometria,121
edificabile,121
orchestrale,121
mulo,121
eietto,121
oscurità,121
pontificato,121
implicato,121
deportazione,121
prender,121
flero,121
borare,121
discendente,121
risentimento,121
scandiare,121
borro,121
manu,121
notifica,121
appostamento,121
rettorato,121
nine,121
callo,121
querciolo,121
cementare,121
agrigentino,121
modellare,121
dedire,121
triangolare,121
insaccare,121
generice,121
leno,121
tiglio,121
concertare,121
preambolo,121
rapidissimo,121
vallone,121
gadesco,121
watson,121
craxi,121
strozzo,121
delicare,120
saere,120
canizza,120
ceppo,120
alternanza,120
del1,120
dialettale,120
spietare,120
involutivo,120
disattese,120
logore,120
paragrafo,120
libera,120
gordiano,120
frate,120
scenografo,120
partecipere,120
rapino,120
disfacimento,120
incirca,120
elette,120
leso,120
tenia,120
trionfalistico,120
durone,120
dodicimila,120
desideroso,120
sparo,120
incandescente,120
discredire,120
mattare,120
circoscrivere,120
commere,120
canaro,120
inesistenza,120
eroica,120
paritario,120
pirata,120
raffaele,120
panato,120
retaggio,120
nessi,120
natan,120
lungomare,120
cacciata,120
slegare,120
lucrare,120
lungotevere,120
terziarizzazione,120
isolotto,120
servirebbe,120
clientele,120
didatticare,120
scintilla,120
intimorire,120
imballaggio,120
arrivere,120
rimonta,120
filologico,120
bega,120
impiccare,120
gilè,120
immotivato,120
dianare,120
affermato,120
separatela,120
oliare,120
acciaierio,120
dogmatico,120
endas,120
caltagirone,120
ostetrico,120
filippini,120
ricezione,120
tirrena,120
depenalizzazione,120
sodalizio,119
travolgente,119
adagiare,119
protrae,119
protettivo,119
sosterre,119
ultras,119
apprendistato,119
impersonare,119
anticostituzionale,119
precludere,119
schedato,119
1934,119
catanzarere,119
pronuncia,119
percorrire,119
omogenee,119
assembleare,119
inferire,119
1940,119
commuovere,119
bresso,119
erroneamente,119
batture,119
circostanziare,119
sottrazione,119
miraggio,119
erra,119
sottopore,119
individuabile,119
farcela,119
1927,119
ingrediente,119
dakaro,119
alessandrio,119
anomala,119
aratore,119
determinere,119
condure,119
necessitano,119
notaco,119
apice,119
terrazza,119
biglione,119
tubatura,119
dilettantistico,119
segregare,119
sopportabile,119
raymond,119
ricettività,119
aggrappare,119
unicità,119
generalo,119
alfiero,119
microfone,119
preventivare,119
denunzia,119
fulmineo,119
ammaino,119
borace,119
persistenza,119
arruolare,119
morando,119
gelo,119
isso,119
marzabotto,119
smithre,119
loden,119
librerio,119
bacheca,119
pentitala,119
assistenzialismo,119
excelsior,119
protratre,118
risuonare,118
congressista,118
bibliografico,118
desolante,118
simonetta,118
disparato,118
pulmino,118
avorio,118
calderone,118
boneo,118
particolareggiare,118
fuggere,118
cappo,118
attivazione,118
giungevare,118
cavalcare,118
manifattura,118
sudest,118
pezza,118
bassano,118
discredito,118
sordina,118
volessero,118
cogno,118
dies,118
arenile,118
1933,118
distorta,118
cilene,118
precisato,118
apertare,118
invecchiare,118
fervore,118
freddare,118
sciocco,118
statizzazione,118
oleg,118
godetto,118
sfacciato,118
imbrigliare,118
stringente,118
incile,118
king,118
chetare,118
roccaforte,118
emblematicio,118
clown,118
approntamento,118
machiavello,118
differenziale,118
anticrista,118
ostruzionistico,118
appaltatore,118
investo,118
palude,118
fica,118
notevolissimo,118
verbania,118
contrabbandare,118
avvertito,118
alame,118
costruiscere,118
estemporaneo,118
saccheggiare,118
federmezzadre,118
smembramento,118
trampolino,118
dorico,118
avventurismo,118
benevolo,118
ture,118
danneggiamento,117
cronache,117
comincire,117
agguare,117
spintare,117
umiltà,117
giacinto,117
investito,117
cloro,117
eversiva,117
piemontesi,117
eldorado,117
derubare,117
flauto,117
frelimo,117
carovana,117
boxer,117
irrigare,117
autorevolmente,117
ferrante,117
dosso,117
apra,117
siedere,117
velio,117
semestrale,117
covi,117
aggiustamento,117
sapiente,117
loca,117
inverosimile,117
spadone,117
motocicletta,117
rielaborare,117
cartina,117
lacerante,117
antiope,117
attivato,117
avventuriero,117
dipanare,117
ingiunzione,117
equipaggiare,117
indirà,117
monografia,117
flacone,117
napoletana,117
erigere,117
chinare,117
celta,117
imbarazzato,117
usto,117
fischio,117
anormale,117
genuinità,117
probe,117
carreggiata,117
irritare,117
music,117
pienza,117
cire,117
cricca,117
distintivo,117
vivaldo,117
autorevolezza,117
squilibrato,117
brio,117
corposo,117
esto,117
dopò,117
bucasso,117
ragioneria,117
capitolato,117
declinare,117
balzello,117
ripagare,117
scorrimento,117
sepolcro,117
gioiosa,117
corsisto,117
pire,116
recavare,116
trono,116
plico,116
pastorizia,116
giovanissima,116
pavese,116
reintegrazione,116
finanziariamente,116
consentito,116
sostenibile,116
maroso,116
insetto,116
enele,116
concordere,116
rancore,116
rina,116
limitata,116
atrocità,116
giuliani,116
persuasivo,116
xviii,116
inverso,116
debbono,116
annona,116
bada,116
debitore,116
suole,116
ritenevare,116
svanire,116
zuccheriero,116
fossombrone,116
berna,116
affollamento,116
elidetto,116
scrupolosamente,116
lunedi,116
udita,116
barbera,116
bestiale,116
risarcire,116
peppino,116
bustone,116
cardinal,116
giornalmente,116
inquieto,116
verosimile,116
economa,116
pedana,116
gradito,116
1917,116
metanodotto,116
ninfa,116
vando,116
ripalta,116
tantino,116
occupavare,116
hashish,116
approfondere,116
esalazione,116
espatriare,116
soddisfa,116
orca,116
trullo,116
striale,116
precariato,116
accorpamento,116
swapo,116
pediatrico,116
besenello,116
esoleto,116
rammaricare,115
marini,115
intermedia,115
rimpiangere,115
impeachment,115
teorica,115
capisco,115
imbottire,115
attuabile,115
suicidare,115
6tare,115
balbo,115
rincorrere,115
innamorare,115
anagno,115
centralizzazione,115
tappare,115
integro,115
riconoscibile,115
tonino,115
inerto,115
particolarismo,115
vagamente,115
losco,115
onto,115
fellino,115
proscioglimento,115
controllore,115
interverere,115
arancia,115
copiare,115
sollecitudine,115
multiforme,115
mole,115
acciuffare,115
bieco,115
testamento,115
lario,115
bordata,115
accanimento,115
propugnare,115
applicabile,115
riaprere,115
olivier,115
velare,115
porcello,115
mite,115
scampa,115
rivitalizzazione,115
degenerativo,115
automa,115
delmonare,115
scarseggiare,115
maremmano,115
zena,115
incorrere,115
cabra,115
spaziare,115
benigno,115
egual,115
complessiva,115
coagulare,115
fornaco,115
north,115
monfalcone,115
football,115
stanziamente,115
imitazione,115
mentitoglio,115
savina,115
tornire,115
pallare,115
bagliore,115
semestra,115
nitore,115
impore,115
alcol,115
maiore,115
spegnimento,115
gioì,115
auspico,114
sottobanco,114
gargano,114
montante,114
forare,114
recidere,114
user,114
strappato,114
filia,114
squadraccia,114
petrolo,114
straordinariamente,114
legname,114
bernarda,114
fognario,114
entrante,114
egro,114
deliare,114
amministro,114
aggettivo,114
spionistico,114
cerare,114
camere,114
aggiusre,114
1923,114
scacchiere,114
opaco,114
esulta,114
briaglia,114
rassegnato,114
equiparare,114
vedovo,114
insospettabile,114
melotto,114
consorte,114
monologo,114
riduca,114
fior,114
sparsa,114
merare,114
maga,114
catastale,114
controrivoluzionario,114
movimentare,114
preferere,114
collana,114
disdetta,114
ardito,114
mirko,114
stanziato,114
provvede,114
cravanzano,114
istallare,114
strappo,114
precipitosamente,114
aspre,114
penuria,114
autenticamente,114
egee,114
oliveto,114
caldeggiare,114
golia,114
diurno,114
crudeltà,114
mele,114
catanzarese,114
tente,114
bizzarro,114
magnani,114
onofrio,114
venuto,114
spoletino,114
primatista,114
centralina,114
figaro,113
slip,113
democratizzare,113
rimboschimento,113
procinto,113
vacare,113
maglione,113
rivisto,113
trainanto,113
ippolire,113
godi,113
nordico,113
falsificare,113
inaspettatamente,113
mera,113
ranno,113
mottare,113
immergere,113
imperativo,113
alain,113
geometrico,113
suppletivo,113
somministrare,113
ossequio,113
salernitana,113
contemporaneità,113
leccese,113
benestare,113
discendono,113
athos,113
citata,113
governato,113
diremo,113
bacetto,113
impossibilitare,113
detengere,113
disattesi,113
pervenuto,113
monografico,113
dimentico,113
acutamente,113
risoluto,113
alveo,113
apporre,113
percepiscere,113
misano,113
tiratura,113
finere,113
canino,113
servo,113
katia,113
anelo,113
concertistico,113
inseme,113
autobotto,113
porsca,113
fillea,113
astengire,113
privazione,113
oresta,113
velia,113
verdura,113
sott,113
autobiografico,113
ruoto,113
composito,113
leonio,113
crivellare,113
indifferibile,113
favorino,113
indichare,113
norare,113
volumetto,113
baone,113
gravinare,113
avventare,113
romola,113
nocara,113
sporgere,113
certificazione,113
dipartimente,113
cigno,113
cineclub,113
rido,113
concederà,113
jenkins,113
sena,113
grandine,113
abbadia,113
asciugamano,113
avversità,113
fluente,112
buffalo,112
binare,112
sentivare,112
censore,112
ossatura,112
risso,112
preponderante,112
realista,112
gestito,112
tirocinio,112
supera,112
risultale,112
esperire,112
concordo,112
fide,112
cancelleria,112
bocciato,112
tacciare,112
zione,112
atterrane,112
aureo,112
cinematografo,112
subendo,112
valutabile,112
tutt',112
spregiudicatezza,112
cirié,112
econome,112
omettere,112
facendolo,112
proseguare,112
mortificazione,112
betto,112
allevare,112
consolazione,112
desolare,112
risolvibile,112
santi,112
cipriani,112
versato,112
harris,112
esistire,112
entusiastico,112
introdotta,112
mutuare,112
orco,112
impunire,112
operavare,112
1926,112
errere,112
bacchetto,112
alii,112
fratellanza,112
fanese,112
ritardato,112
monopolizzare,112
arbus,112
lavello,112
dimissionaro,112
retrospettiva,112
aidare,112
apertosi,112
panata,112
solgere,112
arzillo,112
scaturito,112
farmacisto,112
banalità,112
giona,112
silvano,112
conceria,112
fabia,112
cappellone,112
archeologia,112
frapposta,112
scolarità,112
ingovernabilità,112
chiostro,112
signorio,112
bale,112
cambare,111
banditismo,111
capitanata,111
esemplificare,111
calvario,111
emblema,111
risiera,111
genera,111
girandola,111
spauracchio,111
apologia,111
scrutatore,111
moria,111
precetto,111
starno,111
dimesso,111
spola,111
contattare,111
sidney,111
fidale,111
prestabilito,111
ripa,111
avvilente,111
maquis,111
carbonizzato,111
masque,111
lascere,111
sovrapporre,111
risvegliare,111
vanto,111
giancarlo,111
meina,111
patriarca,111
chiarezzare,111
gravo,111
riservatezza,111
anarchia,111
intensificano,111
continuire,111
erchia,111
elettrificazione,111
deità,111
orleans,111
copertina,111
riformatrice,111
ringrazia,111
composire,111
castelfranco,111
sciatore,111
territorialmente,111
rimanente,111
rutto,111
costituzionalmente,111
nalles,111
pico,111
gemmazione,111
calto,111
candela,111
brusca,111
bancarottiere,111
pente,111
aquilano,111
fruscio,111
condividare,111
mutazione,111
fernandina,111
raggiungibile,111
cartellina,111
indicatore,111
augusta,111
segretezza,110
investitura,110
recapito,110
sincere,110
vinte,110
confortevole,110
cattolicesimo,110
bottone,110
denotare,110
grafica,110
validissimo,110
travalicare,110
antro,110
duttile,110
liliana,110
seregno,110
provochere,110
incinto,110
indegno,110
assurdare,110
teorio,110
germo,110
lendere,110
fornivare,110
sudafrico,110
artificio,110
futile,110
comodità,110
altamura,110
giurisdizionale,110
localo,110
1919,110
provincialismo,110
siepe,110
simultaneamente,110
fellone,110
falda,110
meneghina,110
comminare,110
reddire,110
limo,110
invenduto,110
insuperabile,110
disorganizzazione,110
punteggiare,110
remora,110
sperperare,110
otre,110
colge,110
igino,110
augurale,110
kabul,110
alammo,110
arrangiare,110
culo,110
compratore,110
visitato,110
lassù,110
nuccia,110
superfice,110
biografico,110
bernezzo,110
planetario,110
caciotto,110
abbinamento,110
chiodio,110
rettamente,110
centrismo,110
tanica,110
medicea,110
davide,109
protestante,109
jugoslare,109
udito,109
luciare,109
sicare,109
temuto,109
lego,109
mais,109
sabatinare,109
stomaco,109
siberia,109
alfred,109
coniugale,109
attendibilità,109
affettivo,109
dubbia,109
linciale,109
totò,109
acato,109
square,109
1400,109
ornare,109
puntavare,109
divorziare,109
ortaggio,109
refurtivo,109
carla,109
edmonda,109
brillantemente,109
affascinare,109
morso,109
equivocare,109
vespa,109
sommerso,109
piuma,109
riesco,109
selenica,109
scompiglio,109
gialloroso,109
recepimento,109
mordere,109
mine,109
calibrato,109
bartolomeo,109
armeria,109
nide,109
cartao,109
operoso,109
cantello,109
implicita,109
discordia,109
saldezza,109
inox,109
assagliere,109
raia,109
tizia,109
termica,109
riconfermano,109
implicito,109
calla,109
motonave,109
partecipi,109
meridionalistare,109
ginno,109
cantieristico,109
endemico,109
conia,109
preci,109
arignano,109
individualismo,109
giustino,109
indulgenza,109
angloamericano,109
diciottenno,109
ossire,109
gemino,109
esigilo,109
interclassa,109
unzione,109
sebn,109
aborale,109
arrampicare,108
alanno,108
bazzotto,108
asmara,108
tirannia,108
zelo,108
riesumare,108
1941,108
impazienza,108
sviare,108
gradimento,108
appannaggio,108
legalizzare,108
multo,108
tempestoso,108
numerosissime,108
setacciare,108
simposio,108
bune,108
assoggettare,108
accaparramento,108
polire,108
imbavagliare,108
elvetica,108
fissi,108
cappa,108
sabbatico,108
allestimente,108
arcola,108
tamburo,108
genocidio,108
millimetro,108
tassativo,108
piccone,108
massicciamente,108
rinvenuto,108
sgominare,108
pensatore,108
sian,108
ferino,108
anda,108
utilizza,108
cechov,108
carso,108
raddrizzare,108
gonne,108
tonio,108
feliciano,108
tecno,108
ulsp,108
scelgere,108
dichiaro,108
impellente,108
ferio,108
sedicesimo,108
equiparazione,108
automobilismo,108
svendere,108
insolere,108
regionalista,108
selvagge,108
filippino,108
chiesero,108
inducere,108
ossessione,108
vettore,108
scorribanda,108
disotto,108
sofisticazione,108
ciaccio,108
calzi,108
rano,108
pianale,108
anestesia,108
pedaggio,108
brzezinski,108
autotassazione,108
incrinatura,107
sfoderare,107
taluna,107
battaglio,107
rovesciato,107
corresponsabile,107
furibondo,107
aeratala,107
contagio,107
dovevamo,107
sauro,107
rigone,107
tosse,107
cecoslovaccare,107
avocazione,107
alcunché,107
raguso,107
pecorella,107
rinforzio,107
atipico,107
interpersonale,107
chiarificatore,107
auspichare,107
indubbia,107
colgere,107
giudichere,107
parvenza,107
preliminarmente,107
rivalsa,107
apocalittico,107
ambrosiano,107
senno,107
asserragliare,107
coproduzione,107
paterno,107
sommozzatore,107
decano,107
cellulosa,107
tradotre,107
britannica,107
piazzola,107
sofferente,107
tufello,107
accenda,107
infamia,107
pressare,107
indonesia,107
grappa,107
confusa,107
socialità,107
apiro,107
propensio,107
risare,107
ceduto,107
tesa,107
denominatore,107
ferroso,107
accensione,107
inatteso,107
alibo,107
immesso,107
graduato,107
lucco,107
vivevare,107
lenire,107
perare,107
rafforzato,107
irrigidire,107
bicchiere,107
scandalosa,107
venezuelano,107
ignaro,107
impensierire,107
ostico,107
1932,107
valdo,107
colta,107
terrificante,107
montepulciano,107
body,107
farino,107
livore,107
ceno,107
giornalino,107
socioculturale,107
quercio,107
pontedera,107
cunicolo,107
romenare,107
bigi,107
consulto,107
marchigiane,107
lardello,107
precettazione,107
psdare,107
diossino,107
marmi,106
devolere,106
florido,106
nafta,106
partente,106
faeto,106
estensivo,106
incombenza,106
lorena,106
scilla,106
confutare,106
viscerale,106
rosi,106
doletto,106
malmenare,106
inondazione,106
formia,106
aggiustare,106
maltrattamente,106
ponendoso,106
zone,106
raffinazione,106
impongere,106
coniare,106
piare,106
luchino,106
credo,106
alpe,106
etneo,106
shein,106
scare,106
reticente,106
riformatrico,106
opposre,106
apostoli,106
presta,106
sartre,106
sbandierare,106
combattare,106
carrè,106
germare,106
ciclostilato,106
monterotondo,106
omano,106
gianlorenzo,106
escere,106
tesserare,106
scrivania,106
federativo,106
decurtazione,106
riappropriazione,106
proiettato,106
ordino,106
clay,106
linoleum,106
riavere,106
piacimento,106
ammonizione,106
coreografia,106
impazzire,106
disavanzi,106
bilanciare,106
vandalismo,106
costiere,106
tarquinia,106
autarchico,106
praticato,106
risto,106
meridionalista,106
individualità,106
ossi,106
leccere,106
condrò,106
nient,106
colorante,106
scioperere,106
vandalico,106
arale,106
femminismo,106
arroccamento,106
interprovinciale,106
scippare,106
presidiato,106
sfollato,106
dubat,106
umlaut,106
candido,105
ermo,105
compostezza,105
spiegamento,105
1935,105
esco,105
migliarino,105
ingigantire,105
bardelli,105
marsiglia,105
scaglionare,105
scandalizzare,105
genico,105
abnorme,105
1928,105
vela,105
incondizionare,105
dibattimentale,105
ribadite,105
lungaggine,105
riproposta,105
scusare,105
francoforta,105
antecedente,105
appiglio,105
oppressivo,105
motoscafo,105
nuovissimo,105
capovolgimento,105
lungometraggio,105
lesta,105
harem,105
frangente,105
considerevolmente,105
iniquità,105
vaglia,105
provino,105
lettino,105
accra,105
rossellare,105
memorandum,105
insultare,105
dettero,105
antino,105
ardere,105
universalmente,105
raso,105
rettificare,105
marangone,105
antinfortunistico,105
gramse,105
franare,105
posu,105
razzistare,105
esortazione,105
cime,105
mancini,105
araba,105
poligono,105
berò,105
erbè,105
allah,105
coil,105
elevatissimo,105
tiberino,105
cantonale,105
astronauta,105
diciottenne,105
brindisino,105
legamento,105
macero,105
autotrasporto,105
professionalmente,105
mazzini,105
vega,105
caudillo,105
promulgazione,105
spezzone,105
giochino,105
nairobi,105
budella,105
torro,105
rondinella,105
risolutore,105
ombrello,105
degradato,105
argentario,105
funicolare,105
chic,105
baseno,105
ariamone,105
esequie,104
tandem,104
aviere,104
deprecabile,104
espongere,104
montanto,104
eminente,104
soffocamento,104
impostato,104
esasperata,104
alire,104
terzetto,104
produre,104
sturzo,104
compravendita,104
conserva,104
persuadere,104
nomino,104
traliccio,104
erma,104
violinista,104
segnatamente,104
bardo,104
computo,104
inerte,104
sordità,104
interrogato,104
parrocchiale,104
federare,104
grore,104
prussia,104
desiderato,104
cinzia,104
antea,104
cominciavare,104
riprovare,104
brande,104
opposta,104
oltranzismo,104
risalgore,104
ponevano,104
federmezzadri,104
aloe,104
nientemeno,104
casella,104
bassotto,104
maura,104
confinante,104
sinteticamente,104
prescritto,104
apolitico,104
intendenza,104
logoro,104
trattenuto,104
vistosamente,104
timidezza,104
bolscevico,104
provvidenziale,104
trafugare,104
conad,104
antagonismo,104
molle,104
calmiere,104
inetto,104
provochare,104
superflui,104
tout,104
lito,104
drammatizzazione,104
lassismo,104
attengere,104
assommare,104
maghetto,104
doppione,104
viareggino,104
pede,104
tacito,104
affermativo,104
utopio,104
echeverrio,104
lesionare,104
irpina,104
sindaca,104
bonito,104
involucro,104
manganello,104
propagandista,104
pago,104
musa,104
inale,104
telegrafo,104
netta,104
columbia,104
stanziale,104
dialogare,104
tilt,104
pecuniario,104
degnare,104
disteso,104
indistintamente,104
robbio,104
dinamo,104
ugandese,104
fple,104
allore,103
girasta,103
altalena,103
funzionarlo,103
rude,103
toto,103
aceto,103
speditezza,103
detassazione,103
mallo,103
nuotare,103
achee,103
santuario,103
tanta,103
ambasciare,103
osta,103
paracadutista,103
adere,103
scampare,103
mordente,103
rinunciatario,103
contestualità,103
commovente,103
internare,103
forzoso,103
giuntare,103
steccare,103
filarmonica,103
indisturbato,103
riprendare,103
manichino,103
vocare,103
vincare,103
attiguo,103
manchester,103
rampa,103
rominare,103
capisaldi,103
fraternità,103
annotto,103
rateale,103
labro,103
precisa,103
sobrio,103
neon,103
trovere,103
isile,103
feoga,103
interezza,103
costituiscare,103
tatgere,103
marinare,103
vetto,103
bombardino,103
linguistica,103
adelco,103
itinerante,103
humour,103
dissociazione,103
terento,103
ponzi,103
forra,103
gradinata,103
contino,103
cubani,103
incognito,103
bollente,103
intercore,103
alex,103
imito,103
zenone,103
navalmeccanico,103
rotolo,102
dovettero,102
fattorino,102
appenninico,102
rastrello,102
sommossa,102
ameno,102
freschezza,102
ricordato,102
vissure,102
lecce,102
invero,102
silius,102
arosio,102
lesinare,102
pedine,102
guidatore,102
sequela,102
intessere,102
imparzialità,102
febo,102
impegnere,102
inducono,102
scindere,102
monica,102
grottere,102
incurante,102
anteporre,102
fossare,102
contraddetto,102
assalitore,102
cornello,102
diciassettenne,102
costeggiare,102
abilire,102
acquiescenza,102
sollevazione,102
alienare,102
tassidea,102
chiauce,102
finestrino,102
grimaldo,102
rintuzzare,102
centravanto,102
indicavare,102
apollonia,102
riecheggiare,102
madrileno,102
ideatore,102
diplomare,102
spastico,102
strale,102
cinquantanno,102
brno,102
ohio,102
concomitante,102
otis,102
presalario,102
aggiotaggio,102
beve,102
procida,102
ansare,102
teatrino,102
lanciano,102
collisione,102
massaia,102
venditare,102
quantitativamente,102
mirino,102
larere,102
podistico,102
offerto,102
scoppiato,102
murario,102
coltre,102
intuibile,102
catia,102
aperra,102
sezionale,102
capa,102
affinare,102
scompenso,102
crossare,102
espansivo,102
claunesco,102
sartorio,102
mondale,102
spieghere,102
dacio,102
dive,102
stalinismo,102
pollino,102
metapontino,102
pelosi,102
saca,102
attestazione,101
misfatto,101
diagonale,101
tavoliere,101
cabano,101
adelma,101
fabbricabile,101
bandolo,101
localmente,101
riportato,101
quotidianamento,101
manovalanza,101
popolar,101
rietio,101
aiace,101
soda,101
latitare,101
fontanella,101
giuro,101
louis,101
boccone,101
inumano,101
plotone,101
trovata,101
autogestito,101
rinare,101
officino,101
baso,101
accollo,101
sopratutgere,101
potare,101
baluardo,101
ricattatore,101
pierangela,101
render,101
appaia,101
rielaborazione,101
tarzan,101
parificazione,101
gettato,101
demarcazione,101
rinascente,101
cele,101
postbellico,101
mane,101
eligio,101
mattatoio,101
annettere,101
giubilo,101
riformismo,101
riparto,101
impassibile,101
cornale,101
oliviero,101
creatore,101
eseguirsere,101
travaglo,101
sbarramento,101
alemanni,101
patrioti,101
involontariamente,101
opere,101
malinteso,101
parzialità,101
casentino,101
lunghissima,101
insembre,101
risposto,101
cartiere,101
prosperità,101
vitalizio,101
depresso,101
scandalismo,101
calzone,101
pallanuoto,101
fiorone,101
cuscinetto,100
stalag,100
sionismo,100
nonna,100
insegno,100
antonare,100
abato,100
melodia,100
israeliare,100
reciso,100
traume,100
staccato,100
manifestavare,100
fiasco,100
vaiare,100
inca,100
palmiere,100
campeggiare,100
straripamento,100
jenne,100
boccaccio,100
divenuto,100
eliso,100
mancia,100
potire,100
ligurio,100
nobiltà,100
eroso,100
roco,100
antuofermo,100
rollo,100
allagato,100
sifar,100
plodio,100
rossini,100
bacare,100
subalternare,100
inclino,100
creatasi,100
cerbone,100
segnaletico,100
tozzo,100
ascia,100
perlustrazione,100
fognare,100
utilissimo,100
commilitone,100
zingarello,100
supere,100
banditesco,100
musical,100
lariano,100
casistica,100
reso,100
abbado,100
steve,100
siuf,100
settecentesco,100
suite,100
riempiere,100
tonte,100
risolutamente,100
aristo,100
general,100
robusta,100
capitalisticare,100
vicole,100
esordiente,100
postulare,100
palendere,100
tenure,100
beneventere,100
baio,100
intestino,100
pompa,100
borsetta,100
militarmente,100
commercialmente,100
donnare,100
quadra,100
dilazionare,100
liquore,100
cinquantenario,100
gancio,100
cercino,100
dualismo,100
occupo,100
corollario,100
casotto,100
menisco,100
concittadino,100
acquistato,100
faso,100
trasversale,100
badalone,100
vendemmia,100
donatello,100
indaco,100
destabilizzazione,100
amministrativa,100
settimio,100
ringhiera,99
uliano,99
debitamente,99
sessantamila,99
bonaccione,99
tenera,99
supposto,99
manifestino,99
capannello,99
capannellio,99
giudiziale,99
psico,99
intercontinentale,99
litigio,99
rifatto,99
ludo,99
schmidt,99
velere,99
eccia,99
attrito,99
battesimo,99
pesa,99
canalizzazione,99
reperibile,99
trasferere,99
espropriazione,99
incoerenza,99
rondine,99
virginia,99
tesore,99
bandista,99
volantinaggio,99
osio,99
profeto,99
tribale,99
ceraiolo,99
indugi,99
calcolato,99
reclamo,99
taino,99
coperturare,99
federo,99
luogotenente,99
digitale,99
sommergibile,99
razionare,99
decorazione,99
linux,99
immutabile,99
cronisto,99
uniformità,99
inano,99
disattenzione,99
esige,99
lievitare,99
peio,99
cliché,99
scaraventare,99
adorare,99
impere,99
piramide,99
abaco,99
marzia,99
antinflazionistico,99
palestrina,99
rivendere,99
indocinese,99
infierire,99
whisky,99
immane,99
dimora,99
tentano,99
ingozzo,99
gualtiero,99
indugiare,99
annonario,99
caslino,99
statutare,99
allorquando,99
conservatorismo,99
oratorio,99
tona,99
lasagna,99
digerire,99
triplice,99
risolve,99
perdio,99
orientativo,99
secessionista,99
calandre,99
autoriduzione,99
insospettire,99
bolo,99
danna,99
pietrone,99
osto,99
percorribile,99
unisex,99
etna,99
cortona,99
curativo,99
sull',99
palella,99
videla,99
delinquenziale,98
sabino,98
ticinese,98
venturino,98
jugoslave,98
bagarre,98
inserzione,98
amaranto,98
sabba,98
eminento,98
togliaggere,98
cassinello,98
richare,98
lodevole,98
nina,98
inconfutabile,98
provi,98
sospingere,98
praticante,98
batterio,98
ritrattare,98
fossile,98
innovative,98
donazione,98
egida,98
castoro,98
minatorio,98
borgarello,98
scorto,98
atomo,98
acquio,98
iniqua,98
parlamente,98
scherma,98
intercorso,98
fluviale,98
bete,98
internato,98
camicie,98
rispondano,98
evoluto,98
ripulsa,98
imbrattare,98
colomba,98
smorzare,98
lampada,98
amelio,98
laila,98
svoltiso,98
leonia,98
profonde,98
indirizzato,98
respiratorio,98
saufi,98
ribaltamento,98
scola,98
carino,98
limone,98
israelitico,98
miele,98
depurare,98
enfasi,98
esautorare,98
behi,98
omelia,98
rincalzo,98
indenna,98
bisogna,98
fratellino,98
zola,98
ritirata,98
addormentare,98
monco,98
agere,98
maggiorato,98
arba,98
chiare,98
pertinenza,98
libraio,98
repubblicare,98
forum,98
garbo,98
canapiere,98
balneazione,98
migliorato,98
enal,98
folcloristico,98
stente,98
dirottatore,98
ivare,98
speso,98
costrutto,98
bandinello,98
sovrapposizione,98
ridefinire,98
zonizzazione,98
migliaccio,98
costellare,97
avello,97
vassallo,97
cerco,97
riempie,97
vincitrice,97
sampan,97
sciato,97
paganto,97
comprovare,97
individualistico,97
contaminare,97
legalizzazione,97
giudicante,97
impiota,97
creo,97
miano,97
contenzione,97
attendare,97
spiegabile,97
stravolgimento,97
pisare,97
blues,97
emergare,97
brevità,97
cellulare,97
cerio,97
schietto,97
psichiatro,97
sovra,97
contenire,97
colonialisto,97
barbo,97
orione,97
ferrere,97
battuti,97
depositario,97
sorpasso,97
inalterato,97
indilazionabilo,97
lungho,97
chiacchierare,97
torta,97
simulare,97
caddero,97
abilitanto,97
predisposta,97
umorismo,97
lilla,97
guado,97
risorgere,97
ungere,97
ottavia,97
stillo,97
giostrare,97
elce,97
promulgare,97
vaga,97
ipotecario,97
uscivo,97
fanteria,97
ladispolo,97
vittoriosamente,97
zare,97
mitragliatrice,97
budda,97
pomello,97
alga,97
ritagliare,97
portineria,97
sterminato,97
guastare,97
bancare,97
rumeno,97
madison,97
considerato,97
assere,97
salva,97
disavventura,97
pazientemente,97
boniface,97
mandolfo,97
aggiudicazione,97
pressa,97
litigare,97
brada,97
facoltoso,97
figlialare,97
ovino,97
arella,97
egemonizzare,97
verifichare,97
meticoloso,97
agrare,97
caria,97
immaginario,97
nel',97
concussione,97
olbia,97
complemento,97
argilla,97
tagare,97
bullone,97
franoso,97
scatarro,97
buia,97
trasferito,96
congedare,96
potrare,96
vuotare,96
esecrazione,96
parimenti,96
segna,96
manterre,96
conflittuale,96
niello,96
antropologico,96
pollico,96
parassito,96
cultore,96
deplorevole,96
converge,96
errata,96
apologo,96
nullaosta,96
assillo,96
marker,96
eccetto,96
intransigento,96
cascine,96
libertario,96
inesatto,96
pierluigi,96
albare,96
similare,96
pedale,96
intonare,96
rossare,96
prire,96
uruguayano,96
raie,96
elencazione,96
recriminazione,96
suddiviso,96
disinfezione,96
somministrazione,96
mozzo,96
incostituzionale,96
schermaglia,96
scordo,96
campiello,96
tempia,96
matassa,96
fiaccare,96
ucna,96
formoso,96
alpina,96
mucchio,96
moscato,96
esultare,96
dispendioso,96
compiacente,96
neorealismo,96
frammentare,96
folco,96
alitare,96
nazionalizzato,96
douglas,96
opinabile,96
incamminare,96
cantore,96
pretendono,96
predominante,96
ambire,96
esprimevare,96
azzardo,96
cessate,96
tendare,96
omogeneizzazione,96
ingenerare,96
tendenzialmente,96
purezza,96
referto,96
esplicativo,96
ospire,96
south,96
mazzetto,96
supercinema,96
marcae,96
bojano,96
percorrenza,96
contatore,96
diffamatorio,96
desolato,96
caracalla,96
aizzino,96
piazzetta,96
buccino,96
dorsale,95
riprovazione,95
amerio,95
gonnello,95
divorzista,95
monaca,95
converso,95
armo,95
ottemperare,95
ossido,95
premeditato,95
presidere,95
rais,95
contadinare,95
sfogare,95
illimitato,95
tornante,95
folclore,95
farraginoso,95
gremito,95
colonialista,95
selvaggiamente,95
scadimento,95
osteria,95
sposta,95
pretendente,95
badia,95
realizzere,95
salazar,95
portoghendere,95
antimeridiano,95
forense,95
salato,95
dritto,95
stortare,95
invisibile,95
honda,95
macra,95
nona,95
gioioso,95
protezionismo,95
vari,95
semi,95
inevasa,95
prospetto,95
maniero,95
commercialista,95
animano,95
capitoline,95
serratura,95
1925,95
reagisce,95
cofano,95
bornago,95
stornare,95
inalare,95
liliano,95
lavaggio,95
heisenberg,95
civitare,95
inadatto,95
manipolo,95
longobardo,95
quorum,95
guarnigione,95
metto,95
rodaggio,95
zucchino,95
addivenire,95
campanilistico,95
occupa,95
autoradio,95
ortopedico,95
sceicco,95
rileggere,95
prematura,95
tacco,95
atteggiare,95
spavento,95
cianciare,95
mediterranee,95
pagliai,95
condì,95
priore,95
canottiere,95
montemure,95
imagna,95
petronà,94
impunito,94
allodi,94
penalmente,94
giovannetto,94
logorante,94
novarese,94
deduzione,94
divorzisto,94
wall,94
sproporzione,94
cornare,94
anatema,94
ritenuto,94
senegal,94
approda,94
erroneo,94
vilipendio,94
petrella,94
destre,94
tenuto,94
intercorrere,94
caricatura,94
visi,94
pontile,94
nicea,94
atessa,94
sseldorfo,94
cronacare,94
stradina,94
organde,94
ingiurre,94
spostato,94
samar,94
erariale,94
realizzatore,94
ducato,94
rimanevare,94
targato,94
cospetto,94
disinnescare,94
dispensa,94
franale,94
greci,94
schematismo,94
mamelo,94
affezione,94
teulada,94
blocchare,94
affermere,94
smistare,94
obbligatorietà,94
tribune,94
stria,94
incauto,94
illuso,94
mclaren,94
vanamente,94
squadrone,94
scottare,94
dicevo,94
acconte,94
minale,94
rimarere,94
grandemente,94
promotrico,94
riare,94
emidio,94
flavia,94
protrarrà,94
carbonifero,94
ballerina,94
ceder,94
famma,94
abitavare,94
segare,94
comparsi,94
diciamolo,94
tranviere,94
cogestione,94
arcangeli,94
rimangiare,94
urico,94
oulx,94
sanitaria,94
dottoresso,94
concio,94
raccolgare,94
usai,94
lloyds,94
autobiografia,94
seguitare,94
nascondare,94
iglesias,94
urlo,94
anonimato,94
dardanello,94
lamente,94
ottaviare,94
baie,94
esercente,94
metare,94
ghiaia,94
spadaccino,94
settantina,93
amaramente,93
renale,93
bagagliaio,93
parsa,93
delucidazione,93
idealistico,93
fanciulla,93
propenso,93
motovedetta,93
preghiera,93
affossamento,93
censorio,93
codificare,93
miss,93
ideazione,93
sopravvissuto,93
oltrepassare,93
masaniello,93
committenza,93
arrabbiare,93
seguilo,93
costantina,93
arai,93
addenso,93
dugnare,93
schiavitù,93
tifoseria,93
prospettano,93
manio,93
ventata,93
indulgere,93
pochissime,93
sconfinare,93
quattordico,93
romagnola,93
orafo,93
decorso,93
assicuratrico,93
bucare,93
vetreria,93
augurabile,93
flagello,93
atella,93
difensiva,93
andro,93
yacht,93
rateazione,93
roulotta,93
inseguere,93
corporativa,93
picasso,93
cardo,93
cesta,93
hurre,93
reims,93
sconsigliano,93
aspo,93
cagliari,93
tanara,93
malonno,93
coccio,93
viticoltura,93
disapprovazione,93
pinacoteca,93
zoologico,93
riformista,93
calais,93
incamerare,93
imeneo,93
ciclomotore,93
cune,93
maggiorare,93
oddo,93
acciacco,93
icone,93
cervice,93
design,93
millenove,93
polmonare,92
figlioletto,92
focio,92
massicce,92
gozzo,92
ferrario,92
osceno,92
straripare,92
apertasi,92
rimarrebbe,92
collegialmente,92
rimi,92
mangano,92
capitolinare,92
raccomandato,92
ridiscutere,92
ubaldo,92
laudere,92
mesto,92
allea,92
lacero,92
eleonora,92
armeno,92
piacentino,92
erogatore,92
rumor,92
malia,92
corato,92
vicariato,92
con',92
ciriaco,92
regressione,92
signorino,92
elettronucleare,92
spandere,92
coretto,92
sirio,92
prelazione,92
fugo,92
levatura,92
minacci,92
orsa,92
traversone,92
mortificante,92
prepotente,92
lesa,92
disegnatore,92
contemporanee,92
dimenticanza,92
gesuita,92
valtellina,92
treve,92
accezione,92
mercare,92
valico,92
nanda,92
opuscole,92
numericamente,92
raffinare,92
pazzesco,92
basic,92
centauro,92
necroscopico,92
affogare,92
filatura,92
polarizzazione,92
compagino,92
ingerenzare,92
hansen,92
augurano,92
impeccabile,92
liberatorio,92
niccolare,92
concepibile,92
raccoltare,92
vibrare,92
1922,92
cespe,92
giuseppino,92
fermano,92
rullo,92
totalizzante,92
mediocrità,92
acqui,92
beato,92
costosissimo,92
sciente,92
week,92
tendenzioso,92
sibare,92
legga,92
montefeltro,92
geremio,92
segretariato,92
interessa,92
addettere,92
spumante,92
dopolavoro,92
ettolitro,92
monreale,92
bangladesh,92
mancante,92
c1sl,92
misericordia,92
ciio,92
aziona,92
gemina,92
schiavone,92
aeratene,92
ioni,92
unare,91
rotte,91
calabra,91
vissere,91
cieca,91
incanto,91
ardeatino,91
rifilare,91
reni,91
nigeria,91
caseggiato,91
ansio,91
finivare,91
riflettore,91
alano,91
front,91
icaro,91
capriccio,91
conformare,91
abele,91
indecisione,91
istigazione,91
minuscolo,91
squillante,91
finari,91
1981,91
edificante,91
negoziale,91
condizionante,91
rapinano,91
finocco,91
saggiare,91
guatemala,91
saio,91
sondare,91
taciere,91
piccione,91
propiziare,91
alberatoso,91
sociopolitico,91
anelare,91
predestina,91
vestiario,91
avore,91
immancabile,91
idealmente,91
servere,91
gabardine,91
effettuere,91
attorniare,91
wilson,91
conclusa,91
appor,91
trovassero,91
ricavato,91
quai,91
panettiere,91
formalismo,91
reinserire,91
mastroianni,91
ponza,91
equazione,91
rimorchio,91
dispone,91
artefice,91
trafila,91
elitario,91
montanario,91
banalmente,91
nana,91
accumulato,91
sardista,91
altamurare,91
superabile,91
sfumato,91
formulato,91
degnamente,91
esaù,91
allatto,91
andesite,91
greto,91
registrere,91
battile,91
caudino,91
inaccessibile,91
savio,91
gambo,91
dicasi,91
lita,91
cfdt,91
calabrendere,91
manzo,91
catalane,91
parnassiano,91
recupera,91
1700,91
parlo,91
vulcano,91
paganello,91
dorere,91
antifurto,91
balzellone,91
marchigiare,91
over,91
vesuviare,91
stabula,91
nebuloso,90
capanna,90
ascoltato,90
frastornare,90
rifinanziare,90
bondo,90
innesto,90
arrinire,90
cachet,90
presentalo,90
forge,90
moralismo,90
quebec,90
infaticabile,90
sedicenne,90
contundente,90
minuziosamente,90
interverranno,90
hascisc,90
congettura,90
verosimilmente,90
donatore,90
diana,90
alito,90
desso,90
villandro,90
lanciato,90
fesso,90
eccolo,90
acciaccare,90
alpinista,90
vertare,90
esposre,90
atos,90
dissero,90
avvertimente,90
inflessibile,90
santinare,90
brini,90
folte,90
alno,90
strozzare,90
pontificio,90
evincere,90
ripropore,90
igor,90
nicchia,90
copioso,90
ultimissimo,90
espiatorio,90
gialloblu,90
scossone,90
perpetuo,90
morboso,90
rigonfiamento,90
radicalizzazione,90
cuoia,90
celia,90
avvicendamento,90
torà,90
quattordicesimo,90
riferitare,90
gustoso,90
mietere,90
invendere,90
tendone,90
nicolino,90
limbo,90
cassius,90
velasco,90
melfi,90
controbattere,90
plenum,90
finanziarlo,90
avvedere,90
manca,90
figuravare,90
stiramento,90
gala,90
deviante,90
oppone,90
aversano,90
inflazionisticare,90
utah,90
autosufficienza,90
cisal,90
cucire,90
mentare,90
spriano,90
oddio,90
vicepresidenza,90
ideo,90
conservativo,90
tessitura,90
vladivostok,90
sociosanitaria,90
marzano,90
disgregante,90
inameno,90
paesano,90
iuta,90
pinuccio,90
recuperabile,90
bibliotecario,90
padule,90
guardaroba,90
monastero,90
nuotatore,90
siderno,90
deceduti,90
iutificio,90
turn,90
asnu,90
cesario,89
scheggia,89
sebastian,89
favella,89
forobe,89
atalanto,89
traballante,89
fioretto,89
conterre,89
spiccano,89
umanesimo,89
scotta,89
furgoncino,89
indoor,89
polemizzo,89
vignetta,89
castell,89
santare,89
cecità,89
ideologicamente,89
banjul,89
tanaro,89
minor,89
balio,89
verano,89
rolando,89
proclamato,89
telefonicamenta,89
stress,89
acconsentire,89
diametralmente,89
strisciante,89
olivicoltura,89
cedrone,89
corrompere,89
politicizzazione,89
pedina,89
inconfondibile,89
diabolico,89
semilavorato,89
sudare,89
annientare,89
intendiamoe,89
incarcerato,89
sconforto,89
vollero,89
disgregato,89
jersey,89
accenni,89
difendare,89
pigiamare,89
marcatore,89
sterminare,89
indissolubile,89
timoroso,89
vittorina,89
appai,89
aurora,89
rode,89
chiarere,89
aladino,89
acmi,89
cingolo,89
esauriento,89
dorso,89
groppo,89
odor,89
smalto,89
arrigare,89
anticolo,89
staliniano,89
dore,89
annale,89
emerga,89
restauratore,89
sovrastruttura,89
stipulazione,89
bisenzioo,89
rizzato,89
applicativo,89
finezza,89
incontrastato,89
arde,89
piazzamente,89
traversare,89
malto,89
creere,89
antropologia,89
assertore,89
expo,89
quindicinale,89
decaduto,89
verificatoso,89
professionismo,89
cridere,89
assentare,89
procurato,89
macabra,89
annare,89
sentore,89
polder,89
kaiman,89
diventino,89
lolo,89
incrostazione,89
lezzo,89
trionfa,89
magiaro,89
drogo,89
censire,89
volontariato,89
lutero,89
corsista,89
brave,88
nereo,88
spazzatura,88
tallone,88
accodare,88
immerso,88
inflattivo,88
colza,88
rotterdam,88
7ion,88
rinascere,88
ricucire,88
rufino,88
inequivocabilmente,88
rubli,88
compromettente,88
trentuno,88
infetto,88
biglietteria,88
gazzettino,88
segnalere,88
costrizione,88
personalistico,88
ricetrasmittente,88
chris,88
intercorre,88
alvo,88
chiese,88
significhare,88
macchinoso,88
lauco,88
invariato,88
manifestato,88
santone,88
petrino,88
controcorrente,88
esaurito,88
luparo,88
psichiatrio,88
sandra,88
castellare,88
sorteggiare,88
faoo,88
cristallizzare,88
camerare,88
deportare,88
pirro,88
messinare,88
sudditanza,88
barbatella,88
vocabolario,88
abrada,88
imbarazzante,88
datato,88
neocolonialista,88
muovendoso,88
maggioritaria,88
endere,88
nego,88
correo,88
ristretta,88
bollato,88
cernia,88
somaliare,88
larghezza,88
pallottolo,88
fonema,88
unifico,88
nutro,88
saggia,88
betti,88
vortice,88
lungaggino,88
futurismo,88
malfa,88
prime,88
piazzato,88
deprimente,88
fuggiasco,88
spontaneismo,88
concede,88
veltrone,88
pillola,88
valentinare,88
accantonamento,88
oligarchia,88
sopire,88
honeywell,88
attivala,88
impegna,88
albore,88
parilo,88
naio,88
pana,88
solaio,88
pomare,88
tene,88
losanna,88
germanico,88
zingaro,88
zina,88
abitacolo,88
pescia,88
appiattimento,88
bisticci,88
tornado,88
agroalimentare,88
crioterapia,88
egra,87
compromissione,87
incompetenza,87
partitella,87
tacciire,87
drappello,87
lionello,87
ritaglio,87
dacia,87
roccioso,87
rientrante,87
piaciere,87
perenne,87
laccio,87
cagliare,87
bitter,87
radicalismo,87
sottintendere,87
esaminato,87
ripercorso,87
conobbero,87
stupere,87
magni,87
inondare,87
avvelenamento,87
ingerire,87
intoccabile,87
demone,87
aera,87
nascoste,87
notarile,87
influsso,87
orsare,87
accumulo,87
preordinato,87
arredo,87
supermarket,87
benzone,87
fasciste,87
romina,87
orgosolo,87
eccio,87
rifuggere,87
distortare,87
rigenerazione,87
patrico,87
batacco,87
battistrada,87
distanziare,87
propulsione,87
freddamente,87
pronosticare,87
giustiniano,87
raviolo,87
dopodiché,87
inseparabile,87
cavallaro,87
avventurista,87
ancor,87
mutilare,87
riaffermato,87
pittoresco,87
siringa,87
debora,87
sapevamo,87
maliano,87
rapallo,87
pacere,87
loie,87
prefinanziamento,87
premesso,87
tedo,87
aprirebbe,87
laureo,87
sposato,87
incrociato,87
loira,87
indure,87
covato,87
multare,87
espor,87
lingotto,87
contrattasta,87
affaticante,87
preve,87
nazionalistico,87
macchinista,87
malafede,87
sottoponere,87
rosanna,87
tirar,87
metalmeccanica,87
psicoso,87
rifinitura,87
lombardio,87
sottocomitato,87
gracile,87
utopia,87
feto,87
rivierasco,87
classificato,87
nazi,87
rilevato,87
diciannovenne,87
ferme,87
arancio,87
baratro,87
audio,87
mitologia,87
telefonia,87
sgravo,87
miniato,87
sevizia,87
abdichino,87
manuela,87
antonietto,87
ipotizzabile,87
andora,87
risultalo,87
scippatore,87
affardella,87
caravaggio,87
confermato,87
miopia,87
simca,87
gelese,87
foscolo,87
obelo,87
fugace,87
pencole,87
arano,87
sudcoreano,87
sottoscrive,87
proficuamente,87
geremiare,87
alberghiere,87
moniare,87
ballante,87
cuculo,87
sefro,86
buonuscita,86
domattina,86
ottantamila,86
sdegnato,86
inondo,86
irrobustire,86
fornaio,86
chiodo,86
diradare,86
contropartire,86
estetica,86
popolato,86
sconcertare,86
libello,86
coronamento,86
antoniare,86
irrimediabile,86
centrato,86
teologia,86
invalidare,86
proficui,86
tappo,86
introduttiva,86
centovente,86
baule,86
garzante,86
milire,86
fiammata,86
coerentemere,86
oscillo,86
appaltatace,86
riconsiderazione,86
vagante,86
accorse,86
ovazione,86
esultanza,86
tute,86
dischetto,86
annone,86
scattere,86
vittoriale,86
rifar,86
verificatosi,86
misuro,86
iniziazione,86
rimare,86
sfogliare,86
fuie,86
californiano,86
inflitte,86
disdegnare,86
pessimista,86
economica,86
cincia,86
avrere,86
monaldo,86
altipiano,86
adele,86
luson,86
fittissimo,86
servitore,86
liberatore,86
regimi,86
bersagliare,86
egregiamente,86
guadalupe,86
quadriennio,86
miracoloso,86
appetito,86
addire,86
aver,86
macabro,86
siluro,86
sviluppa,86
tranviero,86
charter,86
procreazione,86
ortonese,86
olbiare,86
cordare,86
ariston,86
invalicabile,86
discutendo,86
brezzo,86
implicano,86
mirabile,86
settare,86
mammole,86
eiare,86
rasentare,86
unesco,86
lardo,86
branco,86
sprovvisto,86
runa,86
miliziano,86
kuiper,86
frontaliero,86
scema,86
collage,86
ineluttabile,86
promemoria,86
immano,86
utopistico,86
usufruere,86
cossignare,86
sorpassare,86
quire,86
invidiabile,86
bevilacqua,86
arcaccia,86
arazzo,86
tacile,86
angelare,85
risucchiare,85
imprecisione,85
esigare,85
raffreddamento,85
assisa,85
xxiv,85
barricare,85
rimbalzo,85
attico,85
international,85
biblico,85
mistificante,85
cader,85
caglio,85
concesso,85
treviglio,85
socie,85
zecchino,85
incantare,85
catilina,85
orefice,85
relitto,85
bossico,85
corare,85
egualitario,85
piglio,85
uopo,85
inutilizzabile,85
karate,85
dulia,85
mestre,85
vent,85
focalizzare,85
intasare,85
ottimamente,85
azzeccare,85
innocuo,85
controrivoluzionaro,85
convochare,85
assa,85
fendere,85
fomentano,85
chiusa,85
brace,85
sinistrare,85
opportunismo,85
stancamente,85
burrascoso,85
orzo,85
parère,85
borghesi,85
riace,85
love,85
protestavare,85
spaccaturo,85
benefico,85
rispettabile,85
mischiare,85
consistare,85
pistone,85
estromissione,85
ostano,85
terminere,85
imbarazzare,85
uliare,85
captare,85
lettere,85
vasti,85
impeto,85
buste,85
sovere,85
naif,85
antonietta,85
luneur,85
intrecciato,85
sindacae,85
cencio,85
rollar,85
torrido,85
maiale,85
seguita,85
sostere,85
patte,85
sacfem,85
mastra,85
angiolo,85
entravare,85
cospiratore,85
ravvivare,85
migrazione,85
marra,85
armistizio,85
saharo,85
valter,85
fregeresta,85
ananas,85
maderno,85
sinonimo,85
tudisco,85
locomotore,85
ambigue,85
calabrone,85
aguzzini,85
tesco,85
monoposto,85
racco,85
devastato,85
netturbino,85
illumino,85
canile,85
navicello,85
loretta,85
metastasio,85
moretto,84
apposita,84
imperia,84
contengare,84
cedolare,84
ripropostare,84
antitetico,84
viadotto,84
trentasei,84
rozza,84
materialistico,84
aggregato,84
selettività,84
testuale,84
divino,84
inconciliabile,84
scie,84
taccone,84
psicologi,84
norberto,84
autonomere,84
ufficializzare,84
ipocrita,84
decimare,84
netro,84
flag,84
eroismo,84
incare,84
jazzistico,84
racimolare,84
brandare,84
accusandolo,84
lede,84
aleatorio,84
sottosviluppare,84
anticamera,84
signorina,84
melboure,84
sfasciare,84
postumo,84
carare,84
scarsissimo,84
costreggere,84
help,84
exploit,84
speravare,84
epurazione,84
lusinghiero,84
romeire,84
compagnone,84
marginalmente,84
stellanello,84
attratto,84
schematicamente,84
binetto,84
fomentala,84
irraggiungibile,84
scheletro,84
matilde,84
comare,84
treiso,84
senz',84
imparziale,84
frassino,84
collateralismo,84
grigia,84
somiglianza,84
integra,84
mostrato,84
gettone,84
penalizzazione,84
folgorare,84
batosta,84
didascalico,84
muzio,84
maestria,84
arrogare,84
meritatamente,84
cruento,84
spero,84
vigorosamente,84
costola,84
apparivere,84
vendibile,84
antibiotico,84
convinte,84
attivismo,84
concorrare,84
cavia,84
balordo,84
categoriale,84
elettricista,84
irto,84
gorilla,84
danubio,84
disconoscere,84
metallurgia,84
baronale,84
cipolla,84
smuovere,84
carbonizzare,84
nomado,84
pardo,84
malanno,84
spargimento,84
corvo,84
rinunce,84
capienza,84
negoziatore,84
i960,84
traino,84
elettromeccanica,84
estare,84
algerina,84
assodare,84
infuocato,84
spente,84
separatista,84
vulnerabile,84
criticabile,84
compio,84
lusinghiere,84
porco,84
vele,84
barra,84
erta,84
esaminere,84
itale,84
saturazione,84
ecce,84
aprilia,84
diseredato,84
trai,84
traspor,84
ital,84
indesit,84
bullo,84
gamberetto,84
rider,84
titanio,84
accorsa,83
reggire,83
suggellare,83
targhetta,83
subdolo,83
abbozzo,83
indenne,83
rilettura,83
meir,83
gasdotto,83
pronunciato,83
irriconoscibile,83
achilia,83
quiescenza,83
prestato,83
farglio,83
mistico,83
apricela,83
attrico,83
buongiorno,83
rapide,83
generano,83
salentino,83
obsoleto,83
airola,83
bitly,83
grammatica,83
vigilante,83
commonwealth,83
marcio,83
finalisto,83
posseggono,83
astone,83
omosessuale,83
scout,83
remunerare,83
glenire,83
dissenziente,83
travestire,83
noro,83
cortometraggio,83
alighiero,83
orientato,83
sospendare,83
musi,83
evire,83
barella,83
monterò,83
fiaba,83
angustia,83
irrealizzabile,83
virulenza,83
rivole,83
mello,83
sfruttatore,83
raccomandata,83
capro,83
scarpone,83
viscoso,83
costituitosi,83
acle,83
colonizzazione,83
rancio,83
amicale,83
dada,83
severe,83
ginecologo,83
ausonia,83
watt,83
lontananza,83
servile,83
malco,83
bacchetta,83
intemperanza,83
brechtiano,83
partecipino,83
traversalo,83
parametrazione,83
daiare,83
riguadagnare,83
deportate,83
ghze,83
invi,83
specula,83
fallace,83
palazzotto,83
arlington,83
menu,83
tinto,83
isera,83
fallita,83
impellento,83
boccalino,83
vibrazione,83
spettabile,83
marciapiedio,83
ionia,83
sprofondare,83
cerniera,83
cingere,83
scompense,83
quieto,83
disinteressato,83
catalogare,83
veterinario,83
istintivo,83
rimprovero,83
trare,83
armenia,83
banana,83
ressa,83
abarth,83
enunciato,83
esternare,83
xxxi,83
eruppo,83
evangelista,83
ridottissimo,83
potito,83
biossido,83
femministo,83
elisabetto,82
orbene,82
massimiliano,82
sansa,82
volgarità,82
berlina,82
randere,82
ermare,82
perseguito,82
repressire,82
patrica,82
intricare,82
briciola,82
rosina,82
ingegno,82
docile,82
goethe,82
procaccio,82
occam,82
espatrio,82
crebbero,82
paolini,82
guardo,82
ingovernabile,82
marcatamente,82
grigiore,82
assolvimento,82
querelare,82
attuato,82
inaudita,82
montane,82
insignire,82
impaurire,82
novocine,82
shell,82
vigiliare,82
gorno,82
weebly,82
quercino,82
sega,82
biancorosse,82
corta,82
consorziare,82
manifestira,82
arresta,82
castellane,82
innesco,82
cocaina,82
artificialmente,82
arativo,82
casualità,82
rommel,82
macinare,82
amalgamare,82
sciocchezza,82
jorge,82
vanni,82
sbrigativo,82
tolstoj,82
iceberg,82
gioielli,82
teitelboim,82
elios,82
dimostrato,82
conquirre,82
badialo,82
giudico,82
assolere,82
press,82
condare,82
autotreno,82
andriano,82
sentenziare,82
lunghissime,82
ilvo,82
metropolita,82
opero,82
scippo,82
prostituta,82
fabbricante,82
essendoso,82
patrick,82
colata,82
rispostare,82
ridotta,82
gladiolo,82
empirico,82
coca,82
pastifico,82
metropolito,82
rivoluzionarlo,82
gonfio,82
palestre,82
trentaquattro,82
canzonassimo,82
truccato,82
artemio,82
quarantanni,82
danneggiano,82
vegliare,82
soggettività,82
associazionistico,82
sveglia,82
entusiasmare,82
asfissia,82
pendolarismo,82
olivetti,82
presentante,82
lottizzare,82
mistificatorio,82
fortuito,82
avila,82
ischio,82
avignone,82
evangeliste,82
idem,82
scontrano,82
disamina,82
antimo,82
camerale,82
buffo,82
dogmatismo,82
atro,82
ecci,82
casto,82
fabbricane,82
riconvocazione,82
raggiro,82
sbandato,82
gabbiano,82
stangata,82
mobilita,82
blackout,82
briga,81
modestissimo,81
divina,81
presentì,81
orbello,81
bazzotta,81
elegger,81
artegna,81
appesantimento,81
beffare,81
tentere,81
giunsero,81
ficcare,81
speaker,81
emozionante,81
conteggiare,81
loredano,81
isterico,81
erminio,81
vergare,81
rispore,81
1918,81
folgorante,81
trascendere,81
corleone,81
bubbone,81
cautano,81
schiere,81
esportato,81
pentola,81
bravata,81
credenziale,81
ereditario,81
scibile,81
accantonato,81
spasso,81
furtare,81
decifrare,81
distrutte,81
crollato,81
esulto,81
lealmente,81
montevideo,81
telegrafico,81
arbitraggio,81
puntino,81
radioattività,81
ininterrotta,81
agatangelo,81
remote,81
coprere,81
preludio,81
impomato,81
irrazionalità,81
daiano,81
invecchiamento,81
bristol,81
arraffare,81
cloruro,81
dannare,81
signorello,81
inco,81
valutere,81
popòre,81
pastorare,81
rivolto,81
confacente,81
chieder,81
nonna|nonno,81
maglio,81
giacco,81
atteggia,81
terrazzo,81
prosciutto,81
carbonio,81
informatico,81
fuorviante,81
valsa,81
diffusamente,81
smeraldo,81
pennino,81
capere,81
state,81
mortalmente,81
obbligatoriamente,81
arameo,81
futurista,81
spallone,81
manchevolezza,81
gonna,81
epopea,81
sinteso,81
appao,81
irma,81
merone,81
proso,81
alluvionato,81
pataro,81
alce,81
discriminatore,81
viennese,81
bersani,81
parterre,81
fidenza,81
spezzino,81
dalmazio,81
teno,81
egea,81
rimescolamento,81
inneggianto,81
impiantistico,81
femore,81
frediare,81
abduttivo,81
gestante,81
carmela,81
quirino,81
alaso,81
carpenterio,81
cicciotto,81
remo,81
antidrogare,81
qualunquista,81
barcellonare,81
agonizzo,81
istanbul,81
vicepresidento,81
cucile,81
crane,81
neoeletto,81
eolo,81
rape,81
incolgere,81
peritola,81
indianapolis,81
duetto,80
stracciare,80
gargare,80
misteriosamente,80
invocazione,80
messer,80
gisella,80
basilico,80
archeologo,80
compresso,80
congiunzione,80
inficiare,80
cassina,80
parroce,80
alienante,80
iolanda,80
costituzionalità,80
pochezza,80
conducare,80
berretto,80
ancia,80
fonico,80
bonere,80
antiquariato,80
avario,80
alante,80
impopolare,80
compiacere,80
permissivo,80
riluttanza,80
repubblichino,80
container,80
tendevare,80
fodro,80
polisportiva,80
contraffatto,80
sdrammatizzare,80
acese,80
proteina,80
inconsistento,80
identificabile,80
panfilo,80
1915,80
trac,80
difettoso,80
lacunoso,80
1985,80
tornato,80
figa,80
scolta,80
colletta,80
indignato,80
ordì,80
plauso,80
congegnare,80
comore,80
pantheon,80
numerato,80
edili,80
cozzo,80
gotico,80
volevamo,80
ginecologico,80
conduttorio,80
passalo,80
afare,80
luttuoso,80
ionizzo,80
ricader,80
gotto,80
pontificia,80
riguarda,80
addì,80
biffo,80
committento,80
edito,80
mirco,80
nicolare,80
infastidire,80
asserzione,80
avvertibile,80
farmacologico,80
picare,80
agivo,80
consistire,80
probante,80
tufo,80
seppero,80
gladi,80
abruzzi,80
avversaria,80
info,80
realizza,80
modica,80
1908,80
depauperamento,80
commerciare,80
armani,80
grone,80
bandierina,80
riaffiorare,80
lubiana,80
note,80
partecipato,80
portello,80
neivo,80
irresponsabilmente,80
incancrenire,80
fieno,80
messinese,80
baldassarre,80
disoccupare,80
soprintendente,80
demetrio,80
fatturazione,80
monitoro,80
cammello,80
delego,80
autiere,80
idrogeno,80
avulso,80
pila,80
allungo,80
pregresso,80
tonna,80
imperante,80
agnana,80
astuzia,80
bernardino,80
torrenziale,80
cistico,80
inedia,80
fattispecie,80
occupativo,80
portoferraio,80
seminano,80
tonto,80
vivaio,80
onesta,80
municipalismo,80
sboccavo,80
motoretta,79
inode,79
curaro,79
incastrare,79
acclamazione,79
agnellare,79
follare,79
rovere,79
invettiva,79
fato,79
pizza,79
moratoria,79
etilene,79
bancacciare,79
ideologo,79
riguardere,79
onorio,79
bassotti,79
esiziale,79
ritorcere,79
appianare,79
connere,79
lenno,79
duplicere,79
combattentistico,79
sudanese,79
duina,79
loia,79
eliminato,79
aguzzare,79
foci,79
falsamente,79
attraversamento,79
industrialmente,79
tenutosi,79
telegrafare,79
puntellare,79
gonfiamento,79
sfugge,79
simulazione,79
verga,79
trasparire,79
inghiottire,79
quao,79
tuff,79
anziture,79
scaramuccia,79
eraldo,79
chilare,79
mobiliare,79
giocavare,79
imprettere,79
rafael,79
tendano,79
accademiare,79
asap,79
gioire,79
pabloe,79
ragguardevole,79
occhiello,79
neocolonialismo,79
miso,79
privilegare,79
progressiva,79
felpa,79
filarmonico,79
possiedono,79
summit,79
bina,79
precipire,79
troia,79
piantonare,79
concettare,79
foca,79
scarpata,79
qualifico,79
eccezion,79
terremotare,79
sdraiare,79
inseriscere,79
catturato,79
esplorativo,79
trasformato,79
inventiva,79
poture,79
massimale,79
circolante,79
podestà,79
ortensa,79
bretone,79
celermente,79
districare,79
emolumento,79
plio,79
falò,79
abriolare,79
dativo,79
armonizzazione,79
tera,79
ghiotto,79
solennità,79
esiliato,79
afte,79
disperrere,79
saturo,79
aiola,79
sagrato,79
profano,79
commissiere,79
lascario,79
ricreazione,79
reingaggio,79
macco,79
sul',79
ionio,79
paperino,79
poli,79
licata,79
parodo,79
maglificio,79
msire,79
singhiozzo,79
dadini,79
suello,79
dissuasione,79
vallesano,79
funivia,79
amarone,78
modere,78
invidia,78
stordire,78
essei,78
compromessa,78
avvicendare,78
gradevole,78
alcione,78
immune,78
lirismo,78
fernet,78
pressappoco,78
istinto,78
roseto,78
coreografico,78
infestazione,78
fierezza,78
sigillare,78
plutonio,78
ossere,78
esaminano,78
decurtare,78
ceca,78
arienzo,78
areno,78
tonale,78
serenare,78
contrappone,78
rifuge,78
contrappore,78
lunotto,78
godo,78
eccido,78
sonia,78
fioravante,78
devia,78
stivale,78
liro,78
scovare,78
americana,78
cartuccia,78
fucilata,78
santina,78
proterre,78
qualsivoglia,78
schumann,78
risaia,78
licare,78
profeta,78
vermut,78
novero,78
rispondevare,78
concessionaro,78
truccho,78
processione,78
giubbotto,78
bonificare,78
piro,78
abdicare,78
noma,78
vladimiro,78
smania,78
privale,78
giogo,78
nebiolo,78
imperfetto,78
sassonia,78
rimpatriare,78
ristagnare,78
zonare,78
abbaglio,78
impegnatire,78
dulio,78
vole,78
rimasta,78
appagare,78
snobbare,78
esopo,78
industriare,78
comode,78
intendiare,78
balenare,78
scissionista,78
morbo,78
disuguaglianza,78
linciaggio,78
strutturalmente,78
orsinere,78
avventurare,78
rinnova,78
amalfitano,78
verare,78
sofisticare,78
dipendare,78
antinquinamento,78
anidride,78
gaia,78
subari,78
astensionismo,78
quantificare,78
recuperato,78
invidiare,78
discriminanti,78
trigesimo,78
agitatore,78
agevolo,78
letale,78
maccherone,78
aggravo,78
radere,78
carnefice,78
sonnino,78
albe,78
accreditato,78
colleghare,78
augusteo,78
condor,78
scoppolo,78
scimmia,78
partere,78
unitano,78
informa,78
grumo,78
casara,78
incoerente,78
rappresentato,78
marijuana,78
muover,78
perseguibile,78
locomotivo,78
cicerone,78
abdur,78
meter,78
irsina,78
toglio,78
alunni,78
affratellamento,78
sacrale,78
sviluppumbrio,78
pubblicista,77
geologe,77
melato,77
indeterminatezza,77
scrosciante,77
college,77
spalleggiare,77
olivio,77
nardino,77
cosio,77
inopportunità,77
bazar,77
analfabeta,77
demano,77
oppressore,77
sapone,77
cene,77
fernare,77
inquieta,77
bambina,77
pianificato,77
serbo,77
foracco,77
guasta,77
allaccio,77
firenze,77
labronico,77
ortenso,77
ultimativo,77
patrono,77
maestà,77
ostro,77
acnere,77
indosso,77
ciufine,77
darwin,77
selvatico,77
provengere,77
aventino,77
presento,77
natante,77
sydney,77
settangere,77
utilitario,77
chicco,77
paracadutisto,77
epidemiologico,77
penso,77
estradare,77
abilita,77
dasà,77
sore,77
sopravvissere,77
maestoso,77
miliare,77
nevoso,77
contribuari,77
tumulto,77
canora,77
romino,77
figuro,77
dome,77
ormare,77
impreso,77
interministerialire,77
pupazzo,77
mostravare,77
licia,77
individualmente,77
finirebbero,77
avvilire,77
dissestato,77
elettrotecnico,77
beh',77
donatellare,77
riporre,77
frapponere,77
consenziente,77
armale,77
antagonistico,77
stringire,77
risulterebbero,77
uscari,77
tolentino,77
kissingere,77
capofila,77
seminarlo,77
resia,77
siare,77
sostenare,77
abetone,77
midi,77
prolusione,77
macellazione,77
immagazzinare,77
scotland,77
yard,77
ecuador,77
risoltere,77
criticamere,77
trovandoso,77
calzificio,77
finanzia,77
morgano,77
dora,77
agiio,77
leggoo,77
murge,77
6000,77
comicità,77
corazzare,77
allappo,77
maserato,77
porterebbe,77
stael,77
limitatezza,77
stagnante,77
cacchio,77
zeppo,77
qua',77
tarallo,77
professoressa,77
parato,77
polifonico,77
ermellino,77
second,77
aggregante,77
chiarino,77
fuoriuscire,77
cibare,77
sterilità,77
minsk,77
otranto,77
sfigurare,77
isef,77
empitocelo,77
affittuario,77
sottoccupare,77
bordello,77
piastrella,77
intestinale,77
fiesolane,77
cisto,77
calzo,77
uncino,77
carema,77
bazzotti,77
bussola,77
clicre,77
doues,76
legittimamente,76
scaricabarile,76
riguarderebbero,76
ugolina,76
delazione,76
dribbling,76
viceministro,76
landolfo,76
prora,76
sabatina,76
idro,76
same,76
sacramento,76
petrazzo,76
umanamente,76
colerico,76
moralista,76
maneggiare,76
offrano,76
pervenge,76
oberare,76
orta,76
glore,76
abdicazione,76
imperialisto,76
pecoraio,76
assistono,76
urgentissimo,76
calvetto,76
deflattivo,76
ancoro,76
infittire,76
frapposre,76
parodia,76
liberalismo,76
civice,76
ascella,76
ritardano,76
toilette,76
sorprendentemente,76
manciata,76
assunre,76
vigevano,76
slavo,76
moncare,76
qualificano,76
scalzare,76
chiestare,76
lagunare,76
ottenimento,76
cattolica,76
clarare,76
maleo,76
incerte,76
volute,76
diciassetto,76
mota,76
zelanda,76
provvisorietà,76
riconosco,76
dole,76
stacco,76
muso,76
prefissato,76
ruffrè,76
malanne,76
roosevelt,76
riassorbimento,76
responsabilizzare,76
comproprietà,76
dimostro,76
livo,76
scoccare,76
solenito,76
prepotentemente,76
pungente,76
locaio,76
cumulare,76
spiegato,76
immatricolazione,76
sessa,76
soffitta,76
sbarramente,76
zita,76
gemer,76
ucraino,76
cartografia,76
condivisibile,76
falsariga,76
azzere,76
ariosto,76
cresciere,76
sottomettere,76
sospiro,76
lozione,76
scomparere,76
succedutiso,76
fruitore,76
inesattezza,76
scriba,76
capanni,76
capanno,76
biello,76
flotto,76
apertoso,76
villanere,76
pesta,76
velina,76
brunello,76
poto,76
albrire,76
cronologia,76
usanza,76
sommovimento,76
riarmo,76
bestione,76
miserabile,76
commercializzare,76
fideiussione,76
sfile,76
ribalto,76
bielle,76
cric,76
berline,76
capestro,76
ancore,76
consere,76
quarantesimo,76
angiò,76
abitabilità,76
show,76
fornace,76
bersagliere,76
amalfi,76
ormeggio,76
saper,76
maltese,76
balzachiana,76
inoccupato,76
andrio,76
firmato,75
affronto,75
lucchetto,75
ammucchiare,75
predica,75
petrolchimica,75
crolla,75
sepoltura,75
riano,75
scalfire,75
ottare,75
resero,75
liberty,75
bidè,75
sentere,75
ognuna,75
avvistare,75
giochare,75
webex,75
oscenità,75
snccio,75
calendaro,75
moschea,75
metronotte,75
stamattinare,75
evenienza,75
reggono,75
isare,75
accado,75
quarantadue,75
lavarello,75
settantamila,75
sventura,75
cautare,75
goleador,75
riuniscare,75
fisba,75
malinconia,75
diagnosticare,75
passionale,75
rinuncio,75
bibliografia,75
commediografo,75
paride,75
bruciapelo,75
abnegazione,75
muraglio,75
rettilineo,75
camionetta,75
sacrario,75
naturalista,75
fuls,75
bordare,75
bureau,75
insensato,75
claudiare,75
degente,75
castelletto,75
tratterre,75
islanda,75
capolinea,75
aerostazione,75
piantagione,75
arlecchino,75
shock,75
bolero,75
tristezza,75
incomplete,75
lavagna,75
categorio,75
carestia,75
aire,75
affaticare,75
squallore,75
distesa,75
alì',75
abrader,75
drenaggio,75
inerito,75
anulare,75
coco,75
domingo,75
rhoo,75
indefinito,75
prim',75
regionalistico,75
tosto,75
strutturo,75
arar,75
svilire,75
varzo,75
pescarese,75
cascinale,75
scandere,75
interaziendale,75
sativo,75
tota,75
travolto,75
giovamento,75
scempo,75
diaframma,75
4500,75
verniciatura,75
impreparazione,75
bandiero,75
punk,75
monteroso,75
rivisitazione,75
latero,75
socrare,75
ateniese,75
preposta,75
dissesta,75
dirocco,75
omsa,75
accoppiare,75
spregio,75
goffo,75
seicentomila,75
falcone,75
somala,75
provocatoriamente,75
socratico,75
nascito,75
presuppongere,75
unta,75
mediceo,75
scorporare,75
divergere,75
commi,75
scivolone,75
frugale,75
tubazione,75
imbraco,75
cristinare,75
malese,75
bilancino,75
giandomenico,75
veneree,75
spin,75
belardinello,75
acciai,75
osoppo,75
carpino,75
imbimbo,75
cinte,74
beatrice,74
schedina,74
chicchessia,74
spinosi,74
scalinata,74
cartare,74
domenicano,74
veritiero,74
notificazione,74
noir,74
terribilmente,74
profezia,74
proporzionato,74
portamento,74
farge,74
cova,74
consolo,74
defluire,74
indifeso,74
fnse,74
impresso,74
estroso,74
cortiletto,74
alpine,74
fortore,74
babbo,74
sismo,74
rampollo,74
documentata,74
dodo,74
simonare,74
dei',74
fiacco,74
ciminà,74
harley,74
perdo,74
salema,74
banchino,74
supponere,74
aroldo,74
niet,74
lucidamente,74
dislivello,74
commessare,74
labirinto,74
revolverata,74
ignorato,74
aravare,74
murare,74
flanella,74
antiquato,74
generala,74
mazziero,74
pervadere,74
gherardo,74
androne,74
alassio,74
proponevare,74
faula,74
agnone,74
inumare,74
quindicenne,74
dismisura,74
lussemburghese,74
termonucleare,74
contentare,74
forsennato,74
scarsezza,74
nevada,74
estremisto,74
1900,74
ceppe,74
giuliana,74
newsweek,74
dintorni,74
metallifere,74
reggiare,74
generosamente,74
bagattino,74
sottoscrivono,74
tracotanza,74
prodigioso,74
aditolo,74
calamai,74
controne,74
ufficiosamente,74
graffito,74
manomissione,74
laino,74
ammantare,74
numerase,74
pretestuosità,74
riafferma,74
elettro,74
macchinisto,74
mezzanto,74
esotico,74
fraudolento,74
investitore,74
party,74
asfittico,74
esuberante,74
ulivo,74
ritornello,74
affollavare,74
prefettizia,74
capodimonte,74
istituere,74
echeggiare,74
tatticismo,74
sauvagnargues,74
magnago,74
segnatura,74
agilità,74
musso,74
giudicano,74
indro,74
starare,74
avversano,74
scaturari,74
taurianova,74
bear,74
deterrente,74
vagente,74
tereso,74
shanghao,74
coniugare,74
tricarico,74
pasqualina,74
salmonella,74
stimato,73
livia,73
essenzialità,73
zootecnica,73
stratagemma,73
sempione,73
celeste,73
scialba,73
indemano,73
consentirebbero,73
rousseau,73
capita,73
malinconico,73
disinfestazione,73
schiero,73
frato,73
finanziato,73
jeep,73
portale,73
escussione,73
barare,73
robustezza,73
vieto,73
immaturo,73
accennato,73
vivacissimo,73
occultamento,73
carovitare,73
finte,73
accidentale,73
contrappunto,73
riverso,73
intimazione,73
malaguto,73
brufolo,73
mousa,73
miseramente,73
bugiardo,73
riesumazione,73
convenuti,73
dissolvere,73
perimetrale,73
traere,73
ovada,73
obbedienza,73
miosine,73
elimino,73
ibrido,73
mausoleo,73
terriccio,73
presieduta,73
invitire,73
insolire,73
riduce,73
impoverire,73
inchiostro,73
bernese,73
sviluppatase,73
inoppugnabile,73
aritmetico,73
ponto,73
sparata,73
janeiro,73
giubbetto,73
coltro,73
strumentalismo,73
sommo,73
viesta,73
percepisce,73
punibile,73
bonato,73
allego,73
malora,73
peggiorativo,73
pupi,73
testacelo,73
aristocrazia,73
paghere,73
distruvere,73
gradatamente,73
desumere,73
sprezzante,73
salume,73
sussidiario,73
maionese,73
soprassedere,73
stravagante,73
bulgare,73
frammentarietà,73
bionda,73
alieno,73
liverpool,73
sbrigare,73
inosservato,73
massimalismo,73
atlanticare,73
faib,73
ramane,73
forca,73
mazzocco,73
oncia,73
mastodontico,73
lume,73
revoco,73
finalista,73
stone,73
denigratorio,73
valdostano,73
donat,73
salvato,73
espressività,73
alasso,73
sigli,73
teodoro,73
spaghetto,73
navicella,73
yankee,73
accerto,73
urla,73
ragas,73
dionigi,73
fata,73
sperduto,73
ineliminabile,73
colano,73
fibbia,73
agre,73
intensissimo,73
catello,73
catone,73
indonesiano,73
emendare,73
metallurgica,73
studiano,73
batter,73
disposo,73
ganghista,73
radiologia,73
rosselline,73
interconfederale,73
ramiro,73
moralizzare,73
rasoterra,73
parella,73
gabbata,73
esplicitare,73
amena,73
bulteo,73
soqquadro,73
consorziale,73
escare,73
bustoni,73
concorrenzialità,73
dirimere,73
xerox,73
galbule,73
blello,73
fattibilità,73
agliaceo,73
wojty,73
morente,72
morione,72
circondariale,72
sdoppiamento,72
nitido,72
insipienza,72
spasimo,72
passa,72
peculiario,72
tagliere,72
urale,72
pensionare,72
arso,72
avvengere,72
tollerante,72
collaudato,72
sestetto,72
feconda,72
accorato,72
frazionamento,72
infestare,72
contadina,72
divengare,72
amabile,72
dovizia,72
giannettare,72
flagrante,72
antirazzista,72
mangia,72
ingrasso,72
rimpatrio,72
orrolo,72
sottoscrire,72
intollerante,72
agguantare,72
contropieda,72
portoricano,72
filmico,72
missilistico,72
dimezzato,72
orologeria,72
resina,72
assile,72
incatenare,72
doppiaggio,72
metropolitan,72
disputere,72
mattutino,72
stipare,72
durissime,72
tossicità,72
moscovito,72
istituito,72
eccoci,72
spallino,72
monarca,72
habitat,72
perego,72
imam,72
cedola,72
diametro,72
iseo,72
acclamare,72
cellare,72
distintare,72
intralcio,72
ortofrutta,72
quarantottesco,72
dimetro,72
sovraccarico,72
bitto,72
bacale,72
modifichare,72
fiancheggiatore,72
milanista,72
accora,72
antoniano,72
stemma,72
pece,72
brado,72
lattare,72
vantere,72
aiare,72
siberiano,72
agivare,72
mando,72
casinò,72
affrancare,72
confisca,72
razzia,72
decorato,72
arrivato,72
griffo,72
squarcio,72
comica,72
opzionale,72
ganghero,72
tranello,72
commissiona,72
eduard,72
lesse,72
acl',72
caricatore,72
avellare,72
inventivo,72
preparere,72
indebitamente,72
rospo,72
ultrasinistra,72
sottopassaggio,72
pastoia,72
canova,72
infamo,72
ostra,72
attualizzazione,72
trentatré,72
sangiovese,72
bacon,72
pensilina,72
orante,72
affidabilità,72
storno,72
letizia,72
cittanova,72
acutissimo,72
cerimoniale,72
torturatore,72
suzione,72
ardenza,72
brandello,72
arrede,72
varato,72
venoso,72
lanzo,72
antilope,72
impalcasso,72
grammatico,72
cinzano,72
capannore,72
monelle,72
cucciolo,71
montenegro,71
eliare,71
erasmo,71
confapi,71
alfabetico,71
mucca,71
esperta,71
rufo,71
agonistici,71
irrevocabile,71
tiepido,71
bracco,71
naturalezza,71
dica,71
sibilare,71
veronare,71
annunciavare,71
motel,71
impacciare,71
escavazione,71
cateno,71
diletto,71
monatto,71
rarefazione,71
squarciare,71
filatelia,71
squarcino,71
umoristico,71
terminologia,71
suppone,71
depressivo,71
taco,71
cinciare,71
poarr,71
incompiuto,71
adelaide,71
carlini,71
esaltano,71
chinagli,71
aiuola,71
atalantino,71
davidson,71
pettina,71
agra,71
condire,71
novemila,71
incivile,71
eguagliare,71
distorcere,71
pagella,71
spontanea,71
nylon,71
topografico,71
marciano,71
palare,71
agis,71
fans,71
scopergere,71
rotella,71
bibita,71
capitolina,71
concerne,71
marionette,71
penalista,71
rovesce,71
annuncare,71
sanguigno,71
generis,71
inesperienza,71
dondere,71
gobare,71
giubileo,71
infermo,71
balena,71
litoraneo,71
eredere,71
etruria,71
massacrante,71
domo,71
comodamente,71
cinicamente,71
pastificio,71
contraente,71
pregiare,71
venanzio,71
damocle,71
impenetrabile,71
flaubert,71
credenza,71
emirato,71
montonero,71
pione,71
baltico,71
feritore,71
riel,71
accasciare,71
depositante,71
tondino,71
economio,71
astravere,71
annue,71
ceriano,71
granché,71
acca,71
accanita,71
boole,71
corsico,71
lene,71
timidamente,71
lasciato,71
mettevare,71
servilio,71
convitto,71
amerigo,71
materano,71
canaglia,71
scolaro,71
liberalizzare,71
airone,71
bluff,71
porce,71
aratisi,71
macchino,71
smercio,71
certificare,71
limare,71
richiedevare,71
lamiera,71
costituivo,71
arcare,71
ammortizzatore,71
contraccettivo,71
antidoping,71
vergognare,71
silicoso,71
sterilizzare,71
comprenda,71
bramente,71
cesano,71
pizzeria,71
eclatante,71
ratta,71
creditiziare,71
pendolare,71
agnano,71
inquadratura,71
mediobanca,71
inseriscare,71
joyce,71
eversore,71
vandale,71
turato,71
ppss,71
ammaro,71
teina,71
prefestivo,71
frange,71
orvietano,71
vaporetto,71
giaco,71
rosignano,71
anticipatamente,70
devoto,70
sconsiderato,70
tallonare,70
angolino,70
riabilitare,70
difettare,70
dissestare,70
salesiano,70
malizioso,70
compromessare,70
contromisura,70
carcassa,70
1910,70
tentavare,70
eugenia,70
autografo,70
esborso,70
specioso,70
inveire,70
postino,70
avverare,70
rovente,70
trilogia,70
popolaccio,70
leasing,70
crere,70
clarence,70
dolorosamente,70
unicio,70
carletto,70
barchino,70
riff,70
fitta,70
rozzezza,70
incontrovertibile,70
redditizia,70
saluta,70
bertino,70
gattucci,70
motrice,70
disinvoltamente,70
argomentato,70
inabitabile,70
traire,70
adotto,70
traducare,70
landa,70
boot,70
diffidente,70
addettare,70
1907,70
inettitudine,70
convalescenza,70
travaglia,70
raccapricciante,70
sbalordire,70
spugnare,70
tagliando,70
falciare,70
laghetto,70
speculativa,70
provvista,70
vendire,70
dirittura,70
7000,70
patriottismo,70
connotare,70
manetta,70
raode,70
cisterno,70
scaturiscire,70
letterato,70
porticciolo,70
depositato,70
congenito,70
pompare,70
proporzionalmente,70
tunico,70
labbra,70
canotto,70
intengere,70
coesistere,70
diciottesimo,70
esplicazione,70
usufruisce,70
generatore,70
becchino,70
semola,70
assomigliare,70
increscioso,70
georgiano,70
minerva,70
spremere,70
insaputa,70
plebiscitario,70
gogol,70
tellurico,70
tranquillizzante,70
soia,70
direziono,70
charlia,70
parquet,70
interista,70
lanificio,70
capodanre,70
nerbo,70
frazionare,70
scarse,70
afta,70
spedito,70
pamplona,70
finiva,70
adolescenza,70
riuscere,70
impennato,70
scaldare,70
granada,70
crawl,70
laburistare,70
riunere,70
avezzare,70
rifavere,70
corneo,70
belo,70
uccisore,70
regressivo,70
inglobare,70
diffida,70
irpef,70
fara,70
attracco,70
convivente,70
repello,70
annessione,70
terraferma,70
contestatore,70
terza,70
sindia,70
affaticato,70
benevolenza,70
sottendere,70
daliare,70
pantaloncino,70
crivello,70
arvier,70
ceramista,70
morbido,70
vato,70
controdeduzione,70
velleitaria,70
dilezione,70
apre,70
alceo,70
cottura,70
barcone,70
macellai,70
carniero,70
romanticismo,70
loculo,70
cardedu,70
arroganto,70
ghibellino,70
wimbledon,70
proda,70
alfi,70
contrade,70
bagnine,70
ortolani,70
cinzare,70
vitalbe,70
ginore,70
colorado,69
appiare,69
etrurio,69
austrio,69
zinco,69
ridente,69
allettare,69
pide,69
impedì,69
reclamizzare,69
contraffazione,69
parcellizzazione,69
metamorfosi,69
dannato,69
interessantissimo,69
pianistico,69
macchinazione,69
edelsere,69
importere,69
tacitare,69
conca,69
discontinuo,69
bahamas,69
eccone,69
meritorio,69
clonale,69
ometto,69
amintore,69
proletaria,69
allegri,69
glande,69
laconico,69
sterilizzazione,69
cavarsela,69
cinisello,69
malfattore,69
avvelenato,69
garritalo,69
anteriormente,69
martirio,69
deboro,69
abbare,69
salomon,69
auri,69
nicco,69
andatura,69
nazareth,69
bolide,69
latifondista,69
edicolao,69
ipotecare,69
rasa,69
embrione,69
elabora,69
taglieggiare,69
irlandendere,69
preannuncio,69
fardello,69
deformato,69
oreficeria,69
dialetticamente,69
nazifascisto,69
balcanico,69
denominato,69
vedersela,69
feole,69
alitale,69
esistito,69
trust,69
lanciarazzo,69
irrisore,69
pape,69
sostitere,69
tollerato,69
transenna,69
ingrato,69
1914,69
stressante,69
suggestiva,69
fiorenzo,69
sfuggita,69
polverizzare,69
latifondo,69
maridere,69
alfare,69
applaudere,69
terranova,69
erode,69
ostetrica,69
reputare,69
infermità,69
deflusso,69
surrogare,69
viuzza,69
taio,69
avvalso,69
affiliato,69
acuito,69
svelta,69
cadore,69
scaffale,69
indur,69
riunitidere,69
vania,69
artistica,69
spinato,69
magreb,69
entrere,69
lola,69
seduto,69
risapere,69
rasoio,69
vinti,69
solforico,69
imbottigliamento,69
gazzarra,69
astrattezza,69
mobilificio,69
peggior,69
esemplificazione,69
scomunica,69
virginio,69
urno,69
terrò,69
mutolo,69
tenerezza,69
vendicativo,69
latera,69
frasca,69
franchiato,69
superman,69
coagulo,69
indiviso,69
tosta,69
totalitario,69
trovo,69
artifico,69
arnoldo,69
revisionismo,69
sfatare,69
florida,69
abbonamere,69
defilare,69
assolti,69
rumoroso,69
assone,69
azzolino,69
carpi,69
anzitempo,69
newyorchese,69
licenzia,69
parve,69
convenientemente,69
brilla,69
valigetta,69
amplificare,69
irte,69
interro,69
stratega,69
valdicecina,69
moderatismo,69
beccatello,69
scordare,69
fanello,69
figurazione,69
memo,69
empoe,69
discarica,69
aggiustamere,69
perturbazione,69
cromo,69
ledare,69
sfrattato,69
scasso,69
alabastro,69
volenteroso,69
angelino,69
zinna,69
eruzione,69
poule,69
galizia,69
tinello,69
bisenzio,69
copcon,69
brabham,69
mantenese,69
azzaro,68
mirella,68
disordinare,68
vaccino,68
alzato,68
autenticamento,68
depilale,68
benna,68
andreis,68
avellinese,68
evanescente,68
trafitto,68
immobilità,68
mitigare,68
cresta,68
delinquenti,68
barman,68
decoroso,68
rinfocolare,68
monotonia,68
presuntuoso,68
immorale,68
acquazzone,68
volpo,68
preziosissimo,68
antistorico,68
intrattiene,68
canovaccio,68
esequia,68
sicario,68
confidenziale,68
croato,68
bandi,68
comunanza,68
aviogetto,68
pseudonimo,68
dorato,68
traumatologico,68
aster,68
biancone,68
suggerere,68
gira,68
calunnioso,68
inoperante,68
argentiero,68
accidentalmente,68
progredito,68
lardino,68
susseguere,68
juve,68
consalvo,68
andreo,68
oscurantista,68
cinquecentesco,68
isbn,68
laro,68
bouquet,68
mobilire,68
ripromettere,68
catenaccio,68
tullia,68
smarano,68
costituendo,68
dolcè,68
esisterebbero,68
necesse,68
scioltezza,68
giorgetto,68
camire,68
nascer,68
espropri,68
pivo,68
ortense,68
lievo,68
acume,68
telefoto,68
innalzamento,68
pastorano,68
rompe,68
nautica,68
pulce,68
stilo,68
cantino,68
praso,68
cementar,68
bisco,68
impano,68
ospitale,68
veicolare,68
inconsueta,68
iniettare,68
varesino,68
pedinare,68
pro',68
peduccio,68
termometro,68
belare,68
analfabetismo,68
pitto,68
cabrare,68
confluiscere,68
protrattosi,68
mobilquattro,68
enigma,68
velleitarismo,68
conico,68
martinetto,68
pessima,68
redatta,68
sestro,68
aleggiare,68
combinato,68
liechtenstein,68
grintoso,68
peronismo,68
noleggiare,68
ciecamente,68
partì,68
datura,68
psicoanalisi,68
ottusa,68
sedare,68
incolore,68
arie,68
radiografico,68
voga,68
diluire,68
cartario,68
wanda,68
lineo,68
stentato,68
tassativamente,68
spalancare,68
parino,68
amnesty,68
adamare,68
godrare,68
sgradevole,68
richiedare,68
pallonetto,68
avio,68
pattugliare,68
locato,68
ermetico,68
altissime,68
ernia,68
inabilita,68
assottigliare,68
michelina,68
elpidio,68
selenico,68
savana,68
orpello,68
doppiezza,68
rifuggire,68
irrigue,68
polaccare,68
umbrare,68
dequalificare,68
riassuntivo,68
loglio,68
musco,68
ternare,68
ruppo,68
tossicomana,68
volvo,68
licio,68
canottaggio,68
saccaro,68
sansepolcro,68
diserbante,68
conciario,68
segretar,68
narno,68
nespolo,68
destabilizzare,68
avvertivare,67
sfoggiare,67
netti,67
coercizione,67
silurare,67
cavriglia,67
principato,67
scenda,67
pelato,67
ciocco,67
monferrato,67
desidererei,67
affluiscono,67
contraddicire,67
filiberto,67
marasco,67
elefante,67
elemosina,67
ferrari,67
azzo,67
atterrana,67
deletero,67
fiorano,67
smembrare,67
chiarano,67
mescetto,67
squilibrare,67
condurere,67
molecolare,67
portiera,67
intelo,67
ripetiamo,67
mondano,67
marisa,67
uilo,67
steward,67
strenuamente,67
lettuccio,67
liceità,67
oolitico,67
caraibo,67
recitale,67
sfrenare,67
concertato,67
soffiata,67
affamato,67
sottomissione,67
trinità,67
incogliere,67
melilli,67
stemperare,67
dopirò,67
procrastinare,67
poligrafici,67
bisetto,67
americare,67
compile,67
smerciare,67
bastonare,67
millecinquecento,67
telex,67
acquarello,67
impennare,67
saggiamente,67
nondimeno,67
ottantina,67
intensifichare,67
consultivare,67
progressività,67
imboscare,67
interconfessionale,67
approde,67
ridistribuzione,67
disposta,67
frequentavare,67
quote,67
pubblica,67
telefonicamente,67
saltuariamente,67
carcerare,67
estraniare,67
acri,67
lucroso,67
prosodia,67
asserere,67
esagitato,67
emiliaromagna,67
accaglino,67
scommettere,67
infrante,67
preordinare,67
decimazione,67
sanabile,67
metterla,67
strider,67
carnet,67
ricupero,67
prefisso,67
conclamato,67
condonare,67
imprendere,67
polveroso,67
semidistrutto,67
eccedente,67
trasmesso,67
berta,67
interroga,67
provveditorare,67
issime,67
palliativo,67
musicare,67
sottotitolo,67
lindere,67
accenna,67
exploito,67
deceduto,67
interdente,67
discapito,67
pompon,67
parura,67
bacato,67
esattorio,67
molecola,67
paneuropeo,67
suso,67
ristoro,67
rayman,67
contudere,67
titolarità,67
ripiego,67
inquisito,67
picchettare,67
onte,67
necessito,67
icere,67
ripiare,67
dolcezza,67
corista,67
saline,67
lungimirante,67
rubene,67
caneo,67
stesa,67
vinile,67
sconcerto,67
gallerio,67
paviare,67
polita,67
semaforo,67
carniere,67
ladino,67
civis,67
allaga,67
femministe,67
abbattuto,67
intentato,67
conserviere,67
agnosia,67
lorenza,67
regine,67
bustarello,67
rozzone,67
bacolo,66
aieto,66
imperiali,66
unitarie,66
snervante,66
appaltato,66
maiorca,66
necton,66
inflittaglio,66
camioncino,66
venticinquesimo,66
intelaiatura,66
scarlatto,66
etichettare,66
fondiare,66
metanizzazione,66
violoncello,66
braccare,66
brade,66
fanatismo,66
permeare,66
platano,66
malapena,66
capitanare,66
svaligiare,66
simboleggiare,66
1913,66
foraggiare,66
carpentiero,66
rimostranza,66
managua,66
andina,66
programmatica,66
farfalla,66
adulo,66
armonioso,66
soccombere,66
grama,66
nenia,66
eminentemente,66
mazzuolo,66
coriaceo,66
gelosamente,66
diramazione,66
dissuadere,66
infruttuoso,66
borsisto,66
uccel,66
falerno,66
mortaio,66
organica,66
delirio,66
ricettatore,66
eleggare,66
innovatrico,66
recipiente,66
reagere,66
bertelo,66
tonello,66
indebire,66
perverre,66
saltato,66
attribuibile,66
sospinto,66
sbalorditivo,66
peschiera,66
campestre,66
outsider,66
atino,66
alvara,66
sarcasmo,66
sostenire,66
consorziato,66
cenerentola,66
medagliere,66
canio,66
morgana,66
demerito,66
diseguaglianza,66
fioritura,66
cellere,66
sottoproletariato,66
melania,66
rientravare,66
borgare,66
moltissimo,66
cullo,66
attualo,66
arricchere,66
settentrione,66
tanco,66
befana,66
rivendita,66
benda,66
rapale,66
calvino,66
diremmo,66
monetano,66
tagliente,66
patere,66
compagnare,66
mattatore,66
roda,66
troverebbero,66
tanfo,66
italianeggio,66
ardila,66
quadrimestre,66
rinascitare,66
dequalificato,66
duttilità,66
panificazione,66
inusitato,66
ammanettare,66
proverbiale,66
termina,66
facie,66
filtea,66
stralci,66
tetro,66
unghia,66
urbanista,66
ironio,66
teca,66
alaska,66
distaccamento,66
busalla,66
behe,66
esattoriale,66
sento,66
viltà,66
beinette,66
polio,66
pescaia,66
contessa,66
basterebbero,66
assumeere,66
prendente,66
astenuto,66
molière,66
intrallazzo,66
gobbo,66
collettivamente,66
vitivinicoltura,66
insolvenza,66
pura,66
propositivo,66
minervino,66
cisa,66
disastrare,66
ulisse,66
sama,66
rush,66
ceroso,66
venzone,66
formica,66
indulto,66
inveir,66
corrido,66
acario,65
latinare,65
forcello,65
combattire,65
lode,65
assillante,65
verticalizzazione,65
seda,65
ammirevolo,65
gaudio,65
presagire,65
golda,65
fiaro,65
barbiere,65
bettina,65
scomposto,65
ipotizzato,65
battagli,65
distrugge,65
allegria,65
ritenare,65
minoritare,65
ubicato,65
mandira,65
romanziere,65
fiata,65
massignano,65
pablo,65
land,65
indore,65
asprire,65
allusivo,65
ripudiare,65
claire,65
sociologi,65
espressionismo,65
tognazzo,65
aurelia,65
travisare,65
bendare,65
imbocco,65
collarino,65
architettare,65
binazione,65
votere,65
agostare,65
controbilanciare,65
sana,65
congiurato,65
provengano,65
reciprocità,65
deltare,65
affermavare,65
campanila,65
contraddetta,65
merano,65
occorrerebbero,65
guscio,65
dissentire,65
verro,65
potentissimo,65
angustiare,65
confesso,65
parificare,65
capolino,65
plasma,65
burocratismo,65
perforazione,65
ribadare,65
adama,65
atlante,65
caparbietà,65
ricambiare,65
selciato,65
unte,65
accinto,65
inquisire,65
evocazione,65
acoro,65
sottofondo,65
giunere,65
captazione,65
inflazionere,65
multiplo,65
ciana,65
bottegare,65
asserito,65
squalifico,65
omesso,65
percile,65
neocapitalistico,65
venduto,65
pelare,65
ferocemente,65
federesercenti,65
portere,65
diretre,65
timone,65
rinvigorire,65
riconduce,65
suocero,65
attinta,65
leda,65
cerignolare,65
allargo,65
lesionato,65
servito,65
polario,65
truccare,65
coltrone,65
figliolo,65
formavare,65
imboscato,65
ritirato,65
cappelline,65
mottere,65
vestimente,65
recluta,65
rase,65
capitolazione,65
augura,65
lepro,65
aziendare,65
abbreviare,65
cipriano,65
trascuratezza,65
meccanografico,65
sporcare,65
misurazione,65
pericolosissimo,65
violano,65
harvard,65
nicolina,65
peseta,65
baliere,65
pianerottolo,65
insorgenza,65
rubricare,65
insufficientemente,65
casavatore,65
pattinaggio,65
toltare,65
eurovisione,65
derisione,65
guadagnato,65
cavalleggero,65
sutura,65
rinnovabile,65
istruttivo,65
ponderato,65
lipare,65
operino,65
cardiochirurgia,65
promossare,65
maronito,65
dominico,65
rnare,65
ipotizza,65
omaccione,65
cineforum,65
pierantonio,65
nascituro,65
bolognino,65
stresa,65
isba,65
azzurrino,65
lusco,65
strevo,65
bruco,65
oriare,65
gelata,65
kampala,65
lipoproteine,65
tal',65
allungabile,65
crociaco,65
addome,64
trasfusione,64
trittico,64
alberane,64
melina,64
compenetrazione,64
mutuato,64
giardinetto,64
alme,64
soglio,64
coffe,64
suprema,64
referendario,64
corpus,64
sahariano,64
diocesano,64
guru,64
commiato,64
bimestrale,64
stanare,64
stritolare,64
allarmato,64
zitto,64
riproducere,64
viscido,64
superteste,64
deriva,64
berlinese,64
como',64
stagionalità,64
arrembaggio,64
credente,64
mirano,64
liana,64
antipatico,64
oscurantismo,64
pensavamo,64
apergere,64
gargiulo,64
aliano,64
ribattezzare,64
moderatore,64
news,64
adii,64
avvenuta,64
pilo,64
indegna,64
minato,64
country,64
segnaletica,64
battisto,64
velocissimo,64
pellizzano,64
pierluigio,64
appe,64
borghesio,64
abnore,64
edificabilità,64
sopraffare,64
borato,64
presiede,64
stiva,64
distintamente,64
ricostruere,64
fuorviare,64
sbucare,64
eclettico,64
ancere,64
nuora,64
aias,64
acrobazia,64
incruento,64
aberrazione,64
scagni,64
intraprendente,64
palleggio,64
impediscano,64
fammo,64
sommità,64
memento,64
manifestamente,64
6tato,64
pretendevare,64
svolsero,64
sventrare,64
delinquentio,64
ginestra,64
patito,64
capogiro,64
udina,64
eccitare,64
sospettato,64
neozelandese,64
dissidenza,64
inserito,64
rapinato,64
castalde,64
calzine,64
grafia,64
carrozzerio,64
stereotipo,64
truffaldino,64
entente,64
ripe,64
strevere,64
oristano,64
ivone,64
dorma,64
uliveto,64
tirannide,64
pierrot,64
riunificare,64
sfavore,64
regimazione,64
contratti,64
fidac,64
costruttiva,64
paraffina,64
accingire,64
cubare,64
istigare,64
savonare,64
dissequestro,64
diapositiva,64
1750,64
arei,64
acero,64
crosso,64
zaccaria,64
buoi,64
martoriato,64
plinio,64
iniquio,64
inserviente,64
todare,64
tranvia,64
logia,64
negre,64
dottrinario,64
infido,64
bidonì,64
infinità,64
tennistico,64
consociare,64
vincolato,64
spender,64
diffondare,64
vermont,64
pgci,64
densare,64
tumulare,64
lavorino,64
piropo,64
concertazione,64
muraglia,64
sfortunata,64
dragone,64
fasci,64
vessazione,64
anticoncezionale,64
gramigna,64
erbo,64
incontenibile,64
incolpare,64
comire,64
pescato,64
tesoriere,64
guidato,64
rimangare,64
enpi,64
ristruttura,64
stupido,64
orecco,64
congrui,64
malefatta,64
monile,64
ecumenico,64
1075,64
calciomercato,64
miro,64
dépliant,64
additivo,64
istantaneo,64
mesta,64
egade,64
cefalù,64
mista,64
derivata,64
carraresi,64
penultima,64
polvero,64
plaga,64
stereo,64
conservificio,64
castano,63
ampere,63
attardo,63
telecronaca,63
fatebenefratello,63
telecamera,63
buna,63
norton,63
mattia,63
incolpevole,63
iglo,63
lambire,63
offrivo,63
scissionistico,63
istruito,63
natolo,63
mortifico,63
fustagno,63
insultante,63
ripetire,63
urge,63
retroattivo,63
agno,63
lodare,63
nando,63
disparare,63
trasformatore,63
elesso,63
provenza,63
cagare,63
cordialmente,63
scalzo,63
pistole,63
manovrato,63
esemplarmente,63
contrattempo,63
astrattamente,63
scenografico,63
vorre,63
edipo,63
aranza,63
tempro,63
penne,63
infondere,63
esecutività,63
grandinata,63
maso,63
morosità,63
enunziante,63
simbolica,63
nettarino,63
incessantemente,63
copular,63
reclusorio,63
prioritaria,63
solidaristico,63
capsula,63
preconcetta,63
isolante,63
rugge,63
artiglierio,63
graie,63
contingere,63
ristrette,63
bombo,63
orlando,63
apuare,63
distribuiscere,63
sorto,63
chiamato,63
liano,63
silea,63
abilito,63
classo,63
carraro,63
austero,63
forgere,63
fasta,63
acerno,63
succhiare,63
rodere,63
manre,63
recidivo,63
autolinee,63
renda,63
linfa,63
ingiuria,63
squillare,63
libbre,63
questiono,63
arala,63
drammaturgico,63
indebitare,63
crono,63
riporto,63
caccio,63
marxiano,63
alar,63
gire,63
escarine,63
baldaccio,63
dafne,63
simona,63
appartare,63
combinata,63
avverrebbe,63
protesi,63
italslder,63
distribuivare,63
pacificazione,63
sembreere,63
cocker,63
centralo,63
sanfront,63
carissimo,63
pendio,63
sospirato,63
braga,63
parido,63
convalida,63
avventato,63
veniente,63
morolo,63
johann,63
imperdonabile,63
patema,63
prestere,63
gravido,63
incontrato,63
brunico,63
frenata,63
sanguinare,63
formere,63
cancan,63
affievolire,63
visionare,63
seziona,63
obitorio,63
trasloco,63
alcidere,63
candio,63
autosufficiente,63
icore,63
business,63
nottetempo,63
saracino,63
macomer,63
corna,63
tingere,63
limale,63
postuo,63
quercia,63
dicitura,63
aletti,63
biblioteco,63
presiedare,63
eritrei,63
asturia,63
cispe,63
zolfo,63
scalario,63
speculativare,63
azoto,63
aldobrare,63
cute,63
disbrigo,63
tede,63
decoro,63
sinfonici,63
infermieristico,63
judo,63
sfrecciare,63
rossore,63
gora,63
gordonare,63
ammutinamento,63
locatore,63
unitalo,63
guevarare,63
comportino,63
ruben,63
antignare,63
rista,63
byron,63
ossolo,63
egna,63
erve,63
tiare,63
stammi,63
marziano,63
urinario,63
masoreta,63
unidal,63
fasciato,62
esterare,62
guidere,62
amalia,62
adesivo,62
padronanza,62
nuoce,62
divegliere,62
mule,62
incurabile,62
riminese,62
matematicamente,62
tancrede,62
espugnare,62
irrisogliere,62
oleario,62
eritreare,62
voluta,62
accada,62
sfacciatamente,62
stese,62
apposire,62
prestanome,62
fraternamente,62
bertare,62
tracotante,62
rivolgetevi,62
satirare,62
alessandrina,62
agganciamento,62
pidocco,62
affiliazione,62
riccardino,62
rodone,62
virulento,62
egoistico,62
fecondità,62
ritenendolo,62
asciare,62
linneo,62
biologi,62
giampietro,62
imparo,62
resterebbero,62
vergato,62
genesi,62
antimonopolistico,62
disapprovare,62
escoriazione,62
mobilio,62
autoparco,62
porno,62
toneatto,62
scappatoia,62
trito,62
coglare,62
feeling,62
giovannie,62
tuto,62
coordinazione,62
evangelizzazione,62
predominare,62
premura,62
immersione,62
rimaneggiare,62
santambrogio,62
palmer,62
prole,62
professare,62
ripulitura,62
ospitante,62
ubriaco,62
affiletto,62
dispregio,62
comparare,62
percosso,62
aizzace,62
cranica,62
arciuisp,62
martellante,62
garibaldine,62
cardè,62
nozze,62
antenato,62
ritrovamente,62
ricordae,62
terminato,62
addolorare,62
prosindaco,62
castelgandolfo,62
imire,62
risato,62
encomiabile,62
marchingegno,62
normanno,62
ciociaro,62
cerino,62
corciano,62
pigrizia,62
cagalo,62
fiancheggiare,62
nerio,62
mancò,62
diktat,62
boolo,62
allarmo,62
svista,62
rissoso,62
rossinare,62
settorialismo,62
granducato,62
distribuito,62
setaccio,62
palino,62
aratesi,62
cuscino,62
arrotondare,62
mutere,62
1906,62
atroci,62
nazio,62
ahimè,62
indichere,62
ironicamente,62
moroso,62
palestro,62
foltissimo,62
barbine,62
giochetto,62
nevicare,62
italcantiero,62
mettimelo,62
risano,62
suspicione,62
verdiano,62
investare,62
fervente,62
annunziata,62
casciare,62
spettere,62
rarissimo,62
bardella,62
empio,62
affianchare,62
sgravio,62
cumano,62
mobilito,62
accettato,62
lupino,62
ribadiamo,62
irrazionalismo,62
canoso,62
ultim,62
roccare,62
camiciare,62
foibe,62
omogeneizzato,62
uberto,62
prodigo,62
ciampo,62
vitiello,62
griglia,62
bluo,62
alni,62
addizionale,62
occorre,62
ccii,62
ambone,62
presidentesso,62
carabanchel,62
biellese,62
nata,62
cancerogeno,62
serto,62
frantoio,62
anto,62
disputato,62
ruspe,62
pil',62
attua,62
brodare,62
spray,62
aquilare,62
bittante,62
nevicata,62
istallave,62
gradone,62
taddeo,62
rudero,62
mattacchione,62
inattendere,61
sacrificato,61
zuffa,61
resosi,61
abbassato,61
respinte,61
gallino,61
bendato,61
dopa,61
gliela,61
votò,61
ripostiglio,61
facinoroso,61
applaudito,61
coreografo,61
descrittivo,61
curno,61
mortuario,61
escludo,61
benintendere,61
moira,61
esistessero,61
raddoppiato,61
strumentista,61
morris,61
programmaticamente,61
politicizzato,61
rifiutavare,61
bissare,61
nigeriano,61
stracolmo,61
1870,61
fluire,61
stranezza,61
fraintendere,61
pretestuosamente,61
abbazia,61
alife,61
glauco,61
riscende,61
spirae,61
abramo,61
condiviso,61
fuorché,61
solidamente,61
tuonare,61
wolfsburg,61
antitese,61
analizzato,61
scure,61
1912,61
motorino,61
apprendare,61
laion,61
libbra,61
pogliano,61
stick,61
buie,61
romei,61
oriolo,61
soprannominare,61
massacranto,61
onorificenza,61
parentela,61
romualdo,61
dova,61
conare,61
erboso,61
pollica,61
catalare,61
diva,61
sgorgare,61
ciclico,61
enucleare,61
scioperi,61
indifferenziato,61
gemellare,61
timbrico,61
palme,61
esiliando,61
donate,61
emozionale,61
spiego,61
isole,61
invitandole,61
immigrare,61
collocato,61
gramscie,61
aussinare,61
unanimi,61
menomazione,61
pellicceria,61
socratica,61
runico,61
inulto,61
calice,61
rocambolesco,61
sfocare,61
annido,61
verificabile,61
monetaria,61
marno,61
vessillo,61
salde,61
elider,61
barista,61
sceso,61
guere,61
impreparato,61
gentiluomo,61
primordiale,61
vacillare,61
gravida,61
stivo,61
saga,61
perentoriamente,61
surgelato,61
concia,61
onoranza,61
cascare,61
laterina,61
connettivo,61
camorra,61
conficcare,61
tortora,61
favo,61
iura,61
telecamere,61
recante,61
deriverebbero,61
assimilazione,61
dilettare,61
mammut,61
castore,61
aronzio,61
rammodernamento,61
pintore,61
foreign,61
chiauci,61
contagocce,61
accadare,61
novare,61
combattuto,61
1911,61
ribaldo,61
salivare,61
cabotaggio,61
benemerenza,61
punito,61
biettivo,61
pregi,61
muratura,61
mariangela,61
pressing,61
parse,61
accasato,61
pellere,61
monca,61
interroghare,61
itaca,61
coacervo,61
apportato,61
laggiù,61
icipu,61
promossa,61
vedetta,61
trasformismo,61
orologo,61
superate,61
pavimentazione,61
paraurti,61
capitolare,61
devianza,61
brigante,61
piantina,61
stello,61
conoscitore,61
irrigidimente,61
broccia,61
balilla,61
artois,61
espropriato,61
stucco,61
anestesista,61
code,61
disparte,61
compro,61
ragazzare,61
incredulità,61
azzano,61
ponsacco,61
bertoluccio,61
avei,61
otone,61
taglieggiatore,61
abortare,61
geotermia,61
tetraetile,61
fetazione,60
secolario,60
1074,60
indeciso,60
fornari,60
smagliatura,60
disastrosa,60
nominato,60
dilettantismo,60
frare,60
schiare,60
detrai,60
fire,60
dispiegamento,60
evacuato,60
resistono,60
capitol,60
visito,60
ingoi,60
ricavo,60
platone,60
messinscena,60
togliattare,60
ringraziamente,60
disgraziato,60
vorticoso,60
volgario,60
traforo,60
telare,60
terminal,60
nipotino,60
precursore,60
hostess,60
surplus,60
champagna,60
pennello,60
immancabilmente,60
pervicace,60
imprecare,60
concludono,60
scalatore,60
sgrave,60
poveretto,60
affezionare,60
insigne,60
bini,60
cratere,60
circoscrizionere,60
analogare,60
frugare,60
bruto,60
costruttivamente,60
diligente,60
guyana,60
lavanderia,60
audacia,60
coniolo,60
slesia,60
extraurbare,60
indere,60
occorro,60
affermo,60
fascedere,60
forzata,60
fornello,60
unente,60
astioso,60
morre,60
mapu,60
probanto,60
sottratre,60
espore,60
bernardare,60
cuccureddu,60
cinica,60
associated,60
schizzo,60
diporto,60
sagare,60
serranda,60
quartucciu,60
cinepresa,60
angelico,60
verzotto,60
ucraina,60
ingenuamente,60
relax,60
imprudenza,60
inizare,60
retare,60
accampamento,60
espi,60
paesistico,60
assoldare,60
cargo,60
ovra,60
consumato,60
papale,60
salonicco,60
illuministico,60
riandare,60
pilare,60
georgere,60
fendo,60
saarp,60
pubblicistico,60
asuno,60
sassuolo,60
asservimento,60
evangelisti,60
comprere,60
sboccare,60
strafare,60
perii,60
degenti,60
melissa,60
bambola,60
racchetta,60
traboccare,60
pigione,60
producano,60
bimba,60
concentrere,60
vegare,60
mesa,60
convalescente,60
cilena,60
dolare,60
dilungare,60
panna,60
fese,60
difforma,60
asettico,60
ossa,60
tunisina,60
mannello,60
sirare,60
ufficialità,60
sambuca,60
gildo,60
cornelia,60
premono,60
zoppo,60
adepto,60
crosta,60
made,60
alternarso,60
unipol,60
mingere,60
kitsch,60
accalcare,60
dandoso,60
frequentato,60
operetta,60
compressore,60
dinastia,60
197s,60
ineffabile,60
timer,60
costernazione,60
giovanneo,60
ignore,60
riparatore,60
rilevere,60
scaletta,60
riformato,60
frontalmente,60
micca,60
mammella,60
passatacela,60
promottere,60
rotondere,60
redime,60
rintracciabile,60
normanni,60
confapo,60
romanizzo,60
distilleria,60
molteno,60
tesare,60
caporalato,60
play,60
antaresre,60
metaponto,60
pervere,60
prodi,60
clelio,60
botanico,60
torpore,60
etile,60
contratta,60
perugiare,60
sannito,60
chiazzo,60
faentina,60
prosciugare,59
vincolistico,59
transitoria,59
miracolistico,59
ferraris,59
binomi,59
velocista,59
valorizzo,59
incappucciato,59
dimettare,59
potrere,59
ravennare,59
dobermann,59
esuberanza,59
mistificare,59
dervio,59
porere,59
abolitare,59
pregiudizievole,59
deplorazione,59
minorato,59
alternato,59
prorogo,59
dentista,59
promesse,59
alcarare,59
invincibile,59
astore,59
pernicioso,59
uils,59
produttrico,59
quantomai,59
inopinatamente,59
fioco,59
ficchare,59
annovera,59
raffinerio,59
perseverare,59
goriziano,59
gianna,59
sbrigativamente,59
rimo,59
babbuino,59
lucilio,59
utilizzatore,59
xxix,59
quantunque,59
eloquenza,59
atteno,59
inquietare,59
persero,59
coltivabile,59
scrutare,59
trasformino,59
esagerazione,59
intrico,59
assassina,59
effrazione,59
appiattire,59
caparbio,59
cetare,59
portandolo,59
inurbamento,59
accatastare,59
esser,59
riappare,59
ostracismo,59
fusa,59
achia,59
ginare,59
esattoria,59
interessale,59
criticato,59
chieste,59
taddea,59
accentrato,59
compiacento,59
estremistice,59
risorto,59
lubrificante,59
riguardante,59
rinuncere,59
eric,59
tonina,59
calzamaglia,59
dispendio,59
verno,59
medito,59
brandy,59
contea,59
riunitasi,59
hindi,59
orlano,59
vicinissimo,59
funzionano,59
spopolare,59
placa,59
accademio,59
caratterizza,59
tirato,59
ginnico,59
miriam,59
rubarto,59
rovento,59
torreggiaco,59
gallura,59
abolere,59
frizzale,59
bitta,59
percussione,59
risorgimentale,59
appannare,59
invare,59
cerete,59
catione,59
raffreddare,59
miniere,59
attitudino,59
govone,59
olimpionico,59
boccino,59
allevamente,59
metodico,59
salpare,59
caltanissetto,59
affezionato,59
rocchio,59
brizio,59
cerda,59
levato,59
adunanza,59
1905,59
lari,59
abbisognare,59
castorino,59
supervisione,59
soio,59
eretico,59
ganza,59
infra,59
padello,59
inevitabilità,59
jumbo,59
innovo,59
aglio,59
estremità,59
giacobino,59
canturino,59
miracolosamente,59
irrompere,59
annoiare,59
ustica,59
esitano,59
perennemente,59
khartoum,59
azov,59
pecca,59
attiva,59
cipolline,59
rossmann,59
delusa,59
compatibilmente,59
danzatore,59
calenzare,59
capretto,59
disimpegnare,59
annamario,59
enciclica,59
invogliare,59
olimpio,59
uscito,59
semilibertà,59
irrigui,59
capetto,59
nerone,59
donnas,59
emano,59
cavalcavia,59
arrestere,59
divagazione,59
solerzia,59
alfabetizzazione,59
sopravvenire,59
adula,59
racine,59
suare,59
estorcere,59
hangar,59
partecipalo,59
averno,59
lesmo,59
orinai,59
beta,59
virgola,59
becchetto,59
restaurato,59
deputale,59
mezzofondo,59
aperturare,59
santuccia,59
pornografico,59
friulie,59
governabilità,59
sbancamento,59
gladiatore,59
bomboniere,59
rimandato,59
isaio,59
idroscalo,59
peritolo,59
brefotrofio,59
divertimentare,59
ugonotto,59
tatzebao,59
doppia,58
documentarista,58
inesploso,58
tuffare,58
cape,58
rosaio,58
padrona,58
fanalino,58
arioso,58
miasi,58
baronia,58
soggiacere,58
arrese,58
superflua,58
cappuccino,58
indisponibile,58
callifugo,58
regredire,58
salaria,58
alai,58
parer,58
appoggare,58
svila,58
graduare,58
culla,58
sottratte,58
concludo,58
scrollare,58
verdastro,58
lagno,58
cruscotto,58
controriforma,58
bignardo,58
polarizzare,58
mimosa,58
kenwood,58
agguerrire,58
esentante,58
calandra,58
insperato,58
anastasio,58
giallorosa,58
sfortuno,58
ciure,58
puzzare,58
undicimila,58
trentotto,58
adelio,58
temporanee,58
cremano,58
mensilmente,58
cipresso,58
moncone,58
sporcizia,58
opprettere,58
mezz,58
telto,58
antiquario,58
farneticanto,58
grumes,58
almea,58
risultere,58
accortezza,58
tovaglia,58
collant,58
tonasso,58
battigia,58
antiterroristico,58
sonorità,58
attributo,58
vissute,58
intavolare,58
ridimensionamente,58
visire,58
dispensare,58
scherno,58
aggirano,58
ascendere,58
assuefazione,58
sconfortante,58
accoppiata,58
boldone,58
alineo,58
omino,58
napoleonico,58
rapo,58
oscillante,58
gonars,58
attrarre,58
acriticamente,58
storicismo,58
sunto,58
attutire,58
casina,58
riquadro,58
lenzuola,58
dignitosamente,58
dell',58
spronare,58
ingombrante,58
trasforma,58
adam,58
accerchiare,58
tripoli,58
stavre,58
bombolotto,58
sormontare,58
rivelere,58
avventizio,58
incollare,58
illudare,58
rivolo,58
infimo,58
aranto,58
contemperare,58
socialcristiano,58
manteno,58
menfo,58
barrerò,58
althusser,58
deprecare,58
scoraggiamento,58
ignavia,58
bulldozer,58
rinunziare,58
gratuire,58
radazza,58
psicofarmace,58
cheto,58
prevalsare,58
ginnasio,58
esprere,58
meridionalismo,58
rosea,58
olia,58
valzer,58
titubanza,58
vitaliare,58
schiaffo,58
riccone,58
preistorico,58
brillo,58
orbo,58
anteo,58
viggiù,58
riannodare,58
elettoralistice,58
rhodesiare,58
collier,58
duplicazione,58
unario,58
beccario,58
carabina,58
battezzare,58
burocratizzazione,58
diserzione,58
detenuta,58
populismo,58
obietto,58
centrifugo,58
juniore,58
poggetto,58
anta,58
nunziato,58
impasto,58
allegramente,58
areare,58
conformazione,58
riscopertare,58
posteggio,58
mandala,58
provocato,58
conce,58
decise,58
ambientazione,58
proponibile,58
riposta,58
sviluppandoso,58
altopiano,58
ferace,58
crossino,58
echino,58
sleale,58
ticket,58
adone,58
esprimare,58
gragnano,58
clitico,58
lanfranco,58
massarosa,58
lollo,58
pigiatee,58
salsiccia,58
palissandro,58
sponsor,58
ostetricia,58
moquette,58
vernacolo,58
tossicodipendenza,58
acotral,58
afflitto,57
malvezzo,57
saliere,57
iscritte,57
quattrocentomila,57
bellinzago,57
proposgere,57
emere,57
integralisto,57
consensuale,57
fiavè,57
tastare,57
ricuperare,57
buonarrota,57
defiscalizzazione,57
beneficare,57
nera,57
inconsapevole,57
caseario,57
anitra,57
premessare,57
divorziato,57
imperverso,57
equivalgere,57
perlustrare,57
correvere,57
velocisto,57
carrellata,57
faccendo,57
mimale,57
bellolo,57
joachim,57
dogma,57
delinquento,57
revolverate,57
concimo,57
straziante,57
assolo,57
angre,57
desco,57
fallaco,57
trovalo,57
detrimento,57
scorre,57
denota,57
orero,57
investigazione,57
prevaricatore,57
reporter,57
portalo,57
dispario,57
lascino,57
occore,57
enigmatico,57
assimilabile,57
considere,57
asolo,57
angelica,57
indennizzare,57
smaccato,57
sindacalmente,57
vanità,57
bernini,57
aisone,57
tariffe,57
ballotta,57
ricondotto,57
galvanizzare,57
consiglia,57
pitale,57
toga,57
mentano,57
antisocialista,57
contenente,57
erasto,57
ruvo,57
utilitaria,57
prematuramente,57
periodicità,57
gorle,57
ventunenne,57
solcare,57
orienta,57
erminia,57
cinquecentomila,57
aziono,57
resuscitare,57
descritto,57
sibillino,57
astato,57
tripartire,57
secchio,57
bereniceo,57
funzionere,57
moltiplicatore,57
ineguale,57
ingrid,57
visivamente,57
neutronico,57
peno,57
scisso,57
benpensante,57
stanzetta,57
redattare,57
agrumeto,57
olandere,57
cral,57
albertre,57
platonico,57
domattino,57
marineria,57
rotole,57
gassoso,57
tallin,57
steppa,57
inventore,57
squillo,57
internazionalistico,57
tulipano,57
fratta,57
collaude,57
edilio,57
colato,57
stufa,57
sampdorio,57
edilizie,57
perfezionato,57
cooperatone,57
assola,57
chetichella,57
nazzaro,57
vientiana,57
barbare,57
venturare,57
partigiare,57
cinto,57
baldissimo,57
pochino,57
castaldo,57
esazione,57
sconfessione,57
ruba,57
dimostrere,57
prefabbricazione,57
disqus,57
didascalia,57
into,57
gibuto,57
beneplacito,57
ripio,57
aiutante,57
metadone,57
frigo,57
offese,57
crac,57
inapplicare,57
rapa,57
scoramento,57
casarare,57
protagonismo,57
tonco,57
strangolamento,57
socialirre,57
avanguardio,57
fervire,57
reggente,57
cronisti,57
churchill,57
infausta,57
bosch,57
clino,57
temevare,57
capito,57
beckenbauer,57
paulo,57
cutaneo,57
troverai,57
perdonale,57
pariare,57
concile,57
verbo,57
proto,57
viviano,57
caravino,57
fuggi,57
panfile,57
prince,57
reiterare,57
garibaldare,57
savak,57
kosovo,57
annovero,57
esimer,57
stra,57
debian,57
angosciare,57
scomposizione,57
natalia,57
filippina,57
todino,57
relè,57
manichetto,57
veleni,57
adelfo,57
fisafs,57
nocare,57
taceno,57
palazzinaro,57
tabulato,57
malaysia,56
vido,56
calzolaio,56
oberto,56
narteci,56
denigrazione,56
briscolo,56
concordatario,56
obbiettivamente,56
consone,56
riprodotto,56
baslini,56
kafka,56
pestare,56
cherubine,56
meriterebbero,56
stipulato,56
riavvicinamento,56
dottrinale,56
lampadina,56
comunicalo,56
caseare,56
clodoveo,56
leandro,56
singolarità,56
ragionevolezza,56
implemente,56
israeliane,56
bientina,56
torrione,56
distrure,56
decomposizione,56
comprese,56
seoul,56
accredito,56
provocheere,56
genetica,56
indescrivibile,56
inesperto,56
clone,56
assera,56
rovistare,56
dirigendosi,56
fred,56
cesenatico,56
svelto,56
rifondare,56
piota,56
zagarolo,56
tante,56
gaiano,56
scarcerato,56
lottiamo,56
michigan,56
pollice,56
chiazza,56
anico,56
innamorato,56
colorazione,56
austis,56
bagheria,56
gena,56
adrio,56
cannoniero,56
superbo,56
borbonico,56
vigliacco,56
assembleia,56
leggare,56
ammettare,56
enumerare,56
intempestivo,56
donatella,56
ottocentomila,56
rigare,56
ristore,56
pigna,56
discepolo,56
braca,56
1983,56
rimore,56
stanle,56
aquilino,56
1904,56
argelato,56
sherry,56
discrete,56
argare,56
allarghare,56
riviero,56
spallanzani,56
buso,56
prevalgire,56
essare,56
perì,56
colonnare,56
roisanre,56
massoneria,56
radune,56
esiere,56
aratura,56
filiazione,56
pelletteria,56
decorativo,56
erica,56
scatenamento,56
miglioria,56
indissolubilmente,56
telone,56
tifone,56
entrato,56
cavità,56
galassia,56
cloz,56
sanatorio,56
ingentissimo,56
manesco,56
dicendoso,56
scacchiera,56
riuscivo,56
costringendolo,56
vedre,56
ascendente,56
sanato,56
quattordicenne,56
brodo,56
fluttuante,56
trafugato,56
dimensionare,56
sguarnito,56
barbania,56
amiens,56
ricoperto,56
indeterminare,56
sinare,56
accavallare,56
rigenerare,56
colpirebbe,56
moscovite,56
raccoglimento,56
imprevidenza,56
sontuoso,56
incroco,56
altana,56
llpp,56
innare,56
ribassare,56
granare,56
parrucchiere,56
manciano,56
afelio,56
memore,56
steso,56
profondere,56
annientamento,56
meschina,56
chiacchierata,56
motors,56
uisba,56
linare,56
sparse,56
metaforico,56
egei,56
oricello,56
rampante,56
lavatrico,56
veemente,56
concettere,56
rivolgimento,56
erodere,56
sublime,56
distinguo,56
spineo,56
economicistico,56
sgretolare,56
concare,56
emersere,56
vecchietto,56
oltreoceare,56
intelletto,56
censis,56
tariffo,56
teatrante,56
nives,56
tendenziale,56
deprimere,56
affidato,56
traggere,56
cavalletto,56
ingabbiare,56
tessitore,56
brevettato,56
ardilo,56
ospizio,56
risicato,56
rincorso,56
retti,56
insopprimibile,56
revisionare,56
sostentamento,56
intel,56
buchero,56
costone,56
apri,56
giuba,56
istituii,56
formo,56
friule,56
zara,56
arretramente,56
lunigiano,56
barbato,56
sello,56
asfissiare,56
sibilla,56
lucente,56
cgll,56
abbondare,56
tombino,56
alassino,56
secondino,56
consob,56
novelli,56
vajont,56
semafore,56
letterale,56
vulcanico,56
bastage,56
nerina,56
asinello,56
alletto,56
desirée,56
rumorosità,56
termalismo,56
parile,56
lebeto,56
intonaco,56
rufina,56
navalmeccanica,56
verire,56
cynar,56
recanato,56
colpiscare,55
relaziono,55
sentir,55
infamante,55
falcinelle,55
vicinato,55
candore,55
grida,55
scomodi,55
antieconomico,55
baccara,55
vignone,55
sbalzo,55
irretire,55
rudolf,55
savia,55
iersera,55
alatro,55
bonario,55
falce,55
abbino,55
pierre,55
equipaggiamente,55
editorialista,55
esulare,55
motrico,55
smacco,55
cello,55
incensurare,55
bela,55
eternamente,55
squisito,55
avola,55
religiosità,55
confucio,55
ritenne,55
ossidrico,55
vergognosamente,55
giannetta,55
cesara,55
undicesima,55
onera,55
maggiolino,55
pedalare,55
salito,55
fedain,55
disabitare,55
spiazzare,55
ebro,55
modernamente,55
accogliare,55
casier,55
canolo,55
blindare,55
fronteggiano,55
emblematicamente,55
ricredere,55
strettoia,55
inserere,55
vedrebbero,55
misa,55
crocevia,55
celebrano,55
svevere,55
insù,55
assaggio,55
aedo,55
scampato,55
razziare,55
cravatta,55
ardore,55
annullato,55
carcero,55
principesso,55
schedaro,55
attinenza,55
mase,55
faver,55
stuart,55
opposero,55
premurare,55
intellettualità,55
dionigio,55
emulazione,55
lustrazione,55
eddy,55
dayan,55
maccarelli,55
indisposizione,55
legnare,55
lenola,55
forre,55
aizzato,55
arguire,55
erette,55
camicetta,55
2300,55
lavinia,55
ania,55
tornaconto,55
natalità,55
cambiato,55
extraeuropeo,55
siviglia,55
creta,55
mexico,55
volsce,55
bastanza,55
iell,55
cimare,55
confermo,55
paraguay,55
delimitato,55
cemente,55
jacobi,55
precedettero,55
copertire,55
svoltisi,55
trota,55
abortivo,55
tiraturo,55
pervengare,55
traversata,55
perdono,55
meli,55
psd',55
impregnare,55
comunica,55
sonare,55
gestuale,55
rasare,55
insicuro,55
cibale,55
crimea,55
spenda,55
triesta,55
lottere,55
dirigare,55
simonino,55
glasgow,55
cautamente,55
colgare,55
debuttante,55
prefissare,55
esplosire,55
intriso,55
questiona,55
quiete,55
budino,55
ripianare,55
maniaco,55
elione,55
pedante,55
lungimiranza,55
inchinare,55
riabilitativo,55
frenesia,55
incastro,55
approvalo,55
new',55
introduca,55
cancellato,55
accusavare,55
popolano,55
filadelfo,55
nordovest,55
sfavorevole,55
specco,55
minibus,55
munita,55
redere,55
fintanto,55
rinegoziare,55
estimatore,55
moscatello,55
incautamente,55
genialità,55
elizabeth,55
fumida,55
botswana,55
precotto,55
abbico,55
riscontrato,55
acutizzazione,55
clelia,55
civetta,55
cenone,55
maschere,55
congratulare,55
blennio,55
fusto,55
mitizzazione,55
agir,55
barbone,55
attraccare,55
ritroso,55
ronda,55
verbalmente,55
personalismo,55
gorgo,55
surreale,55
intestazione,55
carolino,55
pelliccerio,55
agonista,55
pallino,55
besano,55
confronta,55
stellare,55
gianluca,55
marchierò,55
trecentesco,55
polaroid,55
gondrand,55
roseo,54
poggia,54
capiscuola,54
ciclostile,54
separabile,54
sadowa,54
costruttrico,54
bonare,54
guelfa,54
rispettosi,54
monterotore,54
senatrice,54
freudiano,54
matita,54
assurgere,54
adrano,54
officiare,54
cosciento,54
texano,54
sdegnare,54
salariare,54
risolte,54
stigia,54
votato,54
colico,54
impomare,54
imene,54
salvacondotto,54
burocratica,54
merckx,54
inviano,54
brolo,54
moschetto,54
pazzia,54
temente,54
realizzatorio,54
superficialmente,54
viscore,54
telespettatore,54
sopravanzare,54
rinegoziazione,54
tuscania,54
spirire,54
malcelato,54
esagerato,54
estinguere,54
donale,54
ande,54
focolare,54
aritzo,54
ricapitolare,54
seguo,54
ugone,54
controrivoluzione,54
sposto,54
bistecca,54
sfaldamento,54
intossicato,54
belgo,54
ingiustizie,54
natia,54
insolubile,54
mezzala,54
camicio,54
compromette,54
rudere,54
fracassare,54
organi,54
funaio,54
mode,54
gaeto,54
evitabile,54
meriterebbe,54
pagana,54
maggiorenne,54
avvi,54
brenna,54
figlioletta,54
gigliola,54
capofamiglia,54
delizioso,54
magnate,54
risanatore,54
residuato,54
pensabilità,54
parallelismo,54
suspensa,54
persiare,54
escudo,54
aquino,54
inante,54
neghare,54
decenza,54
cirano,54
seviziare,54
militar,54
canadendere,54
antimperialisto,54
riconfermira,54
euforico,54
cooptare,54
seat,54
anch',54
laurino,54
mutilazione,54
cesareo,54
bergman,54
attecchire,54
imprudente,54
franchino,54
europeista,54
soppressio,54
adiacenza,54
lecire,54
rivesgere,54
smire,54
collaboratrice,54
falcidia,54
aberrino,54
acrilico,54
salvino,54
scau,54
sterpaglia,54
torchio,54
nerve,54
persecutorio,54
recetto,54
risaputo,54
bullare,54
rifinire,54
parmenso,54
cattin,54
conferento,54
cavolo,54
conciare,54
golo,54
mann,54
privatamente,54
immatura,54
afoso,54
segmento,54
segrere,54
anacronismo,54
inabile,54
breme,54
tardivamente,54
colino,54
boario,54
imbecco,54
parlante,54
trabocchetto,54
emporio,54
incolmabile,54
aurorare,54
irreale,54
contena,54
riaperto,54
toppa,54
danila,54
bendame,54
gudo,54
trascrivere,54
rividere,54
svastica,54
sobrietà,54
ripopolamento,54
sorretre,54
mongolo,54
scivolamento,54
lillo,54
spazioso,54
susseguente,54
arista,54
variopinto,54
festiva,54
dimentichare,54
promo,54
pillo,54
agerolo,54
valletta,54
sincronia,54
localistico,54
soperco,54
pugliare,54
victoria,54
sernio,54
performance,54
berenice,54
inizia,54
frapposto,54
diligenza,54
storicità,54
giandano,54
gabriel,54
alci,54
contraccezione,54
ammesso,54
sagro,54
conduce,54
offrare,54
impiantistica,54
lazzaretto,54
bagnino,54
antincende,54
scollegare,54
onirico,54
congestionare,54
malico,54
gonire,54
calata,54
gamberetti,54
nonnino,54
creto,54
ostruire,54
magrone,54
riappropriare,54
trovar,54
pani,54
necropoli,54
devastante,54
cirilla,54
lamentar,54
taipeo,54
iuto,54
fortunello,54
marsicano,54
percore,53
continuere,53
avvarre,53
invitavare,53
ventimiglia,53
inosservare,53
jaworski,53
sfuma,53
spregiudicatamente,53
affermalo,53
inquisitore,53
christopher,53
postume,53
creato,53
carretto,53
assiduità,53
organizzatrice,53
maccare,53
diffusasi,53
rispedire,53
edmore,53
destinato,53
esibari,53
disprezzare,53
pollein,53
eliminatoria,53
intermezzo,53
precaria,53
divismo,53
discrepanza,53
sassofonista,53
interdetto,53
massimalistico,53
osar,53
avvearr,53
baro,53
doppiamente,53
gentilmente,53
molavo,53
cicatrice,53
cercar,53
leporino,53
israelo,53
editing,53
cotonificio,53
difese,53
casupola,53
contravvenere,53
marchiare,53
sventramento,53
fregare,53
balocco,53
sonata,53
baroncino,53
lovere,53
tega,53
frodare,53
punii,53
premonitore,53
paleo,53
confetto,53
rand,53
saloncino,53
scorrazzare,53
pozzi,53
serbia,53
predeterminare,53
occasionalmente,53
8000,53
gato,53
impalcasse,53
natanto,53
ministrare,53
sorare,53
scatolone,53
martellare,53
pregnante,53
desume,53
ripristare,53
timi,53
rincasare,53
rigar,53
acie,53
tosa,53
firestone,53
cubanare,53
inseguitrice,53
caorso,53
quadrucci,53
restii,53
coercitivo,53
ottenibile,53
biodo,53
vinciate,53
turing,53
cozie,53
recintare,53
deragliamento,53
parlavamo,53
indifese,53
coinvolga,53
raffrontare,53
costiera,53
compiaco,53
concentrico,53
aneddoto,53
hugo,53
cespuglio,53
inconscio,53
glene,53
afone,53
gravame,53
marcale,53
cognomo,53
incognite,53
psicoanalitico,53
tradizionalisto,53
esogene,53
iconografico,53
posteggiare,53
incetta,53
spicciolata,53
scompaiere,53
fatidico,53
quelo,53
givoletto,53
autorimessa,53
vanare,53
salmo,53
fulbright,53
udere,53
mergo,53
2700,53
ermes,53
ozioso,53
agiscano,53
pigiategli,53
ludico,53
ursino,53
gastrico,53
episcopo,53
manama,53
oglio,53
iscrire,53
romena,53
plafond,53
gioiare,53
puntigliosamente,53
promontorio,53
leucemia,53
irta,53
adduce,53
sassata,53
calcestruzzo,53
eccepire,53
comprovato,53
lontanamente,53
lentino,53
kermesse,53
pale,53
prevaricare,53
operosità,53
tendolo,53
conteso,53
deperimento,53
beto,53
tonnellare,53
poggiale,53
venatore,53
nubifragi,53
montesacro,53
praia,53
lorenare,53
sottrattere,53
fratto,53
pompaggio,53
amandolo,53
ribaltabile,53
scribare,53
fittizia,53
quarrata,53
sconcio,53
olivicolo,53
ronald,53
salumificio,53
figliane,53
figurato,53
balzachiano,53
loreo,53
condine,53
provatela,53
soccare,53
involo,53
deputa,53
ugtt,53
duratura,52
sovraintendenza,52
avvertivo,52
confermire,52
ammiraglia,52
adiamolo,52
galeotto,52
bovina,52
rimando,52
trasgressione,52
bandole,52
naturo,52
contegno,52
astruso,52
sfacciare,52
indivisibile,52
manda,52
scista,52
eiere,52
piccardo,52
prospezione,52
visionario,52
contestabile,52
condivido,52
avvertitare,52
menomare,52
antidroga,52
raffinatezza,52
michel,52
isabello,52
sassone,52
burberry,52
varre,52
dissanguare,52
consigliabile,52
fuggivare,52
fragoroso,52
cammare,52
divinis,52
inesatta,52
roisan,52
inibire,52
pesalare,52
metrovia,52
solere,52
aldilà,52
opportunistico,52
attaccato,52
accolte,52
castellani,52
mega,52
deponere,52
elisabetta,52
trevigiano,52
cugina,52
iraq,52
pakistano,52
prospiciente,52
lovero,52
benedizione,52
doto,52
buonsenso,52
capezzale,52
daino,52
dille,52
ambrato,52
richierre,52
trar,52
irrecuperabile,52
yang,52
coscientemente,52
intimidatore,52
consumazione,52
inneggiare,52
sassaiola,52
mosdere,52
tragga,52
catino,52
virtuoso,52
dilazionabile,52
provocatoria,52
sopravvenuto,52
financial,52
giorgione,52
cartucce,52
prolifico,52
confesercentl,52
delegale,52
adria,52
geologia,52
contagiare,52
pastorello,52
tuscolano,52
cometa,52
intonazione,52
autodisciplina,52
sapientemente,52
lagere,52
merletto,52
vollare,52
incredulo,52
sgherro,52
corrisposta,52
garno,52
nevrotico,52
antiquare,52
respire,52
cristianare,52
rarità,52
microspia,52
spicca,52
celto,52
portavalore,52
sodio,52
spagnolare,52
robrire,52
committente,52
agato,52
confido,52
bovinare,52
masie,52
disadattamento,52
autoreta,52
nutrivare,52
partila,52
cappellino,52
bogotà,52
manifatturo,52
anzidetto,52
cinghia,52
zampa,52
sfaccettatura,52
quadrucco,52
pivot,52
sanamente,52
rivolere,52
soppiantare,52
magasa,52
accettere,52
falca,52
insubordinazione,52
regolarizzazione,52
trentanni,52
alalo,52
spagnare,52
guglielma,52
astuto,52
notorio,52
percorrare,52
cassaro,52
ricusare,52
esercire,52
arta,52
carrelle,52
fuan,52
abbacino,52
secret,52
rinforzo,52
interrelazione,52
pretto,52
latitudine,52
audi,52
alchimia,52
sembrerebbero,52
astronave,52
daga,52
reimpiego,52
borsistico,52
appaierò,52
irmare,52
sudorientale,52
neoclassico,52
solvay,52
segretamente,52
morta,52
raccogliare,52
parmigiano,52
stanzone,52
ruppe,52
catalizzatore,52
terremo,52
orlantiso,52
ancc,52
falsificato,52
salente,52
calderetta,52
pesco,52
principessa,52
bhutan,52
bernare,52
cagliaritana,52
definiscare,52
heinrich,52
separatismo,52
monista,52
continuarere,52
gerarca,52
donnino,52
effettuerare,52
messia,52
fugge,52
zanzara,52
olivicoltore,52
fumata,52
mareggiata,52
aeromoto,52
ricercano,52
introdure,52
monotona,52
mongolia,52
horror,52
creditrico,52
troiare,52
folclorista,52
finanziane,52
rondò,52
vezzoso,52
asciugamare,52
dugenta,52
capretta,52
recanare,52
cabrino,52
polinevrite,52
trauco,52
otricole,52
hettermarks,52
follonico,52
enumere,52
frankfurter,51
sedevare,51
bolseno,51
spiacere,51
ventiduenne,51
blocchetto,51
velodromo,51
pulsante,51
aldeida,51
esperio,51
gendarme,51
raffico,51
pacifista,51
abrogazionista,51
pulpito,51
colpiscore,51
erigente,51
fortunosamente,51
tappezzare,51
fiesse,51
franz,51
bigio,51
acerbo,51
emblematica,51
patriarcale,51
dimostrino,51
valre,51
istinte,51
barbarico,51
vadere,51
loop,51
impudenza,51
puntiamo,51
illiberale,51
stuolo,51
grossolana,51
battibecco,51
irreparabilmente,51
cavallucci,51
clericalismo,51
quotidiana,51
degradante,51
ascrivere,51
matta,51
giganteschio,51
discarico,51
didimo,51
odia,51
costruendo,51
geneso,51
lancare,51
verte,51
controprovare,51
corneale,51
incenerimento,51
ingiurioso,51
annerire,51
impudente,51
amnistiare,51
taormino,51
fiesola,51
empirismo,51
cardeto,51
tordo,51
redio,51
farro,51
maiare,51
rotolare,51
corrosione,51
spoliazione,51
fernandere,51
irragionevole,51
ciclostilare,51
salamare,51
circadiano,51
rinverdire,51
cozza,51
flautista,51
prudenziale,51
stele,51
bruce,51
torquare,51
cristallizzazione,51
espansionistico,51
sostituere,51
midollo,51
riepilogare,51
imperare,51
rivendica,51
moderatamente,51
ater,51
marionetta,51
olezzo,51
rivendicato,51
garantirebbe,51
sperdere,51
vedrete,51
oraziano,51
batteriologico,51
traduttore,51
sobbarcare,51
lattanti,51
offri,51
cervetere,51
ceprano,51
carrozzella,51
biondino,51
comprensibili,51
virtuale,51
peste,51
insurrezionale,51
consacrazione,51
rombo,51
sanctus,51
numismatico,51
antero,51
cognata,51
preventivato,51
sudore,51
allegorico,51
abatino,51
agito,51
titolato,51
ripor,51
calliare,51
occorrenza,51
mandamento,51
sanre,51
riminio,51
manovratore,51
fiancata,51
impigliare,51
ironizzare,51
sape,51
costellazione,51
aviatore,51
ciclocross,51
nevio,51
impaziente,51
oregon,51
tengano,51
tredicenne,51
crude,51
dissipazione,51
autarchia,51
espressionista,51
refe,51
supersonico,51
rivivo,51
ginevrino,51
pasticciare,51
spartiacque,51
maglierio,51
bocchino,51
occupire,51
impiegano,51
emmo,51
parsec,51
nazareno,51
incoscienza,51
risalita,51
establishment,51
confere,51
speck,51
marginalità,51
rivisitare,51
aberrare,51
revolverato,51
melodico,51
transatlantico,51
magneto,51
comunistare,51
alleve,51
accorare,51
sottoutilizzazione,51
imac,51
sloggiare,51
volonteroso,51
ambasciato,51
battane,51
concitato,51
esaminatore,51
tarlo,51
brasilia,51
addormentata,51
tenaro,51
coeso,51
tatticamente,51
appaiare,51
riuscare,51
costruì,51
cccl,51
cognare,51
opprimente,51
denotase,51
accennavamo,51
eccitante,51
devianti,51
lavoratolo,51
riutilizzazione,51
simultaneo,51
farto,51
particolo,51
logicio,51
keniano,51
agiata,51
solzare,51
montatore,51
brino,51
radiomobile,51
elettra,51
studiere,51
casciano,51
salino,51
badoglio,51
leuropeo,51
dimeno,51
rizza,51
interdisciplinarità,51
campidano,51
boscaglia,51
leonello,51
giustifico,51
crescenzio,51
attendismo,51
originaro,51
baraccopolo,51
proposire,51
tizio,51
caparbiamente,51
intersecare,51
dirige,51
tornei,51
proba,51
vespuccio,51
confiscare,51
inimitabile,51
candida,51
taglieggiamento,51
veloccia,51
lauregno,51
boola,51
mariella,51
diffondersi,51
sarroch,51
acire,51
unanimismo,51
canzo,51
legalo,51
inconsulto,51
candidata,51
stampaggio,51
leggibile,51
tascabile,51
replicano,51
lucchesi,51
hacking,51
bonaldo,51
dettivo,51
fusta,51
polis,51
ogna,51
zaccagnlnl,51
gabbiotto,51
ginecologia,51
boscoreale,51
caratterizzano,50
stanotta,50
isolo,50
baccello,50
grassoccio,50
respirazione,50
massaggiatore,50
fessura,50
geraldo,50
ripudio,50
giovanbattista,50
tormento,50
calzare,50
strumentare,50
sfuggente,50
subere,50
piove,50
lendini,50
arbitrato,50
vivissima,50
caramella,50
inalberare,50
montalbano,50
ustico,50
graziello,50
lottizzatore,50
intervennero,50
forgiare,50
entramba,50
cautelare,50
cementiere,50
dirigire,50
ritenire,50
bistrare,50
mediato,50
irrilevanto,50
cede,50
ignorante,50
arino,50
segua,50
organino,50
cresciuto,50
mammolo,50
clacson,50
marroncino,50
gandolfo,50
nettare,50
zampino,50
flavon,50
tenenza,50
allagamento,50
epica,50
stratego,50
spieghare,50
accoltellamento,50
testato,50
federtennis,50
arricciolo,50
erratala,50
convincento,50
toccasana,50
sferzante,50
nicholas,50
impazzata,50
pettinare,50
predisposte,50
rover,50
impedivare,50
bravissimo,50
improvvisi,50
decontaminazione,50
imperfezione,50
gusta,50
motociclisto,50
canore,50
divearr,50
militalo,50
singapore,50
autoregolamentazione,50
checco,50
alee,50
creerebbero,50
intimità,50
tatiano,50
chiudono,50
boxino,50
immessi,50
masto,50
valletto,50
presenta,50
essendocare,50
dovare,50
cancerogene,50
gassman,50
parsare,50
rimettare,50
osai,50
contrappongere,50
bure,50
etiopio,50
inestricabile,50
ostello,50
rerre,50
frumento,50
fassa,50
galilea,50
cencioso,50
quirico,50
ritmare,50
tinte,50
livellamento,50
dettame,50
antonina,50
alleale,50
trapiantare,50
monta,50
corrigere,50
industro,50
oscene,50
orribilmente,50
mirto,50
ovile,50
radiatore,50
partecipa,50
secreto,50
multato,50
misurato,50
incis,50
allestere,50
portino,50
rimpiante,50
ribes,50
capitanerio,50
definì,50
obera,50
equipaggiamento,50
quoziente,50
informe,50
strenna,50
geograficamente,50
liberista,50
avveduto,50
fasce,50
carrellare,50
galbiato,50
guizzo,50
sommacampagno,50
trapassare,50
riassungere,50
segnalato,50
sagome,50
cattiveria,50
compra,50
samuel,50
dichiara,50
ofofe,50
inidoneo,50
opificio,50
tornasso,50
predispostere,50
gigantismo,50
risultarere,50
campanilismo,50
pastae,50
1077,50
portaereo,50
italare,50
nesta,50
prerogative,50
pillace,50
applico,50
innsbruck,50
entrale,50
distrarre,50
fratturare,50
convergare,50
ferriere,50
ombroso,50
raccoglitrico,50
ancella,50
clip,50
tranviario,50
triei,50
linearità,50
elvio,50
tolone,50
delibero,50
mutualismo,50
collettivizzazione,50
patroclo,50
iscritta,50
rilasciato,50
comminar,50
vendare,50
attuala,50
aggiorno,50
antilla,50
cologno,50
ineludibile,50
esauriscere,50
natalino,50
ricollocare,50
basi,50
disquisizione,50
elica,50
beghino,50
iniqui,50
adornare,50
poggare,50
gottardo,50
patron,50
slot,50
motti,50
indefinire,50
erotismo,50
marciatore,50
capodoglio,50
striscio,50
roteo,50
drammaturgia,50
prepotere,50
gabardina,50
ardare,50
rebus,50
partitello,50
full,50
sessantesimo,50
poliambulatorio,50
aspettativo,50
invitandolo,50
arzare,50
perlino,50
posero,50
bustina,50
allungamento,50
rivero,50
piagge,50
ledi,50
reticento,50
tallo,50
scalino,50
contiguo,50
chiosco,50
futura,50
bigino,50
arnhem,50
congelatore,50
bandaranaike,50
gasco,50
tamburio,50
cespito,50
orare,50
genesio,50
meandri,50
camionisto,50
programmatone,50
frattamaggiore,50
beneventano,50
lorello,50
fortino,50
doble,50
oblio,50
adottivo,50
bot',50
concilia,50
erogato,50
meccare,50
chiacchierino,50
ghiera,50
maronire,50
buriano,50
trifogli,50
anticipazioni,50
cardiologo,49
insanguinato,49
evae,49
lisbonao,49
gianluigio,49
usurpare,49
zonalo,49
journal,49
stravolto,49
remissione,49
biro,49
alviare,49
arriccio,49
inaccettabili,49
dirce,49
tradizionalista,49
svantaggiare,49
incompetente,49
snaturamento,49
innaturale,49
rifiutandoso,49
legislativa,49
vertebrale,49
disonesto,49
litografia,49
disumare,49
intestatale,49
cogita,49
soprannome,49
smussare,49
spiritoso,49
recessire,49
postulato,49
dakar,49
capovolto,49
sicre,49
nevroso,49
pellicole,49
guardavare,49
cicale,49
borsello,49
arante,49
motociclo,49
parmense,49
ricevevare,49
parca,49
drammatica,49
negoziazione,49
posticipare,49
costretti,49
giacciere,49
leverò,49
fao',49
polveriera,49
sfila,49
vecchione,49
davo,49
raspo,49
refrattario,49
vogliare,49
insostenibilità,49
riferito,49
rispuntare,49
zarista,49
escano,49
sopravvalutare,49
moshe,49
polesine,49
vistare,49
desolazione,49
riccare,49
2800,49
unilateralità,49
consonanza,49
antefatto,49
ritieni,49
padovare,49
prediletto,49
insolitamente,49
vivacere,49
pragmatico,49
pedinamento,49
rosee,49
impantanare,49
albani,49
durevolo,49
ritornere,49
scere,49
inefficacia,49
nausea,49
brezza,49
comincino,49
frutteto,49
fedayn,49
finanzo,49
dovre,49
sofio,49
guadagna,49
mentere,49
sedizione,49
malagnare,49
cipriotare,49
aragonare,49
risolta,49
millenno,49
annodare,49
carpire,49
epifania,49
baud,49
pierare,49
inattuare,49
chiarito,49
centravante,49
pcipsi,49
diverere,49
tanti,49
agrumicolo,49
psicanalisi,49
ondare,49
finivere,49
conscio,49
percentualmente,49
colombare,49
osservato,49
elettronuclearo,49
calamaro,49
staro,49
dividare,49
schiacciato,49
apro,49
rianimare,49
beniniano,49
scorno,49
padrono,49
marchesino,49
verto,49
alberona,49
neli,49
permettevare,49
perfido,49
burrasca,49
chela,49
belgradese,49
infinire,49
provvigione,49
dovessimo,49
magnum,49
simbolismo,49
divulgativo,49
militarizzazione,49
gallucci,49
scandagliare,49
squadro,49
servigio,49
squallida,49
secondaria,49
nailon,49
preghare,49
putsch,49
rosicchiare,49
feudalesimo,49
cenacolo,49
tripode,49
ricaduta,49
fiorentine,49
camara,49
pornografia,49
maggioro,49
rivoltare,49
carabanchelo,49
cade,49
anticipatore,49
governa,49
avviò,49
impiegata,49
ortica,49
sandinista,49
3599,49
cher,49
mimetizzare,49
trasportato,49
assetato,49
eruppa,49
caucaso,49
gendarmeria,49
ires,49
costarica,49
rinvenire,49
senesi,49
estraere,49
belassa,49
universalità,49
ricordavare,49
provocarere,49
torrazzo,49
antinucleare,49
rateizzazione,49
somigliano,49
gonfiato,49
confa,49
passale,49
pluralistica,49
desunto,49
invitere,49
decapitare,49
domodossola,49
valgare,49
accattivante,49
espressa,49
serafini,49
comunicativo,49
garagista,49
cospirare,49
specchietto,49
tabaccaio,49
chat,49
hollywoodiano,49
pirone,49
analoga,49
montessori,49
grugliasco,49
rigidezza,49
talco,49
pletora,49
cintola,49
interurbano,49
verificato,49
seminterrato,49
ardenia,49
serenza,49
giamaico,49
ammissibilità,49
iole,49
incontrastare,49
bilanciato,49
lubrificare,49
applicabilità,49
stil,49
inagibilità,49
montagnola,49
bette,49
costituenda,49
catl,49
lobato,49
rupe,49
hitchcock,49
assegnista,49
ayatollah,49
toccò,48
aleph,48
rietare,48
patteggiamente,48
reunion,48
galletto,48
orice,48
dacca,48
ramificato,48
farneticazione,48
belva,48
dorella,48
accreditamento,48
secessione,48
ingarbugliare,48
pancia,48
cairare,48
vota,48
continuatore,48
antronare,48
barzio,48
irremovibile,48
filotea,48
concertista,48
perco,48
sierra,48
vanone,48
diocesare,48
pesantissime,48
olino,48
scaltro,48
decantare,48
apprezzere,48
fusaro,48
columbus,48
sommergere,48
formico,48
incertare,48
protomoteca,48
1073,48
ineluttabilità,48
predilezione,48
ostina,48
documenta,48
valona,48
caldea,48
indistruttibile,48
comunicante,48
cembra,48
coperchio,48
respinta,48
cannoniere,48
termino,48
indare,48
finivano,48
forlivese,48
nordamericare,48
foratura,48
predico,48
glacé,48
veniero,48
tiziare,48
gaiare,48
abbo,48
eclettismo,48
introdotte,48
legna,48
natio,48
efisio,48
antiproiettile,48
prevalgare,48
indizione,48
rienzo,48
calzino,48
esprimeere,48
2400,48
sussurrare,48
baciare,48
antichissimo,48
manifestatese,48
apporte,48
apocalisse,48
ventinove,48
allignare,48
ricono,48
garganico,48
funestare,48
vicecapo,48
muretto,48
butta,48
discontinuità,48
quantificazione,48
battagliai,48
eloquento,48
soffocano,48
ridire,48
irruenza,48
testardo,48
astinenza,48
travaso,48
nietta,48
ristampa,48
bizantino,48
svolge,48
magare,48
defila,48
dispiaciere,48
yale,48
dandy,48
calca,48
marxisto,48
saharare,48
ostruzione,48
navigatore,48
primate,48
boomerang,48
belluria,48
arenzano,48
regata,48
bellone,48
cislo,48
hamilton,48
sorellina,48
piere,48
bersene,48
condicio,48
madame,48
marsilio,48
franger,48
cercola,48
getta,48
vomere,48
dormivare,48
perforare,48
appassionatamente,48
diluvio,48
orinare,48
cenfac,48
ergastolano,48
palesa,48
salari,48
grembo,48
cementificio,48
zire,48
premare,48
furbizia,48
scade,48
bisticcio,48
termonucleario,48
embrionale,48
curiale,48
aurea,48
trevirare,48
reiezione,48
garibaldino,48
sferrato,48
smarcare,48
maltrattare,48
azzeccato,48
nerazzurra,48
fiabe,48
musicho,48
pirotecnico,48
gronda,48
contere,48
chilowattora,48
euclide,48
riassure,48
conduca,48
assegnato,48
palparcisi,48
comincere,48
torpignattara,48
disagiare,48
indiscutibilmente,48
corano,48
diaspora,48
darci,48
iosa,48
bognanco,48
ideologiare,48
lunaro,48
boiardo,48
preconizzare,48
cuscus,48
vendono,48
amica,48
prigioniera,48
arsenico,48
arenala,48
olmeca,48
coordinamente,48
emozionare,48
parabrezza,48
tabe,48
fedelissime,48
prodotta,48
diverbio,48
dimessosi,48
calcolatrico,48
segantini,48
rivolgimente,48
grinza,48
motivazionere,48
disputo,48
predeterminato,48
lappare,48
retata,48
massello,48
altilia,48
tuie,48
planimetria,48
rambouillet,48
peck,48
pochettino,48
costellato,48
medicino,48
resurrezione,48
trapelato,48
essano,48
verta,48
reggia,48
sommatoria,48
conci,48
elevatore,48
ministra,48
passeggio,48
coredere,48
imbroglio,48
dola,48
proiettore,48
virtuosismo,48
riformisto,48
game,48
vestone,48
palato,48
scatenò,48
fiocco,48
albertino,48
profetico,48
bacone,48
irpine,48
spingare,48
scavalca,48
donzello,48
neeskens,48
rena,48
baritono,48
asportazione,48
cimino,48
aumentere,48
mezzora,48
campagnolo,48
scido,48
ausone,48
tedesca,48
pendolarità,48
chiomonte,48
spett,48
annaspare,48
ortonovo,48
interpellanto,48
corrosivo,48
stige,48
spedizioniero,48
arreno,48
sardegnare,48
rotante,48
laser,48
ghigno,48
lurido,48
viaro,48
frediano,48
cromito,48
proseguo,48
magma,48
messero,48
valdinievole,48
carezza,48
rovereto,48
pontremolo,48
liturgico,48
scirocco,48
niella,48
faggio,48
biviero,48
ribellismo,48
sela,48
epicardi,48
surgelare,48
paramedice,48
araldi,48
tartaglione,48
banario,47
foraggere,47
cappellano,47
bracciare,47
funesto,47
contavare,47
calmante,47
starnare,47
sottoproletare,47
divorzo,47
rouge,47
penalità,47
sensuale,47
pioniere,47
utopiao,47
dionisio,47
lustrare,47
proponente,47
preferì,47
palesi,47
cominciarere,47
spinella,47
centino,47
pascigli,47
affarista,47
copertone,47
farneticante,47
materio,47
vitti,47
verificarono,47
chiarissima,47
pennacco,47
stanislao,47
trainare,47
interdipendente,47
vertiginosamente,47
macao,47
contato,47
indelebile,47
aerala,47
disuso,47
emergo,47
orsù,47
colorire,47
pereto,47
talaltro,47
osteolisi,47
ottusità,47
ansale,47
manifestere,47
costituì,47
riconosciere,47
peonre,47
ritrattazione,47
osano,47
talla,47
cannella,47
presentire,47
pontina,47
sonante,47
dubbioso,47
scolaresca,47
pentagere,47
demente,47
precede,47
brandere,47
bramante,47
condussero,47
escutere,47
bellarmino,47
incipiente,47
grottaferrata,47
impossibilita,47
cedente,47
steven,47
apparere,47
fioruccio,47
induno,47
continua,47
declamo,47
sottolinea,47
narcotice,47
eccello,47
usum,47
antinazionale,47
ducare,47
gestivare,47
generazionale,47
trascurato,47
minacciosamente,47
zappo,47
comparazione,47
esplicite,47
lesionale,47
lungometragge,47
affiatamento,47
vaticare,47
diversione,47
pula,47
missare,47
adina,47
tribuno,47
sopraggiunte,47
unica,47
stoppare,47
propinare,47
strehler,47
lobo,47
bombar,47
crodo,47
opportunista,47
nutritivo,47
avegno,47
antidoto,47
arasse,47
sterling,47
montagnoso,47
moena,47
totalizzare,47
autonomismo,47
mancarere,47
incendiano,47
giudicata,47
urpt,47
dinamicità,47
pazza,47
salutiamore,47
raggiunere,47
profumo,47
abilitato,47
sottotenente,47
ferno,47
aerospaziale,47
mantenure,47
frattare,47
rinomato,47
vigare,47
rufio,47
upra,47
comprensibilmente,47
riparlare,47
ragusare,47
danzare,47
ordinatamente,47
sexy,47
ileo,47
ricada,47
derogare,47
kaiser,47
svoltidere,47
ponderare,47
guardalinee,47
tagliato,47
corporativare,47
intenditore,47
masaccio,47
bine,47
propendere,47
insito,47
stimo,47
uragano,47
acquista,47
cornacchia,47
contemporanea,47
volfango,47
prevedibilmente,47
ansante,47
wilma,47
tarquinio,47
beppa,47
chiesetta,47
zappa,47
gareggare,47
brignano,47
iattura,47
incomincare,47
integri,47
beninteso,47
efrem,47
ascario,47
congruità,47
sudovest,47
topolino,47
castelline,47
enclave,47
cadano,47
svariare,47
discordanza,47
dilare,47
somatico,47
riesprimo,47
calcinaccio,47
ingrassare,47
stazza,47
linosa,47
glie,47
giocato,47
bora,47
rettangolare,47
baciccio,47
happening,47
gelare,47
anard,47
definibile,47
assegnano,47
belloccio,47
paralizzato,47
bucato,47
canoa,47
pericolosa,47
scomposta,47
agiare,47
iena,47
ricorse,47
cristian,47
fist,47
bertolt,47
aragosta,47
tubare,47
apparvero,47
comparativo,47
professoressare,47
graditare,47
poliambulatore,47
caramello,47
disarmato,47
forfettario,47
capitalizzazione,47
ranger,47
davis,47
operere,47
tiziana,47
presentatosi,47
recepere,47
fuggirono,47
staticità,47
thrilling,47
sottacere,47
approfondimente,47
fiela,47
ottano,47
pioppo,47
scialbo,47
magona,47
dimissionare,47
incuriosire,47
spendire,47
legnetto,47
iconografia,47
incrollabile,47
reucci,47
digione,47
iglesiente,47
erika,47
inalane,47
costituii,47
alfia,47
olof,47
burrino,47
opponevare,47
finnico,47
conciliabile,47
prater,47
caprone,47
borsista,47
alido,47
foraneo,47
libiare,47
semiprofessionista,47
sottoutilizzare,47
rote,47
superere,47
concesio,47
palancare,47
lazzarone,47
razionalismo,47
savonese,47
gambizzazione,47
segretare,47
videlare,47
guidio,47
tibet,47
previe,47
petruzzella,47
gimignano,47
acciaro,47
ramare,47
accorpare,47
apprezza,47
favillo,47
montignoso,47
ghiero,47
frap,47
gimignare,47
snals,47
lochereare,47
discriminato,46
doverosamente,46
stregone,46
superstizione,46
attenuto,46
inflitti,46
riferiremo,46
irato,46
artiglio,46
sperabile,46
oleodotto,46
malandato,46
giallume,46
deteriorato,46
stravolge,46
appellativo,46
cucilo,46
trinaie,46
governò,46
escore,46
enelre,46
assessorare,46
imprendibile,46
turbato,46
togo,46
monace,46
musicologo,46
perseguare,46
marketing,46
rilevabile,46
lusinga,46
ancoraggio,46
luno,46
chiarissimo,46
cavaco,46
batista,46
gattesco,46
tredicimila,46
soddisfatre,46
internazionalizzazione,46
veemenza,46
fieri,46
spezzato,46
perentore,46
inguaribile,46
settimanalmente,46
achillere,46
fascistia,46
petrina,46
liba,46
carismatico,46
plana,46
difedere,46
banchini,46
producare,46
cornicione,46
cercato,46
navarra,46
togato,46
ombrellone,46
noncuranza,46
aaco,46
travestimento,46
accarezzare,46
valeriano,46
chiuderare,46
brioso,46
esplosi,46
fantasiare,46
arluno,46
superminimo,46
irradiare,46
perbenismo,46
coincidare,46
delegata,46
segreta,46
summa,46
ferri,46
badiale,46
celo,46
espediento,46
mobilitato,46
schedere,46
pennarello,46
indecoroso,46
classica,46
guada,46
sfiduciare,46
firmo,46
oreficerio,46
acchito,46
lutazione,46
azeglio,46
mazzata,46
silenziosamente,46
contestano,46
irlando,46
sos',46
stremare,46
cooptazione,46
presagio,46
sottolineire,46
ricamo,46
ovale,46
morfina,46
populista,46
umanitare,46
armamentario,46
letargo,46
causale,46
oziaco,46
madia,46
distributivare,46
imposto,46
chiedire,46
portabagagli,46
forenso,46
cronistorio,46
johnny,46
scomodare,46
granza,46
cinguetto,46
pistillo,46
intangibilità,46
caprio,46
vietnamitare,46
rimorchiatore,46
marciale,46
riscossi,46
troll,46
meneo,46
boemia,46
interamericano,46
daily,46
limpida,46
conone,46
ramificare,46
acquo,46
serare,46
sciorinare,46
scandalosamente,46
piatta,46
schivo,46
piao,46
gaggia,46
convincare,46
chiarificatrice,46
frusinata,46
maiakovski,46
denice,46
ammiccamento,46
oligarchico,46
mauritano,46
nascondevare,46
mathi,46
newton,46
cazzare,46
argenteria,46
mimma,46
oltralpe,46
striminzito,46
liscia,46
birmingham,46
accogliire,46
bionaz,46
privatizzare,46
intendesse,46
gestualità,46
respirre,46
rinfusa,46
nasco,46
tiranno,46
invariabilmente,46
agone,46
adiire,46
duecentocinquantare,46
monolitico,46
genia,46
misticismo,46
terrorizzato,46
herpes,46
avventore,46
iolandare,46
fortunoso,46
jane,46
marzocco,46
sistemato,46
trenino,46
vitare,46
direziona,46
lavastoviglie,46
etnografico,46
deformante,46
sottoscrittore,46
buggiano,46
monofite,46
cucino,46
dorno,46
ribalte,46
rinalda,46
fumogeno,46
prendersela,46
laude,46
inimmaginabile,46
faina,46
campus,46
abbarbicare,46
maritare,46
disinfettante,46
idealismo,46
sfar,46
prefigurazione,46
saviem,46
buttar,46
sovraintendente,46
camillo,46
ringiovanimento,46
proverbio,46
strazio,46
marpione,46
occulta,46
zattera,46
leilare,46
precisò,46
malaga,46
ruga,46
sebastianello,46
batch,46
aurico,46
alternativamente,46
detere,46
palatino,46
cossa,46
ammanco,46
ridisegnare,46
martoriare,46
spazzino,46
dirigevare,46
sottolineavare,46
intromissione,46
massare,46
nietzsca,46
puntello,46
stupro,46
lesso,46
ingoia,46
frante,46
neurologico,46
deliro,46
cortonare,46
tisico,46
ternino,46
montevago,46
ferrar,46
nulo,46
quadrimestrale,46
grilletto,46
gradazione,46
bugnara,46
estensire,46
riepilogo,46
arcidiace,46
panca,46
truffatoro,46
bassanello,46
processionale,46
piattello,46
illese,46
nastra,46
market,46
messomelo,46
montgomery,46
orciano,46
tuga,46
spaventa,46
eseguono,46
1076,46
ipab,46
atacs,46
agroindustria,46
raveo,45
meneghino,45
listare,45
beatolo,45
riunita,45
espugnace,45
sadale,45
sniderare,45
intelligentemente,45
romagnolare,45
chiariscere,45
diatriba,45
cinquantadue,45
inattesa,45
utopico,45
abbellì,45
massacratore,45
profondi,45
giudichare,45
intano,45
temare,45
avicole,45
alata,45
oppressa,45
predicazione,45
convincimente,45
doma,45
potrete,45
trombone,45
capivare,45
matthew,45
permissività,45
ortensia,45
sostitutire,45
viri,45
cosmetico,45
ramazzo,45
sviscerare,45
intravisto,45
maciullo,45
siculo,45
julian,45
navigante,45
nicol,45
armano,45
annessionistico,45
merlone,45
anelano,45
truce,45
castigo,45
remota,45
bravato,45
disdetto,45
bruca,45
segnalo,45
emisfero,45
autoeducazione,45
scientificità,45
contrapposta,45
pupillo,45
portatile,45
galleggiante,45
torretta,45
subacqueo,45
gerlare,45
giosuè,45
apatia,45
sabaudia,45
balnearo,45
giraldo,45
schedario,45
mirello,45
accorgimento,45
pellicolo,45
bungalow,45
epidemico,45
oxford,45
anacronistica,45
avversa,45
1903,45
pancione,45
faentino,45
emme,45
nandare,45
spazzale,45
lasco,45
colombiare,45
straziare,45
codesta,45
partano,45
contese,45
cissone,45
relazionare,45
burocraticamente,45
portella,45
ricompensa,45
minuta,45
acrobatico,45
surrealista,45
ribadere,45
rendendoso,45
pandino,45
ghilarza,45
trainere,45
cosso,45
teritalre,45
decadente,45
ardue,45
seguari,45
meritavare,45
abietto,45
ringiovanire,45
imballano,45
caratterista,45
basiliore,45
gimondi,45
intensificato,45
masi,45
infittisce,45
bulgarare,45
secchia,45
nubile,45
installo,45
petrocco,45
psdie,45
binoma,45
american,45
denutrizione,45
moviola,45
mandamentale,45
esaudire,45
antigovernativo,45
progressistare,45
egizio,45
edelweiss,45
chivasso,45
mise,45
arcano,45
interconnessione,45
ovvi,45
baricentro,45
chiudo,45
ciminiere,45
profilattico,45
immodificabile,45
mirandare,45
lucere,45
veroneso,45
vivero,45
cairota,45
puntiglio,45
pontey,45
interceder,45
corana,45
valvassore,45
abasia,45
corporatire,45
porso,45
navata,45
contraggere,45
opus,45
denuncio,45
bormida,45
aguzzino,45
cascata,45
soco,45
cusio,45
nicchio,45
arse,45
confusionario,45
boeme,45
romanello,45
bomboletta,45
estrado,45
ferendolo,45
panagli,45
irrisoltare,45
orticolo,45
lanciatore,45
cosima,45
rosalia,45
lametta,45
armatoriale,45
contenutistico,45
prosciolti,45
richiamato,45
mimico,45
andato,45
ignota,45
contini,45
disgregatrice,45
socializzare,45
masse,45
bellano,45
impropriamente,45
sordomuto,45
troveretere,45
intuito,45
attila,45
inascoltare,45
estinto,45
bikine,45
motopeschereccio,45
costrevere,45
verse,45
bottello,45
surrealismo,45
smagliante,45
problematicità,45
petrodollare,45
luare,45
glico,45
bercio,45
biscotto,45
tarda,45
spicciola,45
fatturare,45
maneggio,45
cuccia,45
polisportivo,45
avvertenza,45
araci,45
university,45
coordinata,45
chianno,45
punibilità,45
linciare,45
giova,45
sveltire,45
labaro,45
peci,45
giubbone,45
dimostravare,45
nanno,45
acireale,45
notabilato,45
brigida,45
impegnandoso,45
sciopera,45
concepere,45
romanico,45
massonico,45
aspira,45
sottopone,45
sfilano,45
intestato,45
attraere,45
dolomito,45
avvistamento,45
carretta,45
scar,45
amputazione,45
francofone,45
chiosare,45
pullover,45
slam,45
contaminato,45
sottano,45
masserio,45
gonza,45
abanese,45
prelevato,45
rigoletto,45
riferibile,45
bottigliero,45
honduras,45
buccia,45
anemia,45
scogliere,45
portacolori,45
10000,45
affrontale,45
liberti,45
mascella,45
liquida,45
spalare,45
scippio,45
uldine,45
ermelline,45
borsine,45
taumaturgico,45
collesalvetto,45
figliano,45
stola,45
esultato,45
laminazione,45
impenno,45
assedia,45
ombrare,45
professo,45
impalcare,45
odino,45
ceres,45
preseli,45
ragado,45
elbano,45
malaffare,45
mugabe,45
cerretane,45
fruttuosa,44
pullulare,44
incendiato,44
agnolotto,44
premeditazione,44
impiegabile,44
sovietica,44
fumante,44
algido,44
consiglare,44
pirandelliano,44
illuminismo,44
rosolino,44
organizzalo,44
zittiva,44
galoppare,44
burt,44
protestantesimo,44
trudeau,44
intenderebbero,44
alacremente,44
predo,44
verbalizzare,44
tempestare,44
isolai,44
nonetto,44
incosciente,44
affittere,44
idire,44
avalla,44
tempismo,44
raffinerie,44
approssimativamente,44
caricato,44
sonetto,44
insensare,44
alaglo,44
acile,44
comparato,44
darebbe,44
riconquistato,44
fatima,44
diffamare,44
vanificazione,44
aalà,44
strutto,44
famosissimo,44
complottare,44
grog,44
spiro,44
carco,44
1909,44
bevere,44
irmo,44
ardeatine,44
mediatrice,44
cogne,44
cecoslovacchiare,44
libar,44
dissennare,44
sudato,44
spedere,44
altimetrico,44
etnia,44
bottegaio,44
vienere,44
mitologico,44
divora,44
conoscitivare,44
spello,44
baden,44
significativa,44
alunna,44
fiale,44
oppoarr,44
bosforo,44
spavaldo,44
anniento,44
rettifico,44
renaldo,44
ematico,44
effettuale,44
screditato,44
kyoto,44
irritante,44
milionario,44
mirca,44
afillo,44
scrivo,44
pacatezza,44
scesi,44
albenga,44
torturo,44
sovrapponere,44
andatolo,44
acuista,44
magistrare,44
adonia,44
capomafia,44
cianco,44
tommasino,44
stiare,44
fuio,44
velato,44
ascere,44
opportunare,44
amputare,44
franga,44
discretamente,44
tiberina,44
cosma,44
autotreni,44
costringare,44
ingiunto,44
sciacallo,44
relaziona,44
moab,44
eluder,44
incontrere,44
ponge,44
stioe,44
causi,44
edison,44
ambiguire,44
piazzo,44
epurare,44
esecutiva,44
soste,44
averglio,44
ardea,44
limitatissimo,44
ripartere,44
cortigiano,44
eufemismo,44
mazzè,44
tibia,44
ruggine,44
francio,44
uccisero,44
favoreggiatore,44
azzardino,44
hippy,44
approvi,44
riformo,44
stridento,44
ezia,44
chice,44
beffardo,44
sciale,44
ratee,44
multicolore,44
manifestatasi,44
rodo,44
vitamina,44
telecronista,44
impegnalo,44
volontaristico,44
tergiversazione,44
vocabolo,44
scherzoso,44
scopertamente,44
esercì,44
fiutare,44
telegraph,44
meyerhold,44
rimanenza,44
controllavare,44
scintillante,44
superotto,44
buratto,44
gioi,44
fallare,44
tegola,44
ritrarre,44
sibilo,44
sarda,44
wyszynski,44
bisturo,44
creatrice,44
labbro,44
accavallano,44
nazisto,44
spriana,44
agiatamente,44
tanna,44
nalle,44
riprodure,44
tabello,44
tornasole,44
innesta,44
compendio,44
aravo,44
costituirebbero,44
offeso,44
strabiliante,44
volano,44
protervia,44
burkino,44
isco,44
angario,44
casaletto,44
assommira,44
dubitativo,44
lallio,44
lampedusa,44
aedi,44
preterintenzionale,44
macere,44
sintedere,44
omeca,44
stabilita,44
sbalzare,44
campagnola,44
anco,44
preferibilmente,44
proteso,44
cavalla,44
marene,44
dimestichezza,44
vezzo,44
caspio,44
chioggia,44
denuncere,44
bagnoli,44
imbottigliare,44
diringere,44
appellire,44
allettante,44
annualità,44
visitateco,44
risoltare,44
sinico,44
sigillato,44
sorprese,44
torquato,44
fittavole,44
montefino,44
ospedaletto,44
pianare,44
veterinare,44
arolare,44
entrambe,44
ricerchare,44
procederare,44
dirompere,44
chimi,44
turbativa,44
miare,44
sterzata,44
ganglio,44
baraccone,44
battagliero,44
gravissima,44
cinegiornale,44
arriso,44
emergevare,44
decrepito,44
attendire,44
bidella,44
prolunire,44
fiammingare,44
magiario,44
edolo,44
ripetente,44
pervicacemente,44
spanna,44
nuvoloso,44
cesarino,44
isida,44
compositivo,44
shirt,44
scarre,44
calano,44
corbello,44
saggistico,44
iperbolico,44
assiduamente,44
tartan,44
asperità,44
eresia,44
sottilmente,44
parie,44
monotono,44
teramano,44
flagranza,44
millenario,44
gitante,44
percepito,44
credilo,44
lapida,44
assolvo,44
remare,44
maniere,44
amadio,44
siciliana,44
ibis,44
zoosafari,44
patina,44
volente,44
electron,44
gioa,44
csme,44
master,44
ponzio,44
celato,44
gianpaolo,44
isidoro,44
reintegro,44
dimmi,44
arcidosso,44
ateno,44
castagneto,44
baderà,44
lignite,44
revisionista,44
mobiliace,44
maronita,44
polifunzionale,44
berte,44
separatisto,43
desiderabile,43
violoncellista,43
cestista,43
sniderò,43
sordio,43
comacino,43
consente,43
illegittimamente,43
fiorito,43
sfortunatamente,43
attergare,43
boschetto,43
scarpetta,43
portatrico,43
cassone,43
fossò,43
sprecato,43
molettere,43
sottaciere,43
annibale,43
frankenstein,43
passarere,43
ciaikovski,43
fabrizia,43
silenzo,43
gravissimare,43
ergi,43
interpellato,43
disgusto,43
efficientismo,43
fisiologia,43
sorridente,43
bracciano,43
urente,43
sovranazionale,43
lugubre,43
scassinatore,43
videotape,43
valmontone,43
piomba,43
risentimente,43
bace,43
cuce,43
office,43
barnfield,43
cavatore,43
andrò,43
saladino,43
rimpallo,43
mortae,43
scomparsi,43
trafficare,43
quadripartire,43
ricamare,43
menade,43
sindiare,43
affettuosamente,43
trotzko,43
alasi,43
cineasto,43
esaltato,43
venerio,43
prepotento,43
sceme,43
ottawa,43
cleveland,43
ricere,43
vetio,43
predicato,43
arché,43
peripezia,43
zelante,43
microcosmo,43
rimanire,43
diffusa,43
inibizione,43
immensare,43
rientrato,43
cornico,43
domingere,43
narcotico,43
passero,43
dev',43
scodellalo,43
crossi,43
oleoso,43
redentore,43
edimburgo,43
neppur,43
grossolanamente,43
oculatezza,43
novato,43
promiscuità,43
aprioristicamente,43
azzorra,43
ghezzo,43
smorfia,43
indecente,43
inerire,43
confinato,43
limitere,43
egisto,43
camma,43
ascendenza,43
fantascientifico,43
attrattivo,43
immere,43
tradottare,43
garre,43
incomunicabilità,43
capillarmente,43
tabellare,43
autocontrollo,43
florovivaisto,43
crudezza,43
rilke,43
uscivare,43
risata,43
ferrifero,43
nasi,43
monetiamolo,43
lodovico,43
piadena,43
elevere,43
peligno,43
batteremo,43
quadrante,43
manomesso,43
marcata,43
migrante,43
neonata,43
trasgressore,43
aggiungano,43
manipolato,43
occupi,43
solforoso,43
palinsesto,43
ammontante,43
differito,43
inietto,43
bottiglietta,43
riutilizzare,43
vanire,43
patricio,43
romanza,43
computare,43
spendare,43
nitra,43
compilo,43
riducare,43
rispondire,43
godibile,43
preghere,43
mitragliatore,43
asiago,43
accolla,43
fastido,43
fallout,43
dimostreere,43
input,43
affluente,43
strutture,43
tamaro,43
attenuato,43
idra,43
gigliato,43
trascendentale,43
cna',43
tramandare,43
cilindrare,43
stallone,43
riadattamento,43
ortese,43
tarare,43
fosforo,43
laminatoio,43
pedagogista,43
asservire,43
fauno,43
rotaio,43
pugnale,43
ustionato,43
spider,43
accecare,43
calzaturifico,43
tedio,43
tornasi,43
significalo,43
quarte,43
pamphlet,43
driver,43
radiare,43
pagavare,43
prone,43
indiretta,43
nuda,43
indonesiare,43
zaino,43
abradare,43
zanu,43
zapu,43
villagare,43
diamo,43
alezio,43
campetto,43
addiaccio,43
setole,43
esorcista,43
commissariamento,43
ditto,43
frazionato,43
decrescente,43
cimitere,43
intralci,43
arrota,43
mastino,43
gratin,43
pinerolo,43
sconosciuta,43
majakovskij,43
salizzole,43
insperare,43
diffudere,43
arbitrarietà,43
risolre,43
turbolento,43
atesso,43
triumvirato,43
ildo,43
urgono,43
disinteresso,43
affannosamente,43
becchi,43
prodigio,43
favilla,43
garfagnano,43
vescica,43
baracco,43
compresa,43
affagotta,43
vetrare,43
pigiama,43
ormone,43
affarone,43
alseno,43
caratura,43
sevendere,43
istituzionalizzato,43
torrese,43
regalia,43
stonato,43
foracchia,43
smalteria,43
rivendicazionismo,43
omissis,43
maniglia,43
fragore,43
soprassalto,43
sellino,43
disaffezione,43
ferrazzo,43
imolese,43
gabello,43
incoronazione,43
pernotta,43
palmare,43
samone,43
vestaglia,43
deimos,43
istituì,43
svarione,43
allieve,43
decentra,43
classificata,43
titano,43
vivacizzare,43
aveo,43
esino,43
cooper,43
tabacchicoltura,43
continare,43
fausta,43
rimpiazzo,43
1102,43
bonus,43
quoto,43
alfonsare,43
qatarlo,43
provvedare,43
piffero,43
1078,43
personalizzazione,43
scanso,43
preiscrizione,43
decongestionare,43
silenziatore,43
digo,43
limito,43
amaranta,43
baluffo,43
vignare,43
binar,43
accasare,43
telmo,43
paletot,43
tifi,43
schiarire,43
acquasparta,43
divergo,43
aleardo,43
psicotrope,43
tossicodipendente,43
vacato,43
sozzo,43
ovidiare,43
pontederare,43
nestore,42
palombaro,42
allere,42
rispondo,42
maiuscolo,42
cardiocircolatorio,42
servofreno,42
saleme,42
compromessi,42
autonome,42
ebano,42
riammettere,42
subiaco,42
confusamente,42
tuteli,42
antiparassitare,42
aduno,42
producente,42
ipocrite,42
scheel,42
argino,42
idre,42
facsimile,42
baritone,42
saragat,42
incolume,42
protette,42
chare,42
inclemenza,42
timbrare,42
operistico,42
disponare,42
inventato,42
valgere,42
ritengare,42
cercasi,42
ebbro,42
istintivamente,42
frantumi,42
fgcire,42
testé,42
taoista,42
formalistico,42
rivissere,42
ricatti,42
sacrosantare,42
refurtiva,42
delineato,42
demistificare,42
cacciamoto,42
scabroso,42
menzionato,42
sottoprodotto,42
marana,42
affondo,42
virile,42
seguare,42
arsa,42
morio,42
fortificazione,42
preparandoso,42
virgoletto,42
acilia,42
fischietto,42
reverenziale,42
mantello,42
senegalese,42
nascimento,42
milanisto,42
gramare,42
ammiratore,42
padovana,42
vichy,42
sentinella,42
galoppino,42
calunniare,42
appiccicare,42
dimostra,42
tecnocrato,42
riformistico,42
evolere,42
funte,42
zoccolo,42
bancaccia,42
proporzionalità,42
tropicale,42
polente,42
vincitrico,42
andirivieni,42
pianterreno,42
contrappeso,42
intasamento,42
asciugare,42
scarpino,42
suspense,42
psicopedagogico,42
schiudere,42
roger,42
riacutizzare,42
tira,42
candidamente,42
ingegnoso,42
chieti,42
piovoso,42
sbaragliare,42
mandela,42
affile,42
hill,42
durato,42
avvolge,42
trarrà,42
fratino,42
iniziatore,42
indento,42
onnicomprensivo,42
pandolfo,42
coppe,42
appresso,42
angiolina,42
rischiavare,42
annosa,42
ingmar,42
albera,42
antimperialistico,42
melodrammatico,42
gramsciare,42
cervantes,42
brunetto,42
gallup,42
frazier,42
anthony,42
equidistanza,42
sproporzionare,42
sardegno,42
benedire,42
pistolare,42
bimestre,42
merino,42
petardo,42
periferio,42
cancelliero,42
profetare,42
sauditare,42
diffusissimo,42
bonaventura,42
carona,42
giacomino,42
internazionalmente,42
rinvi,42
cubista,42
prevenere,42
daccio,42
artigiancassa,42
arnia,42
crescire,42
tirannico,42
piuro,42
religiosa,42
spumeggiante,42
vescovile,42
finanziarla,42
ritrovere,42
tacitamente,42
indicere,42
casareccio,42
ladruncolo,42
indistinto,42
compromettare,42
numano,42
caprette,42
pigiare,42
attraente,42
contraltare,42
collinas,42
pecco,42
turnazione,42
resse,42
scogli,42
distrutti,42
scervellato,42
dentale,42
abituato,42
omologare,42
liberismo,42
empiere,42
1901,42
radiale,42
saggista,42
brigitta,42
avveniristico,42
aggravi,42
vestigia,42
islam,42
facilissimo,42
asma,42
modigliani,42
trifone,42
graziale,42
accursio,42
oriundo,42
rugiada,42
giannetti,42
zono,42
madamare,42
evitato,42
nevia,42
sovraffollato,42
ingessare,42
buddista,42
dosare,42
isabellare,42
consociato,42
patino,42
ideativo,42
benire,42
attualissimo,42
innato,42
cucila,42
emersero,42
riverberare,42
gianetto,42
reuchle,42
prema,42
clemere,42
mediobancare,42
nacquero,42
elusione,42
dilapidare,42
caco,42
disponire,42
irreversibilità,42
aude,42
messe,42
borgetto,42
aielli,42
comecon,42
mulatto,42
chiama,42
idonee,42
requiem,42
colonnelli,42
sostennero,42
masera,42
acate,42
cestello,42
anse,42
magione,42
contrabbare,42
rampo,42
abissale,42
comò,42
tonalità,42
lascito,42
dense,42
risma,42
anomia,42
riflessivo,42
curiali,42
parrucca,42
miana,42
oortre,42
dracula,42
coach,42
brente,42
duella,42
nepe,42
liturgia,42
reinvestire,42
seniores,42
nastia,42
ridolfo,42
funger,42
mancherebbero,42
militaristo,42
pasqualino,42
corrisposti,42
riproposte,42
loano,42
calende,42
pernotto,42
capifamiglia,42
cadute,42
copertare,42
rispettiva,42
diapositivo,42
borio,42
logora,42
tesimo,42
cela,42
goffredere,42
ineguagliabile,42
6tesso,42
cartapesta,42
serafico,42
imparabilmente,42
graio,42
canaria,42
sociali,42
tradìre,42
intendente,42
potassico,42
ferii,42
iniziatica,42
macbeth,42
ridimensionato,42
boutique,42
bermuda,42
mundi,42
crociano,42
maglietto,42
sedo,42
azzara,42
carnera,42
stellario,42
truscia,42
lipoproteina,42
soffione,42
petraio,42
unio,42
putto,42
ligabue,42
pregni,42
cirv,42
starfighter,42
sovtransavto,42
micene,42
marmotta,42
tovagliare,42
cisano,42
vulture,42
azzecca,42
eutero,42
bacole,41
fornare,41
quadrangolare,41
lavatrice,41
chiavaco,41
brocco,41
tant',41
veio,41
anticlericale,41
gruppuscolo,41
alana,41
corroborare,41
struggente,41
precipito,41
pronunziare,41
ripercuotare,41
arcinoto,41
gigantografia,41
torriana,41
cruente,41
gaucho,41
torturato,41
oscurantisto,41
crova,41
claudere,41
avvenivare,41
scomunico,41
provvedi,41
consumatrico,41
maryland,41
scafa,41
tremenda,41
indipendentista,41
citale,41
argentare,41
mozambicare,41
lancetta,41
ghisa,41
mercede,41
sopportato,41
inattendibile,41
aviero,41
levone,41
nous,41
bardellare,41
dedicheere,41
autocolonna,41
prospettico,41
mainardo,41
tende,41
cannoniera,41
1916,41
vigilato,41
aimone,41
coglia,41
intellettualistico,41
sgonfiare,41
estrada,41
cavallai,41
declassare,41
boria,41
ossessionare,41
insilare,41
rispettosa,41
risolutezza,41
contrattato,41
perfezionamente,41
inviolabilità,41
bisetta,41
premeditare,41
anteponicele,41
cianuro,41
riducibile,41
saccare,41
inopinato,41
spedizioniere,41
arcore,41
sfaldare,41
aorte,41
camicette,41
autofinanziare,41
andano,41
professoresso,41
marittima,41
borsario,41
arengo,41
mignolo,41
assediato,41
puligere,41
accaddo,41
intercambiabile,41
tartufo,41
attuano,41
franchigia,41
onestare,41
scalfalo,41
solvento,41
sottraendolo,41
richiedano,41
urbanirre,41
incomparabile,41
agresta,41
ciliare,41
patronare,41
subcontinente,41
acni,41
mogli,41
notturna,41
incompiere,41
interessavare,41
cota,41
strettare,41
bozzolino,41
registravare,41
ineguaglianza,41
archimedere,41
humus,41
ultimi,41
benevola,41
attesto,41
retromarcia,41
siae,41
ricompensare,41
discuterare,41
elusa,41
rivendichare,41
conciliante,41
milena,41
avaria,41
venutasi,41
positivistico,41
feticcio,41
ulrico,41
umilio,41
arruolamento,41
politicità,41
penitenziaro,41
marcere,41
tester,41
insindacabile,41
upim,41
impervia,41
sudamericare,41
snidare,41
aitante,41
rossonera,41
comporterebbero,41
acuiscere,41
serse,41
imperioso,41
guamre,41
marmore,41
fastoso,41
ronza,41
bittalo,41
alberaco,41
arcata,41
pubg,41
canuto,41
agonizzare,41
iniare,41
influenzale,41
prestatore,41
iorno,41
salasso,41
cormo,41
efficacissimo,41
parlalo,41
stizza,41
parrà,41
rimuneratività,41
fornitrice,41
reclamavare,41
nordorientale,41
stringento,41
densamente,41
legislaturo,41
oppor,41
clii,41
leprire,41
basaglio,41
ricostruito,41
elabore,41
cappellare,41
pateracchio,41
gestapo,41
davida,41
mattinato,41
leonarda,41
giusi,41
zito,41
anatomico,41
nouvelle,41
celerino,41
converre,41
solvente,41
azioni,41
mirandola,41
belasse,41
fimm,41
dogare,41
malcapitato,41
cormano,41
musicalità,41
raimondo,41
zambiano,41
attendibili,41
propria,41
affermi,41
sanguinante,41
riliere,41
passamontagnare,41
scrire,41
doppiopetto,41
diverge,41
inadel,41
ipetro,41
equivalento,41
palmanova,41
cambridge,41
enars,41
trasfusionale,41
carenaggio,41
sarcastico,41
inaspettare,41
stamperia,41
feltra,41
ocello,41
cagliar,41
fatalismo,41
cozia,41
atea,41
cromatico,41
diverbo,41
ginnasta,41
fidal,41
urbe,41
parietale,41
pontare,41
consona,41
sismi,41
redatre,41
maritano,41
bonaccia,41
totalitarismo,41
cagione,41
pietrigne,41
castione,41
euesta,41
baader,41
covace,41
crespi,41
reperito,41
violato,41
oporto,41
aratico,41
geofisico,41
condominiale,41
piggere,41
inattaccabile,41
gremita,41
bruttura,41
forto,41
ruzzo,41
patro,41
cervellone,41
sabea,41
atere,41
spadroneggiare,41
promemorio,41
stipendiare,41
nette,41
melma,41
sammarinese,41
economo,41
ankaro,41
deperire,41
vigno,41
costere,41
sensorialmente,41
sforza,41
prescritta,41
richarlison,41
sudtirolese,41
omologazione,41
arcadia,41
mantella,41
self,41
aggiustamenti,41
contraddir,41
bevi,41
diatribe,41
barrafranca,41
promuore,41
dalmina,41
cappio,41
costruiscono,41
aukland,41
percettore,41
plasmare,41
editto,41
rettifilo,41
giamaicano,41
gavorrano,41
aranda,41
asfaltare,41
grossetanare,41
batterista,41
cinghiale,41
signor,41
aica,41
sibile,41
albonese,41
chiglia,41
andriare,41
ombelicale,41
colzano,41
mrca,41
decotto,41
arancini,41
discorrere,41
poltrano,41
cardare,41
porca,41
fetale,41
operaie,41
ortodossia,41
centrai,41
adeguatezza,41
pierluca,41
anticala,41
riuntone,41
gallia,41
etnare,41
fagotto,41
giave,41
ornale,41
erare,41
porcile,41
piovile,41
fionda,41
iniziatile,41
cenni,41
ingemmar,41
ridonerò,41
c-130,41
giustiziale,41
regimale,41
triclorofenolo,41
snav,41
gangle,40
estinte,40
fidato,40
conegliare,40
goodyear,40
guantone,40
cinisi,40
demoralizzare,40
inducare,40
ocularo,40
riproducare,40
andreina,40
ardire,40
adipe,40
ricondotte,40
vanna,40
ripeto,40
gazza,40
accusatorio,40
conquisto,40
insistono,40
modella,40
ripugnante,40
fgcare,40
miase,40
riammissione,40
listone,40
bank,40
sottoccupato,40
segretano,40
tuguro,40
cornelio,40
rozzamente,40
venatura,40
imprecisare,40
ammutinato,40
seziono,40
alitalare,40
cetra,40
abnormo,40
autotrazione,40
magnone,40
caletto,40
retere,40
colonizzatore,40
estroverso,40
appaio,40
festeggiano,40
collaborativo,40
deriveere,40
concavire,40
fioccare,40
risentito,40
barry,40
pilotato,40
trincale,40
moltiplicarso,40
nascevare,40
inosservanza,40
postare,40
turba,40
cio',40
gentilezza,40
marche,40
fratricido,40
antiaereo,40
aleppo,40
gerarchice,40
improduttività,40
bellavista,40
giornaletto,40
grottesca,40
girasole,40
disarticolato,40
tormentoso,40
spettacolarità,40
elfico,40
arroto,40
coazione,40
opponeva,40
angheria,40
canalone,40
cordata,40
indiscreto,40
espoarr,40
luidere,40
smarrito,40
tasta,40
scontentare,40
cameriera,40
pattare,40
briciolo,40
rinfacciare,40
venerale,40
torce,40
venticinquemila,40
lutti,40
maggiorento,40
pallescho,40
bipede,40
store,40
edie,40
scansare,40
intercorrente,40
compenetrare,40
compredere,40
trionfante,40
schizzare,40
partii,40
cortesemente,40
balcano,40
sottigliezza,40
soriano,40
macchinosità,40
lascia,40
dado,40
paneuropea,40
romagnare,40
molare,40
ocelot,40
scado,40
all',40
onorabilità,40
viscere,40
svuotato,40
fotter,40
importa,40
vincolate,40
subilo,40
occorrevare,40
nazario,40
rivoltegli,40
artroso,40
splendidamente,40
rauco,40
simpatica,40
sovrintendere,40
tamil,40
disarticolare,40
dichiaralo,40
paca,40
fattibile,40
carrareso,40
galere,40
potetti,40
voghera,40
relatività,40
riposto,40
compatriote,40
disinvolta,40
mettendolo,40
rivarolo,40
coadiutore,40
cedro,40
carrozziere,40
ruggerere,40
rifiutarere,40
intravedono,40
azotato,40
statta,40
messineso,40
domino,40
travertino,40
coraggiosa,40
restio,40
comportamentale,40
discese,40
dop',40
petronillo,40
renania,40
tambure,40
plus,40
accetta,40
cessato,40
pezzatura,40
varano,40
panamenso,40
commutazione,40
esigui,40
tempre,40
supino,40
riverare,40
rimboccare,40
averò,40
rise,40
semente,40
blare,40
traversia,40
devolvere,40
librare,40
razzoli,40
annebbiare,40
costato,40
cauta,40
turnar,40
severina,40
cucciolare,40
verifichere,40
indira,40
vodka,40
inservibile,40
civismo,40
adagio,40
dimostrerebbero,40
imposo,40
tumorale,40
registico,40
tamo,40
riconsegna,40
limino,40
alejandro,40
centi,40
piario,40
beneficiano,40
finocchio,40
temperare,40
figurina,40
baretto,40
guardaspalla,40
lampione,40
ingeneroso,40
centromeridionale,40
incluso,40
taccagno,40
sfamare,40
reprettere,40
epigone,40
impietosamente,40
stira,40
investitare,40
avessimere,40
commore,40
affamare,40
qualunquisto,40
addolorato,40
ideato,40
bobino,40
tramontace,40
alettare,40
aggredì,40
lattina,40
tempere,40
pizzare,40
termire,40
montino,40
stolto,40
avire,40
basterebbe,40
ricucitura,40
infinitamente,40
versailles,40
concepimento,40
studiato,40
stagnare,40
spurio,40
acilo,40
repentina,40
silverio,40
accaddere,40
ischitellare,40
edgar,40
confagrlcoltura,40
arave,40
pretenzioso,40
palazzolo,40
aldilàre,40
paladina,40
dimostralo,40
salvabile,40
villanovo,40
vittimismo,40
trib,40
muove,40
scadre,40
otterrere,40
aeramento,40
bario,40
panaglio,40
tibur,40
baseball,40
canea,40
atte,40
ancorato,40
assertorio,40
artiero,40
parcella,40
casalmaiocco,40
miliario,40
stringe,40
luxemburg,40
sinigallia,40
fugacere,40
svoltare,40
ondulato,40
ragnone,40
lavagnina,40
prestire,40
paoli,40
contrappongono,40
mezzadra,40
massicciata,40
cosparso,40
boscone,40
smog,40
bordelli,40
leccio,40
economato,40
popò',40
mato,40
sparta,40
peep,40
reco,40
capobianco,40
articola,40
editorio,40
stage,40
numerazione,40
flamini,40
ottantesimo,40
sudafricare,40
ossicino,40
cracovia,40
acce,40
cago,40
arpino,40
fotto,40
accomodante,40
bisaccia,40
rivolgo,40
furbesco,40
col',40
linda,40
lobare,40
immacolato,40
mesetto,40
atti,40
incontra,40
xxxii,40
fabbri,40
tossicologico,40
roccastrada,40
tobago,40
ghettizzazione,40
ride,40
empoli,40
present,40
giorni,40
scaldabagno,40
placet,40
uncem,40
psuc,40
paliotto,40
ribollo,40
stani,40
montesilvano,40
ferraccio,40
federatesele,40
perugare,40
squarcia,40
abracadabra,40
parecchiare,39
sciogliare,39
che',39
accorciamento,39
luminosità,39
ambiguere,39
mediana,39
schiettezza,39
cauzionale,39
addentellato,39
statuario,39
vivai,39
ecchimoso,39
georges,39
cattedratico,39
arra,39
ledo,39
storicistico,39
infruttifero,39
vegetare,39
briciole,39
latticino,39
diverto,39
benedettino,39
trasmettare,39
verono,39
imponire,39
rotaia,39
formulo,39
carburatore,39
accadrebbe,39
mercury,39
rigoglioso,39
caiolo,39
pimonte,39
profudere,39
frac,39
fattivamente,39
corroso,39
macino,39
bolivar,39
goetha,39
anatomia,39
aone,39
mormorare,39
irica,39
consentirglio,39
soldino,39
danaroso,39
dottor,39
isolatamente,39
sovrapprezzo,39
premevare,39
barattolo,39
alabamare,39
collegabile,39
fissione,39
impraticabilità,39
lodevola,39
municipalizzazione,39
maya,39
spiegel,39
abdullah,39
rimorso,39
preannunziare,39
stantio,39
autodecisione,39
riaccompagnare,39
stanzino,39
narra,39
risolere,39
simon,39
mimetico,39
crepa,39
fantasticare,39
raggiante,39
montanare,39
duole,39
accolito,39
infondatezzo,39
gramo,39
accetto,39
interrompe,39
piedistallo,39
fossòo,39
fulvia,39
ammonere,39
marittimi,39
scope,39
trasmittente,39
moltissimi,39
testimonia,39
uniscanore,39
moltitudine,39
safario,39
impugnazione,39
crespo,39
immischiare,39
accudire,39
legista,39
togliare,39
misere,39
produrrebbe,39
crismo,39
fascare,39
pranzare,39
civica,39
motoristico,39
furtivo,39
tisi,39
sparito,39
casalgrandere,39
eredita,39
epatico,39
canovo,39
pollame,39
appaltatice,39
lacco,39
sintonizzare,39
postiglione,39
stuoia,39
sone,39
barattare,39
mondana,39
conservato,39
roncà,39
epurato,39
elargito,39
scrivia,39
pack,39
presidiavare,39
carasco,39
avvalendoso,39
ammirato,39
rettangolo,39
timotea,39
elettrone,39
camicerio,39
seppia,39
avvire,39
debacle,39
situerò,39
posizie,39
origgio,39
tendento,39
nasale,39
adunata,39
falloso,39
accadure,39
broccolo,39
riabbracciare,39
mazzin,39
bittone,39
legger,39
tenebra,39
led',39
componevare,39
sode,39
beatles,39
altrre,39
berti,39
1001,39
allerto,39
stantia,39
rimonto,39
scivolata,39
assolutorio,39
lappe,39
lette,39
decidevere,39
ammainare,39
produttivamente,39
okay,39
scusante,39
fumatore,39
generalissimo,39
confedilizia,39
tabaccheria,39
perforatore,39
p3di,39
bura,39
migratore,39
sospinte,39
marilena,39
laminato,39
chilogramma,39
fortissima,39
guaii,39
arrosto,39
crasi,39
riunivare,39
atacama,39
uccidendolo,39
prevalsa,39
spinosa,39
marro,39
illecitamente,39
prudentemente,39
gratificare,39
lepri,39
confermere,39
seppur,39
achillire,39
guariscare,39
cucchiaio,39
rodero,39
epos,39
australiare,39
schiaffino,39
pensierino,39
contrattura,39
ascio,39
estone,39
rinuncare,39
disobbedienza,39
identifico,39
risultassero,39
partigiani,39
pozione,39
giustifichare,39
foco,39
trovatore,39
pigro,39
coincido,39
democrire,39
reumatico,39
rilegare,39
colasso,39
ginzburg,39
diagramma,39
dedico,39
debolmente,39
biologo,39
cellulo,39
svecchiamento,39
bellicoso,39
mitizzare,39
unitariare,39
frantumato,39
sonato,39
estintore,39
alfeo,39
tradotto,39
autofficina,39
padana,39
utero,39
emargina,39
renata,39
benzinaio,39
sorso,39
slittamente,39
inciampare,39
compiutezza,39
porte,39
alluvionale,39
inese,39
caldi,39
capena,39
continuassero,39
micelo,39
reintrodurre,39
oralmente,39
urbinato,39
sborso,39
cedare,39
regionalmente,39
sistematicità,39
sparatorio,39
renoir,39
danzante,39
gestiscono,39
infida,39
prediligere,39
risistemazione,39
pellico,39
arona,39
disarticolazione,39
irenere,39
burrone,39
carioca,39
chilometrico,39
etra,39
baita,39
prezza,39
dormivo,39
sindacali,39
duna,39
stellato,39
bellunese,39
toglare,39
cagnotto,39
automatizzato,39
piccante,39
curiosamente,39
avero,39
consunte,39
gimcana,39
tebaldo,39
lisciare,39
bella,39
fin',39
baraglio,39
maretta,39
erbaccia,39
barrar,39
ortona,39
oliveira,39
ricreatire,39
cccio,39
facondo,39
ridico,39
defunte,39
treia,39
scorciatoia,39
jesolo,39
empo,39
sfoggio,39
coabitazione,39
medere,39
unni,39
discenda,39
finnre,39
bacinetto,39
guiringaud,39
preoccupa,39
giardiniere,39
giacobbe,39
covone,39
bowling,39
sassolino,39
vigilantes,39
arame,39
canfora,39
degano,39
sessuologico,39
sannire,39
valdarno,39
blumenthal,39
vesuviana,39
montalcino,39
orrenda,38
ferve,38
porticato,38
spriro,38
locomotive,38
beccaria,38
carpeneto,38
offerente,38
stregare,38
grettamente,38
scompartimento,38
collochare,38
approvvigionare,38
abollo,38
addotta,38
tutere,38
gelsomino,38
narciso,38
gospel,38
dandone,38
limitrofo,38
fidene,38
nicoe,38
pregnanza,38
montillo,38
multiformo,38
ebolo,38
legionario,38
cirello,38
lettrice,38
rendevare,38
margini,38
anticlericalismo,38
latterio,38
psichice,38
saetto,38
trovai,38
accapo,38
wellington,38
affibbiare,38
shakespeariano,38
riamo,38
guardrail,38
unificatore,38
rinato,38
collegno,38
risalito,38
sacrestia,38
antisociale,38
codificazione,38
entourage,38
inammissibilità,38
1890,38
portogheso,38
assembla,38
abbandonò,38
trasbordo,38
trionfalmente,38
legittime,38
giscard,38
perdire,38
inpsre,38
consigliò,38
itero,38
cenci,38
personalissimo,38
eterogeneità,38
ecologice,38
nutrita,38
spropositato,38
fermissimo,38
luterano,38
trascinante,38
umanizzazione,38
quintano,38
agropole,38
cosco,38
sciacalle,38
antigas,38
immoralità,38
levata,38
fregiare,38
richiamandoso,38
carucci,38
baldanza,38
imbracciare,38
marchiano,38
straordinaria,38
check,38
pretere,38
assistenzare,38
salgario,38
censimente,38
dopotutto,38
servilismo,38
consentissero,38
vessatorio,38
selezionatore,38
assale,38
serramanico,38
perseveranza,38
illinois,38
costello,38
elisi,38
saccone,38
mozzare,38
condiziona,38
cameristico,38
pacatamente,38
contropiedio,38
flare,38
impareggiabile,38
odiato,38
polla,38
piancastagnaio,38
spianato,38
riadattare,38
reverendo,38
vitella,38
pasticceria,38
casseforte,38
farmacie,38
dormitore,38
accordato,38
rane,38
biglia,38
trans,38
greccio,38
economicismo,38
inflessione,38
fudere,38
abbagliare,38
esporrà,38
boero,38
disatteso,38
rispettere,38
gattino,38
morbida,38
germana,38
comprire,38
impongano,38
nascosta,38
rapporta,38
creder,38
fertilità,38
conciso,38
sestio,38
semiotica,38
cromosoma,38
rendire,38
antenne,38
apparo,38
discesista,38
mecca,38
bienno,38
meccanizzato,38
eludibile,38
roggere,38
metallizzato,38
dietetico,38
carbonifera,38
collimare,38
impone,38
portantino,38
radiologico,38
agonisticamente,38
maccartismo,38
parlucco,38
alienar,38
stupida,38
rissare,38
acceco,38
rateo,38
ubbidire,38
mozzicone,38
cicca,38
biomo,38
dibatta,38
primeggiare,38
evitere,38
saudire,38
comuno,38
riproposti,38
restituito,38
damaso,38
temerare,38
anticherai,38
fecale,38
rimeditare,38
fidae,38
attanagliire,38
saletto,38
ragionier,38
disfatto,38
disunire,38
skoda,38
retrovisore,38
forestiero,38
indifferentemente,38
cingia,38
sciagurata,38
ellare,38
alan,38
riardo,38
inaudire,38
inconciliabilità,38
dirigono,38
campò,38
anticrese,38
gerino,38
ornamento,38
reuters,38
antrona,38
odontotecnico,38
diventi,38
stupito,38
ricalcano,38
intervenuta,38
fosfatico,38
carsolo,38
sgarro,38
sensile,38
convulsione,38
fasciare,38
rigorio,38
innervosire,38
immobilistico,38
filcea,38
clusone,38
lenora,38
eldo,38
fendi,38
filomena,38
valicare,38
odiale,38
domandere,38
parlova,38
circumvesuviano,38
inattuabile,38
piccinina,38
goliardico,38
componimento,38
ripi,38
demagogicamente,38
laburismo,38
chiassoso,38
rosai,38
sopito,38
brunita,38
sciistico,38
palace,38
indolo,38
lucine,38
agonizzante,38
compiaciere,38
popolarissimo,38
acquasanta,38
miopio,38
amomo,38
vittoriosa,38
bettolino,38
davanzale,38
tiberio,38
pradere,38
richiese,38
deismo,38
emancipare,38
donai,38
isacco,38
dibatture,38
casermone,38
savoiare,38
financo,38
balestraco,38
spine,38
thug,38
trombettista,38
sterno,38
rimesso,38
cappelletto,38
moser,38
spinete,38
aumero,38
sodoma,38
atropa,38
ribatta,38
tridente,38
grata,38
giunre,38
castigare,38
risposero,38
depennare,38
compor,38
geco,38
cromosomico,38
punch,38
farere,38
operativamente,38
pienotto,38
laverò,38
ripetibile,38
empire,38
consegno,38
agordo,38
segheria,38
industriai,38
alfano,38
cribre,38
diciannovesimo,38
delirare,38
pampino,38
pugilare,38
casaccio,38
federatone,38
numerose,38
evase,38
ocre,38
papato,38
ozio,38
percossa,38
cinabro,38
rho',38
mutualità,38
item,38
cuccare,38
acquietare,38
escludore,38
veno,38
bolerini,38
bush,38
sorpassato,38
alabama,38
invadono,38
birro,38
scarpello,38
disperata,38
oleiofe,38
modernissime,38
obice,38
passionaria,38
succhiello,38
fenomenologia,38
fondista,38
quotidianità,38
jesi,38
canti,38
parigine,38
manilo,38
emozionato,38
magagna,38
pravo,38
bibliotecare,38
collimo,38
agricolturare,38
rai',38
operanto,38
supertesta,38
capostazione,38
mondragone,38
bassare,38
cruiser,38
palazzino,38
lohengrin,38
esigue,38
aprilo,38
lorda,38
mendicante,38
addominale,38
tecnicismo,38
patare,38
oste,38
fiandra,38
tinco,38
disgelo,38
meinhof,38
aerodinamico,38
pub',38
perl,38
derelitto,38
mirere,38
sacre,38
cumignare,38
gong,38
alonte,38
amiato,38
birmano,38
rinnovamente,38
amarte,38
andai,38
tornasio,38
bruciatore,38
druso,38
renaio,38
poggibonso,38
cavalese,38
avimi,38
neutrino,38
opossum,38
bonino,38
bassiano,38
cilea,38
pontremolese,38
tesorone,38
stoccafisso,38
spinger,37
pedini,37
macro,37
disguido,37
faentine,37
modifico,37
impreco,37
buzzone,37
assenteisto,37
plancia,37
oceanico,37
sprazze,37
invadenza,37
rodrigue,37
primula,37
aratolo,37
intenzionalmente,37
luzzana,37
scalone,37
mantovare,37
indicale,37
riassunre,37
pascaliare,37
prua,37
controinformazione,37
tombo,37
pascige,37
vinco,37
acazio,37
martore,37
fosta,37
alfe,37
mobiliero,37
canalizzare,37
orne,37
coque,37
altario,37
preghiere,37
ascritto,37
aiolo,37
approfonditare,37
urina,37
cogidas,37
appeal,37
telescrivente,37
iniziere,37
senna,37
affina,37
incedere,37
suggello,37
picchiato,37
vira,37
amplio,37
puerile,37
scivoloso,37
metodista,37
medea,37
amatoriale,37
scomporre,37
scogliera,37
barbino,37
rivolgevare,37
incompleta,37
crespio,37
internazionalistare,37
cifrare,37
organicazione,37
bosso,37
amicarello,37
sardere,37
compendiare,37
taciuto,37
zeus,37
carinare,37
pietrare,37
tomi,37
facendoe,37
compasso,37
repressive,37
strozzinaggio,37
diciottenni,37
scudiero,37
federato,37
intraprese,37
aggrovigliato,37
consta,37
balestra,37
ribeiro,37
guardasigilli,37
bastian,37
raggranellare,37
promanare,37
radioamatore,37
antare,37
celesto,37
fratere,37
disancorare,37
uilm,37
accademice,37
belve,37
transalpino,37
allocuzione,37
dimenticatoio,37
pluriaggravato,37
granito,37
autolettiga,37
giurisprudenziale,37
clavicola,37
mance,37
assaporare,37
battistina,37
downing,37
pallescare,37
spettrale,37
ermanna,37
raziocinio,37
cupi,37
usciere,37
fittavolo,37
zaffiro,37
figlialo,37
malerbo,37
ferentino,37
nordcoreano,37
oriere,37
fatare,37
anticiperò,37
rotturo,37
desertico,37
riparlere,37
manza,37
picciotto,37
gambare,37
foia,37
discordante,37
condannabile,37
contumacia,37
distese,37
porro,37
1072,37
malfatti,37
napalm,37
bronchite,37
sbavatura,37
lacrimogene,37
difficilissima,37
maccarese,37
kronos,37
castagno,37
compagina,37
fuoriere,37
economi,37
palinare,37
cirare,37
enciclopedio,37
connaturare,37
canneto,37
aggredere,37
portanza,37
calisto,37
avanzale,37
pattuito,37
finmare,37
sviluppatese,37
soggiunge,37
ricevure,37
incisore,37
effettuò,37
disney,37
bebè,37
colpare,37
fattaccio,37
derivere,37
scellino,37
cantata,37
leonora,37
notae,37
sollecitavare,37
proponilo,37
bell',37
riaperta,37
europeistico,37
costituzionalista,37
alludo,37
fiuto,37
pietre,37
confrontere,37
acquisere,37
riaffacciare,37
gurro,37
calmierare,37
cagliaritare,37
attanaglia,37
jerzu,37
isabella,37
usufruiscere,37
petente,37
fruibile,37
bado,37
rurre,37
olei,37
divistico,37
tempra,37
procederre,37
miranda,37
massone,37
cadevare,37
brosso,37
commentato,37
ingombro,37
accio,37
inconsapevolmente,37
assolvare,37
riproposre,37
cameretta,37
attero,37
tasco,37
sbirro,37
stabilimentare,37
ati',37
renditare,37
strutta,37
dichiarata,37
xxviii,37
viceré,37
campegine,37
accoltellatore,37
magistralmente,37
pezzetto,37
stelo,37
fortini,37
serva,37
genitale,37
appetibile,37
ceat,37
volumetria,37
avviandoe,37
garbare,37
ausiliare,37
divergento,37
conservatrici,37
trionfatore,37
prenderare,37
indemani,37
bloccate,37
addobbare,37
biochimico,37
scorrevolo,37
selzo,37
bufalina,37
emancipatore,37
malversazione,37
qualificata,37
patagonia,37
parre,37
stellone,37
cg1l,37
soprannumero,37
decremento,37
magherno,37
documentano,37
adeguo,37
emotività,37
bestseller,37
2200,37
sergento,37
gallese,37
manifestarere,37
terna,37
irrespirabile,37
fidai,37
lungro,37
apprestavare,37
barbotto,37
cormare,37
crissolo,37
annetta,37
esperanza,37
lateralmente,37
haas,37
assolare,37
annonare,37
mittente,37
bolle,37
ramazzotto,37
afferì,37
sbarrato,37
ricciuto,37
profondissimo,37
ragia,37
soro,37
sadat,37
urea,37
gestere,37
campale,37
tagliar,37
emigra,37
madornale,37
tumulazione,37
iide,37
scorzo,37
siede,37
sconcertato,37
sfollare,37
model,37
ridiventare,37
schienale,37
costermano,37
aduncare,37
istria,37
settantacinque,37
darare,37
muta,37
cispel,37
allente,37
lottatore,37
ricomponere,37
abazia,37
proficue,37
riprendiamo,37
perinatale,37
nocco,37
ventitreenne,37
ates,37
doge,37
squadre,37
basamento,37
dedito,37
mugnaio,37
trasformistico,37
definendola,37
tropea,37
atterismo,37
angore,37
piolo,37
preoccupata,37
arpaio,37
censurato,37
muovo,37
quarantenne,37
espello,37
picena,37
cigliè,37
responsi,37
faldone,37
mcgovern,37
addebite,37
drenare,37
ilaria,37
puntualizza,37
nervo,37
declassamento,37
orba,37
1990,37
fiatare,37
vane,37
discussionere,37
zaira,37
vernio,37
piccoline,37
sapo,37
condere,37
ponna,37
stao,37
fondamene,37
bacio,37
porporato,37
precettare,37
liere,37
obsolescenza,37
linone,37
condii,37
adegui,37
risarcimente,37
gianrico,37
nomination,37
fragare,37
criminalizzazione,37
partitile,37
filaste,37
staminale,37
quagliarcelo,37
vieusseux,37
edwigere,37
arabesco,36
puzzo,36
adopero,36
bugnar,36
alessandrinare,36
tolgo,36
insofferente,36
massaggio,36
geologo,36
acropolo,36
capezzo,36
ricongiunzione,36
dovrei,36
tramortire,36
autodefinire,36
werther,36
ricondure,36
negatività,36
dogmi,36
adeguar,36
mezzadri,36
fedro,36
lancaster,36
stupidità,36
almeo,36
ratio,36
indiana,36
estrapolare,36
tipologico,36
immuno,36
barbiturico,36
alvina,36
caricaturale,36
giustiziere,36
ripetuti,36
rasserenare,36
saprio,36
bardatura,36
distributrico,36
ragiona,36
ripetutere,36
antidrogo,36
contentino,36
anarchismo,36
gorreto,36
ammorbidire,36
amendola,36
angioletto,36
locatello,36
meneguzzo,36
perpetuazione,36
deposire,36
caposaldo,36
riteniamo,36
ricerco,36
1898,36
ritegno,36
combatte,36
panacea,36
teme,36
appaiano,36
tripletta,36
giuseppinare,36
arabico,36
sapri,36
scampolo,36
nurburgring,36
inning,36
letta,36
cervi,36
ruggente,36
2600,36
indecifrabile,36
attillo,36
diffondono,36
impervio,36
affilare,36
eccitazione,36
cotta,36
introdotgere,36
reiterata,36
processato,36
polemizza,36
firmataria,36
esploratore,36
bormio,36
battevare,36
spadaio,36
ictus,36
esercitino,36
suddito,36
educato,36
fiorita,36
montuoso,36
condurrà,36
riscuovere,36
virare,36
proverebbero,36
brindare,36
disopra,36
tergicristallo,36
covalira,36
tocchere,36
consci,36
moralizzatore,36
amarcelo,36
idilliaco,36
briglia,36
semplicismo,36
alcare,36
triestere,36
orestere,36
sfondamento,36
mobilia,36
immemorabile,36
flutto,36
lascio,36
infrequente,36
sovraffollare,36
indispensabilità,36
chievo,36
artena,36
persa,36
invecchiato,36
forzano,36
avarizia,36
nick,36
mcdo,36
badile,36
ridicolizzare,36
cominciarire,36
condotte,36
disgiunte,36
sovrastrutturale,36
chimo,36
zuccata,36
livido,36
toccato,36
staffa,36
sfugga,36
infuore,36
beccato,36
fosfato,36
cassano,36
formulere,36
cinofilo,36
ufficiare,36
indoratore,36
sovrapproduzione,36
andalusia,36
allievere,36
rage,36
andrai,36
basetta,36
garbato,36
berre,36
vischiosità,36
fora,36
ortolano,36
meccanicistico,36
onnipresente,36
imbattibilità,36
zoppicare,36
garantista,36
attende,36
morivo,36
riesplodere,36
sorgà,36
dodicenne,36
maurice,36
ristampare,36
tripole,36
quadralo,36
raggiunsero,36
succettere,36
nient',36
illeso,36
dirigibile,36
protesa,36
tuscolare,36
bitonto,36
dirottamente,36
curante,36
ponga,36
italturist,36
deficitare,36
usere,36
marie,36
balzano,36
ripetitività,36
risorgente,36
tranquillanto,36
commise,36
mussa,36
effettuavare,36
conato,36
laniero,36
doretta,36
illusoria,36
vittoriare,36
ghiai,36
opposo,36
richiamavare,36
mettessero,36
muggiò,36
totem,36
ragguaglio,36
falasco,36
vorrare,36
susi,36
avvenisse,36
abusato,36
tentarere,36
calcolabile,36
portabandiera,36
demoscopico,36
intenzionale,36
parsimonia,36
precocemente,36
legume,36
emigrale,36
smontabile,36
capraro,36
impartito,36
mancata,36
decidessero,36
medicazione,36
saporire,36
esterrefatto,36
becero,36
internamento,36
seduzione,36
locandina,36
gonnella,36
demordere,36
socialdemocratica,36
spinare,36
sembrerebbe,36
sessantotto,36
prebenda,36
alzata,36
praticità,36
cadrebbe,36
adottere,36
innovatrici,36
abortito,36
midere,36
carenino,36
scopertamere,36
posiziona,36
coderno,36
flagellare,36
arzana,36
marginalizzazione,36
quarantasei,36
flettere,36
orecchiare,36
taccia,36
standardizzazione,36
problematice,36
sottovalire,36
rinfrancare,36
incire,36
grigno,36
bargo,36
fogno,36
saulo,36
assumano,36
risalta,36
philadelphia,36
lepre,36
mosta,36
bibbiena,36
malintese,36
salentina,36
goldoniano,36
cubatura,36
nito,36
esimo,36
folgore,36
uccellina,36
plurale,36
barcellonao,36
tenue,36
salurre,36
marico,36
astensionista,36
stanford,36
volumetrico,36
diseconomia,36
dcl',36
radicalizzare,36
accogliente,36
interclassismo,36
cuffia,36
rilevatore,36
aidone,36
coscrizione,36
iniziatila,36
beai,36
tabacchicoltore,36
istruì,36
meccanizzare,36
ornamentale,36
comerio,36
giunco,36
lazzarina,36
guarito,36
questine,36
caminetto,36
ranella,36
enire,36
rosei,36
monal,36
incenso,36
balzelle,36
pirico,36
ambio,36
animatamente,36
aprere,36
crogiolo,36
bianca,36
est',36
sollecitere,36
acante,36
service,36
scoperchiare,36
branzi,36
ascare,36
fivl,36
grotto,36
farigliano,36
abiuro,36
falegnameria,36
bianzè,36
renello,36
renella,36
ficco,36
albinea,36
favere,36
etero,36
palanca,36
barbaricino,36
governabile,36
bardiglio,36
cacarella,36
esprime,36
devasta,36
reps,36
egnare,36
macchiaiolo,36
fita,36
suocera,36
inconsciamente,36
anfratto,36
fidanzare,36
censivo,36
barito,36
farsene,36
dolile,36
avile,36
pelago,36
rotondi,36
cidi,36
correli,36
olinto,36
cingente,36
rossa,36
relare,36
assumei,36
franko,36
rande,36
democraziare,36
ccnl,36
gerolamo,36
ciac,36
cordo,36
casula,36
telma,36
cars,36
istone,36
dispensabile,36
level,36
trattura,36
liuto,36
emittenza,36
altopascio,36
bobbio,36
iveco,36
hsiaoping,36
grossetana,36
sottolivello,36
persio,36
saza,36
passasse,35
clementina,35
astorio,35
genazzano,35
teofilo,35
calzaturiere,35
panelli,35
decisa,35
ingranare,35
reggianare,35
abulico,35
probità,35
anpo,35
infondatezza,35
gretta,35
magdeburgo,35
liberta,35
investano,35
ripercorre,35
barabba,35
alerei,35
tanzaniare,35
pulcinello,35
unila,35
avvolto,35
riacciuffare,35
diglio,35
amplificazione,35
pronunci,35
balbino,35
inasta,35
disaggregazione,35
interrurre,35
demoniaco,35
favolo,35
alza,35
incisi,35
alchemici,35
medicamento,35
vertiginosio,35
riconoscente,35
scandito,35
forziere,35
rosta,35
contingentamento,35
platealmente,35
financa,35
accingare,35
composita,35
meteorologo,35
clerio,35
scorreria,35
catenella,35
clsl,35
fetore,35
svignare,35
rispeccare,35
risanerò,35
grossolanità,35
propugnatore,35
chiarente,35
seneca,35
teleromanzo,35
pescaio,35
rivesto,35
mostruosità,35
invalidio,35
autogrù,35
adora,35
norimbergo,35
giacevare,35
striare,35
crescila,35
determinarere,35
piergiorgio,35
abbandone,35
igea,35
cusare,35
aggredirere,35
svolgeranno,35
intrinsecamente,35
viatico,35
ricopre,35
oltraggioso,35
malatesta,35
uisbo,35
distribuere,35
perversione,35
aggrovigliare,35
tettare,35
riri,35
pluridecennale,35
rievocato,35
sospetta,35
pendino,35
pimpante,35
scherzi,35
raffigurazione,35
crudelmente,35
agari,35
fola,35
affaristico,35
paganino,35
brindello,35
roccaforta,35
hurrà,35
autopompa,35
gambino,35
accentuata,35
eresso,35
accusò,35
profittatore,35
capriana,35
imposero,35
palizzo,35
arricchiscere,35
gerarchiare,35
pessime,35
scleroso,35
scattante,35
shaker,35
portandolare,35
magnifica,35
ininterrottare,35
bisettimanale,35
sommesso,35
cerea,35
erotica,35
larva,35
ripido,35
aprirebbero,35
comunichare,35
devozione,35
calcagna,35
capitalo,35
ristare,35
pro'o,35
proceno,35
idonea,35
cancellata,35
allergia,35
sauna,35
oase,35
devastatore,35
ausiliaria,35
altarini,35
sopportazione,35
sonu,35
disorganicità,35
garibaldina,35
redo,35
equivalenza,35
trambusto,35
peruviare,35
nisseno,35
bigia,35
pienone,35
agrume,35
insano,35
cuccetta,35
fida,35
benefattore,35
gota,35
besta,35
ordina,35
vietato,35
inviolato,35
sensato,35
precipuo,35
politica|politico,35
ficcante,35
solidalo,35
mutismo,35
circuì,35
alleno,35
volontarismo,35
atlantica,35
risere,35
parona,35
castellania,35
accettavare,35
petroso,35
emmanuela,35
crediare,35
capivo,35
espressero,35
disabitato,35
capì,35
rodaro,35
disprezzabile,35
orbitale,35
beatore,35
respinso,35
italsider,35
piaccia,35
rileviamo,35
semestralere,35
lasciandolo,35
aratro,35
esclusivismo,35
soccorsi,35
esisto,35
angelinare,35
considerere,35
ingrandire,35
fermina,35
sforzandoso,35
andalo,35
milio,35
rubino,35
aguzzine,35
doganiere,35
smisurato,35
cosse,35
acciare,35
richiederebbero,35
percussionista,35
crepuscolo,35
istrumento,35
documentale,35
arrivedere,35
edificato,35
lainata,35
simun,35
trasto,35
affi,35
aggiungerà,35
respingiare,35
iattanza,35
negoziabile,35
trentare,35
biffi,35
chiacchierato,35
deriso,35
aumente,35
agrigentine,35
pappe,35
briscola,35
mandolino,35
rinnovere,35
obbiezione,35
proteo,35
martora,35
rivincire,35
piperno,35
inedio,35
incrociatore,35
onnicomprensiva,35
pigino,35
isotta,35
mosto,35
filetto,35
asservitare,35
intervenivo,35
madonne,35
accomodamento,35
vendito,35
leonere,35
notore,35
savinare,35
royal,35
conglobamento,35
antisofisticazione,35
versatile,35
burma,35
ficus,35
bottaio,35
autorevolo,35
colpaccio,35
mette,35
anppio,35
civilmente,35
precampionare,35
caseifico,35
puzzato,35
bipolare,35
urbanizzare,35
affettare,35
ormeggiare,35
lodine,35
assuma,35
impresse,35
isonzo,35
nicoletta,35
modernizzare,35
fabiare,35
nereto,35
paté,35
irritato,35
raimonda,35
granaio,35
scoop,35
rubbiano,35
mediglia,35
franto,35
liberia,35
formio,35
locate,35
onerare,35
trailo,35
fidente,35
asare,35
flato,35
arresi,35
marcala,35
forga,35
ordinativo,35
provocherebbero,35
renderebberare,35
vampiro,35
retour,35
celleno,35
rimarrebbero,35
napoletare,35
ovvietà,35
scolpire,35
loirare,35
cumulativo,35
turcare,35
solfa,35
intendessero,35
racing,35
riassuntare,35
alcesta,35
castelbuere,35
andrato,35
cinise,35
manovrabilità,35
corrispondevare,35
accaglio,35
statuetta,35
aucuba,35
avvertita,35
merenda,35
bellusco,35
focoso,35
languire,35
giunti,35
perorare,35
confusionale,35
prode,35
colloca,35
maglino,35
rescissione,35
indisciplina,35
pievepelago,35
atam,35
ricino,35
laccare,35
schematizzare,35
dovo,35
taso,35
quaglio,35
start,35
svolga,35
bettola,35
gilet,35
balzanto,35
dean,35
rpdc,35
abilio,35
improrogabilmente,35
pungere,35
siracudere,35
ottemperanza,35
satem,35
palau,35
suor,35
congestionato,35
altoforno,35
sottocultura,35
coltolo,35
difronte,35
citire,35
aziere,35
presentale,35
meleto,35
rudente,35
tradì,35
pensile,35
buffone,35
mercificazione,35
locatario,35
praticabilità,35
pomicino,35
rivetto,35
assessoriale,35
riequilibralo,35
onico,35
cervatto,35
condi,35
itis,35
nuco,35
casalbuono,35
robin,35
radicondolo,35
stanzia,35
tarcento,35
riparametrazione,35
nietto,35
iribare,35
scavar,35
anconetare,35
ciape,35
ndrangheta,35
impeciai,35
argante,35
reman,35
cicom,35
anap,35
travisacelo,35
monteriggione,35
calzandolo,35
alilauro,35
sisde,35
corporatura,34
molano,34
partìre,34
famigerata,34
forlìo,34
etare,34
regolabile,34
legnano,34
fiaccola,34
percimore,34
eccentrico,34
calzato,34
annullamente,34
accoppiamento,34
binocolo,34
europeismo,34
sollo,34
nassau,34
fulgore,34
beffo,34
carife,34
solaro,34
idioto,34
scrivente,34
voglio,34
aroma,34
riconosciuta,34
decure,34
saggistica,34
yukon,34
bruneo,34
ruttare,34
armstrong,34
stilizzazione,34
lunetta,34
british,34
infinita,34
germogliare,34
contraddistintare,34
dicotomia,34
riscatti,34
toccante,34
zerbo,34
datsuno,34
traente,34
abbandonarere,34
raggiuntare,34
ernst,34
naturalismo,34
affarismo,34
fiammifere,34
esilarante,34
psipsdi,34
accanì,34
stringare,34
alcoolico,34
settecentomila,34
galoppata,34
atleticamente,34
apparsa,34
mirale,34
ebola,34
monire,34
apprestere,34
titubante,34
coimputato,34
gromare,34
nicchiare,34
chinae,34
barbatello,34
bilotto,34
lumen,34
aics,34
eloquentemente,34
intasamente,34
vomito,34
mentito,34
afilla,34
compongere,34
tinca,34
svelgere,34
sego,34
brusson,34
stallman,34
gardare,34
mozzarella,34
zanna,34
boccea,34
camicetto,34
pervenute,34
accelero,34
demonio,34
esultante,34
montato,34
terence,34
teoretico,34
intendiamoci,34
cavallerio,34
aerato,34
pennsylvania,34
quindicennio,34
deficiente,34
romanzesco,34
arateso,34
liberticide,34
consultato,34
sopravvalutazione,34
brogliaccio,34
pomerio,34
acata,34
incagliaire,34
spere,34
disciplinato,34
tragtiere,34
avidità,34
irrorare,34
aspettavamo,34
incontaminato,34
rilancare,34
persecutore,34
propongare,34
triestina,34
suine,34
pitagora,34
ceda,34
bustaia,34
indiscriminata,34
pediatra,34
luongo,34
spettacoloso,34
adulare,34
usata,34
walkie,34
oliera,34
federe,34
bragia,34
basaglo,34
politicizzare,34
plusvalore,34
braccino,34
apogeo,34
elvira,34
mancala,34
gelasio,34
fortificato,34
aerino,34
articolere,34
sellare,34
dovette,34
scesa,34
amplo,34
registratosi,34
pulci,34
sinagoga,34
avendone,34
cautelatire,34
ramani,34
kingston,34
benemerito,34
permere,34
ristrutturato,34
pouf,34
bolletto,34
prendeere,34
ladispole,34
sanremese,34
passavare,34
extraterrestro,34
redatte,34
gignod,34
aziendo,34
apparirebbe,34
proseguito,34
bendi,34
situerare,34
trezza,34
ficcale,34
acceleramento,34
ecuadoriano,34
bloccò,34
dedalo,34
piazzista,34
electric,34
cassiore,34
chaplin,34
montespertolo,34
blando,34
mongardino,34
orini,34
ninna,34
ricomparsa,34
laotiano,34
deprezzare,34
sciacca,34
unere,34
esemplificativo,34
leninre,34
schiettamente,34
cartoncino,34
affondamento,34
nevo,34
felicissimo,34
invitante,34
guardingo,34
sgocciolo,34
imprigionato,34
trinidad,34
suggerito,34
avvogliere,34
caminiere,34
deragliare,34
febbrilmente,34
superleggero,34
xenofoba,34
distanto,34
fasulli,34
intitola,34
apprestamento,34
musiche,34
tributaria,34
indifferenziare,34
dattilografo,34
timers,34
derivino,34
intese,34
giura,34
ravvisabile,34
sgarbo,34
temprare,34
ansietà,34
borgognone,34
vaghezza,34
addentro,34
pirateria,34
potassio,34
diventerebbero,34
cluster,34
castone,34
elencato,34
certuno,34
ibrahim,34
arcene,34
consentivare,34
rompare,34
compere,34
duolo,34
concisione,34
travestito,34
funzionar,34
salubrità,34
disarmante,34
peronisto,34
stremo,34
incide,34
scoprio,34
semivuoto,34
stazionavare,34
daverio,34
sabir,34
decadentismo,34
ehrlichman,34
proseguivo,34
atterramento,34
aragonese,34
tonfo,34
macroscopice,34
opulenza,34
orrendamente,34
illogico,34
pitico,34
puritano,34
scooter,34
registra,34
baca,34
stario,34
almerico,34
sarti,34
granone,34
attiro,34
astolfo,34
precedute,34
impegnale,34
convoco,34
guerinare,34
risanato,34
pania,34
amichetto,34
dettano,34
sputare,34
subivare,34
subirere,34
soyuz,34
fertilissimo,34
madio,34
testardamente,34
guardiare,34
cascino,34
ambiento,34
mannaia,34
malioso,34
proposero,34
corposità,34
riascoltare,34
preponderanza,34
bittare,34
coeve,34
intellettualmente,34
apposto,34
immortale,34
adesco,34
saie,34
spiccatamente,34
bengala,34
eisenhower,34
dumenza,34
compresenza,34
creatoso,34
baracchino,34
coalizzare,34
castelverrino,34
francolettere,34
vara,34
appartenente,34
migliora,34
grappare,34
germe,34
nordoccidentale,34
invertere,34
ritentare,34
superavare,34
espiatore,34
volger,34
messinesa,34
nugolo,34
bandistico,34
gretole,34
sensore,34
selvino,34
mandalo,34
bereone,34
grundig,34
repressare,34
laboriosa,34
mossero,34
pragmatismo,34
playmaker,34
accadimento,34
raccolre,34
perversa,34
tazzina,34
mutevole,34
bartolina,34
ilarità,34
ipotesa,34
orologi,34
teodora,34
arrendetto,34
ottawao,34
rimarginare,34
manfredi,34
sblocchare,34
gioie,34
1982,34
emarginante,34
johannesburg,34
balestro,34
bugnare,34
sostenure,34
assunsero,34
apologetico,34
tailleur,34
lucana,34
vetustà,34
gaffe,34
moquetto,34
fenolo,34
ionica,34
senile,34
mimi,34
enfatico,34
cerillo,34
orbare,34
arrabbiato,34
9000,34
illusore,34
poliboro,34
sconfiggare,34
cruz,34
oboe,34
ebbeno,34
anzia,34
bonzi,34
pellame,34
ciccione,34
ludi,34
elisa,34
atmosfere,34
calmierato,34
delecisione,34
ailare,34
esorcismo,34
castelvolturno,34
torbiera,34
daone,34
lunigiana,34
fioretta,34
litre,34
montescaglioso,34
seulo,34
incinte,34
piombifere,34
pescasserolo,34
dormente,34
edicolanto,34
orzare,34
osannerò,34
evie,34
los',34
antisismico,34
alberghino,34
leyland,34
lucane,34
elettrocarbonium,34
crani,34
subbiano,34
fenech,34
transaci,34
coace,34
flso,34
straziato,33
autenticare,33
ippica,33
baccano,33
cartoccio,33
pettegolezzo,33
interpellate,33
partinico,33
favignana,33
abbonare,33
manare,33
rimaneggiato,33
colleghere,33
nosso,33
confatto,33
rinchiusa,33
akel,33
settantadue,33
griseldo,33
colonnina,33
redivivo,33
avviluppare,33
stalingrado,33
bolso,33
scientemente,33
opa',33
minio,33
pistare,33
canoro,33
arbore,33
commutare,33
trascorrare,33
elga,33
disertore,33
riprodottare,33
sordido,33
scemare,33
oronzo,33
svolgessero,33
leccare,33
difendeva,33
paesagge,33
agglomerare,33
caterinare,33
eclissare,33
ciane,33
carine,33
censoria,33
papavero,33
scerai,33
trascina,33
addottare,33
click,33
management,33
almere,33
girovagare,33
celestino,33
cingolato,33
ammortizzare,33
montaione,33
insulso,33
imeno,33
floc,33
gattuccio,33
turbina,33
dimena,33
sequestrarere,33
blasonato,33
indipendentisto,33
dilaniato,33
platì,33
appunta,33
reinventare,33
oriento,33
scesero,33
fasto,33
caustico,33
sabotatore,33
sconfisse,33
minestra,33
trattere,33
magna,33
risotto,33
sfore,33
riconciliare,33
amicare,33
saputo,33
segnante,33
casanovare,33
montagnini,33
anteponere,33
offrere,33
rivedre,33
qualifichare,33
forsennare,33
celebro,33
proiettano,33
gabino,33
disdire,33
conclusase,33
instancabilmente,33
smaccatamente,33
scansione,33
speda,33
nutrizione,33
impropro,33
approdano,33
allegoria,33
epistemologico,33
picchio,33
cateto,33
solvibilità,33
decongestionamento,33
studenti,33
appositare,33
campagnare,33
indebolito,33
pensante,33
regionalismo,33
elimina,33
rompa,33
oziale,33
variegare,33
power,33
aloisio,33
inafferrabile,33
terrasino,33
prave,33
capraia,33
sniare,33
teletrasmesso,33
ottearr,33
sosterrà,33
tritone,33
alexandra,33
ripetute,33
preparo,33
insistiamo,33
haifa,33
cembro,33
abolito,33
foreman,33
richiudere,33
facilonerio,33
ccie,33
meccanismare,33
bancari,33
messere,33
neuro,33
econoe,33
monterosso,33
confedera,33
retore,33
adisco,33
masserizia,33
provvedevare,33
riferì,33
lemma,33
menomato,33
magda,33
ottusamente,33
alterco,33
teatralità,33
inti,33
constante,33
disintegrazione,33
rogatoria,33
gazzarro,33
bambù,33
zeppa,33
rincrescimento,33
ristrettissimo,33
corazzine,33
lamentavare,33
cairotio,33
suola,33
tenaglia,33
valevola,33
infrarosso,33
caratterizzato,33
effettueere,33
narro,33
resistenziale,33
obiettavo,33
cerealicolo,33
ritearr,33
acquaro,33
stravinso,33
monitor,33
naturare,33
dissequestrare,33
marcherà,33
veglione,33
vollo,33
banzer,33
verma,33
mansuè,33
liegi,33
arrancare,33
mitile,33
specialistica,33
radicamento,33
magnete,33
orsini,33
professa,33
padru,33
luino,33
allentato,33
adelmo,33
pettinatura,33
costituirescere,33
lessico,33
classicità,33
subnormale,33
eoka,33
incassato,33
distruttore,33
pentimento,33
enormità,33
virilità,33
convocalo,33
disorientato,33
annuario,33
canavese,33
militarismo,33
consimile,33
rannicco,33
giovannino,33
univare,33
caprino,33
traumatizzante,33
casazza,33
dita,33
sbiadire,33
azzare,33
insospettato,33
tornitore,33
libazione,33
arandone,33
rossana,33
recensire,33
lune,33
central,33
auspichiare,33
puericultrico,33
stagionare,33
impressionismo,33
aveve,33
tardiva,33
ledono,33
deborare,33
banato,33
esanime,33
cupa,33
percepivare,33
apposizione,33
portofino,33
allestente,33
urbanesimo,33
disillusione,33
acefalia,33
floriano,33
acuì,33
rioccupare,33
lezo,33
squale,33
paluzza,33
patrino,33
caldeio,33
ranch,33
tendina,33
apiroe,33
personalizzato,33
carambole,33
intasato,33
sarchiale,33
ramala,33
conclude,33
sindacalizzato,33
invialo,33
samare,33
stimolazione,33
incalzanto,33
attanagliano,33
distrettualizzazione,33
morii,33
correntemente,33
rette,33
contratre,33
cliffo,33
beccano,33
disinvolturo,33
siegfried,33
ributtare,33
buonconvento,33
elativo,33
nitrazione,33
assimilato,33
intemazionale,33
migro,33
marmara,33
differenziano,33
israeliana,33
verticismo,33
anmil,33
bernardetto,33
rostro,33
sinodale,33
privata,33
emersare,33
pediatro,33
spionistica,33
ispe,33
riottenere,33
indebitato,33
alberghetto,33
fuoribordo,33
dottoressare,33
rimella,33
giudecca,33
guttadauro,33
sottoposta,33
atavico,33
centralinista,33
amplificatore,33
produca,33
altoatesino,33
paraggio,33
ambrosia,33
convocala,33
ungo,33
rettere,33
rivendire,33
snocciolare,33
servi,33
veritiera,33
bizzarra,33
elidere,33
genovesi,33
scandinare,33
cistica,33
sorgeranno,33
iginare,33
esclusa,33
coree,33
montefortino,33
sconfinamento,33
accattare,33
sperimentalismo,33
ascea,33
soma,33
superlativo,33
atollo,33
dimentichiamolo,33
diciassettesimo,33
stoico,33
armai,33
ramadan,33
spampanare,33
minuscola,33
balano,33
addizione,33
condenso,33
cote,33
falerio,33
macera,33
allear,33
ruberio,33
calura,33
transigere,33
frustrante,33
volterrano,33
sconquasso,33
cracking,33
bordighera,33
sfoderato,33
alaggio,33
scillo,33
stirpe,33
trasformatrice,33
ramatore,33
meticcio,33
tantissimo,33
cercarere,33
sgomberato,33
lecitare,33
chiamalo,33
imputale,33
1860,33
cagli,33
giacimelo,33
vilmente,33
feisoglio,33
rolla,33
dealla,33
preselettore,33
pitta,33
crino,33
palombare,33
defoliante,33
astor,33
ognare,33
arreco,33
confienza,33
avanzatissimo,33
rieletto,33
solino,33
sfociato,33
immaturità,33
automatizzare,33
fadda,33
costantinopoli,33
gambuto,33
insorgono,33
ricorsa,33
morfologico,33
cugnolo,33
carceriere,33
ameliare,33
bucce,33
lemio,33
comuni,33
natii,33
disoccupata,33
lavavetro,33
pacchi,33
cabino,33
nietzsco,33
giono,33
scuolabus,33
pechare,33
onne,33
marezzato,33
tadina,33
vittorinare,33
reggello,33
merrell,33
supermarketre,33
circumvesuviana,33
assistenzialistico,33
caremar,33
sopressare,33
aurore,32
ritirere,32
colane,32
gallerista,32
norimberga,32
ciacci,32
provvidere,32
sentì,32
clausura,32
compaesano,32
sovvertimento,32
mazziere,32
quarantena,32
pezzare,32
breia,32
lagunario,32
merendo,32
ricongiungimento,32
caseggiare,32
quilico,32
aleandro,32
quadretto,32
mena,32
pensoso,32
barete,32
intele,32
attonito,32
stipo,32
camico,32
fangoso,32
7500,32
maleodorante,32
vetusto,32
occuperanno,32
dolciare,32
divenivo,32
dosolo,32
piovve,32
svenere,32
alfabeta,32
tentao,32
atticista,32
paurosio,32
sosia,32
dissolvimento,32
giostro,32
estorto,32
sgradire,32
barrano,32
welt,32
scoraggiante,32
fronda,32
reggenza,32
liberticida,32
ravvicinamento,32
gregoriano,32
levavare,32
patteggiamento,32
indomito,32
poverissimo,32
venticinquenne,32
oleificio,32
mezzano,32
gervasio,32
lazo,32
puig,32
antich,32
interrompare,32
pressapoco,32
macellato,32
stessa,32
ponziano,32
giungessero,32
sfregiare,32
mutue,32
riunitaso,32
obbediscere,32
rotaie,32
biscotta,32
bruschino,32
dissacrante,32
elude,32
demistificazione,32
vandea,32
balestriero,32
belligeranza,32
nutrare,32
farare,32
torcere,32
1902,32
bozzone,32
garantari,32
ornino,32
spiovente,32
underground,32
zenit,32
convearr,32
braccetto,32
ripresentazione,32
identica,32
tortorellare,32
nudità,32
stabilizzato,32
sgomentare,32
sorvegliato,32
charleston,32
forsennata,32
espiazione,32
tengere,32
scomparve,32
imboccatura,32
recisi,32
ecologi,32
irrefrenabile,32
piscino,32
escogitazione,32
portasso,32
mendoso,32
marcamento,32
sciaguro,32
margarina,32
santità,32
suburbano,32
modestamente,32
teleschermi,32
sradicato,32
propedeutico,32
inesplorato,32
sornione,32
irico,32
folkloristica,32
ghiere,32
empie,32
rivendichire,32
corinto,32
podisticare,32
acrile,32
ragiono,32
degù,32
portabagaglio,32
mutande,32
roberta,32
darglio,32
sbiadito,32
verniciare,32
casellario,32
esperì,32
detective,32
ventiquattresimo,32
ivana,32
ribesre,32
squassare,32
oltreturre,32
incantevole,32
sigismondo,32
sottolinealo,32
appiglo,32
dirupo,32
merceo,32
sterzo,32
cacciabombardiere,32
imperialiste,32
conchiglia,32
processane,32
dillare,32
completere,32
goethere,32
intestatario,32
lelia,32
frangere,32
acer,32
spasmodico,32
codare,32
sembianza,32
giano,32
concordire,32
paltare,32
favole,32
approfondita,32
irrazionalistico,32
traspone,32
appaltante,32
diverrà,32
risulto,32
tagliaferro,32
campanella,32
irida,32
vetturetta,32
sgravare,32
prestanza,32
pennecco,32
sorveglianto,32
risicare,32
nomade,32
fattuale,32
paratia,32
arretra,32
lunario,32
barbe,32
fota,32
formulano,32
civello,32
eccole,32
reggare,32
vearr,32
contrattualmente,32
dirto,32
sfoltire,32
complimentare,32
orgasmo,32
isveimer,32
terranovo,32
suscitato,32
litui,32
meticolosità,32
baiocco,32
allai,32
millennio,32
estraggere,32
avverte,32
colei,32
condanniamo,32
fondello,32
chiodino,32
cartotecnica,32
spillare,32
infantilismo,32
appendico,32
dispotico,32
ricostruiscere,32
bastardo,32
corriera,32
lunar,32
comodino,32
enciclopedico,32
nobilitare,32
grammaticale,32
addebitabile,32
chef,32
cannonata,32
oppostere,32
teseo,32
ritornato,32
spietata,32
grandino,32
giornalai,32
derma,32
termosifone,32
metalmeccanici,32
avanzire,32
dunlop,32
raptus,32
minacciandolo,32
moribondo,32
consolatorio,32
1830,32
svilare,32
finitura,32
bastato,32
maledettamente,32
giochere,32
casalgranda,32
laglio,32
giornalaio,32
volanto,32
consunto,32
stabia,32
capare,32
spire,32
amnesia,32
dannino,32
catare,32
siero,32
monetizzazione,32
scandivare,32
ministere,32
boema,32
granoturco,32
pregevolo,32
schizofrenia,32
isterismo,32
aiuta,32
bila,32
pettinato,32
spicchio,32
fagocitare,32
varendere,32
installato,32
baionetta,32
aretine,32
intrattenimento,32
pensionamente,32
vagheggiare,32
subordina,32
spunta,32
ceppalone,32
piego,32
diciassettenire,32
orticello,32
gentiliano,32
fccio,32
sta',32
pessimisto,32
riferiamo,32
spietatamente,32
sopracitato,32
rivendico,32
mattonella,32
buglione,32
popolale,32
albertina,32
puntere,32
contribuì,32
deleteria,32
elfi,32
squadretta,32
annegamento,32
costantinare,32
mirabilmente,32
fermale,32
estella,32
trombo,32
natalina,32
parla,32
agira,32
aiellare,32
procrastinabile,32
eseguari,32
escludare,32
obliquo,32
scalmanato,32
danario,32
prore,32
beccasso,32
asi',32
possiare,32
impongare,32
inclinare,32
istare,32
superlavoro,32
1896,32
commino,32
hidalgo,32
lamentazione,32
barbini,32
goya,32
irrisione,32
beach,32
dibattare,32
annuere,32
giudicatrice,32
campicello,32
archivistico,32
granturco,32
brenta,32
scaturiscere,32
dasio,32
atina,32
rinfrescare,32
raggirare,32
ventiduo,32
hitleriano,32
ortillo,32
porare,32
trine,32
sicula,32
giuode,32
lagnare,32
deificare,32
gianicolo,32
metodica,32
potentissima,32
bilinguismo,32
dimostrarono,32
porcellana,32
rinunzia,32
macchinetta,32
salsomaggiore,32
deputare,32
familiarità,32
soci,32
sieno,32
volontarietà,32
delizia,32
resista,32
felino,32
monopole,32
iore,32
lignano,32
bencivenno,32
bariano,32
pongare,32
rivere,32
omeno,32
resasi,32
inamovibile,32
csai,32
mastello,32
induzione,32
arcale,32
sfrondare,32
godet,32
endogeno,32
combattevare,32
antioco,32
dovessare,32
azerbaigian,32
elegia,32
declamazione,32
stradista,32
esima,32
tortolì,32
protesto,32
fiap,32
astuta,32
teleselezione,32
belletto,32
smottamente,32
antisemitismo,32
salvia,32
marma,32
everest,32
ossessivamente,32
modulazione,32
matasso,32
giradisco,32
parevare,32
miniappartamente,32
auspicata,32
astaco,32
processa,32
celestare,32
organizzale,32
biche,32
sensoriale,32
propare,32
corchiano,32
1070,32
michelino,32
offra,32
procido,32
canzio,32
giunio,32
efferare,32
ruthre,32
digestivo,32
pantomima,32
arboreo,32
louvre,32
crede,32
guglionesi,32
micco,32
pediatria,32
senales,32
figliana,32
blasone,32
destabilizzante,32
avida,32
flipper,32
considerino,32
funto,32
concente,32
cusano,32
malesco,32
alpax,32
ombrone,32
adivo,32
vallona,32
voltaire,32
acrere,32
incardine,32
giacoscere,32
battistero,32
datile,32
vacone,32
marocchina,32
todi,32
cascio,32
molisana,32
equino,32
mollusco,32
montani,32
conciace,32
sasp,32
decibel,32
grassona,32
optato,32
oleastra,32
zipa,32
sima,32
fiesta,32
pesticida,32
acit,32
deturpazione,31
fidio,31
precampionato,31
alte,31
rosse,31
centodieci,31
mandar,31
ammonitore,31
pretenderebbero,31
trattenimento,31
jaguar,31
marmittone,31
corrispostare,31
sottoscritre,31
vitalismo,31
fraseggio,31
esitante,31
frustrato,31
tentacolo,31
atlantismo,31
casaccia,31
stupenda,31
riluttante,31
riproducente,31
aliene,31
cavalier,31
caratterizzarere,31
settantesimo,31
pierrere,31
riassumibile,31
anni,31
affermativamente,31
soddisfo,31
brillantissimo,31
vinsero,31
caore,31
ciabatto,31
doppiamenta,31
armatura,31
freneticamente,31
null',31
gallare,31
sanfedista,31
cagionare,31
indifferere,31
casalborgone,31
rabbino,31
accorge,31
maretto,31
notato,31
provenere,31
suonato,31
angusti,31
ristorno,31
fargli,31
cucciandone,31
ricca,31
targo,31
lamentato,31
scienziare,31
ripercorrare,31
grossolare,31
federbracclantl,31
materializzare,31
caldare,31
metallica,31
ruscello,31
sezionare,31
spulciare,31
lasciapassare,31
leardo,31
sconsolato,31
facciale,31
energica,31
diciottomila,31
asciutta,31
gravitante,31
excursus,31
vagabondo,31
innovatrice,31
laicismo,31
dimorare,31
aspetti,31
mariolino,31
clemson,31
radical,31
semino,31
incomodo,31
pretende,31
eiettore,31
complementarità,31
cittaducale,31
angeletta,31
psdl,31
primavere,31
comparari,31
cestino,31
borsini,31
negrone,31
cervare,31
contraddittoriamente,31
sgangherato,31
partizione,31
nobiliare,31
disintegrare,31
rischierebbero,31
inversamente,31
federalismo,31
burattinaio,31
abbaiare,31
centralista,31
sincerare,31
russell,31
goriziare,31
inappellabile,31
olona,31
bortolo,31
elettorare,31
riempito,31
mortaretto,31
avanzavare,31
lovanio,31
marcature,31
flirt,31
inoperoso,31
orte,31
comparabile,31
topografia,31
padella,31
trepido,31
deplorevolo,31
patogeno,31
depauperare,31
pilario,31
recesso,31
waldhelm,31
ripugnare,31
commendatore,31
express,31
lardare,31
priora,31
longone,31
aiuterò,31
lupetto,31
maledizione,31
ternario,31
indigenza,31
dichiararere,31
implichare,31
sarca,31
rattere,31
cervia,31
garnare,31
fiorellare,31
poldo,31
zebre,31
siderurgiare,31
cantùre,31
altalene,31
cumiano,31
schizofrenico,31
mettevano,31
ugual,31
caluso,31
fatta,31
doping,31
ergei,31
esposte,31
megafono,31
caporeparto,31
dossena,31
centa,31
seguere,31
saudita,31
superale,31
benestante,31
tartassare,31
carbonifere,31
prefissi,31
astronomia,31
manomettere,31
mandria,31
cinse,31
avido,31
spacciato,31
vercellese,31
inserivare,31
nurago,31
trasferibile,31
riletturo,31
espansionismo,31
riccho,31
chiarare,31
tesorerio,31
edera,31
fluttuare,31
teppaglia,31
elenio,31
arcobaleno,31
preoccupo,31
simpatizzare,31
maltrattamento,31
aquilotto,31
atonale,31
ramano,31
ordare,31
colonizzare,31
spallata,31
pizzato,31
studentesca,31
collegandolo,31
olimpo,31
pento,31
requisitorio,31
consentare,31
interramento,31
raggruppano,31
vedrere,31
fiorella,31
filologia,31
randello,31
fotta,31
trattase,31
pedata,31
rubere,31
tifico,31
dandole,31
casalbruciato,31
bridge,31
pastai,31
esibizionismo,31
ventunesimo,31
concessionari,31
imponenza,31
cariare,31
piene,31
sartoria,31
alesale,31
opulento,31
sfilza,31
acheo,31
interpretato,31
centotrentare,31
bembo,31
campagli,31
pignoramento,31
indole,31
servirebbero,31
acore,31
dinamire,31
men',31
satin,31
zeme,31
sampdoriare,31
oppore,31
enere,31
airuno,31
elisabettiano,31
grettezza,31
apoteoso,31
comprimo,31
pupilla,31
militere,31
economizzare,31
pervicacia,31
poeto,31
riveduta,31
osmoso,31
predoi,31
dicesse,31
ioduro,31
alida,31
civire,31
raffermare,31
vivificare,31
inezia,31
desidero,31
mete,31
pulsione,31
1044,31
bordano,31
emirare,31
cuocere,31
saporito,31
venefico,31
anire,31
tenutese,31
congolese,31
caprero,31
caprera,31
conservatricere,31
novoli,31
scelte,31
idealità,31
buglio,31
stiro,31
ascoltavare,31
esaggere,31
fiorenza,31
ispira,31
precondizione,31
fipac,31
asterere,31
slovenia,31
disaggregare,31
sgombro,31
riconfermato,31
baldassare,31
lasciandoso,31
polpaccio,31
impresare,31
malthus,31
dialisi,31
liberio,31
ocra,31
ripianamento,31
umanista,31
tecnicistico,31
denegale,31
costò,31
missarglio,31
ravenno,31
boltiere,31
dovimene,31
oaso,31
gagliardare,31
brasa,31
rieducativo,31
appurato,31
strutturato,31
fimo,31
procedente,31
inesistento,31
intraprendare,31
deall',31
disordinatamente,31
incancellabile,31
tensia,31
lapis,31
pennellata,31
naldo,31
distretgere,31
interrare,31
valentano,31
accinger,31
folklorico,31
organizzo,31
berkeley,31
adorazione,31
imbottito,31
sciabola,31
loquace,31
finestrare,31
accorgersene,31
esercitato,31
segretissimo,31
delatore,31
adoro,31
altitudine,31
mediocro,31
scocciare,31
scalato,31
norvegesa,31
tesserina,31
uninominale,31
sulmonare,31
papasso,31
contrariare,31
danzica,31
filp,31
antiquaro,31
musicalmente,31
avvalgare,31
autosalone,31
bruttare,31
roano,31
miniatura,31
annacquare,31
lagna,31
brucare,31
spezzettare,31
succedutisi,31
pischello,31
noleggiatore,31
reaganre,31
ambiguamente,31
claunesca,31
vinificazione,31
sotterrare,31
enologico,31
deposta,31
declinante,31
tradito,31
poggiano,31
emanato,31
artigianare,31
nuziale,31
ibla,31
osserva,31
arsiè,31
mezzuccio,31
inapplicabile,31
ingannevole,31
invase,31
minh,31
incamerale,31
temo,31
discudere,31
stipulo,31
salso,31
pascolare,31
contrabbasso,31
partecipatone,31
dispute,31
dinosauro,31
rivieraschio,31
cinquantacinque,31
andatale,31
luigina,31
regolere,31
daccare,31
bagnano,31
pelagio,31
eddare,31
arcella,31
moeno,31
calamitoso,31
prestante,31
arassi,31
flirtare,31
piaggio,31
miamo,31
ghaneano,31
mecone,31
fucina,31
sproposito,31
vivacare,31
ienere,31
bundesbank,31
viscosa,31
sudcoreane,31
cordignare,31
nolare,31
afonia,31
consigli,31
larico,31
quattrine,31
omettare,31
nievo,31
allergico,31
paesare,31
finanzare,31
ganghistare,31
ricevitore,31
sbando,31
inabilire,31
lenna,31
motorizzato,31
silvana,31
cablare,31
assolgere,31
facore,31
bucale,31
rogare,31
dissentere,31
gorare,31
annidano,31
concistoro,31
rida,31
stame,31
processor,31
anticomunistare,31
onomastico,31
lazzarino,31
stila,31
ranica,31
punticino,31
ortofruttare,31
rumenare,31
doggere,31
manforte,31
sindrome,31
scio',31
torr,31
scaramucce,31
teare,31
sparto,31
tornito,31
giaguaro,31
borioso,31
dana,31
fulp,31
brontola,31
tirolo,31
parodi,31
castellinaldo,31
corporativisma,31
asteno,31
poltrare,31
vasari,31
fulpc,31
seravezza,31
ostine,31
armonizzo,31
provandocio,31
rateizzo,31
aman,31
birmana,31
ginori,31
indesitre,31
orvietana,31
satana,30
spiccavare,30
politeamare,30
redare,30
squero,30
statore,30
gate,30
mirante,30
biscione,30
mediale,30
insacca,30
lateranense,30
ghano,30
indisposto,30
cerrione,30
pronunciò,30
temporanea,30
rivesre,30
districo,30
asfaltato,30
riassumare,30
pastorelle,30
lacuno,30
atout,30
catario,30
ammucchiato,30
plaudere,30
dolmen,30
coloritura,30
malauguratamente,30
riceverai,30
goffa,30
ceduo,30
distortere,30
clerico,30
modulare,30
cossato,30
peritale,30
camerun,30
dostoevskij,30
prepensionamento,30
guarnireo,30
conformista,30
fecondazione,30
molinella,30
argenta,30
inquisizione,30
arcaica,30
desistire,30
languere,30
celibe,30
luxor,30
impercettibile,30
guatemalteco,30
vitelli,30
intellettivo,30
brandire,30
ripensamente,30
permessi,30
camice,30
astensionistico,30
protestato,30
poteo,30
animosità,30
traumo,30
figuraglio,30
spigolo,30
faule,30
parlamene,30
orsola,30
xxvii,30
ascensione,30
ericsson,30
baileys,30
bardellino,30
improvvisa,30
falcare,30
sferza,30
percepisco,30
ammonterebbero,30
sirolo,30
unari,30
misurabile,30
conduarr,30
coniatoso,30
futa,30
giustizio,30
pensere,30
3300,30
tonnellaggio,30
assillanto,30
trottare,30
storica,30
lucillo,30
assomiglia,30
toccano,30
provvisto,30
separarso,30
rinserrare,30
commettare,30
calzante,30
rimescolare,30
determine,30
sporre,30
profondare,30
segrate,30
stravaganza,30
rivoluzionarla,30
supposta,30
esaminerare,30
tenessero,30
egregia,30
dedure,30
fender,30
roncello,30
smarcante,30
salvezzo,30
macella,30
rifiorire,30
capovogliere,30
producevare,30
misera,30
indefinitamente,30
poveraccio,30
taglione,30
detrasso,30
fragola,30
barbaresco,30
raymonde,30
dadi,30
solerte,30
blevio,30
terranno,30
aperta,30
accanitamente,30
sperimentatore,30
aovere,30
perdano,30
natatorio,30
nefando,30
autonoleggio,30
annerito,30
idrante,30
rhore,30
insabbiamente,30
animoso,30
ciampi,30
restarere,30
ardeatinare,30
morie,30
innocenzo,30
neolaureato,30
afferma,30
privilegiando,30
scrio,30
iroso,30
disto,30
vorace,30
arzagolo,30
alberato,30
pontida,30
salame,30
cantastoria,30
inarcare,30
broker,30
ricompare,30
cando,30
funk,30
thao,30
digestione,30
caltrano,30
saltar,30
difendente,30
acquapendente,30
pasticciaccio,30
età',30
parè',30
idillio,30
erutto,30
bacie,30
gepe,30
bonomia,30
scire,30
lorina,30
revò,30
costringire,30
ufficiai,30
dargli,30
sgradito,30
lamborghino,30
trench,30
partenopea,30
imperterrito,30
piacente,30
preannuncia,30
impieghare,30
spaziace,30
lauretana,30
concimi,30
negai,30
pathos,30
futuristo,30
epatire,30
trafile,30
destituito,30
6ulla,30
ulisso,30
sketch,30
comice,30
federcoltivatore,30
rispetta,30
attualizzare,30
cominciarono,30
tendaggio,30
defraudare,30
arbusto,30
copparo,30
sseldorf,30
imbeccare,30
suindicato,30
forbice,30
teano,30
sovrapposta,30
presema,30
montagge,30
segregante,30
kigale,30
modem,30
wozzeck,30
broglia,30
spazia,30
ruvido,30
innocui,30
infallibile,30
illesa,30
gaspere,30
compari,30
sessantacinque,30
disgiure,30
nevicato,30
renne,30
revlon,30
subiscare,30
emico,30
manina,30
acquifere,30
felliniano,30
bondeno,30
bill,30
estrinsecare,30
minnesota,30
sofà,30
linoso,30
classicismo,30
coire,30
covent,30
divinità,30
coccodrillo,30
coralità,30
pipe,30
ripristinato,30
attuai,30
esplodeo,30
scada,30
aeroplano,30
martiniare,30
vigliaccamente,30
trascritto,30
ribadì,30
scivolo,30
ritrae,30
boicello,30
tafo,30
areale,30
amario,30
aggiuntare,30
alcoolismo,30
capocannoniere,30
purosangue,30
maldino,30
filobus,30
verificassero,30
spropositare,30
contrapposre,30
epifanio,30
poggiomarino,30
debbare,30
contribuisco,30
antica,30
inusuale,30
cesarò,30
riportavare,30
fulminante,30
lorenzina,30
pulviscolo,30
gianmaria,30
papera,30
ripopolare,30
significante,30
gibuti,30
musetto,30
burattine,30
fregio,30
indicizzare,30
approfondiscare,30
ovverosia,30
lomello,30
arrendevolezza,30
seicentesco,30
impastare,30
assicura,30
hitleriana,30
omogeneizzare,30
graffa,30
siedare,30
congiurare,30
dentario,30
indomabile,30
alluso,30
inculcare,30
impopolarità,30
ripropongare,30
vitivinicole,30
biecamente,30
scorrevole,30
reattivo,30
ridicola,30
marmoreo,30
chieso,30
salvio,30
vendese,30
zigomo,30
calante,30
liberiano,30
preconcettare,30
disadattato,30
assetare,30
grondi,30
esitire,30
cosino,30
vette,30
siglo,30
colmere,30
merluzzo,30
mezzadrio,30
farnese,30
immanente,30
portala,30
nefasta,30
alarico,30
quel,30
venanzia,30
castelporziare,30
ripassare,30
abebare,30
occuperà,30
rispettabilità,30
rattoppo,30
solone,30
bariletto,30
furteo,30
meticolosamente,30
capoverso,30
giustifica,30
militale,30
cinquenne,30
nemica,30
diranno,30
trecentocinquanto,30
radicai,30
sbrogliare,30
pletorico,30
sostituibile,30
sgabuzzino,30
guarnizione,30
amianto,30
antologica,30
miserevole,30
ligio,30
riluttanti,30
folkre,30
longitudinale,30
werner,30
celebrato,30
porano,30
riconoscare,30
omologo,30
sadismo,30
sonora,30
pittrice,30
funi,30
badese,30
fortunale,30
bipartitismo,30
tenzone,30
maltrattato,30
trionfalismi,30
volatilizzare,30
statto,30
cravanzana,30
gastronomia,30
dirigismo,30
mitteleuropeo,30
accompagno,30
antl,30
falegnamo,30
grappolo,30
nichilismo,30
dimenare,30
oscilla,30
spenti,30
scaturìre,30
espiare,30
accline,30
1895,30
tartaruga,30
fortuire,30
conquistatore,30
ingiù,30
connessa,30
grafo,30
semplicisticamenta,30
nitida,30
comitino,30
terare,30
naufrago,30
selz,30
truffatore,30
anticipatrico,30
monetizzare,30
arao,30
mortificato,30
interessata,30
spot,30
diabete,30
affidabile,30
baleario,30
colonnato,30
veleso,30
neoo,30
satura,30
polento,30
tappezzeria,30
roccamena,30
scellerato,30
legislaturare,30
potentemente,30
rattare,30
bracciale,30
alfonsoe,30
busano,30
dolcetto,30
ricalcolo,30
titola,30
realizzatosi,30
revolverare,30
immediata,30
meato,30
concorsa,30
pericolare,30
seppo,30
atermano,30
capalbio,30
sociologice,30
attera,30
abbisogna,30
peruginare,30
cementano,30
pule,30
carcare,30
tigrare,30
pariteticità,30
liliale,30
domata,30
cotonifico,30
paloma,30
evaristo,30
otito,30
biga,30
microrganismo,30
poetare,30
inesplorare,30
affinamento,30
rateizzare,30
enumero,30
eversionere,30
compre,30
mistica,30
arcispedale,30
erte,30
dardo,30
apprezzamentare,30
abiura,30
pianoso,30
sporca,30
pomere,30
montemarciare,30
soprabito,30
accettabilità,30
tarocco,30
impugnativo,30
caffé,30
divare,30
infn,30
scinto,30
dantesco,30
deresponsabilizzare,30
calcasse,30
osservar,30
atripalda,30
adduzione,30
sportiva,30
periziare,30
marebbe,30
joumblatt,30
assento,30
repertare,30
ioso,30
degustazione,30
camionistico,30
emica,30
girifalco,30
appesta,30
vultura,30
centrerai,30
sabro,30
fortezzo,30
miniassegno,30
pergolo,30
salvator,30
quark,30
sandinisto,30
quercioli,29
panassi,29
centrocampisto,29
oberato,29
aloisia,29
sorridento,29
confermandoso,29
anguillara,29
tortona,29
boiler,29
versatilità,29
lumicino,29
fiscalità,29
agendino,29
imitato,29
assumo,29
intorbidare,29
ingiustificatamente,29
pacello,29
marianna,29
fucilato,29
wilder,29
marcel,29
uccidare,29
soffrare,29
protegge,29
letterio,29
fontane,29
ripartito,29
iscrittare,29
negatire,29
incesto,29
esterino,29
suonatore,29
alternere,29
sepogliere,29
sconfivere,29
gerre,29
trevisano,29
national,29
buon,29
adirare,29
1071,29
sopravvenere,29
consentivo,29
proponimento,29
artisticamente,29
afroamericare,29
palpabile,29
guinea,29
variabilità,29
rouletto,29
angosciosa,29
notabili,29
amplare,29
scriteriato,29
gescal,29
proselite,29
prolunghare,29
begardo,29
muschio,29
nillo,29
corrida,29
adoratore,29
anzare,29
interscambo,29
insacco,29
gamica,29
probi,29
rilassamento,29
azzardato,29
asfissiante,29
basilario,29
cabala,29
atalare,29
confare,29
burbere,29
emiciclo,29
gnau,29
perseo,29
discute,29
stridere,29
ponire,29
ballottino,29
traslare,29
regolato,29
psicanalitico,29
terital,29
mutandere,29
trasparenti,29
spiano,29
elmetto,29
vieno,29
alcazar,29
vincita,29
stasa,29
1984,29
sguarnire,29
assemblare,29
debilitare,29
superstar,29
ramona,29
massicciare,29
aderì,29
aggiungevare,29
vedrebbe,29
cerdo,29
manifestatone,29
rore,29
cantieristicare,29
torbidere,29
corazzino,29
clonare,29
agiografico,29
garantare,29
ipalmo,29
esaurere,29
indesiderabile,29
generato,29
liquidato,29
accidente,29
sordare,29
costruere,29
massaie,29
localizzato,29
lanuvio,29
dimentichere,29
elettoralmente,29
pesere,29
trentenne,29
telefonato,29
penny,29
cessionare,29
consuma,29
infortunistica,29
prosciugamento,29
calmieratrice,29
pecchione,29
ornella,29
insediatasi,29
confermalo,29
assicurò,29
tutele,29
ulrica,29
prodos,29
monetarla,29
trepidazione,29
variegato,29
commercia,29
permea,29
inavvertitamente,29
tulliare,29
soffrivo,29
natural,29
squallide,29
combutta,29
tortore,29
ferrovieri,29
risulta,29
caciotte,29
vacco,29
tagliamento,29
epistolario,29
scaffalo,29
vergognosa,29
abalietà,29
livellare,29
gravissimio,29
discernimento,29
tirano,29
azionamento,29
recondito,29
anuro,29
ricaricare,29
abbellire,29
sforzesco,29
interclassista,29
constatere,29
sube,29
guardavalla,29
sconnesso,29
transitavare,29
scrutine,29
illegittima,29
agrumicoltura,29
gorge,29
nesto,29
aprii,29
fatiscenza,29
putignano,29
esposo,29
occasiona,29
trivellazione,29
giocata,29
westinghouse,29
svilimento,29
rosetta,29
accorrente,29
risaltato,29
tramontato,29
rossino,29
estense,29
plenipotenziario,29
trottatore,29
digerente,29
detrarre,29
irriverente,29
ponderoso,29
comandio,29
spilla,29
osco,29
anguilla,29
diagnoso,29
permetterebbero,29
sdoppiare,29
malaugurato,29
semplificato,29
notata,29
entusiasma,29
disporere,29
impensato,29
obererò,29
passatempo,29
anelito,29
mentore,29
rovai,29
biassono,29
buscare,29
travolre,29
moldavia,29
pompilio,29
scompaginare,29
indubbiare,29
riservata,29
aumenteranno,29
fantapolitico,29
morivare,29
sommere,29
peggiora,29
riferari,29
mouse,29
ibere,29
sfavorito,29
affermatasi,29
eroicamente,29
anticarro,29
cimiero,29
imolare,29
contraddicare,29
particola,29
cacao,29
meridiano,29
calligrafico,29
cabila,29
spaventosamente,29
biliardo,29
gerundi,29
picca,29
repressi,29
riprovevole,29
hobsbawm,29
trentinare,29
michelo,29
ciccia,29
irridere,29
vegas,29
conferito,29
crumiro,29
modugno,29
pestato,29
inviolabile,29
lincio,29
avvicendamente,29
contornare,29
corposa,29
comitale,29
migliorativa,29
assembramento,29
mistificatore,29
idio,29
sismografo,29
banderai,29
trovino,29
concretizzere,29
seder,29
farsesco,29
sciangai,29
venulo,29
orrido,29
traggare,29
argia,29
dispere,29
floreale,29
vicinale,29
gavardo,29
croissant,29
wilmare,29
interforze,29
autopullman,29
esasperatamente,29
blitz,29
fruttifero,29
affittanza,29
scuo,29
goto,29
indebolere,29
corbetta,29
rumoreggiare,29
introduziorre,29
eludo,29
sessantanno,29
paventato,29
complementarietà,29
edgare,29
piegato,29
contemplazione,29
sepra,29
clinicamente,29
impinguare,29
ofelia,29
ladrone,29
straordinarietà,29
lungodegento,29
offuscamento,29
ideal,29
riportere,29
garza,29
postua,29
importanto,29
logoratolo,29
certune,29
disagevolo,29
isveur,29
snellezza,29
limaccioso,29
estesamente,29
carbonico,29
istigatore,29
elettrogeno,29
bozzolo,29
insigna,29
assorto,29
poppa,29
milita,29
attendibilo,29
brigadiero,29
agnellere,29
darebbero,29
occorreere,29
chiediamo,29
saffo,29
bissato,29
medagliero,29
camoo,29
xxvi,29
benetton,29
apparterrebbero,29
neurochirurgico,29
possedimento,29
lazzi,29
delineazione,29
ateismo,29
alluno,29
nitidamente,29
sprone,29
umana,29
cospirativo,29
liedholmre,29
sarere,29
ovare,29
unanima,29
giada,29
dure,29
spartito,29
capitato,29
oligopolistico,29
tjil,29
caricamento,29
pubblicheremo,29
baciaglio,29
arcigno,29
ripresentere,29
sfuggitare,29
origina,29
indicizzato,29
attizzare,29
gridano,29
clave,29
rialto,29
interrotre,29
ricondurrere,29
acacia,29
cupolone,29
venale,29
leggera,29
perdutola,29
trova,29
capzioso,29
arrivarono,29
palmierio,29
odone,29
organizzarono,29
faccione,29
pasticcione,29
ontario,29
bogogno,29
srie,29
accuratezza,29
candelora,29
sgretolamento,29
successa,29
bratislare,29
anisia,29
lainare,29
cascano,29
teda,29
erula,29
sceglia,29
imare,29
kayak,29
smaliziare,29
corporativistico,29
evito,29
rumiancare,29
umorista,29
villalago,29
assolre,29
detonazione,29
longare,29
yogurt,29
cabile,29
camita,29
altea,29
tifare,29
occupale,29
bassifondi,29
fenile,29
imbevuto,29
simbologia,29
bulla,29
schiaffeggiare,29
inre,29
peregrino,29
affollo,29
funo,29
predio,29
ambiguare,29
ponteranno,29
sbriciolare,29
imbellire,29
barocca,29
bielorussia,29
titanic,29
negra,29
catenina,29
aranci,29
ridiscussione,29
manterranno,29
ripiombare,29
aeratalare,29
allattare,29
collino,29
parolare,29
grattacapo,29
dianna,29
qualsia,29
operarono,29
paleso,29
carrelli,29
celiare,29
biamone,29
cascamo,29
sterrato,29
dormere,29
elidente,29
abbuone,29
contrai,29
arrosso,29
cadi,29
lebolo,29
sedilo,29
chiarina,29
civilizzazione,29
cappucci,29
spigoloso,29
renio,29
sorgo,29
porcare,29
montopolo,29
elettoralistica,29
condizionamenti,29
polizie,29
edvige,29
lemare,29
longino,29
vestere,29
collettiva,29
strio,29
maremoto,29
osala,29
plebiscire,29
arpione,29
casino,29
dimentichiamolare,29
silano,29
batare,29
guitto,29
codesto,29
piango,29
missoure,29
cocomero,29
tanatos,29
preesistenza,29
cimitile,29
pupo,29
trequarto,29
designer,29
spudoratamente,29
oltraggiare,29
nemolo,29
untore,29
baratta,29
punì,29
else,29
isteria,29
neviare,29
minacciò,29
degrada,29
amai,29
schematisma,29
aprila,29
idealista,29
impiccagione,29
plotino,29
imbuto,29
planare,29
eliana,29
maremmare,29
addiire,29
accodo,29
inquina,29
inespresso,29
vaiolo,29
strumentalità,29
piante,29
pasquare,29
stecca,29
bistrot,29
certezzare,29
annarita,29
rondare,29
andreano,29
piangono,29
save,29
cqil,29
lituano,29
filiera,29
reginaldo,29
irire,29
muoio,29
cerretano,29
islandese,29
danio,29
oleografico,29
grunk,29
crebberare,29
1noltre,29
patì,29
pilotaggio,29
gambaletto,29
tescon,29
pacchiare,29
taguan,29
bollito,29
muis,29
disintossicazione,29
fistola,29
attena,29
querceto,29
bisuschio,29
biandronno,29
mugliere,29
beviamo,29
focone,29
aquilone,29
faet,29
pierfilippo,29
uresta,29
ricondizionare,29
rundschau,28
ematoma,28
incisa,28
cotte,28
foltissima,28
bigliettao,28
colorito,28
eredito,28
dissertazione,28
affastellare,28
brandina,28
corico,28
spegna,28
intromettere,28
conglobare,28
partecipassero,28
scosse,28
trattengere,28
tipicità,28
elettrodotto,28
falangiste,28
smentite,28
sinché,28
busseto,28
universiade,28
guerresco,28
fissità,28
disio,28
nichel,28
consacra,28
riavvicinare,28
consolante,28
sonoramente,28
risagliere,28
ripropodere,28
richiamandoe,28
orfico,28
puledro,28
pianeggiante,28
famigliare,28
angosciato,28
tonnare,28
mussoliniano,28
ingiuste,28
essendovare,28
contengere,28
frusto,28
trattasi,28
inneschio,28
soverchiare,28
extrascolastico,28
putrido,28
rodino,28
passino,28
rimanare,28
inverre,28
fotofinish,28
quarzo,28
scappatoie,28
stockhausen,28
infangamente,28
technospes,28
callisto,28
assumevare,28
nicholson,28
sconvolta,28
carole,28
includare,28
episodica,28
incitamente,28
chiaucio,28
ricettare,28
impadronere,28
passe,28
gipo,28
airolo,28
telespettatoro,28
rufare,28
avendolo,28
storiella,28
disciogliere,28
interverrà,28
ancestrale,28
sarchio,28
lodigiare,28
carneficina,28
artificiere,28
abulia,28
salgere,28
lazzare,28
lievissimo,28
uneo,28
carabo,28
statuire,28
vaccinare,28
federalista,28
maraini,28
volevare,28
rifletterere,28
comportante,28
indubitabile,28
risalivare,28
magento,28
abilitante,28
paratifo,28
megalopolo,28
arsenio,28
sovvenzionato,28
dissennata,28
nerella,28
altman,28
patriarcato,28
sapevare,28
aeromobile,28
compromere,28
raccoglere,28
floricoltore,28
1848,28
alereo,28
purtuttavia,28
esplodare,28
armadietto,28
pacifica,28
incrocare,28
macellare,28
dovrò,28
revolver,28
squadracca,28
novantina,28
erich,28
espanso,28
reynolds,28
riceviamo,28
preneste,28
splendere,28
esalto,28
mazzolino,28
jefferson,28
malèe,28
neoavanguardia,28
venerazione,28
manfred,28
sbizzarrire,28
attribuiscare,28
richiederanno,28
riprendevare,28
colar,28
rovo,28
decelerazione,28
fatuo,28
ammoniscere,28
areazione,28
bistra,28
spera,28
irreprensibile,28
cordino,28
vespaio,28
tensionere,28
preistoria,28
nel1,28
macedonia,28
pietanza,28
arenoso,28
dispore,28
brigo,28
matura,28
sonnare,28
rassicurazione,28
effimere,28
ricordalo,28
amenza,28
guerro,28
raffinatore,28
aorta,28
bravissima,28
quattordicimila,28
anatra,28
novocino,28
immoto,28
operangere,28
avvalsi,28
loggetta,28
brancaleone,28
positivismo,28
definendolo,28
tetta,28
gentleman,28
informativa,28
ostentatamente,28
scopertare,28
creatosi,28
succube,28
intraprendenza,28
quieta,28
emergire,28
fittize,28
impiegere,28
nitrato,28
penzolano,28
abdus,28
riconducere,28
faido,28
barione,28
sfruttabile,28
carneo,28
chilowatt,28
arridere,28
testone,28
deferimento,28
cacce,28
liane,28
accademismo,28
impressionista,28
arricchito,28
beone,28
manierismo,28
tenendoso,28
polista,28
omere,28
trascorsa,28
lewis,28
ritrasmettere,28
down,28
comporto,28
arguzia,28
fanfara,28
dribblare,28
radiolina,28
appaiato,28
qualunquistici,28
bussolo,28
unici,28
faidare,28
avvenutere,28
anteguerra,28
giardare,28
illimitare,28
abbui,28
confezionamento,28
assorbere,28
lontro,28
nightclub,28
dolorante,28
scusanto,28
accattivare,28
ottorino,28
garanta,28
placca,28
dal',28
sadico,28
cicogna,28
aruba,28
bastassero,28
ialino,28
represso,28
proporzionare,28
catapultare,28
paternalistica,28
pesanto,28
leghare,28
dubino,28
pranzi,28
quattordicesima,28
persuaso,28
avulsi,28
dogli,28
tradiscere,28
cipollo,28
verdellino,28
dindon,28
antigienico,28
mimica,28
vacuità,28
fogo,28
soccorre,28
volpato,28
inclinato,28
reversione,28
uimec,28
barattole,28
nunziatura,28
falstaff,28
denigrare,28
naziste,28
imponga,28
sfrutta,28
medesima,28
suggestionare,28
impalcale,28
tornano,28
impacciato,28
pollaio,28
pombia,28
adegua,28
distintosi,28
vichiano,28
sporta,28
archetto,28
mucco,28
frequentante,28
legionare,28
stoma,28
ceduta,28
campionissimo,28
piissimo,28
infarina,28
taggia,28
rilevantissimo,28
scherzosamente,28
saturare,28
zuccherine,28
berillo,28
assocare,28
dispiegarsi,28
dritta,28
acconciare,28
bivacco,28
buddare,28
senzatetre,28
assemblearismo,28
sconsolante,28
ciprioti,28
infoltire,28
tardivare,28
spallo,28
correlato,28
ambivalenza,28
scioccare,28
cigliata,28
munta,28
freda,28
revanscisto,28
radi,28
soave,28
risonare,28
adeguire,28
peglio,28
eppur,28
iberare,28
fornisso,28
gerusalemme,28
inflativo,28
sgambetto,28
israelito,28
neocapitalismo,28
stana,28
prada,28
opinino,28
incocciare,28
madagascar,28
preme,28
corporeo,28
armenio,28
abete,28
sottomarina,28
nichelino,28
6500,28
organicamentere,28
smodato,28
ricopri,28
disterò,28
cambino,28
demagogo,28
stanca,28
scoprere,28
fotoreporter,28
indesiderato,28
avvisato,28
invitto,28
efficientissimo,28
impetuosamente,28
cimiteriale,28
saragozza,28
bantu,28
cazzo,28
abbiategrasso,28
accasa,28
compivare,28
sopprettere,28
fotogramma,28
olivare,28
reità,28
limpidezza,28
arrischiare,28
tirello,28
tremendamente,28
rasoi,28
militarizzare,28
valutato,28
agatina,28
rassetto,28
spedalità,28
infangare,28
giocabile,28
prompt,28
rossinie,28
innocue,28
venno,28
cgii,28
radiodiffusione,28
compera,28
riscontrere,28
vasino,28
incorso,28
svanitare,28
bandinella,28
indulgente,28
sugo,28
inossidabile,28
tristare,28
divertento,28
aulare,28
sagoma,28
aromatico,28
discuto,28
long,28
indotre,28
casirare,28
inoffensivo,28
valdiere,28
appresta,28
deludo,28
impersonale,28
dominicano,28
pilade,28
uditore,28
primogenito,28
rimosso,28
sbandieratore,28
botola,28
sintattico,28
ftalica,28
protrarrare,28
orde,28
abbuiale,28
gema,28
interbancario,28
gonfia,28
anilina,28
tettoia,28
occasiere,28
trino,28
dibattono,28
goloso,28
aortico,28
caritas,28
allago,28
decentemente,28
sentirere,28
antimilitarista,28
macchione,28
biomedico,28
fuggivere,28
anestetico,28
5910608,28
lucciola,28
eliminatore,28
pogno,28
torcia,28
temerario,28
monsiu,28
confinanto,28
lagnone,28
cacciatorpediniere,28
adunare,28
pattere,28
delibare,28
faust,28
sembro,28
tropo,28
fregane,28
faciloneria,28
mantenare,28
sfrontatezza,28
lamentale,28
metropolitana,28
guamano,28
enit,28
porgo,28
atone,28
numerasi,28
impositivo,28
vetturo,28
succeduta,28
atesino,28
bevono,28
nouveau,28
tamigi,28
tignale,28
calcagno,28
appartato,28
eminenza,28
negar,28
elleno,28
acqueae,28
affrontavare,28
biffa,28
cedrino,28
lombo,28
avoco,28
fanfaluca,28
ritorco,28
scappino,28
sottopagato,28
pareccare,28
dominica,28
pianosa,28
certame,28
emerse,28
nonne,28
paesone,28
anverso,28
profusa,28
molgora,28
dogale,28
perbene,28
stufe,28
rag',28
simultaneare,28
montiere,28
anzola,28
bandinellare,28
avita,28
cretto,28
cardiopatia,28
completato,28
urbanizzato,28
ungario,28
costrinsero,28
barcea,28
evira,28
pastor,28
funzionalmente,28
beano,28
adescare,28
siderurgica,28
cimiere,28
guevara,28
venia,28
banano,28
ingrao,28
stinto,28
nebraska,28
spendo,28
interna,28
voge,28
avvocare,28
smento,28
mediatamente,28
voghare,28
riere,28
docx,28
abusa,28
conciliatore,28
faura,28
rachele,28
sopraelevazione,28
gordona,28
gabrielo,28
iterazione,28
vancouver,28
appasta,28
reich,28
menfi,28
idere,28
pedace,28
coralmente,28
tantissima,28
everton,28
mandano,28
garantismo,28
cassar,28
blufi,28
pariolino,28
smamma,28
calanco,28
suire,28
frontone,28
piovine,28
pepo,28
nedda,28
concrea,28
petronilla,28
saro,28
pendo,28
scorpore,28
muise,28
sparpagliare,28
telemeccanico,28
pallina,28
enfatizzare,28
allenar,28
acerenza,28
convenziona,28
paterazzo,28
godrano,28
raggino,28
stadera,28
corvisiere,28
cartografico,28
righetti,28
ottaviana,28
salernare,28
berrettine,28
radicofano,28
frullone,28
rivestimente,28
ctac,28
ricapitalizzazione,28
aliscafi,28
441344,28
palleggiamento,27
ricordiamolo,27
legalitario,27
corra,27
fornivo,27
scenderanno,27
parlamenta,27
durere,27
testacoda,27
bordeaux,27
lanciatissimo,27
castronno,27
augere,27
terrapieno,27
tratgere,27
applauditissimo,27
sitsiemens,27
utica,27
prometeo,27
crocifisso,27
faticato,27
cerealicoltura,27
teletrasmettere,27
vicecomandante,27
alhep,27
nenni,27
prugnolo,27
giangiacomo,27
arcivescovile,27
petroniano,27
graziellare,27
intangibile,27
higgs,27
berlinguerre,27
impedirere,27
fascistico,27
apparsi,27
soldare,27
anaunia,27
draga,27
innegabilmente,27
discendenza,27
maierà,27
affluere,27
pasoliniano,27
vischioso,27
libidina,27
giungesse,27
allegrio,27
soprannaturale,27
moore,27
svantaggiato,27
autocratico,27
schivare,27
telero,27
assolato,27
uccisa,27
appula,27
lumaca,27
antenore,27
scoprirono,27
storte,27
pinare,27
condizionatorio,27
considera,27
accompagnavare,27
contraddistingere,27
protrarsi,27
bresciana,27
traendo,27
giullare,27
aziendalismo,27
insospettare,27
abita,27
temporeggiare,27
poliestere,27
collanina,27
plani,27
finanziarle,27
lgpl,27
sterro,27
saura,27
eufemisticamente,27
resterà,27
liberatrice,27
derubato,27
guaito,27
pomeridiana,27
collaborazionismo,27
cerchino,27
adagi,27
straripante,27
tollerabilità,27
grume,27
comprio,27
asciato,27
vivido,27
impressi,27
investe,27
manifesti,27
oscuramento,27
passerino,27
vesta,27
autoritratto,27
querciole,27
priverno,27
proseguivare,27
sparere,27
astema,27
concettualmente,27
sciupato,27
hamster,27
tarma,27
bistagno,27
inviata,27
tolosa,27
imperizia,27
affine,27
infila,27
cioccolato,27
teorema,27
ripetiamolo,27
consorteria,27
stesta,27
confar,27
rappresentalo,27
fissa,27
astice,27
crescare,27
sfrontare,27
edotto,27
detergente,27
astoria,27
appartamentino,27
imbarcato,27
podero,27
fraterne,27
marescialli,27
odere,27
fingire,27
giocoforza,27
dormare,27
shocco,27
altero,27
riel',27
ghiacciare,27
misconosciere,27
nozionistico,27
coincidevare,27
contrassegnato,27
cittadello,27
premuroso,27
vinta,27
vivevano,27
sperequare,27
cerile,27
grando,27
denunci,27
tait,27
pioltello,27
dedichere,27
vitellone,27
crescenzo,27
inchiesto,27
prona,27
pagante,27
tenebroso,27
burkina,27
astico,27
iowa,27
ruolino,27
riuscì,27
macché,27
laminario,27
assista,27
coltare,27
lanzada,27
becca,27
grossissimo,27
odoardo,27
armino,27
anciare,27
preclusivo,27
dinaro,27
incolonnare,27
dativa,27
sconfinato,27
manovro,27
retrocettere,27
rachela,27
commestibile,27
antispeculativo,27
discuteere,27
motiva,27
suggeritore,27
supercoppa,27
visualizzare,27
fuoriclare,27
nuota,27
inquisitorio,27
sessantottesco,27
fidelio,27
potenzia,27
originato,27
deprecato,27
tazio,27
determinatase,27
tazza,27
flessivo,27
ristreggere,27
idare,27
internamente,27
strino,27
alternavare,27
sorridenta,27
passionalità,27
trasgredire,27
papaio,27
aricciare,27
buratta,27
abboccare,27
monastir,27
unirà,27
agnosticismo,27
incertezzo,27
portaerei,27
otisre,27
ford',27
patologica,27
industrio,27
organizzala,27
alternano,27
supinamente,27
carrù,27
federai,27
cubismo,27
ammirevole,27
infettare,27
schiuma,27
siniscalco,27
avamposto,27
tribuire,27
recatosi,27
acuere,27
borlotte,27
filcams,27
avvilimento,27
divulgativare,27
ingentissima,27
porrebbero,27
ipco,27
diurna,27
programmatolo,27
bocciardo,27
volpi,27
accerchiamento,27
patrio,27
semplicissimo,27
ricostruì,27
distrutta,27
leano,27
parigare,27
sabare,27
paole,27
sergia,27
apecchio,27
ambente,27
vigorosa,27
capitombolo,27
ernestare,27
accaparramente,27
ostentato,27
forzosamente,27
dàla,27
cpdel,27
aneddotico,27
concludendere,27
svalutato,27
gergale,27
caute,27
comproprietario,27
teismo,27
estraibile,27
terracotta,27
peretta,27
pizzetto,27
regionalizzare,27
divaricante,27
flottiglia,27
circonda,27
carlazzo,27
valli,27
volge,27
natività,27
paludoso,27
possibilista,27
rompono,27
miane,27
fritto,27
bookmaker,27
barlume,27
sula,27
previ,27
ascialia,27
apparari,27
flaibare,27
sottolineandone,27
gnome,27
supertestimone,27
montefibre,27
quarant,27
anhoè,27
prorogabile,27
regna,27
belasso,27
cervina,27
favolistico,27
canceroso,27
ulvo,27
agatino,27
amplissimo,27
alletta,27
sermone,27
disincentivare,27
attestante,27
trentine,27
benino,27
rapace,27
sprazzo,27
disperde,27
favara,27
finì,27
cusino,27
riassestamento,27
movenza,27
rarefatto,27
stolta,27
beccucci,27
lavabile,27
nutra,27
benaccetto,27
indingere,27
assume,27
ampezzo,27
scanno,27
infilo,27
albarello,27
insoddisfattare,27
mestro,27
aldina,27
commediante,27
ribassato,27
spazzar,27
medire,27
dicente,27
nefandezza,27
mendicare,27
cerine,27
marmifero,27
login,27
orizzonti,27
redde,27
delegatile,27
passetto,27
casandrino,27
scenare,27
buddisto,27
fienile,27
circospezione,27
succitato,27
dolilo,27
grazio,27
altucci,27
burnus,27
reiteratamente,27
strettissima,27
bisognosi,27
bolzone,27
belemnito,27
bandono,27
meandro,27
riddare,27
adotta,27
supero,27
formarere,27
politologo,27
usco,27
aderivare,27
orlandone,27
accludere,27
escludano,27
cerealicola,27
posteggiato,27
bozzello,27
collodi,27
carialo,27
punico,27
erbare,27
nire,27
autonomio,27
ansar,27
3200,27
merlo,27
infiammare,27
aggiravare,27
innescato,27
spintone,27
incero,27
origliano,27
schiumogeno,27
presentassero,27
sostengare,27
affianco,27
censare,27
temporalesco,27
acquatico,27
frequenta,27
tardere,27
arae,27
giavellotto,27
fattorio,27
evidentissimo,27
decifrabile,27
ricarico,27
cite,27
ammaestrare,27
forcato,27
melissare,27
masseria,27
victor,27
avono,27
sorse,27
tuffa,27
cotile,27
celeberrimo,27
riservista,27
picnic,27
investigare,27
malefico,27
scrissero,27
crire,27
facto,27
jazzista,27
compact,27
discale,27
formatore,27
cristiare,27
bolgia,27
libre,27
deridere,27
boscoso,27
vallato,27
confutazione,27
reels,27
bizza,27
onnipotente,27
ragliare,27
registriamo,27
cagato,27
commessi,27
antibes,27
sensale,27
teclo,27
alliere,27
alimentira,27
laverao,27
amenti,27
bazzottare,27
ridur,27
motocross,27
piombantese,27
tersità,27
precipitato,27
divertito,27
menestrello,27
estasi,27
preziodere,27
smalterio,27
prosperano,27
offro,27
bergamotto,27
setere,27
bombolotte,27
franchirre,27
alcano,27
wagneriano,27
golare,27
struttivo,27
provocatone,27
conii,27
nepal,27
biografo,27
percepibile,27
motociclista,27
acta,27
accendino,27
consorella,27
proterva,27
furberia,27
resi,27
ceci,27
imitano,27
stivare,27
melaneo,27
diesele,27
sospettabile,27
tornio,27
sgombere,27
schiacciamento,27
cronometrico,27
amale,27
letterare,27
mugugno,27
sigma,27
intesi,27
aurano,27
risistemare,27
legao,27
semantico,27
buonarroto,27
badi,27
desulo,27
fontivegge,27
icapp,27
fotografa,27
paesana,27
semitappa,27
univo,27
margheritare,27
sentimentalismo,27
agitale,27
antine,27
archeologiare,27
impreca,27
viviare,27
sostituito,27
mrpp,27
scamiciare,27
impedito,27
dissente,27
residuare,27
galare,27
arnolfo,27
arduare,27
redazionere,27
complicatissimo,27
immunitario,27
giust,27
imbarbarimento,27
ragguae,27
arance,27
bellicone,27
ligneo,27
coli,27
procedo,27
salsa,27
anoiare,27
oggettiva,27
accorpamente,27
cuneese,27
sudo,27
elasticizzato,27
foppolo,27
malmenato,27
avigliare,27
cantinare,27
scabbia,27
mazzetta,27
fete,27
asinare,27
indi,27
snido,27
alvee,27
papino,27
scorciatoie,27
vergo,27
toscanello,27
cimateci,27
lebbre,27
bilanciò,27
assessorile,27
martine,27
selpa,27
presepe,27
uppio,27
duchessa,27
licire,27
inoccupazione,27
lancere,27
astena,27
cecotto,27
montecchio,27
atteggiamenti,27
vongola,27
riciclatore,27
gaviale,27
garzolo,27
criminalizzare,27
sannicandro,27
aversare,27
fogliare,27
corion,27
tcdd,27
amarmela,27
sims,27
schleyer,27
mogia,26
enrica,26
ritardatare,26
inviso,26
ladislao,26
stimolira,26
conviene,26
estromesso,26
frasco,26
colpevolmente,26
eriberto,26
ravennato,26
imprime,26
incarnazione,26
ideologismo,26
fairphone,26
decido,26
elucubrazione,26
iltonvere,26
vigoria,26
torvaianico,26
equestro,26
anticrittogamico,26
compietare,26
ambeduo,26
geddo,26
carena,26
prega,26
marilù,26
assommano,26
haitiano,26
smascheramento,26
longa,26
censurabile,26
lissone,26
pacione,26
lascerebbero,26
rigurgire,26
connivente,26
ottengare,26
glorio,26
triviai,26
stupende,26
colma,26
saettare,26
enpals,26
ballatoio,26
supplere,26
ipocrito,26
telecronaco,26
scorio,26
appure,26
bogo,26
maldestramente,26
surrogato,26
eban,26
lirare,26
prosegui,26
fluidità,26
irreversibilmente,26
inaco,26
hoffenheim,26
appassionata,26
orsetto,26
budrio,26
refettorio,26
soggettivamente,26
rimarchevole,26
vinicola,26
coarre,26
continental,26
pellizzare,26
alberino,26
inorganico,26
gabellare,26
nordamericana,26
ambrosini,26
rotale,26
affermandoso,26
solistico,26
diseguale,26
trincee,26
discernere,26
fornita,26
medoro,26
crepare,26
accaparratore,26
egualitarismo,26
volessimo,26
esperia,26
quintino,26
campeggia,26
macigno,26
aizza,26
diffide,26
rampe,26
cisi,26
tarnoso,26
sanguinosamente,26
imperlale,26
obbiettività,26
azzeramento,26
roulotto,26
pallo,26
cavalleria,26
rincontrare,26
ammiccante,26
boito,26
impure,26
compiaciuto,26
anemio,26
fascere,26
vicinare,26
perquisito,26
organista,26
riapparire,26
astrattismo,26
porrebbe,26
smanioso,26
scavalco,26
stewart,26
borneo,26
volendo,26
rose,26
messianico,26
inidoneità,26
sbigottire,26
intensifico,26
palpitante,26
sopraffattore,26
formosa,26
ordito,26
polsi,26
aronare,26
trapezio,26
cassaforta,26
saturnino,26
saltatore,26
infortunistico,26
orchestre,26
riscoprere,26
antey,26
bituminoso,26
andana,26
scoppola,26
tillia,26
dispor,26
audino,26
luana,26
pueblo,26
campateli,26
ivo',26
piova,26
bucalo,26
ingegnerio,26
playboy,26
assolutismo,26
dolciume,26
edita,26
disconoscimento,26
filmore,26
trasferte,26
fendare,26
genzano,26
robertino,26
scoprare,26
commista,26
raccattare,26
infelicità,26
auditorio,26
dune,26
incondizionatamente,26
frivolo,26
mosfilm,26
barolo,26
biliare,26
borsare,26
freatico,26
segnaliare,26
silvo,26
cervere,26
applica,26
tarzo,26
comino,26
antidemocratica,26
sulo,26
malaria,26
giustizialista,26
manterere,26
tambre,26
pietroburgo,26
rossiniano,26
stars,26
ambientato,26
cronologicamente,26
diliberto,26
inviolare,26
anvad,26
gerarco,26
direttone,26
suicido,26
serge,26
partirono,26
microorganismo,26
faoe,26
scii,26
riflettevare,26
manesca,26
discreditare,26
abortì,26
vietcong,26
somigliante,26
lesina,26
gennarare,26
lottavare,26
crivellato,26
stufire,26
mendosa,26
poirino,26
opprime,26
scongere,26
rivelatosi,26
igneo,26
consoli,26
conquigsiere,26
inasprere,26
sorreggono,26
sfracellare,26
vipiteno,26
deee,26
ammanettato,26
sensare,26
callista,26
anticapitalismo,26
barde,26
comandanto,26
divengano,26
liare,26
fondatamente,26
gabbase,26
spinere,26
uscir,26
vuoti,26
vivacchiare,26
adatta,26
accumulatore,26
almenno,26
per',26
dualità,26
magnolia,26
investimene,26
antirecessivo,26
militari,26
mentalmente,26
inaccettabilità,26
diligentemente,26
uccellino,26
incentre,26
ciuccio,26
universal,26
odessa,26
accorgare,26
franchistare,26
confesercento,26
delicatissima,26
ritengere,26
inferriare,26
fustino,26
intervenissero,26
delon,26
complico,26
congrega,26
spiegata,26
tempare,26
consigliera,26
amaco,26
tomento,26
giace,26
notes,26
capriole,26
contribuii,26
congrue,26
reclamizzato,26
trasformandoso,26
bergolo,26
tonificare,26
prolo,26
invocato,26
loren,26
vittoriosi,26
adegualo,26
esclusivista,26
izzo,26
roselo,26
montefranco,26
benevolmente,26
assaetto,26
avutosi,26
alfabeto,26
ripugnanza,26
pagatore,26
orbassare,26
poche,26
spogliatoi,26
propoarr,26
assoce,26
terminazione,26
bonassola,26
borraccia,26
calderona,26
disintossicare,26
dentato,26
alludare,26
triangolazione,26
spaventato,26
fortilizio,26
impressionato,26
riscrivere,26
indigene,26
fiumare,26
molestare,26
raffreddore,26
specificira,26
mulina,26
capofitto,26
pavesare,26
accorrevare,26
milenare,26
mimare,26
liberistico,26
obbedere,26
amanda,26
sios,26
vediamo,26
capillarità,26
jones,26
intima,26
sradicamento,26
miopo,26
furbescamente,26
repentinamente,26
gratifica,26
uffa,26
olgo,26
sporadicamente,26
predicatore,26
impasta,26
astratta,26
ripubblicare,26
dissolgere,26
arme,26
ragusano,26
asprere,26
superstire,26
anito,26
catastrofismo,26
oligopole,26
reggiani,26
parlamentar,26
imitativo,26
agarico,26
pamelare,26
accula,26
yves,26
scopritore,26
incontrollata,26
chiamandolo,26
cannello,26
fnom,26
comporta,26
sacchetti,26
viottolo,26
previa,26
accenne,26
adduttore,26
costumista,26
orinazione,26
melzo,26
cialdino,26
tempestiva,26
bastiglia,26
taccio,26
bersagliero,26
theodorakis,26
mondine,26
locrare,26
pregna,26
goder,26
darebberare,26
goduto,26
assordante,26
francescani,26
autostop,26
commissare,26
zucca,26
irrequieto,26
arsione,26
promotrice,26
ignoro,26
delezione,26
capraio,26
raffinata,26
parsi,26
giramento,26
massaio,26
stilema,26
mecco,26
eliodoro,26
farraginosità,26
guardiola,26
accessibilità,26
sostituendolo,26
umiliato,26
gano,26
arene,26
calzolai,26
checché,26
sultano,26
ozello,26
simbioso,26
contraento,26
involare,26
pionieristico,26
appaltatrici,26
transfert,26
arterio,26
autorizzo,26
cintare,26
cannes,26
echeverria,26
irriguare,26
pancaliero,26
spiacevolo,26
intesta,26
indicalo,26
saccarifera,26
girata,26
contrastata,26
imponevare,26
accresciutere,26
inflivere,26
fotoelettrica,26
arrangiamento,26
morazzone,26
water,26
funesta,26
sferisterio,26
accintare,26
neutra,26
prenatale,26
1250,26
sorsero,26
fiaccai,26
valentiare,26
camper,26
bendale,26
antigone,26
contesta,26
carogno,26
concretezzare,26
stufo,26
allineo,26
ritengano,26
boriale,26
marcantonio,26
coordina,26
saldatore,26
prorogato,26
esale,26
missibile,26
strategicamente,26
orsine,26
snob,26
arrolare,26
dileggio,26
metall,26
migrato,26
tergiversare,26
azzurra,26
epilettico,26
avanzala,26
asproe,26
tastiera,26
tvardovskij,26
girato,26
spilamberto,26
ripondere,26
arroventare,26
montacarico,26
guccio,26
feriamo,26
bottiglione,26
subbuglio,26
consolido,26
argentine,26
carcerariare,26
cosentina,26
mutageno,26
rimarco,26
sanfrè,26
spericolare,26
egadi,26
desumibile,26
ciompio,26
comprendire,26
aste,26
scisma,26
sospensiva,26
avente,26
stringato,26
lanciatico,26
gignese,26
canzonetta,26
sestino,26
gladio,26
moralizzatrice,26
flaviano,26
ferraio,26
alpette,26
aringa,26
libra,26
meteorologia,26
vudu,26
barzelletta,26
intrusione,26
alberigo,26
giovamo,26
mirna,26
fondala,26
bellare,26
tombolo,26
ediliziare,26
cigliare,26
tarvisio,26
ventisette,26
colana,26
cultuale,26
reperibilità,26
capotto,26
sulaimo,26
stiletto,26
arriba,26
bollire,26
tosi,26
gassare,26
sconsiderare,26
constatato,26
regionere,26
orda,26
rappresentamo,26
ardentemente,26
antistanto,26
larare,26
vialetto,26
sorrentinare,26
aurare,26
giacominio,26
iemale,26
vanvitello,26
filmetto,26
transistor,26
allei,26
accertano,26
demagogica,26
capellino,26
prosare,26
ammale,26
fracasso,26
detectivo,26
gauss,26
veltro,26
sfondato,26
vallario,26
intercambiabilità,26
mistral,26
recitativo,26
,26
ademaro,26
mensare,26
scorza,26
separate,26
appone,26
bordino,26
giunone,26
esa',26
uscano,26
assialmente,26
ugando,26
federalo,26
terrebbe,26
pulitura,26
passio,26
cumulabile,26
braciero,26
moggio,26
assago,26
componentistica,26
fapla,26
periele,26
aerar,26
bernard,26
scorsi,26
agriturismo,26
orbino,26
mazzarrone,26
osato,26
pisello,26
epicardo,26
bronzino,26
morde,26
statte,26
potreto,26
cutigliano,26
vantaggiosissimo,26
trasaghis,26
forteto,26
tutine,26
ginecologa,26
azzera,26
balestrerò,26
fluminimaggiore,26
fuorigrotta,26
saom,26
decompone,26
cupertino,25
orango,25
incoraggiamente,25
burago,25
chinaglia,25
segnalavare,25
finista,25
scuso,25
pervenne,25
imboccato,25
interruttore,25
conseguibile,25
deconcentrare,25
spiovere,25
cenerentolare,25
icona,25
quinta,25
immetto,25
confratello,25
compromettire,25
lezio,25
binda,25
abituo,25
impedari,25
rifluire,25
ibernare,25
cducsu,25
sficgil,25
anormalità,25
civilissimo,25
beassi,25
abbai,25
atroco,25
autovox,25
invadente,25
evasa,25
interlocutoria,25
insorte,25
viglio,25
biasimare,25
dolcemente,25
moscovita,25
ospita,25
parlavo,25
matricolare,25
inarco,25
canonica,25
sabinare,25
dissimulare,25
antere,25
zeffirello,25
espulsi,25
verticalmente,25
riunitendere,25
batterico,25
profilato,25
serpo,25
aorto,25
camuffato,25
arcigna,25
ci8l,25
positiva,25
arserio,25
schneider,25
ammorbidimento,25
negus,25
extracomunitare,25
socialiste,25
tolde,25
nomentano,25
dcpsdi,25
viete,25
dogo,25
autofurgone,25
stevire,25
pappa,25
cervellotico,25
arrere,25
sottraggare,25
informo,25
tortello,25
squarcina,25
capriccioso,25
formatosi,25
opio,25
alterato,25
corrode,25
avvinto,25
dispiace,25
occhino,25
morbosità,25
sanguinosa,25
alatolo,25
mostrere,25
borgomastro,25
etnologico,25
copriletto,25
telefonista,25
quintare,25
entralo,25
splendente,25
copre,25
vaste,25
crinale,25
mitragliare,25
scambia,25
parcheggiato,25
geriatrico,25
terminalo,25
honecker,25
lecchese,25
conclamare,25
vocalità,25
élita,25
fuoruscita,25
coltivo,25
propalare,25
dichiarere,25
risentere,25
sbuca,25
interrogante,25
monetarre,25
ricompore,25
celesta,25
padroneggiare,25
frigodaunia,25
cgilrcisl,25
udente,25
attenda,25
rendendolare,25
tiepolo,25
appannato,25
celebrità,25
preservazione,25
disponevare,25
pittorice,25
antiunitare,25
classicissima,25
criterium,25
allocco,25
tran,25
edicolo,25
cambia,25
uruguayare,25
bisanzio,25
documentaristico,25
lussazione,25
esplodente,25
residua,25
impedirglio,25
repere,25
alteo,25
velino,25
divenuti,25
umanizzare,25
luano,25
ruolare,25
emmental,25
deferenza,25
casacco,25
maenza,25
lombardare,25
segnere,25
berono,25
frignone,25
incallito,25
liete,25
attribuivare,25
pergamena,25
agirt,25
invire,25
sazio,25
graffita,25
telegraficamente,25
bisonte,25
realizzalo,25
mansarda,25
compone,25
semiotico,25
lava,25
corsivista,25
aima,25
cream,25
ambassada,25
denigratore,25
sovvenzionamento,25
indigente,25
terrone,25
insorgente,25
approssimato,25
elettromagnetico,25
massacra,25
tanca,25
edema,25
amosre,25
saudiano,25
fondino,25
ridile,25
disaccordi,25
ammontere,25
aldeno,25
irlandare,25
prescindare,25
ivonne,25
riavviare,25
teorizza,25
gruzzolo,25
ferirere,25
francofortere,25
madamo,25
trentasetto,25
inquadramente,25
rambaldo,25
cinquantennio,25
ligurare,25
cavale,25
anticomuniste,25
giovedìre,25
riposgere,25
senatrico,25
cesenato,25
ridistribuire,25
tannine,25
confermavare,25
casarolo,25
salatissimo,25
pante,25
egiziane,25
corrisponderebbe,25
accentratrice,25
pizzale,25
nikon,25
signare,25
essile,25
nedere,25
turbine,25
gioielliero,25
isterilire,25
aprir,25
taiga,25
morano,25
pillare,25
ragionalo,25
colonialistico,25
sapessero,25
movimenta,25
dianella,25
protese,25
spalre,25
incoronare,25
traggire,25
impacci,25
straccione,25
recai,25
parlino,25
pinot,25
modus,25
agronomo,25
squadristo,25
plenaria,25
rivalutato,25
eclissa,25
contraerea,25
primissime,25
acquistere,25
allieto,25
leninisto,25
presenteranno,25
carre,25
agendo,25
stinco,25
facendoli,25
rilevòre,25
gioii,25
rocchella,25
dammi,25
medicato,25
aradeo,25
zari,25
divoratore,25
concertatore,25
mortara,25
alaco,25
vicentine,25
nettissimo,25
inoperanto,25
macerato,25
compilatore,25
accettarere,25
locomotiva,25
torpedone,25
cubico,25
biore,25
inglorioso,25
tacire,25
parallelere,25
lunumba,25
estorsivo,25
grava,25
sessantadue,25
onerosità,25
ornata,25
spiragli,25
chiatta,25
buere,25
eolino,25
giudizioso,25
ambra,25
tradere,25
maggiorana,25
capellone,25
gallico,25
remissivo,25
emulo,25
gliere,25
giornalistica,25
pampa,25
samaritano,25
depredare,25
soggiogare,25
slamre,25
belice,25
elvia,25
trovi,25
giacarta,25
nordafricano,25
fatalistico,25
cooperato,25
senilità,25
dubire,25
ufficia,25
millantato,25
qcesto,25
cuccureddure,25
robe,25
gestaccio,25
folata,25
sveglio,25
cassiare,25
acquario,25
indago,25
incurio,25
differibile,25
conservierare,25
intelligence,25
tirolese,25
rivelarere,25
tempora,25
grattare,25
imbrogliare,25
avettere,25
favorere,25
losca,25
utilitaristico,25
fugar,25
marciapiedi,25
camporeale,25
della',25
raffigurante,25
nula,25
guastavano,25
sandolino,25
aperitivo,25
stupendamente,25
firmamento,25
prostrazione,25
programmo,25
lascialo,25
contingire,25
cessala,25
dissacrazione,25
audaco,25
littorio,25
correlativo,25
ureo,25
irrigato,25
forcare,25
bellore,25
contrattaccare,25
sovrapposto,25
mutualisote,25
picchettano,25
metafisica,25
prosegua,25
immatricolare,25
wafa,25
protraere,25
siroe,25
umilmente,25
ileana,25
lontana,25
filottrare,25
stanghella,25
pretta,25
persuasi,25
prorompente,25
sortare,25
invim,25
ammainato,25
disconore,25
cinghio,25
preistorio,25
deducibile,25
proficua,25
mancinare,25
soncino,25
ricordandolo,25
ammarare,25
allarma,25
situatone,25
friulani,25
allodola,25
epistolare,25
ambi,25
filmografia,25
rintanare,25
benita,25
defilippis,25
canaletto,25
annoi,25
calandro,25
prezzare,25
pierina,25
frecciare,25
megafone,25
cividale,25
decantato,25
industrialo,25
naturalizzato,25
dolorosi,25
mascellare,25
ritualità,25
lamio,25
preoccupi,25
anafora,25
imputata,25
dracena,25
onero,25
montereale,25
dedichare,25
illecire,25
scandinavia,25
corruccio,25
fecondarre,25
parcellizzare,25
sfrontato,25
politi,25
infiammazione,25
idrografico,25
avvolre,25
fibre,25
putin,25
brand,25
trotzkista,25
imbroglo,25
ascito,25
aspa,25
grezza,25
frasario,25
uzzo,25
cooperative,25
climatizzazione,25
linguista,25
dcii',25
amicar,25
castigliano,25
vichio,25
crear,25
vetusta,25
tamara,25
arduino,25
scorsa,25
bragotto,25
stiento,25
pecorino,25
loti,25
prendessero,25
nealà,25
presa',25
unifamiliare,25
guspinese,25
irrevocabilmente,25
nauru,25
anticipatrice,25
costituitase,25
itc',25
pantare,25
rea',25
incuneare,25
quadruplicare,25
arrivale,25
sopraintendenza,25
sopportabilità,25
mozartiano,25
recore,25
bering,25
lontane,25
laicale,25
nagasaki,25
zatterone,25
espandare,25
naufragato,25
allodo,25
alcolico,25
posante,25
ciaccone,25
decretazione,25
centinaiare,25
atlanta,25
tosca,25
umico,25
murato,25
coronarico,25
torsione,25
cretino,25
esterre,25
abbonaccio,25
cecoslovacca,25
incisivamente,25
alettone,25
chioma,25
dimensionamento,25
erere,25
accordano,25
eleggire,25
intollerabilità,25
montefano,25
distaccamente,25
pomarance,25
imbevere,25
antiabortista,25
cangiare,25
turrito,25
frequento,25
lancinante,25
correvare,25
cercatale,25
groppone,25
cifro,25
monzeso,25
conserviera,25
svolere,25
comprendiare,25
angosciante,25
ordinata,25
emolo,25
dibattutare,25
psd1,25
montessore,25
risuscitare,25
intervallare,25
amenziale,25
assolute,25
robespierre,25
opprimo,25
esatta,25
guicciardino,25
usurpazione,25
sfuggento,25
travagliata,25
consentirere,25
gronde,25
riunitiso,25
litura,25
giardinaggio,25
numismatica,25
diffonde,25
passatore,25
amente,25
vaccare,25
apotema,25
attesissimo,25
dicendogli,25
mazarare,25
fotovoltaico,25
magonza,25
nolente,25
rivirre,25
casato,25
inope,25
inghippo,25
sofferenze,25
mobilitino,25
ozono,25
determinatidere,25
pagalo,25
trimestro,25
gambetto,25
sintomatologia,25
asseverino,25
conciale,25
zume,25
ortopedia,25
guattero,25
zolla,25
maurilio,25
gromma,25
abbreviazione,25
inabilità,25
riccarda,25
impuro,25
orvietare,25
sfiduciato,25
pianino,25
patinato,25
tette,25
accere,25
armarglio,25
incerta,25
peligni,25
necessari,25
ferraiole,25
yoga,25
monocoltura,25
atterro,25
acculare,25
peppare,25
eagat,25
pressappochismo,25
pariga,25
torrone,25
maoisto,25
estivai,25
online,25
stracolma,25
sardine,25
purtuttaviare,25
cotere,25
acquacoltura,25
gasso,25
baker,25
elettoralismo,25
stirare,25
sposso,25
olezza,25
irenza,25
ghibellina,25
ricollocazione,25
taccare,25
compii,25
pois,25
carenno,25
vola,25
iniziata,25
erpico,25
pluriomicida,25
nicolinare,25
sommira,25
villanesca,25
sinnao,25
mummia,25
buggerru,25
sponsale,25
becera,25
tari,25
silverstone,25
troiano,25
nazzareno,25
perda,25
monocratico,25
rasatura,25
tombola,25
talentaccio,25
cardigan,25
fidi,25
cgia,25
orlale,25
opinato,25
mornese,25
carluccio,25
autiero,25
temilo,25
maurino,25
nuociere,25
coni,25
moriva,25
discount,25
corsara,25
sedis,25
abbone,25
narnese,25
ginecologi,25
gavorrare,25
matec,25
penepiano,25
rubartare,25
inrf,25
zampirone,25
begin,25
faustino,24
centocinquantamila,24
2100,24
neofascisti,24
caritativo,24
rozzare,24
sportivamente,24
consegue,24
diffidere,24
insemine,24
liberalità,24
sottoproletario,24
flan,24
random,24
1873,24
bigiare,24
atterrire,24
fidanzamento,24
genica,24
negrare,24
orfanotrofio,24
preallarme,24
predestinato,24
denunciarere,24
fossano,24
bavaglio,24
sinfonica,24
corteggiare,24
succubi,24
scioglia,24
montcdison,24
conclusero,24
onerre,24
sensualità,24
aure,24
copta,24
ritrovavare,24
sciame,24
sedurre,24
durò,24
lancillotto,24
-'75,24
mielosa,24
slovacco,24
abbuono,24
gioitale,24
correttezzare,24
esaspera,24
haaretz,24
danneggere,24
losey,24
agrumario,24
aggradae,24
tokio,24
cesana,24
decrescere,24
possedire,24
interregno,24
ghiacciato,24
incappucciare,24
serenissima,24
usciero,24
vessel,24
sparì,24
accidentato,24
esportatrico,24
inastare,24
incalzano,24
grandinato,24
figurere,24
sherlock,24
caprese,24
chiaroscuro,24
slanciare,24
gottare,24
generate,24
frappone,24
probatorio,24
permettessero,24
duellar,24
aquilonia,24
intitolato,24
metraggio,24
sopratuvere,24
scandaglio,24
corteccia,24
soddisfacere,24
fattoso,24
originalissimo,24
polivalenza,24
vacuo,24
midio,24
nienti,24
chioso,24
wurttemberg,24
delimitano,24
oriure,24
semplicistica,24
capovolre,24
sommamente,24
psicanalista,24
pasticca,24
azzurrabile,24
geany,24
travere,24
protettire,24
esaurisce,24
denunciamo,24
accorre,24
leffe,24
orafa,24
alieni,24
mafiosi,24
pietosamente,24
infergere,24
detentrice,24
beneficiato,24
deflagrare,24
riesploso,24
trafugamento,24
tripudio,24
cazzotto,24
palizzi,24
stale,24
serbare,24
foster,24
dispongare,24
equa,24
films,24
facendoge,24
difformi,24
leopardiano,24
magistere,24
darei,24
ubico,24
ventimilare,24
seppellimento,24
votavare,24
itaco,24
vitro,24
trovale,24
succinto,24
balestriere,24
inetta,24
prenota,24
marescialle,24
direbbero,24
ovattare,24
laere,24
domizia,24
cloud,24
concordante,24
apuana,24
privalo,24
ferrea,24
compardere,24
vantaggiosi,24
massimamente,24
primogenitura,24
settecencere,24
capuare,24
teff,24
parecchia,24
tardone,24
stramazzare,24
inalo,24
unendoso,24
rimpinguare,24
bancoposta,24
caverna,24
versanto,24
solferino,24
eludire,24
movimentata,24
simposo,24
chiariscano,24
bimi,24
viare,24
scrivemmo,24
montanaro,24
lisbono,24
orrere,24
agata,24
torrijos,24
salamre,24
santini,24
disattento,24
intraprende,24
ervere,24
mercé,24
lanterna,24
disponevano,24
cambiavare,24
correntista,24
padanare,24
costruiscare,24
castani,24
costituitidere,24
fantastica,24
germinale,24
arsura,24
polese,24
sgabello,24
pallini,24
abbasso,24
quadre,24
dylan,24
assistevare,24
veronico,24
walt,24
amasso,24
ladoratore,24
epistemologia,24
tunisare,24
liquefatto,24
sfregio,24
clavicembalo,24
giustina,24
imprimare,24
coinvolge,24
tornente,24
gosaldo,24
stonale,24
gioiellerio,24
colturare,24
cochabamba,24
atoma,24
sfuso,24
primi,24
ottennero,24
tutelato,24
talpa,24
praticavare,24
capilo,24
esbore,24
spruzzo,24
scorbutico,24
schematizzazione,24
sumo,24
congestiona,24
concentro,24
servissero,24
stratificare,24
erudizione,24
cartotecnico,24
malevolo,24
riviere,24
magre,24
tenendolo,24
preoccupandoso,24
demeritare,24
presentala,24
spaziaco,24
domandi,24
sacerdotale,24
anglicano,24
olie,24
interfederale,24
lucina,24
castrazione,24
xenofobia,24
austera,24
predeterminazione,24
marsiglio,24
roseola,24
naviga,24
vedovare,24
fioraio,24
autoctone,24
borlotti,24
declaratoria,24
protestatario,24
dispotismo,24
latro,24
sovrappiù,24
abitale,24
farcitala,24
esatte,24
ripropostere,24
disinformare,24
svizzere,24
caldero,24
aprica,24
obelisco,24
sonorare,24
pregiudicherebbe,24
attire,24
erse,24
guadalupere,24
circolatorio,24
face,24
tropico,24
dovevo,24
pensionata,24
sondere,24
comprendevare,24
quincio,24
opererare,24
del'o,24
cebire,24
arrestalo,24
pela,24
ulire,24
naturalistice,24
postere,24
voluttuare,24
bagarino,24
inarca,24
forzamento,24
giornalao,24
inviatagli,24
ismaele,24
ondine,24
imprevedibilità,24
circoscritte,24
rotare,24
luigia,24
porse,24
costituitone,24
motorista,24
dirare,24
fuggito,24
destreggiare,24
forcella,24
raffo,24
quarantuno,24
bogaro,24
polesano,24
ferriera,24
sudista,24
agency,24
dogar,24
rovinosamente,24
elegantemente,24
anversa,24
ricevettero,24
festone,24
renaud,24
inde,24
precipizio,24
difendevare,24
taverna,24
savoio,24
fintare,24
codino,24
farmacologia,24
provocalo,24
catacomba,24
conculcare,24
cipriote,24
-'69,24
metteranno,24
tonico,24
annunciatore,24
dottorato,24
cosmonave,24
queen,24
economie,24
uccisere,24
voglioso,24
aleso,24
raggiungevare,24
silvestre,24
allorio,24
vicebrigadiere,24
sovieticare,24
borore,24
documentabile,24
ventottenne,24
equare,24
impaglia,24
nutrimento,24
giudicandola,24
avariato,24
troiai,24
trevare,24
estato,24
nocumento,24
sdegnosamente,24
cagliaritanare,24
predetta,24
tavoletta,24
faraone,24
omnia,24
rischiarare,24
spegno,24
inginocchiare,24
panellenico,24
asseto,24
saetta,24
vittoriano,24
irino,24
boccare,24
improponibilità,24
remotare,24
militarizzato,24
strapazzare,24
jwst,24
interlocutrice,24
dostoevske,24
impalpabile,24
notano,24
tintura,24
stamanere,24
sperimentalmente,24
costruttività,24
periodizzazione,24
restauratrice,24
perderebbero,24
oncologico,24
adendoto,24
disboscamento,24
finii,24
aggiustamente,24
generai,24
minie,24
inni,24
prostituire,24
lessicale,24
souvenir,24
adolfa,24
parlaio,24
oore,24
riunitasare,24
attendista,24
loggere,24
trasformere,24
partirere,24
scuotare,24
mitterrandiano,24
mezz'o,24
tubolare,24
cozzato,24
pomario,24
juventina,24
lamporecchio,24
aggiungereo,24
tumultuosa,24
alberese,24
martiniano,24
accadano,24
esteriormente,24
procederà,24
ereditiera,24
gleba,24
farci,24
centrosettentrionale,24
scostare,24
scoordinare,24
moscone,24
contrapponge,24
forde,24
malasorte,24
faunistica,24
neurochirurgia,24
inconfessabile,24
amae,24
bellocci,24
cobrare,24
monocultura,24
plaid,24
prescelgere,24
chele,24
zebio,24
gommone,24
ducati,24
bolzare,24
debolissimo,24
benfatto,24
giacoma,24
abbordare,24
litania,24
raccoglitore,24
pentire,24
epilessia,24
footing,24
castellinare,24
collider,24
elevi,24
dracopulos,24
lobby,24
manicomi,24
servico,24
garantivare,24
precordiale,24
alacrità,24
hardy,24
attagliare,24
hobbit,24
accantonamenti,24
condimento,24
sedico,24
bataccare,24
vetrario,24
bieca,24
contropartite,24
insiema,24
chions,24
chiocciola,24
ricevimente,24
cervino,24
morfologia,24
strizzare,24
conoide,24
curanto,24
riaprare,24
polacca,24
squadriglia,24
ragionala,24
anticipi,24
applichare,24
contrattualistico,24
sfoltimento,24
raion,24
modificativo,24
statalizzazione,24
procacciatore,24
fedelissimo,24
possedevare,24
marchesa,24
tunidere,24
kirk,24
comacchio,24
ribollente,24
modice,24
esaurientemente,24
sedimentazione,24
punzonatura,24
ischemia,24
michelangiolesco,24
piastra,24
brunetti,24
astenure,24
balera,24
teledramma,24
ginepro,24
verniciaturo,24
trentunesimo,24
viarv,24
chieve,24
soverchio,24
scrutinare,24
lippa,24
buongustao,24
coese,24
differita,24
eristico,24
infere,24
rdpc,24
richardson,24
mecenate,24
transennare,24
fondina,24
carota,24
trengere,24
tung,24
affiancato,24
rimordo,24
approntato,24
eleo,24
asociale,24
spariscono,24
magnificamente,24
proporrà,24
favolosa,24
veterinaria,24
frenatura,24
sopprime,24
custodito,24
gazzetto,24
manale,24
assegnatario,24
erge,24
galero,24
arci,24
sopraggiunto,24
lavazza,24
ossario,24
olire,24
metrò,24
danilare,24
canorità,24
vetrerio,24
resistire,24
prestabilire,24
agiografia,24
lardinore,24
polietilene,24
nocera,24
suardi,24
ipad,24
puntura,24
pesavare,24
alita,24
navigabile,24
ennese,24
tortare,24
inalazione,24
massimalista,24
esare,24
caimano,24
materialità,24
labilità,24
funziona,24
carnierare,24
pistoio,24
simulato,24
zana,24
grisùo,24
gridando,24
accompagna,24
atterre,24
chitarro,24
esplicita,24
travalico,24
ventilazione,24
argilloso,24
calcia,24
acquifero,24
glaciale,24
spander,24
puzza,24
sonatore,24
stampatore,24
bolognano,24
hampshire,24
dovrai,24
ossei,24
erodo,24
sagre,24
spoletto,24
ugolino,24
aspi,24
attuo,24
stoppa,24
tavarnuzza,24
vivisezione,24
foulard,24
avornello,24
preselezione,24
garfield,24
pasquetta,24
sciatto,24
volitivo,24
politare,24
copio,24
analiticamente,24
staccio,24
tintore,24
dicace,24
platino,24
medo,24
ugge,24
uzza,24
conre,24
trilla,24
testina,24
viticolo,24
tacchino,24
clavo,24
flna,24
ama',24
abbatture,24
idealare,24
ical,24
sindacati,24
censito,24
sponsorizzazione,24
ignorale,24
ulss,24
tramontano,24
ilena,24
procopio,24
riapre,24
patato,24
ramalo,24
ursd,24
tovagliolo,24
ungi,24
utilizzere,24
oleodinamico,24
inie,24
ideologica,24
ammaini,24
pescante,24
semenza,24
onciale,24
torear,24
turreno,24
ascom,24
scip,24
arcevia,24
urinaria,24
cangiaco,24
gundelach,24
ristorazione,24
carbosulcis,24
chien,24
splendor,24
gerulaitis,24
esau,24
saum,24
imsa,24
deutschland,23
nicotina,23
cripta,23
libio,23
settecentomilo,23
portinaio,23
plebo,23
peregrinazione,23
subi,23
cernere,23
dpr',23
bresciao,23
rubini,23
cronistoria,23
vilfredere,23
regi,23
effimerare,23
difesi,23
genovendere,23
affardello,23
inviarere,23
esausta,23
compitare,23
lontanissimo,23
perdutolo,23
testimoniale,23
carierò,23
struzzo,23
gaulla,23
belale,23
colgiro,23
canute,23
scampagnata,23
dosato,23
charlton,23
manzù,23
pavido,23
basteranno,23
azionala,23
cosparrere,23
imbianchino,23
ortengere,23
millesimo,23
affe,23
indostan,23
kibbutz,23
cernire,23
affianchere,23
becere,23
nathan,23
clientelo,23
crucis,23
disso,23
antipatia,23
subitio,23
chiara,23
cinquantatré,23
cavallini,23
arbitrii,23
francis,23
guappo,23
filar,23
corazza,23
guarnirei,23
determinata,23
cocuzza,23
maiuscola,23
basano,23
percorrevare,23
consegnata,23
dance,23
invasare,23
clientelistico,23
prorettore,23
accorserare,23
scocca,23
colora,23
corsaro,23
raggelare,23
auguriamocare,23
svettare,23
diventere,23
balmonte,23
distinte,23
lavato,23
munto,23
antonione,23
folclorico,23
montefare,23
dissere,23
vicendevolmente,23
subacqueio,23
ammonte,23
iere,23
menar,23
intercalare,23
frequentazione,23
sfasare,23
sventato,23
tassì,23
inflazionare,23
ottantenne,23
liccio,23
ansala,23
vizzare,23
1875,23
facendosi,23
confraternita,23
assicuravare,23
definivare,23
mesola,23
trascorsi,23
tamburare,23
gonno,23
batterere,23
avverto,23
incultura,23
assolva,23
legnata,23
pantaleone,23
sommessamente,23
provvidenzao,23
retrocesso,23
anticonformista,23
ricevitoria,23
mistificato,23
incorporazione,23
facilitere,23
polisseno,23
astile,23
strumentalizzato,23
bodoniana,23
pontinia,23
espero,23
emulare,23
gabella,23
malincuore,23
avutidere,23
oberamene,23
davare,23
espressoso,23
autoreto,23
ripicca,23
bitetto,23
corridonia,23
ciociara,23
callaghanre,23
amarena,23
inferente,23
alami,23
autoblire,23
melare,23
mammifero,23
idealizzazione,23
addomesticare,23
estimo,23
costellano,23
empia,23
legnoso,23
menù,23
saragattiano,23
cobalto,23
ponzano,23
allumiere,23
cave,23
iliaco,23
cado,23
facilita,23
predispore,23
esister,23
ubalda,23
papabile,23
spillo,23
sorvegliano,23
milieu,23
angolatura,23
reintroduzione,23
sottolineaturare,23
previdente,23
accogliento,23
valutano,23
bacucco,23
dedicata,23
reuccio,23
skodo,23
vacale,23
rivendi,23
ontano,23
sinnie,23
capretti,23
zavorra,23
ventiduesimo,23
malconcio,23
componere,23
abriolo,23
arma|arme,23
natie,23
intramontabile,23
1030,23
palagano,23
bosisio,23
cinso,23
zittire,23
b-52,23
prostrare,23
emanale,23
ardile,23
deportato,23
direi,23
ciminiera,23
monitorio,23
commerciabile,23
aridità,23
rodi,23
sconvogliere,23
dissolto,23
allocare,23
muleta,23
calzoncino,23
navono,23
cretare,23
pasticciato,23
jaroszewicz,23
cocciare,23
neutralisto,23
pessina,23
identicare,23
prepara,23
galuco,23
succio,23
pugna,23
racino,23
bersena,23
credio,23
velascere,23
avvere,23
shetland,23
riscaldato,23
accidentare,23
sovrabbondanza,23
avulsa,23
corre,23
fondue,23
equitazione,23
concatenazione,23
cartucca,23
durala,23
intervenisgere,23
innovativa,23
astanteria,23
vailato,23
armalo,23
emiro,23
gozzare,23
approfitto,23
aliante,23
decantazione,23
picattere,23
neonare,23
concorsuale,23
mangime,23
mamette,23
genuinamente,23
imbattuto,23
trafore,23
ricoprere,23
chilometraggio,23
violentatore,23
celero,23
preclusare,23
figuraccia,23
granatiere,23
basolo,23
psica,23
irpet,23
mettermo,23
riducendolo,23
settorializzazione,23
jakob,23
turandot,23
dimenticano,23
ardine,23
peregrinare,23
pulcino,23
affrancamento,23
salmone,23
sceriffo,23
arenante,23
berlinare,23
victorio,23
volga,23
attrae,23
solerto,23
salomone,23
poltroncina,23
colpivare,23
subirebbe,23
diade,23
maurare,23
raggiunire,23
gianmario,23
procediamo,23
poveretta,23
deputata,23
creale,23
dedica,23
gallipolo,23
lan',23
catherina,23
soffocato,23
gettarere,23
flottiglio,23
raschiare,23
piacenti,23
aerosol,23
compiesso,23
concausa,23
trait,23
pacificare,23
affiletti,23
trance,23
sorgevare,23
napoletanare,23
pastorizzare,23
ossesso,23
fattasi,23
rischare,23
ospedaliera,23
feogo,23
sentii,23
leonardare,23
rudo,23
revisionisto,23
altarinio,23
disattesa,23
giurì,23
bandoli,23
scarta,23
datazione,23
ansai,23
terenzo,23
1877,23
pressapochismo,23
altiforno,23
fiandre,23
teramare,23
calligrafia,23
risconto,23
salisbury,23
chiederemo,23
risa,23
oracolo,23
fermat,23
asburgico,23
dimore,23
lucino,23
stimarono,23
nevralgia,23
sospensivo,23
asole,23
martinica,23
corniglio,23
trafiletto,23
spinoza,23
inevase,23
famigerare,23
calamita,23
irriguire,23
supplizio,23
immangiabile,23
montegioco,23
brullo,23
commissiono,23
riveduto,23
nosocomi,23
marzotto,23
miscellaneo,23
spontanei,23
emodialisi,23
infortunatoso,23
crepuscolare,23
momentanee,23
ricomprendere,23
ministeri,23
pattugliamento,23
dignitario,23
melico,23
piovuto,23
rialzato,23
abilissimo,23
casermetta,23
impiegale,23
misurano,23
scarichare,23
substrato,23
verginità,23
elefantiaco,23
lagnanza,23
altalenante,23
introitare,23
sodato,23
stendardo,23
cosciare,23
muffa,23
ostacolato,23
traspore,23
sacralità,23
cambridga,23
atrano,23
appagliere,23
cpue,23
derattizzazione,23
contenuta,23
sbigottimento,23
birmania,23
demoralizzazione,23
registrire,23
uesto,23
hoèo,23
ittiro,23
ribatte,23
sedicimila,23
orbitante,23
1850,23
torbida,23
fernanda,23
indirizza,23
olocausto,23
copra,23
saponaia,23
azzurrere,23
attendevano,23
narrato,23
controfirmare,23
scaramanzia,23
infante,23
federconsorzo,23
cuggiere,23
prostata,23
sottovalutire,23
corrodere,23
dettagliatamento,23
sebastiana,23
giacobone,23
pernottare,23
prolisso,23
fermavare,23
riconfermata,23
equestre,23
appiedare,23
realizzabilità,23
assumire,23
malcontente,23
piote,23
italese,23
concitare,23
shopping,23
chieda,23
vertebra,23
radunata,23
stabiare,23
furberio,23
fuciliere,23
volgire,23
fusare,23
ludmillo,23
babau,23
diversissimo,23
proverre,23
vejare,23
macchinare,23
materna,23
reinvestimento,23
esteticamente,23
scolasta,23
trentanove,23
tanga,23
ventrigli,23
ricavabile,23
allerta,23
factotum,23
stara,23
miscuglio,23
lavabo,23
grassi,23
poggiolo,23
ospitato,23
norico,23
comprovanto,23
lambertare,23
galleggiare,23
collettivistico,23
interverrare,23
costruirere,23
locanda,23
cointeressare,23
vilma,23
pieraldo,23
blusa,23
prola,23
cremina,23
fiumano,23
vaarr,23
bufere,23
cagna,23
binato,23
borgere,23
gioberto,23
lincoln,23
marileno,23
nuovissima,23
pierpaolo,23
astenire,23
camelia,23
pergolese,23
patii,23
caulonia,23
espansionistica,23
cognac,23
priro,23
fascicole,23
battimento,23
lancianese,23
isolazionismo,23
comprato,23
indagatore,23
perduta,23
autostrade,23
botti,23
flel,23
pubblicizzato,23
introd,23
indietreggiare,23
traendone,23
amilcare,23
beffarda,23
rappresenta,23
immobilizzato,23
dedicalo,23
estire,23
combaciare,23
tondi,23
rosbif,23
abortista,23
redenzione,23
semento,23
turatelo,23
destinataria,23
polifonia,23
alesre,23
malloppo,23
reumatismo,23
lanato,23
multipla,23
petrare,23
incrociano,23
velatamente,23
pennone,23
adattabilità,23
invii,23
antina,23
malesia,23
pptt,23
fozae,23
cska,23
girino,23
graffo,23
farad,23
castiglia,23
unirere,23
futuribile,23
manere,23
passeranno,23
funziono,23
friso,23
hollywoodiana,23
elsare,23
golem,23
ovai,23
spara,23
confinario,23
sfreccia,23
individualista,23
lavoretto,23
sportività,23
compromissorio,23
errante,23
congenire,23
avvoltoio,23
nardare,23
achei,23
docenza,23
pomposo,23
incito,23
girere,23
impaurito,23
convivo,23
berlinghere,23
aragona,23
busone,23
eloquio,23
ortolane,23
zoologia,23
scartino,23
elettrodo,23
cambiassero,23
disconosciere,23
lavis,23
istituita,23
deletere,23
magliolo,23
fascinoso,23
lomére,23
vendetto,23
mandere,23
autocistere,23
labario,23
vizzolo,23
addur,23
dovessero,23
rivoluziona,23
vedente,23
sperone,23
assemblaggio,23
brancolare,23
dimentichiamocare,23
valsi,23
pubico,23
assistita,23
arti,23
ceppa,23
liao,23
silare,23
abbrunare,23
spago,23
presele,23
orse,23
carciofo,23
riuscii,23
minigonna,23
iterale,23
ispiratrice,23
ornato,23
collaudatore,23
concerre,23
stormo,23
fucine,23
buongoverno,23
litio,23
disii,23
declamare,23
ricomposta,23
brancolo,23
pulsare,23
parapsicologia,23
baggiani,23
erosivo,23
fermignano,23
pompeiano,23
tambura,23
tecneto,23
recensore,23
mondiato,23
caltabiano,23
severare,23
infiltrato,23
cernita,23
artiglia,23
accentare,23
dande,23
perse,23
assaggiare,23
oriengere,23
castelfrancio,23
lesi,23
svoltae,23
utilo,23
spadaccina,23
inciviltà,23
immobilista,23
pignorare,23
ridio,23
ruffia,23
industri,23
transitore,23
transitabile,23
barbados,23
cubito,23
tommasa,23
caccare,23
zonali,23
annunciata,23
marsciano,23
sbilancio,23
lucrezia,23
bisceglia,23
pescherecciare,23
preparino,23
rabbrividire,23
membra,23
quesire,23
casimiro,23
oculistico,23
castelbuono,23
avellano,23
quinn,23
lanciarono,23
menano,23
palano,23
gavazzano,23
romulea,23
reversibile,23
copertino,23
besana,23
imano,23
chine,23
divampa,23
servie,23
regger,23
cannibale,23
irrealistico,23
discuta,23
placco,23
odilia,23
aquara,23
popeline,23
sharp,23
letterina,23
intermittente,23
agretto,23
minorazione,23
siberio,23
caratterizzavare,23
implorare,23
osseo,23
lomellina,23
pantelleria,23
pencolante,23
cataliotto,23
novantanove,23
stagna,23
succoso,23
subordino,23
farmacio,23
tallire,23
eddo,23
man',23
stazio,23
sdoganamento,23
caprare,23
lamentino,23
fiumana,23
inamene,23
meolo,23
bieta,23
dccli,23
miaso,23
andreottare,23
intermodale,23
palombella,23
colito,23
rendila,23
arrestale,23
logudoro,23
rapacità,23
amenità,23
noveralo,23
filas,23
ambrata,23
pelò,23
discussone,23
libo,23
iloto,23
venite,23
savonarola,23
momentare,23
pergolare,23
compost,23
murales,23
frontismo,23
asinella,23
ulcerano,23
bikini,23
buttino,23
domiziana,23
sciite,23
beinasco,23
qualiano,23
envia,23
prevaricante,23
tristano,23
preolimpico,23
salernitanare,23
frittella,23
fiesa,23
insalato,23
fime,23
filippinare,23
umbertide,23
lockheed,23
villanesco,23
ying,23
corchiare,23
ricamatrico,23
porcilaia,23
provantidere,23
fondi,23
eruttate,23
delocalizzazione,23
grottammare,23
numana,23
condilomi,23
ambretto,23
esacerbare,22
bergamoo,22
carovano,22
giliola,22
tenterà,22
surclassare,22
pantere,22
sciovinismo,22
manino,22
granaiolo,22
incalzo,22
tellurica,22
gennara,22
dancing,22
splendid,22
cospicuere,22
flop,22
poltrono,22
immagazzinamento,22
coartare,22
michelaccio,22
gloriosa,22
billy,22
lemmon,22
gioela,22
guarda,22
incompletezza,22
attribuito,22
stagliare,22
degenere,22
ausiliatore,22
iollo,22
grancassa,22
réclame,22
letre,22
riapere,22
cimico,22
lotte,22
assegna,22
azzurrare,22
congedere,22
grosio,22
cabinovia,22
purissimo,22
nureci,22
2001,22
dissare,22
misurerare,22
motoristo,22
balzelli,22
bonaro,22
sottoponendo,22
langue,22
cicloturista,22
venero,22
inizialo,22
atonia,22
aleggia,22
autosufficiere,22
intrapresa,22
miosino,22
sconvoltao,22
radiofonice,22
alimeno,22
pipetta,22
seziere,22
epigrafe,22
issato,22
rilassare,22
accoratisi,22
fotocopiare,22
scopino,22
flebile,22
caraibica,22
papo,22
esulo,22
alfonsa,22
bilia,22
ridiare,22
castrare,22
assassinarere,22
fips,22
scrivevamo,22
avico,22
assottigliamento,22
esedrare,22
london,22
registratasi,22
gorgone,22
burocrate,22
alere,22
involto,22
precedetto,22
neutralizzazione,22
querello,22
gianpiero,22
vibrione,22
sapremo,22
accappatoio,22
maglie,22
contabilizzare,22
perforato,22
massimino,22
vademecum,22
corrispondano,22
altolà,22
irrompono,22
pugne,22
ventisettesimo,22
comprimaro,22
panifico,22
facendoso,22
sopratuttare,22
phil,22
incontestabilmente,22
pianificatore,22
truculente,22
ragionamente,22
menzogno,22
perfettibile,22
appagamento,22
plurinazionale,22
tranciare,22
cineteatro,22
frido,22
baggiolo,22
ricomincare,22
entrassero,22
revanscismo,22
meto,22
disonestà,22
arrugginito,22
scopri,22
immagina,22
irresistibilmente,22
attuate,22
partivo,22
soap,22
cremare,22
perfetta,22
accanirò,22
suggerivo,22
erigo,22
gippone,22
rampanto,22
pessaro,22
campanare,22
scottano,22
chiappa,22
dugnano,22
aprilio,22
disinfettare,22
autobotta,22
fidano,22
sollecitalo,22
arredato,22
stupefatto,22
registrira,22
marame,22
piovra,22
arcione,22
donalo,22
1213,22
armonicamente,22
diabetico,22
duellare,22
pasteur,22
depurato,22
cassiera,22
storti,22
sfiorato,22
sebo,22
isterismi,22
contrammiraglio,22
trattavare,22
saturnia,22
solofra,22
cetrare,22
farmaceutica,22
catalizzare,22
6enza,22
salmour,22
erucico,22
prenestino,22
settembrino,22
rincarano,22
onnipotenza,22
inaridire,22
elidetti,22
rivesta,22
rinchiuso,22
divore,22
scaricato,22
speleologico,22
pistolo,22
coccolare,22
gatteo,22
conoscevamo,22
maschietta,22
varna,22
avocalo,22
contribuito,22
ghiotta,22
idealizzare,22
tbilisi,22
wolfgang,22
riempo,22
sudvietnamire,22
pollare,22
scostatovo,22
rimeditazione,22
reticolato,22
esteti,22
patrocinato,22
vitalmente,22
grandeur,22
marta,22
bellicista,22
addivenere,22
vagisco,22
ossea,22
seduttore,22
sfatale,22
guaire,22
moschino,22
newman,22
modificabile,22
esternamente,22
arrembante,22
carabine,22
acuta,22
sergere,22
fissando,22
scervellare,22
orson,22
welles,22
gramsce,22
statisticamente,22
garrisca,22
nebbioso,22
canadesi,22
gerico,22
caracallo,22
garretto,22
proporere,22
famigliario,22
desideravare,22
aspare,22
ineluttabilmente,22
stizzoso,22
ruino,22
mandata,22
merlare,22
daffare,22
centravare,22
orobico,22
circondavare,22
fisi,22
coto,22
rapar,22
macaria,22
bracciantato,22
atomi,22
ricognitore,22
montecarotto,22
anorare,22
alienità,22
carraio,22
1987,22
malegno,22
3600,22
putrefazione,22
mestatore,22
incagliare,22
distingere,22
superba,22
rescindere,22
superaffollamento,22
chiedevamo,22
inconcludenza,22
estrello,22
procedesse,22
bricco,22
riaffiora,22
acida,22
barasso,22
positivista,22
venticinquennale,22
ufficiala,22
faie,22
scaricatore,22
sopraffatto,22
milleduecento,22
antignano,22
calabre,22
strillare,22
ilota,22
notista,22
addensamento,22
spacciandosi,22
terzia,22
inguine,22
pistard,22
contrailo,22
rieducare,22
provvido,22
raccomandabile,22
ulcera,22
genoare,22
agevola,22
presentimento,22
arrena,22
sfornano,22
abeto,22
rivendicavare,22
simonetto,22
vuotere,22
adibito,22
corporale,22
apriere,22
diffore,22
proietti,22
sintasso,22
eternità,22
giungle,22
collegandolare,22
triestinare,22
paginetta,22
ideologio,22
strevare,22
anticipata,22
soldone,22
incorniciare,22
novecentesco,22
arabi,22
vauxhall,22
intasa,22
frigorifere,22
lastrone,22
onpi,22
tormenta,22
toglierglio,22
zema,22
beglio,22
ganga,22
seguitano,22
lottarere,22
emblemo,22
montedinova,22
fecondano,22
tiravare,22
brillano,22
aggiudicandoso,22
diroccato,22
duplicità,22
guancia,22
toracico,22
rivestare,22
eurocentrico,22
sottintese,22
molinellare,22
frammentato,22
determinismo,22
inanellare,22
padron,22
oftalmico,22
contade,22
cavalcata,22
toroso,22
fuoristrada,22
sbilenco,22
strepitosa,22
avanspettacolo,22
diplomaticamente,22
bimele,22
dolomitico,22
paravicino,22
incorre,22
detratto,22
anarcoido,22
brume,22
cuccureddue,22
pigliare,22
antognone,22
crematorio,22
comprendano,22
arroccato,22
tecla,22
anticomunirre,22
bastonar,22
anticrimine,22
coniugato,22
commossa,22
interagire,22
contagioso,22
indussero,22
miosinere,22
pacchiano,22
inconcludento,22
inapplicato,22
abusivare,22
bruscello,22
fonderio,22
costernino,22
eskimo,22
sorre,22
riagganciare,22
aallo,22
ranieri,22
impegnativa,22
rotativo,22
collare,22
centralizzatore,22
purificazione,22
dovera,22
prurito,22
geopolitico,22
fatine,22
concentrerare,22
vina,22
spodestare,22
pentito,22
spedo,22
fenico,22
columbo,22
esausto,22
onora,22
insisto,22
federbracciantl,22
ottenevare,22
girardare,22
ribellistico,22
zooprofilattico,22
passerebbe,22
degradamento,22
30-b,22
babbea,22
colatane,22
disattivare,22
nazimonale,22
tenutiso,22
mesco,22
termomeccanico,22
abrasione,22
spira,22
estrare,22
stabilare,22
pirare,22
galliano,22
missargli,22
pungolo,22
qualifiche,22
realizzino,22
imitatore,22
energetica,22
vassalli,22
ispettiva,22
ascire,22
pianola,22
oliale,22
ragazzini,22
selce,22
costruare,22
boare,22
negletto,22
onnicomprensivare,22
tribolare,22
speleologo,22
baglio,22
pulcinella,22
auletta,22
trattenure,22
apatico,22
trillo,22
incorgere,22
refrigerazione,22
accade,22
purificare,22
aeronavale,22
aggi,22
succedutendere,22
nervosamente,22
rizzardo,22
compirere,22
confermerebbero,22
mucosa,22
dicomano,22
sospettoso,22
propagazione,22
danzatrice,22
spoliticizzazione,22
torico,22
scricchiolare,22
aspri,22
piane,22
impalcassa,22
tecnologo,22
attribuare,22
quassù,22
sciarpa,22
colcos,22
macchine,22
romallo,22
fermentazione,22
nevico,22
orfare,22
produttivistico,22
ambiare,22
redistribuire,22
guelfi,22
spiritualistico,22
aerobus,22
apparterre,22
pilato,22
1988,22
prateria,22
proprietaria,22
tremito,22
canduccio,22
rivoltoe,22
catasta,22
fohn,22
immiserire,22
smobilizzo,22
cimego,22
epidermico,22
viddalba,22
transoceanico,22
accomodare,22
incognire,22
costituiscano,22
oligopolio,22
scaglia,22
divienere,22
prosegretario,22
soffocata,22
ciociare,22
ginnastico,22
macina,22
sviluppatesi,22
parcellizzato,22
lavoralo,22
dassault,22
lesolo,22
rivelatese,22
ponendolo,22
incentivante,22
interposta,22
cardiochirurgo,22
decimomannu,22
scendevano,22
compariranno,22
sfilere,22
robi,22
transfugo,22
gutenberg,22
marconio,22
quattrocentesco,22
lacunosa,22
dischiudere,22
poolo,22
sveziare,22
commissariare,22
enti,22
affluari,22
decida,22
prodromo,22
premunire,22
sciere,22
ordinatore,22
slang,22
bilione,22
sbotto,22
pronunciandoso,22
pittare,22
accentui,22
stringono,22
tuieo,22
schifo,22
mussi,22
inquinatore,22
falegname,22
tantalo,22
cnr',22
farinello,22
gerardoe,22
fortificare,22
psicomotorio,22
solazione,22
stie,22
squalo,22
costaricano,22
capitate,22
piantonamento,22
tollera,22
prolungata,22
condanni,22
confluente,22
zorn,22
quarantatré,22
paracadutirre,22
tostare,22
sequestra,22
catramale,22
saxofonista,22
isab,22
leffa,22
arzano,22
polignano,22
armeggiare,22
sgherrare,22
sociare,22
malata,22
sbarcano,22
fuma,22
cline,22
interruppe,22
favorirere,22
ritenessero,22
ercolo,22
distanziato,22
addobbi,22
prepuzio,22
furtado,22
frigento,22
ghigliottina,22
generalizzabile,22
impetuosa,22
lucerna,22
autocombustione,22
fagiane,22
ricale,22
civetteria,22
intense,22
pellaccia,22
tentalo,22
commiare,22
felix,22
venerare,22
parila,22
accertarsi,22
ammobiliare,22
scandalosi,22
eliminabile,22
meare,22
vecchissimo,22
viro,22
omento,22
rappresa,22
tarantina,22
discrimina,22
scelsero,22
szewinska,22
inguaiare,22
pesos,22
rifinitore,22
implacabilmente,22
inizino,22
maliziosamente,22
perfidia,22
abbagliante,22
terrere,22
lanzio,22
cineclubo,22
alterano,22
mascalzone,22
scic,22
grembiulo,22
limpidamente,22
comprettere,22
pastoie,22
osaka,22
board,22
condottiero,22
dislocato,22
ostentazione,22
primizia,22
giolittismo,22
maturai,22
fuoriclassa,22
italicare,22
intridere,22
abrre,22
approfonditamenta,22
zoppicante,22
moneto,22
satano,22
raffadale,22
ticare,22
diane,22
cucere,22
sintetizza,22
robinson,22
ricopertare,22
urare,22
uncinetto,22
ognissanti,22
namibiano,22
cucci,22
scostatovi,22
prestissimo,22
inseguito,22
intensione,22
burano,22
riscalda,22
altino,22
vigilanzo,22
cacciò,22
aristeo,22
emigro,22
svia,22
censuale,22
botswano,22
rutta,22
palloncino,22
erompe,22
cardiologia,22
amplesso,22
gitano,22
madrilene,22
lamella,22
armar,22
frotta,22
masao,22
aeralare,22
bacia,22
cioccolatino,22
solidarismo,22
rimessione,22
doglianza,22
slatto,22
florina,22
arquà,22
tube,22
satire,22
teolo,22
indisciplinato,22
gallio,22
lituania,22
demmo,22
sbriciolo,22
comitivo,22
sotterfuge,22
cinquantuno,22
borselli,22
flamina,22
amalgama,22
1893,22
malio,22
babele,22
cinzio,22
visco,22
disunione,22
cartaccia,22
porpora,22
quaresima,22
spacciavare,22
moresco,22
ribera,22
fratone,22
tartaro,22
abiezione,22
ginnar,22
cace,22
elevatissima,22
ragiona',22
bicamerale,22
casimirare,22
preconceggere,22
eritree,22
cuorgnè,22
racchiusare,22
pontificare,22
occorra,22
seguiranno,22
arana,22
opacità,22
insaccato,22
coriolano,22
cataclisma,22
dice,22
adulterio,22
pensato,22
tufi,22
rave,22
uzbekistan,22
cataro,22
extravergine,22
febbra,22
littoria,22
binale,22
femminilità,22
ruzzolare,22
bische,22
finita,22
megare,22
perette,22
pennese,22
astorico,22
bruciore,22
principiante,22
provoco,22
finanziar,22
ambe,22
paralizza,22
significa,22
pantaloncinare,22
acquitrino,22
sternare,22
preterire,22
formalo,22
1101,22
tralascare,22
lenii,22
chitarre,22
direttole,22
ursulo,22
domato,22
sembra,22
capistrello,22
tragicomico,22
dcii,22
frida,22
manismo,22
luando,22
lemia,22
mollica,22
cicciotello,22
amnu,22
shaw,22
affievolimento,22
occupatone,22
tesserinio,22
erva,22
clitica,22
blindatura,22
oneta,22
lameziare,22
wehrmacht,22
apulia,22
bermudo,22
giustare,22
capii,22
matroneo,22
tote,22
ascanio,22
potentino,22
permuta,22
moplen,22
monolitismo,22
bernalda,22
giovandolo,22
dongiovanni,22
caci,22
armone,22
redattone,22
anacaprio,22
balenotto,22
niccolo,22
autoporto,22
autocoscienza,22
deviazionista,22
arcat,22
itres,22
20000,22
puntellato,22
egemonismo,22
radioregistratore,22
costernasta,22
derubricare,22
tubanto,22
bukovski,22
hettemarks,22
rosignanare,22
aconzio,22
ciadiano,22
nicaraguegno,22
riscossare,21
anastasiare,21
agliare,21
chiudevare,21
assurire,21
cordicella,21
dettatura,21
cavatalo,21
gallina,21
fave,21
parese,21
geno,21
vaie,21
gambia,21
riponere,21
compore,21
copiosamente,21
chiome,21
pretorile,21
settantenne,21
ritirino,21
bazzone,21
irina,21
barrage,21
colte,21
fruttivendolo,21
accampa,21
cheope,21
simmetrico,21
sublimare,21
cavere,21
1880,21
manzoniano,21
disgustoso,21
wisconsin,21
stracarico,21
probema,21
acquatile,21
sottolineo,21
ipocritamente,21
orgando,21
demanda,21
senecare,21
epocare,21
istallato,21
albina,21
dale,21
referee,21
inattuale,21
abolla,21
beduino,21
nigeriare,21
infedele,21
ricongiungere,21
rossella,21
pulimento,21
fanfare,21
emily,21
trasformatrico,21
cassandra,21
sbandata,21
berrà,21
uditare,21
viavai,21
fraseologia,21
microbico,21
dualistico,21
ispire,21
trasmidere,21
recludere,21
posteriormente,21
rivelandoso,21
pagliaccio,21
toare,21
automaticità,21
disgregatore,21
serico,21
ceramo,21
propagando,21
revanscista,21
introverso,21
reviviscenza,21
paolina,21
spinacelo,21
smentivare,21
impattare,21
veruno,21
sheene,21
danneggiamente,21
immensamente,21
programmai,21
lonza,21
germa,21
pellegrinare,21
idria,21
autolesionismo,21
antartico,21
stilisticamente,21
fogazzaro,21
paradisi,21
culminarere,21
pietismo,21
imparentare,21
moscovo,21
assodato,21
discorre,21
crista,21
mariana,21
riscendi,21
rubavare,21
sventagliata,21
ospedalizzazione,21
risentivo,21
enoteca,21
bonassolo,21
incasellare,21
predispongare,21
stanley,21
samba,21
boriala,21
geli,21
sfollagente,21
incongruo,21
tragicità,21
raggiungibilo,21
appartenire,21
tridimensionale,21
aggeggio,21
nicoloso,21
spagnole,21
fermentare,21
finsider,21
borgiallo,21
pittoricamente,21
odoro,21
varedo,21
motoria,21
winckelmann,21
buccine,21
amministrativamente,21
insediato,21
prelevamento,21
apprere,21
fuoriuscito,21
rimprovera,21
astrare,21
pericolosissime,21
sconvolge,21
arnaro,21
discolpare,21
laicista,21
interpretabile,21
coadiuvante,21
animarere,21
spruzzare,21
speravamo,21
bertiolo,21
strisciare,21
parlamentarismo,21
autolimitazione,21
inveo,21
constatano,21
amartene,21
nicto,21
centocella,21
affidatogli,21
dichiararono,21
belfast,21
storace,21
pigolo,21
antonomasia,21
sedicenere,21
riattamento,21
mantena,21
votarere,21
respingire,21
fiorentini,21
mortadella,21
gramre,21
bianconerare,21
cheta,21
corteare,21
malabo,21
insorre,21
loggiato,21
chiedendogli,21
2030,21
proteico,21
afroasiatico,21
lidia,21
esploe,21
volpare,21
adoperato,21
duco,21
rendendolo,21
slamane,21
burton,21
peculare,21
socrato,21
senone,21
refuso,21
scioltare,21
musicato,21
inanzi,21
pisacano,21
alesare,21
analizza,21
giudichiare,21
degenerato,21
biasimo,21
sovrastante,21
mezzi,21
trinaia,21
borgogno,21
laurence,21
tolgono,21
franciare,21
valsesia,21
anfora,21
abriro,21
disintossicante,21
difendibile,21
approfondi,21
ricomparso,21
baldanzoso,21
spingano,21
materico,21
nuvolone,21
ilenia,21
anticare,21
vulnerabilità,21
incuterli,21
admeto,21
vecchietta,21
angiola,21
trascinato,21
evaporazione,21
sterzare,21
claudicante,21
serrate,21
inusitare,21
supervisore,21
ignis,21
agnazione,21
idrologico,21
sfuggio,21
beethoveniano,21
bietole,21
velata,21
sorregge,21
gialle,21
gavoi,21
dimezzamento,21
petriano,21
tulla,21
1892,21
conferme,21
geronimo,21
rinvia,21
discordi,21
durissima,21
cedine,21
favolosi,21
ctln,21
esegeto,21
frescura,21
formulario,21
insostituibilità,21
esitere,21
denudare,21
etiope,21
altri,21
panorame,21
deliziare,21
insaputo,21
constato,21
intricata,21
investari,21
mediterranea,21
1894,21
asolare,21
propaggine,21
manzoni,21
quattao,21
guarentigia,21
permangore,21
controprova,21
fiabesco,21
xenofobe,21
sovrappopolazione,21
laboriosità,21
disperdire,21
angelopoulos,21
posseduto,21
fruere,21
commisto,21
gravante,21
diligere,21
umazione,21
vendi,21
erroneità,21
mungere,21
danneggare,21
incensurato,21
cardiovascolare,21
reperirere,21
portasse,21
luteolina,21
perorazione,21
preparatone,21
filmino,21
omaro,21
astio,21
mirando,21
museografico,21
ideologi,21
cfc',21
bollento,21
bavetta,21
nemorense,21
cogliare,21
ondato,21
pieghevole,21
civitavecchio,21
arasi,21
vaiere,21
1874,21
urta,21
imprevedibilmente,21
federmezzadrl,21
eschilo,21
inscindibilità,21
funzionato,21
ace',21
ovatto,21
inio,21
viburno,21
zarevic,21
scissa,21
palazzine,21
devote,21
possibilismo,21
aggiunge,21
bottolo,21
temei,21
disfa,21
sirone,21
landere,21
asfittica,21
comunistere,21
superaffollato,21
aliasre,21
diedo,21
poeticamente,21
inquadrato,21
bienne,21
latitanto,21
vergola,21
iniziatasi,21
formatese,21
tangere,21
suscettibilità,21
tirere,21
reducere,21
solleticare,21
pongire,21
appese,21
corazzo,21
riletto,21
annabella,21
jacoviello,21
impenne,21
esportatrice,21
prescolare,21
daalà,21
lavino,21
storiello,21
destrimano,21
impurità,21
riproduttivo,21
moquettes,21
bolida,21
teoricare,21
pugnalare,21
antropologo,21
aplomb,21
incolpevolo,21
discontinue,21
corretre,21
sonnifero,21
ristabilere,21
incoraggere,21
fretto,21
acquoline,21
produco,21
carrozzine,21
adempiare,21
filiare,21
riottoso,21
pallamare,21
protocollare,21
stragi,21
eremo,21
facilitinare,21
gregory,21
benz,21
saprebbero,21
ridi,21
sviluppatosi,21
opia,21
debire,21
femorale,21
rinunciataria,21
chiarificare,21
coprono,21
effettui,21
space,21
anticipere,21
quid,21
pepare,21
soddisfatta,21
osservere,21
plum,21
seducente,21
roman,21
vessare,21
caratteriale,21
giunge,21
mercanteggiamento,21
metrico,21
baharain,21
monocorde,21
scarpo,21
tifa,21
atelia,21
ungaro,21
giuntura,21
verismo,21
distinse,21
ringraziamo,21
gibbo,21
sostituivo,21
travasare,21
gagarin,21
stat,21
incallite,21
sottoponare,21
poc',21
rifondere,21
ribadimento,21
spring,21
riuscitissimo,21
arenato,21
varesotto,21
riconoscimentare,21
affiatare,21
bestialità,21
capolona,21
sociologa,21
affida,21
fulgido,21
piozzano,21
pernacchia,21
portalettere,21
imbattuta,21
didaco,21
impropria,21
avocavo,21
socializzato,21
spensierato,21
raglio,21
sanguinetto,21
ponzalo,21
rabberciare,21
maximum,21
indovinato,21
arboscello,21
sovversivismo,21
affacciato,21
panciotto,21
garfagnino,21
scongiuro,21
crisma,21
lamberta,21
alloggiano,21
giansaverio,21
budello,21
fiduciaria,21
neuropsichiatrico,21
permessare,21
indir,21
starters,21
desocratico,21
manterrebbe,21
portaoggetto,21
rimanesso,21
unionere,21
imbroglione,21
orbot,21
pignolo,21
aggotto,21
inferriata,21
frego,21
bernina,21
butterala,21
angolana,21
torchia,21
retroattività,21
pagaio,21
temano,21
siluramento,21
betoniera,21
palmoliva,21
schiavismo,21
feticismo,21
atteggiamene,21
recisione,21
reticolo,21
renano,21
magazzinaggio,21
arringo,21
illuminista,21
bucchero,21
ventino,21
danubiano,21
coltellare,21
salar,21
sterpo,21
seccombe,21
emio,21
tarcisio,21
germinare,21
rigirare,21
pantani,21
scholz,21
novizio,21
fregase,21
usticare,21
orfane,21
balma,21
esaere,21
fieramente,21
poteare,21
caudina,21
sovrabbondante,21
incenerire,21
idillico,21
drake,21
antiguerriglio,21
raggiustamento,21
segnalinee,21
dateci,21
codazzo,21
saprà,21
cabrai,21
specificato,21
lamentano,21
malaspina,21
paramani,21
ciclopico,21
stabilari,21
meschinità,21
lucas,21
parodistico,21
accoltare,21
ripartivare,21
nominalmente,21
mobiliere,21
bretella,21
bengase,21
brettere,21
considerale,21
onorevolmente,21
carnico,21
giara,21
lasceere,21
infittì,21
gemo,21
altrettantare,21
agnostico,21
tauriello,21
rasi,21
attuto,21
giovani,21
finestrella,21
rallyre,21
levita,21
entere,21
ustinov,21
visore,21
pastaio,21
floridia,21
garibaldinare,21
laboro,21
affrontar,21
eloquenti,21
sprovincializzazione,21
sente,21
attentale,21
beige,21
odetta,21
sconvolsero,21
sottinteso,21
ciambella,21
guicciardine,21
trivella,21
datale,21
armala,21
invadare,21
ignora,21
sorvola,21
gandine,21
sfilacciare,21
dorrebbero,21
caltrare,21
impogere,21
programmata,21
superpetroliere,21
giudittare,21
succede,21
siderale,21
baleno,21
rimpatriato,21
randage,21
vicentina,21
convention,21
provenzale,21
referenziare,21
orbito,21
parasta,21
meridionalistiche,21
piccoletto,21
galano,21
issimo,21
occupalo,21
organizzavare,21
alt',21
finissimo,21
imballare,21
frecciata,21
simala,21
rubi,21
fumogene,21
scialuppa,21
penda,21
libaneso,21
carrista,21
aerata,21
acetire,21
concedente,21
georgiana,21
koinè,21
nanne,21
altezzoso,21
laurina,21
ruth,21
proo,21
paolinare,21
gemella,21
laotiane,21
dite,21
ballista,21
urlala,21
stono,21
accettalo,21
pulico,21
premo,21
emerge,21
cotono,21
sformare,21
rainaldo,21
bayreuth,21
accorcio,21
usufruari,21
canterino,21
avanguardista,21
dopare,21
ciarlerai,21
compaio,21
diluizione,21
riscrittura,21
accosta,21
scomunicare,21
baronzio,21
estera,21
gabbione,21
menoè,21
precariamente,21
festino,21
gromore,21
cineteco,21
vera,21
lubrificazione,21
capelluto,21
sampierdarena,21
cubetto,21
accetterebbero,21
erseppresentere,21
ventitreesimo,21
statisticare,21
idricio,21
chip,21
incetto,21
rifugge,21
virulente,21
drivo,21
perde,21
asettica,21
bipolarismo,21
avogadro,21
esageratamente,21
robbia,21
arenghi,21
monicello,21
saltere,21
nerolo,21
scelgare,21
novecentomila,21
pubblicano,21
infausto,21
pontegge,21
agriturista,21
timide,21
venivo,21
baccante,21
cristallino,21
petulona,21
vediamone,21
maiolica,21
fecondarlo,21
autoaccusare,21
crisafullo,21
mclennan,21
invalso,21
ulivetio,21
triro,21
teine,21
eticamente,21
amputa,21
fgc1,21
radare,21
rittana,21
capirebbe,21
accrescerere,21
calzettone,21
caraffa,21
ablazione,21
professor,21
casaretto,21
indo',21
balvano,21
formaldeide,21
terminante,21
malaguti,21
prettere,21
olfatto,21
neil,21
cambieranno,21
brocca,21
glattere,21
indefinibile,21
alicante,21
qatare,21
autodistruzione,21
cappe,21
paiere,21
alamaro,21
conseguenziale,21
relais,21
palchetto,21
trasmettitore,21
borsisti,21
tarantella,21
amalio,21
fioe,21
urbana,21
fiondare,21
gattone,21
crasso,21
occupai,21
bancho,21
dovi,21
vogheia,21
tane,21
preore,21
maramao,21
swing,21
restia,21
pervenivare,21
eamelsere,21
tacare,21
stocco,21
giudica,21
cesura,21
facilone,21
toupet,21
ameglia,21
vincenzino,21
fisarmonica,21
annina,21
possibilirre,21
dispiegarse,21
latti,21
stivai,21
defletto,21
cattere,21
bussano,21
allibire,21
capacitare,21
brunilde,21
nascore,21
iso',21
impegnandosi,21
sospesi,21
partono,21
candì,21
numerale,21
fruibilità,21
presentatidere,21
arancino,21
caciottare,21
reare,21
casteldelfino,21
lenimento,21
gassa,21
ccil,21
raze,21
sostanzi,21
abduttiva,21
collegata,21
italbed,21
placo,21
chiamale,21
tufillo,21
mazarese,21
ponento,21
geroso,21
stolare,21
usino,21
baccare,21
provincio,21
galliata,21
trascuro,21
strumenti,21
incera,21
castrato,21
cadeto,21
diocleziano,21
economare,21
satriare,21
sindacalizzare,21
starnala,21
tombolino,21
tuello,21
ostetrice,21
potabilizzazione,21
saivo,21
scacciapensiero,21
discordiamo,21
giammarinaro,21
roach,21
trapuntare,21
segregando,21
adelo,20
ripetuta,20
stago,20
imbelle,20
arsole,20
vergace,20
guazza,20
apparta,20
agisco,20
dissapore,20
appesantiscere,20
fidanzata,20
nitonre,20
alcolo,20
broccatello,20
insista,20
transiberiana,20
equilibrismo,20
rimbore,20
cimele,20
denuncare,20
antidivorzismo,20
alane,20
broadway,20
credete,20
sgozzare,20
luis,20
ingiungere,20
malinconicamente,20
supina,20
stenografico,20
dibattile,20
attonire,20
cercassero,20
malferma,20
osterio,20
tracolla,20
terenzio,20
spampanato,20
lucidare,20
ventiseienne,20
dentiera,20
chiedio,20
esci,20
diacone,20
delato,20
veranda,20
distillare,20
solfato,20
tennero,20
chermes,20
porcaro,20
sarcone,20
celtico,20
urbico,20
alaglio,20
barbanio,20
incede,20
grpre,20
emiedrico,20
presentai,20
risposare,20
lasciandone,20
grugno,20
inscatolare,20
torriano,20
spielberg,20
spogliato,20
trasformandolare,20
naviganto,20
1080,20
inalere,20
luiso,20
escamotage,20
onorifico,20
abbao,20
donorire,20
calibrazione,20
sottovia,20
puntarre,20
redattrice,20
emigratorio,20
proditorio,20
belsito,20
dominavare,20
testimoniavare,20
creativamente,20
opponare,20
fittamente,20
chco,20
sottopotere,20
coartazione,20
paitone,20
mettesse,20
tosone,20
cardano,20
monote,20
ampia,20
amorevole,20
inopportunamente,20
aumentavare,20
continuerebbero,20
destine,20
sconsolare,20
arrechare,20
cousteau,20
ladre,20
spiritualità,20
laterano,20
lealista,20
perdito,20
riconobbero,20
adottino,20
morena,20
rispecchiamento,20
apolitica,20
furibonda,20
tenuo,20
ideai,20
oziare,20
soppesare,20
boemo,20
pomelli,20
bellario,20
liquidiamo,20
liberandoso,20
cosciere,20
mattatolo,20
sprinter,20
malignità,20
ossuto,20
specchiare,20
broletto,20
spinale,20
nildere,20
read,20
senaria,20
elton,20
visualizzazione,20
profume,20
proteggare,20
tesse,20
protagonedere,20
indicassere,20
enzina,20
baruzzo,20
adelfia,20
sorvolo,20
servigi,20
broda,20
fanfaluco,20
osabile,20
esoterico,20
areco,20
sfarzoso,20
disperire,20
erogante,20
pipa,20
istato,20
paccare,20
gliale,20
quarantennio,20
avetemela,20
rifai,20
tabellino,20
pluriaggravare,20
detergi,20
petrellare,20
acetino,20
cinquina,20
1350,20
gabbare,20
ogil,20
falcinelli,20
plurisecolare,20
postilla,20
faccendere,20
ravvio,20
radiocronista,20
legnago,20
taurino,20
ovattato,20
antagonisto,20
monde,20
dietrich,20
aveto,20
vistosi,20
muletto,20
capeno,20
nazzano,20
pervearr,20
parassita,20
seminarista,20
abbandonere,20
guglia,20
singleton,20
sussidiare,20
carpentiere,20
democrito',20
crescito,20
entusiasticamente,20
autoritaria,20
tubercolosi,20
albergare,20
incallì,20
incartamente,20
buster,20
sollazzo,20
abbonino,20
turisticamente,20
andante,20
scegliare,20
legala,20
gioviale,20
frascare,20
cranare,20
hare,20
manasso,20
guercio,20
giovinastro,20
frastornato,20
incominciavare,20
speronare,20
agirono,20
rafforzino,20
hofmannsthal,20
protezionisto,20
fandonia,20
dovresta,20
inopinare,20
imballane,20
bussere,20
stereotipato,20
canossa,20
assicurino,20
microscopio,20
infirmare,20
aedere,20
trancia,20
latrare,20
svolra,20
aralare,20
contao,20
conosciute,20
filscgil,20
giudo,20
usalo,20
sfrutto,20
nillare,20
depilazione,20
cinematografe,20
goffamente,20
recalcitrante,20
condannalo,20
liberissimo,20
tatuo,20
scanner,20
roland,20
rime,20
decalcato,20
calmasso,20
maldine,20
rovesciata,20
arellano,20
precisalo,20
dissolvire,20
introducare,20
frizzante,20
ventare,20
califfo,20
coordinere,20
distrare,20
picara,20
ottantacinque,20
vessatoria,20
vetrai,20
realizzale,20
laicizzazione,20
lavico,20
rimango,20
onassis,20
avano,20
cocktail,20
polemista,20
jenno,20
caduco,20
rasento,20
smilitarizzato,20
pregevola,20
spedivo,20
manuele,20
coinvolgevare,20
carmee,20
presenteere,20
assembleario,20
sottoscala,20
asservito,20
torremaggiore,20
olivetta,20
produciamo,20
takeo,20
fukuda,20
interinale,20
ciecare,20
tramere,20
lentissimo,20
preziosità,20
aerea,20
ginevrine,20
figino,20
accusandola,20
brancaccio,20
geova,20
impossessandoso,20
privilegiata,20
bonobo,20
nutre,20
royalties,20
chicagore,20
minante,20
antiinflazionistico,20
giambattista,20
terapiare,20
assumerebbero,20
seviziatore,20
burla,20
edificatorio,20
dakota,20
disinvolturare,20
caposala,20
eassere,20
ricorrare,20
fogge,20
scogla,20
arianna,20
accidento,20
andar,20
geddare,20
aede,20
affittacamere,20
vingere,20
deperibile,20
strombazzare,20
funta,20
recepiscare,20
1789,20
asterio,20
escursionista,20
slavina,20
lattao,20
friabile,20
snobistico,20
rendendole,20
bravare,20
sottordine,20
maluccio,20
ferzo,20
saccheggiato,20
ferla,20
avallano,20
crociere,20
casablanca,20
ghezza,20
sciallo,20
classere,20
coattivo,20
assoro,20
alatone,20
grill,20
fermino,20
furente,20
falliscere,20
diroccare,20
travisamento,20
correità,20
ottura,20
immutabilità,20
fisbo,20
consideralo,20
campar,20
oretta,20
broncio,20
pompu,20
legenda,20
fallere,20
patta,20
gabbro,20
trista,20
-100,20
feudatario,20
amichevolmente,20
maghetta,20
illustravare,20
addetta,20
pamela,20
sfarzo,20
inuit,20
selvaggia,20
bordato,20
funzionavano,20
saccarifere,20
sedativo,20
parnassiare,20
knapp,20
pollenza,20
sclerotico,20
lavoratoto,20
avanzamente,20
vittimistico,20
trentasette,20
voghere,20
piantine,20
vediamolo,20
bole,20
ambassi,20
transnazionale,20
semel,20
procacciare,20
illendere,20
ulsss,20
cesellato,20
saccheggiatore,20
disfattismo,20
sancere,20
radioso,20
appenode,20
cartesio,20
dividono,20
dìre,20
amazzonia,20
propino,20
controvalore,20
pupa,20
intendano,20
autocisterno,20
mango,20
triveneto,20
richieda,20
montemaggiore,20
cimere,20
rifornivare,20
caprara,20
compattare,20
arrola,20
eleggibilità,20
sofocle,20
coloristico,20
tonda,20
cornetto,20
trebbo,20
respintire,20
esplico,20
coltellaccio,20
avventuro,20
capitole,20
spartitraffico,20
gigli,20
sommi,20
fluoro,20
caratterizzerà,20
isoletta,20
martinella,20
xenofobo,20
valango,20
carroccio,20
pubblicitaria,20
frassineto,20
prevalla,20
nemo,20
ardimento,20
insistevare,20
lizzo,20
nogaredo,20
sciavo,20
chimera,20
suddivisi,20
aeratore,20
pong,20
antiautonomistico,20
pagliericcio,20
assorbito,20
foriero,20
diacono,20
festo,20
demolitore,20
arcangeloo,20
scindibile,20
demento,20
distintiso,20
campai,20
riferita,20
fonesi,20
fumogena,20
bano,20
balbettare,20
volatile,20
barroccio,20
edulo,20
bojare,20
assalito,20
microbo,20
normandia,20
etichetto,20
ripropongere,20
formai,20
ricreativa,20
thiesi,20
risanerare,20
brindisinare,20
sirre,20
noci,20
pachino,20
colabrodo,20
pallavicino,20
probo,20
toccasano,20
ricettacolo,20
sorbire,20
differentemente,20
snobismo,20
cresci,20
svolare,20
frapponge,20
nuvolosità,20
policentrismo,20
ironiare,20
fisbacisl,20
rotturare,20
fornaciata,20
astrae,20
rendi,20
pese,20
eievere,20
sommerrere,20
influenzano,20
filtrano,20
fiesco,20
autotelaio,20
autrico,20
emiliaromagno,20
mestierante,20
tizzone,20
conturbante,20
allineale,20
incallire,20
chiaromonte,20
godettare,20
cinsa,20
impunita,20
compatrioto,20
avariare,20
bogara,20
disuguale,20
raggiunti,20
alcida,20
benzolo,20
franato,20
accumulatidere,20
aidem,20
condomino,20
rivelatrico,20
leonida,20
vitaione,20
pclitico,20
nativamente,20
scenetta,20
arcivescovado,20
risento,20
servii,20
facendone,20
signorotto,20
collaborino,20
disperdare,20
urbaniare,20
cresco,20
petrodollario,20
annamaria,20
taiwane,20
concordiare,20
vaia,20
votivo,20
problematicare,20
bertrandt,20
discorsivo,20
guastatore,20
scommettitore,20
venerando,20
materialista,20
professionalizzazione,20
froda,20
melmoso,20
cittadellare,20
assicuro,20
mezzofondista,20
jazzisto,20
cerchiaire,20
sorano,20
cosacco,20
vedetto,20
oliver,20
passavano,20
alveare,20
rivelino,20
scucia,20
superuomo,20
sopraddetto,20
striano,20
trionfio,20
efferatezza,20
affermandoe,20
osannare,20
collone,20
sbafo,20
armace,20
compassato,20
annusare,20
consegnano,20
opinar,20
nonsenso,20
coloniare,20
tingente,20
menti,20
ricoprivare,20
trombonista,20
irasps,20
bulle,20
caterva,20
cacciato,20
crocetta,20
autorere,20
reclinabile,20
prammatica,20
presentandoso,20
denotere,20
eruppe,20
sfollamento,20
refrigerio,20
imperialo,20
allento,20
mugnai,20
lincei,20
cantato,20
inesplicabile,20
accoglare,20
pregno,20
ecologo,20
giovo,20
dubbie,20
prelevamente,20
sabrine,20
sintetizzato,20
munente,20
distruttrice,20
nasino,20
armido,20
galbiare,20
alzo,20
livigno,20
perfida,20
riattare,20
maldestra,20
brillantezza,20
vivenza,20
grosse,20
stanziira,20
manchino,20
sfinire,20
ritta,20
datanto,20
scodellare,20
anellare,20
avigliano,20
mintoff,20
baruffa,20
razzolare,20
castare,20
sollevòre,20
gommapiuma,20
fuggiva,20
insoddisfatta,20
parrucco,20
copa,20
contribua,20
arami,20
rodello,20
rivelato,20
felitto,20
beaubourg,20
deposre,20
mondanità,20
collettivista,20
adattabile,20
mancale,20
autofertilizzante,20
pasdere,20
fonteno,20
carlotta,20
albese,20
esemplarità,20
penzolare,20
pagar,20
precompresso,20
pubblichire,20
stabilivo,20
tobia,20
dattilo,20
eolio,20
cadico,20
gogò,20
accompagnato,20
rifacciare,20
cerato,20
tonde,20
cirio,20
laboracore,20
incline,20
indirizzarre,20
atame,20
appagalo,20
smetta,20
adeguandolo,20
fumosità,20
surrettiziamente,20
limita,20
intatti,20
feist,20
arlena,20
esamina,20
casual,20
polpa,20
nocella,20
sbucciare,20
riscuotare,20
recentissima,20
guanciale,20
pillar,20
malsana,20
veduto,20
muse,20
opartc,20
impiegatizia,20
smal,20
cineamatore,20
monellare,20
budinio,20
posiziono,20
transalpine,20
strip,20
legalizzato,20
irpare,20
oleifico,20
formello,20
fiesoe,20
ascaro,20
tergo,20
recitante,20
manfredo,20
tenitoro,20
ritire,20
giacolone,20
tlatelolco,20
elida,20
bravale,20
fantomatica,20
tarlare,20
dovuta,20
sostituì,20
cantar,20
issi,20
dogai,20
schuss,20
papaia,20
avulsare,20
esaustivo,20
orerare,20
roller,20
alcina,20
lustrino,20
alberre,20
calderina,20
galois,20
algia,20
seriazione,20
riaggregare,20
proserpio,20
balta,20
rinfresco,20
trentacinquemila,20
porsco,20
petrosello,20
intervenirre,20
binano,20
evidon,20
gemellato,20
trebbiano,20
protraggono,20
institore,20
alisei,20
verdi,20
diabolica,20
anghiare,20
obolo,20
pantomimo,20
trattale,20
rivoltelle,20
sottoscrivare,20
kissingeriano,20
dissetare,20
ferrotranviere,20
scavato,20
nazi',20
guarì,20
ufficialo,20
pinguo,20
asola,20
affrettatamente,20
incontrao,20
pome,20
fatidica,20
mastico,20
critichere,20
fregano,20
udico,20
balbi,20
corbo,20
cruccio,20
regolo,20
assare,20
superalo,20
immagare,20
periferica,20
effettuo,20
formate,20
memorio,20
mostre,20
ventinovesimo,20
alimentar,20
trasferì,20
fabiana,20
iota,20
amicone,20
arciere,20
locuzione,20
avvinazzace,20
castelli,20
jovinello,20
collabore,20
ascrizione,20
contrar,20
iterare,20
cottone,20
toledo,20
itri,20
tagliacozzo,20
devare,20
unicef,20
giustiziero,20
agirare,20
ceni,20
slittino,20
gallego,20
analgesico,20
atematico,20
pedato,20
lucilla,20
stunt,20
elaboralo,20
cambogiane,20
balcani,20
cassettone,20
intone,20
indifendibile,20
maestrina,20
ingegnante,20
eleggibile,20
cannuccia,20
albi,20
quei,20
xuan,20
icarare,20
lurare,20
inoltra,20
colloco,20
gratificante,20
speco,20
montorre,20
icbc,20
uoso,20
sahariare,20
confrontano,20
stanic,20
attacca,20
depenalizzare,20
taverno,20
apponibilità,20
pasticcerio,20
indente,20
subappaltare,20
unicum,20
diparto,20
panunto,20
partirò,20
azzerare,20
anconetana,20
baranzato,20
mistione,20
sciita,20
modelline,20
cripel,20
otalgia,20
discuteranno,20
1876,20
contromanifestazione,20
colosimo,20
interrala,20
sciaccare,20
tirrenare,20
orazia,20
caligola,20
insedia,20
bancarello,20
bolgare,20
dibatti,20
amandola,20
edenre,20
forcone,20
uebele,20
associaz,20
sediare,20
biglielo,20
fantina,20
proibista,20
antitubercolare,20
collocatole,20
settingiare,20
crsrtv,20
novafeltria,20
balestrino,20
mastini,20
deteno,20
provante,20
transit,20
pittante,20
osbore,20
campotizzoro,20
nardodipace,20
anserino,20
granducale,20
scolmatore,20
sozzi,20
sadoul,20
verruco,20
colonica,20
happy,20
sportsera,20
triaco,20
camonica,19
traumatizzare,19
ianare,19
seconde,19
dichiarandoso,19
gialli,19
filofascista,19
rivelatoso,19
vanifichare,19
commossare,19
scardinamento,19
carceraria,19
aldeide,19
pescarolo,19
vincevare,19
piozzare,19
interrogavare,19
protraggere,19
simbionte,19
invoco,19
prono,19
massacrato,19
disadattare,19
girardengo,19
sepolgere,19
jodorowsky,19
sancì,19
percordere,19
seppellì,19
cavalletta,19
iarovizzo,19
grossolani,19
osere,19
lattico,19
portacolore,19
arbitriire,19
illiceità,19
unciale,19
ilda,19
canterbury,19
indovino,19
spudorato,19
invendibile,19
jerevan,19
compiacimente,19
inferto,19
disobbedire,19
condensato,19
ibrida,19
inserite,19
costernare,19
rimaneggiamento,19
tiburtare,19
cattolicità,19
postconciliare,19
predominanza,19
dedotto,19
rilascare,19
refi,19
teletrasmissione,19
inuma,19
morbidio,19
pulare,19
bigotto,19
metabolismo,19
mistura,19
giorgino,19
mazzette,19
vinare,19
ammaccace,19
funga,19
trianon,19
bertibello,19
espressionistico,19
graham,19
svagare,19
asburgo,19
corruttela,19
svenimente,19
orgogliosamente,19
lusitano,19
decifrazione,19
mccoy,19
veniare,19
rinvigorimento,19
sventolio,19
goldfinger,19
contraere,19
louisiana,19
catechismo,19
ridiscendere,19
ricalco,19
preferivare,19
sarabanda,19
ribattuto,19
zingarelli,19
mentì,19
sigario,19
navone,19
danneggiamenti,19
maremmana,19
sospenda,19
provincere,19
discutibilissimo,19
usuro,19
dragaggio,19
istriano,19
traducibile,19
indenno,19
alinea,19
interessandoso,19
nickel,19
svevo,19
tristissimo,19
erudito,19
cerilo,19
torvo,19
lavorarere,19
cimatore,19
giubbine,19
trentenna,19
opprimere,19
1878,19
paghino,19
ventiseiesimo,19
prematrimoniale,19
raiano,19
arrossare,19
radiotelefono,19
sopraffatre,19
rievocativo,19
progressirre,19
generone,19
rimette,19
apocalittica,19
coinvolgente,19
dicire,19
impazzito,19
ashley,19
spalancato,19
convertere,19
esautoramento,19
ancpl,19
saliscendo,19
intravede,19
psicoanalista,19
cabota,19
affranto,19
aleme,19
conciliabolo,19
bloccalo,19
indicibile,19
corvino,19
definari,19
compongono,19
traile,19
lusingare,19
olonare,19
allista,19
fregata,19
pettorale,19
grondere,19
preindustriale,19
infischiare,19
radiotecnico,19
una',19
pakistana,19
radium,19
vestivo,19
sollecitino,19
aggere,19
limitandoso,19
sperimenta,19
ronciglione,19
cortare,19
calenda,19
rifatta,19
giovina,19
inserendolo,19
fondameli,19
azero,19
cardiologico,19
idraulica,19
connessare,19
conoscete,19
3800,19
mariuccia,19
tollerere,19
perore,19
doler,19
prevalse,19
atesine,19
fredde,19
ricadare,19
tafone,19
riproposto,19
medole,19
psichedelico,19
quaglia,19
sofismo,19
atamano,19
verzottare,19
iniziatosi,19
globulo,19
odontoiatrico,19
digressione,19
villasimius,19
damine,19
bellaria,19
pontefico,19
integrismo,19
bombardato,19
saras,19
gestiscare,19
atipicità,19
rappresaglio,19
autodefiniscere,19
ventisettenne,19
sevizio,19
piacciare,19
nulle,19
antologiare,19
insulare,19
avariai,19
persiana,19
edmondo,19
vicepremier,19
rosignolo,19
indebita,19
conoscimento,19
idiota,19
bagolino,19
faustare,19
proibitare,19
rocchetto,19
vanessa,19
verbare,19
tartasso,19
riunitisi,19
pisere,19
lepanto,19
sommerse,19
apaca,19
avito,19
ricolta,19
disgustare,19
addomesticato,19
afghanistan,19
solfo,19
pope,19
reame,19
alaire,19
strutturalismo,19
daru,19
aeroflot,19
cinquantasei,19
attacchino,19
rolling,19
teppa,19
adulterino,19
faceta,19
spingevare,19
smitizzare,19
esumante,19
esigevare,19
affannato,19
battitore,19
intenza,19
carburanto,19
toner,19
guano,19
deludengere,19
scrittare,19
nassa,19
casere,19
sollecitiamo,19
slalomista,19
sound,19
ricadrebbe,19
acuii,19
sciolga,19
artsy,19
panificio,19
giudiziare,19
screre,19
cantatore,19
cronometraggio,19
incorno,19
brutta,19
inscatolamento,19
amaca,19
deducere,19
giudicandolo,19
angiare,19
seychelles,19
arnione,19
fuoruscire,19
apostolare,19
bloch,19
microscopico,19
laurei,19
vigenza,19
orchestrazione,19
temperia,19
assortito,19
iugoslavo,19
possiedere,19
igienere,19
incoraggare,19
riservere,19
salinella,19
lacere,19
avvicinandoso,19
amhara,19
univocità,19
giocoforzare,19
oppino,19
ciliegio,19
reagita,19
figliare,19
golpismo,19
inflazionato,19
tommadere,19
ripone,19
barano,19
autoctonare,19
esportabile,19
repulsione,19
seguirebbe,19
sgobbare,19
stressare,19
ept',19
verdiare,19
centallo,19
recluto,19
glucksmann,19
asst,19
avvenissero,19
rimorchiare,19
israela,19
avure,19
rigorista,19
morgex,19
adopera,19
bastiano,19
eccola,19
spalle,19
cubitale,19
rumorosamente,19
scrivevanore,19
torse,19
abluzione,19
sirto,19
cifrato,19
determinerebbero,19
ladina,19
escludono,19
urbici,19
dele,19
amando,19
socialcomunista,19
eppura,19
salvaguardato,19
chimere,19
mitterie,19
setre,19
competo,19
cipriane,19
spontaneistico,19
angolato,19
sgusciare,19
turchetto,19
sconfina,19
piacque,19
sfatao,19
nevrosi,19
sabrina,19
addento,19
sedente,19
desinare,19
olivia,19
vacillante,19
ossidazione,19
ragazzetto,19
ergo,19
bianconere,19
allucinato,19
sbugiardare,19
gambere,19
lercerò,19
canyon,19
assemblamene,19
erbio,19
redford,19
decorosa,19
storma,19
rené,19
crusca,19
smarcato,19
gerarda,19
avanzere,19
pentone,19
traballare,19
rube,19
arroventato,19
santissimo,19
incidono,19
balde,19
radunere,19
alzano,19
retrobottega,19
farfallo,19
disperante,19
ranco,19
barante,19
riforniscono,19
cucine,19
schepsi,19
scarna,19
editrice,19
somalira,19
enpdep,19
emare,19
punere,19
5500,19
pennine,19
iaire,19
pizzicare,19
virato,19
manualmente,19
profilandoso,19
convingere,19
foschia,19
irak,19
mutevolo,19
totip,19
binante,19
premeno,19
stalinista,19
doppo,19
petrucciolo,19
1886,19
raggiungessero,19
appesto,19
imprecazione,19
daziario,19
lorenzino,19
eseguibile,19
notalo,19
veneti,19
ricordavamo,19
fiorare,19
montaldo,19
salvòre,19
ottieno,19
masare,19
contrastere,19
60no,19
stampella,19
clodio,19
lanoso,19
sacrosante,19
noverare,19
borghetti,19
misurere,19
osale,19
sheraton,19
mengere,19
approfonditamente,19
respingerà,19
attica,19
discrimine,19
oceania,19
aiutino,19
sovvertere,19
finimondo,19
triotto,19
folato,19
pediatrio,19
arpa,19
benigna,19
scafato,19
indicò,19
gere,19
calunniosa,19
sovietskaio,19
ostruzionistica,19
esiliasi,19
articoo,19
relato,19
disincantato,19
provengare,19
gionata,19
tiene,19
amni,19
lavoratori,19
dignare,19
nasso,19
professi,19
macchietta,19
divaricare,19
nastrare,19
ninne,19
torgnon,19
noiare,19
perugini,19
iodico,19
gliele,19
rinnovatrico,19
governatorato,19
monopolisto,19
rossonere,19
manifestalo,19
dongo,19
avventuriste,19
esalare,19
alpini,19
centrico,19
rayon,19
zanichello,19
nega,19
temer,19
porcino,19
esplosero,19
troveremo,19
varesere,19
effusione,19
borsellini,19
cisapuno,19
curry,19
fletter,19
emozionanto,19
accrescano,19
attuarere,19
realmonte,19
assaltarere,19
editor,19
seghetto,19
rimanda,19
latifondio,19
andarleci,19
costosissima,19
calzolaire,19
ridendo,19
rivendicavere,19
extraurbane,19
doarr,19
locai,19
suburra,19
viaggare,19
fideistico,19
memorizzare,19
parlamelo,19
prossima,19
scopa,19
sifone,19
sogene,19
joker,19
6arà,19
pressantemente,19
indaghare,19
paveso,19
estesa,19
canoismo,19
ornello,19
alta,19
ossee,19
dietrofront,19
premonizione,19
glielo,19
veci,19
manichei,19
ligi,19
marinone,19
cafone,19
disincantare,19
costrittivo,19
vacue,19
rappresento,19
asce,19
stimano,19
sottovalere,19
stroncato,19
saccente,19
epiteto,19
bizzarria,19
asolano,19
popolaresco,19
renderebbero,19
proporremo,19
economa',19
acquare,19
evocativo,19
pilla,19
parafiscale,19
cogli,19
campanone,19
ambientamento,19
trantran,19
antidittatoriale,19
dal1,19
contitolare,19
trasformandolo,19
nobilissimo,19
melograni,19
settima,19
sengere,19
soggettivismo,19
eccedentario,19
macrina,19
opulente,19
dirozzo,19
problemi,19
stoccata,19
immeritato,19
spagnoli,19
geometrio,19
elicoidale,19
raccapriccio,19
malinconica,19
dandogli,19
aresa,19
gettavare,19
trasmetto,19
governao,19
birillo,19
provine,19
glaciazione,19
citroen,19
dannosità,19
1891,19
shake,19
ricostituito,19
viticultura,19
rinnovalo,19
postulante,19
bavero,19
barrare,19
motivata,19
californiare,19
riempivare,19
biglio,19
mattanza,19
settimane,19
privatista,19
riformulazione,19
capacire,19
crovare,19
partigiane,19
spettatrice,19
nostalgio,19
istruìe,19
vitoria,19
gretterio,19
godano,19
casacca,19
nascorre,19
rizzicone,19
chetino,19
pestello,19
differenzia,19
analitice,19
medaglietta,19
fungare,19
naturalità,19
rotei,19
decrepire,19
panza,19
falcata,19
metterebbero,19
rispecchare,19
riccamente,19
reflex,19
giraffa,19
abiurante,19
montecassiano,19
inattese,19
galloni,19
scremare,19
spoiler,19
pedalata,19
cedure,19
cetrangolo,19
baffone,19
allelo,19
cantastorio,19
predispostore,19
presolano,19
standardizzare,19
passerare,19
omicidi,19
penelope,19
scolorito,19
barole,19
giumento,19
fure,19
squadrare,19
propongo,19
pedemontano,19
ixps,19
fornovo,19
gobbe,19
eritro,19
leggevare,19
dicco,19
patriarco,19
atee,19
acetoso,19
feliciare,19
detre,19
angelici,19
quadri,19
lumine,19
bandone,19
nesti,19
vedove,19
associo,19
elviano,19
maxe,19
cadina,19
puntala,19
furlanare,19
vanne,19
ermenegildo,19
pennare,19
preveggenza,19
conflente,19
riscoperte,19
ceralo,19
sorel,19
lautamente,19
aizzerare,19
esibito,19
affere,19
vorrere,19
prolificare,19
consumata,19
rivolsero,19
incastonare,19
vogo,19
chiodato,19
dissodare,19
attentalo,19
operatrice,19
buscema,19
bacillo,19
intellettualismo,19
sangallo,19
espurgo,19
bronchiale,19
stracittadina,19
prospiciento,19
laurenzio,19
levo,19
fumario,19
candiolo,19
predare,19
circolarità,19
doriano,19
continuerò,19
lance,19
svere,19
costituitasare,19
scodellato,19
arridare,19
funzionino,19
sfornire,19
predispone,19
idoneere,19
canda,19
dispiacero,19
concluda,19
orlana,19
manamare,19
avanscoperta,19
corneliare,19
scioglio,19
prevalsi,19
onorato,19
eludare,19
dissogliere,19
tutta,19
unigiano,19
ricoperte,19
orlace,19
comatoso,19
doriare,19
acquavivo,19
risorga,19
acerba,19
faino,19
apprezzo,19
incomincire,19
lata,19
zuppa,19
amareggiato,19
cremonare,19
irrisolvibile,19
alcuni,19
istituendo,19
tuone,19
aizzatore,19
infognante,19
gregoriana,19
leandra,19
portellone,19
sabbione,19
6ulle,19
facchinaggio,19
condur,19
collocata,19
severissimo,19
canzoncina,19
graffiare,19
argomentata,19
sprangare,19
parapetto,19
diversificira,19
greppo,19
calcolatrice,19
terminologico,19
pannarone,19
permeabilità,19
profago,19
confortevolo,19
trailare,19
falcinellare,19
distribuì,19
alberare,19
superproduzione,19
allagala,19
argenterio,19
ffss,19
enzino,19
controsenso,19
lustra,19
silla,19
manichea,19
coniglione,19
insalatiera,19
destrare,19
capostipite,19
crendere,19
descare,19
abboccamente,19
porterà,19
grimaldello,19
allocazione,19
slum,19
brechtiare,19
volino,19
noccare,19
maschietto,19
secore,19
aanche,19
affidavit,19
lezi,19
perfusa,19
tenne,19
tozza,19
sopal,19
scrive,19
localismo,19
penalo,19
individua,19
avella,19
agatare,19
soffice,19
aletta,19
attuaare,19
boccale,19
misti,19
colpisco,19
sfatto,19
affliggono,19
turoldo,19
cercalo,19
proclamire,19
islamabad,19
crossre,19
correla,19
debita,19
boroneddu,19
condanne,19
eccome,19
lessare,19
saco,19
wagon,19
collezionismo,19
vallivo,19
nien,19
paganico,19
disguidi,19
pinta,19
contraccambiare,19
rispettato,19
aeere,19
ponilo,19
babinsky,19
percettibile,19
castagnola,19
astrusa,19
statato,19
cordella,19
civitanovare,19
frastuono,19
contravvenire,19
uncio,19
beltrame,19
ultrasuone,19
quadrio,19
fitte,19
carogna,19
cisnu,19
discettare,19
nibbi,19
asseo,19
biomeccanica,19
bettega,19
approva,19
rammodernare,19
intercisi,19
farse,19
affrontalo,19
satine,19
aletterò,19
metil,19
tackle,19
mancalo,19
aprito,19
mirae,19
sostanziai,19
celebra,19
sintetica,19
aulo,19
lazza,19
campionatura,19
acla,19
ultradestra,19
braciere,19
penile,19
cilicio,19
trinaio,19
scuole,19
astenetto,19
laccato,19
traspaie,19
stativo,19
fumone,19
inalata,19
centrerao,19
galliato,19
socco,19
bengua,19
ottant,19
recintato,19
bruci,19
ordono,19
gilletto,19
accattone,19
capitello,19
cirro,19
determinale,19
castellarano,19
doli,19
temico,19
clonar,19
canaveral,19
assist,19
antisequestro,19
alacre,19
anonima,19
giacimelare,19
borgognissante,19
oristanese,19
subsidenza,19
stimarere,19
fidanza,19
ullmann,19
pdupc,19
dista,19
bikino,19
bissole,19
raspe,19
elei,19
spugno,19
tongano,19
montesilvare,19
grifo,19
prefetturare,19
ancifap,19
eugubino,19
zoppas,19
grassinare,19
taconeo,19
cardato,19
pirite,19
chiascio,19
maggiordomo,19
cavee,19
chinamo,19
esercitatore,19
celano,19
palini,19
billi,19
radiologiare,19
limena,19
tafano,19
20x20,19
erodare,19
prosciutti,19
cesis,19
retromarcio,19
soldatessa,19
ghierato,19
mcenroe,19
amoma,19
deriverare,18
gittata,18
intrigare,18
locule,18
sinfoone,18
salutavare,18
latenza,18
paternalistice,18
ululare,18
immolare,18
parale,18
fattrico,18
novantesimo,18
lodevolo,18
deliberata,18
oleare,18
vaticana,18
cuneesa,18
compartecipo,18
monteverde,18
sensibilissimo,18
figurante,18
monetina,18
scott,18
saldato,18
parlar,18
brigale,18
conferente,18
scaturisce,18
avvenivano,18
compilato,18
atomizzo,18
dessau,18
nunzia,18
solfare,18
barricato,18
bassamente,18
sule,18
annegano,18
leaders,18
pajetto,18
griselda,18
centralmente,18
graziosamente,18
intrepido,18
affidandolo,18
giustifichere,18
ferrazzano,18
barrana,18
signora,18
forsa,18
fraine,18
quarantaquattro,18
fumettistico,18
giaffa,18
clorazione,18
grassetto,18
reprima,18
mantenendoso,18
invertare,18
anmig,18
ninetto,18
bollatura,18
immaturamente,18
guineabissau,18
geneticamente,18
idiozia,18
immondo,18
inabissare,18
dominano,18
hitleriare,18
aerovia,18
esuberanto,18
ossessionante,18
poliedrico,18
chiacchiera,18
cincinnato,18
cineoperatore,18
acustica,18
polimere,18
immobilizzo,18
padreterno,18
disfar,18
kefir,18
cannoneggiamento,18
sfammele,18
risolverebbero,18
leggetere,18
aspettato,18
racina,18
alfere,18
nidi,18
baratoleci,18
trentunenne,18
chiedendonere,18
extraterritorialità,18
napolitare,18
fatterello,18
checca,18
bigiace,18
sedimente,18
filamento,18
condividevare,18
liberisto,18
istrionico,18
imperturbabile,18
pianoro,18
irrompe,18
tornassero,18
lanam,18
cedibile,18
alzaiare,18
benzinai,18
intacchare,18
msidn,18
alpinistico,18
srcm,18
guaritore,18
denunciammo,18
compiuta,18
aderii,18
fnsi,18
lombare,18
metronottere,18
prevenuto,18
reverente,18
alternatire,18
sperimento,18
cancri,18
amarcelare,18
aggraverebbero,18
acillino,18
minuetto,18
colpivo,18
iaaf,18
incesta,18
compìre,18
haitiare,18
terraiolo,18
spiccò,18
antisocialismo,18
azzerino,18
infarcire,18
festante,18
demagogici,18
irrefutabile,18
sofisma,18
mura,18
castellaccio,18
capannelli,18
sottragga,18
egon,18
preminere,18
permissivismo,18
seriale,18
svanito,18
pareggiano,18
astigiano,18
attendono,18
mantener,18
ricompaiire,18
festicciola,18
allibare,18
palasporte,18
interessatamente,18
skopje,18
ici',18
diapason,18
cioccolare,18
goffredare,18
pinetare,18
vietnamite,18
ultraconservatore,18
doppiette,18
roviano,18
baronessa,18
squilibrante,18
guinzaglio,18
capiente,18
sosti,18
sorveglia,18
pudico,18
socia',18
coltella,18
scafare,18
federesercente,18
tolomei,18
scacchistico,18
liquidano,18
accatto,18
lascinare,18
duplico,18
occhiato,18
bloccata,18
accolgano,18
figliola,18
potenziato,18
motorizzare,18
schisi,18
paderno,18
discrere,18
improntitudine,18
ostica,18
rubicone,18
ritemprare,18
gazzare,18
testardaggine,18
chiendere,18
ulissa,18
altolocato,18
tappabuco,18
modesta,18
surriscaldamento,18
apparentare,18
sessuologia,18
radiospia,18
avocato,18
quadrilatero,18
cordovo,18
bismarck,18
petrillo,18
prevendita,18
marcialonga,18
tiburtinare,18
ascesso,18
felicitare,18
astronomo,18
gravitazionale,18
bervisi,18
incettatore,18
diaria,18
prenotato,18
comodissimo,18
correa,18
eccitato,18
costringevare,18
imprimo,18
agricola,18
penice,18
manchevole,18
roce,18
concilare,18
bigiarella,18
parker,18
gerente,18
consequenzialità,18
iasm,18
milza,18
pivello,18
penosamente,18
charme,18
strette,18
contardo,18
trovavamo,18
altalenare,18
1884,18
comandato,18
oliena,18
gianellare,18
continualo,18
traccio,18
perla,18
verdicchio,18
erronea,18
collateralmente,18
aumentale,18
schierato,18
abboccamento,18
autonomiare,18
volgarmente,18
morino,18
ficc,18
trasfigurare,18
enaip,18
lapidario,18
bussolotto,18
francasso,18
recuperere,18
faloppa,18
delineo,18
deificazione,18
infilzare,18
profferita,18
redarguire,18
stabilizzatore,18
stako,18
adunato,18
fonditore,18
radura,18
zanusso,18
collimando,18
internazionalisto,18
poppo,18
serate,18
rigorosità,18
esiguere,18
ci3l,18
esporto,18
continuiamo,18
pomeridiare,18
parò,18
centina,18
nostalgicho,18
colire,18
dattilografe,18
aderiscare,18
scambiato,18
mediomassimie,18
approvale,18
fedra,18
controrivoluzionaria,18
maree,18
calunniatore,18
inamovibilità,18
simmetria,18
pedulo,18
sopprere,18
obito,18
arasta,18
aostano,18
consentì,18
pagherebbero,18
sedurvela,18
inanità,18
incontrandoso,18
percottere,18
saudiare,18
smilitarizzare,18
serbatolo,18
limoncello,18
composo,18
6empre,18
diname,18
aggetto,18
invidere,18
apertase,18
finivo,18
tangibilmente,18
saundra,18
concludevare,18
persuase,18
questto,18
aggraverebberare,18
meningite,18
gastroenterita,18
scatoletta,18
tunisinare,18
illeggibile,18
avviatosi,18
dolila,18
sottoutilizzato,18
regolar,18
ripercottere,18
caruccio,18
potetto,18
melchiorre,18
ellisso,18
immelmano,18
sudoccidentale,18
paia,18
sovietlco,18
pagnotta,18
biancavilla,18
eforo,18
ritenendolare,18
dettoci,18
carugo,18
cassago,18
veniale,18
barreto,18
chelsea,18
apprese,18
mirellere,18
riscore,18
pomolo,18
cenge,18
lezioso,18
affore,18
corazziere,18
riutilizzo,18
impregiudicare,18
terio,18
catch,18
brown,18
demonico,18
fuoriclasse,18
atrocemente,18
dozzinale,18
consuetudinario,18
vague,18
antimonio,18
preavvisare,18
dispense,18
gromere,18
triodo,18
spegne,18
formativa,18
cromofora,18
pagandolo,18
dispiego,18
riceverere,18
immeritare,18
bollate,18
biasse,18
armiere,18
permettimo,18
ritraere,18
doleggere,18
cionco,18
dalmato,18
ingiustare,18
sandino,18
motocicletto,18
cianare,18
organizzando,18
ammarato,18
spettante,18
sopraindicato,18
apoliticità,18
subentro,18
analidere,18
rhodesiana,18
progetta,18
delineandoso,18
parolaccia,18
concepiscere,18
antipode,18
celtismo,18
dc-8,18
realisto,18
aggirere,18
ucip,18
bonifico,18
assoluta,18
rimbeccare,18
risalgere,18
pagaie,18
serpentone,18
corsare,18
corina,18
adenino,18
gliare,18
bifero,18
cubire,18
oleum,18
omanre,18
tenui,18
interino,18
madrigale,18
tempellone,18
bancale,18
avise,18
agnellino,18
decreta,18
pordenonese,18
decretane,18
approvo,18
asserita,18
invitale,18
parolise,18
berme,18
ridar,18
bassorilievo,18
cercatore,18
palinato,18
sagace,18
mescolanza,18
mungo,18
sibilala,18
fortissime,18
prebellico,18
goncourt,18
accentrano,18
godre,18
quinci,18
politiche,18
scopare,18
auesto,18
futilità,18
transitorietà,18
congegnato,18
presentata,18
venditto,18
cavalcante,18
moderna,18
riconducare,18
versò,18
valgano,18
eustachio,18
federasse,18
berbera,18
doblone,18
scontroso,18
restauratrico,18
incaico,18
piccioli,18
caludere,18
incidentale,18
baschere,18
annuncialo,18
gigliolare,18
epidemio,18
roxy,18
pitturare,18
dirigre,18
prodottasi,18
basavare,18
fallivo,18
imprudentemente,18
immunologico,18
murano,18
irriguardoso,18
hano,18
parascolastico,18
elitaro,18
frontespizio,18
approprio,18
zoeo,18
consegnalo,18
poltronere,18
rusticano,18
offe,18
neoplasia,18
bagattinio,18
guizzante,18
bolscevismo,18
biotta,18
tentata,18
altre,18
lucullo,18
museale,18
sfido,18
sballare,18
pavio,18
ercolino,18
conteo,18
enaolo,18
centrifuga,18
ciome,18
paesello,18
aggiornatissimo,18
affiorato,18
serigrafia,18
boscaiolo,18
condita,18
sedentario,18
condannale,18
scombussolare,18
impegnarono,18
considerandolare,18
nociere,18
castiglioncello,18
incore,18
intermediaria,18
angiolino,18
dicci,18
incisiva,18
sovraintendere,18
trasmigrazione,18
scettro,18
intergovernativo,18
idrovore,18
sportare,18
andrare,18
xxie,18
stanzi,18
narcotizzare,18
immatricolato,18
oggigiorno,18
ipca,18
adeguale,18
disorganizzare,18
paravente,18
matrizzo,18
firmino,18
asse',18
novantamila,18
rubira,18
otro,18
audaciare,18
piloto,18
postoperatorio,18
crepaccio,18
infedeli,18
costituitese,18
1883,18
urgento,18
rotonde,18
esiste,18
miscelare,18
impoverito,18
rondinello,18
metello,18
assomigliano,18
antieroe,18
sanatore,18
saponaro,18
radiologo,18
affermale,18
lettonia,18
ecumenismo,18
magliana,18
wolfenstein,18
balaustra,18
appassionano,18
spirre,18
amministratone,18
recheranno,18
cottimi,18
tenu,18
eisler,18
plauto,18
bazza,18
iniziai,18
avvolgente,18
pirolo,18
lenìre,18
delinei,18
rondone,18
pulitore,18
borderò,18
commissionato,18
terenziano,18
sfilacciamento,18
peccioli,18
temiamo,18
ciucco,18
eleano,18
supertassa,18
evirare,18
sottosopra,18
castelverde,18
consideriamo,18
concitazione,18
attenire,18
rivelatasi,18
sommaria,18
carezzo,18
sconsacrare,18
cleliare,18
potatura,18
nozionismo,18
tolre,18
ritenre,18
tiggiare,18
graficamente,18
marciscere,18
mitezza,18
4x100,18
naia,18
3400,18
ansimare,18
salamanca,18
tristo,18
nordamericane,18
romancio,18
innovato,18
cabro,18
conditare,18
sabbiadoro,18
risedé,18
inevasi,18
toledere,18
bicilindrico,18
smettare,18
rosalba,18
tbilise,18
inneggiano,18
mitomane,18
paesetto,18
cabale,18
indemoniato,18
ecologista,18
paranoico,18
rallentatore,18
abbiglia,18
divellere,18
protratto,18
contribuirà,18
annegato,18
flores,18
calcutto,18
bisesto,18
levitare,18
fletto,18
abbraccare,18
incagliai,18
honorem,18
scodo,18
limano,18
blenda,18
comignoli,18
guineare,18
melegnano,18
elettrice,18
gretola,18
sagrado,18
coppio,18
colorificio,18
clarino,18
massivo,18
lunedo,18
sovrintendento,18
clarinettista,18
rabbiosamente,18
incomparabilmente,18
iniziatoso,18
imprevidente,18
rimanessero,18
appariva,18
istalla,18
ertag,18
bitte,18
filisteo,18
esosità,18
riapra,18
risollere,18
contrariato,18
neurologo,18
dissonanza,18
silentino,18
occasiono,18
eroto,18
dicenso,18
alienato,18
baffuto,18
natto,18
ripropoarr,18
interpreto,18
criro,18
irito,18
precise,18
occupano,18
maturino,18
inascoltato,18
ponendoci,18
usualmente,18
acerrimo,18
15000,18
stilizzare,18
produce,18
essiccazione,18
insorta,18
animatrice,18
barbablù,18
calpesta,18
inerpicare,18
stoviglia,18
dependance,18
caronte,18
vendila,18
cinquant,18
rimuovare,18
telefona,18
conciaglio,18
prostituto,18
moabo,18
cope,18
foresto,18
remar,18
collinetta,18
nocerino,18
emittentere,18
incustodire,18
modano,18
feccia,18
sospirare,18
sughero,18
gioconda,18
lottizzato,18
poppar,18
mindszenty,18
minuzia,18
pensai,18
caldamente,18
igienlco,18
vendicatore,18
accompagnere,18
pizzicato,18
sballottare,18
muovessere,18
vaduz,18
ergetto,18
olcese,18
sostenitrice,18
poggiatesta,18
discorsare,18
risiedare,18
appetì,18
cuoiare,18
olivario,18
anticace,18
inasto,18
estendendoso,18
scuoto,18
flamine,18
interclasse,18
ebbare,18
turbinoso,18
flua,18
universi,18
sedimentare,18
mirabolanto,18
baconiano,18
venezio,18
figurino,18
centrata,18
equivarre,18
sperlonga,18
bollala,18
capolivero,18
acutere,18
ravviso,18
sottovoce,18
attravere,18
pingue,18
rapì,18
elettrocardiogramma,18
difensivista,18
cineriz,18
manopola,18
progredita,18
corpora,18
rubiera,18
1887,18
virgin,18
girovago,18
sfigurato,18
rivendichiare,18
amletico,18
ladresco,18
succhio,18
monimento,18
tuono,18
rottere,18
licinio,18
bimo,18
panzer,18
negrar,18
manfrina,18
accentratrico,18
feltro,18
assonanza,18
recato,18
leonessa,18
demolere,18
ferraiolo,18
belvì,18
grisù,18
caveau,18
pescecano,18
proletariare,18
furiosa,18
cossare,18
interrogalo,18
costruii,18
garofare,18
madonnina,18
patitare,18
cedendovo,18
bendere,18
incornare,18
avvenente,18
itera,18
svastico,18
diluente,18
rimano,18
reprira,18
imbandire,18
disboscare,18
procuro,18
alexa,18
curda,18
solidalmente,18
inviale,18
seni,18
animalista,18
alleggerimente,18
trentacinquenne,18
senta,18
svimez,18
ripo,18
petale,18
bovisio,18
iodio,18
aliti,18
stillazione,18
detta',18
pietroo,18
riscole,18
tirale,18
semaforico,18
autoservizio,18
inumo,18
continue,18
mandandolo,18
promiscuo,18
sciroppo,18
ferdinando,18
sceneggiata,18
libreville,18
alpinismo,18
talare,18
conselve,18
mrcare,18
elere,18
lacca,18
crepale,18
rumianca,18
subbiare,18
coopero,18
nepa,18
esita,18
agenore,18
lenticchia,18
convenzionalità,18
roulottes,18
muti,18
birre,18
endemia,18
responsi',18
dibattitare,18
andrete,18
inscenante,18
pescareso,18
congiungi,18
penis,18
insabbiato,18
coppietta,18
tappetto,18
targere,18
sottoscrivire,18
locarno,18
marchesato,18
pluriclasso,18
scarpella,18
coricare,18
chinacela,18
contraddicono,18
prioro,18
mitro,18
manrico,18
spigare,18
trere,18
sciata,18
ferimente,18
lufthansa,18
letino,18
domando,18
1470,18
filippico,18
anninare,18
avvialo,18
ritorto,18
puzzanto,18
vocato,18
inimicare,18
bigato,18
produttiva,18
diventato,18
lavorale,18
sinese,18
havere,18
stracciato,18
portualità,18
cordato,18
masticare,18
antinebbia,18
blastico,18
calzetterio,18
deliceto,18
divergire,18
fosfare,18
197b,18
graduatone,18
sivigliano,18
avilo,18
coniazione,18
correlo,18
divenirere,18
doposcì,18
tarsia,18
dentifricio,18
oggettuale,18
arcuato,18
barbina,18
flebo,18
portafogli,18
carpenella,18
bilotta,18
tifale,18
zaccagnini,18
populistico,18
diverga,18
rosetto,18
tonsilla,18
ardenna,18
classare,18
doliare,18
crepi,18
aronno,18
ardetto,18
mauritius,18
sottoposo,18
pietrisco,18
flange,18
laudaco,18
spendibilo,18
caratello,18
malus,18
precucinato,18
malformato,18
scampar,18
lusciare,18
1011,18
cascinare,18
congiungimento,18
solleve,18
tanare,18
demarco,18
ingrossamento,18
fagiolino,18
stemmare,18
serramento,18
affrettatevi,18
ramato,18
pomine,18
spontanee,18
formante,18
zinare,18
ivens,18
forest,18
medrare,18
artico',18
merse,18
senigagliese,18
remamene,18
lobbia,18
orticoltura,18
vivaistico,18
cloracne,18
busti,18
scai,18
pitigliare,18
antivaioloso,18
birbona,18
compitele,18
flegreare,18
modellar,18
gambrinus,18
cudù,18
furetto,18
controcanale,18
adale,17
plagio,17
riprodovere,17
rinvenuta,17
irrisoria,17
stazionamento,17
bisentina,17
bipolarizzazione,17
astila,17
crochet,17
sfuriata,17
sommarlo,17
pontificie,17
barino,17
parastare,17
avvocatessa,17
aznavour,17
pacemaker,17
1865,17
anodo,17
impallidire,17
peccatore,17
ruzza,17
cobra,17
rilevandone,17
trentatreenne,17
proveere,17
imre,17
insetticido,17
ortenndere,17
virtuosistico,17
ipotetica,17
rateare,17
svola,17
mentono,17
romana,17
emiliana,17
incentiva,17
bugno,17
sovletlco,17
deposita,17
alcara,17
pikkuus,17
treccia,17
berciante,17
debordare,17
acaule,17
responsibilità,17
vesprio,17
affidale,17
sinascel,17
nascondevano,17
pandare,17
cgtl,17
beltà,17
automio,17
federatala,17
romea,17
attimi,17
provengono,17
coautore,17
autogrill,17
flamenco,17
simbiosi,17
caramente,17
goldo,17
raggiunga,17
inneggiavare,17
sottomare,17
promiscua,17
affaccendare,17
giannare,17
collochinore,17
occorrerebbe,17
omosessualità,17
teutonico,17
taciturno,17
spassoso,17
corregionale,17
schiarite,17
inconscia,17
bugio,17
profetizzare,17
cubato,17
2550,17
niardo,17
fallosamente,17
staffilata,17
pancaliere,17
impugnato,17
coimputare,17
squadracce,17
gelar,17
cimenre,17
gattatico,17
argonre,17
babysitter,17
contestiamore,17
garrono,17
versavare,17
romanzere,17
jonathan,17
cose,17
estrapolazione,17
teresio,17
numerare,17
disorganizzato,17
partitissimo,17
parossistico,17
inseguimente,17
smontaggio,17
sabbioso,17
diluì,17
triestare,17
deborah,17
inerii,17
bretton,17
donaie,17
trasbordare,17
sostengo,17
affluito,17
contrappuntare,17
impostore,17
imbastere,17
cossio,17
appoggeranno,17
ribadiscere,17
cinquantasette,17
insaziabile,17
gremitare,17
giovinazzo,17
arrare,17
oblare,17
settantasei,17
effige,17
narcotica,17
eurocentrismo,17
ventenno,17
trucchetto,17
prelere,17
oppongare,17
raccomanda,17
emanere,17
cementiero,17
neofascirre,17
improvvido,17
misconoscere,17
molfetta,17
capostipito,17
raffa,17
risolso,17
brama,17
vegetativo,17
diamine,17
salaam,17
trombosi,17
laconica,17
deconcentrato,17
balbettante,17
octavio,17
quarantennale,17
cangiamento,17
ciancare,17
abusire,17
ruby,17
privacy,17
slegato,17
fraintendimente,17
simulacro,17
giacchetta,17
odano,17
aiutarere,17
1888,17
dick,17
unionista,17
emettare,17
incidentalmente,17
piovosità,17
giustissimo,17
manubrio,17
domenicani,17
modare,17
lontra,17
giovale,17
allucinazione,17
ceruleo,17
labico,17
parano,17
rapi,17
approvasso,17
vige,17
tory,17
marre,17
ignobilmente,17
soperchio,17
interrompire,17
punita,17
proscenio,17
ciliege,17
esperie,17
disgraziatamente,17
seminatore,17
televisiva,17
vanere,17
artesiano,17
panzanella,17
leggevamo,17
falsario,17
pascere,17
carreggiare,17
gottolengo,17
caletta,17
attivizzare,17
subirebbero,17
pronta,17
sbocciare,17
carambolare,17
sclerotizzare,17
capoccia,17
offrirebbero,17
domatore,17
nitidezza,17
ernerre,17
rampogna,17
riferma,17
millenaria,17
barale,17
borea,17
trone,17
allontanato,17
bovary,17
cadrebbero,17
trovano,17
adottale,17
baldovino,17
scassinare,17
dirima,17
concimare,17
sessantuno,17
faceto,17
anemico,17
assidua,17
vinello,17
1015,17
storie,17
literaturnaio,17
sconvoltare,17
estetista,17
venda,17
trace,17
floriana,17
agazio,17
adeliare,17
saipem,17
piletico,17
campionessa,17
sciarro,17
vergogno,17
interposre,17
gaie,17
quare,17
combatto,17
bazooka,17
necrologio,17
revocato,17
accetterebbe,17
timpano,17
frustata,17
sentiremo,17
dissacrare,17
simpatie,17
datò,17
papeto,17
fortunata,17
appannamento,17
effervescenza,17
biancorossare,17
novareso,17
giusta,17
trasportabile,17
soffermandoso,17
accorda,17
virgilia,17
salutario,17
risiedevare,17
interpretere,17
risona,17
ricomparire,17
celtio,17
perequare,17
verificatidere,17
cinematografica,17
presley,17
adite,17
artigliere,17
presere,17
giudea,17
inedite,17
gradita,17
ammacco,17
filologicamente,17
lignito,17
riformatorio,17
tramontana,17
pelé,17
aderizza,17
frustare,17
guyano,17
aderirere,17
macinato,17
cellona,17
correggare,17
qcesta,17
clona,17
darère,17
discretamento,17
policentrico,17
forbico,17
assistettere,17
cagnolino,17
carcerano,17
nauto,17
lgplre,17
sotterfugio,17
puzzle,17
traila,17
europeisto,17
chiede,17
frese,17
sciovinista,17
trao,17
datto,17
pollastrella,17
raffaelo,17
trevo,17
minorare,17
sacerdoti,17
lamporo,17
rotativa,17
poliziare,17
regnante,17
legandolo,17
diffonda,17
appoggiandoso,17
edulcorato,17
adolescenziale,17
quadrone,17
segue,17
inaccessibilo,17
recingere,17
pretenda,17
inviere,17
risvolgere,17
illimano,17
libarvico,17
drammaturgica,17
commentario,17
assidere,17
salvagente,17
ridondante,17
gigare,17
bigname,17
assumendosi,17
nus',17
ripongere,17
itinere,17
mostar,17
inventa,17
colibattero,17
diverrebbero,17
crepo,17
marc,17
sindacata,17
feconde,17
embriologia,17
pigio,17
superò,17
manitu,17
cacca,17
federatale,17
entreranno,17
cerusico,17
compiaciuta,17
allumina,17
davino,17
attuario,17
registrino,17
abbellimento,17
pony,17
enuncio,17
trias,17
divisi,17
alienamento,17
infertire,17
scacciacano,17
fuco,17
istitore,17
sciolta,17
deteriorarsi,17
atinare,17
scomparrere,17
terresre,17
neorealista,17
conchino,17
adelia,17
unilever,17
pistolettata,17
illegittime,17
eurodollaro,17
terrazzino,17
elevano,17
pavesa,17
passiva,17
recatase,17
provetta,17
steamer,17
granario,17
boga,17
beotico,17
dorello,17
condiglio,17
trattalo,17
concludore,17
riapparso,17
gasdotti,17
imprecise,17
colga,17
prefiggono,17
moltiplicarsi,17
temporaneità,17
organiche,17
condividiare,17
calorifico,17
suba,17
decidevano,17
eietta,17
passeggera,17
dna',17
capi,17
deserta,17
sambe,17
parafo,17
manodopero,17
dominato,17
decade,17
fomentatore,17
vili,17
tortellino,17
tentone,17
fregatura,17
acconcia,17
acceppo,17
carbonarare,17
gianicolengere,17
mollico,17
rifiutere,17
analfabeto,17
sfasa,17
telescopico,17
frances,17
portassero,17
pedagogica,17
giudicheremo,17
premolo,17
svendito,17
magasare,17
rizzardi,17
continuasse,17
carabi,17
perdurano,17
planimetrico,17
denunciale,17
intesto,17
suscitatore,17
intrinseca,17
pressato,17
hogwarts,17
ricavandone,17
inseguita,17
budini,17
luccicare,17
dimostrabile,17
spappolare,17
tenimento,17
tornale,17
zimbello,17
zille,17
mastrare,17
riscritto,17
sciire,17
funerario,17
finemente,17
sapa,17
rammentire,17
armarglo,17
evelio,17
ingombrare,17
fredda,17
riprodotre,17
macrino,17
artefatto,17
canine,17
briccico,17
abbattono,17
bassissima,17
collocabile,17
soffriva,17
pulere,17
esem,17
usufruito,17
pannicello,17
esemp,17
maggiorenno,17
combattére,17
inverare,17
agri,17
pensiare,17
lisi,17
ricolto,17
fedora,17
sberleffo,17
albatro,17
editare,17
stazionarietà,17
elico,17
preavvertire,17
scissionisto,17
maccartista,17
sinfonicio,17
rizzole,17
resare,17
fuare,17
nipotina,17
tuttofare,17
cingolare,17
fulham,17
livella,17
eaap,17
attive,17
superar,17
curabile,17
catenacci,17
narteco,17
distrofico,17
azovre,17
presule,17
gilda,17
caravella,17
tassabile,17
adolescenti,17
trafiggere,17
pastello,17
ciga,17
roga,17
mascherina,17
protestataria,17
bundeswehr,17
radioterapia,17
pagane,17
calalo,17
cambierare,17
abbiare,17
trasmere,17
suscitalo,17
isbe,17
pubblicai,17
peruviana,17
leon,17
pinza,17
affannosa,17
mcmillen,17
ribatto,17
purgatorio,17
imbalsamare,17
forchia,17
mimato,17
crudere,17
accendo,17
uscivano,17
1150,17
piacevolmento,17
malvagia,17
ideologizzare,17
paillard,17
intermittenza,17
didatticamente,17
uste,17
aquile,17
scodi,17
stayer,17
segnavare,17
irregolarmente,17
guelfo,17
gerarchizzazione,17
ambivalente,17
liquefazione,17
presene,17
fitti,17
pulc,17
caposcuola,17
morbillo,17
fosbury,17
valevare,17
fedelissimie,17
germoglio,17
nitratore,17
sapile,17
convochere,17
lanciai,17
macchi,17
tadinare,17
stufetta,17
cuocare,17
aggrega,17
erbaio,17
dispersire,17
verna,17
strevi,17
agostano,17
maratone,17
metti,17
cedile,17
asprino,17
cortei,17
sfavorevolmente,17
celomo,17
astuccio,17
rumino,17
ozzero,17
imputa,17
cantuccio,17
lavoratole,17
ritolsa,17
leitmote,17
sognato,17
pollini,17
turiamo,17
manieristico,17
supervalutazione,17
loare,17
rapidere,17
banditore,17
trasformo,17
venticinquemilare,17
confida,17
acrobata,17
benestanto,17
cardiopatico,17
piromano,17
spettavare,17
papadopoulos,17
carrero,17
abbisogno,17
romanesco,17
sommarietà,17
pontone,17
salirono,17
elfo,17
preziosismo,17
stravoltare,17
negatore,17
siviere,17
alluce,17
bombone,17
tentatilo,17
invalidante,17
scoperò,17
crediamo,17
incisare,17
onerale,17
cisalpino,17
costeo,17
pubblicalo,17
amarare,17
salvagli,17
attentissimo,17
passatella,17
scioccamente,17
barlassina,17
entrerebbero,17
imponderabile,17
deve,17
criticismo,17
innominare,17
solidissimo,17
motonautico,17
ausope,17
verme,17
balduina,17
pendolo,17
repubblichina,17
istitutrice,17
ignotare,17
chiantigiano,17
cariplo,17
sollevere,17
fisarmonico,17
vigolo,17
caparra,17
forgia,17
cieli,17
lepra,17
decuplicare,17
curvo,17
concimazione,17
riespello,17
amere,17
fondovalla,17
micie,17
cartigliano,17
rilevalo,17
micaela,17
scorpione,17
neno,17
coscritto,17
causalità,17
fiorini,17
rugbisto,17
intraprendento,17
eleare,17
sacello,17
patrie,17
prevalga,17
miglioro,17
instradare,17
mondovì,17
accorsero,17
ritennero,17
nadio,17
pagherare,17
mercuria,17
aviario,17
ciampare,17
aveno,17
essana,17
mollere,17
ballarcisi,17
abbatto,17
parassitismi,17
laido,17
determinatae,17
impelagare,17
integranto,17
ghisalba,17
cogoleto,17
intenderare,17
idrotermale,17
chiesti,17
bearo,17
staatsoper,17
frittura,17
striscianto,17
positivamere,17
idroelettrice,17
chiane,17
sarare,17
tendino,17
estetizzante,17
gilberta,17
cordaio,17
recalo,17
condanno,17
manipolatore,17
parsimonioso,17
magneti,17
dimere,17
superiorare,17
succivo,17
testate,17
contestavare,17
parlamentino,17
sfavorevola,17
inadeguatare,17
stoe,17
rafforzere,17
matra,17
lodevolmente,17
matador,17
panoramare,17
martedo,17
clarinetto,17
erigi,17
popelino,17
obiettalo,17
madrepatria,17
falcione,17
zuppo,17
idalgo,17
annettire,17
cartura,17
procurere,17
falòe,17
rotondire,17
stanzette,17
patioo,17
cignone,17
valicho,17
formalista,17
incarcerazione,17
centromediano,17
dentino,17
vagliato,17
incursore,17
panzone,17
concrire,17
campagnole,17
sputnik,17
consacrato,17
ordinarlo,17
claude,17
rinnovata,17
idaho,17
rimborsabile,17
decathlon,17
delude,17
eufonio,17
contrafforto,17
vitae,17
recatidere,17
turbativo,17
faccino,17
esponibile,17
mondalo,17
retino,17
eliminere,17
crescano,17
detraere,17
papozza,17
toml,17
anticristo,17
perifrasi,17
agazzino,17
pregevoli,17
calorosissimo,17
indispettire,17
cortale,17
terzorio,17
crocefisso,17
crotto,17
trentatrée,17
imie,17
nocciolete,17
erettivo,17
profusione,17
diciamo,17
parolaio,17
cromatismo,17
cartoleria,17
estensibile,17
almee,17
racchiusi,17
fugato,17
cenato,17
intattare,17
account,17
vedevare,17
favorevolissimo,17
edonistico,17
frettolosità,17
contraddistinte,17
netturbini,17
traviata,17
isight,17
intendetere,17
collimante,17
prescriggere,17
spartano,17
piagnoni,17
sangro,17
ioide,17
staffilato,17
incomprensibilmente,17
sbandierato,17
orosiano,17
mestizia,17
clono,17
sfoglino,17
soliera,17
tariffarlo,17
amsterdamre,17
pirato,17
pupare,17
convere,17
finanziabile,17
tuffatore,17
endovena,17
inscrivere,17
gianicolense,17
moscovire,17
paltò,17
maciste,17
cristallina,17
proseguari,17
ingiustizio,17
morosi,17
sottraendoso,17
cigliato,17
limire,17
snella,17
meinare,17
palleggiatore,17
inteli,17
alturare,17
giustiziato,17
autoescludere,17
arrossire,17
inverdimento,17
ruta,17
accedare,17
stilizzato,17
aprirescere,17
irruente,17
visibili,17
flec,17
pasok,17
rezzo,17
pocenia,17
monio,17
radico,17
chianco,17
consistentemente,17
smarrimengere,17
vitaliziante,17
appozzo,17
dimentichiamo,17
treiare,17
arignare,17
rinomare,17
torneremo,17
sussurro,17
avutese,17
liscire,17
surrettizio,17
salio,17
esplicitazione,17
liberante,17
areico,17
marga,17
sofiare,17
sembrato,17
divincolare,17
sviluppatidere,17
ipertensione,17
resecare,17
detronizzare,17
socializzante,17
fissile,17
strumenta,17
autorizza,17
vegliardo,17
scompaiono,17
eracle,17
barbianello,17
inespugnabile,17
deporere,17
conforma,17
groscavallo,17
sovrappongere,17
parcare,17
attua',17
compieto,17
macedone,17
volato,17
doverare,17
duplicato,17
esano,17
pigra,17
tormentata,17
sventrato,17
lamierino,17
canicola,17
aggiramento,17
mimoso,17
bicilindrica,17
barcamenare,17
sol',17
tassato,17
candidale,17
dupont,17
pressore,17
menatore,17
strattone,17
indigestione,17
bargello,17
chiosa,17
accomuno,17
rapaco,17
cosmonautica,17
varice,17
gianmichele,17
castiglion,17
dedale,17
coorte,17
spigrilo,17
reincarnazione,17
abbandonalo,17
pratolino,17
notire,17
lavandino,17
cassapanca,17
pentila,17
abbassalo,17
saturno,17
inanere,17
vincola,17
caseificio,17
scricchiolio,17
godesberg,17
sturno,17
temevamo,17
liquama,17
blog,17
mareggiato,17
aguzza,17
rullare,17
cotoniere,17
palmere,17
concerno,17
anticassimo,17
mormora,17
copperfield,17
gite,17
poietico,17
chiedine,17
zebù,17
quarantasette,17
sodico,17
domine,17
marxiare,17
crealo,17
united,17
notascere,17
radente,17
innocuità,17
bollettare,17
coendere,17
rembrandt,17
economicare,17
giacobinismo,17
pallettone,17
voivodina,17
condiziere,17
discotecare,17
maoista,17
sinopsi,17
dattilografia,17
cartesiano,17
unista,17
castelluccio,17
fiastra,17
umbertido,17
abside,17
ariare,17
increato,17
rubante,17
fuggevole,17
obietta,17
truono,17
logorato,17
trasformista,17
attilia,17
innaffiare,17
condito,17
occupatila,17
gigantesca,17
olivello,17
potenziamente,17
sventola,17
irruppo,17
nonio,17
pendii,17
lograto,17
capitanato,17
centocel,17
sardismo,17
rivola,17
shakespeariana,17
ridila,17
salvaguarda,17
figlina,17
tutare,17
costituisco,17
mirabella,17
segretarlo,17
cancellatura,17
turione,17
orinao,17
dovimelo,17
pergere,17
tavernetta,17
raccolgo,17
peruginere,17
firmalo,17
suvereto,17
manie,17
portanzao,17
postal,17
clere,17
bingo,17
sfangao,17
patate,17
eliminale,17
sulzberger,17
ghierare,17
binago,17
determinatosi,17
mutandine,17
tinger,17
regare,17
fabbricherà,17
determino,17
diligento,17
sonaglio,17
riequilibro,17
frullo,17
sigmio,17
scaturo,17
permeabile,17
esubero,17
eteare,17
friulare,17
stagiono,17
cromire,17
bilomento,17
cancella,17
terziare,17
anio,17
usala,17
autoriduttore,17
claino,17
sapeo,17
sibario,17
fisu,17
floricolo,17
topoi,17
pozzare,17
cinefile,17
scino,17
seminativo,17
sciamare,17
marcerà,17
occhiare,17
accerta,17
entra,17
afferire,17
quadraro,17
acolia,17
ajaccio,17
strohl,17
icas,17
federano,17
miliardare,17
soverato,17
ritenge,17
ritrova,17
parolone,17
vestitino,17
risolo,17
afghano,17
pindaro,17
tensile,17
residuale,17
piogge,17
canicattì,17
movimentazione,17
genietto,17
pelletterio,17
etfas,17
altofonte,17
cimabue,17
trilaterale,17
zaccagniniano,17
sviluppumbria,17
studi,17
carloforte,17
pugnello,17
alassine,17
crued,17
quadratura,17
parafi,17
reflui,17
francesino,17
grapo,17
carisma,17
fism,17
fiesolano,17
stroncana,17
duplex,17
idropenumatico,17
televisioni,17
cervicito,17
ridottissime,17
camerlengare,17
crocchia,17
scannamelo,17
villaricca,17
fauglia,17
sortino,17
vigognare,17
days,17
bigerai,17
fiammerò,17
315032,17
schalke,17
supercarcere,17
bertoldare,16
sosa,16
condizionatore,16
competare,16
tarozzo,16
ventilatore,16
intersezione,16
multidisciplinare,16
cibernetica,16
rogeno,16
natica,16
surplace,16
pronosticato,16
terzultimo,16
sbloccato,16
sessantaquattro,16
saponetta,16
brancare,16
sbottonare,16
liricamente,16
rimangere,16
camuffamento,16
storicista,16
lave,16
marlboro,16
socchiuso,16
stornello,16
dolevere,16
avicolo,16
gemere,16
abbietto,16
condiscendenza,16
formalizzato,16
molisare,16
trintignant,16
iano,16
fanfaro,16
estonia,16
percuotere,16
empito,16
brocardo,16
intercedere,16
distorce,16
liberatrico,16
fiocare,16
odiere,16
consecutiva,16
cervinara,16
nozzere,16
stordito,16
debuttere,16
intendevo,16
puerperio,16
vitantonio,16
snase,16
conclusoso,16
elda,16
cosmopolire,16
galtellire,16
piattamente,16
serpe,16
spuntino,16
beringre,16
spes,16
adelino,16
ceriare,16
gerare,16
szurkowski,16
techeo,16
geverno,16
austro,16
romy,16
intellighenzia,16
querelante,16
gatt,16
fauve,16
delfico,16
panda,16
argue,16
sfidanto,16
divinare,16
alamela,16
pugnio,16
imprevedibili,16
camminamento,16
drone,16
monsone,16
rallentato,16
prezzolato,16
tommasina,16
arrider,16
atellano,16
designere,16
assoggettamento,16
sanguinato,16
incontralo,16
rinsanguare,16
oseremmo,16
nomignolo,16
stagionali,16
migrare,16
pellaio,16
addolorata,16
pianuro,16
deforme,16
vincenzere,16
pproblema,16
dilania,16
esplodessere,16
incustodito,16
spezzo,16
bigare,16
pils,16
castignare,16
poligone,16
blue,16
riferirere,16
everardo,16
asmatico,16
4300,16
presentandolo,16
tredico,16
angeletto,16
magnesio,16
eriger,16
galimberto,16
alterità,16
quietare,16
thai,16
contemplativo,16
leitmotiv,16
pugnalata,16
ammise,16
apontino,16
effluente,16
lievire,16
4200,16
ricostituita,16
sbadiglio,16
affiggevare,16
quaterna,16
farmacopea,16
parietto,16
altisonante,16
verranno,16
silicone,16
scuoio,16
prevarre,16
forcata,16
sacramentale,16
rocare,16
lettucci,16
protestere,16
prosinone,16
pazzesca,16
giarole,16
zagaro,16
polivinile,16
eutanasia,16
traarr,16
ignare,16
socialfascismo,16
inorridire,16
atterra,16
dibble,16
replichare,16
spigliata,16
tramire,16
culinario,16
vivificante,16
prevanire,16
amide,16
incider,16
poemetto,16
familiarizzare,16
cestinare,16
appartengo,16
immortalare,16
prestigiatore,16
rodia,16
trevi,16
impera,16
gaber,16
colmabile,16
rivendichere,16
bellegra,16
gallicano,16
mezzare,16
solitaria,16
pompidou,16
mammario,16
significazione,16
pink,16
defenestrare,16
cmii,16
votino,16
1885,16
papete,16
iscriziorre,16
bardonecchia,16
psichicamente,16
cabere,16
connecticut,16
bianchì,16
invalidire,16
cogente,16
studare,16
salciolo,16
dirimpetto,16
meditata,16
euforio,16
austroungarico,16
pentare,16
esecrabile,16
salga,16
animistica,16
preoccupavare,16
geniero,16
pallet,16
ventottesimo,16
guarnire,16
undicenne,16
surriscaldare,16
scorce,16
pomeziare,16
tecnocrazia,16
ezechia,16
simposi,16
zulu,16
arretratezzare,16
imprimatur,16
anticorpi,16
disinquinare,16
irrisoriare,16
strabiliare,16
limi,16
infama,16
scoprimento,16
capiscare,16
ouverture,16
barcollare,16
cristiana,16
elisio,16
cairoto,16
sentiere,16
dolire,16
crescevare,16
espelle,16
corse,16
tiberinare,16
bellicisto,16
sentissero,16
cereto,16
ferente,16
fenditura,16
gerarcho,16
ergare,16
unisono,16
zanicco,16
cassiglio,16
incancrenito,16
serraglio,16
ballano,16
noria,16
penitenziaria,16
smentitare,16
vetraere,16
arrorre,16
cinefiorello,16
prevarico,16
modernista,16
guadalajara,16
bevuta,16
jesus,16
sutherland,16
effettua,16
pelliccione,16
eliano,16
eurodollare,16
tenderebbero,16
entrire,16
nanna,16
minimizzazione,16
autonoleggiatore,16
massimizzazione,16
strofa,16
scapaccione,16
piramidale,16
lévi,16
documentatissimo,16
massimare,16
mozzato,16
tibullo,16
fracassato,16
milligramma,16
rubine,16
meldolo,16
limitale,16
predisponga,16
brenno,16
termoelettrica,16
strutte,16
esaltira,16
terzi,16
riuscivamo,16
salgare,16
configurabile,16
qualunquisticho,16
sfilato,16
fina,16
magone,16
ltalslder,16
cosmopolitismo,16
partico,16
mortai,16
tetra,16
asteme,16
pariglia,16
compiano,16
amerare,16
eurasia,16
odorine,16
giungo,16
separa,16
berciale,16
satirao,16
caducità,16
proletarizzazione,16
privala,16
rodace,16
materiate,16
reminiscenza,16
luigino,16
novembrino,16
soletto,16
coltivavare,16
americanismo,16
astutamente,16
ritiravare,16
riservatissimo,16
aut',16
commissionario,16
gommo,16
accudere,16
marginalizzare,16
chiapparello,16
lapiccirello,16
molitorio,16
segnalatore,16
persistare,16
keplero,16
razionalizzartico,16
proibere,16
sagacia,16
carré,16
angustamente,16
dopopranzo,16
cesira,16
bernine,16
glebe,16
scapolo,16
ricoprono,16
rimedia,16
nivazione,16
vellore,16
kuwaitiano,16
autocensura,16
concludente,16
mammone,16
simonettare,16
paglierine,16
bottare,16
istologico,16
incentrere,16
alese,16
cattività,16
diriere,16
carburazione,16
megalomania,16
pattino,16
viganò,16
salomonico,16
lebbra,16
amnio,16
grondare,16
detenne,16
opep,16
cavala,16
introspezione,16
fremente,16
attaglia,16
muraglione,16
avitolo,16
organizzatone,16
canonizzazione,16
sprezzantemente,16
gastroenterite,16
senago,16
frittata,16
1989,16
aridare,16
peria,16
compatta,16
inore,16
scolaretto,16
mattere,16
tolgare,16
svolgi,16
matire,16
scritturare,16
soragare,16
memorialistico,16
partnership,16
milanre,16
aseità,16
scaduti,16
pedare,16
italiacile,16
libresco,16
prepotto,16
ritenevre,16
vicoli,16
spostavare,16
scadenzare,16
castellanza,16
plebeo,16
qualificalo,16
snodo,16
doga,16
ingaggiato,16
filardo,16
coinquilino,16
berkshire,16
reflazione,16
pervasa,16
smista,16
anatolia,16
clorici,16
friulivenezia,16
svolgerebbero,16
pinete,16
resone,16
tidal,16
fintantoché,16
formatidere,16
pants,16
issa,16
vociferare,16
catalizzazione,16
commensale,16
tarlale,16
pittorere,16
precipua,16
dorante,16
exilles,16
scandisce,16
stabilere,16
sventurare,16
compia,16
biezione,16
denotasi,16
concessa,16
stangare,16
servite,16
norvegio,16
duemilacinquecento,16
cosmodromo,16
comunello,16
montecompatro,16
difficilissimare,16
alatala,16
polmonite,16
condizionere,16
veneziana,16
caudere,16
giustificativo,16
breznevo,16
estrometto,16
angarino,16
lime,16
numeriche,16
irie,16
nasare,16
variato,16
dambel,16
incudine,16
mettendone,16
camorrista,16
fischiato,16
ammassato,16
iblare,16
gromiko,16
soffermarme,16
etiopiare,16
milvo,16
reprimo,16
cisgiordano,16
cagnare,16
ricomincia,16
conservo,16
rapportato,16
bloccaggio,16
fermalo,16
bourbon,16
soprannazionale,16
bertolucci,16
bovario,16
cariai,16
milicia,16
asserivare,16
ghiso,16
marrano,16
carpanello,16
alifeo,16
prescolastico,16
stigliare,16
clnai,16
separio,16
berretti,16
initio,16
stimolatore,16
galline,16
tassideo,16
pagò,16
porcellano,16
neurologia,16
marcetello,16
figurale,16
rodeo,16
liberalo,16
concreta,16
quadruplo,16
azasi,16
alberana,16
apostrofare,16
brava,16
fard,16
sciolina,16
cronometrare,16
penn,16
siniscalchio,16
pillerò,16
incrina,16
utilizzatone,16
azionato,16
estirpazione,16
nebulosità,16
verone,16
granduca,16
prospettavare,16
verificale,16
referenza,16
ghiacciaio,16
metronio,16
sconre,16
militaresco,16
asserragliato,16
capiufficio,16
cittadini,16
dolosamente,16
malvagio,16
riproduce,16
1861,16
collutto,16
tonificante,16
campionino,16
emanuelo,16
tabacchina,16
svizzerare,16
scovo,16
aute,16
riceverebbero,16
analogamere,16
auletto,16
papiro,16
valuto,16
incordare,16
fonde,16
maneggevole,16
bipartitico,16
westchester,16
valsero,16
autofagi,16
soprattasso,16
proema,16
quintero,16
altruismo,16
giovinetto,16
vinaccia,16
evelino,16
edifico,16
ebbenere,16
ufficiato,16
sincat,16
permeato,16
lanoratore,16
disdettare,16
banalizzare,16
monzuno,16
occorsa,16
risiero,16
novata,16
lenere,16
putiferio,16
laudare,16
insolvente,16
desueto,16
varno,16
pattuizione,16
avvantaggare,16
segrete,16
prefazio,16
legislativamente,16
sosto,16
fluidificante,16
biacco,16
annuvolamente,16
salvere,16
concavere,16
coscientare,16
saldino,16
remano,16
coreutico,16
neuropsichiatria,16
interiorità,16
esani,16
casertare,16
siac,16
castrano,16
accorgendoso,16
situalo,16
velleitari,16
ossero,16
pinolo,16
indiziario,16
allestì,16
crandola,16
prolificità,16
distorte,16
fascistizzazione,16
niellare,16
incante,16
preclusa,16
fremito,16
lacerato,16
filigrana,16
casirato,16
maurizia,16
petrosa,16
marza,16
sintetizzata,16
ponchiello,16
umbertino,16
servino,16
accrere,16
distinguare,16
dattilografa,16
etimo,16
chiedeere,16
dissodamento,16
incantato,16
acquisii,16
venerabile,16
eberardo,16
onorata,16
raccontavare,16
adirono,16
paralleli,16
villaga,16
ripartare,16
convegnare,16
mascone,16
creeere,16
operativa,16
ormeggiatore,16
consumista,16
allestii,16
sopraelevata,16
trezzino,16
siriaco,16
linguisticare,16
contribuirare,16
compiei,16
teatralmente,16
viganella,16
attenge,16
accumule,16
cesaria,16
frusinato,16
malignamente,16
piccola,16
segato,16
massini,16
afnio,16
serato,16
discenti,16
filoso,16
svolgano,16
nerino,16
levitazione,16
cilecca,16
galoppato,16
simico,16
possessorio,16
raymoe,16
ctsl,16
confallare,16
conoscevore,16
prescegliere,16
settennale,16
vestii,16
gassato,16
raggiare,16
ruspare,16
assortimente,16
almiro,16
foraggiamento,16
art',16
formandoso,16
tamburello,16
inscenato,16
adelgardo,16
sopperii,16
arrinere,16
bici,16
lumino,16
rensenbrink,16
colpendolo,16
uni',16
sullivan,16
ciav,16
esperimentare,16
cordialissimo,16
algento,16
florovivaistico,16
braco,16
destinale,16
arsella,16
prepore,16
saldaturo,16
sobbalzo,16
cambiasso,16
cumino,16
marenzo,16
esclusi,16
lambente,16
saprere,16
cuccagna,16
ritessere,16
accusire,16
calotta,16
dorae,16
evocato,16
torrette,16
ogno,16
riformulare,16
slave,16
realta,16
pollerio,16
cloni,16
progressiste,16
maciullare,16
azzecco,16
parire,16
gramsciana,16
tarde,16
amarantare,16
storione,16
moribore,16
agevolezza,16
lambrecchino,16
floricoltura,16
dimensionale,16
apollinare,16
causalo,16
sconclusionato,16
mondi,16
cacicco,16
giocoso,16
196s,16
extraospedalierare,16
rodriguire,16
tornitura,16
giamaica,16
sepolre,16
serviere,16
fugaca,16
lotterio,16
ellere,16
svilere,16
tendenziosità,16
infurio,16
inevasere,16
alipio,16
invertito,16
affacciavare,16
viziato,16
alessano,16
ammiccare,16
cricco,16
scendire,16
cornuto,16
dipartire,16
levità,16
collochere,16
risanamente,16
falconaro,16
scudere,16
scollare,16
clonace,16
semolare,16
quotidiare,16
vitato,16
perenna,16
crudamente,16
mattinala,16
pseudoo,16
conore,16
zaccheo,16
pareggia,16
abbattare,16
baronetto,16
abbatta,16
palizzare,16
saip,16
bruciatura,16
potugere,16
discutano,16
inumazione,16
spegnevare,16
roveto,16
siviera,16
santhià,16
appante,16
locere,16
faccetta,16
flemma,16
settebello,16
beire,16
schleslnger,16
campanario,16
strozzature,16
atlantic,16
glissare,16
scorzè,16
divagare,16
smaliziato,16
papare,16
ricetto,16
granturismo,16
portinaia,16
resola,16
rappresentassero,16
oreofe,16
mula,16
1840,16
ebraismo,16
promettare,16
sistematizzare,16
discordare,16
capocronista,16
gergeo,16
depardieu,16
ottetto,16
ricordiamo,16
cassese,16
integre,16
sormare,16
prunetto,16
sarnese,16
wolf,16
folgorato,16
ciba,16
allontanere,16
isolazionista,16
aciliare,16
rinviò,16
elettrotecnica,16
semiologia,16
ebbrezza,16
monocola,16
tormente,16
risone,16
decorrare,16
doroteare,16
stones,16
legaccio,16
nuoco,16
sprona,16
sorellino,16
evolvare,16
agognato,16
sfangai,16
soverare,16
ballato,16
sato,16
intemperio,16
risposo,16
essete,16
richiede,16
ripiegamente,16
airways,16
bacheco,16
ammucchiata,16
basere,16
assistettero,16
richiesti,16
pastiglia,16
ricevetere,16
mangiasoldo,16
mobilitere,16
nitre,16
unitale,16
dominale,16
cronachistico,16
neonazisti,16
lang,16
costarico,16
fitosanitario,16
fornaciai,16
teorizzatore,16
rimodernare,16
soppressare,16
wertmuller,16
christia,16
caprarola,16
arpo,16
avocale,16
insonno,16
tornino,16
crossinare,16
dormile,16
genzone,16
riveard,16
guicciardo,16
etioo,16
mende,16
provveda,16
massificazione,16
varcore,16
lazzato,16
candiano,16
stipe,16
affluento,16
tarre,16
amalo,16
stacchio,16
affrante,16
tengire,16
esumare,16
bestemmia,16
thaare,16
elettrica,16
vestale,16
osanna,16
abbacinare,16
scorrevolezza,16
acidità,16
ideala,16
marittimare,16
subregione,16
callosa,16
sinaio,16
coin,16
cariato,16
casti,16
spacco,16
adoperere,16
vitellare,16
feudataro,16
intercetto,16
motoveicolo,16
grottescamente,16
cooperano,16
tempero,16
cullaco,16
decapitazione,16
giussago,16
gambolò,16
ictio,16
agronomico,16
laurenziano,16
buffet,16
ingaggo,16
lide,16
smammata,16
dottare,16
qualo,16
fraternare,16
dermatologico,16
rimarca,16
fronde,16
itterbio,16
sarago,16
latito,16
triforio,16
nordista,16
stronare,16
ramaiolo,16
assisterere,16
apprimere,16
tvere,16
prelude,16
tondare,16
montegiorgio,16
perplessa,16
selvo,16
copro,16
tirata,16
navetta,16
scrosce,16
insolazione,16
bracconiere,16
mastella,16
osarne,16
ecosistema,16
moggo,16
consigliavare,16
dacci,16
recepito,16
sovrappore,16
parliamone,16
lapidio,16
crispino,16
caratteristo,16
assestato,16
maniacale,16
tavolare,16
alcolismo,16
rinascila,16
aerodinamica,16
pentathlon,16
assi,16
corteggio,16
violentato,16
decider,16
rocchetta,16
scalea,16
ferragostano,16
siesta,16
annessionista,16
carbonare,16
esperente,16
maltolto,16
scura,16
ranare,16
vigliare,16
depor,16
orchidea,16
bittaco,16
elido,16
sussidiaria,16
dotere,16
incere,16
anatomio,16
dimenticalo,16
riunii,16
dorine,16
rosolia,16
civato,16
isottare,16
matrimonialere,16
febbricitante,16
interpreta,16
fisicità,16
bislacco,16
lotteremo,16
addolcire,16
tabula,16
molitura,16
girandolo,16
macabri,16
rincorre,16
devoluzione,16
jerry,16
liborio,16
strausse,16
cremazione,16
occhiuto,16
emigrata,16
tramezzo,16
riducibie,16
provvidenzare,16
improntato,16
carmina,16
sienvere,16
marconista,16
minerai,16
proe,16
mascherine,16
isotto,16
serpentina,16
aderisco,16
democraticare,16
scolastica,16
praghese,16
tamerlare,16
truffato,16
afere,16
andaluso,16
teatrine,16
rendendola,16
amata,16
rirre,16
chiedergli,16
nife,16
antiquaria,16
neolitico,16
ultravioletto,16
ortles,16
ialina,16
polverizzato,16
cassato,16
secentesco,16
orti,16
todo,16
ulm',16
digito,16
fobie,16
diminuì,16
avannotto,16
trentatreesimo,16
rieletti,16
credettero,16
ventato,16
dando,16
imposte,16
fabbre,16
sabbatino,16
acquavire,16
controluce,16
verbi,16
eroine,16
abdico,16
contrabbassista,16
sulmonese,16
pesetare,16
mississippi,16
tonalmente,16
cucii,16
sollecitandolo,16
regato,16
ansiosamente,16
dignano,16
teglia,16
7ione,16
asciano,16
surrettizia,16
cudo,16
etnologo,16
appigliare,16
abbande,16
scrigno,16
rodio,16
otico,16
intinto,16
ulnare,16
auricola,16
artistiche,16
lledholm,16
avvilito,16
trim,16
bandella,16
melicucco,16
gnoso,16
crlmlnalpol,16
pimento,16
empolare,16
plng,16
prestine,16
adottasse,16
capocciare,16
laminare,16
avallino,16
stabiese,16
bulina,16
assemino,16
allogare,16
congrego,16
accoralo,16
morimo,16
residenzialità,16
curatela,16
sopì,16
lotario,16
fiammare,16
friulana,16
pullo,16
inficiale,16
conalma,16
investiga,16
thriller,16
monella,16
grottaminardo,16
garantistico,16
rifrazione,16
bastoncino,16
nascondendosi,16
federmeccanlca,16
zandvoort,16
degenera,16
streso,16
vichi,16
automaticare,16
barnaba,16
columbio,16
fragilissimo,16
dianto,16
arlecchare,16
omni,16
brotli,16
epocale,16
cardiochirurgi,16
trentaduesimo,16
valenzi,16
torrentizia,16
grisaglia,16
scollegato,16
insedio,16
originalmente,16
ciprettere,16
guardone,16
pilero,16
cucito,16
statalismo,16
coturno,16
fumisteria,16
commissionere,16
tonadico,16
amplia,16
inghilterrare,16
quadretti,16
neoliberista,16
look,16
arredatore,16
registrale,16
cospargere,16
arredere,16
basagle,16
arrocco,16
eraro,16
ulare,16
evasero,16
xxxiii,16
morbide,16
introdur,16
ecciu,16
redento,16
cicciare,16
eroinomano,16
tampono,16
ebbre,16
plastificato,16
noti,16
elettrificare,16
plausibilità,16
capria,16
titanus,16
dubbi,16
aiel,16
sopracoperto,16
bittino,16
scagnatige,16
celentano,16
orciuolo,16
ripesca,16
urbania,16
gemonare,16
balzanti,16
convertibile,16
caivare,16
mansionario,16
ricopertura,16
cipollai,16
inoccupare,16
discaccia,16
dermosifilopatia,16
fustella,16
sorrentina,16
pellettiere,16
dialoga,16
pressorio,16
isps,16
casentinese,16
accavallamento,16
arear,16
scaldo,16
buttero,16
conventino,16
ardemmiro,16
tobio,16
eutrofizzazione,16
fritz,16
milionaria,16
filangierare,16
bilanciero,16
miragli,16
rendano,16
mobilifico,16
ferrigno,16
aerarla,16
rutilio,16
buonasera,16
wiesbaden,16
permettetevere,16
tripla,15
tuteo,15
cenala,15
tenua,15
marciume,15
pitture,15
avviavare,15
mitografico,15
sudamericana,15
lanmic,15
circondano,15
preferite,15
cartonista,15
vistola,15
laicato,15
approssima,15
conglomerato,15
palpare,15
sacerdota,15
alcyone,15
giavanese,15
anora,15
costruttivismo,15
fremere,15
riferii,15
divelto,15
distribuari,15
filastrocca,15
1230,15
abitar,15
cambiar,15
felicina,15
guisa,15
laneborgosesia,15
binome,15
ciocca,15
interessai,15
cornere,15
diritta,15
temperato,15
stagionato,15
inframmezzare,15
qmalè,15
palaio,15
resiste,15
ricadrebbero,15
reagiranno,15
multimiliardario,15
controfigura,15
metterebbe,15
serioso,15
assopire,15
ittorio,15
filleacgil,15
ortofrutticoltura,15
bonaria,15
sgranare,15
cuginetta,15
incantevolo,15
gazzolo,15
vigilatrico,15
ingarbugliato,15
frapposizione,15
contrattilità,15
montecassino,15
avvicinavare,15
ginnacelo,15
spigliato,15
avvantaggiato,15
amitto,15
appariscere,15
importanzare,15
ischiare,15
fiammato,15
togliatti,15
calusco,15
chaban,15
ringalluzzire,15
supermercare,15
calico,15
samuello,15
relazionale,15
divoro,15
percento,15
domano,15
esercii,15
avene,15
frequentissimo,15
tilto,15
dragona,15
charlotta,15
raffiguro,15
arresero,15
riallacciandoso,15
paurose,15
preminentemente,15
argina,15
goffi,15
andirivieno,15
tranquillante,15
gianante,15
folio,15
congerio,15
reietto,15
tesissimo,15
vinciano,15
addebire,15
disquisire,15
passista,15
soluto,15
offere,15
benvenure,15
classificatorio,15
riconnettere,15
sapido,15
cannoncino,15
denuncialo,15
libarre,15
effervescente,15
ragguardevolo,15
guadare,15
ambidestra,15
simbolista,15
coagulante,15
cettere,15
inasprirre,15
mondina,15
prosperi,15
campanaccio,15
rifalla,15
autoironia,15
sorbona,15
spostandoso,15
profanare,15
sibillina,15
spietatezza,15
spargimente,15
6650687,15
detraila,15
issiamo,15
fatico,15
oceanografico,15
mcqueen,15
bulbo,15
maiala,15
arassimo,15
esposti,15
udivare,15
listatura,15
passassero,15
denunciandone,15
goffaggine,15
compatriota,15
patrocinatore,15
truculento,15
integerrimo,15
culminato,15
moschettiero,15
fiaccolato,15
lasciatece,15
personalizzare,15
avesto,15
erga,15
friggere,15
ritento,15
nazisti,15
anticamere,15
composta,15
taglare,15
amblar,15
aratola,15
cavace,15
surrealisto,15
soffiato,15
lmms,15
indica,15
florare,15
acciaia,15
guerrigliare,15
riaggancio,15
sbaglialo,15
perdevare,15
impedendogli,15
omuevere,15
affermarono,15
sottolineaturo,15
otterrebbero,15
dirigistico,15
cenerino,15
bettinare,15
urbo,15
afono,15
indesiderare,15
chandler,15
ameirn,15
rigidissimo,15
pedissequamente,15
galoppatoio,15
equipo,15
microbiologia,15
scadrà,15
autoblindo,15
stamattino,15
significatire,15
gerano,15
amatico,15
romagnole,15
polirico,15
spencer,15
ior',15
fettina,15
dittaturo,15
pellio,15
coesa,15
condotre,15
monopolista,15
parteggiare,15
stampigliatura,15
impudentemente,15
organizzatrico,15
20122,15
comoda,15
confessato,15
svolgerò,15
lancialo,15
feritare,15
collegavare,15
ruotavare,15
conseguare,15
avviamente,15
ingiurio,15
sottoelencato,15
stabilo,15
manovrabile,15
larvato,15
topino,15
condivise,15
griante,15
sottomessa,15
pedalatore,15
dame,15
nuovi,15
punteruolo,15
rincara,15
ingozza,15
gattere,15
locativo,15
sepino,15
buffonesco,15
crescenza,15
severa,15
apparivare,15
sprizzare,15
giansiracusa,15
stravolre,15
ottima,15
esordiento,15
bollile,15
schioppo,15
apprendo,15
benetto,15
distrugga,15
revocabile,15
mussulmano,15
filodrammatico,15
scapola,15
galliardo,15
sabaudo,15
sionistico,15
randa,15
domai,15
furiosamente,15
norman,15
appollaiare,15
esponge,15
soffermandosare,15
petrolato,15
amano,15
tosare,15
dovresti,15
palleggiare,15
corniola,15
disarmonia,15
velinare,15
controcampo,15
mettendolare,15
arieggio,15
sgarra,15
laicisto,15
lauberhorn,15
tropeo,15
modeno,15
affaticamento,15
bloccavare,15
democranico,15
patetismo,15
sfasato,15
minorità,15
paracela,15
votalo,15
attrai,15
ignominioso,15
seltz,15
gianella,15
boheme,15
vedette,15
ritardatrico,15
tentassero,15
simultaneità,15
inclusa,15
limitalo,15
affidatario,15
coriacea,15
allibratore,15
recar,15
elve,15
sottrarrebbe,15
dissento,15
porticina,15
spallato,15
riattaccare,15
rivellino,15
redigente,15
portogruaro,15
inganna,15
ristampe,15
artificiosità,15
fplp,15
desiderinare,15
premia,15
sublimazione,15
bazzottere,15
20121,15
trentenire,15
giocalo,15
sinistrosità,15
primitivismo,15
impensare,15
panco,15
accondiscendente,15
sfuggare,15
bauxite,15
urgenzo,15
aggire,15
fiumara,15
sparring,15
nascila,15
ereditaro,15
scusere,15
cicala,15
cara,15
catae,15
babordo,15
detrattore,15
irreperibilità,15
ritrovasse,15
geme,15
ehrenburg,15
dorrebberare,15
cino',15
miraglio,15
piratesco,15
sterminatore,15
cerve,15
vecchiezza,15
intersind,15
ismaelita,15
luteolinare,15
irrobustimento,15
scaglietto,15
presentii,15
falsificira,15
redaente,15
ipotizzabilo,15
pubblicao,15
antichissima,15
ricollegabile,15
vetrone,15
sovrana,15
bipartito,15
rilevavare,15
fiaccolata,15
nomea,15
corrette,15
sarcare,15
agiscare,15
frisonare,15
mammari,15
conquisre,15
butterfly,15
vilipendere,15
divisorio,15
lapsus,15
consentiva,15
contro',15
sollevò,15
ritiratosi,15
biochimica,15
cagala,15
riservo,15
aied,15
otturare,15
caoticamente,15
gulag,15
tacer,15
importanzo,15
dilapidazione,15
talamo,15
davido,15
etti,15
ostento,15
ravvidere,15
asl',15
sprofondamento,15
ogme,15
assestamente,15
sconfitte,15
achilio,15
conseguo,15
michelinare,15
imballana,15
vegasre,15
potresti,15
recarto,15
marlene,15
divente,15
ludovica,15
fruttuosamente,15
ebbio,15
3700,15
carpentiera,15
incantesimo,15
profferire,15
ginetto,15
soverno,15
tebaldi,15
mancanto,15
siror,15
fornirglio,15
focare,15
alleluia,15
blandi,15
saggiatore,15
penombra,15
neroniano,15
pronunce,15
domicile,15
mianere,15
morito,15
eliseore,15
strema,15
totalitaria,15
gradare,15
evere,15
perdila,15
merina,15
arcibaldo,15
rabberciato,15
impugnavare,15
putignare,15
gruaro,15
abela,15
porger,15
tagal,15
contraddittoriare,15
istruere,15
feste,15
verbano,15
ernestino,15
malleabile,15
situato,15
rappresentana,15
assomma,15
agiatezza,15
antropologi,15
perlopiù,15
impaginazione,15
fiammifero,15
sudafricana,15
attirano,15
rossoblure,15
torme,15
ricordò,15
rintocco,15
oliato,15
troviamo,15
clementa,15
lavorassero,15
secondariamente,15
reputano,15
alula,15
asseblera,15
astute,15
brinare,15
coincida,15
seriare,15
filatelisto,15
similmente,15
spadino,15
rincalzare,15
cerdare,15
castità,15
rangere,15
processualmente,15
tornese,15
barbuto,15
confondare,15
scaturì,15
restavo,15
crudelire,15
cinematografa,15
trascendenza,15
ungaretto,15
spappolamento,15
itala',15
pepa,15
riconoscire,15
tafaro,15
instaurato,15
molesto,15
contempli,15
rendeere,15
cartolino,15
trozkista,15
rinnegano,15
annoio,15
mural,15
erbère,15
cardinalizio,15
stentatamente,15
alére,15
volongo,15
trasformatone,15
egemonica,15
esorbitare,15
natire,15
definiva,15
farcito,15
famelico,15
parossismo,15
-'76,15
assorbiti,15
orietto,15
menelao,15
previdento,15
melanconico,15
anolino,15
canterello,15
vince,15
ratte,15
disumanità,15
esistenzialismo,15
specialismo,15
biaccare,15
sospette,15
lavoraore,15
cominciale,15
allentino,15
vantano,15
iati,15
graduazione,15
sconfinano,15
ticinesi,15
caste,15
sanfedisto,15
grandiosità,15
propugnato,15
deforma,15
emira,15
verrès,15
preferivo,15
cremeno,15
cointeressenza,15
traumatologia,15
ristrutturazionere,15
lavanderio,15
opaca,15
cannere,15
versere,15
thiendere,15
agricolturo,15
dondolo,15
uffici,15
subalpino,15
rivalire,15
resino,15
andassero,15
gennai,15
antonellare,15
cromatica,15
aerai,15
tenaciare,15
derido,15
amino,15
omegna,15
fronzolo,15
asfitticare,15
grandiosa,15
dimostratosi,15
muco,15
gerenza,15
ciset,15
carbonale,15
destrutturazione,15
collaborira,15
imolo,15
continenza,15
spentosi,15
ottantatré,15
bulino,15
cetona,15
dolosi,15
richieste,15
commendato,15
anticonvenzionale,15
mozioni,15
crossa,15
spavaldamente,15
rigagnolo,15
lumeggiare,15
festeggiamento,15
andreere,15
alemanno,15
mangiasoldi,15
doperò,15
fipcgil,15
attratta,15
bagnaria,15
moltiplichare,15
martinare,15
inazzurra,15
parafulmine,15
patronale,15
cercase,15
primordo,15
chemioterapia,15
radicere,15
antitumorale,15
cpubiblico,15
acciano,15
antloperaio,15
busco,15
affilato,15
p8di,15
paramento,15
ricevente,15
infedeltà,15
apprende,15
entrobordo,15
sparacchiare,15
biancorossa,15
ferale,15
mercantilistico,15
dannosa,15
gombito,15
ratifichere,15
salivo,15
virata,15
mnemonico,15
occasionare,15
convito,15
prescindono,15
nutrì,15
gendare,15
mcnamara,15
uxoricidio,15
equivoci,15
saltuaria,15
primariamente,15
professionirre,15
ploia,15
recedare,15
procaccino,15
confluivare,15
ortofrutticole,15
vigliaccheria,15
pende,15
corregga,15
accettino,15
pattalo,15
risaiolo,15
metallifero,15
citar,15
pubbico,15
limanare,15
conosco,15
darto,15
collaudi,15
bahrein,15
gelone,15
gallurese,15
cascato,15
pattern,15
premesta,15
arietto,15
indagato,15
uldina,15
esporte,15
acculturazione,15
foracchiare,15
prosciolto,15
mache,15
indifendere,15
binasco,15
favorirebbero,15
mallare,15
rossellini,15
confero,15
sguinzagliare,15
tentativare,15
fruii,15
tempera,15
calcino,15
azzannare,15
verniero,15
appartengano,15
archimede,15
mondaino,15
reio,15
conferimente,15
appaltatile,15
metere,15
scalpellino,15
sottopor,15
strettura,15
verrai,15
lauretto,15
ovalino,15
protettorato,15
ceggia,15
butadiena,15
illudire,15
sballato,15
codi,15
concedevare,15
alloggiamento,15
romanzino,15
belletti,15
bellamente,15
tornerebbero,15
autenticato,15
8500,15
venatoria,15
mandi,15
bucano,15
intingere,15
elviro,15
montserrat,15
tortuosità,15
affluisce,15
occorreranno,15
fumosa,15
malocchio,15
estetismo,15
domadere,15
onerai,15
bruscare,15
oratoria,15
tecnicare,15
andatato,15
gastro,15
rappreso,15
conino,15
saponificio,15
didone,15
tanfio,15
lottato,15
bivaccare,15
alitato,15
capitalisti,15
unigiana,15
consce,15
apoda,15
mobiliario,15
lenito,15
suinicolo,15
avvezzo,15
sicumera,15
celerio,15
collettivismo,15
abenzio,15
tolomeire,15
tillon,15
recitato,15
ponderazione,15
sociologismo,15
esone,15
detestare,15
sumere,15
aduna,15
quantistico,15
strategica,15
benemerita,15
colai,15
1820,15
acrobare,15
ranista,15
orbano,15
disputatosi,15
ialine,15
allenato,15
idelma,15
frinco,15
psicologicare,15
richiamere,15
eccella,15
cenar,15
adore,15
colludere,15
cementasta,15
disincentivo,15
chiamamene,15
beata,15
gallismo,15
conscia,15
tritare,15
andinare,15
spaak,15
pollina,15
rammento,15
interrogarono,15
ricolmo,15
recantare,15
interpone,15
carisio,15
compaiare,15
sintassi,15
biberon,15
epuro,15
rivelerebbero,15
sfinito,15
acanti,15
napo',15
martinsicuro,15
galiziano,15
candidere,15
radiotelevisire,15
rulla,15
faustre,15
ridestare,15
ingarbugliata,15
approfondisce,15
statuariamente,15
sturare,15
prolissità,15
liocorno,15
sottobraccio,15
maccartisto,15
cetre,15
snudare,15
ottusi,15
guastalla,15
confindustriare,15
serqua,15
percepere,15
anticlinale,15
riassestare,15
colica,15
inalato,15
sdruce,15
oleografia,15
impossibilito,15
illegittimi,15
passera,15
giganteggiare,15
fossilizzare,15
laverai,15
spazzola,15
pantaleo,15
collocandoso,15
concordiamo,15
slavine,15
ingolfare,15
ludu,15
dell7,15
ginepraio,15
docilità,15
lodrino,15
cervinarare,15
sure,15
muccare,15
scaricavare,15
veristico,15
rifocillare,15
muros,15
rimarcira,15
boli,15
sciupone,15
peperino,15
organare,15
resistibile,15
georgetown,15
trina,15
codicetto,15
apricena,15
margere,15
ventiquattrenne,15
fascistone,15
accesi,15
viaggiavano,15
adattano,15
patinare,15
cognitivo,15
organizzino,15
ribassista,15
7ona,15
superala,15
ionizzante,15
votarono,15
riforestazione,15
disintererre,15
incombe,15
ostini,15
pomodore,15
coabitare,15
abbona,15
perdone,15
ravvedimento,15
ritmicamente,15
soletta,15
tabarro,15
arricciare,15
diventarere,15
censitare,15
australiane,15
pinne,15
motulese,15
turino,15
ashe,15
marano,15
insuccessi,15
inveterato,15
imperviare,15
tombale,15
croco,15
otturai,15
mamo,15
oraziane,15
accanite,15
atonare,15
dimostratasi,15
spensierare,15
mineralogia,15
imbandierare,15
liberticidare,15
ripugnanto,15
schierarere,15
congressio,15
capitala,15
ubriachezza,15
atma,15
pianoterra,15
percolo,15
energumeno,15
casermare,15
biscere,15
telesina,15
incestuoso,15
storicizzazione,15
vortico,15
inventivare,15
bruciacchiato,15
cloca,15
bielorusso,15
scenata,15
disapplicazione,15
succedevare,15
medica,15
malvagità,15
stendare,15
intravirre,15
lanciamissile,15
offico,15
partigiere,15
azionarare,15
propolo,15
strillo,15
eroder,15
rossonerare,15
sgroppata,15
calamitare,15
stiglio,15
strangole,15
ricorsero,15
sancito,15
avantreno,15
potuto,15
argiroso,15
spaiare,15
priocco,15
embolia,15
sacis,15
diatribia,15
imballo,15
sopraelevato,15
disseminazione,15
falsato,15
1871,15
provvirre,15
borico,15
convegnista,15
afasia,15
renderanno,15
gratificazione,15
cercai,15
parlatorio,15
industriato,15
aggregativo,15
balistica,15
riconduzione,15
majestic,15
gettere,15
cadettare,15
tassullo,15
minino,15
pessimirre,15
offriranno,15
fabulazione,15
accusalo,15
lippe,15
riaffrontare,15
ferrarere,15
bollilo,15
indichiamo,15
deflettere,15
riaggiustare,15
dominiare,15
denunciante,15
gamberone,15
accore,15
imbrifero,15
birreria,15
carmo,15
avvenute,15
librerie,15
comportato,15
notturnare,15
tibetano,15
progettata,15
nuorare,15
erompa,15
guidala,15
rossellinare,15
guianese,15
arizona,15
orobie,15
psde,15
lisa,15
convenne,15
arrivarere,15
ucla,15
ferrano,15
rampino,15
armente,15
tannico,15
reggiolo,15
assettere,15
bermi,15
avulse,15
suonavare,15
perigeo,15
corba,15
lattaio,15
priocca,15
fabbricabilità,15
baraccopoli,15
ciuco,15
barzano,15
colnago,15
mazurca,15
oristanesa,15
cesia,15
borgoe,15
criticamentire,15
riprodore,15
bedollo,15
confcommerclo,15
enfatizzazione,15
fregale,15
viole,15
burlone,15
manciato,15
inferre,15
silicato,15
perdona,15
intruppare,15
provoca,15
affossatore,15
rivoluzionarle,15
neutre,15
filcamscgil,15
vanifico,15
schifa,15
novantacinque,15
bazzotte,15
potete,15
moco,15
bacereo,15
tradizionalismo,15
straniamento,15
deridente,15
marengo,15
baito,15
pianeggianto,15
quarrie,15
omega,15
ritrosia,15
comuninte,15
partir,15
ossigenazione,15
ridondanza,15
intempestività,15
associandoso,15
fiorinare,15
ornica,15
berlinghiero,15
alerò,15
estenuare,15
notale,15
istituitare,15
salama,15
iire,15
concretizzano,15
comparre,15
ergine,15
licenziamere,15
stetto,15
zanno,15
remino,15
cooperante,15
mareo,15
osteocito,15
dilatato,15
emendato,15
angri,15
quarantunesimo,15
ventro,15
urnare,15
cee',15
cinetico,15
reclame,15
agguaglia,15
dorre,15
affabile,15
sapiens,15
optante,15
lanterno,15
tzigano,15
profumatamenta,15
padovani,15
confrontabile,15
picciolo,15
arda,15
bizantinismo,15
sanatoriare,15
saltavare,15
cocullo,15
associamone,15
ascrttore,15
sidac,15
riservandoe,15
marinara,15
solennizzare,15
ratificato,15
migliorata,15
negozialo,15
manifestatosi,15
valverde,15
involgere,15
immedesimare,15
olivicola,15
impongo,15
valo,15
approfondilo,15
clastico,15
zittivo,15
vaco,15
gratuita,15
concedano,15
sessantatré,15
rimello,15
stimola,15
battutare,15
gesualdo,15
nili,15
temeraria,15
importale,15
carrùre,15
capriolo,15
meneghine,15
perentorietà,15
boccheggiano,15
unctad,15
seguile,15
impedìre,15
sconfortare,15
dibavere,15
perloz,15
diomira,15
concessivo,15
intertempo,15
appaltò,15
poderosità,15
anfibo,15
proibitiva,15
avvicendarso,15
rilanciato,15
neofito,15
riproporrebbe,15
cortinare,15
ariana,15
salta,15
travagliai,15
riorganizza,15
struttiva,15
giarrusso,15
spregevolo,15
presenterebbero,15
ereditato,15
mitica,15
plagiare,15
assicuratoro,15
badere,15
agita,15
rossiglione,15
prospettica,15
lere,15
questko,15
cilico,15
svile,15
gazzanigo,15
betterhelp,15
aspiratore,15
checcare,15
impastato,15
colaco,15
francescare,15
borriana,15
vala,15
rafforza,15
isolale,15
tentatore,15
comprensori,15
eclisso,15
candiana,15
arando,15
nasetto,15
caare,15
stamani,15
ventila,15
abitiamo,15
sandrinare,15
lanere,15
nunzi,15
consunzione,15
assiro,15
cucirino,15
genolo,15
pescasserole,15
inceppato,15
lipomo,15
cucivo,15
fatevo,15
lebola,15
festeggare,15
correggio,15
calcoloso,15
scucire,15
integralo,15
specchiera,15
polenta,15
borowczyk,15
voterò,15
ronca,15
iute,15
polpettone,15
corrivo,15
finente,15
dall',15
frigio,15
aifel,15
algua,15
restale,15
mecenato,15
riconobbe,15
covane,15
traboccante,15
ontoso,15
lomento,15
fattole,15
eguaglia,15
indegnità,15
superiora,15
sciano,15
ionie,15
lucrezio,15
lico,15
giradiscare,15
padellaio,15
concreo,15
tenerissimo,15
podi,15
causio,15
sottil,15
miti,15
trire,15
settori,15
tracco,15
pallavicina,15
presciente,15
diluito,15
vangione,15
carmio,15
tablare,15
annoia,15
eccedutone,15
nei',15
rivoluzionano,15
ionicare,15
alloco,15
satto,15
nientre,15
slemens,15
mollino,15
isauro,15
dacché,15
rivarone,15
a-14,15
belloccia,15
aprio,15
transo,15
palazzaccio,15
reimpostare,15
eietti,15
valenziare,15
fonia,15
pensarere,15
sopraelevare,15
inps',15
agatangee,15
denoto,15
cesarinare,15
ciniglia,15
provvisionale,15
marica,15
sofer,15
nazionalsocialista,15
definii,15
commercialo,15
polissena,15
finanziana,15
bocchettone,15
ingloba,15
statali,15
insopportabilità,15
imerio,15
suggerivare,15
permei,15
rosito,15
fanto,15
tecnologa,15
verdone,15
palao,15
cica,15
obiettano,15
capila,15
ieratico,15
animista,15
zairo,15
ruggire,15
antipiretico,15
miasmo,15
iniziatire,15
ronfi,15
finento,15
scheletrico,15
abbinino,15
pubi,15
interrato,15
incendiaria,15
chiusero,15
demiurgo,15
raggare,15
rosita,15
partoriente,15
vagheggiamento,15
caterino,15
termitano,15
venne,15
intera,15
pianella,15
stratto,15
reclinale,15
prealpo,15
monzare,15
legavano,15
parametrica,15
vicepreside,15
strepto,15
etro,15
sciarpe,15
vicaria,15
maggie,15
emeroteca,15
ginnica,15
xxxv,15
tolmezzo,15
feso,15
chiarimere,15
abradano,15
panatto,15
paramente,15
unicoop,15
chievire,15
sanitari,15
mobilitante,15
accanii,15
sommersa,15
caldaio,15
segrino,15
laccale,15
avoca,15
insùe,15
ligia,15
derider,15
cinetecare,15
mondavio,15
sismicità,15
coordinace,15
landau,15
annuii,15
follonicare,15
cassi,15
sias,15
surroga,15
scarpinata,15
millefiore,15
coup,15
microconflittualità,15
pitti,15
biermann,15
padroncino,15
cinescopio,15
narcotici,15
tindaro,15
wega,15
tuttotore,15
frizzo,15
arsu,15
esiger,15
varca,15
comodato,15
locheere,15
arezia,15
tizzo,15
zenobio,15
tempestii,15
riciclavare,15
amniocentese,15
timoniere,15
tramala,15
riferivo,15
vomero,15
susina,15
saturnismo,15
icim,15
siliceo,15
15x15,15
tadino,15
vigogna,15
nixos,15
collotorto,15
sbavare,15
ufita,15
lacedonia,15
credit,15
otrag,15
sediario,15
gart,15
conciatore,15
tartufi,15
alluminato,15
sferire,14
attaccarono,14
trabia,14
conviviale,14
biscagliare,14
investirebbe,14
incedibile,14
compila,14
camoscio,14
strappa,14
inappuntabile,14
marzolino,14
recaglio,14
mitraglia,14
ottimisticamente,14
gambero,14
illegittimare,14
attalo,14
scosta,14
malintenzionato,14
fucilatole,14
reprimenda,14
brasil,14
constale,14
bidonvilla,14
ritmato,14
lencio,14
antiautoritario,14
afflato,14
coscienzioso,14
luteo,14
xxxvii,14
1330,14
ulderico,14
sacramente,14
gesuito,14
tossare,14
talloncino,14
renitente,14
cartoline,14
spinserere,14
luttire,14
spezzettamento,14
profanazione,14
estatico,14
razionalizzatole,14
corrisposgere,14
minar,14
banconoto,14
rader,14
programmista,14
intimista,14
agrochimica,14
barboso,14
unidirezionale,14
deporrà,14
temoe,14
ricorderere,14
drastica,14
reclure,14
scalpo,14
coglietta,14
essendogli,14
giunzione,14
romanda,14
preoccupale,14
usurare,14
cappuccetto,14
dandolo,14
cucciare,14
milleseicento,14
anfibio,14
par',14
scombinare,14
dialiso,14
umiliano,14
schizza,14
speltare,14
pattumiera,14
masciolo,14
idrogetto,14
autoritariamente,14
agguerro,14
tradisce,14
pensassimo,14
riunivo,14
ravennata,14
capriola,14
gigantere,14
bagatella,14
particolarissimo,14
inviatace,14
denuncire,14
alleo,14
gergho,14
venato,14
marzuola,14
oltretutgere,14
introducevare,14
voleeva,14
sensibilo,14
diodare,14
salentare,14
arguto,14
fortunosa,14
borgomaro,14
benone,14
guastere,14
neutralismo,14
gluteo,14
cementifico,14
imbiancare,14
gruppuscole,14
nepotismo,14
inedita,14
vantaggiosamente,14
alessandriare,14
erti,14
propagandato,14
boccetta,14
boccanegra,14
bilingue,14
parèbidente,14
spopolato,14
probare,14
abbrunato,14
fazzoletti,14
concessaglio,14
temperino,14
armerio,14
oropa,14
terlizzo,14
assicella,14
esere,14
lesotho,14
subdolamente,14
promettento,14
azimuth,14
agopuntura,14
obbligandolo,14
propagandere,14
coere,14
cariale,14
brame,14
sprovvedere,14
sospendono,14
adempire,14
cesaro,14
guadino,14
freezer,14
assegnamento,14
aspettarselo,14
nottare,14
stela,14
amuleto,14
covana,14
osservavare,14
ortodottere,14
tuttala,14
sottoutilizzo,14
servan,14
schreiber,14
mancheere,14
aliquotare,14
giunca,14
ansie,14
fondata,14
sconquassare,14
friedrich,14
cestire,14
amblare,14
itrare,14
caposquadra,14
capitoletto,14
montavare,14
balestrerai,14
rifaere,14
visiva,14
riammesso,14
mormorio,14
festosamente,14
taorminare,14
zanta,14
vescovare,14
colonno,14
adeno,14
civilista,14
sawallisch,14
anarco,14
modificalo,14
cristallizzato,14
giovine,14
decretato,14
tacita,14
ragguagliare,14
riforniscere,14
favorari,14
battutere,14
spiritualmente,14
password,14
ricalcolare,14
calcareo,14
solleone,14
torvajanica,14
esigibile,14
contenesso,14
militaco,14
disunita,14
domestica,14
fricativo,14
accomiatare,14
rosamaria,14
brazzavilla,14
ricorrendo,14
adenina,14
litigante,14
commodore,14
mentana,14
saracinesco,14
domaceli,14
appetitoso,14
pianolo,14
educa,14
insigno,14
fatelo,14
persistenta,14
subitaneo,14
preannunciata,14
neill,14
tirone,14
datsun,14
samuela,14
acacie,14
sfio,14
fondame,14
turano,14
pignoleria,14
loriano,14
evarere,14
portoncino,14
itinerari,14
ridonare,14
ceffo,14
prussiano,14
buno,14
frazionale,14
subordinere,14
edilità,14
realizzatone,14
generica,14
brighella,14
exif,14
colme,14
trovaso,14
catapecchia,14
seppellito,14
naftalina,14
paletgere,14
belinda,14
mendere,14
sassoferrato,14
francois,14
utilizzatrico,14
bastonata,14
rivestito,14
macinazione,14
rilavare,14
convengono,14
faraie,14
monopoli,14
mediomassimi,14
veloco,14
solubile,14
barcaccia,14
legnamo,14
avendola,14
apaco,14
adottabile,14
carbonara,14
pointer,14
protone,14
aggiunsero,14
raspar,14
stringevare,14
violerebbe,14
trezzo,14
bisbetico,14
bruttezza,14
assistira,14
raccontato,14
uccellagione,14
rimparre,14
sottraendola,14
tinelli,14
lloyd,14
procurandogli,14
trentaduenne,14
cifrario,14
rinnovatrici,14
gangi,14
estrinseco,14
tabo,14
gip',14
frediana,14
sciupo,14
alcune,14
samp,14
capile,14
peschereccia,14
brusio,14
avvicinato,14
gillo,14
pontecorvo,14
piacevolezza,14
pizarro,14
presse,14
sappare,14
contale,14
gastroenterico,14
stanchare,14
bacar,14
frisia,14
ghiaio,14
approfittato,14
peperone,14
italnolegglo,14
mercantilismo,14
inverdimente,14
restituiscono,14
edificatore,14
misilmero,14
pregandolo,14
trinare,14
rimere,14
23enne,14
entreere,14
avviale,14
celluloso,14
narcao,14
laburirre,14
rapanelle,14
posticcio,14
incrinato,14
pudicamente,14
piccare,14
erudì,14
affollamente,14
dalmare,14
teatino,14
lamentire,14
rivare,14
controlla,14
rappresentassere,14
occasi,14
erosa,14
riuscirebbero,14
golden,14
campestro,14
ergeo,14
agognare,14
brigantaggio,14
refettore,14
difendiare,14
scruto,14
costituende,14
finse,14
estrinsecazione,14
citatevene,14
inneggiante,14
vastissima,14
filta,14
fgcr,14
ponessero,14
terrificare,14
intruse,14
dragare,14
falciato,14
ernare,14
swarovski,14
esponevare,14
quilapayun,14
prenderselare,14
bonire,14
baceno,14
rinnegato,14
trastullare,14
razionato,14
dioniso,14
subita,14
psicoanaliso,14
discutiamo,14
colpari,14
procurarglio,14
droghiero,14
pansa,14
seneco,14
percallo,14
gerundo,14
attentere,14
interago,14
gagge,14
zebra,14
assenzio,14
ortofrutticola,14
malarico,14
settarismi,14
inflessibilità,14
amministrace,14
giacometto,14
suites,14
irridente,14
sviluppatasi,14
narcisistico,14
popolarizzare,14
bigliettaio,14
andesire,14
accettassero,14
pellerossa,14
lottasto,14
pugnalato,14
pipì,14
lirre,14
consentano,14
boneare,14
butade,14
equivocabile,14
orosiani,14
termia,14
clotilde,14
trasportandolo,14
vecchiotto,14
centroamericano,14
chinino,14
lattai,14
sestile,14
vertente,14
rinunciatare,14
indicherebbero,14
algerio,14
cambi,14
fitzgerald,14
apparirebbero,14
cavalline,14
coreo,14
conamico,14
benedì,14
eduzione,14
offertagli,14
tarpare,14
vinre,14
starnano,14
incettere,14
calandoso,14
ostativo,14
irrogare,14
archetipio,14
coinvolgento,14
accentuo,14
metile,14
mercanteggiamente,14
arricchiscare,14
dempsey,14
corniolo,14
spettatolo,14
nulvo,14
imbrattato,14
tanaka,14
flaiare,14
ragazzotto,14
conformistico,14
spudoratezza,14
ausilia,14
sobbarcarsi,14
meritandoso,14
riscuotevare,14
aereare,14
seminato,14
visiere,14
sinuoso,14
accortamente,14
smorzato,14
batacchio,14
picaresco,14
versilia,14
perpetui,14
belle,14
alimenta,14
costitere,14
subissare,14
intestina,14
panni,14
bombace,14
acqueo,14
autto,14
alvettere,14
bolido,14
talamello,14
maraschio,14
indemanare,14
premeva,14
danzere,14
consonare,14
accorte,14
dispensatore,14
segregato,14
camaleonte,14
braccia,14
aizzerò,14
sintetizzabile,14
orbitare,14
produttivistica,14
piattezza,14
edredone,14
boicottano,14
ricostituente,14
cantoniere,14
eroghare,14
diffondevano,14
gambone,14
semere,14
ritornavare,14
condina,14
galeno,14
ceree,14
corradine,14
pixel,14
strasciche,14
incongrua,14
squadrirre,14
acqueforte,14
arretrano,14
registratendere,14
coglier,14
disinformato,14
subalterna,14
costruitone,14
scandalizzato,14
scatenante,14
internista,14
gloriare,14
vestimento,14
persista,14
soìio,14
sollevalo,14
accolta,14
borsetto,14
ritorgere,14
ristrevere,14
busse,14
scettica,14
dittico,14
disabituare,14
varchio,14
nudista,14
pietrificato,14
provvidenzialmente,14
zappetto,14
bestino,14
sierro,14
sism,14
istillo,14
decentramentare,14
psdipri,14
ascoltere,14
saziare,14
quantificabile,14
urologico,14
peggiorato,14
antlfranchlsta,14
raffinatissimo,14
fotofit,14
magi,14
neviano,14
controcanto,14
ammaestramento,14
ferrovio,14
montevecchia,14
vertenziale,14
pacar,14
dominicale,14
prevaarr,14
disastrosamente,14
puntualissimo,14
novellare,14
granosa,14
bilanciamento,14
elogiativo,14
gonfaloniero,14
colombino,14
foderale,14
interprere,14
mafaldo,14
rate,14
afroamericana,14
mansueto,14
sassato,14
avallato,14
rinegoziato,14
tabacchificio,14
fedorare,14
paranza,14
tintoria,14
vilfredo,14
pareto,14
felpato,14
garantisto,14
appellere,14
toritto,14
lombarda,14
demolito,14
assorbente,14
sodere,14
occupatilo,14
pacifisto,14
pacificatore,14
ascoso,14
codo,14
codognè,14
plaudente,14
italio,14
duvet,14
notevolissima,14
frontista,14
ample,14
futano,14
ricorre,14
porge,14
salotti,14
risplendere,14
moscare,14
arterioso,14
ebollizione,14
rifiutalo,14
isarco,14
panae,14
passerello,14
iccrea,14
preludo,14
confitto,14
ginnaso,14
parnasso,14
forato,14
stravolta,14
accalcavare,14
costituirere,14
trafficato,14
pedagogo,14
rivediamolo,14
mussoliniana,14
producento,14
incostante,14
influere,14
pennellare,14
casciago,14
ricomparrere,14
confalla,14
oppressi,14
introduzionere,14
risoltasi,14
berli,14
gravere,14
colombiana,14
espansionisto,14
testamentario,14
grottescare,14
proponendosi,14
conceder,14
reclere,14
tariffaria,14
aborigeno,14
guazzabuglio,14
superata,14
baci,14
preoccupò,14
appaltanto,14
scendiletto,14
dissertare,14
dancia,14
schwarzenbach,14
vivaro,14
incapsulare,14
scusabile,14
pochissima,14
conciliativo,14
poniare,14
maschilisto,14
altaico,14
acorio,14
volendolo,14
castragli,14
scaffalatura,14
dimaro,14
deiramministrazione,14
austriaca,14
some,14
sterminateli,14
amoretto,14
itinerare,14
eufemia,14
sbranare,14
tragicamere,14
lamina,14
rispondiare,14
fiorellino,14
producesse,14
1130,14
aviano,14
vescicale,14
retrodatare,14
medusa,14
gioca,14
manifesre,14
sovrumano,14
missivo,14
meningito,14
regge,14
etcina,14
languore,14
sapilo,14
medicalizzazione,14
vertenzira,14
moltiplicandoso,14
valladolid,14
eludente,14
dodecafonia,14
indistinte,14
kobayashi,14
determinatezza,14
fiammante,14
oriole,14
porcinello,14
ristretti,14
insedere,14
riparabile,14
darte,14
dittaturare,14
infruttuosi,14
autocompiacimento,14
assad,14
accudì,14
mieto,14
ottenendone,14
corregge,14
ricattabile,14
impegnandoe,14
ripercuote,14
verbalismo,14
pomposamente,14
mustang,14
valpolcevera,14
ciriére,14
intuitivo,14
alberone,14
aiole,14
elbare,14
battelliere,14
sederino,14
replicato,14
accoglie,14
westfalia,14
mandale,14
catanzarare,14
chimoni,14
scuoiare,14
irido,14
intensificira,14
degnazione,14
disonore,14
calvizie,14
tutorio,14
appostato,14
depore,14
permettetemio,14
rifiutato,14
collocandolo,14
indicandone,14
pinco,14
lodale,14
succintamente,14
affrontarere,14
omeo,14
accusarono,14
cleopatrare,14
ciofi,14
bettoline,14
amorevolmente,14
ambare,14
passala,14
speziale,14
zappala,14
mingo,14
polistilo,14
compattissimo,14
stama,14
trasferendolo,14
sumai,14
carcasso,14
astano,14
specialirre,14
malaspinare,14
gareggiano,14
1020,14
stravolgare,14
terzista,14
aggradi,14
strabocchevole,14
extraterrestre,14
melotti,14
sordida,14
poderale,14
scoppiarere,14
cercherebbero,14
pegaso,14
algebrico,14
varazza,14
pinzare,14
diavole,14
belzarino,14
essiccare,14
sfibrante,14
tapino,14
peltro,14
filippinire,14
dieter,14
bassotta,14
ministre,14
valevolo,14
lievito,14
serrino,14
racchiuso,14
calettare,14
rimorco,14
heineken,14
veronica,14
togli,14
nitrare,14
sinopia,14
colmato,14
costantinescu,14
amministralo,14
copi,14
collima,14
subumano,14
bisello,14
offriere,14
limato,14
sahariana,14
imboscata,14
parlarono,14
bendo,14
insinere,14
menalo,14
determinatese,14
18enne,14
cavallina,14
tabellina,14
predire,14
braccato,14
conoscevre,14
soffro,14
atlantare,14
rimodere,14
piangente,14
bistecco,14
ammi,14
conversa,14
legnaia,14
ritma,14
entrala,14
designa,14
vassoio,14
reed,14
amarico,14
spiccio,14
disarmonico,14
zafferano,14
maturavare,14
informatone,14
figurerebbero,14
portavano,14
zuccone,14
dubitere,14
dissanguamento,14
afflosciare,14
cosmopolito,14
slovene,14
scalcinato,14
fondavare,14
tricomire,14
ingordo,14
travare,14
app',14
certosino,14
malintesa,14
araldico,14
estrudile,14
apprezzamere,14
militarista,14
ogiva,14
cromwell,14
accentuandoso,14
elisco,14
piedere,14
inerma,14
bacione,14
centrò,14
campae,14
propor',14
spianata,14
inappagato,14
orecchione,14
facilitato,14
bicarbonato,14
precedette,14
intoccabilità,14
carolare,14
trybuna,14
chiusino,14
mamoiada,14
imeneare,14
laureande,14
leporine,14
realizzata,14
accennere,14
morile,14
coppare,14
offertogli,14
intricatissimo,14
fargo,14
superino,14
incuneo,14
villasanta,14
camerone,14
petrasso,14
andò,14
scoperchiato,14
toloso,14
micella,14
cursore,14
honoris,14
disinquinante,14
rifugiatosi,14
concorda,14
cavalluccio,14
ombro,14
clare,14
fmgd,14
condone,14
petulante,14
pendevare,14
cicloturismo,14
cantale,14
neonazisto,14
penicillina,14
lavorata,14
bluso,14
morgue,14
paolotto,14
becchina,14
ricordata,14
marginandole,14
fenicia,14
magazziniere,14
calar,14
natico,14
palosco,14
henza,14
implicitare,14
vercelleso,14
selettore,14
sofisticatore,14
sadam,14
tachigrafo,14
gondola,14
divenge,14
studentesso,14
stressane,14
susseguivare,14
febbro,14
penato,14
sorda,14
perdine,14
ottene,14
discuter,14
pratichare,14
tresco,14
galea,14
scroscio,14
razionalista,14
sophio,14
insulina,14
speculere,14
apollonio,14
attergate,14
rilascere,14
alitalo,14
abbatté,14
adolf,14
contraddettere,14
anodino,14
temporeggiamento,14
ostacolista,14
anticamente,14
isbo,14
bimano,14
confutabile,14
stampigliare,14
rasoire,14
precedire,14
altra,14
defalcane,14
tranca,14
conosce,14
incartare,14
sfasciume,14
listello,14
trasferitoso,14
mareggere,14
icot,14
brabante,14
torea,14
regima,14
annulla,14
sigfrido,14
registratisi,14
assolutoriare,14
sessennale,14
percahoè,14
irrisolte,14
frivolezza,14
pickford,14
pubertà,14
musone,14
approvatone,14
linceio,14
scrupolosità,14
borchiaio,14
single,14
volterrana,14
fateo,14
salmastro,14
rigonfiare,14
guardòre,14
acciarino,14
retrospettivamente,14
giocoliero,14
disputatasi,14
causato,14
porfido,14
descritta,14
antipolio,14
barzana,14
ruppero,14
pollone,14
generosa,14
cristianità,14
cividate,14
invitiare,14
scassato,14
facesso,14
altissima,14
necroscopio,14
biancare,14
sussidiaro,14
bacalo,14
inguinale,14
rispungere,14
presentabile,14
scatolo,14
titare,14
iperrealismo,14
vieta,14
bufale,14
rende,14
vagabondi,14
erodoto,14
dexter,14
arealo,14
rapimente,14
commerci,14
nuotata,14
utilizzale,14
isolario,14
blocchino,14
garbuglio,14
chiode,14
animatrico,14
burino,14
dovendo,14
tergu,14
cannole,14
histadrut,14
catode,14
troverebberare,14
essercene,14
stilista,14
travolgare,14
chiame,14
eutimio,14
interrogo,14
restaurativo,14
agatha,14
attenborough,14
armonio,14
tralascio,14
esaminar,14
kirghiso,14
lauree,14
ferzio,14
viglia,14
convoglia,14
vassoi,14
annodato,14
wuerttemberg,14
materica,14
onzo,14
riferisco,14
riscatte,14
frastagliare,14
labello,14
lavoaratore,14
assumessero,14
carpa,14
-'80,14
bisceglio,14
darti,14
adira,14
moscio,14
davantine,14
permarre,14
singer,14
diedare,14
cappellai,14
seriore,14
birore,14
legate,14
vettovaglia,14
rinascenza,14
imitante,14
neallo,14
scugnizzo,14
onoro,14
attinto,14
acritica,14
macellaire,14
irredentista,14
presenteremo,14
piper,14
instauro,14
gaggiano,14
parallelare,14
acconsente,14
igina,14
geiger,14
variata,14
stazzema,14
passito,14
fondalo,14
scomparvero,14
paccottiglia,14
trebbiatura,14
souvenirre,14
claro,14
parala,14
matti,14
maledire,14
chelone,14
classi,14
profumare,14
tramo,14
altano,14
prevost,14
repubblico,14
salii,14
evidenziato,14
cinquantaquattro,14
gessico,14
attitudinale,14
fenomenare,14
bressanone,14
indiavolato,14
smetto,14
impulsivo,14
alitalia,14
-'77,14
discendare,14
accresciute,14
trico,14
impasso,14
nole,14
riprenda,14
associazionere,14
villetto,14
riemerso,14
rimarchevolo,14
inconfessato,14
scartamento,14
ceffone,14
gammare,14
quarzoso,14
malvina,14
atap,14
peschice,14
asina,14
dirupi,14
necere,14
ricopertere,14
duore,14
rilere,14
andito,14
grinfia,14
agisso,14
aanco,14
provincialire,14
impeditare,14
contraddizionere,14
bussa,14
contabilizzazione,14
gestari,14
giocheremo,14
irrito,14
diteci,14
carellare,14
normazione,14
posato,14
graduo,14
vitalizzare,14
palaci,14
lglesiente,14
polesina,14
sufi,14
impregnato,14
attenti,14
taffo,14
altrovere,14
purità,14
italproteine,14
talamonare,14
secessionisto,14
impuntare,14
ripercorse,14
nazional,14
cacchione,14
cittadinare,14
filale,14
corrisponda,14
albione,14
mattinare,14
allattamento,14
moschini,14
milletrecento,14
acidamente,14
erebo,14
interre,14
monoblocco,14
barbere,14
frenetica,14
monna,14
banalizzazione,14
mordo,14
ciompo,14
desolo,14
pernottamento,14
boulez,14
calato,14
ramoso,14
sparge,14
monsummanese,14
axios,14
finanzi,14
oncologia,14
messosi,14
nuerburgring,14
alaio,14
esagitare,14
masciarello,14
inflativa,14
doluto,14
avversarlo,14
capannellare,14
bilanciere,14
ariello,14
imperialisti,14
fallisco,14
perder,14
cineprese,14
inferenza,14
topare,14
panta,14
vignetto,14
lunatovo,14
biscottificio,14
gattello,14
puntigliosità,14
montesare,14
pappagallo,14
zioai,14
contraile,14
svernare,14
inizire,14
dottorino,14
tovagliato,14
sopraggiuntare,14
samuele,14
ribrezzo,14
pitica,14
risocializzazione,14
ferrovie,14
disborso,14
lateranenso,14
evtuscenko,14
truffi,14
questionano,14
urba,14
afgano,14
besso,14
reperte,14
boxeur,14
antiurto,14
peretare,14
brune,14
bandii,14
reinterpretare,14
pioggerella,14
maliardo,14
resteere,14
kenny,14
casmez,14
abarico,14
fulmineamente,14
arcaismo,14
buttato,14
mastodontica,14
tocca,14
prizzo,14
salgemma,14
mortis,14
sbalordimento,14
brucana,14
sciolti,14
cellola,14
dogmatica,14
strafore,14
servitare,14
mitare,14
caudine,14
legandoso,14
gualcile,14
consumano,14
dicono,14
orlato,14
missa,14
elco,14
comodare,14
cerere,14
calzatolo,14
persona',14
benfatta,14
facola,14
lottizza,14
traùe,14
esclusività,14
carrozzabile,14
intendo,14
configgo,14
ioga,14
casba,14
transire,14
igliare,14
etio,14
carmelare,14
catenona,14
filateliare,14
flep,14
antonelliano,14
decretano,14
frangio,14
cerei,14
direzionalità,14
socialdemocrazie,14
vituperato,14
pita,14
fiosso,14
malumoro,14
alesa,14
ulve,14
assemblai,14
inzuppare,14
pecorare,14
seminarile,14
burlare,14
fulatre,14
rapita,14
tuttolibro,14
sgobba,14
pdre,14
accantone,14
asbestoso,14
ascoltavato,14
ricordale,14
spettrometro,14
amentare,14
sbancare,14
appestare,14
9500,14
minimale,14
mentii,14
amenpere,14
tarricone,14
mercenaria,14
vivibile,14
meritavamo,14
immagino,14
quintuplicare,14
provvedimelo,14
apparto,14
guipuzcoa,14
sommano,14
greensill,14
sentirebbe,14
tarso,14
accagliaire,14
vincenzina,14
stalinisto,14
toglo,14
inanella,14
elettare,14
ventiquattr,14
benzeno,14
obiettace,14
tieni,14
autoesclusa,14
amministrano,14
frazionismo,14
cedrina,14
bellomo,14
neuropatia,14
bistento,14
aquilanare,14
campionamento,14
fruì,14
workshop,14
missouro,14
ventrale,14
lailare,14
incontaminare,14
equilibratore,14
ignominia,14
badino,14
vediamola,14
gianandrea,14
marquardt,14
muniste,14
1308,14
votanto,14
pareheggio,14
qualcoso,14
fern,14
maniscalco,14
gins,14
malsanare,14
fumato,14
ritornano,14
credi,14
dago,14
rompo,14
194s,14
nervino,14
vagile,14
antisemito,14
penta,14
concorrono,14
sopratasso,14
sin',14
siglio,14
iliana,14
gommale,14
sottotetto,14
raiare,14
esiga,14
atteggi,14
duronia,14
argentarlo,14
egno,14
sciitare,14
arendere,14
nervi,14
attirala,14
valsio,14
mutar,14
permessa,14
ricoverata,14
garro,14
fassbinder,14
clap,14
rettorale,14
crures,14
rondo,14
niro,14
aretina,14
acqualagna,14
telesport,14
notaci,14
basketre,14
rilassatezza,14
viadanico,14
robeson,14
lagnereste,14
vasellina,14
farma,14
sfirs,14
cancerogenere,14
schiappare,14
orsùe,14
rivalta,14
unida,14
sponsorizzare,14
bennato,14
19761977,14
allagaco,14
polverigi,14
tornatolo,14
caremo,14
waldvogel,14
atanasia,14
chiaia,14
valiamo,14
pandoro,14
canapino,14
smammati,14
telefonano,14
inviamo,14
primaziale,14
tetracloruro,14
scarnasi,14
merre,13
iugoslare,13
bocchetta,13
santuzza,13
ucsi,13
ampliato,13
innalzavare,13
chire,13
irrompa,13
indaga,13
pagarere,13
silenziosità,13
campaci,13
detona,13
abitudinario,13
simbionto,13
pareri,13
credetema,13
tascapane,13
rocciatore,13
trump,13
presbiterale,13
valicano,13
viotto,13
orge,13
turritano,13
sadomasochistico,13
megera,13
feuilleton,13
omerico,13
masochismo,13
redae,13
ecatombe,13
metanolo,13
rialre,13
telequiz,13
lindare,13
ammonico,13
rafia,13
torra,13
ventinovenne,13
giovino,13
macrys,13
rientrerebbero,13
intattere,13
euglena,13
ulne,13
regimonale,13
attribuiscere,13
scoprivare,13
istituìe,13
riatto,13
realizzatasi,13
alcaro,13
sferzare,13
interconnesso,13
povera,13
marane,13
vycpaleck,13
evert,13
atavismo,13
nucleico,13
tentante,13
intempestiva,13
contrastanre,13
oblato,13
cani,13
reprere,13
isaac,13
ideologizzante,13
indebolita,13
bloccale,13
numerosa,13
seminala,13
oscuramente,13
deare,13
ballottini,13
illustra,13
pomezio,13
psicosociale,13
sganciamente,13
screzio,13
alzò,13
retrogrado,13
caard,13
stratificato,13
ballabio,13
annoto,13
equalizzo,13
superdotato,13
portoricare,13
caraibico,13
musicassetta,13
rassegnere,13
comunisme,13
bistrato,13
genetista,13
discosto,13
anastase,13
calipso,13
meloni,13
corsetto,13
scialare,13
pensalo,13
banditesca,13
compieta,13
villore,13
tiellare,13
devolution,13
vanificato,13
porcia,13
folre,13
consequenziale,13
assumendone,13
modanino,13
domandiamo,13
sordello,13
programmalo,13
duecentocinquantamila,13
marcito,13
coetanea,13
parai,13
jelsi,13
diese,13
malesiano,13
impadronirere,13
calasso,13
powell,13
calvere,13
delmas,13
impressionere,13
estasio,13
conclusone,13
surbo,13
pettegolo,13
tatuaggio,13
trifoglio,13
5300,13
torneere,13
mestamente,13
offriamo,13
chiarivo,13
zuccherino,13
inanimato,13
depere,13
inedificabilità,13
ermetismo,13
endrigo,13
chimicamente,13
rinforzato,13
minutamente,13
pensionale,13
bombere,13
fascistare,13
raggelante,13
stendhal,13
stasero,13
fessuro,13
giporno,13
sessantenne,13
maiolico,13
rhodense,13
chiarore,13
infittere,13
torchiare,13
persuasore,13
raccomare,13
piotare,13
port,13
dichiaratone,13
aden',13
sovvertitore,13
proceder,13
colliare,13
pagassero,13
recondire,13
piaco,13
bovere,13
geyser,13
sunderland,13
andavamo,13
porgono,13
oliarere,13
aano,13
indefettibile,13
strong,13
turbino,13
patavino,13
zebrato,13
intestardire,13
nasello,13
nativa,13
somiglia,13
aratorio,13
battone,13
allegra,13
caboto,13
zambesi,13
dc-9,13
secretre,13
spettacolino,13
fantapolitica,13
progenitore,13
batacchi,13
quindicennale,13
mellito,13
trasferiscere,13
motivandolo,13
stefaniare,13
parafare,13
scattino,13
abano,13
inurbare,13
ubriacare,13
guidonia,13
nerola,13
salumeria,13
chetato,13
sessare,13
mitomano,13
storcere,13
collido,13
delare,13
intensifica,13
poniamo,13
strido,13
screzi,13
muntone,13
borsari,13
affrancatura,13
palermitana,13
ispecia,13
contingentare,13
spendibile,13
strumentali,13
illustratore,13
fairbanks,13
sottostazione,13
tranviaria,13
annerissa,13
abduzione,13
obese,13
scappato,13
ricettire,13
iersero,13
tiratissimo,13
inadempimento,13
prevede,13
pensassero,13
sismologico,13
cingetto,13
confortano,13
basalo,13
contado,13
divenisse,13
radicaleggiante,13
zanca,13
edilo,13
santinie,13
pandit,13
manichee,13
reclusore,13
avvedutezza,13
merckxre,13
munii,13
lottino,13
confermarere,13
diccene,13
barelliero,13
nocchio,13
sottocapo,13
minia,13
sosteniare,13
inviatogli,13
disonesta,13
aniene,13
sean,13
redgrave,13
maometto,13
maggiorala,13
benese,13
fregasi,13
attrezza,13
consenziere,13
bianchetto,13
scoprirere,13
sferico,13
resilienza,13
gemito,13
frenato,13
ciri,13
salice,13
corpicino,13
espertissimo,13
politicanto,13
florinda,13
inia',13
luggere,13
risporre,13
cubala,13
ottave,13
portoricane,13
affilo,13
modellino,13
figulo,13
librettista,13
sottotitole,13
attuao,13
diavolare,13
ferite,13
tokiore,13
riuso,13
peregrina,13
dettoce,13
christire,13
voltura,13
platonica,13
sfiducio,13
carbona,13
esclama,13
agganciato,13
avvenuti,13
convalido,13
veliere,13
innevato,13
19741975,13
baritere,13
prevalgano,13
spettatrico,13
essenre,13
burocratizzare,13
bicollo,13
tirante,13
torricello,13
prenditore,13
talismo,13
defuntare,13
bianconerao,13
salace,13
cinofile,13
alimentato,13
corinaldo,13
phylum,13
moschettiere,13
nanetto,13
ferramento,13
dispensario,13
affittato,13
zagre,13
uilsp,13
retina,13
gonfiore,13
sconveniente,13
coalizzato,13
baite,13
egoista,13
letterariamente,13
sessoriano,13
fotostatico,13
plettere,13
prefettizie,13
dovemmo,13
personare,13
sopraccigliare,13
sampere,13
battimano,13
fomento,13
indurimento,13
intimidito,13
acetito,13
fisiologo,13
interare,13
estrella,13
orecchino,13
verderio,13
restiare,13
cesarare,13
ghiretto,13
sogliere,13
avicola,13
calcisticamente,13
calmieratore,13
reatare,13
aeralo,13
dacco,13
preposte,13
itaio,13
antimeridionalistico,13
fermerare,13
salottiero,13
dotte,13
storio,13
amadeus,13
truffaldine,13
mangio,13
comio,13
traversina,13
vittare,13
sporadica,13
antiregionalista,13
confidano,13
borgogna,13
roteale,13
conterrebbe,13
lassista,13
polittico,13
cipk,13
nevere,13
liscato,13
partecipiare,13
tradotta,13
alberobello,13
sanzeno,13
cisti,13
adulterare,13
riunta,13
casertana,13
frastagliato,13
sprazzio,13
verificando,13
remigio,13
risola,13
iscrivo,13
appiccato,13
thieu,13
dittare,13
aramco,13
neoromantico,13
fotoromanzi,13
sottolinearere,13
commisero,13
vocalmente,13
formuletta,13
legalistico,13
novellaro,13
ofelio,13
chacabuco,13
trasfertire,13
belvo,13
incaere,13
ritrovarere,13
numera,13
pagale,13
aurismo,13
spiata,13
maialetto,13
decentralizzazione,13
legai,13
cogito,13
ferrerare,13
tumultuosamente,13
disertere,13
ambasso,13
azionabile,13
dissestata,13
circe,13
rauca,13
complessivare,13
eseguivare,13
colaio,13
consentendogli,13
poti,13
affettivamente,13
cavallone,13
acna,13
festeggere,13
deceda,13
vociante,13
vitorio,13
panchine,13
scheggiare,13
soppiatto,13
essendoci,13
pagherere,13
anarchica,13
gremitissimo,13
surriscaldato,13
soccore,13
pronunzia,13
penetrato,13
centurione,13
faraere,13
sentilo,13
sbilanciamento,13
sfuriato,13
divisionismo,13
indurire,13
auricolare,13
pallovale,13
riunitoso,13
favaretto,13
fidep,13
belucistan,13
proclamano,13
piazzasi,13
offesero,13
rattoppare,13
raschio,13
scompostamente,13
fammi,13
spungere,13
brancolano,13
capitone,13
affumicato,13
minimosca,13
mara',13
fornirò,13
direttoriale,13
discontinuare,13
resistenzare,13
evitalo,13
multirazziale,13
vous,13
ellittico,13
ripartitore,13
stucchevolo,13
tirella,13
tubino,13
cosmonauto,13
sovrattassa,13
complessa,13
ceranesi,13
soldano,13
noiret,13
zigana,13
teschio,13
laerta,13
arrenare,13
attivissimo,13
scopone,13
donati,13
abbuere,13
utico,13
provveduto,13
semine,13
garantendonere,13
uniformemente,13
sussultorio,13
mormone,13
riassicurazione,13
forziero,13
minimizzatore,13
trasferivo,13
antifascirre,13
erosi,13
italiaurss,13
dilazionato,13
soffoca,13
socrate,13
attacchare,13
alluda,13
interrogòre,13
lunetto,13
presiedettere,13
magnare,13
stanislavski,13
locali,13
psicopatologico,13
aderare,13
gerra,13
calandrella,13
brivio,13
trascrittere,13
incompetento,13
entero,13
promezio,13
videoregistratore,13
civetto,13
deviato,13
ireno,13
baucina,13
anacleto,13
crematore,13
condividendone,13
beuta,13
estrosità,13
esperito,13
amat,13
batik,13
cronicizzazione,13
rebbi,13
consisto,13
istore,13
marisare,13
segregazionista,13
legheo,13
accasciato,13
ciso,13
stabilimene,13
cali,13
tredozio,13
istorio,13
scrivento,13
rufinare,13
duravare,13
ertare,13
mezzegra,13
popolarere,13
risalere,13
gonfaloniere,13
rimborre,13
1897,13
bazzicare,13
comunirre,13
memorialistica,13
orgogliosi,13
inflessibilmente,13
scontrino,13
conseguentementa,13
parkinson,13
bobre,13
sfruttatrico,13
lattuada,13
baffetto,13
convulsa,13
teniare,13
rusco,13
rutino,13
impiccio,13
dadio,13
rifiatare,13
rendo,13
poliico,13
balda,13
posso,13
anec,13
pendant,13
roatto,13
collocavare,13
nevischio,13
giovere,13
cannibalismo,13
biplano,13
inteca,13
parabiago,13
fiammeggiante,13
dispendiosa,13
messenia,13
diparte,13
alatale,13
accartocciare,13
nuova,13
squinternato,13
lavatoio,13
mescolo,13
trattenute,13
stereofonico,13
pognano,13
imponderabilità,13
ilote,13
riunitoe,13
coffa,13
simbolizzare,13
stabilizzante,13
granelle,13
acciarpo,13
spaesare,13
rimarranno,13
neocolonialistico,13
siglee,13
casermo,13
consigliace,13
omonimia,13
angiolinare,13
elusiva,13
sconcia,13
scaturisco,13
fisciare,13
veridica,13
tornasse,13
olle,13
bruciacchiare,13
traditare,13
oderzo,13
arnold,13
rivoluzionarre,13
cancerologia,13
anfitrione,13
incorrotto,13
stroncando,13
stimabile,13
bastante,13
svogliato,13
cagar,13
ologramma,13
succitare,13
miere,13
reperere,13
monopolizzato,13
federbracclante,13
buoncostume,13
pesino,13
1115,13
rodano,13
calcinala,13
nasconderebbe,13
lanare,13
affermano,13
niven,13
reificare,13
clark,13
minacciata,13
lasciale,13
disguidio,13
gusco,13
riacquistato,13
direione,13
forchiare,13
1068,13
sgargiante,13
ristorne,13
alboino,13
oviedo,13
canazei,13
inforno,13
garantirebbero,13
numa,13
bomboniera,13
ritardatore,13
paradigmatico,13
elbana,13
descrire,13
imperterrire,13
apistico,13
insediatoso,13
faccende,13
magnificare,13
alessare,13
estenso,13
officio,13
ripescaggio,13
sfocio,13
equidistante,13
avvinghiare,13
pervenissero,13
olszowski,13
stoicismo,13
libbro,13
briosco,13
corbellare,13
iolare,13
fettine,13
sualà,13
cintomo,13
ridicolmente,13
ideologizzazione,13
reboante,13
confindustrio,13
renitenza,13
inteco,13
onta,13
spigo,13
delltjisp,13
xenofobi,13
moina,13
delmona,13
organizzata,13
passatello,13
fasere,13
salutazione,13
tornila,13
lindbergh,13
acclarare,13
predestinare,13
conciato,13
remuneratire,13
sopravalutare,13
libertinaggio,13
disneyland,13
teiera,13
ricontrollare,13
appella,13
deterministico,13
cerealicole,13
picene,13
federace,13
gonnare,13
utilizzavare,13
pamplonare,13
primeggia,13
centocinquantare,13
sandale,13
polsino,13
soluziona,13
individualistica,13
trasporre,13
maestre,13
toluolo,13
facchinato,13
preferiere,13
addestrato,13
verretto,13
stampatello,13
accertere,13
oresto,13
coniando,13
mezzosoprare,13
laterare,13
posters,13
caciottere,13
schiarì,13
esperii,13
detratte,13
sottolineiamo,13
oxforde,13
malnato,13
svoltendere,13
iniziative,13
fabbrichereta,13
conterrebbero,13
dimessoso,13
pungolare,13
lusciano,13
spetterebbero,13
estenda,13
ruoti,13
appetire,13
emule,13
casargo,13
sostituìre,13
bis',13
cantico,13
mazziniano,13
meravigliato,13
bolidio,13
princere,13
benefica,13
gerarchicamente,13
superassero,13
regicide,13
filmo,13
differenzare,13
fingendoso,13
borchia,13
insediò,13
keniane,13
meteo,13
altini,13
offshore,13
portentoso,13
paurosa,13
cedico,13
caltanissettare,13
gallicare,13
fiatino,13
squalificante,13
immaginifico,13
superstizioso,13
sbrigatire,13
micron,13
raccogliticcio,13
emotivamente,13
plurimi,13
rome,13
riproducevare,13
aldobrandino,13
pozzanghera,13
demetra,13
perizio,13
vernare,13
raccapezzare,13
lenone,13
nascondano,13
valute,13
antifrancese,13
pluripartitico,13
consentir,13
qualificatosi,13
fruttò,13
morbilità,13
facezia,13
occasionalità,13
triplicato,13
rovinosi,13
botro,13
operina,13
pioe,13
artigliero,13
ruotante,13
carie,13
usaurssre,13
mundo,13
corposamente,13
embolo,13
anticatale,13
scevra,13
incomincio,13
detestabile,13
guadagnandoso,13
annunci,13
impostasi,13
banno,13
burocratizzato,13
1730,13
ladislaoe,13
acchire,13
madrilena,13
viene,13
opale,13
rapportabile,13
ridito,13
adulterato,13
scorrerio,13
terziale,13
ridiscuttere,13
congiunta,13
copernico,13
cibore,13
dotandolo,13
ernest,13
turchiare,13
appoggiano,13
mariarire,13
biondio,13
chiamere,13
anticontadino,13
sortivo,13
scarafaggio,13
valtellinese,13
semole,13
arricchendolo,13
meschine,13
levantino,13
uscissero,13
rischiò,13
fonasco,13
provvisoria,13
mangiato,13
tassone,13
sboccale,13
edurre,13
tessa,13
imperialisticare,13
boio,13
optimum,13
mietitura,13
gratitudina,13
salivere,13
colpirono,13
incarno,13
presentandone,13
encomio,13
fasso,13
fracassi,13
librar,13
ambii,13
impagabile,13
basae,13
viva,13
pervaso,13
cariateglio,13
dannunziano,13
pressino,13
parteciperebbero,13
iugoslavia,13
sanale,13
masnadiero,13
gommato,13
zuccato,13
barometro,13
mangiadisco,13
tiberare,13
pronunciale,13
disinterere,13
stravincere,13
ripercorsa,13
beaco,13
f-15,13
scateno,13
respirere,13
paracadute,13
consigliio,13
aderito,13
confina,13
training,13
vieni,13
olismo,13
albertare,13
intrecciavare,13
munifico,13
imbardare,13
felce,13
operaismo,13
studentesse,13
stupì,13
inenarrabile,13
cardiologi,13
mauriziore,13
stesto,13
finalizzandolo,13
tagliola,13
corinna,13
plateo,13
esperte,13
collecchio,13
stipendiale,13
abbandonino,13
torero,13
piacer,13
machiavellico,13
prevosto,13
operai,13
diplomata,13
paesi,13
bengalese,13
verosimiglianza,13
plasmo,13
stupendare,13
ondina,13
elesse,13
macabre,13
sentivo,13
turpe,13
renderge,13
alternatore,13
vogatore,13
chiavaccio,13
cotoniero,13
pregnanto,13
acutizzano,13
scoraggare,13
strapiombo,13
lisca,13
brucelloso,13
aleatori,13
nascenta,13
calvare,13
parrucchino,13
consentari,13
meritevola,13
invento,13
origliare,13
pulso,13
siviero,13
dichiarino,13
valutino,13
rinnovatace,13
invea,13
attizzo,13
caposervizio,13
spontaneare,13
maxi,13
todere,13
digiunare,13
fradico,13
arretrale,13
aficionados,13
ardimentoso,13
bullismo,13
goerno,13
penire,13
domandano,13
acquisibile,13
imbrigliamento,13
ispirarere,13
miravare,13
gattopardesco,13
bomboletto,13
esprit,13
totalizzanto,13
attivistico,13
privatistica,13
tombe,13
ottudere,13
cammella,13
calcolata,13
versata,13
arenalo,13
prossimi,13
supportare,13
teggianese,13
preferare,13
inimicizia,13
camozza,13
macroeconomico,13
fotografi,13
amama,13
ferulo,13
attesero,13
arginatura,13
figuratire,13
studiavare,13
minestre,13
provvisore,13
6erie,13
atonalità,13
veioe,13
emetto,13
budere,13
dinamicamente,13
angherio,13
drink,13
icar,13
pendercelo,13
ingegnare,13
casomai,13
falerone,13
aritmetica,13
altolocare,13
sentivamo,13
lavorere,13
idroguido,13
guttuso,13
giovagli,13
annota,13
reagito,13
euler,13
strie,13
lentiai,13
isnardo,13
steno,13
soccorro,13
sottooccupazione,13
assicurale,13
giancarla,13
psoi,13
miocardio,13
immemore,13
borda,13
disciplinatamente,13
vetroresina,13
maserare,13
corazzini,13
ottantotto,13
cenerò,13
assegnatogli,13
montiero,13
sopralzo,13
campane,13
latra,13
elettromotrico,13
voile,13
bersanio,13
baget,13
palingenesi,13
apule,13
scelsi,13
essendovo,13
rimarrà,13
credetto,13
sottopagare,13
ffaa,13
decorre,13
merana,13
infestante,13
contumace,13
sotterranea,13
redimere,13
lastricare,13
tibaldo,13
mongolio,13
evita,13
espada,13
pieo,13
ovina,13
ghenga,13
oviedere,13
panerai,13
improvvisatore,13
perdendoso,13
straniare,13
bernoullo,13
house,13
malpigli,13
storicizzare,13
malgascio,13
manganellare,13
almese,13
testico,13
saltazione,13
borgna,13
cervellino,13
aurorale,13
decurta,13
insita,13
posteglio,13
biliaro,13
concertante,13
intervengo,13
valéryre,13
servizi,13
segaio,13
sciupio,13
divelso,13
equivoca,13
beae,13
osmo,13
pretattico,13
metallaro,13
oneraio,13
soddisfatte,13
intuere,13
fiatone,13
tremante,13
scappatola,13
uncinare,13
motocarro,13
tripodi,13
apertamere,13
traevare,13
linaio,13
pianuzza,13
dovendoe,13
stan,13
stranissimo,13
guidale,13
ambulanto,13
intarsio,13
indurrere,13
spiga,13
associale,13
avanzalo,13
rappresenterebbero,13
rialzi,13
efendere,13
passeggiato,13
cianciano,13
labbrare,13
calcistica,13
sostenuta,13
frequentatissimo,13
sputo,13
endurance,13
contraddistinguono,13
cortissimo,13
cido,13
siffatta,13
cecilio,13
ileano,13
pinuccia,13
distale,13
1050,13
belar,13
allume,13
aerano,13
recire,13
campolattaro,13
rovescare,13
gettata,13
susseguitisi,13
scagno,13
risorgera,13
rappresenterebberare,13
sopravvivo,13
uber,13
frimai,13
sciolse,13
precipitavare,13
stipendiato,13
accoltellato,13
iliadere,13
psichica,13
lozzolo,13
denuncino,13
suturare,13
cilindrico,13
speciosi,13
costruiremo,13
ridotti,13
intervenendo,13
barryo,13
bertuello,13
intimismo,13
ciarlatano,13
singolarissimo,13
passabile,13
kaoni,13
ineleggibilità,13
manfredere,13
astrarre,13
pensino,13
vescovado,13
configurato,13
amaretto,13
rimaneggiamente,13
accondiscendenza,13
arcato,13
origino,13
troiaio,13
radiogiornale,13
semiprofessionistico,13
toccavare,13
calcola,13
ottomano,13
ritrovi,13
condove,13
smaltare,13
fisioterapico,13
scranno,13
enumerazione,13
dogano,13
pacelle,13
campobattere,13
trasformatasi,13
cuginetto,13
infuocare,13
gisello,13
incubatrice,13
stilale,13
perna,13
massaciuccolo,13
fradicio,13
etli,13
vandalismio,13
viaggiavere,13
pesato,13
operone,13
svezzamento,13
nuoreso,13
subivo,13
fosdinovo,13
ermeto,13
glacée,13
divengire,13
appreso,13
raggiunta,13
cominciai,13
roditore,13
ortare,13
inaridimento,13
orchestrina,13
mozzafiato,13
ebrea,13
rimboschire,13
penai,13
lemming,13
ferragonere,13
squaw,13
informavare,13
mondino,13
timida,13
flui,13
rottare,13
vallombrosana,13
saltino,13
insulario,13
bortoluzzo,13
consistano,13
aerave,13
alvito,13
qualificanto,13
fiacca,13
charlio,13
alie,13
plasticità,13
tacevare,13
vedi,13
rischiere,13
carcera,13
etologia,13
lisco,13
daziaria,13
cimai,13
speciosa,13
indorre,13
transilvania,13
sviluppino,13
lustratura,13
marita,13
bitume,13
spanto,13
trasfigurazione,13
smentisco,13
lieta,13
dovevere,13
vuote,13
agronomio,13
parlamentale,13
frangiflutti,13
uccisi,13
condilo,13
siris,13
pernice,13
raggruppa,13
rondere,13
chignolo,13
paliano,13
abetello,13
caseina,13
santulussurgiu,13
emigrò,13
condivo,13
anone,13
tornai,13
riferivamo,13
montebuono,13
ammogliare,13
ochetta,13
coniglia,13
uboldo,13
tempietto,13
opprimono,13
parrocchiare,13
matrone,13
fermarcelo,13
arreda,13
murolo,13
larvo,13
snoda,13
assicuralo,13
vallere,13
mousse,13
serrace,13
begolo,13
scagliato,13
suore,13
zorre,13
salorno,13
rispondiamo,13
costruivare,13
spocchioso,13
monledison,13
munte,13
accorsere,13
daterà,13
colarmene,13
pessimistica,13
alasse,13
rom',13
incollato,13
tradato,13
anffas,13
codone,13
creassero,13
furare,13
iberno,13
scomoda,13
pauli,13
cenale,13
parloe,13
accortosi,13
esortano,13
cottole,13
ascoe,13
cabrere,13
vaghare,13
tepore,13
niento,13
divelta,13
cantine,13
settimi,13
frenetice,13
ripalto,13
pauso,13
aberra,13
borchiai,13
morila,13
assembleari,13
incuto,13
nell',13
ruge,13
capacito,13
significatilo,13
ducere,13
accedire,13
alettale,13
ariere,13
thoeno,13
scolio,13
scafido,13
allenale,13
tallona,13
richiamalo,13
polltlco,13
ipse,13
inasprisce,13
disturbato,13
calzamaglio,13
distrofia,13
fiotto,13
confagncoltura,13
spasimante,13
operative,13
gabriello,13
court,13
cesato,13
filma,13
domande,13
duecentesco,13
foto-,13
interne,13
trontare,13
tatù,13
lasse,13
dolito,13
deduttivo,13
cosetta,13
mapere,13
binarlo,13
oneralo,13
ipnotico,13
rappresentale,13
antarese,13
minneapolis,13
vocia,13
riportale,13
merlara,13
trecase,13
arenario,13
incollo,13
commessone,13
divello,13
amala,13
gamico,13
libai,13
organizzai,13
poteio,13
serenata,13
centesima,13
stimma,13
invalidazione,13
redarre,13
gestibile,13
azionalo,13
induttivo,13
ricorca,13
amenare,13
buonanotta,13
delicata,13
pomino,13
coccare,13
maggiorale,13
resetto,13
decisare,13
talentacci,13
vedo,13
associ,13
1079,13
villasor,13
esibì,13
sanificare,13
zampetto,13
dedere,13
potile,13
bronzetto,13
attuabilità,13
affettato,13
igliano,13
droprio,13
dccl,13
felicita,13
tegame,13
piovane,13
elisir,13
cacco,13
torneare,13
bacchiar,13
bonefro,13
isdn,13
salentine,13
osmare,13
indeuropeo,13
cattln,13
garra,13
ambulantato,13
insuffli,13
irascibile,13
stricnina,13
radon,13
acco,13
duilia,13
tippie,13
usufruibile,13
felicito,13
norberta,13
morato,13
1999,13
cacciabile,13
ottantuno,13
chiamartico,13
ragù,13
accertale,13
cascana,13
agricoop,13
dcpsi,13
assonale,13
insudiciante,13
betelo,13
portovenere,13
ostetriciare,13
crevalcore,13
arbitrariare,13
nuoti,13
motorine,13
tracotanto,13
pentafonia,13
ripropostone,13
shampoo,13
manualità,13
chiedile,13
vetero,13
aretare,13
giaeco,13
internazionalizzare,13
partite,13
rauschenberg,13
lavar,13
maturaire,13
salmonellosio,13
leacril,13
f-104,13
alimentere,13
chiodi,13
vergenza,13
qualcos,13
chernomoretz,13
bagatto,13
lacustre,13
azzimo,13
fanfanlanl,13
affiatato,13
infogno,13
filona,13
statuine,13
fetto,13
estencere,13
avimo,13
pomponio,13
interdire,13
adimmo,13
andorare,13
poltronare,13
mineralogico,13
divento,13
ciminàre,13
cumulato,13
fievola,13
pandano,13
idrosanitaro,13
mandola,13
disimpegnato,13
ratiere,13
piumino,13
signorilità,13
clouseau,13
velico,13
asus,13
frasere,13
sportflash,13
divisare,13
asco',13
pescanta,13
agresto,13
prenestina,13
composa,13
refluo,13
tripartita,13
rientrino,13
vediamole,13
desino,13
puttano,13
sfilo,13
limpidissimo,13
caravanning,13
foucault,13
sottoscritta,13
coniato,13
patriziare,13
stenre,13
ottona,13
indispone,13
siracusare,13
subaffitto,13
calloso,13
calvena,13
stupratore,13
azionano,13
tondio,13
attene,13
concelebrazione,13
taglie,13
1450,13
suburbio,13
anagraficamente,13
quadrivio,13
ginecologe,13
borde,13
micosi,13
negatrice,13
assorbivo,13
carobbio,13
trattorista,13
ministratoce,13
sepsi,13
spiana,13
disagevole,13
incaco,13
infognare,13
picchiotto,13
traslazione,13
unir,13
crotta,13
achenio,13
appuri,13
angus,13
arrogazione,13
bultei,13
vecce,13
galgare,13
ittica,13
sifilitico,13
franosi,13
apnee,13
antello,13
visitateci,13
prioccare,13
1acp,13
interoffice,13
mirre,13
sciagurare,13
assemine,13
brutti,13
pesarendere,13
turritare,13
altavilla,13
compita,13
giuntale,13
intreare,13
spica,13
srare,13
gesuina,13
luminare,13
albereto,13
mesop,13
modigliano,13
tartarico,13
montelparo,13
bucassi,13
cesirare,13
tilla,13
bacherozzi,13
calafato,13
imeg,13
speleologia,13
libe,13
mentista,13
comet,13
culetto,13
76-'77,13
falci,13
geminace,13
sottopasso,13
pseudopesta,13
intercalalo,13
arsenioso,13
estorsore,13
lecca,13
massaroso,13
pressostatico,13
sostituari,13
liccardo,13
roulottisto,13
spettrometria,13
mobil,13
nefrologia,13
murazzo,13
campomarino,13
marracino,13
federar,13
sonnenfeldt,13
repelli,13
tartufa,13
sinalunga,13
cassonetto,13
falk,13
polverino,13
chiusdino,13
rass,13
opel,13
amoco,13
scatolino,13
tossine,13
psrs,13
stamma,13
bennare,13
avocar,13
tornita,13
----,13
managuare,13
pacchere,13
annerisse,13
pirrone,13
succhiacelo,13
trimestralizzazione,13
accappatoe,13
pompelmo,13
lambretta,12
arabeschi,12
apulo,12
conservavare,12
barberino,12
feyenoord,12
perquisita,12
cartocci,12
lucidissimo,12
protesre,12
azionariato,12
compattamente,12
mattano,12
gigliare,12
risentimere,12
balconata,12
00100,12
farde,12
dirienzo,12
catara,12
placer,12
rincuorare,12
delgere,12
accennavare,12
eccellere,12
lagnasco,12
tormentire,12
liberto,12
anagramma,12
volteggiare,12
sparsere,12
barboncino,12
giudizialmente,12
ponzo,12
nanismo,12
spolverare,12
vinca,12
bizzarre,12
cresca,12
eisenhowerre,12
recipe,12
ricopiare,12
triale,12
leffo,12
fattezza,12
propagandisticamente,12
tondere,12
giolivere,12
comunicavare,12
datse,12
virno,12
forniranno,12
subile,12
spergiuro,12
preferirebbero,12
imporrebbero,12
considerala,12
eoam,12
corvetta,12
centunenne,12
ingerere,12
tarale,12
sottovalutere,12
cavilloso,12
daziare,12
militavare,12
7iostro,12
fidere,12
lapido,12
ondulare,12
3040,12
meltina,12
incomprimibile,12
torva,12
sciolge,12
sazietà,12
unano,12
casacciare,12
antinomia,12
postuniversitario,12
combattentistiche,12
nuovostar,12
settantacinquesimo,12
impressionistico,12
litigioso,12
limitante,12
viticole,12
filantropico,12
candito,12
forino,12
fuci,12
goleada,12
manicheismo,12
segui,12
arbitra,12
impadroniscere,12
abbuffata,12
robustamente,12
progressismo,12
paganizzo,12
retrostante,12
importatrico,12
1650,12
rinunciabile,12
candidalo,12
severiano,12
doramene,12
levarono,12
cantaci,12
portuense,12
cinecittà,12
pensiona,12
trascinatore,12
rimasticare,12
quino,12
orfanello,12
bastimento,12
uesta,12
scorticare,12
immeritatamente,12
trattenevare,12
cronometrica,12
bruino,12
intorbidire,12
ricordatevi,12
quarante,12
imbucare,12
astenge,12
permetterebberare,12
egira,12
zambrone,12
rocchello,12
kulesciov,12
twain,12
alatisi,12
spuntato,12
gangsterismo,12
calvenzano,12
rustica,12
argere,12
immotivatamente,12
rettile,12
mimetizzato,12
lusia,12
tradii,12
infiorare,12
mariani,12
spassa,12
magalhaes,12
progettavare,12
ammutolire,12
antropologica,12
scevro,12
nappare,12
camiciola,12
selettivamente,12
stravogliere,12
garantir,12
conventicola,12
rattristare,12
antrodoco,12
picozza,12
ancr,12
miragge,12
distolgere,12
spuro,12
girolama,12
usar,12
graziella,12
meinardo,12
urre,12
finanzao,12
curiaziare,12
brasiliare,12
lucernario,12
polistirolo,12
dinamitarde,12
frosone,12
dabbene,12
volontaria,12
immetta,12
pietrificare,12
laccatura,12
personificazione,12
incompiutezza,12
rifiuterebbe,12
tornar,12
ricordiamoe,12
schiangere,12
bacchiare,12
affermeere,12
medola,12
grandicello,12
sventolavare,12
contumelia,12
mostralo,12
stioo,12
interessalo,12
for7a,12
cinquantennale,12
atelo,12
farinaccio,12
ortodossa,12
asean,12
tartaglia,12
ovetto,12
esploda,12
scavatrice,12
portai,12
contendare,12
passasso,12
castraglio,12
fantasmagorico,12
anforare,12
ricade,12
manciuriano,12
manifestatoso,12
subiio,12
babetto,12
colombio,12
wasm,12
consegni,12
rimandere,12
alamelare,12
marliana,12
croviano,12
charlotte,12
infeudare,12
ellenistico,12
casistico,12
inceda,12
ottimizzazione,12
solite,12
birignai,12
geotecnico,12
timbrica,12
courmayeur,12
vomitare,12
manifestassero,12
livingstone,12
pedanteria,12
codigoro,12
sidecar,12
pedonalizzazione,12
tarmali,12
sedotto,12
riaprari,12
pedalato,12
camicino,12
carnaio,12
canterare,12
arcinazzo,12
palestrinare,12
roiate,12
consultiva,12
paralitico,12
parlassero,12
distruttare,12
reiterazione,12
scaturivare,12
ipermercato,12
trimestralmente,12
imoe,12
floyd,12
cefalea,12
ricotto,12
colpì,12
opporere,12
enopolio,12
scarcera,12
blandire,12
assiepavare,12
newe,12
cilo,12
19enne,12
rimuove,12
gangsteristico,12
offset,12
attendibilere,12
imbecille,12
extralberghiere,12
festire,12
torrettare,12
felzo,12
barbarosso,12
asfissiantire,12
sopraffattrice,12
morite,12
tesoriera,12
accumulatese,12
sgarrare,12
rodata,12
pateticamente,12
finalismo,12
stracquadanio,12
abbandonassere,12
fosca,12
privandolo,12
razzistico,12
mangimistico,12
risorge,12
salale,12
notula,12
comprimario,12
consuere,12
incrementato,12
pettirosso,12
lizzare,12
reatinare,12
acam,12
capobarca,12
lenivo,12
posata,12
camposanto,12
vigilanti,12
sovranamente,12
montefiascone,12
ascetico,12
connery,12
melaniare,12
droghiere,12
imponeva,12
alberello,12
scricchiola,12
scalco,12
sarta,12
pispole,12
converrebbe,12
vichingo,12
rotanto,12
innescere,12
moine,12
stradello,12
piattaformo,12
sentirebbero,12
pence,12
doppiatore,12
1889,12
imprimono,12
emerito,12
netre,12
intercorrevare,12
bifere,12
ubbia,12
superperizia,12
pecorao,12
penurio,12
rosalio,12
motociclette,12
dopolavoristico,12
ariostesco,12
orosco,12
accingerebbe,12
rupestro,12
lunazione,12
bireattore,12
percare,12
tramito,12
raddoppo,12
thorens,12
orietta,12
carroll,12
approvvigiono,12
cibernetico,12
processonaria,12
raffazzonare,12
sfinge,12
anzitutre,12
strozza,12
demoralizzato,12
addure,12
rudezza,12
verbalizzazione,12
stendo,12
aiutato,12
ricevugere,12
astucci,12
levigare,12
spaesato,12
revisiono,12
annerì,12
ghindo,12
abbe,12
passeggiavare,12
riorientamento,12
aventiniano,12
ricadrà,12
ritenzione,12
basata,12
mastio,12
maeterlinck,12
litioo,12
minimalismo,12
prendano,12
degnissimo,12
selve,12
annullòre,12
frisai,12
traspirazione,12
anguillo,12
graffiante,12
minzione,12
fiacchezza,12
giudichiamo,12
diciottesima,12
emotorace,12
rinfrancato,12
pozzuolare,12
piume,12
accerchiato,12
estravere,12
escogitato,12
magellare,12
pagheremo,12
tesoriero,12
muretti,12
resuscitato,12
orsago,12
propendire,12
settantanno,12
biologicamente,12
protrattare,12
salutano,12
anere,12
meteora,12
ambre,12
acheare,12
inquadro,12
percossare,12
scoperte,12
benedetta,12
taylorismo,12
ammogliato,12
napoleonere,12
colajanno,12
salarla,12
intenerire,12
loquacità,12
avamposta,12
cimentere,12
isolandole,12
carissima,12
antimilitarismo,12
task,12
urrà,12
malandrino,12
esigio,12
sdoganare,12
rivaleggiare,12
malsani,12
viti,12
discutibilità,12
inospitale,12
detectiva,12
stremato,12
svantaggioso,12
insorgare,12
rimboscamento,12
conservere,12
feudalità,12
instauratoso,12
incontravare,12
mediatrico,12
apologete,12
pignolerio,12
versala,12
ricciere,12
soprattassa,12
svestire,12
alberico,12
amorale,12
vengo,12
facendolare,12
ponderatezza,12
marcianisa,12
verboso,12
pitia,12
sconnessione,12
medium,12
edmund,12
frollo,12
snack,12
calmere,12
italiana,12
tenterare,12
scolorire,12
italiavietnam,12
trasudare,12
carmona,12
tense,12
slittere,12
paralizzere,12
affratellare,12
veleggiare,12
torbellamonaca,12
cassandre,12
avevare,12
lattante,12
filtra,12
muovessero,12
incettare,12
divenivare,12
marinerio,12
rubae,12
falsa,12
frazionistico,12
andreottl,12
nostrare,12
giornalierare,12
malafedere,12
interpello,12
autorevolissimo,12
tuco,12
dattiloscrivere,12
dedicavare,12
litigiosità,12
varale,12
sopravvenuta,12
confluere,12
rotaiare,12
affronteere,12
preferirono,12
giravolta,12
sogliano,12
porremo,12
rientrasso,12
urger,12
stadium,12
castiga,12
guerino,12
eufemistico,12
manone,12
fantasticheria,12
mikhalkov,12
stucchevole,12
accadre,12
chiediare,12
restituiscare,12
inceppo,12
involontare,12
detonare,12
gros,12
affrescare,12
solidificare,12
umanissimo,12
fobia,12
illustreranno,12
cialtrone,12
discaccio,12
ammontala,12
idrovia,12
bocco,12
rapprendere,12
depone,12
ripalgere,12
corredere,12
makarezos,12
rimanerre,12
agrituristico,12
riemere,12
casalmoro,12
sbagliano,12
angiporto,12
azzuffare,12
gioe,12
capir,12
notiziare,12
consiste,12
grader,12
bride,12
giacchetto,12
autogestiscere,12
betlemma,12
fioca,12
sconfire,12
vivendo,12
cannoneggiare,12
mulinare,12
scannare,12
centrala,12
spiacento,12
panario,12
rimestare,12
tensa,12
sopraprezzo,12
irrilevanza,12
sopracciglio,12
panso,12
philippa,12
chiloantetro,12
ispiravare,12
miou,12
avvicina,12
fittiziamente,12
burocrare,12
geraco,12
giannettine,12
ubero,12
magnificenza,12
toscanino,12
formigine,12
concretizzatasi,12
bamako,12
mangianastro,12
prolattere,12
patimento,12
barzamino,12
dcpri,12
inauguro,12
disincentivazione,12
nordatlantico,12
allarmanto,12
appaierare,12
predispongere,12
nasone,12
infeudale,12
cidio,12
tommaseo,12
folgorazione,12
illativa,12
nocetta,12
vinaio,12
siberiare,12
rinnovandolo,12
esaminale,12
mobutu,12
ventiduesima,12
scrivire,12
termite,12
zollo,12
motivaziorre,12
aleggio,12
ventiquattrore,12
scriverto,12
alessia,12
ingiallito,12
unicare,12
esonere,12
paradigma,12
basagli,12
vimine,12
insufficiere,12
zampe,12
trovarmo,12
folgaria,12
cavicco,12
suissa,12
rozzezzare,12
assidue,12
fatato,12
rivolare,12
tubetto,12
producire,12
reattività,12
incubazione,12
cofanetto,12
minierare,12
ditale,12
educatrice,12
processò,12
aristare,12
duiliare,12
spante,12
rosele,12
pecorello,12
beltramo,12
luganese,12
plebi,12
convenare,12
avvertimmo,12
sedimento,12
giovannina,12
puntire,12
precisatare,12
scuote,12
riserbare,12
trattienere,12
concatenare,12
ripensamere,12
peggioramente,12
petrio,12
decana,12
riversere,12
goliardia,12
confederato,12
merita,12
mandarono,12
allodio,12
ederare,12
groppa,12
togare,12
condile,12
ippolita,12
equatoriale,12
influenzabile,12
porfirio,12
porcellino,12
statalo,12
statele,12
configura,12
radicalità,12
boezio,12
lugubro,12
riciclo,12
branzine,12
francescana,12
conoscessero,12
diseducazione,12
amatriciano,12
confluiscano,12
ghengo,12
piccina,12
teorizzato,12
badiali,12
scorgare,12
caleidoscopio,12
esaminerà,12
metabolico,12
molale,12
zampone,12
serve,12
scollatura,12
afferra,12
valse,12
indagò,12
salve,12
soggiuntare,12
moltitudino,12
anppia,12
gazzo,12
articolale,12
camorristico,12
guardinga,12
capotreno,12
torchiaco,12
documengere,12
interessere,12
alessandrare,12
ccdd,12
esplogere,12
biopsia,12
patologo,12
uterino,12
neorealistico,12
rumare,12
stringeva,12
guerrare,12
coattivamente,12
cupidigia,12
impastatore,12
premetto,12
scantonare,12
allettamente,12
pastao,12
sovcos,12
gabinerre,12
attardato,12
ritrare,12
incomunicabile,12
interventista,12
sfornito,12
scalciare,12
assiale,12
elargere,12
biologica,12
sconsigliabile,12
correlatore,12
prospettire,12
prevederebbero,12
gelsomina,12
bardot,12
campino,12
lappone,12
nord-est,12
frane,12
comprensibilità,12
preparalo,12
giuseppina,12
genoma,12
aderivo,12
guarisci,12
accuratissimo,12
provere,12
vimercata,12
spunte,12
scismatico,12
cromato,12
gongalves,12
romanellare,12
dissociandoso,12
cinesino,12
cicalano,12
anfore,12
borsone,12
effettueranno,12
attrire,12
distinta,12
vampata,12
graviti,12
alamene,12
tarantola,12
siglano,12
costruita,12
battibile,12
riverbero,12
cellophane,12
medicine,12
ambiale,12
ottane,12
corradina,12
alserio,12
dominanti,12
soclo,12
traini,12
interiorizzare,12
scontrere,12
giardinello,12
ascoltalo,12
flat,12
mercatare,12
nazedere,12
operalare,12
congiunre,12
inderogabilmente,12
fnam,12
sollevarere,12
impioto,12
guance,12
viver,12
palmolivo,12
parlandone,12
telecomando,12
ufficiosi,12
trascorre,12
oricolo,12
ramaiolare,12
adeguandolare,12
entrerebbe,12
snudane,12
manifesteranno,12
ordinale,12
attuere,12
errai,12
toponomastica,12
antepongire,12
prospettive,12
odorare,12
comprovante,12
frega,12
telegrammi,12
cciio,12
philosophes,12
mezzago,12
motgere,12
discolpa,12
farcista,12
asimmetrico,12
controindicazione,12
opuscoli,12
allegretto,12
abbattutosi,12
rigorosissimo,12
svilapepo,12
trasteverino,12
poltrone,12
bacca,12
palmira,12
fijo,12
terzolo,12
impagliare,12
stratta,12
oberata,12
gettar,12
fulmina,12
cipa,12
ammutinare,12
misterare,12
confrontato,12
ornamente,12
subcultura,12
debitrice,12
maupassant,12
fresia,12
panne,12
ridurrebbero,12
calmiera,12
cinquantotto,12
indie,12
congruenza,12
imperatrice,12
abbreviato,12
massiola,12
lampeggiatore,12
arrugginire,12
murala,12
respingevare,12
vociare,12
patos,12
felire,12
presenti,12
muore,12
imbalsamato,12
solliere,12
inesistere,12
mobilissimo,12
motonautica,12
aspettere,12
incrire,12
stoccare,12
ossida,12
supererebbero,12
ispettrico,12
ripulsare,12
pescoso,12
ampliano,12
sileare,12
calpestato,12
protestano,12
presidentee,12
dopio,12
muraria,12
consigliar,12
drezzo,12
soppressivo,12
politene,12
microsolco,12
creala,12
vicendare,12
desertare,12
cancrena,12
ertere,12
magliere,12
vedendolo,12
dopoguerrare,12
fetido,12
vede,12
scomparvere,12
esaurìre,12
iugoslavio,12
teti,12
predispongire,12
bombolo,12
berg,12
luminario,12
lussuosissimo,12
ugualizzino,12
cgilc1sl,12
inanto,12
guadagnar,12
batté,12
cionondimeno,12
discordere,12
modernismo,12
studiaso,12
aviotrasportato,12
tracia,12
andandosene,12
inevaso,12
artere,12
provocale,12
fissaggio,12
ruzzolone,12
scattato,12
estintare,12
interloquire,12
statolo,12
noema,12
damigiano,12
avversar,12
possegga,12
scompone,12
orchestrato,12
soslo,12
aprico,12
sciatelare,12
plusvalenza,12
sospettavare,12
giansiracusare,12
stuprare,12
redditiere,12
ciberare,12
alcale,12
ogniqualvolto,12
dimostratidere,12
incontrammo,12
pastificazione,12
lotia,12
amorosa,12
amorosamente,12
cremono,12
calcutta,12
sornionare,12
aclu,12
cenereto,12
stefanacone,12
polistico,12
marezza,12
decreti,12
indiare,12
gata,12
pompea,12
ridetto,12
scaard,12
fiction,12
fenomenologico,12
buffetto,12
cancelletto,12
imparzialmente,12
bavetto,12
disincagliare,12
lariare,12
olare,12
interplanetario,12
punzone,12
dichiarai,12
istmo,12
truere,12
francofire,12
ondeggiare,12
irrazionalmente,12
aumenterare,12
palleggiamente,12
soffermato,12
trema,12
spaventosa,12
valligiano,12
pinere,12
napolare,12
crispare,12
marmellata,12
cinquantenne,12
auspicavare,12
accentuatamente,12
designo,12
osteno,12
paracadutare,12
cicr,12
tiburo,12
precipitarere,12
capriglio,12
concernono,12
spostere,12
campanellare,12
cincin,12
avventatamente,12
arbo,12
piacare,12
doretto,12
affilingere,12
manne,12
costringano,12
galimberte,12
neurofisiologia,12
bioerma,12
crollò,12
normalissimo,12
cicli,12
terapeutica,12
statine,12
sorprendare,12
chiedendone,12
piritico,12
dirigendoso,12
immunizzare,12
spallanzane,12
polluzione,12
sottilizzare,12
struggere,12
pulì,12
amicato,12
gattopardo,12
revòre,12
cavar,12
invernicio,12
bolognendere,12
busca,12
aspettavre,12
antitrustre,12
basse,12
rivierare,12
eruttare,12
bsere,12
spalliera,12
dinamitardare,12
maniferre,12
rifacevare,12
compatente,12
inveterare,12
canopo,12
consugliere,12
alluvionare,12
gonfiamente,12
capitana,12
inscindibilmente,12
vaghi,12
coltellato,12
competitore,12
faggeto,12
giasone,12
svento,12
risorso,12
piacciere,12
assisto,12
ccompagno,12
ripesa,12
diciassettemila,12
comparvire,12
interuniversitario,12
dimostreranno,12
soffermiamoci,12
tombarolo,12
impostura,12
ottonare,12
organicare,12
agave,12
sunnito,12
agisca,12
saccariferare,12
replo,12
asticella,12
carname,12
autocrazia,12
diffusero,12
suga,12
burlesco,12
vambre,12
tortola,12
iconoclasta,12
1881,12
raziere,12
carrozzina,12
gravito,12
cremasco,12
oraziani,12
azera,12
maltare,12
notificato,12
vertova,12
maggioritare,12
filatore,12
proscrizione,12
raccare,12
attivizzandone,12
urgentemento,12
bessa,12
rimane,12
6enso,12
pantellerio,12
messoso,12
sgradita,12
nate,12
raziona,12
fulminato,12
disonorare,12
parsifal,12
aggravandoso,12
plebiscitare,12
sottoterro,12
ordo,12
spiccia,12
cangiante,12
compoarr,12
mentile,12
6tampa,12
6olo,12
spinire,12
patiscere,12
incisivare,12
fraudolente,12
asportato,12
ungile,12
distrutre,12
pepale,12
petrinare,12
bonate,12
annega,12
finanzierare,12
trivolzio,12
espressiva,12
ingegneristico,12
incontrarere,12
diminuita,12
infrastrutturo,12
tigli,12
librazione,12
henri,12
cpu',12
riprendessere,12
farre,12
architetturare,12
sciar,12
brandii,12
concione,12
differimento,12
rispecchiano,12
insegnato,12
furbesca,12
esplodevare,12
silicio,12
convertitore,12
polverina,12
carnevalesco,12
tubing,12
xxxiv,12
molar,12
garbata,12
panetterio,12
giuramente,12
gommista,12
stantii,12
divida,12
bond,12
costruttivare,12
uscendone,12
granaglia,12
delittuosi,12
coniglietto,12
inflingire,12
cunetta,12
accoppiamente,12
coclea,12
sulare,12
favorinio,12
filteacgil,12
indicante,12
deposo,12
ministrativo,12
trascinandolo,12
degasperiano,12
cangi,12
visionai,12
suda,12
sregolatezza,12
compassione,12
beere,12
estraneazione,12
kirghisa,12
puntassero,12
sabotatrice,12
soccombente,12
escluda,12
astrofisico,12
cintolo,12
accorta,12
bendala,12
autenticazione,12
norme,12
bifronte,12
lebole,12
ermellinare,12
livornesa,12
rimpastare,12
tribolazione,12
onco,12
celarmi,12
spingendolo,12
mascherano,12
zucco,12
filante,12
uguccione,12
cagliaro,12
insolenza,12
mccloskey,12
orientalo,12
mulinar,12
psicoterapia,12
prolungo,12
viceprefetto,12
coalizzo,12
aprite,12
guazzetto,12
ugnare,12
gavoo,12
sommar,12
botticino,12
sovvenzionamente,12
munger,12
inferii,12
putativo,12
tentiare,12
ripudiato,12
plebea,12
1815,12
villinio,12
affidarglio,12
microbi,12
annuire,12
odiosa,12
mandibola,12
sostituiscare,12
lapiccirella,12
esalo,12
qualifichere,12
scarsio,12
riprendo,12
vertese,12
paciere,12
interpretandolo,12
critichire,12
inciampo,12
espare,12
esplosa,12
glosso,12
gliel',12
asciuttezza,12
paroliere,12
ambir,12
cercale,12
riappaiere,12
cannoneggiamente,12
ironica,12
facciare,12
bruschi,12
tavere,12
cerale,12
forbes,12
nobildonna,12
ingestione,12
delegalo,12
inchini,12
baraccopole,12
varzare,12
giornate,12
sociologica,12
insinuante,12
giubbe,12
egoisticamente,12
elettrochoc,12
avvertiamo,12
russare,12
abusiva,12
costale,12
manifestatidere,12
esclusivistico,12
manovella,12
dorina,12
rimbrotto,12
secrezione,12
calorio,12
pacemre,12
curie,12
prieto,12
sogna,12
provetto,12
berluto,12
leoncino,12
rinaldare,12
infrantare,12
chienes,12
vuota,12
dolorosa,12
sentita,12
ibarro,12
pontebba,12
garanza,12
giudicatore,12
annora,12
egido,12
riguardanto,12
preceduto,12
desunte,12
euripido,12
immaginoso,12
guazzo,12
avvicendano,12
gelale,12
necesseitc,12
indossere,12
cerinare,12
atalantina,12
donino,12
accendare,12
demonizzazione,12
indicala,12
neutralizzato,12
vogare,12
concorsero,12
denunziano,12
irap',12
maggioritaro,12
asseriscono,12
importunare,12
entrai,12
ribare,12
stiracchiato,12
giubilare,12
terlano,12
insondabile,12
obblighare,12
gratifico,12
questurare,12
facendoco,12
nitrico,12
briantino,12
sprezzo,12
algale,12
visino,12
rilevandonere,12
schiamazzo,12
palizzato,12
yemenito,12
vestiti,12
cangiamente,12
intimorito,12
mccarthy,12
ulva,12
dàle,12
disgraziare,12
perlustrano,12
svenire,12
eremitaggio,12
amorino,12
incotto,12
neste,12
piovare,12
zumale,12
funzioneranno,12
dispongano,12
mason,12
coniugi,12
funambolismo,12
esprimessero,12
caldissimo,12
maggese,12
meritevolo,12
imena,12
similitudine,12
animar,12
epoco,12
prevarere,12
pipistrello,12
gentere,12
ultramoderno,12
scaglionato,12
maneggione,12
pinterest,12
uccidendone,12
desiderino,12
refudere,12
teana,12
problematicamente,12
procedeere,12
terminavare,12
infallibilità,12
travoltare,12
intensificandoso,12
site,12
brezzare,12
frutticoltura,12
rifugiòre,12
molestia,12
sconnettere,12
arrendare,12
cellara,12
sviluppao,12
accoltellamente,12
libanesa,12
trarrebbe,12
implicante,12
buddha,12
spazza,12
dogio,12
cubante,12
clonato,12
tarchiato,12
decora,12
degage,12
coprivo,12
incomprendere,12
montilla,12
attese,12
arribare,12
inquadra,12
provavare,12
eliminira,12
rilievi,12
tutelaro,12
attortare,12
battezzato,12
ergile,12
gasare,12
drudere,12
univoci,12
atteggiamere,12
subilare,12
questua,12
patrimone,12
gallale,12
cannolo,12
figlieremo,12
spicciole,12
cenerare,12
fonderla,12
spense,12
stagionatura,12
esina,12
centriste,12
appeso,12
gargotta,12
autocalunnia,12
iuccare,12
provveder,12
rosettare,12
offuscato,12
garcia,12
brucia,12
coupon,12
condensatore,12
aierino,12
palermare,12
barellino,12
ramai,12
schumacher,12
vorrai,12
procede,12
beckett,12
rappresentala,12
predittivo,12
sostanziato,12
esistita,12
apostolato,12
sviluppar,12
columbiare,12
comparsare,12
station,12
scopello,12
pozzanghere,12
enfaticamente,12
spelare,12
stereotipare,12
grafio,12
dandocio,12
iprai,12
vezzi,12
aicsre,12
incentrato,12
affrontasse,12
schiva,12
fondu,12
gruista,12
analogio,12
appoggiato,12
filziat,12
aolo,12
preconciliare,12
costituitasi,12
oculario,12
mondane,12
duecentoquaranta,12
congratula,12
interasso,12
erogo,12
narcisismo,12
prorompere,12
altoatesine,12
giusti,12
parlamentai,12
misi,12
montecco,12
territorialità,12
giona',12
interclare,12
limitandone,12
cornetta,12
ritogliere,12
gasamo,12
operator,12
diacire,12
suonere,12
irosamente,12
brillanto,12
dprimo,12
southampton,12
portalare,12
assono,12
illasi,12
pesciatini,12
conseguii,12
stillare,12
pedissequa,12
sarmede,12
ambigui,12
schedaturo,12
registralo,12
immedesimazione,12
bilateralmente,12
profumato,12
elpvere,12
giliolare,12
cellonare,12
concore,12
supplica,12
semiufficiale,12
tremendamenta,12
crostino,12
induca,12
reputa,12
irraggiamento,12
ionizzare,12
antivigilia,12
degani,12
aleatorietà,12
disciplino,12
bauneo,12
dogere,12
iatturare,12
calcolosi,12
gradato,12
amminico,12
paramount,12
irrorazione,12
insetticida,12
fosforico,12
begare,12
allibrare,12
ninare,12
inclina,12
celacanto,12
tweed,12
lontà,12
lunedere,12
scoliosi,12
poleno,12
omerale,12
crusoe,12
costruìe,12
catalpa,12
karamanlls,12
vassallaggio,12
ceroni,12
centrirre,12
eracleo,12
vaglo,12
caudare,12
feline,12
smesso,12
perquisì,12
tarmace,12
anasarca,12
flashback,12
tabile,12
composi,12
latre,12
dccii,12
imitalo,12
oriana,12
pantero,12
serino,12
occupabile,12
labirinte,12
localistica,12
maturaio,12
intorniare,12
ferisce,12
marmolada,12
investimele,12
rhodesiere,12
bozzare,12
compresse,12
magnanimità,12
attengano,12
endina,12
sanltare,12
rogazione,12
formatisi,12
falena,12
arrogantemente,12
varchare,12
eduino,12
biotico,12
instaura,12
ammannito,12
astana,12
contigue,12
cciv,12
conciante,12
illativo,12
dovizioso,12
finisco,12
malocco,12
cinaglio,12
unifica,12
esime,12
pancacci,12
ampex,12
regga,12
pandore,12
giannicolo,12
corazzata,12
adita,12
mede,12
ista,12
fusovare,12
definivo,12
prosaico,12
urbanisticamente,12
casellante,12
corporativizzazione,12
agnato,12
gemei,12
condom,12
richmond,12
esecrare,12
individualo,12
arsita,12
ternato,12
consultabile,12
glorenza,12
lia',12
cande,12
basante,12
comprira,12
bocciolo,12
unificabile,12
cuti,12
mattacchionare,12
minoro,12
castrense,12
visive,12
1520,12
ascensionale,12
schladming,12
staliniare,12
ceranova,12
trascorrevare,12
canestrino,12
riciclato,12
tormo,12
narcisi,12
talk,12
gerarchio,12
verve,12
gardenare,12
opposi,12
rettone,12
fontanellato,12
compunto,12
berceto,12
sope,12
armante,12
tornaco,12
traccare,12
cianico,12
riempimento,12
spinsero,12
ammazzato,12
otrantino,12
1307,12
mentivo,12
consento,12
affidavare,12
felpe,12
coltote,12
sanbenedettese,12
papi,12
libertini,12
rebbe,12
decenna,12
origlia,12
dimmo,12
rimonte,12
incacato,12
lorica,12
terzolas,12
bolognola,12
bambolotto,12
sparivare,12
lucito,12
rometta,12
silice,12
mantra,12
intercordere,12
canape,12
tirocinante,12
abercio,12
arere,12
coana,12
bardotti,12
cenerai,12
arretrata,12
tonante,12
organizzazioni,12
abruzzare,12
lamine,12
digita,12
culmv,12
irrisolgere,12
panchetto,12
tabaccherio,12
alenire,12
serradifalco,12
bandere,12
nazionalistica,12
afosa,12
pendare,12
calcografia,12
salvietto,12
schiappa,12
accampato,12
vaca,12
trevisare,12
campisano,12
rasato,12
mormanno,12
monsare,12
mazzare,12
accettale,12
iacre,12
finiscare,12
correr,12
fipe,12
elettroshock,12
infanziare,12
eluda,12
verrina,12
ombudsman,12
lantere,12
preparale,12
puericultrice,12
spirio,12
mascara,12
gaffes,12
recisa,12
sagrestia,12
salico,12
seppuro,12
allatta,12
ammarata,12
mieta,12
ocellare,12
strangolato,12
espe,12
urinare,12
imma',12
caltanisetto,12
fiorii,12
inac,12
manciare,12
tirala,12
tappato,12
progettualità,12
prostitere,12
riposante,12
copale,12
edifica,12
lappane,12
raggire,12
ciarlino,12
attirato,12
riapprovare,12
astrai,12
inerziale,12
fotomontaggio,12
sarentino,12
19s0,12
asini,12
mobilitatone,12
ricrea,12
rudio,12
foriere,12
socialisti,12
caldere,12
veti,12
romolare,12
mosci,12
ribalre,12
giudicale,12
plancton,12
appollonia,12
tiburzio,12
dprorio,12
hepburn,12
rondinotto,12
molinare,12
cartire,12
gravedona,12
renaissance,12
bordolano,12
tardato,12
rigorismo,12
educatorio,12
rigoristare,12
generata,12
abusale,12
edime,12
piovito,12
disaggio,12
antillire,12
inrca,12
varesire,12
monegasco,12
necesserio,12
misinto,12
apponere,12
salvaguardo,12
cozzino,12
matrona,12
gaggio,12
peridio,12
aperolre,12
depurazionere,12
leghe,12
lignare,12
voghiamo,12
gazebo,12
attendato,12
cecenia,12
radiologio,12
corindone,12
spinetto,12
cria,12
quagliante,12
conestabile,12
sunbeam,12
lustrato,12
sailem,12
coinvolgi,12
awacs,12
andreae,12
risonato,12
benjamin,12
sofim,12
baraccala,12
geomagnetico,12
copit,12
fragranza,12
meso,12
stade,12
cubatolo,12
alabardiere,12
matrare,12
citrino,12
saltellare,12
coane,12
vaiolizzazione,12
lucchinello,12
rabarbaro,12
ripatransone,12
gracco,12
mocassino,12
lazzero,12
ronzino,12
orografico,12
gasa,12
erineo,12
lomelino,12
annaliso,12
sinalunere,12
gazometro,12
1204,12
frosolone,12
castra,12
pendola,12
imer,12
patentato,12
pontedero,12
lavatore,12
mundie,12
domusnovas,12
scabine,12
12000,12
stice,12
scorpions,12
tamarire,12
duellanto,12
risponderai,12
samin,12
croceo,11
passeggere,11
salvò,11
boninsegna,11
jules,11
lituo,11
ingrandimento,11
apicoltura,11
imbello,11
piccolissime,11
spediscare,11
astenare,11
intignano,11
venutosi,11
unna,11
serpeggiante,11
amanito,11
famiare,11
cessere,11
cantavato,11
citofone,11
comparivare,11
2230,11
inducendolo,11
fotogrammi,11
imperscrutabile,11
sistino,11
istrione,11
showman,11
ppubblico,11
leggendare,11
gufe,11
economlco,11
topazio,11
difendo,11
viga,11
ronzio,11
significherebbero,11
fratellastro,11
nocchia,11
gisela,11
matthau,11
oppostare,11
dissonante,11
amanire,11
militato,11
prelibo,11
focaie,11
redditizie,11
patteggiare,11
borgomanero,11
mancine,11
trovasi,11
nientedimeno,11
vitaliano,11
tomas,11
cage,11
farsere,11
acattolico,11
affrontassero,11
trasformassero,11
scartoffia,11
emancipato,11
sovletico,11
finmeccanica,11
degustare,11
albinare,11
beneficiaria,11
astona,11
mitterrand,11
sansoniano,11
espiro,11
anfetamina,11
ansano,11
idei,11
fermio,11
babilonia,11
insensatezza,11
romanzato,11
amilacea,11
mobilitiare,11
manganare,11
macromolecola,11
scoraggiato,11
adoggere,11
affioravare,11
facchinatato,11
resipiscenza,11
abroga,11
disguida,11
scadranno,11
intaccato,11
morave,11
simultanea,11
reciterare,11
neuropsichiatro,11
milvio,11
seminalare,11
votarire,11
strampalato,11
vegeto,11
ottantadue,11
morsica,11
quistello,11
restar,11
pullario,11
mentitore,11
cazzuola,11
trottola,11
fava,11
scialbi,11
epifano,11
hunt,11
settere,11
verrare,11
uruguaiare,11
decisiva,11
chiarini,11
sentimentalmente,11
rinculo,11
offuscere,11
tacque,11
galileore,11
gelamento,11
gnomo,11
palina,11
consolatore,11
scimmiottare,11
capobanda,11
regolamene,11
brodetto,11
cavetto,11
cocaino,11
podismo,11
autocito,11
registrata,11
moschee,11
manterremo,11
fogliame,11
tentavano,11
calendimaggio,11
rassomiglianza,11
decrere,11
oklahomo,11
ultimar,11
rosone,11
cretone,11
tovaglio,11
indecisi,11
svogliare,11
marcallo,11
istamina,11
battendolo,11
storco,11
rimar,11
ovvire,11
galtellì,11
rispondeto,11
trascrivo,11
ammannire,11
gabbietta,11
stivatore,11
giocoliere,11
telediffusione,11
harare,11
constano,11
accoglia,11
aalcune,11
buchetto,11
espressive,11
appesare,11
schermare,11
botolo,11
vietere,11
grembiule,11
pocho,11
irrinunciabilità,11
strettoie,11
credano,11
rassomigliare,11
italstat,11
scrosciare,11
opinabilità,11
scattavare,11
perlomenare,11
sacerdozio,11
nullatenente,11
amministraazione,11
fortunio,11
yitzhak,11
indonesio,11
sgombre,11
coniale,11
aggirantese,11
cinconismo,11
ciserare,11
amido,11
chinone,11
fiesso,11
spavalderia,11
impegolare,11
sisifo,11
geniere,11
levòre,11
veronesa,11
anotia,11
sparegge,11
sedurvelo,11
tentino,11
occorsero,11
condannire,11
rinunciassero,11
fiai,11
prevedibilità,11
mmanifestazione,11
ghiaiai,11
inare,11
arrendevola,11
damianare,11
sindaca',11
carda,11
schifoso,11
lindo,11
rivedremo,11
caorre,11
abbronzato,11
fratturato,11
esecro,11
minacela,11
godrebbe,11
modernissimi,11
malasso,11
ottenute,11
cacio,11
pisoniare,11
collepardo,11
borgoroso,11
cottanello,11
pipetto,11
edice,11
trepida,11
tambureggiante,11
svolazzo,11
chiacchierone,11
dyson,11
organini,11
rispettabilissimo,11
repechage,11
gigione,11
ubriacone,11
succedersi,11
traggono,11
mestare,11
longilineo,11
cabotare,11
attaccò,11
consentilo,11
natina,11
collezionistico,11
eudoro,11
coinvolgendolo,11
perspicuità,11
nordeuropeo,11
perenno,11
vissano,11
incisura,11
stanchere,11
fideiussorio,11
lacuale,11
espongare,11
aeronautiche,11
obesità,11
decorosamente,11
malatestiano,11
vas',11
burrasco,11
stigmatizza,11
completavare,11
prussiare,11
attendevamo,11
zuccare,11
angaria,11
perir,11
capitaliste,11
asmaro,11
condottare,11
santade,11
retico,11
iperico,11
muoiare,11
streisand,11
marire,11
tutelino,11
francescanio,11
prelibato,11
innalzato,11
implico,11
alatola,11
salvaguardino,11
strapotenza,11
situaione,11
abbattutasi,11
ching,11
bilomente,11
intatta,11
strapparere,11
inquietudina,11
sfiancare,11
indottrinamento,11
accorire,11
baccanella,11
ponendola,11
gesturo,11
metodicamente,11
svolgeare,11
colpetto,11
antirazzistare,11
posizionare,11
irriducibilmente,11
elargì,11
groenlandia,11
frascere,11
chiamiamola,11
scatolame,11
nababbio,11
dovetto,11
fombio,11
mafiosa,11
picco',11
paroliero,11
sylabs,11
turbonave,11
rompicapo,11
pariteticamente,11
mirerebbero,11
pappone,11
riassegnare,11
smantellato,11
coccolo,11
torcare,11
gommai,11
giudizi,11
ferramente,11
assennato,11
precolombiano,11
enunziato,11
christ,11
recento,11
svalire,11
marginare,11
impartì,11
elettrometallurgico,11
conetro,11
godranno,11
prodottosi,11
partio,11
annunciante,11
provocazionere,11
assedo,11
falsetto,11
stirato,11
indomita,11
effigia,11
accendevare,11
arellare,11
inclemente,11
rinunciato,11
iniziaiva,11
coscienziosamente,11
deformanto,11
ltalcantiere,11
rimmel,11
letterarie,11
poroso,11
rifugga,11
falcidio,11
smobilitato,11
ammoderno,11
leivo,11
sommalo,11
voracità,11
aerao,11
automatizzazione,11
salgono,11
civenna,11
ortf,11
esaminino,11
teak,11
rispettale,11
alleggerere,11
problemai,11
fissavare,11
veneta,11
ammoniaco,11
gabbugglano,11
esplosiva,11
stacciale,11
emsere,11
barchina,11
laives,11
catechistico,11
rettitudine,11
inchiodere,11
affondato,11
fortebracclo,11
antiaerei,11
angelus,11
sinigalliare,11
risoltosi,11
vicentinio,11
contromossa,11
panetto,11
lusingo,11
impiotante,11
laerte,11
deflativo,11
pipo,11
irapre,11
campogalliano,11
lappio,11
estinse,11
eiettare,11
aortare,11
rigelare,11
anteposta,11
mieter,11
idiosincrasia,11
sassetto,11
proclamavare,11
garbatamente,11
19g7,11
vivanda,11
galbiate,11
inane,11
medicai,11
reagivo,11
varrà,11
elegiaco,11
alianto,11
tornavare,11
fini,11
guant,11
namo,11
militaristico,11
cimale,11
finestrone,11
istituende,11
fondar,11
avessare,11
frusinate,11
distolto,11
linceo,11
burbero,11
tollere,11
miniante,11
schiavizzare,11
terroristica,11
predone,11
scapole,11
precipitasso,11
unile,11
relatone,11
istitutore,11
emidere,11
volturnare,11
chiedessero,11
colgo,11
neorealisto,11
strambo,11
purificato,11
complimenti,11
noicattaro,11
volantinaggi,11
permangano,11
accentratolo,11
durar,11
buffonato,11
escremento,11
pagòre,11
sobbalzare,11
pastare,11
scompagnare,11
capitalizzare,11
economaico,11
attendente,11
servaggio,11
piovuta,11
infrange,11
ricolgere,11
furtivamente,11
permute,11
poetessa,11
00187,11
zio',11
fischer,11
desiderere,11
racchiudo,11
esarazione,11
sottomesso,11
sgradevolo,11
accresciure,11
equido,11
ravera,11
bassista,11
dumping,11
splendide,11
spaventorre,11
protere,11
closet,11
palladio,11
riedificazione,11
caritatevole,11
smentì,11
essendonere,11
diceria,11
iintervento,11
cantica,11
contessare,11
esortativo,11
edulcorare,11
stagnato,11
triplicazione,11
equipaggiato,11
precipite,11
fiscalismo,11
rassicurato,11
coprari,11
negozia,11
conoscetere,11
sopranazionale,11
cespi,11
trascinarere,11
giudicatrico,11
aperte,11
tribunato,11
tera',11
stradone,11
aziona',11
affiancandoso,11
importantissima,11
previamente,11
bivero,11
rieli,11
catastroficare,11
pavendere,11
fiumicare,11
tenga,11
varia,11
brouwer,11
desolatamente,11
malagodi,11
fraternizzare,11
aniceto,11
boiare,11
oorto,11
destituitare,11
adamello,11
fedina,11
compatire,11
prospere,11
plebe,11
casalirre,11
rotula,11
scaletto,11
pluripartitismo,11
precorso,11
maioneso,11
rovetta,11
brumano,11
tintare,11
sellia,11
potessare,11
subii,11
accigliare,11
identifichare,11
mauriziare,11
oano,11
allontanatosi,11
immortalità,11
urtatone,11
limitrofi,11
durevolmente,11
incaricalo,11
ricevute,11
ombretta,11
pagamentare,11
antieroico,11
regredere,11
draconiano,11
1530,11
autorimesso,11
preconfezionato,11
selvaggiamere,11
schernire,11
sgambettare,11
organiazione,11
bisezione,11
chiederanno,11
razionamente,11
rendito,11
empiricamente,11
orata,11
accordò,11
fascetta,11
camminavare,11
pruzzo,11
espellare,11
luccicante,11
cicciolo,11
ghiacciao,11
tororre,11
cabli,11
puzzone,11
slogano,11
professorino,11
disumanizzazione,11
scaltrezza,11
gradualismo,11
dottrino,11
pacchia,11
impacchettare,11
galateo,11
nellao,11
neuma,11
malpagato,11
favoritissimo,11
sognatore,11
toyota,11
mercuriale,11
pertinace,11
preghiamo,11
istruitone,11
citavo,11
mcccl,11
rauti,11
moretta,11
olierere,11
aggredisce,11
dissolvenza,11
forlimpopole,11
organolettico,11
1833,11
imperversante,11
isolaire,11
valorosamente,11
guastavare,11
foderare,11
fulgida,11
empiare,11
setola,11
adeodare,11
solierare,11
realistica,11
neologismo,11
8878141,11
menere,11
bento,11
latamente,11
avine,11
bentisi,11
fulscisl,11
vespina,11
ordinarla,11
tamburano,11
addestra,11
sugarco,11
baudelaire,11
esaùe,11
autocarrare,11
materiare,11
bigliarde,11
occultamente,11
databile,11
incombono,11
esporta,11
porgi,11
imbalsamazione,11
pallore,11
prepostare,11
corvè,11
paullo,11
mascherini,11
lubrificato,11
impalare,11
fluidificare,11
ribattuta,11
cellole,11
manovriero,11
creandoso,11
esprimibile,11
interscambiabilità,11
pecchiole,11
contenibile,11
dioico,11
treguare,11
dainare,11
minervare,11
svolte,11
esfoliazione,11
turbolenza,11
puzzano,11
tediare,11
sindona,11
distruttire,11
verremo,11
cosserio,11
ficarolo,11
menko,11
fondei,11
spineto,11
egoistare,11
smisuratamente,11
conduciare,11
valutiare,11
beccuccio,11
pproblemio,11
circonferenza,11
svoltadere,11
centocinquantesimo,11
attraversavare,11
pollaiolo,11
questuro,11
panace,11
oblano,11
fustigatore,11
ventiduemila,11
indirizzandolo,11
acchitato,11
divinazione,11
faentinare,11
oltrepassano,11
depistare,11
tugurio,11
casupole,11
eccessiva,11
winston,11
avanzino,11
buonuscito,11
essiccatoio,11
pagoda,11
virgolette,11
racinere,11
incacare,11
ambrogino,11
controllere,11
puerpera,11
temento,11
afflittivo,11
cnrso,11
associate,11
decoratore,11
giungi,11
arrogo,11
sbuffare,11
contrazionere,11
eclissi,11
fitre,11
gildare,11
iscrivono,11
flaminere,11
insipido,11
detersa,11
rifiutiamo,11
vertemare,11
pulitzer,11
stirpa,11
sintonico,11
romanamente,11
sagge,11
tifoido,11
autodenunciare,11
uscirebbero,11
proibì,11
ricostituere,11
elefantiasi,11
restie,11
alina,11
6corso,11
alamare,11
boxo,11
trancio,11
1374,11
radiante,11
psicopatologia,11
confrontandolo,11
cervellotica,11
libertare,11
bodone,11
trincare,11
astrattare,11
nostrana,11
maquillage,11
eccelse,11
visso,11
facendogli,11
svolger,11
scendo,11
jarno,11
prefiggevare,11
comandire,11
utilizzalo,11
estratta,11
comedone,11
bontempone,11
sindacalistare,11
ciprianare,11
dedur,11
tenutivo,11
macerio,11
intralciano,11
capofilere,11
senatorio,11
dai',11
riunitarere,11
beigere,11
tramandere,11
montatico,11
deconcentrazione,11
avvale,11
danneggiira,11
mondializzato,11
tentennare,11
fibrocemento,11
acrimonia,11
battagliare,11
cabarettisto,11
camola,11
bevuto,11
panire,11
gnocco,11
attingevare,11
irredimibile,11
gase,11
confece,11
beaci,11
demerire,11
panassare,11
dipesa,11
sistemo,11
semiologico,11
accertabile,11
trascendente,11
zenare,11
cavillare,11
vendemmiare,11
dilaziona,11
bentiso,11
culpa,11
crine,11
esauriscano,11
esclamazione,11
mischio,11
presumo,11
rica',11
acculato,11
guevaro,11
organizzeranno,11
sobriamente,11
duchere,11
avversato,11
abduca,11
opine,11
iguana,11
cervicale,11
averle,11
enasarco,11
stregato,11
condona,11
correzzana,11
sbarre,11
ventoso,11
malie,11
imelde,11
varenna,11
anchina,11
cementazione,11
stracci,11
irritabile,11
cabanillas,11
1986,11
larghe,11
oggettivare,11
vivezza,11
bussero,11
rossellino,11
parcines,11
incarto,11
tendengere,11
carinzia,11
riproponibile,11
oocita,11
risalentere,11
ecuba,11
adiratamente,11
malevola,11
candy,11
lampeggiante,11
vinificatore,11
insospettì,11
batteo,11
ignarare,11
bacchia,11
ossian,11
aborrito,11
adonio,11
6era,11
snazionalizzazione,11
pianetino,11
http,11
ritravere,11
etilico,11
chun,11
derisolo,11
surplusre,11
patrona,11
giurata,11
guadalajarare,11
allegrere,11
raccoglia,11
occulti,11
mattinale,11
andattere,11
parafango,11
imbrana,11
riaffere,11
larario,11
tardissima,11
curiazi,11
cnuce,11
parabellum,11
fdgb,11
lande,11
strire,11
barchetta,11
attraversòre,11
proseguirono,11
tendenziorre,11
contempero,11
convogliamento,11
terrei,11
relegato,11
infligge,11
sessantasei,11
dirimo,11
mostruosamente,11
discordie,11
imponendoso,11
gonnellare,11
ammone,11
zeccone,11
trarrebbero,11
sozza,11
spagnaio,11
commidere,11
ziare,11
inorridito,11
parallelamenta,11
passeere,11
kidnapping,11
corzare,11
cripto,11
poggire,11
addiverre,11
toschi,11
stuccare,11
antiunitaria,11
crio,11
noncurante,11
brioca,11
dimezzo,11
vadare,11
fnoom,11
confacento,11
garanziare,11
roccasecca,11
maiuscolare,11
amnista,11
ugarta,11
armanda,11
confallo,11
illogica,11
urlante,11
doratura,11
sceverare,11
istoria,11
lodato,11
girotondo,11
acereto,11
trecentomilare,11
stampai,11
stagiona,11
nietzschiano,11
libido,11
deliba,11
fidia,11
1375,11
sabbiare,11
lardano,11
fiaschi,11
mikis,11
tamtam,11
rumorosa,11
volpartele,11
papesso,11
pastrengo,11
solvere,11
navigato,11
mattato,11
polibico,11
confessionalismo,11
verificatese,11
neonelo,11
disattivazione,11
recordman,11
gomire,11
leggerissimo,11
elevatezza,11
cronirre,11
intruso,11
intenerito,11
toccanto,11
sbarcarire,11
esigerre,11
betoniere,11
trasmise,11
arrestarono,11
francorchamps,11
plateau,11
plotoncino,11
distrusse,11
incassa,11
susseguitendere,11
modanatura,11
superarere,11
cobune,11
spoletina,11
presentino,11
rammenta,11
calcarcela,11
ispano,11
tallano,11
tamia,11
emerger,11
denore,11
allibito,11
roncare,11
robuste,11
giuste,11
tornilo,11
appartengere,11
tratteggiato,11
sferra,11
omessa,11
ribellano,11
fingono,11
cottage,11
aberrato,11
jugoslava,11
bilotti,11
centoquaranto,11
emenda,11
nullatenento,11
sidere,11
notissime,11
squisire,11
totano,11
smobilita,11
famigliaro,11
vergaro,11
mercantilo,11
reliquie,11
beppino,11
guidavare,11
ortofrutticolturo,11
sopratuttn,11
piccionaia,11
addito,11
infanticidio,11
farebberare,11
gaetana,11
braun,11
monleale,11
locar,11
alternatila,11
malridotto,11
galantuomo,11
occitano,11
atletismo,11
broccatellio,11
dimostrale,11
folgere,11
ribeca,11
carenare,11
lavoratota,11
schiaccianto,11
urlanto,11
impaginare,11
adeguandosare,11
caoticità,11
prosit,11
sessantunesimo,11
lasciala,11
marinino,11
ssituazione,11
introdussero,11
subfornitura,11
sindacai,11
vietio,11
mangusta,11
provochino,11
desertire,11
aspirina,11
inabilitare,11
crampio,11
fartare,11
sviluppatendere,11
scontrarere,11
refrigerare,11
modesre,11
tenso,11
telemaco,11
montecarlo,11
puavere,11
zioao,11
indifferento,11
agate,11
iugulatorio,11
kakuei,11
riemersa,11
stelletta,11
scalpello,11
affamo,11
suli,11
delinque,11
impertinente,11
fedrare,11
sciovinisto,11
divertere,11
casona,11
corrucciare,11
bazzecola,11
zucchina,11
vicendevole,11
selenia,11
qualificandosi,11
marchais,11
cansare,11
recapire,11
fiammella,11
tournéere,11
zuccheraggio,11
avergli,11
imbroccare,11
ammaina,11
scambiavare,11
andreana,11
apnea,11
lusitare,11
acque,11
guidaco,11
eueste,11
colitica,11
irrequietezza,11
imbavagliato,11
cedetto,11
incinta,11
muova,11
paletre,11
simpaticissimo,11
rabico,11
curalo,11
amabilissimo,11
faoko,11
sperequato,11
tenitura,11
angiolare,11
ondoso,11
copula,11
neutralizza,11
fanone,11
corrispondentemente,11
lavante,11
barbario,11
connubi,11
rifornito,11
popolamento,11
oktoberklub,11
incongruente,11
subare,11
dissimulato,11
contermino,11
sodata,11
sfasciato,11
insolente,11
sarula,11
castellini,11
gordon,11
acquisì,11
paperare,11
pregevolissimo,11
progredì,11
squallidamente,11
gorgonzola,11
stoccardo,11
apsre,11
odorico,11
airolare,11
assistilo,11
deallo,11
riteniare,11
divisore,11
ripore,11
ciascun,11
disattentare,11
galantuomino,11
biolca,11
giuntae,11
inadeguata,11
incalza,11
vacua,11
federala,11
nottingham,11
ciconio,11
trascorsero,11
incommensurabile,11
spessissimo,11
saltimbanco,11
accettasse,11
abortita,11
scalpare,11
polonio,11
imbracciato,11
gullo,11
esonera,11
raz',11
decimato,11
resese,11
sonae,11
agogna,11
avvaarr,11
disubbidienza,11
avanzante,11
avanziare,11
contravventore,11
magao,11
marna,11
urica,11
punteggiato,11
approvante,11
dorrebbe,11
saune,11
piemontendere,11
morbidezza,11
ammazza,11
intervistira,11
seggiolino,11
ghemma,11
ribollire,11
esch,11
tirannido,11
costruivo,11
scappamento,11
terzini,11
ritorna,11
terziere,11
sospensionere,11
eufemiare,11
conoscevare,11
sinago,11
presentiamo,11
tettonico,11
meccanicismo,11
smunto,11
ibernazione,11
dondolare,11
accalcano,11
centoventicinque,11
salirebbe,11
penosa,11
alloggare,11
fenda,11
ingomma,11
affermatidere,11
impiombo,11
persegua,11
provvedie,11
cornee,11
ciufini,11
vitalistico,11
espansionista,11
bibiano,11
canteresta,11
arrivismo,11
tanino,11
piovono,11
rocambolere,11
continuerebbe,11
parabolico,11
scedere,11
lacrimevola,11
rinnovamene,11
lavere,11
dimagrire,11
picchiata,11
colorre,11
frustro,11
difficilo,11
capizzone,11
paddock,11
tesser,11
ottocengere,11
pisso,11
rimasuglio,11
ogmai,11
automedonte,11
piagnisteo,11
amplissime,11
sterzato,11
comportandoso,11
seggiano,11
quand',11
lavanda,11
svilappo,11
vestile,11
lanciero,11
prontissimo,11
querciola,11
fienaiolo,11
studiolo,11
scadenzario,11
astigiare,11
esecra,11
disdegnano,11
distinguendoso,11
magnanimo,11
cedire,11
cicalino,11
decatlon,11
calcina,11
unge,11
organio,11
degnato,11
dlire,11
illustrere,11
registratidere,11
erronee,11
centotrenta,11
negatilo,11
bramare,11
baccellone,11
mondare,11
trevisana,11
trucidato,11
lasciai,11
buzzo,11
problese,11
celluloide,11
manfredio,11
esibii,11
acapulco,11
cantabile,11
abominevolee,11
consuetudino,11
rivoltante,11
parello,11
centristo,11
cortocircuito,11
pedagogicamente,11
trattino,11
vailata,11
riesumato,11
realizzatrice,11
ricicla,11
lignire,11
terroristiche,11
seguirono,11
mondato,11
direte,11
paralizzra,11
spenderere,11
accompagnarono,11
comportamelo,11
cianca,11
ritesso,11
ciarlone,11
realizzatila,11
esaltino,11
debilitazione,11
badiota,11
profila,11
allegrone,11
cambra,11
esempi,11
ambiscere,11
rimembranza,11
miste,11
tebe,11
corrisponderebbero,11
davi,11
boutade,11
macista,11
voxson,11
amazzonico,11
propagatore,11
hamburger,11
martellamento,11
potenzo,11
brere,11
connetto,11
vitalizia,11
delebio,11
parificato,11
portoga,11
ricompone,11
manicheo,11
internalo,11
nazaria,11
teodosio,11
dopodomanare,11
rantolo,11
scoscese,11
cida,11
belloli,11
creparlo,11
arrabattare,11
giroe,11
sentirai,11
bolsena,11
fidane,11
meldola,11
cimengere,11
galvani,11
agglomerazione,11
scontere,11
terracinare,11
scazzottare,11
folignato,11
terroso,11
rossastro,11
geminare,11
omone,11
mezzaluna,11
canere,11
lavoko,11
unisco,11
cairano,11
correrò,11
parafrasare,11
dissacratorio,11
guineano,11
basca,11
cesidio,11
misuratore,11
istesso,11
gimondo,11
caprinico,11
gnostico,11
persuado,11
campalo,11
faide,11
scorrevare,11
carnei,11
affidandoso,11
adagiamento,11
nominalistico,11
invettivo,11
uguagliare,11
registratese,11
spioncino,11
braccante,11
collaudatissimo,11
entusiasmanto,11
interlocutrico,11
censita,11
direttare,11
fittissima,11
riverniciare,11
ellisse,11
vetrato,11
avercela,11
rigida,11
pallante,11
frollare,11
nardò,11
riunì,11
renoso,11
mutino,11
affronterare,11
scialo,11
vigilatore,11
minoprio,11
servai,11
obla,11
soddisfattare,11
enego,11
assolutoria,11
rigonfiamente,11
esperide,11
sindromo,11
ribellino,11
palinuro,11
carnai,11
rogna,11
sirmione,11
giuliettare,11
bonzio,11
inani,11
legee,11
grazi,11
ripide,11
pacca,11
slitta,11
bipare,11
lumezzana,11
gobere,11
ugnano,11
misticheggiante,11
generao,11
destato,11
detector,11
gemmo,11
neandro,11
incandescenza,11
sentitamente,11
ergmonale,11
oppose,11
bruttino,11
infinitesimale,11
maccagno,11
bolzanino,11
comprensiva,11
volantine,11
muffo,11
combusto,11
berciasso,11
cassero,11
autoptico,11
prossime,11
lussureggiante,11
chiedendoglo,11
concernare,11
diciassettenno,11
istituiscire,11
spaccaturare,11
ossequiente,11
1872,11
proveniente,11
pellezzare,11
cortezza,11
destrezza,11
corri,11
settingiano,11
restringendoso,11
cavazione,11
trattata,11
sottoscriva,11
babashoff,11
pietrapaola,11
reste,11
1863,11
includo,11
cassine,11
salarlo,11
peritonite,11
romando,11
provai,11
scopro,11
fornio,11
westo,11
posina,11
chelato,11
confcooperativo,11
disinteressatamente,11
saprai,11
strapazzo,11
datrico,11
5ono,11
seminascosta,11
acetico,11
rifatre,11
trappolo,11
autolineo,11
pareo,11
obbedo,11
redentare,11
urbanisto,11
tratteggio,11
verduno,11
eddia,11
pescaggio,11
inesare,11
pagliaio,11
stolre,11
misso,11
misantropo,11
teologica,11
draglia,11
alsazia,11
mossone,11
digeribile,11
mantenne,11
retroattivamente,11
cronicamente,11
dedicalare,11
lignificato,11
spelto,11
latrio,11
equestra,11
curatolo,11
risale,11
chiao,11
debilito,11
frutticolo,11
indebolirebbe,11
esplorato,11
canapare,11
crocialo,11
mejerhold,11
saia,11
annamariare,11
diversissimi,11
pegola,11
beinetto,11
azzio,11
colottere,11
trinomio,11
cistiti,11
ammazzale,11
traina,11
affronta,11
pudica,11
mammina,11
anete,11
abiurare,11
rilascialo,11
sortilegio,11
felina,11
sparaniso,11
comunisti,11
andrano,11
asparagina,11
teresina,11
reykjavik,11
vascolare,11
erema,11
tartario,11
daciare,11
parèo,11
videotapere,11
natito,11
andreino,11
proclamarere,11
sotheby,11
pargolo,11
delaware,11
proponemmo,11
fermanellare,11
espugnano,11
registrabile,11
essendone,11
freddissimo,11
sema,11
fasciatura,11
divenissero,11
emine,11
areai,11
micce,11
rompighiaccio,11
duplicemente,11
ipofisario,11
attenuanto,11
competitire,11
chiacchiericcio,11
comincialo,11
disapplicare,11
igienicamente,11
loreglia,11
lunale,11
formulò,11
viottole,11
muoiano,11
quisquilia,11
collaborazionisto,11
supra,11
vamp,11
desistero,11
ruberia,11
sacra,11
farneticare,11
calibratura,11
soffo,11
uniie,11
bergamaschio,11
morico,11
dequalificante,11
arcidiocesi,11
gelire,11
orna,11
caratare,11
tiellao,11
subitare,11
1849,11
validare,11
ricettario,11
cricchi,11
debussy,11
topere,11
pozzuoe,11
cokeria,11
finanziamene,11
contar,11
reagente,11
pomico,11
bellono,11
differenzi,11
rivedano,11
cautelativamente,11
accalorato,11
lacera,11
salvale,11
stracca,11
bealo,11
gendarma,11
giocane,11
inalale,11
rivincito,11
gorbia,11
ritardante,11
amburghese,11
carina,11
contai,11
rivoluzionar,11
nurso,11
precipuamente,11
nazionalsocialismo,11
oaggio,11
indicar,11
accoglieto,11
sfociarono,11
ascrivibile,11
carambola,11
edonismo,11
respingiamo,11
sdraiato,11
rubacchiare,11
trope,11
diavoletto,11
giustapposizione,11
lanciala,11
sorvegliante,11
ridicere,11
lunedio,11
serial,11
urgito,11
ricambi,11
c1sluil,11
ggiovano,11
bandita,11
pontifico,11
uncemre,11
esperienze,11
pastora,11
marchierare,11
iloe,11
affittaso,11
impegnai,11
ermere,11
interrere,11
cambialo,11
epizootico,11
scarsissima,11
agrumaria,11
citrico,11
lanciace,11
attestamento,11
delire,11
1853,11
giovanneie,11
tubista,11
mobiletto,11
coevere,11
spacelab,11
somministro,11
ghirlandino,11
sciaio,11
conclusiva,11
curiosare,11
bacardo,11
avambraccio,11
-'78,11
spasmo,11
repulsa,11
multe,11
pubblicale,11
cessa,11
vissugere,11
trevano,11
indaffarare,11
amabilmente,11
statere,11
astengano,11
sabra,11
tretjakov,11
ferraioli,11
lenite,11
univoce,11
eugnomico,11
istituite,11
soubrette,11
remake,11
radicalo,11
montelongo,11
riunisco,11
diffondendoso,11
investivo,11
licito,11
rostare,11
disgrega,11
corteire,11
versetto,11
iscrivendoso,11
giobbe,11
sostrato,11
veglio,11
favorii,11
abbore,11
monguzzo,11
interventisto,11
piropi,11
antoniana,11
raco,11
litton,11
ailano,11
appassire,11
2002,11
atamo,11
colso,11
1847,11
pigliatutto,11
amministrao,11
tradotti,11
terziarizzato,11
brez',11
unificatrice,11
radioascoltatore,11
editta,11
cespo,11
pedalo,11
parrillo,11
castaldi,11
elogia,11
irraggiare,11
originano,11
collegamentare,11
dipese,11
bustarelle,11
assegnalo,11
effettualo,11
ragazzona,11
chifel,11
6tatl,11
ritualmente,11
espulsare,11
torah,11
affermar,11
acculo,11
mandore,11
scalfare,11
baresi,11
ospitere,11
sandwich,11
presenzi,11
bracalone,11
bresciani,11
mestruale,11
aietere,11
ateli,11
elide,11
metterare,11
caffeina,11
interfacoltà,11
alleggerito,11
pernacchio,11
liniere,11
riempita,11
grondo,11
viabile,11
normalizzato,11
motobarca,11
ipopio,11
concluder,11
languo,11
ornatista,11
balestrare,11
manifestini,11
eonismo,11
fgro,11
onofria,11
piallo,11
svolgendoso,11
coinvolgo,11
geotermica,11
monetar,11
macedono,11
etichettatura,11
alacele,11
drammaticare,11
maratoneta,11
rianimo,11
oculatamente,11
decalogo,11
drizzare,11
occupata,11
bertuccione,11
collaboralo,11
cristino,11
spettacolarmente,11
ausile,11
chiomare,11
imbella,11
malfamato,11
alae,11
pulente,11
daturo,11
eupilio,11
bombaro,11
197h,11
net',11
difesero,11
riconoscendone,11
impicco,11
guaitico,11
climi,11
cabiria,11
ronchetto,11
medeare,11
derogabile,11
allenatolo,11
1867,11
aitro,11
affermai,11
ricotta,11
convintare,11
casablancare,11
confortato,11
barbi,11
cartai,11
protrattasi,11
attestandoso,11
naturno,11
tardarere,11
articolalo,11
scocco,11
platina,11
ofio,11
frenanto,11
baccarine,11
brahms,11
santander,11
precipui,11
chateaubriand,11
brunente,11
cossigare,11
collagna,11
percorro,11
confai,11
eterogenea,11
sottopoarr,11
cereta,11
arquato,11
interassociativo,11
cclii,11
cesserà,11
ricalchare,11
abbasanta,11
sortii,11
cabalare,11
continuum,11
annabello,11
preoccuparere,11
trii,11
cotonare,11
trattala,11
farraginosa,11
precettato,11
espropro,11
falecee,11
pizio,11
ricinta,11
circolato,11
antigene,11
nomenclatura,11
colpii,11
acrobato,11
posale,11
minaccare,11
psicotico,11
nel'o,11
erg',11
impermeabilizzazione,11
dissentare,11
papere,11
localare,11
concino,11
wallace,11
politicare,11
calmato,11
conf,11
ripulere,11
montegranaro,11
scioccante,11
opatito,11
beccuzzo,11
catrame,11
roseli,11
ammobiliato,11
biosintese,11
macerala,11
cernierare,11
cosparsare,11
bittale,11
ingordigia,11
sismologa,11
costituita,11
mazzone,11
aerobrigata,11
tizianare,11
ditela,11
allesso,11
loca',11
istantaneamente,11
guazzare,11
tradate,11
telefunken,11
padroncine,11
davamo,11
aghetto,11
teneo,11
avese,11
fitina,11
animino,11
completameli,11
terzare,11
statario,11
beccante,11
bollono,11
abdica,11
svolgo,11
truciolo,11
insalubro,11
insuffla,11
presemi,11
socare,11
bit',11
moirare,11
colliano,11
diagnostica,11
cibatito,11
biogas,11
hayworth,11
concretizzatosi,11
inserì,11
partenopee,11
eloiso,11
sbrano,11
silvino,11
arieto,11
consecutivamente,11
tatuar,11
conoido,11
pedi,11
deteriorandosi,11
riferendoce,11
irruppa,11
chiaretto,11
dinastico,11
commiseo,11
corrugo,11
astilo,11
sanitare,11
coglievare,11
sferruzzo,11
illusoriamente,11
elemosiniere,11
emaciare,11
coinvolta,11
imprenditorio,11
enologo,11
iron,11
etiche,11
battagliera,11
metropolo,11
ribaltamente,11
pananti,11
cavino,11
imbrunire,11
irruento,11
palatina,11
donatcattin,11
sicilie,11
giornalmere,11
disdette,11
angelisa,11
hangchow,11
filarello,11
oculista,11
lacustro,11
marchigiana,11
vomire,11
insoddisfatre,11
ignudo,11
esigile,11
inarzo,11
autodenuncia,11
rabbonì,11
dilatoria,11
sopa,11
compravendito,11
arrostare,11
comiziano,11
ciste,11
calasetto,11
bricolage,11
colloquiale,11
consolida,11
fibrocita,11
distretta,11
celiaco,11
millantare,11
isili,11
70124,11
primaria,11
froge,11
pompone,11
confrontateco,11
ersva,11
comprendone,11
bigello,11
seggiola,11
sgambatura,11
sotto',11
bacacela,11
ranierare,11
espettorano,11
selis,11
beaglio,11
ragionerio,11
chiarificatorio,11
rivalutativo,11
flirto,11
nuzzolo,11
1630,11
sterco,11
ci5l,11
ienare,11
siniscolo,11
assisteo,11
avariziare,11
scarnase,11
sony,11
sting,11
terraccia,11
shere,11
sadomasochismo,11
brunii,11
giamaicare,11
sericoltura,11
gardenese,11
violentarere,11
segmentazione,11
fiorirsela,11
arnie,11
cagnesco,11
mlse,11
campolieto,11
siai,11
posino,11
montelupone,11
igap,11
lecitamente,11
38-b,11
sifilitica,11
ismailia,11
stokowski,11
unidale,11
newyork,11
zanni,11
silver,11
finardo,11
recanatese,11
panicare,11
domiziano,11
flac,11
analizzatore,11
sgangherare,11
tarantolato,11
fondalino,11
quattrocentesca,11
benedii,11
assordanto,11
mondovisione,11
vorster,11
efebo,11
intronato,11
sambenedettesi,11
6223026,11
panatolo,11
sommelier,11
sfilacciatura,11
galazzo,11
innervare,11
cipaa,11
cavalleresco,11
marraccino,11
viggianello,11
verdinare,11
osannino,11
pupario,11
insud,11
fiso,11
offida,11
pedio,11
canottiero,11
trinitapolo,11
galileano,11
selenio,11
cantor,11
canavaccio,11
teverola,11
miocardico,11
sace,11
flnc,11
araldare,11
tratalias,11
telegrafista,11
faldarlese,11
oberhofer,11
stolichnaya,11
nazzare,11
lappino,11
lurida,11
esab,11
impugnano,11
ezer,11
weizman,11
414575,11
arabescare,10
ruggino,10
delfinare,10
caramelli,10
parico,10
svicolare,10
trepidare,10
insorge,10
calzario,10
fuggivano,10
contagiro,10
7256,10
scassare,10
partendone,10
ciliegia,10
offertale,10
spassionare,10
ipaliare,10
mattio,10
sugus,10
cartacee,10
antesignare,10
piacevolmente,10
riammessi,10
trevigiare,10
ometere,10
csio,10
compromuevere,10
incoccio,10
ecchimosi,10
basilese,10
mistificanta,10
premiere,10
addizionare,10
spregiativo,10
baloccare,10
astennero,10
salme,10
artiere,10
usee,10
scrutinato,10
svitare,10
wohlgemuth,10
contenderanno,10
gitare,10
ancorandolo,10
parlere,10
tribolato,10
particolarissima,10
serenella,10
rubarere,10
statala,10
respinsero,10
spediscere,10
escort,10
cerrionere,10
avvieno,10
fremer,10
abrasivo,10
tagikistan,10
declamato,10
detratta,10
dicenti,10
bandio,10
menzognere,10
dragamine,10
epim,10
variegata,10
sognante,10
montesano,10
vicinia,10
cenzare,10
croare,10
soprammobile,10
acciuga,10
giovanetto,10
mesi,10
zigzag,10
longevità,10
sugar,10
taste,10
francofonare,10
tendenta,10
gary,10
cianfrusaglia,10
evoluì,10
compartecipe,10
monastico,10
centocinquangere,10
menzognero,10
anacronisticare,10
siroisraeliano,10
confidenzialmente,10
succeda,10
amatelo,10
durame,10
potre,10
bellina,10
ciclabile,10
indussere,10
vermeer,10
deprime,10
etiopo,10
azimut,10
caicco,10
chiazzare,10
flagranto,10
iabeb,10
dipendano,10
pellicare,10
sperticato,10
riprove,10
deferito,10
astoriare,10
unisere,10
bardotto,10
quadrerò,10
coartato,10
gavetta,10
arborea,10
sultanato,10
edmea,10
cataneso,10
palando,10
affinato,10
bauletto,10
cinturone,10
fendento,10
folare,10
chiarì,10
maratoneto,10
chevrolet,10
elegge,10
pnko,10
nominativamente,10
privere,10
pianamente,10
amantea,10
versòre,10
cambiavalute,10
lavoravamo,10
opererebbero,10
tenergli,10
proporio,10
striminzire,10
commiseione,10
arditezza,10
primari,10
riportandolo,10
sollecitante,10
scomparsare,10
arrischiato,10
tersa,10
sociera,10
fgcl,10
impartivo,10
alleala,10
gustav,10
ebete,10
corrompe,10
obbligazionisto,10
virtualità,10
metodologio,10
mitchum,10
postrisorgimentale,10
porgare,10
summenzionato,10
scaturivo,10
penitenza,10
staere,10
sommore,10
seguissero,10
distorcire,10
clavicembalista,10
apribile,10
cinigliare,10
stinte,10
sparirono,10
catafascio,10
credulo,10
intensifichino,10
lierna,10
amarcela,10
gianluigi,10
inflitta,10
funambolo,10
landare,10
accesissimo,10
perquisite,10
bestiario,10
rotzo,10
immensità,10
ocare,10
sessantasetto,10
spassionato,10
asgen,10
langua,10
allenante,10
incoraggio,10
prontare,10
quadruplice,10
sovraccaricare,10
ingolfamento,10
polipi,10
dispenso,10
rescritto,10
coìi,10
prenesta,10
mainfestazione,10
defenestra,10
prescelre,10
imbeccato,10
acclina,10
mondò,10
borrare,10
investirere,10
ballino,10
traumatizzato,10
socrata,10
unirò,10
integrabile,10
vincesse,10
sessino,10
ledonere,10
cipiglio,10
clapton,10
beef,10
distrira,10
pierfrancesco,10
dannazione,10
ribadiranno,10
declamatorio,10
affiora,10
creavare,10
osservante,10
fattamo,10
annoiato,10
spanò,10
indifesa,10
ripresero,10
carotene,10
morenare,10
moltiplicavare,10
schematicità,10
imago,10
mutale,10
cessar,10
1380,10
avestere,10
tossire,10
piure,10
lapidare,10
giovevole,10
interventismo,10
monteflavio,10
vicovaro,10
cementificazione,10
lezioncina,10
loko,10
riferentesi,10
bambinello,10
falsificata,10
amebe,10
gelide,10
infamare,10
tuere,10
derisi,10
afrore,10
omaha,10
lignifico,10
volenterosi,10
lasino,10
rinnega,10
esigerne,10
ascolta,10
sistematica,10
foio,10
comunissimo,10
elettrizzante,10
fdplp,10
alarsene,10
grottino,10
vivandiere,10
disgelare,10
scanzonato,10
casares,10
valutaria,10
1862,10
infiammato,10
volatone,10
aggiudicato,10
newcastle,10
legaio,10
tingare,10
federbraccianticgil,10
usbeco,10
ritenete,10
casimira,10
estraneare,10
travet,10
infiltratidere,10
onetto,10
felicire,10
confermino,10
utensileria,10
amichevolere,10
strere,10
parrocchiano,10
massimiare,10
badio,10
soggettista,10
smoking,10
vivrebbe,10
levigato,10
alarmene,10
alzaio,10
retroazione,10
controaccusa,10
infedelare,10
diplomatica,10
discrasia,10
ulcere,10
scatenarire,10
proclamata,10
trincherà,10
drivere,10
stesero,10
sfuggito,10
pulsars,10
avveleno,10
piroscafo,10
rincare,10
teglio,10
scompaia,10
cecima,10
desidereere,10
imperialirre,10
rimpatro,10
piergiovanna,10
vetraio,10
cocteau,10
settantotto,10
verista,10
furbere,10
capicentro,10
capano,10
situazionee,10
paludere,10
macchietto,10
nobilire,10
finanziale,10
scomparivo,10
pluricampione,10
alleni,10
apatura,10
decisero,10
novantadue,10
abacuc,10
fuggare,10
affermino,10
colcosiana,10
recapitato,10
imboscatore,10
carri,10
soggettivistico,10
aggressiva,10
fuggevolmente,10
liquidatone,10
avarino,10
roto,10
neureuther,10
raschino,10
monti,10
deschetto,10
imparabile,10
scompore,10
riacutizzazione,10
bailamme,10
zeto,10
caprire,10
noviziato,10
numerosissima,10
innevamento,10
bregano,10
predore,10
dimostrassero,10
parrere,10
quaranti,10
diventar,10
alesi,10
partitino,10
serializzare,10
accoccolare,10
stanere,10
stupidaggine,10
precluso,10
reclinare,10
poltiglia,10
aeritalia,10
orologa,10
programmabile,10
picarare,10
tilde,10
standardizzato,10
1799,10
acuzio,10
consumere,10
danzato,10
sfoco,10
salgo,10
classificabile,10
polle,10
ratifico,10
unne,10
malconcia,10
svendite,10
ingenuare,10
chiedergre,10
ressi,10
triade,10
sostene,10
ministerare,10
dominion,10
monferrare,10
cerandola,10
lasca,10
vailare,10
delibi,10
guaa,10
predatore,10
tenutendere,10
guerce,10
metterebberare,10
fargliela,10
heath,10
ertzvere,10
accolita,10
forro,10
astrologo,10
sciupi,10
improrogabilità,10
oblò,10
amoso,10
amose,10
porvi,10
ubbidiente,10
aborro,10
impose,10
neocapitalista,10
nuocciere,10
darmo,10
foraggero,10
intervenir,10
cocolla,10
professato,10
lollobrigido,10
sembrino,10
fasciamo,10
blocchere,10
elisire,10
ape',10
chiauco,10
sfuriare,10
rimario,10
imperialistare,10
alludore,10
assolutezza,10
fattagli,10
risulterebbe,10
anastatico,10
produssero,10
temporalmente,10
menzionate,10
veccho,10
seguila,10
chiotto,10
conquistalo,10
alasta,10
folletto,10
zoppa,10
fotografica,10
itaila,10
arricchimente,10
considerandolo,10
rimuova,10
abbae,10
disumanizzante,10
anfibi,10
usurpatoro,10
riabilitato,10
accertamene,10
quotatissimo,10
placcaggio,10
medaglione,10
turala,10
olimpiare,10
penti,10
lupus,10
sposi,10
ferrigna,10
cerasi,10
gessato,10
fisicare,10
pregnana,10
oleo,10
notarire,10
paludato,10
diarroico,10
avvelenamente,10
monachella,10
bassezza,10
mastoide,10
erpice,10
politura,10
dichiararso,10
velar,10
biffereo,10
palienso,10
cuoca,10
donnina,10
gravissimi,10
strafottente,10
dilavante,10
carmonare,10
previde,10
carucco,10
tertenia,10
reclusa,10
occultazione,10
scenicamente,10
deneuve,10
incensare,10
baldoria,10
coercitire,10
includire,10
miller,10
allunghare,10
ddemocratico,10
teleferica,10
anatre,10
escludendolo,10
boera,10
alemagnare,10
bufalo,10
thiesare,10
pronunzio,10
attrattare,10
sudice,10
venefice,10
ghettare,10
pervenivo,10
fottere,10
maionendere,10
balse,10
rudemente,10
ghirlandaio,10
chiederare,10
mirabello,10
adorar,10
continuale,10
cengere,10
accrescare,10
metastorico,10
travagliatissimo,10
imbattire,10
sachsenring,10
barzellette,10
warner,10
collegandola,10
precipue,10
divisionista,10
parigina,10
riassunta,10
pimare,10
nigerio,10
incessanto,10
carburare,10
smrkovsky,10
escuttere,10
ammisere,10
sogliola,10
alambicco,10
dalmazia,10
apparissero,10
investigato,10
rivoltellare,10
manon,10
modellismo,10
ditelo,10
gambale,10
rabbie,10
gomitata,10
sgambato,10
preesistere,10
univocio,10
gibere,10
annessionistica,10
devoluto,10
atona,10
divampato,10
priorare,10
profferito,10
celestina,10
6ede,10
indicanto,10
belemnitare,10
learco,10
radiocronaca,10
perticone,10
disinvolgere,10
stupendere,10
scoprirai,10
screzo,10
monocolo,10
licerio,10
appresterebbero,10
meneare,10
preste,10
tipizzazione,10
mikado,10
occipitale,10
vanvera,10
snaturato,10
tienico,10
cisliare,10
inventano,10
conse,10
riordinato,10
compensa,10
venditrice,10
tesauro,10
serdiano,10
baldare,10
quattordicenni,10
pratichere,10
concrere,10
mediometraggi,10
kantiano,10
annunciale,10
solerziare,10
novantasei,10
accentro,10
inscritto,10
midare,10
uscirare,10
mediometraggio,10
trentasere,10
impostale,10
imperano,10
ethos,10
ururo,10
escrescenza,10
insultato,10
ascensorista,10
fistcgil,10
dipoi,10
sacrificale,10
socchiudere,10
pensar,10
smosso,10
teletrasmessa,10
dizzy,10
palizzata,10
elmette,10
minora,10
cartona,10
stevens,10
compagne,10
atlete,10
giovinetta,10
1nps,10
melitone,10
chinato,10
polanski,10
decurtato,10
negozierà,10
che1,10
stenda,10
obbligatone,10
inquilinato,10
dessert,10
giallorottere,10
trailer,10
controllò,10
demografia,10
latire,10
mandie,10
ventimilo,10
tredicenere,10
bastevole,10
filtrante,10
appassiona,10
infortunatosi,10
godetti,10
anteprimo,10
fonetico,10
smarrere,10
mangima,10
generativo,10
intelligibile,10
rublo,10
premano,10
livelle,10
cagionale,10
condizioni,10
disumane,10
sempia,10
annientato,10
politia,10
autko,10
cedimi,10
succedutesi,10
amputato,10
compì,10
chiarificatrico,10
ipertrofia,10
chiloetro,10
entalpia,10
eccezionere,10
rovescere,10
intemperia,10
durano,10
choère,10
vaudevilla,10
appennine,10
incida,10
vaghe,10
biferno,10
antenare,10
morante,10
obbiettare,10
insorsa,10
usufrutto,10
sergenti,10
finanze,10
mariolo,10
cassie,10
stri,10
aberrano,10
grassello,10
connota,10
succedo,10
accenti,10
densissimo,10
fonit,10
compartecipanto,10
prearia,10
pliche,10
accumulatendere,10
determinavare,10
ultimissima,10
gazzarre,10
amandare,10
rarefattare,10
stagnaro,10
fodero,10
assenzare,10
aprivo,10
toglievare,10
scritturale,10
estesissimo,10
orlandino,10
malagiato,10
ottena,10
consociazione,10
insonne,10
conteno,10
intrallazzatore,10
cavalca,10
fortuitamente,10
fontanile,10
antemio,10
rimboccarre,10
vittuone,10
eremita,10
neurochirurgo,10
secretoria,10
voltolino,10
soddisfacentemente,10
enigmo,10
trarranno,10
peroneo,10
oribi,10
botra,10
saccardo,10
belativo,10
disceso,10
volpa,10
teneramente,10
impegnino,10
meritira,10
iniziala,10
inquadrabilo,10
ormonale,10
alcova,10
non',10
attrezzaturare,10
calerà,10
superwelters,10
druento,10
chambave,10
toffia,10
brechtre,10
mendelssohn,10
coppella,10
regionalizzato,10
vecere,10
tonga,10
solferare,10
proferire,10
erme,10
sciatteria,10
borgosesia,10
sporgente,10
calere,10
valleve,10
intercapedine,10
occulgere,10
elemosinare,10
birrerio,10
liberatosi,10
traviare,10
vende,10
liberalizzartico,10
vincaia,10
soresino,10
oscurato,10
antistraniero,10
novene,10
atalangere,10
aned,10
scierà,10
viluppio,10
collettino,10
areere,10
mecenatismo,10
inas,10
cassiata,10
disegnato,10
determinalare,10
miniteo,10
attraccano,10
aggiungessero,10
psicologismo,10
pnl',10
temao,10
venturoso,10
duniare,10
bartolinare,10
prefigurato,10
papalino,10
nasconderlo,10
fotoromanzo,10
puntualizzere,10
orsinare,10
fodera,10
morbidare,10
potendolo,10
mancano,10
schedano,10
grotowski,10
amerà,10
udinesa,10
iniettato,10
lomazzo,10
mig-23,10
estemporaneità,10
cloroformio,10
bernardinare,10
scompaie,10
estuario,10
partari,10
epidemiologia,10
riformatricere,10
dibattuti,10
scanna,10
universiadio,10
astanto,10
settar,10
guglielminare,10
appaltatoce,10
volgo,10
faziomalè,10
desidera,10
aderirà,10
sulcisiglesiente,10
pagliato,10
contrae,10
sgambata,10
singolarista,10
mammare,10
staccata,10
pkore,10
circospetto,10
consiliari,10
reginare,10
brucella,10
deferii,10
ofenare,10
pasticcionare,10
animalità,10
titolazione,10
impedirre,10
pcimo,10
borsaio,10
vancouvere,10
imbarazzanto,10
nevare,10
tramavare,10
trigona,10
adorato,10
estesi,10
cinerizo,10
manetto,10
scrivevare,10
ratti,10
conformistare,10
ghettere,10
partitocrazia,10
romagno,10
incendiariare,10
laconicamente,10
sostanziaio,10
anticonformistico,10
occugliere,10
produzionere,10
elibus,10
svettano,10
naturalizzazione,10
rispecchia,10
pronuncere,10
bobby,10
sottana,10
voragino,10
radiotrasmittente,10
gessio,10
ingraziare,10
carraia,10
scostamento,10
deutsches,10
essendoe,10
redistribuivo,10
decisivare,10
immonda,10
despota,10
ansaco,10
fnsare,10
schiavistico,10
continuativamente,10
caglia,10
ravel,10
rappresentarere,10
vissuta,10
magliara,10
costituendoso,10
repentinamere,10
imitarre,10
inseriscono,10
stesao,10
rilasce,10
tima,10
infelicemente,10
eloquentissimo,10
slesio,10
languido,10
indigesto,10
punivo,10
indegnare,10
etrare,10
idrofilo,10
salir,10
respiratore,10
ricevano,10
drapia,10
totalizzatore,10
sblocchere,10
galeone,10
calamaio,10
coricato,10
assassinalo,10
capocantiere,10
cuvio,10
alzheimer,10
accumula,10
montame,10
strass,10
basandoso,10
avventatezza,10
sacralizzino,10
bracciamole,10
esserino,10
rance,10
travatura,10
nidere,10
crisco,10
risalivo,10
fotomodella,10
annua,10
veliero,10
caratterare,10
settoriali,10
trasmisa,10
cconsiglio,10
privatisto,10
dominere,10
spezzettato,10
7ioi,10
soprammobilo,10
concorro,10
prepararere,10
influiscare,10
badiotto,10
tetre,10
venera,10
grassone,10
rimimi,10
norica,10
danzatrico,10
discobolo,10
sostituendoso,10
eterizzare,10
affidatigli,10
adocco,10
tomaszewski,10
magniloquente,10
dominiato,10
vaginale,10
domodossolare,10
decedute,10
opto,10
1060,10
arrampicatore,10
giovanilismo,10
percepiscano,10
assuntore,10
correlativamente,10
gito,10
arrotolare,10
decrepita,10
cucita,10
braganza,10
stecchendo,10
croceristo,10
astaire,10
alloggiamente,10
tamponato,10
atleto,10
imbandierato,10
alstom,10
ripubblicazione,10
imbottitura,10
infierirere,10
barcollante,10
coletta,10
ingiuriare,10
opponendoso,10
trenette,10
sfavorire,10
sentile,10
droppo,10
conferitogli,10
leonilde,10
indicativa,10
badassi,10
abbonda,10
sintomatice,10
lippo,10
anticipò,10
costarere,10
ciriaca,10
coccarde,10
alcino,10
convengo,10
atomizza,10
vuolre,10
propina,10
etnologia,10
trotare,10
falsificatore,10
unifichare,10
compiace,10
gauguin,10
cossiga',10
interposto,10
sedato,10
importatrice,10
titolar,10
albiano,10
staffetto,10
inpgi,10
raffaelare,10
cederà,10
angino,10
relativismo,10
oswald,10
corbusier,10
efficientemente,10
postato,10
sbarrere,10
provvedimene,10
materattere,10
celoma,10
sintomaticare,10
clair,10
solano,10
desiderassero,10
stadia,10
teleutente,10
tridentino,10
bigliettino,10
scatura,10
ricontare,10
sciatela,10
conl,10
perenere,10
spattere,10
parliamoci,10
esauribile,10
festosare,10
orico,10
inventariare,10
albicocco,10
compravendire,10
accappatoi,10
opportunisme,10
vantaggiosa,10
lavora'o,10
lontanissime,10
averto,10
decongestione,10
subconscio,10
scassa,10
investimentare,10
rife,10
tagliabue,10
proveniere,10
sarnano,10
indoo,10
ciondolo,10
uresto,10
raggruppato,10
ammore,10
singara,10
attuatone,10
assiste,10
voluttuario,10
virulenta,10
iscrivare,10
carpazio,10
figuriamoci,10
mireille,10
liberandola,10
dirozzare,10
slre,10
orbar,10
screze,10
sposere,10
avvenugere,10
sidelm,10
annuare,10
bicere,10
latrato,10
spurgo,10
sudio,10
chemioterapico,10
bibbiare,10
garfagnine,10
cactus,10
dispiaciuto,10
dipere,10
smozzicato,10
trombetto,10
mortifera,10
lainato,10
vecchietre,10
contiguità,10
putrefatto,10
prenderebbero,10
popelin,10
destale,10
giocatolo,10
pireneo,10
antiborghese,10
temeire,10
arnara,10
ciprio,10
calda,10
fuscello,10
brindisina,10
esordienti,10
trenti,10
maiorcare,10
compagnao,10
angina,10
placato,10
mergozzo,10
lealo,10
temùo,10
acuente,10
benservito,10
pagabile,10
lucky,10
cittadare,10
monsiue,10
serso,10
rappezzare,10
stufare,10
filtraggio,10
galgano,10
illusa,10
deggere,10
improbo,10
tendevano,10
aree,10
derre,10
coline,10
eretica,10
curialo,10
malandare,10
orrendere,10
marrare,10
pillole,10
meditativo,10
stolone,10
collego,10
rebbi',10
enclisi,10
chiederò,10
medardo,10
genialmente,10
alloggiato,10
salutiare,10
comunichere,10
caratterizzalare,10
soppendere,10
acclarante,10
emorragio,10
auguro,10
riaperre,10
vessatore,10
rarissima,10
transvaal,10
notisto,10
calai,10
schicco,10
esporràre,10
convertibilità,10
manovravare,10
contentezza,10
brividio,10
testimoniò,10
ungare,10
discare,10
omogeneamente,10
obbligata,10
inquadri,10
igenico,10
parteciperanno,10
acchitare,10
sussugliere,10
uralico,10
1010,10
dissalatore,10
carpare,10
pearson,10
fuliggine,10
arrendevolo,10
scongelamento,10
filodiffusione,10
sessant',10
famigliola,10
marxre,10
chiusosi,10
stollo,10
peccalo,10
bordataco,10
silente,10
utopismo,10
israelire,10
metodologicamente,10
umanitaria,10
ricevendone,10
qualificabile,10
miliardaria,10
narrere,10
perbenista,10
moreau,10
vidor,10
toghe,10
comparvero,10
armonium,10
malignerò,10
riaperte,10
bombare,10
parlarere,10
verza,10
hubble',10
videoregistrazione,10
tartassato,10
poggiavare,10
1866,10
ibridio,10
elettraere,10
remainders,10
badale,10
ciarleraio,10
pozzaglio,10
deontologico,10
industriala,10
collaboratone,10
pontillo,10
fingimento,10
ciancia,10
stuzzicare,10
purpura,10
allgemeine,10
neonazismo,10
rapinarere,10
arrosta,10
peccaminoso,10
spalatino,10
giovearno,10
convocale,10
linguisticamente,10
cimentale,10
bagolato,10
recherete,10
atomizzazione,10
sbere,10
sgridare,10
1856,10
ingrossano,10
sviluppavare,10
contraddere,10
approvala,10
sancisce,10
rosettere,10
carabino,10
escluderebbero,10
isre,10
senni,10
taira,10
ingigantere,10
grigiare,10
ventilale,10
mistice,10
possibilistico,10
scacchista,10
negavare,10
center,10
affrontandolo,10
canottiera,10
scambiatore,10
gettoniera,10
rouletta,10
colloso,10
ventilata,10
nutriente,10
acciarine,10
umorale,10
avocatorio,10
implorazione,10
buffer,10
rimaniamo,10
riscrivico,10
cassere,10
ubertino,10
assorbita,10
daziero,10
pochade,10
escludendone,10
distorcono,10
viaggianta,10
verificheremo,10
orzato,10
tsedenbal,10
parèse,10
buriana,10
assegnavare,10
affioranto,10
meritoria,10
pirito,10
notere,10
autoconvocazione,10
campeggiavare,10
massimizzare,10
salubre,10
felpare,10
gennargentu,10
fabiola,10
spaccata,10
1012,10
dichiarandolo,10
accontentiamoce,10
scombinato,10
orefico,10
dubai,10
propendono,10
contadine,10
clorare,10
compensato,10
bionese,10
arabile,10
vengare,10
coronaria,10
maldicenza,10
diodato,10
estranee,10
giornii,10
vomico,10
rigelo,10
finiscano,10
urbanistici,10
chirurgicamente,10
acuita,10
preannunciati,10
strabismo,10
spanio,10
antagonistare,10
faere,10
botanica,10
annarito,10
raggiure,10
risucchio,10
abbrutimento,10
riccardi,10
giovincello,10
desistenza,10
accertarire,10
bizzarone,10
intendevano,10
barrino,10
intagliato,10
dialogico,10
estesso,10
bersano,10
6are,10
integratone,10
valgo,10
fnlels,10
dispiegato,10
archè,10
euello,10
farisei,10
adeguata,10
scadi,10
malcolm,10
cronica,10
previdere,10
sbaglare,10
badato,10
realizzavare,10
esimente,10
recatasi,10
voltafacciare,10
issoco,10
allena,10
brandtre,10
capolineare,10
6tate,10
inquino,10
aiutar,10
caduti,10
stipato,10
grotte,10
lady,10
levine,10
predazione,10
vesso,10
spaurite,10
contraereo,10
mircea,10
dire',10
algerine,10
evasivamente,10
barico,10
arrovellare,10
moussa,10
afide,10
canchere,10
metodicità,10
farrow,10
promiscue,10
tosc,10
sirma,10
eunice,10
scioperavare,10
biancho,10
arconte,10
aiutateci,10
svaluto,10
tintarello,10
adattere,10
recepì,10
determina,10
verva,10
abbonamentare,10
levito,10
incolpar,10
elidio,10
plago,10
convinta,10
acclamo,10
germanista,10
valutativo,10
canee,10
sceglire,10
guerrigliera,10
cernio,10
avercelare,10
tuniso,10
indiscutibilmenta,10
secretorio,10
ghiandola,10
equivocità,10
fanghiglia,10
balletta,10
querelato,10
pescheria,10
verenare,10
capoterra,10
svobodo,10
chinotto,10
ventiquattromila,10
donano,10
gibilterra,10
spaccone,10
insistessere,10
gaudenzio,10
semiautomatico,10
presidenzialismo,10
provenga,10
ovaie,10
indecenza,10
museruola,10
consistilo,10
soddisfaggere,10
con1,10
diattico,10
sbagliale,10
rannicchiare,10
tanico,10
festosa,10
alagnare,10
purga,10
roentgen,10
nossignore,10
antirazzisto,10
offerte,10
ravanello,10
recale,10
acetivo,10
sorteggiato,10
tifica,10
accredire,10
residenzare,10
goletta,10
demistificante,10
drupo,10
svire,10
descrivare,10
capirere,10
quietamente,10
sapute,10
allan,10
venutoso,10
essersela,10
inseparabilità,10
teoe,10
luminello,10
giochiare,10
allontano,10
riducendonere,10
litiga,10
giottesco,10
risponderglio,10
battilo,10
finir,10
dermatoso,10
ginseng,10
cartonare,10
corpulento,10
carrierismo,10
beatele,10
prospettandere,10
ematologia,10
matte,10
insorsero,10
autostazione,10
tvviluppo,10
inquadrandolo,10
spostamere,10
benne,10
alagna,10
neonatale,10
sobillare,10
arabio,10
vampato,10
articolaire,10
allucinogene,10
snellare,10
berrò,10
locae,10
carotare,10
acquaviva,10
cessino,10
rapallese,10
cremia,10
agorà,10
prefiggare,10
orizzontalmente,10
selle,10
mestiero,10
avvenivo,10
convince,10
confore,10
saveria,10
comparse,10
grissine,10
rogno,10
biffe,10
specialissimo,10
oreccho,10
padrio,10
picchia,10
sbracato,10
populisto,10
ialinoso,10
ritiriamo,10
intarsiare,10
sedata,10
cenadi,10
appore,10
afferenza,10
canossare,10
trasferirono,10
stralunato,10
usciremo,10
assorbitare,10
piattare,10
ritrovalo,10
gracilità,10
aviatorio,10
comunicativa,10
nuotatrico,10
besato,10
apporti,10
rasala,10
rhodesio,10
rivedare,10
sollecitale,10
aspiravare,10
vilnius,10
sincronizzare,10
vespasiano,10
ardei,10
isolamente,10
prestò,10
drappe,10
adorabile,10
atacre,10
crocicchio,10
berciare,10
giustificherebbero,10
informandolo,10
detasso,10
confluito,10
adirante,10
glioma,10
torrefazione,10
oligo,10
rivelalo,10
ricalare,10
agarico',10
incitano,10
rigolo,10
papalina,10
arponiere,10
prarolo,10
portandole,10
mitragliamento,10
demolì,10
fresale,10
prealpino,10
dolerte,10
stringatezza,10
discolo,10
percae,10
propellente,10
guardando,10
stroncatura,10
uccido,10
inconsapevolo,10
disturbatore,10
legnanese,10
stabilitiso,10
comunardo,10
frazionista,10
stazzo,10
cagliatelo,10
irresolutezza,10
cenerine,10
berbere,10
scriviare,10
cortigiane,10
tomistico,10
careno,10
magnetofono,10
quaggiù,10
immobilizzazione,10
comboniano,10
rappresentane,10
autolesionista,10
contemplato,10
cottimista,10
1844,10
formaggino,10
corrispondesse,10
rivendicatilo,10
biada,10
pleonastico,10
arrapino,10
gasolo,10
ininfluente,10
inapplicabilità,10
geodere,10
ossona,10
panamericana,10
erchie,10
puntone,10
incornato,10
guilmo,10
sistematizzazione,10
dircelo,10
migliorino,10
guardato,10
corbola,10
intendevamo,10
bravetto,10
ceneraio,10
castrista,10
regale,10
cromare,10
prospera,10
analizzo,10
citalo,10
accolire,10
tombar,10
etei,10
confagricolo,10
bistratilo,10
vinceranno,10
ersero,10
biscarto,10
costaglio,10
castelraimore,10
buonarrote,10
inoltrai,10
tancare,10
unso,10
rimpetto,10
mescola,10
aizzamento,10
accompagnavere,10
bagattella,10
elettrotrene,10
casi,10
creatrico,10
utilizzino,10
aquario,10
esponare,10
votarre,10
cariddo,10
aldobrando,10
baveno,10
impecino,10
slargo,10
crome,10
cromatura,10
giorgi,10
partecipar,10
shirley,10
taraturo,10
servato,10
politici,10
monrovia,10
leonellare,10
demandato,10
acconciatore,10
abbottonare,10
granco,10
taziano,10
almerino,10
egista,10
oone,10
citofono,10
uroo,10
tosello,10
generalizzante,10
ripartivo,10
aliquote,10
gelatina,10
avventuristica,10
prenditoro,10
stanne,10
bandana,10
datere,10
andrzej,10
marianne,10
bisanto,10
fiscalizzare,10
trassero,10
talario,10
vesto,10
gevaerale,10
sconfitre,10
kamikaze,10
riconducire,10
nasoni,10
evadente,10
graverebbero,10
elettivamente,10
filocomunista,10
metolo,10
domale,10
ostinatezza,10
semicerchio,10
riti,10
caporedattore,10
picconato,10
fideismo,10
passire,10
peretto,10
distesamente,10
antiscientifico,10
sceglie,10
carola,10
anert,10
constatò,10
lanciale,10
verter,10
concertiamo,10
chiedendoso,10
avanzar,10
tranviare,10
bucherello,10
novosibirsk,10
annono,10
nienta,10
virginiare,10
mani,10
scrittoio,10
libertinare,10
possanza,10
valare,10
alacare,10
nane,10
avviatasi,10
raggiungerebbero,10
potabilità,10
irrazionalista,10
schiaccio,10
lanario,10
fitofarmace,10
thailandesi,10
sanitariare,10
accennalo,10
sbalordito,10
usale,10
pioggiare,10
preavvisi,10
inderogabilità,10
mascheratura,10
salirebbero,10
viscosare,10
indurrà,10
agustina,10
fernandare,10
lebeti,10
bilanciai,10
loppa,10
pignorato,10
merciao,10
inciampa,10
aerante,10
cana,10
rafano,10
citerò,10
deviazionismo,10
venino,10
cingile,10
troie,10
accorale,10
cocare,10
velleitariamente,10
pedatorio,10
morine,10
imir,10
confrontao,10
anare,10
uscii,10
mineraria,10
fortezzare,10
deponilo,10
delimire,10
alitino,10
trotta,10
fucila,10
danto,10
antiparassitario,10
tetare,10
combusta,10
sussistare,10
tadasuno,10
sciolinare,10
reggitore,10
elevale,10
micio,10
eccellare,10
calliano,10
sibillo,10
accusano,10
paretto,10
macellana,10
sessantare,10
oberio,10
parure,10
deputalo,10
dcli,10
compaiono,10
stronza,10
caccino,10
dirlo,10
marcita,10
parèe,10
sviene,10
comparere,10
falangisti,10
occuparono,10
facetare,10
microonda,10
confettura,10
megalomane,10
alassimo,10
covano,10
attaccabile,10
carbonato,10
serole,10
ludibrio,10
strand,10
ematomo,10
olimpica,10
bussato,10
restituendolo,10
saltaro,10
isidora,10
rafferma,10
anticresi,10
scuse,10
oliverio,10
amace,10
ditare,10
rlunlflcazlone,10
accaldare,10
pressburger,10
fateve,10
inveirò,10
licenziale,10
flottante,10
scomponere,10
rutherford,10
ascenda,10
bretagno,10
autoescluso,10
fuochista,10
evviva,10
escusso,10
bagolario,10
contene,10
fermarire,10
restato,10
solca,10
presago,10
caldina,10
parleranno,10
impastoiare,10
11000,10
macaluso,10
calvene,10
piovina,10
rifornì,10
ributto,10
casentare,10
vidimare,10
appuro,10
arquare,10
fiammetta,10
attinia,10
xilografia,10
6uoi,10
tito',10
erpicare,10
valutale,10
taiare,10
aneli,10
rendete,10
sul1,10
antiatomico,10
uragare,10
concili,10
basalare,10
morere,10
smaglianto,10
croci,10
avvino,10
biamo,10
commandos,10
aratila,10
leccornia,10
cantalupa,10
colatore,10
dolianova,10
garritare,10
valmala,10
tutelo,10
guardanto,10
bovolone,10
arcadio,10
prospettala,10
arrido,10
porleci,10
abbicare,10
tenaglio,10
impermeabilità,10
notulo,10
granarolo,10
atteggio,10
lasciame,10
pu6o,10
assistitile,10
forsyte,10
parti',10
sfittare,10
teo',10
illusare,10
alaare,10
responsabile',10
tonnine,10
istitutire,10
voltar,10
sanere,10
bruciale,10
addoma,10
risultata,10
alfero,10
duerno,10
stevere,10
opportunisticamente,10
vagina,10
sommatorio,10
disserre,10
tetralogia,10
talentacco,10
incendiarlo,10
domar,10
pioraco,10
escludevare,10
piogeno,10
marchiere,10
maschilista,10
fertili,10
geologica,10
affannano,10
riporo,10
misconosciuto,10
sabo,10
denunciaire,10
sultare,10
brulicare,10
diffidato,10
finanziamentare,10
prospettivere,10
clonala,10
archimeda,10
chiamala,10
aeronave,10
gastroenterito,10
venusiano,10
prelevòre,10
sposteranno,10
costumare,10
bronconi,10
presuntivo,10
comoagna,10
sudmolucchese,10
ortofrutre,10
illustrale,10
ordinano,10
archetipo,10
airesre,10
zibaldone,10
emetta,10
immondizie,10
asote,10
suffle,10
coagula,10
improba,10
petruzzello,10
sosteno,10
inarre,10
emulsione,10
rumorine,10
accolle,10
bentlvogll,10
rasp,10
giovandone,10
rimpallare,10
avventata,10
disincanto,10
lookre,10
postillarere,10
ingessato,10
dilato,10
specko,10
interra,10
feriare,10
dettai,10
cnn',10
improvvisate,10
complessare,10
minorante,10
colanto,10
inimicato,10
torpedo,10
onest,10
fieg,10
zirlare,10
sabbio,10
cinquantenna,10
staderare,10
attenuo,10
frea,10
mobilierò,10
chiarinare,10
fading,10
assistenzo,10
trippa,10
marchetti,10
profusare,10
asciale,10
gioacchinare,10
tipografio,10
sciasciare,10
gurure,10
cannucce,10
considerandole,10
piacentina,10
squadri,10
operao,10
ritenevamo,10
stimolato,10
rispondessero,10
rubano,10
circadiane,10
doppiato,10
gaudente,10
riformi,10
librevillo,10
scudocroclato,10
irone,10
pennabillo,10
seminar,10
malgario,10
nuotatrice,10
garlenda,10
siderite,10
maturale,10
calamonace,10
muflone,10
polineurite,10
cesella,10
concedereste,10
puerpere,10
amplino,10
civito,10
digramma,10
bestialmente,10
loranzè,10
comunalee,10
intreccianore,10
giovante,10
mareggiate,10
addebitato,10
moltiplichere,10
degenero,10
villamar,10
francase,10
annonariare,10
provantisare,10
ispea,10
avvicinabile,10
distribuivo,10
cclturale,10
mettiamo,10
paranco,10
iplave,10
vacanti,10
qualificandolo,10
ramazza,10
dalton,10
trumbo,10
guardale,10
ronzo,10
illustrata,10
andretto,10
tossa,10
ottantanove,10
scanalare,10
castanedere,10
spinozzo,10
sbaglierebbe,10
foscoliano,10
esprimerto,10
tolsero,10
lunato,10
residencere,10
autoclave,10
sciave,10
malraux,10
piovani,10
caciotta,10
piscione,10
telefonira,10
ammaestra,10
convoca,10
decauville,10
playback,10
anconitana,10
umilia,10
definitala,10
bireme,10
bagnetto,10
lucire,10
precisando,10
pregrere,10
poggi,10
marnoso,10
pali,10
strohlfern,10
alsaziano,10
finitala,10
segretalo,10
icrot,10
1854,10
giornaline,10
casetto,10
inopportune,10
dipano,10
dentisto,10
ollare,10
bestemmiare,10
sottodimensionare,10
righettare,10
duisburg,10
patibile,10
ostenda,10
restaurire,10
riformire,10
istituenda,10
moravio,10
sauficisl,10
jonadi,10
marcellare,10
altamurano,10
completivo,10
occlusione,10
volre,10
spallare,10
metastase,10
anziare,10
sileno,10
sotelo,10
disgregativo,10
festeggiavare,10
sdorare,10
specola,10
lutre,10
lutea,10
bollere,10
fenolato,10
telemetria,10
vila,10
poetale,10
spetta,10
blair,10
arche,10
carmiare,10
seppellere,10
magiare,10
ostensione,10
brezzano,10
afferente,10
1776,10
duralo,10
ritenemmo,10
dannere,10
ultim',10
maoismo,10
scatolifico,10
spezzini,10
luporino,10
absido,10
limeno,10
sottolinealore,10
darseno,10
autogovernare,10
introdottere,10
abital,10
acciaiale,10
capoturno,10
riguarderà,10
orni,10
stillato,10
nale,10
ietto,10
riscoprono,10
conoidere,10
attorio,10
caratasso,10
sabello,10
toremar,10
alemagna,10
laudario,10
cg1lcisl,10
guardea,10
tincare,10
arezzoa,10
carolinare,10
consultoriare,10
giacolonere,10
impelino,10
germogliano,10
empedocle,10
antimeridionalistare,10
escavatore,10
mercanzia,10
libertarismo,10
bera,10
pretestate,10
cecinare,10
engineering,10
schedatore,10
lobotomia,10
autonomirre,10
fresa,10
cii',10
accadesi,10
tg-2,10
loredare,10
totare,10
caldana,10
melograno,10
rientra,10
trincio,10
icic,10
pittale,10
somiglio,10
afam,10
2270324,10
risole,10
candii,10
ridiscusso,10
animaletto,10
scorcia,10
bovare,10
marjayoun,10
bonaccorre,10
inarcacelo,10
tanagra,10
telescuola,10
fisioterapia,10
assesto,10
fusaggine,10
antesignano,10
prepositivo,10
picchiante,10
cucinino,10
boxare,10
baruffe,10
ucit,10
soluzioni,10
amerino,10
fanali,10
nitrito,10
spem,10
britanna,10
giuntino,10
eurosocialismo,10
vivacire,10
vernaccia,10
avvocata,10
sfaso,10
longiano,10
cappellificio,10
dema,10
mestruazione,10
rinito,10
camicione,10
medialo,10
riassumo,10
grandinare,10
tossicologia,10
ammario,10
fluendola,10
metacarpo,10
volksunie,10
subentrante,10
monacere,10
arrivaire,10
piagasta,10
ghermitore,10
tapo,10
amniocentesi,10
inquinatare,10
roccere,10
ipogepe,10
spinarello,10
feltrare,10
anela,10
erbicide,10
occorsio,10
atco,10
autotrasportare,10
teratogeno,10
extraospedaliere,10
ostuno,10
cresimandi,10
baccalà,10
rune,10
genziano,10
alberetto,10
appige,10
relione,10
pezzulli,10
villone,10
alternino,10
centenaria,10
ozonizzazione,10
martellotto,10
montecastrillo,10
accorcerò,10
lorico,10
maniace,10
tossinfezione,10
buonabitacolo,10
carotenere,10
supporter,10
genietti,10
boscato,10
fastigi,10
acchita,10
ratealmente,10
avion,10
caga,10
puntamento,10
antiscasso,10
culturare,10
superpetroliera,10
isam,10
capocuoco,10
leibniz,10
mezzojuso,10
nichelerò,10
aguglia,10
turchese,10
solvare,10
mozzandoglio,10
lambsdorff,10
stefanescu,10
stazzalo,10
millenovo,10
succhiaceli,10
montagnosa,10
barramo,10
destabilizzatore,10
cavase,10
epitome,10
gramolana,10
platinio,10
spectrum,10
mielomeningocele,10
rimarrere,10
zuavo,10
cavagnolo,9
panetteria,9
sparatone,9
corvini,9
ancilla,9
ringhiere,9
indignata,9
serina,9
serinare,9
concentramene,9
molfetto,9
jongbloed,9
potercela,9
maneggevolezza,9
nazionalisti,9
papaioannu,9
temettere,9
grembiulino,9
gutte,9
fanfanl,9
percosndere,9
qualifichino,9
masochista,9
autodistruttivo,9
copeco,9
mostrata,9
negativa,9
soffocatore,9
introducore,9
lattere,9
untuoso,9
troveremmo,9
mieli,9
dotalo,9
caliga,9
astrudere,9
policromi,9
scarpetto,9
scopò,9
obbrobrioso,9
impeccabilmente,9
copiativo,9
stanotte,9
conifere,9
arenamento,9
astraetelo,9
brien,9
risalgare,9
tubercoloso,9
eufemio,9
amerlcano,9
lealisto,9
avverere,9
pianismo,9
meravigliosamente,9
sferzato,9
decaderono,9
animalesco,9
convergevare,9
avverbio,9
manipola,9
assettare,9
monitoraggio,9
guardarono,9
meltino,9
endomisio,9
buontempone,9
danneggia,9
appaco,9
reliquia,9
asterisco,9
organizzaco,9
indoro,9
brigasi,9
radiofonia,9
rivuole,9
parcamente,9
preone,9
molecolaro,9
fisiologica,9
ionismo,9
assioma,9
speziare,9
trovinare,9
margotta,9
rendendoce,9
confinalo,9
sveno,9
indichino,9
elettrificato,9
benedice,9
istamino,9
1811,9
psicologio,9
regolatrice,9
brandente,9
fossòe,9
afflizione,9
antimeridiana,9
agnew,9
avutare,9
infranre,9
reverere,9
ensere,9
arcl,9
straripato,9
taunus,9
inconre,9
faloppo,9
improvvidamente,9
orientabile,9
vanguard,9
bambole,9
infilata,9
cooptar,9
ordente,9
camugnano,9
calanca,9
assurto,9
fervidamente,9
riflettento,9
assorbare,9
broccio,9
sindacalirre,9
orient,9
moderalo,9
ninfomane,9
ribaditere,9
minaccire,9
sngci,9
divoralo,9
rimodellare,9
mutagena,9
impostalo,9
prefissa,9
talamona,9
indaghere,9
dimissiona,9
mercere,9
sosaieta,9
statutaria,9
rioccupazione,9
centosetta,9
rivistere,9
impiegalo,9
manrovesco,9
razzirre,9
orina,9
alligno,9
troiana,9
cracker,9
animistico,9
gervasa,9
consultere,9
approdere,9
prammatico,9
guerreggiare,9
ornatore,9
borat,9
nnecessario,9
indecidere,9
estaing,9
consideratone,9
bronchito,9
enterico,9
vigogno,9
cogitare,9
moggere,9
sfracello,9
raccoltosi,9
ricevetti,9
interrogarere,9
ccomunale,9
uniscano,9
confermi,9
rilevo,9
pilitaca,9
provincia',9
iscrittosi,9
pudding,9
incorruttibile,9
assomigli,9
disgiunto,9
pecorellare,9
imposa,9
crii,9
sodalo,9
tetterà,9
cagale,9
smontano,9
indifedere,9
disperate,9
zerbino,9
latine,9
offendare,9
baslinl,9
menzognera,9
affabilità,9
teocratico,9
marques,9
colpirebbero,9
stuoie,9
magnifice,9
spuntavare,9
sottopongere,9
risolvevare,9
cocciuta,9
energiare,9
assire,9
fittile,9
signoret,9
lavoratrice,9
vennare,9
sciarare,9
viarigi,9
chiamandoso,9
sconsolatamente,9
augurandoso,9
daranno,9
destituigere,9
anticoli,9
cabalistico,9
resnais,9
lanetta,9
contraffare,9
spdre,9
rilasciataco,9
squarciato,9
mascherino,9
interrompevare,9
savane,9
ettora,9
frisi,9
delianuova,9
platense,9
pastrano,9
antelio,9
-'74,9
spaziozero,9
missilistica,9
sostitutiva,9
copeo,9
rifletto,9
mistificatrice,9
autoveicolare,9
carrarese,9
clarissa,9
documentatone,9
lamenta,9
astronautico,9
conoscer,9
uscivere,9
serpa,9
kazako,9
reca,9
primogenita,9
aiutace,9
nutrizionale,9
sociologicamente,9
intelvi,9
rigurgitare,9
prigionierao,9
proorio,9
giallorimore,9
minturno,9
borbona,9
configno,9
contigliare,9
garrire,9
0001,9
letame,9
priero,9
sconcare,9
serissimo,9
ombelico,9
novemilare,9
florilegio,9
fulvo,9
tedioso,9
resistettere,9
applauditare,9
efore,9
permetto,9
ghiande,9
giornalisticamente,9
scatenere,9
terrorizzante,9
condannandolo,9
trasparivere,9
attrezzatissimo,9
cincischiare,9
ventotena,9
scalfaro,9
benzino,9
strillone,9
diversificata,9
lajolo,9
reitare,9
funzionalizzazione,9
solvibile,9
battistino,9
ammirante,9
capireto,9
fluito,9
sitaazione,9
elie,9
sdraio,9
danneggerebbero,9
teodorico,9
savignano,9
barbozza,9
rimpiattino,9
anquetil,9
bioy,9
fantastice,9
msile,9
fungaia,9
stanziamenti,9
colatano,9
accelerata,9
corrispondessero,9
martare,9
appresi,9
nemici,9
rosire,9
java,9
usurao,9
manure,9
retato,9
immacolare,9
raggomitolare,9
mazzato,9
barbra,9
investita,9
ascriggere,9
pintura,9
intuì,9
incolumo,9
strumentalizzatile,9
arsito,9
restringare,9
arnico,9
agirebbero,9
filandario,9
chefir,9
scartabellare,9
scagnatiglio,9
eliporto,9
inveae,9
alatolare,9
bastonatura,9
colò,9
cogliessero,9
appesantere,9
osservabile,9
ricompensato,9
sinao,9
potresta,9
poncia,9
scaturere,9
conclusi,9
ricorrerare,9
proiettere,9
carillon,9
pellirore,9
esprimerre,9
disdeggere,9
uscirò,9
guardavalle,9
grammichela,9
infuso,9
rosariare,9
federconsorzare,9
garangere,9
sottogruppo,9
protestarere,9
influì,9
suscitarire,9
milazzese,9
bernesi,9
aziendalistica,9
sarmato,9
pacioso,9
comunicatività,9
cowboy,9
seviziato,9
comparva,9
opti,9
asciutte,9
frapposte,9
autobianco,9
capannolo,9
confessabile,9
accolsero,9
tinteggiare,9
vidare,9
scoprono,9
flessare,9
effigiare,9
rupestre,9
avara,9
giacobinare,9
manomissiono,9
elenchare,9
normare,9
mantenessero,9
accondisceso,9
ripeter,9
rapidissima,9
avventurosamente,9
inverecondo,9
accesamente,9
spentasi,9
immerger,9
arcuaio,9
riferentidere,9
rugginoso,9
fertilizzazione,9
sbornia,9
dispera,9
abbacchiato,9
riappacificare,9
faticosissimo,9
esercitarere,9
rinunciarere,9
combattentismo,9
adombrato,9
accorai,9
scalpitante,9
triathlon,9
eutera,9
rumorosi,9
1813,9
isotope,9
ittita,9
listar,9
risire,9
ergativo,9
bieticola,9
palagianello,9
perfezionismo,9
assumer,9
assodar,9
scalve,9
confederare,9
perioda,9
civilmenta,9
latrina,9
maturarsi,9
dccl',9
autotrasportatolo,9
lanoro,9
perpetrato,9
sopravvive,9
rimagsiere,9
stegole,9
ibseniano,9
pierfederico,9
tannare,9
personificare,9
quirinetta,9
pluviale,9
provvedessero,9
fgtb,9
pedere,9
esigua,9
raccontino,9
lattazione,9
risospingere,9
turpi,9
cesello,9
settecentesca,9
amabilità,9
tacchetto,9
aiolare,9
circoscrivibile,9
fonese,9
stra',9
evacua,9
tissot,9
atanasio,9
attue,9
colonizzato,9
abbattutase,9
afona,9
distorcente,9
varira,9
nascerebbero,9
arabiare,9
risapure,9
preoccupalo,9
lastroferratura,9
anobi,9
vespignano,9
sinbacale,9
nominerà,9
masato,9
accontentandoso,9
finaliste,9
cipollino,9
fruito,9
pretestare,9
delineatasi,9
tesserine,9
garantirebberare,9
guadagnao,9
canzonetto,9
pappardella,9
pispoli,9
portapacco,9
domandando,9
1069,9
potersene,9
1niziativa,9
bloccandone,9
adamantino,9
coassiale,9
mibistro,9
atrofia,9
anacronisticamente,9
ellsberg,9
pedula,9
ripeta,9
depositere,9
datogli,9
tintoretto,9
rinvenne,9
disertato,9
pillotto,9
ingannevolo,9
inconsolabile,9
piazzolo,9
sforai,9
butano,9
bendatare,9
figisc,9
stefere,9
ritorcare,9
avvocatesso,9
mirassero,9
feprel,9
standa,9
preoccupatone,9
4045,9
apprezziare,9
saggezzo,9
cricket,9
vicente,9
sacrifichare,9
ammiragli,9
restituìre,9
distraere,9
distruggire,9
discesismo,9
dotar,9
rostropovic,9
installatore,9
1563,9
troppa,9
ottere,9
favoreggiamente,9
ricerchere,9
condonato,9
atterrà,9
protratti,9
muscolatura,9
serle,9
imperiosamente,9
insopportabilmente,9
enterita,9
offrirto,9
conosciere,9
mummificato,9
vlce,9
accentua,9
moudjahid,9
interiormente,9
sonnecchiare,9
italianista,9
erari,9
populorum,9
mormorii,9
avendonere,9
verificherebbero,9
tonchio,9
zanussi,9
separo,9
vedersee,9
sconvolsa,9
inoppugnabilmente,9
portaelicottere,9
selena,9
bischetto,9
accortoso,9
pigramente,9
intreccare,9
abominevolo,9
commissionaro,9
mozzarellare,9
scendevere,9
25enne,9
volpino,9
sibillare,9
inchioda,9
rinviata,9
ingloriosamente,9
mornico,9
invischiato,9
ballerai,9
pamplono,9
estromessa,9
riesplode,9
denunciira,9
cigolare,9
transistore,9
sciacallesco,9
scalisa,9
vangare,9
canonizzalo,9
interprofesslonale,9
aumentire,9
bolge,9
caccamo,9
aratire,9
giungeranno,9
preziosissime,9
sterlino,9
ueello,9
prematurare,9
terralba,9
rifugire,9
rovino,9
aela,9
reprobo,9
afflitta,9
utrecht,9
spetteere,9
cataere,9
tematicare,9
brevettare,9
cardatole,9
rimasi,9
lando,9
cascale,9
baffere,9
abbandonale,9
forai,9
gridato,9
dissipano,9
intercettato,9
repubblichetta,9
riallineamento,9
deplora,9
ontj,9
giustificalo,9
setore,9
crostaceo,9
icono,9
assaltatore,9
bimotore,9
predoio,9
rotariano,9
nadir,9
violetto,9
lescaut,9
prescelta,9
vertano,9
sampietrino,9
imprecisi,9
estenderla,9
delizio,9
cairolo,9
sunta,9
dattilografare,9
morbosamente,9
terzinere,9
allivello,9
macherio,9
eritre,9
finalistico,9
epidermicare,9
migliarini,9
idolatria,9
alvarare,9
spensieratezza,9
compaia,9
accennò,9
rhodesianare,9
felico,9
solbiata,9
medesare,9
galimberti,9
sfolla,9
ravennate,9
severissime,9
rametto,9
creara,9
impercorribile,9
avventuristo,9
macroscopica,9
soprastante,9
veniano,9
eutere,9
originalo,9
agnesa,9
blaterare,9
ribadita,9
portomaggiore,9
fasulla,9
fiscalmente,9
makarios,9
ciacco,9
alberano,9
allontana,9
passivare,9
periplo,9
fronteggare,9
pazzare,9
altuccio,9
dimenticatolo,9
sussistevare,9
simulatore,9
ascidia,9
fumido,9
verdugo,9
flaei,9
biage,9
petrarchesco,9
violatore,9
sontuosa,9
pianurare,9
selliare,9
imbonì,9
larghetto,9
gianmatteo,9
italianizzare,9
sekore,9
incolpo,9
derg,9
contorta,9
autoaccusa,9
pcima,9
avvolgibile,9
aureliano,9
girastere,9
chetai,9
spigliare,9
foggiani,9
nascerà,9
sventagliare,9
illustrante,9
parvero,9
fordue,9
sciocca,9
referentere,9
tracico,9
giovar,9
ringiovanito,9
inoltrata,9
p5di,9
glieli,9
campiglio,9
bes',9
indorare,9
tenacere,9
carlona,9
sosterremo,9
avvitare,9
psicosomatico,9
psicoterapeutico,9
elettrolitico,9
deontologia,9
odilla,9
uccare,9
acrare,9
leggendolo,9
reimpiante,9
tredicesimao,9
etsy,9
federaco,9
sotteso,9
pestilenza,9
estimi,9
moioenzo,9
ritirò,9
consenziento,9
perdeere,9
mioso,9
stoicamente,9
trascorire,9
commodo,9
trascorro,9
errano,9
commiserazione,9
adrone,9
perquisizionere,9
rilevantissime,9
gonfiano,9
protraevare,9
bramosia,9
giunglo,9
-'60,9
ineguaglianze,9
utilizzandolo,9
lettiera,9
elasticho,9
1nam,9
savarin,9
separale,9
istrice,9
tergere,9
rugare,9
densio,9
schiavista,9
nobilita,9
appioppare,9
nonnulla,9
antipartigiano,9
fuggì,9
sudvietnamita,9
pubblicatone,9
accomunira,9
chinio,9
voivodato,9
impiccato,9
rendendone,9
guae,9
pensioncina,9
rinuncire,9
nasce,9
addestrativo,9
criticandolo,9
sparagnino,9
cronometrato,9
fubina,9
emetter,9
neretto,9
bilioso,9
apertissimo,9
dronte,9
balere,9
cavò,9
dolevare,9
sonnolento,9
dissenteria,9
cannobio,9
asindeto,9
teto,9
blandere,9
incedente,9
anelire,9
nielsen,9
deterioramente,9
figare,9
dicento,9
masnaga,9
pagamene,9
amasi,9
bermio,9
addensavare,9
sussulgere,9
bellocco,9
segnano,9
agrlcolo,9
usante,9
accoglibile,9
conformisto,9
schifare,9
portalore,9
ceraso,9
giumente,9
cornea,9
tenire,9
sorprendendo,9
cantasso,9
sceiccato,9
inoffensive,9
perseverante,9
gaverno,9
sonnolenza,9
mollezza,9
mandoe,9
centko,9
sedicenno,9
imbrodolo,9
ittre,9
luiga,9
mappamondo,9
maneggevolo,9
pasquetto,9
mostrarere,9
sublima,9
osammo,9
questurino,9
cancerogenicità,9
trasformativo,9
asportabile,9
ricostituì,9
erire,9
guarniere,9
marnare,9
trevico,9
checkre,9
coglio,9
imponendosi,9
gasi,9
furfante,9
troncatura,9
ripriro,9
erogabile,9
disdicevole,9
madrilenare,9
trame,9
consiglere,9
indagina,9
ministratone,9
inopportunare,9
kermessa,9
esaminatrico,9
belligerante,9
impedendo,9
doriana,9
pardon,9
rinvennero,9
natisene,9
ancoragge,9
muggine,9
ventiquattrenna,9
cocciere,9
impostata,9
proconsolo,9
assuefare,9
arduoo,9
capoufficio,9
scopar,9
presuntuosi,9
betulla,9
ingiuntivo,9
accaddero,9
galileiano,9
sbucano,9
sopraprofitto,9
opinala,9
ardica,9
creditizie,9
smentiscere,9
integrandolo,9
vispo,9
anticonformismo,9
approfondite,9
adogmatico,9
recepivare,9
paoluccio,9
giottare,9
libr,9
aumentassero,9
italianità,9
decaduta,9
esumo,9
morengo,9
promesdere,9
elessero,9
agnizione,9
quarantottoo,9
centrattacco,9
basao,9
aniacap,9
vasario,9
angero,9
iglenico,9
andantino,9
spegnendoso,9
merlato,9
piovasco,9
sinae,9
filotto,9
glenere,9
invee,9
alzabandiera,9
atreplice,9
dovamento,9
iniziaticare,9
prendendolo,9
uniare,9
delineavare,9
aziende,9
fervida,9
ribattezzato,9
riacquisto,9
diavoleria,9
servilo,9
datosi,9
rilevarere,9
impiantista,9
augustus,9
motocicli,9
condila,9
collia,9
vernalizzazione,9
offrirglio,9
artefallo,9
cabinato,9
runare,9
elettroencefalogramma,9
attorto,9
delle',9
riconfermiare,9
lupa,9
solgenitsyne,9
arditamente,9
filtat,9
esegese,9
reinvenzione,9
risposi,9
mossaglio,9
cenerentolo,9
interpolo,9
discretamenta,9
garibalde,9
spengire,9
speravano,9
assenta,9
coascit,9
fabbricae,9
ville,9
pianofortire,9
sidro,9
politologia,9
orride,9
stradine,9
matassare,9
acquieto,9
cisco,9
flttlpaldl,9
sorti,9
distillatore,9
eversivare,9
autoconsumo,9
rimanetere,9
antiabortisto,9
germinerò,9
geovare,9
stesurare,9
commercializzato,9
sipe,9
ipertrofico,9
abbiettivo,9
incostanza,9
grame,9
sonny,9
potrei,9
poltro,9
speculatone,9
giovi,9
rifiutira,9
respinti,9
aumentabile,9
mitchell,9
jamelia,9
zegart,9
rallistico,9
porsi,9
aprendolo,9
omnibus,9
grezzano,9
beatitudine,9
aggallo,9
trionfi,9
parapsicologico,9
inchiodato,9
balistrero,9
burriere,9
semestralità,9
agircisi,9
attributivo,9
ambulatore,9
1174,9
proporziona,9
oello,9
dovero,9
miniaturizzazione,9
alloccare,9
sapesserare,9
nitroso,9
cdl',9
traducevare,9
epanto,9
quattrucci,9
deteo,9
anticipa,9
sebastianelli,9
superaffollare,9
interisto,9
riproduca,9
omissivo,9
propongere,9
barbetta,9
aggravere,9
disomogeneità,9
butadenire,9
orientamene,9
stracco,9
attivindere,9
occaso,9
gheorghios,9
volpar,9
decentramente,9
1791,9
groppio,9
schieravare,9
lorino,9
mandorlo,9
longherone,9
itere,9
sarcasticamente,9
esuma,9
complicira,9
smarcatissimo,9
nichilista,9
sovietre,9
problera,9
1062,9
rivoltello,9
videocassetto,9
ostante,9
archivista,9
gradinare,9
statalistico,9
shanghaio,9
brindisare,9
presenterò,9
ugolo,9
monetariste,9
tagliira,9
civette,9
pianico,9
fusionista,9
azzoppare,9
fiondata,9
estivaglielo,9
circolarmente,9
statuaria,9
insegue,9
perchie,9
autocorriere,9
nobiluomo,9
tele,9
sauris,9
eprovengsere,9
carradore,9
istruii,9
elaborativo,9
interferere,9
creatidere,9
sminare,9
benra,9
raggiunge,9
divertendoso,9
tinella,9
gridere,9
satanico,9
statile,9
anatolio,9
esigono,9
contestatrice,9
fconte,9
infinite,9
autoarticolare,9
sottraggere,9
espa,9
donadone,9
sombrero,9
rateizzato,9
antidiuretico,9
ingratitudine,9
verticalizzato,9
nefanda,9
altoatesina,9
tiralo,9
secolarmente,9
liviare,9
larvare,9
tindemans,9
badalo,9
guaare,9
pastorizzato,9
nicene,9
ciufino,9
sconsacrato,9
fidaccgil,9
maturando,9
zagara,9
essente,9
panatta,9
ouattro,9
transistorizzare,9
chiedete,9
malfermo,9
questra,9
dialogato,9
gherminella,9
agamia,9
telemacare,9
gaussiano,9
mingre,9
megaton,9
orfana,9
appiano,9
crocerista,9
conservò,9
ritagliato,9
moicano,9
stupefacere,9
scalee,9
montenars,9
vlaemlnck,9
sfogano,9
apprettere,9
turni,9
ragazzata,9
ritardatario,9
waltere,9
tulipani,9
infruttuosa,9
significherebbe,9
detone,9
citabile,9
reclamistico,9
qualificatissimo,9
sgancio,9
cofinanziario,9
pronunciira,9
accordatagli,9
assonnare,9
1869,9
melisso,9
sapessimo,9
nascostamente,9
1857,9
convenzionalmente,9
scusi,9
mimetizzazione,9
anapo,9
amareggare,9
sentirme,9
sostenitrico,9
4700,9
favoleggiare,9
sottratgere,9
urtante,9
patia,9
smeralda,9
aggravamente,9
favoriscano,9
unisce,9
gremivo,9
calepio,9
vecchiaio,9
cecare,9
interrore,9
addestramente,9
cartegga,9
impietosire,9
concordale,9
elefantiaca,9
riappacificazione,9
comenso,9
comense,9
convenevolo,9
trigolo,9
filanca,9
dusanbe,9
incorrare,9
bachare,9
giunse,9
decapitato,9
gringo,9
divertirmo,9
divertare,9
ammicco,9
serrala,9
trapiantato,9
cirillico,9
permano,9
docce,9
carreggiato,9
ostraco,9
baudino,9
incanno,9
procurandoso,9
spartiscere,9
fascicoli,9
pernio,9
traslocare,9
rigoglio,9
pavarotto,9
aggiudico,9
addolora,9
etnicamente,9
diligenti,9
ripromettare,9
veronella,9
milwaukee,9
ciie,9
longitudinalmente,9
impeci,9
frisona,9
rocky,9
autentica,9
pirenaico,9
arrosse,9
sottovalutato,9
indicassero,9
pregiudico,9
situalione,9
rarefatta,9
catalogabile,9
appagato,9
iconico,9
manassa,9
luttare,9
gemano,9
idroponico,9
usurpatore,9
formarono,9
rubinetteria,9
effigio,9
pattugliamente,9
brooks,9
diluii,9
vallate,9
commilione,9
fattivi,9
riconoscendonere,9
itaha,9
arthurre,9
tala,9
segnala,9
opporrebbero,9
manifestandoso,9
decidicele,9
allegre,9
siriane,9
tape,9
ciangottii,9
monetarlo,9
insospettito,9
mediai,9
nicasio,9
ammonì,9
riflussi,9
popolarismo,9
arbizzare,9
fittiziare,9
mettendola,9
alacelo,9
chimone,9
adolescento,9
endrico,9
ministratila,9
evvivare,9
giralo,9
azaria,9
belligeranto,9
contira,9
ameni,9
influirare,9
primattore,9
gloriosamente,9
querce,9
chiederge,9
chung,9
sudcoreare,9
rappresentai,9
antipiegare,9
consolle,9
scapi,9
curre,9
deiezione,9
vincentisi,9
moralizzatrico,9
bamakore,9
federarono,9
bolotana,9
prezzolare,9
aerane,9
tomare,9
saboto,9
recife,9
chionsre,9
troneggiare,9
ignea,9
glada,9
avveniristica,9
brunito,9
frottola,9
glorificazione,9
riusco,9
caramel,9
graffire,9
prendo,9
pagheere,9
coltrano,9
modale,9
corica,9
paoline,9
areca,9
mancai,9
brontolare,9
inforcare,9
rubata,9
abitatore,9
concordavare,9
cogestire,9
eterodosso,9
previdenzo,9
resistevare,9
vignaiolo,9
bersaglieri,9
muscoloso,9
cesenata,9
pensale,9
saab,9
ricadre,9
bloccòare,9
cospare,9
arrestata,9
elisabettare,9
pionierismo,9
stasato,9
calasetta,9
scoppiavare,9
stridore,9
federbraccìante,9
sterminata,9
suscitarere,9
sposina,9
schierino,9
accadutare,9
linimento,9
arriverebbero,9
oberae,9
contiguare,9
valutire,9
rotello,9
tiritera,9
catramare,9
paraplegico,9
nomadismo,9
uispo,9
saresta,9
barroccino,9
crumiraggio,9
sklovskij,9
travolsa,9
univocamente,9
avallere,9
cornalire,9
sarp,9
decadono,9
brennan,9
garye,9
comanda,9
sersa,9
pyongyang,9
leorre,9
trinco,9
rasoterrere,9
strenua,9
rilevale,9
colleganza,9
astrolabio,9
contendevare,9
razionalistico,9
sparrere,9
filodrammatica,9
deco,9
sfuggivare,9
insulsa,9
carella,9
0991,9
romanina,9
piovevare,9
barlettano,9
mariarito,9
longonese,9
deponge,9
abbrivio,9
machiavellismo,9
rtce,9
aule,9
travolga,9
pellegrinaggo,9
compissero,9
extracontrattuale,9
schipare,9
tesero,9
eliminasse,9
controffensivo,9
antieconomica,9
caratterizzere,9
sappiano,9
indicae,9
basala,9
stampavare,9
gerardina,9
porcheria,9
godile,9
melbourne,9
datila,9
giulinare,9
cardiopalma,9
consollo,9
basiglio,9
sorniona,9
figliastro,9
rilancere,9
azario,9
cri',9
fontanazzo,9
duramere,9
celavare,9
squadrato,9
adalrico,9
lacrimo,9
empiristico,9
euclideo,9
elettrizzare,9
tuato,9
deragliato,9
riposa,9
rivoli,9
cosentinare,9
indolenza,9
panoramice,9
ometteve,9
pervenuta,9
vincolata,9
nascondendoso,9
agostiare,9
cherubini,9
pietistico,9
ammantino,9
furibore,9
blerare,9
berle,9
salisburghese,9
miracolistica,9
sanltaria,9
calandone,9
archiviato,9
alfasud,9
frapponevare,9
delegaco,9
etera,9
carnago,9
apuane,9
agilmente,9
scaltrare,9
concordalo,9
irradiamento,9
anticiclone,9
aeraco,9
porchetta,9
carezzare,9
abbaia,9
grippaggio,9
manfredare,9
poggiato,9
boicottato,9
lavoravo,9
1124,9
secolaro,9
inciderebbe,9
farabutto,9
cimar,9
zucchini,9
incorreggibile,9
geishe,9
impalmare,9
chiariscare,9
comunicabilità,9
inietti,9
sorridire,9
golfi,9
emessare,9
rivoltagli,9
sterilmente,9
nomadio,9
vienare,9
immaginativo,9
sciolgare,9
paranoia,9
dongiovanno,9
mossiere,9
migale,9
territoriare,9
sonnacchioso,9
venticello,9
fercolo,9
dovicio,9
messapico,9
moltissima,9
monitore,9
filanda,9
individuòre,9
pioto,9
miosina,9
cove,9
ippocrare,9
incongrui,9
sburocratizzazione,9
figliai,9
libanendere,9
levana,9
scapo,9
omogenea,9
disumana,9
tollero,9
svelre,9
compo,9
perquisere,9
dogliola,9
vitreo,9
gigetta,9
scardina,9
accampo,9
offrirebbe,9
indignano,9
lubriano,9
personalistica,9
esonerato,9
celebrale,9
irradiazione,9
sondino,9
parafulmina,9
foggere,9
scatolette,9
costrempere,9
marmaro,9
presumibilo,9
marroncine,9
lariane,9
sciaco,9
manovrano,9
ordinar,9
0110,9
sabeao,9
baldello,9
unisca,9
capico,9
sservizio,9
appronto,9
riesportare,9
gregoriare,9
incredule,9
informalmente,9
lenoro,9
paziento,9
mortone,9
ripiccare,9
gesticolare,9
presbiterio,9
cassaco,9
palatinare,9
lierno,9
gessare,9
striptease,9
contingenzare,9
piercare,9
crescer,9
sbigottito,9
rizzolare,9
fonder,9
meravigli,9
detenge,9
espatro,9
persone,9
ornar,9
dislocamento,9
centigradio,9
afganistan,9
morning,9
fanna,9
staccatosi,9
autocitare,9
formicola,9
danielee,9
enzimo,9
amio,9
chiameere,9
sottovalutatile,9
conterraneo,9
affrontiare,9
toglier,9
imperno,9
travolgenta,9
csata,9
dissotterrare,9
alimentale,9
adattato,9
mure,9
trillare,9
fenomenale,9
faleria,9
ebsestere,9
estovest,9
centosei,9
salile,9
beccaccino,9
assennare,9
mangialo,9
avvente,9
artrite,9
accusatoria,9
ingessatura,9
ceccone,9
intrattenevare,9
ruggerare,9
rovi,9
contingento,9
proceduro,9
contrapposo,9
policromo,9
anabatica,9
matissa,9
taipano,9
sabbiatura,9
pasquo,9
zaro,9
august,9
ammortamere,9
veco,9
traiano,9
piazzaforte,9
bacchetti,9
rallegramente,9
trent',9
democraticao,9
retrogradere,9
oradea,9
ristabilito,9
verificherare,9
provandone,9
merlano,9
negozietto,9
bagnoregio,9
rischieremmo,9
classisto,9
rapane,9
appago,9
pungo,9
straccia,9
bonariamente,9
turchino,9
stolido,9
alburno,9
restituibile,9
cardiocircolatore,9
saracco,9
carono,9
intende,9
ritardatrice,9
purgare,9
monotone,9
roare,9
riparbella,9
dimagrante,9
lamia,9
immersa,9
solato,9
barrasso,9
protetta,9
nefare,9
camomilla,9
appaiaio,9
lussare,9
sorveglianzare,9
contorcimente,9
ferrarare,9
convenivo,9
adoperalo,9
parra,9
sperso,9
ricorro,9
rubane,9
istrio,9
ronzare,9
tarabuso,9
osca,9
intervisione,9
affrontano,9
acquese,9
scrostare,9
classicheggiante,9
ricondottare,9
sovrapponire,9
pronao,9
minibasket,9
riequilibratore,9
riapparrere,9
bifora,9
tange,9
cialtroneria,9
dentistico,9
impesto,9
fluorescente,9
inquadrabile,9
trielina,9
rapportino,9
epigere,9
panche,9
spora,9
semifinalista,9
dimissionato,9
fanfaniano,9
formule,9
nozionale,9
f6ci,9
orcone,9
laburno,9
percorribilità,9
fabo,9
latinità,9
sottaciuto,9
incergere,9
deterre,9
turlupinare,9
toceno,9
segnino,9
novate,9
beccucco,9
corere,9
poseidone,9
tonfio,9
perbenistico,9
sussultare,9
succubo,9
atteni,9
fanfaniare,9
avresta,9
pretestuosi,9
mottetto,9
autodidatta,9
pallavolista,9
scavatrico,9
impanare,9
elaborere,9
condròo,9
centosessanto,9
circolarere,9
ammontino,9
processore,9
disegnira,9
onerato,9
manierato,9
perdile,9
accovaccio,9
torres,9
indiane,9
etruschio,9
vignola,9
contraito,9
krennikov,9
rimbaud,9
amene,9
trovarto,9
reticella,9
partiko,9
prosciolta,9
interclub,9
buonissimo,9
papillon,9
attesta,9
sveltezza,9
distalo,9
bischere,9
riffa,9
marosi,9
definita,9
fornitissimo,9
corino,9
genare,9
riolo,9
angolanare,9
grottare,9
precedevano,9
soriare,9
pomodorare,9
farinato,9
ghirbo,9
infastidito,9
ascisc,9
supplemente,9
ricordòre,9
modificandolo,9
inviavare,9
ferendola,9
gioir,9
concordala,9
benedica,9
processai,9
scartato,9
laboriosissimo,9
ridore,9
valcareggl,9
penitente,9
rimproveravare,9
investente,9
sinatra,9
ammuffito,9
esacerbato,9
impavido,9
equilibra,9
quarantanove,9
brure,9
brigitto,9
carnicino,9
infro,9
vaiano,9
dominatrico,9
schierere,9
intollerabilmente,9
viveri,9
biposto,9
bibliografica,9
dottrinare,9
ligonchio,9
challenger,9
decorrente,9
liono,9
mulinello,9
invitandolare,9
latico,9
accozzaglia,9
bluffare,9
proemiare,9
caracollo,9
sigaro,9
donar,9
plastificare,9
relatine,9
maletto,9
respiratoria,9
scapecchio,9
paraocco,9
cosentare,9
dermare,9
inattendibilità,9
bubbolo,9
centralistica,9
gonnesa,9
giusa,9
peloponneso,9
fubine,9
fiocchi,9
fanfaronare,9
trinciare,9
novale,9
villesse,9
opportunistica,9
partis,9
piva,9
convincerme,9
20enne,9
travamento,9
osamo,9
propiziatore,9
scapigliato,9
completamene,9
pasca,9
salvifico,9
depura,9
tonato,9
seinfeld,9
demiurgico,9
lavoisier,9
savonarolo,9
braulio,9
faln,9
quadruccio,9
ambrosinare,9
noceto,9
mungitura,9
esaminatrice,9
egressivo,9
seterio,9
interpellatece,9
traffica,9
radiografare,9
solfuro,9
carceriera,9
fatui,9
tondello,9
federatimico,9
adista,9
fonogrammo,9
ferinare,9
sottocorrente,9
cupra,9
suvannafuma,9
furibiro,9
tettoie,9
ildare,9
limma,9
compagni,9
salvaguardano,9
conurbazione,9
deviazionisto,9
tattere,9
consuelo,9
salinare,9
chiarella,9
malissimo,9
apostare,9
invernico,9
enalc,9
significo,9
richiestogli,9
postulo,9
aeronauta,9
ventenna,9
intarlato,9
procedi,9
commendo,9
diodo,9
statica,9
lecite,9
crocifissione,9
martinengo,9
sorbo,9
triomphe,9
gertrude,9
novalis,9
riacquista,9
moderre,9
produciro,9
savano,9
frascone,9
civitavecchiare,9
rischino,9
campaniare,9
esula,9
mauroy,9
superminimi,9
ghilarzo,9
salernitare,9
suoirl,9
spezio,9
finam,9
carciofe,9
refrigerante,9
bareggio,9
inumanità,9
cinquantun,9
siriani,9
sfatano,9
porcella,9
induista,9
polesella,9
esprimano,9
exel,9
autofago,9
damascare,9
mordine,9
insicura,9
snidato,9
sgherri,9
santoro,9
uidio,9
transumanza,9
lomagna,9
guardante,9
pletore,9
adempa,9
vorranno,9
sotterfugi,9
quercine,9
acquartierare,9
mensola,9
elazione,9
emisferico,9
illuminavare,9
scoprendoso,9
idrotecnica,9
ortonare,9
rabbiare,9
ottagonale,9
unicene,9
staziona,9
allare,9
chiedendoge,9
concelebrare,9
paralo,9
battistare,9
valile,9
parafrasando,9
risponda,9
criticai,9
ilenare,9
monofita,9
liberatidere,9
occupar,9
pantalonificio,9
sydne,9
ninnole,9
partecipao,9
specillo,9
cagliaritere,9
solgenitsyn,9
coiti,9
catignano,9
elettrolisi,9
nociuto,9
accurata,9
neoclassicismo,9
boriato,9
incute,9
guazzarono,9
profumeria,9
ufficiae,9
elenchere,9
pubblicala,9
romee,9
disorganica,9
olgainiziazione,9
sovico,9
gammata,9
professino,9
individuino,9
sintetizzabilo,9
michetto,9
vedevamo,9
sterlingre,9
dibattio,9
organizzaazione,9
acquaio,9
amataco,9
professionalizzante,9
crocchio,9
ginnare,9
batterare,9
boccato,9
apprezziamo,9
cresi,9
amatrice,9
riparti,9
ben',9
erudire,9
scorro,9
stereofonicio,9
ginnasticare,9
rezzato,9
ariete,9
pensiamo,9
qua'e,9
gallarato,9
leggiadro,9
eccentua,9
arizonare,9
deutsche,9
compitamente,9
contorcere,9
scortese,9
esarca,9
terrebbero,9
contribui,9
paracadutato,9
bastiana,9
richiama,9
zoff,9
ionizzazione,9
bittato,9
prigionio,9
roboante,9
apprezzarere,9
realizzatase,9
abradevo,9
terrena,9
gioito,9
ripostare,9
raffare,9
psicologiare,9
oroscopo,9
tarragona,9
miasino,9
planetaro,9
spato,9
briccarello,9
avverrere,9
strumentalizza,9
ripulso,9
settaria,9
preferirebbe,9
firmale,9
precone,9
rosalino,9
efficientissime,9
giudicabile,9
raparto,9
accludo,9
glicol,9
impugnabile,9
aito,9
ostacola,9
fiberglass,9
svi',9
esserò,9
bisnonne,9
paciano,9
pascola,9
stolida,9
ronzone,9
esterna,9
areato,9
intenzionalità,9
traviato,9
cortesa,9
peone,9
giardinetta,9
greppia,9
nicodeme,9
elsensteln,9
gaston,9
reimpostazione,9
nanere,9
selleria,9
stramba,9
teista,9
inferocito,9
funio,9
ammano,9
rotolamento,9
direbbe,9
cadillac,9
mullah,9
disperala,9
mancamento,9
associalo,9
dintornio,9
ponendo,9
zoofila,9
plesio,9
pronunceranno,9
caslare,9
siparietto,9
vettere,9
suadente,9
mascheramento,9
beccalo,9
sprovincializzare,9
proibitire,9
punko,9
palmente,9
distrae,9
assuefatto,9
cestone,9
stufi,9
eurosia,9
percossi,9
consentile,9
cila,9
letalità,9
eustasio,9
oboi,9
compiire,9
stereofonia,9
abbigliamengere,9
gioano,9
gargallo,9
cistere,9
leggibilità,9
mercificato,9
cangio,9
trapanazione,9
ardii,9
risposte,9
cocca,9
smisto,9
asserto,9
lavorao,9
conciglio,9
attenta,9
festaiolo,9
bastogne,9
flnocchlaro,9
canina,9
lorenzano,9
atterare,9
posanto,9
milord,9
fruite,9
usaid,9
sillogismo,9
dorotei,9
abili,9
terzomondisto,9
potter,9
tontare,9
bevitore,9
morder,9
verace,9
lesine,9
opimo,9
mercificare,9
salernitere,9
montgomeryo,9
modero,9
cossero,9
mossi,9
allega,9
vlsentlnl,9
colobo,9
sannitico,9
usufruì,9
ritornante,9
san',9
rubalo,9
pentapartito,9
mutalo,9
celte,9
educo,9
sopo,9
tramante,9
paglierino,9
depostare,9
caire,9
poliziotta,9
natte,9
dovimeneko,9
copiosissimo,9
inflatire,9
scolarizzare,9
inizi,9
contusi,9
parlamenti,9
assessora,9
scale,9
riderre,9
cano,9
cvii,9
ridicole,9
corrire,9
collegiata,9
nitrire,9
faoorza,9
asismico,9
ululo,9
blancazzurro,9
glandi,9
pernione,9
testimonio,9
sviluppalo,9
mangiona,9
inalala,9
manno,9
staccatidere,9
distaccata,9
delirato,9
funzionamelo,9
stallare,9
lnterslnd,9
duinare,9
prius,9
vis',9
interscuola,9
teng,9
iolla,9
pompeiare,9
esili,9
strepito,9
membrana,9
antipasto,9
questionare,9
orientire,9
banksy,9
conquistale,9
criceto,9
casse,9
temile,9
conquiso,9
stilla,9
cimerà,9
vanninare,9
teleobiettivo,9
cruno,9
aiop,9
chiarugi,9
filologi,9
macellerio,9
indentare,9
professionistica,9
cpp',9
luteare,9
snelle,9
prota,9
looping,9
centottantao,9
purchessia,9
fuse,9
ritrattamento,9
tornolo,9
fretilin,9
fulminee,9
triennalità,9
disseccare,9
impresta,9
falangisto,9
camillare,9
ansiolitico,9
elisione,9
caforio,9
dicerio,9
raglan,9
alerare,9
paccheggere,9
gassmanre,9
aspiro,9
inamidare,9
cafra,9
ripulito,9
consulre,9
volizione,9
crucci,9
inocchialo,9
imbandito,9
bigiotteria,9
reimpiegare,9
risultao,9
postillo,9
oraziare,9
sparviero,9
riqualifico,9
vediamonere,9
ecceller,9
spandente,9
scolastici,9
bidona,9
asiare,9
atenare,9
liebknecht,9
sterrare,9
bulletto,9
carrillo,9
restioo,9
eroi,9
staggio,9
sarmedere,9
7615387,9
gotta,9
pentolere,9
bustaio,9
novantanno,9
igienista,9
gluma,9
ollolai,9
arditare,9
aride,9
ortografia,9
sottovuoto,9
antireligioso,9
sconvolgare,9
eccomo,9
staliniana,9
fcci,9
franciscare,9
lavagnare,9
realizzar,9
capireparto,9
morterone,9
dilibro,9
importame,9
plantare,9
militino,9
libatore,9
concessore,9
luigiare,9
filancare,9
comparrere,9
ermeta,9
chirale,9
cansa,9
raggruppira,9
tombala,9
clanclmlno,9
sopoma,9
venano,9
persano,9
rerum,9
emacia,9
rinnovazione,9
musicalo,9
consultale,9
rocard,9
maharani,9
falangismo,9
arzene,9
sabbere,9
dopi,9
feco,9
craft,9
capomastro,9
burundi,9
insulse,9
odierai,9
noio,9
foderato,9
assister,9
errace,9
instante,9
barala,9
tutelio,9
cassetti,9
fossilio,9
empireo,9
sericolo,9
confitta,9
deferente,9
farmacologo,9
sbaraccare,9
avetemelare,9
testino,9
comunella,9
biturgi,9
insozzare,9
precocio,9
torna,9
neoeletta,9
adempio,9
malaccorto,9
dell3,9
imputo,9
esibendoso,9
racca,9
rabeca,9
sottacera,9
tonacone,9
osteggiato,9
vincee,9
regolamenta,9
cepre,9
rischia,9
scorge,9
solvaye,9
percola,9
concentrire,9
puntualizzato,9
bros,9
acquiescente,9
curatrice,9
incertissimo,9
apula,9
datrice,9
imboirì,9
1063,9
giroletto,9
ruttore,9
airole,9
bacala,9
calanchio,9
bearzot,9
fotogrammetrico,9
insede,9
conferenziere,9
convinsero,9
sociopolitica,9
plumbeo,9
librarlo,9
istituiscere,9
sperduta,9
temùpo,9
snervare,9
asperrimo,9
prago,9
stoppo,9
gavi,9
perdizione,9
sceneggialo,9
ginna,9
deliberale,9
calciomercare,9
adeguazione,9
triggiano,9
alcise,9
impeditivo,9
preriforma,9
carlare,9
telefestival,9
centrar,9
sarsina,9
cavalleggerare,9
ampelio,9
speme,9
indicandolo,9
maratonino,9
consegua,9
dadaista,9
sensibilizzato,9
mariane,9
pleura,9
enucleazione,9
mahagonny,9
aullo,9
25000,9
fermire,9
terzomondista,9
linotype,9
balbe,9
porpetto,9
insabbiatore,9
ramino,9
fieristice,9
induci,9
pavoniere,9
oralità,9
pancreas,9
stracotto,9
crostare,9
enkl,9
anici,9
neodiplomato,9
premiata,9
fotografato,9
rarre,9
urano,9
torrefattore,9
castrone,9
annidar,9
manganese,9
disciplinere,9
riportalo,9
opporto,9
ghelderode,9
adorano,9
urtale,9
florio,9
madrina,9
favonio,9
ferir,9
mezzato,9
cubilotto,9
struggimento,9
battine,9
razionalmenta,9
onagro,9
bollore,9
lecita,9
capoccione,9
giovannetti,9
stockwood,9
antivirale,9
stivaletto,9
soffiano,9
telexre,9
elidila,9
acciacca,9
sannite,9
gemmano,9
premente,9
urbinare,9
visitazione,9
relata,9
angoscianto,9
riproporrere,9
decidilo,9
immolo,9
mussare,9
utili,9
fervevere,9
libeccio,9
carnio,9
scrivano,9
eripare,9
sagliere,9
arinere,9
infertare,9
correttore,9
torrile,9
consegnale,9
magnaccia,9
astiosa,9
cellule,9
giponanì,9
woolworth,9
bisesta,9
irrigabile,9
visitatelare,9
dorale,9
allumante,9
sovrasta,9
infischiandosene,9
ulano,9
galvanico,9
supeere,9
scarnare,9
ranellare,9
provocatoriare,9
autoscuola,9
iconare,9
enuclea,9
mazzettino,9
bigame,9
arbuto,9
guardatelare,9
lerico,9
straordinari,9
gagliarda,9
veccia,9
largha,9
clementino,9
guare,9
camolo,9
caravare,9
vaneggiare,9
tentamento,9
carline,9
sogepa,9
pennolare,9
fratini,9
wyoming,9
fondisto,9
ipso,9
necessire,9
borsaiolo,9
medino,9
nocciole,9
fontanina,9
sopporto,9
svecchiare,9
inasterò,9
staccatasi,9
fiorere,9
pausania,9
faedis,9
adibì,9
arrostire,9
consigliai,9
adirebbe,9
definirò,9
azionai,9
obiettale,9
ucrio,9
ghilarzare,9
2021,9
cicere,9
darai,9
sinistrai,9
margaret,9
muoia,9
parascolastica,9
sutro,9
indoggere,9
statole,9
posala,9
sani,9
riproponare,9
audrey,9
spondare,9
granitico,9
dcix,9
pinto,9
mote,9
ponile,9
parodiare,9
politihoè,9
fissalo,9
acciso,9
eneide,9
partecipazioni,9
astraere,9
fecondere,9
scivolato,9
iule,9
galluzzo,9
tegere,9
arcacciare,9
gaffa,9
soldatine,9
aziendalmente,9
ministratile,9
amminica,9
varianta,9
masseso,9
antisommergibile,9
destina,9
chiaroscurale,9
erpete,9
microcitemia,9
tendopole,9
saxon,9
spaziante,9
calatafamo,9
follemente,9
esedre,9
sodi,9
autocore,9
fiorentinare,9
diressi,9
statizzare,9
battericido,9
ghiandone,9
inattualità,9
sbottone,9
diallelo,9
artigiana,9
gazzettiere,9
votassero,9
eosina,9
congelandolo,9
sovrapponibile,9
1040,9
colligiano,9
picenare,9
martelletto,9
aviolineo,9
provantisi,9
amorfa,9
appie,9
ipogepi,9
rabbrure,9
pescatola,9
casseforto,9
decimane,9
insistette,9
destinabile,9
linguella,9
autotrasportatori,9
estinguer,9
ites,9
turchendere,9
marsciare,9
loffa,9
chiaravallo,9
carbonaro,9
palustre,9
slalomisto,9
incertere,9
ferrifere,9
moradei,9
custonace,9
realizzinore,9
modi,9
piccardare,9
avvilo,9
granula,9
casalbue,9
girazione,9
cocchio,9
arsenalotto,9
lavagnine,9
cangiano,9
infir,9
scinte,9
soccavo,9
risvolti,9
idrosanitare,9
pitigliano,9
eira,9
nespoli,9
castiadas,9
urquico,9
calandri,9
infreddolito,9
asic,9
montecatine,9
ribadisco,9
termoregolazione,9
verruca,9
teleramare,9
modellista,9
gaudenzia,9
pratovecchio,9
solfifero,9
steccone,9
rieletta,9
0721,9
analitica,9
preavvisa,9
cavai,9
saggiace,9
asticciola,9
baruffo,9
marginandolo,9
sorde,9
15x30,9
cotonella,9
pastell,9
branchia,9
intossico,9
minialloggio,9
bhamdoun,9
esondaci,9
cipollare,9
rregionale,9
particolarissime,9
principia,9
regolamentato,9
premila,9
sagrestano,9
paestumre,9
borseggiatore,9
petento,9
caracciolo,9
vagoncino,9
patentino,9
definir,9
mitria,9
preconfezionare,9
katiuscia,9
impunte,9
extraospedaliero,9
riavvio,9
scomodere,9
plumbea,9
concordarere,9
consideriare,9
ansimante,9
polipo,9
liquefar,9
comunichiamo,9
peretola,9
ghettizzare,9
circolaro,9
durale,9
valva,9
lesino,9
gonfalonieri,9
tonaca,9
rotato,9
burare,9
abadir,9
corroboro,9
silico,9
rispandere,9
volterrere,9
lignificherò,9
canestrai,9
gugliare,9
mammola,9
fifona,9
gemini,9
braciola,9
arzigogolo,9
vallermoso,9
ventitremila,9
blesi,9
mendico,9
omene,9
scurito,9
nervatura,9
sagria,9
insidio,9
fonazione,9
laureto,9
assen,9
boracifero,9
clorurato,9
parleere,9
pagliolo,9
progettisto,9
veruda,9
brocchino,9
suggerite,9
cocchi,9
inserari,9
semaforizzazione,9
bassette,9
robertsre,9
eurosport,9
partendo,9
condonerai,9
rimoto,9
ristagna,9
igmi,9
appagante,9
acquee,9
congelata,9
ranci,9
cartelletta,9
alembert,9
menandro,9
ambosesso,9
anticontrabbare,9
codirosso,9
monsummano,9
esogamo,9
bairo,9
tramonterò,9
sidercomit,9
filandola,9
wirnsberger,9
yeti,9
p-38,9
lila,9
ambretta,9
anacna,9
popangelov,9
euteco,9
saig,9
pioneer,9
ingressi,9
cipes,9
vitone,9
vesu,9
luxem,9
lavastoviglia,9
prepensionamente,9
abbarco,9
mejerchold,9
divinatoci,9
adagiano,9
palkrmo,9
pastetta,9
arenatolo,9
isnello,9
njivice,9
triaca,9
sidalm,9
donvire,9
tovagliati,9
uncinerre,9
sopracopertare,9
motocoltivatori,9
villepreux,9
canapone,9
castellam,9
bimetallico,9
preannunciavare,8
accusere,8
usuraco,8
tavolozza,8
mercouro,8
facchini,8
prolunghere,8
irruppero,8
incoltare,8
afferii,8
cruyff,8
posticino,8
sommosso,8
giachio,8
anticolonialisto,8
solenire,8
zoom,8
infranti,8
siringere,8
modellistica,8
visibilio,8
fiorettista,8
svagato,8
artigliare,8
consigliato,8
ecclesiologia,8
basalto,8
profitta,8
macchio,8
sintomatiche,8
dissocare,8
proconsola,8
giov,8
durarere,8
ondulazione,8
gioele,8
andreinare,8
pinter,8
cardiaca,8
dirai,8
fulto,8
sturm,8
rudiano,8
paternallsticamente,8
vistase,8
circondato,8
presldente,8
aggiunso,8
diplomazio,8
realtare,8
condolere,8
capillarmenta,8
radiotelefonico,8
sparassa,8
carmelina,8
ugore,8
inserendolare,8
voterare,8
antartida,8
animai,8
andrata,8
nascondino,8
zeta,8
preoccupere,8
intessuto,8
coniugere,8
prodo,8
inficio,8
intorpidire,8
spesse,8
teleguidare,8
cerchietto,8
solertere,8
tallio,8
lamentoso,8
valendoso,8
quoti,8
fiordo,8
interparlamentario,8
alvinare,8
comicamente,8
sago,8
equipollente,8
premeditatamente,8
falbo,8
tassametro,8
movimentatissimo,8
comunicata,8
polleria,8
supernazionale,8
ciance,8
golan,8
preferirebberare,8
coopercredito,8
ambata,8
riprender,8
molecolario,8
evoluzionismo,8
stranare,8
nall',8
comprometterebbero,8
caddi,8
lottar,8
leonino,8
sacrilego,8
vasetto,8
pisside,8
osalo,8
bemolla,8
irreparabilità,8
extraterritoriale,8
adopere,8
sguazzare,8
svio,8
rivoluzionaria,8
pan',8
cubicolo,8
agramente,8
quadruplicato,8
iricare,8
canberra,8
pedonalizzare,8
bongusto,8
sancivo,8
anenire,8
agrodolce,8
pullaro,8
bottiglieria,8
terruggia,8
osre,8
guercino,8
antiriflesso,8
shoccare,8
portoricani,8
compero,8
smaccata,8
tupamaro,8
drande,8
barrire,8
cocollo,8
ideò,8
weissmuller,8
thunderbird,8
dien,8
bien,8
cabrao,8
rimandano,8
aciscolo,8
perle,8
confuta,8
aramaico,8
impartere,8
gliomi,8
cicchire,8
intagliare,8
pregiudichino,8
adeguandoso,8
avvenir,8
corrasione,8
compendo,8
mucchietto,8
marriott,8
bacerà,8
schwarzenbeck,8
ammorbare,8
ifigenia,8
organizzatissimo,8
olecrare,8
brindi,8
perspicuo,8
semiana,8
semiano,8
sregolato,8
donen,8
dosimo,8
tipica,8
sarabando,8
mangiante,8
buddusò,8
nerudo,8
giubbare,8
consegnere,8
scherzetto,8
zigano,8
acconcio,8
assicureranno,8
rondonere,8
elusare,8
albana,8
perfuso,8
rabicano,8
merolo,8
precettivo,8
ellsworth,8
conserve,8
abbandonirò,8
operano,8
avvertilo,8
turere,8
pentagramma,8
venerato,8
straniera,8
ferroviaria,8
estimativo,8
affermavano,8
tripartizione,8
firmai,8
emiliere,8
coinvolti,8
protagonisto,8
andremmo,8
rezzare,8
concorrevare,8
salutere,8
evoca,8
messolo,8
ponendole,8
sonico,8
nauseare,8
moltiplicato,8
capato,8
rivendare,8
crocere,8
costerebbero,8
filca,8
salutato,8
turner,8
immaginaria,8
ingurgitare,8
corrompio,8
semidistrutta,8
1036,8
quadrettato,8
sanfedismo,8
popolino,8
pillaci,8
acuivo,8
farcire,8
julius,8
sciocchio,8
pasticciere,8
lottavano,8
induco,8
trite,8
inesigibile,8
stolo,8
ferencvaros,8
distruggetere,8
usurpato,8
pacherò,8
torrentizio,8
olierare,8
maglinare,8
pinguino,8
clorato,8
ammaestratore,8
lacoro,8
spedalizzare,8
decodificare,8
cintale,8
7iel,8
accostato,8
tupamara,8
amarillo,8
capiscere,8
curtis,8
fiaccolare,8
caucasico,8
ragiere,8
tiraggio,8
manualistica,8
deturpato,8
arenarto,8
mediocrie,8
apprendevare,8
incominciato,8
binassa,8
delira,8
ossigenato,8
deodoranto,8
eiaculai,8
giocando,8
diire,8
monteporzio,8
casape,8
amaseno,8
arpare,8
sgurgola,8
magliare,8
roccagorgare,8
ponilare,8
cometare,8
scacciato,8
spettacelo,8
tecnocrate,8
giunire,8
-'73,8
rischiatutto,8
defenestrazione,8
3uello,8
salnitro,8
dimensiona,8
azalee,8
scelga,8
incardinare,8
sintomatire,8
sardi,8
stipetto,8
riguardassero,8
intonso,8
ventoe,8
capiamo,8
gardello,8
schermì,8
caparbia,8
tecnicistica,8
marxiana,8
arcuare,8
munizionamento,8
timare,8
camst,8
ossigenare,8
prosperoso,8
intrigante,8
ritornarere,8
vanteria,8
giornio,8
tuttosport,8
thanos,8
east,8
crociane,8
abissino,8
restituiscere,8
astenendoso,8
tomsco,8
liquidabile,8
trasmettevare,8
becerro,8
presee,8
macqueen,8
rivoltogli,8
traspaiere,8
definendosi,8
trentenno,8
intaglio,8
infocare,8
penetrano,8
autodistruggere,8
immunologia,8
processionaria,8
panaro,8
definiscere,8
sollecitate,8
mostare,8
paurosi,8
1610,8
socialistico,8
ripieno,8
gelignite,8
sottintesa,8
guardassere,8
bassanese,8
degasseranno,8
lake,8
balleraio,8
simpaticamente,8
enofila,8
chitarrare,8
figliae,8
arnio,8
ssegretario,8
venutendere,8
provocherebbe,8
gloriale,8
pinnare,8
obiettino,8
popola',8
irrisorietà,8
campanino,8
rincorse,8
nira,8
temila,8
cinquetto,8
architare,8
immigrale,8
tarata,8
sui',8
renderai,8
guerriere,8
vagabondaggio,8
collocire,8
prediletta,8
quattrocentista,8
logare,8
risparmiato,8
approfondisco,8
avvallamento,8
fissala,8
macaco,8
schulza,8
invitalo,8
disdegno,8
titanico,8
dibaggere,8
intensissima,8
tubicino,8
vitaminico,8
senega,8
registrarere,8
modificandoso,8
giudicandolare,8
cortire,8
tenute,8
realizzarere,8
distravere,8
straorzo,8
profumatamente,8
accapigliare,8
rin',8
cunei,8
cominciassero,8
cgil-,8
ronfanto,8
ponevamo,8
immore,8
cucilare,8
parl,8
stimante,8
avvertivamo,8
orientamelo,8
travolti,8
consca,8
introdore,8
libi,8
'onu,8
bellicistico,8
aggiungeremmo,8
abelardo,8
risponderò,8
interporre,8
rupia,8
21enne,8
mescita,8
sott',8
acculturale,8
imbarde,8
letteraria,8
predigerire,8
odorino,8
protrazione,8
latinoamericanare,8
itcantro,8
idit,8
gbce,8
burletta,8
affettazione,8
termostatico,8
incisere,8
pezzetta,8
piacevolissimo,8
regimare,8
biottare,8
cheroe,8
transfuga,8
solingen,8
diciassettesima,8
indomire,8
guardiamoci,8
produttivismo,8
retrattile,8
aleere,8
bugnere,8
offre,8
distrarrere,8
deperibilità,8
catecù,8
ammaraggio,8
bogare,8
litografico,8
neurologi,8
euganeo,8
coi',8
laotiare,8
abreazione,8
phnom,8
cuceglio,8
plebiscitariamente,8
olivettare,8
ollywoodianevere,8
wagner,8
impoverere,8
avicoltura,8
ghirlanda,8
ritirassero,8
clina,8
usti,8
armane,8
rifornere,8
dumoulin,8
fortunatissimo,8
rivendicai,8
suggestire,8
cominciasse,8
noteria,8
lucrosissimo,8
sciola,8
attuino,8
reggevere,8
poliomielite,8
inserendo,8
acoria,8
pispolo,8
ambientata,8
scottere,8
uscono,8
marsalese,8
amichetta,8
replichere,8
aureola,8
divisibile,8
manipolatorio,8
stabilisca,8
arcetro,8
ctpe,8
annunciò,8
formulalo,8
condente,8
vincessero,8
incollerai,8
forasta,8
bing,8
sottolineano,8
fidana,8
infima,8
lucrativo,8
quantare,8
gastrointestinale,8
venosta,8
smagliare,8
bunkeraggio,8
proibizionismo,8
sardina,8
colossi,8
ruspo,8
palaco,8
inimico,8
acefalo,8
divertitemene,8
misurino,8
pascaliano,8
smente,8
geto,8
modifichere,8
demolitrice,8
3ono,8
covavare,8
gragnola,8
bocciodromo,8
stasare,8
embo,8
divorzia,8
arviso,8
defecato,8
ansarvisi,8
mutasse,8
tabacchifico,8
avvengire,8
costantiniano,8
mezzosoprano,8
accoramento,8
focus,8
tecnopatia,8
carotide,8
nervosi,8
italiacna,8
ricorra,8
riapparizione,8
osservo,8
servizievole,8
spudorare,8
ferrovierare,8
convocatone,8
rapsodia,8
insuperato,8
cosina,8
menò,8
indirette,8
trasmessogli,8
filceacgil,8
apodo,8
qualificandola,8
bili,8
forzista,8
irpeirf,8
1804,8
costringerebbero,8
scorribando,8
proposi,8
novazione,8
reputo,8
vederla,8
csm',8
antifecondativo,8
volgarizzazione,8
fallalo,8
sminamento,8
pietralata,8
senilizzazione,8
sproloquio,8
ricostruìe,8
franklin,8
cocchiere,8
scifo,8
sgretola,8
minimalistico,8
azteca,8
aggravandolo,8
mailer,8
svenimento,8
adempe,8
varnare,8
bombardo,8
fatali,8
200000,8
sottilissimo,8
istruivo,8
erodi,8
quartararo,8
anticipio,8
fotre,8
apportatore,8
ghetta,8
martellata,8
beacio,8
drapiare,8
interruppero,8
contestatilo,8
pienotti,8
mediocri,8
volenterosa,8
assolatamene,8
proposo,8
fnsl,8
implichino,8
pognana,8
chiamantese,8
soriso,8
esaurita,8
crossimo,8
chopinre,8
tromboncino,8
gnomico,8
apologetica,8
pregustare,8
controparre,8
godrebbero,8
licenziabilità,8
guerrigliere,8
alimentavare,8
controproducere,8
urgentissime,8
segantino,8
detentrico,8
ricattato,8
ises,8
aguzzar,8
listanti,8
stoccatore,8
giudere,8
sorreggare,8
burri,8
veristo,8
sbirciare,8
vernacolare,8
reclutatore,8
intendiamo,8
procedevano,8
rivalse,8
convitato,8
trappeto,8
ramonare,8
cefale,8
rawalpindo,8
recatendere,8
cancellabile,8
concludiamo,8
solitaro,8
molte,8
giuseppare,8
disfida,8
antifascedere,8
decidevare,8
approviare,8
esalta,8
ibisco,8
appendicite,8
fossò',8
sottogambo,8
meritoriamente,8
diserto,8
apartiticità,8
luttio,8
breton,8
1792,8
glottologia,8
oppenheimer,8
distinsero,8
fiorai,8
agogno,8
portastrumente,8
tripletto,8
caparbiare,8
violenzo,8
chiudire,8
lunino,8
sfotto,8
sborsato,8
occhione,8
favoritissima,8
aace,8
incontrarre,8
cassiate,8
collocasse,8
somalio,8
appiattigere,8
capisquadra,8
provar,8
mongola,8
apparsil,8
appresa,8
endo,8
ramno,8
mammine,8
dopoché,8
dandere,8
cukor,8
montecristo,8
ndabaningi,8
applaude,8
pignoramente,8
respirabile,8
aggancare,8
risorta,8
adinolfi,8
anpairc,8
iglenlco,8
obbliga,8
sventagliato,8
zitella,8
intraducibile,8
ciorlano,8
mandai,8
bitti,8
bolerinare,8
licinia,8
sciante,8
raccolserare,8
marmotte,8
specializzo,8
morate,8
barabbo,8
lietamente,8
compressa,8
solar,8
obbediente,8
eolina,8
preario,8
incendiò,8
celai,8
sterpi,8
volero,8
ricaard,8
uccidendola,8
baranto,8
utilizzabilità,8
sdruci,8
abusarre,8
concertino,8
allao,8
parolina,8
repellente,8
neoclassice,8
forano,8
modigliana,8
elivia,8
espressosi,8
pettini,8
classificatoe,8
scatenavare,8
ascellare,8
orianna,8
mettermele,8
fisionomio,8
sostanzia,8
vriese,8
mastice,8
entasi,8
salimi,8
clodiasottomarina,8
arruffone,8
tanghere,8
roccaraso,8
potila,8
caricatissimo,8
malthusiana,8
orticola,8
tafario,8
secessionistico,8
alpignano,8
fedic,8
acquisiscare,8
estremizzare,8
altavillo,8
ipocrire,8
docentere,8
pedagogisto,8
assorbitile,8
iniziate,8
susseguirono,8
sculacciato,8
annidato,8
bipenne,8
sostanziano,8
eppoo,8
positrone,8
abbuiare,8
2025,8
travogliere,8
profilavare,8
vladivostock,8
diseredare,8
levitano,8
distorsivo,8
lorenzinare,8
pesò,8
nichilistico,8
bisognasse,8
realirre,8
avvalersene,8
deprettere,8
smisurare,8
privandola,8
dibattuta,8
qlella,8
terriere,8
imputridire,8
estradato,8
presunta,8
essera,8
prefiggiamo,8
decontaminare,8
eredire,8
rediger,8
sopprimire,8
trasfondere,8
benti,8
cingare,8
inizia',8
spodestato,8
raddrizzamento,8
riottenuto,8
lasare,8
estraico,8
surf,8
fusero,8
sanatoriale,8
tacca,8
seme',8
dusseldorf,8
inchinano,8
arditore,8
relaziere,8
voglere,8
belato,8
quattrocentocinquanto,8
sopracitare,8
sbraitare,8
ferrarmo,8
esprìmere,8
doppietto,8
sorreggera,8
bilinguio,8
dabbenaggine,8
cgte,8
abitalo,8
tracciò,8
supplicare,8
quadrò,8
palle,8
difforme,8
'vere,8
extracorporeo,8
sedriano,8
elettrodomestici,8
strapotente,8
dagoberto,8
quarantino,8
scandinavere,8
reagivare,8
scriteriare,8
scriteriatamente,8
oddi,8
patatrac,8
chiamarire,8
ricorcare,8
trafelare,8
cagnoline,8
risarcito,8
motivatamente,8
starace,8
interrogatoro,8
camorristo,8
avvincere,8
anaconda,8
fidat,8
vicenzetto,8
evaredere,8
etchegaray,8
ingabbiato,8
inavvicinabilo,8
probatori,8
ollite,8
depistale,8
carcinogeno,8
ovaio,8
compunzione,8
verceia,8
panale,8
irrituale,8
attraento,8
clerides,8
imperialistire,8
coppetta,8
fiorile,8
capannella,8
scorrettezzare,8
centottanta,8
mandandola,8
oblazione,8
tegare,8
significavare,8
ermeticamente,8
dircere,8
quarantasetto,8
muriatico,8
inalano,8
assumersene,8
acutizzato,8
collocandola,8
contaminante,8
deva,8
paradigmo,8
menaido,8
spiritosamente,8
settecamino,8
coinvolgerebbero,8
posai,8
divenga,8
vocata,8
pavonesco,8
cremagliera,8
scompostare,8
covante,8
situacih,8
armento,8
stralciato,8
riconducendolo,8
faulo,8
ingannato,8
mollerare,8
concordio,8
fideuram,8
corman,8
disgrazie,8
ospito,8
insisterà,8
sandalo,8
alimenterebbero,8
fattocele,8
politicante,8
uealà,8
fustigare,8
registrara,8
incunabolo,8
presentandola,8
eoloo,8
americanizzazione,8
sabotino,8
generosae,8
trafugatoco,8
astina,8
slogare,8
gandino,8
spintonare,8
riscaldatore,8
sitrazione,8
stagira,8
pittala,8
cenco,8
esseno,8
aggiungerebbero,8
avaramente,8
principesco,8
amarognolo,8
imporglio,8
polemici,8
rondinino,8
gomes,8
ideologie,8
filosofica,8
bagaladio,8
revisionato,8
rischere,8
congiungare,8
pedestre,8
sorello,8
ambiziosamente,8
fatua,8
zecchine,8
constatata,8
sarnico,8
maldivo,8
anticorporativo,8
pienurre,8
ontosa,8
ubriacante,8
gennarino,8
lure,8
cgiircisl,8
speculato,8
calcabile,8
precisavare,8
aortire,8
scandalistica,8
unaia,8
antistorica,8
gettino,8
dproblamo,8
panamericano,8
abborracciare,8
interessarsene,8
liszt,8
sbilanciato,8
diverte,8
affigge,8
rivenduto,8
dettalo,8
affidala,8
dealle,8
angera,8
arrabal,8
connubo,8
erogatrice,8
boicottere,8
svedendere,8
coni',8
intimistico,8
iila,8
incrociavare,8
uiltatep,8
quintessenza,8
atomizzare,8
comandavare,8
entrate,8
portatricio,8
sessantottere,8
attonita,8
botticella,8
leblon,8
tellus,8
manifestaazione,8
pariniano,8
centosettantare,8
bascere,8
commodoro,8
tripolitano,8
fraintendimento,8
breznevre,8
cdsturale,8
bistrattare,8
aberdeen,8
conducevare,8
attualizzato,8
berlo,8
book,8
guarisco,8
melme,8
anterare,8
geografo,8
svecchiale,8
edite,8
transiberiano,8
susana,8
demoscopici,8
piazzala,8
motorscooter,8
vitellino,8
nocere,8
riamare,8
mieloso,8
longere,8
bramino,8
imbeccata,8
sappada,8
50142,8
contrappese,8
natila,8
importuno,8
tesarna,8
esento,8
aequo,8
fondevare,8
igare,8
anko,8
seguirebbero,8
agirere,8
guadagnerebbero,8
attigua,8
trend,8
sostituiranno,8
saufl,8
missano,8
incitazione,8
bizzarri,8
equanime,8
scapoli,8
consegnarere,8
autoproduttore,8
béjart,8
sovrappopolato,8
disfattisto,8
poveruomo,8
esotismo,8
cadenzato,8
piccolino,8
riannetto,8
regionalee,8
falcio,8
eviare,8
trecentovente,8
pauperizzazione,8
soli,8
contemporaneare,8
discorda,8
calasi,8
depreca,8
sconsideratamente,8
urlone,8
linguare,8
astrale,8
uppercut,8
topico,8
incesa,8
rodriguez,8
punzecchiare,8
nivia,8
ottantasei,8
nitroglicerina,8
marinonere,8
starna,8
cast',8
zoere,8
spiritualismo,8
autant,8
nascondigli,8
allagamere,8
siniscola,8
ernesta,8
mozambicoe,8
reagiscare,8
tentiamo,8
diuturno,8
bicare,8
misure,8
dissennatezza,8
sprangata,8
infuriato,8
olginate,8
svoltaso,8
prisma,8
motivalo,8
decretere,8
coibentazione,8
slide,8
affila,8
cinematograficamente,8
passarono,8
abbozzato,8
1503,8
lucentezza,8
scrivevano,8
issima,8
vacanto,8
ammazzarto,8
licitare,8
degnamere,8
attrezzista,8
tanu,8
evidentissima,8
gammato,8
samaria,8
cosiddettare,8
storo',8
saltello,8
arraffa,8
piccinare,8
includendovare,8
placcare,8
antimissilistico,8
idrovora,8
gretare,8
flynn,8
ugovere,8
salvadanaio,8
equi,8
canno,8
conforta,8
giacciono,8
robo,8
cresce,8
sottolio,8
eresie,8
disturbano,8
commosse,8
cucciamone,8
sceere,8
scolaresco,8
abbronzare,8
sommerdere,8
scaccio,8
atomica,8
tutte,8
fatuità,8
perlina,8
tastiero,8
appiccicoso,8
ojetto,8
stroncira,8
insceno,8
serviziare,8
derida,8
mitologio,8
acai,8
cambiarere,8
scientismo,8
indeterminazione,8
configuro,8
attracchare,8
tavolato,8
omnium,8
wohlhuter,8
garzo,8
cedettero,8
saggisto,8
digg,8
dirò,8
aspiriare,8
emmanuelo,8
possediare,8
fraudolentemente,8
ancarare,8
entratura,8
concertistica,8
palestrino,8
parimo,8
zquez,8
gradevolezza,8
donovan,8
tornarsene,8
poliziescare,8
gingere,8
incordo,8
deifico,8
pazzescare,8
confà,8
manifestao,8
avvertirire,8
spiazzale,8
castelluzzo,8
membrine,8
animatissimo,8
recherare,8
denunziato,8
prosecco,8
orgambizzazione,8
schermidoro,8
inachio,8
firmina,8
acrotere,8
intaevento,8
taca,8
ottantasetta,8
bugliolo,8
strutturalisto,8
solletico,8
estasiare,8
ministrò,8
centenaro,8
ledgev,8
fossacesia,8
penalizzano,8
imitativa,8
punterebbero,8
settantuno,8
freddura,8
alà',8
periodao,8
negalo,8
beole,8
sartare,8
fingare,8
attoria,8
esvaniscsere,8
podizione,8
valsesio,8
sposine,8
ferocio,8
arterioscleroso,8
sembralo,8
affollere,8
occam',8
rocambolesca,8
pazzariello,8
comocista,8
incazzo,8
circolino,8
solidarizzano,8
volitiva,8
sopportere,8
regalato,8
mellita,8
fresatrico,8
baronchello,8
malignano,8
spinea,8
induce,8
carsico,8
individuavare,8
nocetto,8
verena,8
range,8
fuorviamo,8
tarn,8
celiale,8
arbizzano,8
casereccio,8
tomolo,8
imberbo,8
unha,8
fasciola,8
randellata,8
cantando,8
obiettato,8
indichiare,8
licita,8
ufficiate,8
preferari,8
respingento,8
foltare,8
garbale,8
estranea,8
sveller,8
scattira,8
mancina,8
episodiare,8
sciaguratamente,8
orenburg,8
pellicolere,8
tapa,8
sbrindellato,8
pclitica,8
gemmi,8
diritturare,8
aiutira,8
lenzine,8
permangare,8
pavimentare,8
sostituendolare,8
effettuamene,8
cerini,8
parlamentato,8
capralba,8
addormentato,8
penalizza,8
cure,8
scavavare,8
rimbalzira,8
mazzocchio,8
gaglianico,8
prede,8
ribatti,8
ufficializzazione,8
rabotnicesko,8
miguel,8
familiarmente,8
ortisei,8
adoperavare,8
disinnesco,8
ammala,8
bucherare,8
calmar,8
talentacce,8
antincendi,8
trombatura,8
sfasciano,8
semestralmente,8
squattrinato,8
cariatida,8
aggredendolo,8
inasprirsi,8
rimuovo,8
scorrettamente,8
ischemio,8
operanti,8
visivare,8
pinzace,8
profondamene,8
nauseante,8
esseire,8
garitta,8
drusillo,8
ampolla,8
presume,8
produrrebbero,8
più1,8
ortomercato,8
nibbio,8
scolara,8
cantaranare,8
liviano,8
tavolata,8
mancho,8
inchierre,8
rimboschimente,8
interstizio,8
panchià,8
bizzarrare,8
taschino,8
approfittavare,8
limbiate,8
evitassero,8
abolisce,8
coincettere,8
chiavetta,8
stamanire,8
archeggio,8
avvicinira,8
gardesano,8
barane,8
ipermercare,8
organizzar,8
giùinta,8
jazzistica,8
4x400,8
inabissato,8
bonaccore,8
erompo,8
remittente,8
pallanotista,8
corredino,8
sincronismo,8
cassierare,8
lanata,8
doria,8
todina,8
prefatore,8
sobillatore,8
vasai,8
gabbuggiano,8
spettato,8
precipitale,8
plaudire,8
applicatone,8
calvera,8
riedificare,8
aggravire,8
vagito,8
chabrol,8
cominci,8
gradiremmo,8
boccheggiante,8
ministrato,8
cciii,8
pluriclassi,8
sardege,8
trentaseienne,8
annerii,8
bracina,8
abilo,8
rotondissimo,8
ubiquità,8
calunnio,8
vena',8
calcarone,8
pacao,8
usaurss,8
pampine,8
stoltamente,8
biscessione,8
canorare,8
praticone,8
pronunceere,8
sepolcreto,8
compresi,8
quarantacinquemila,8
irvam,8
rapitare,8
dottorale,8
incontrerebbero,8
statalista,8
archeologi,8
ccomitato,8
tomente,8
adottalo,8
chiffon,8
ugello,8
ombrettare,8
amatine,8
enfisema,8
dimenticira,8
passò,8
subordinatamente,8
auguravare,8
riconoscimente,8
accompagnandolo,8
swift,8
adagare,8
saldissimo,8
neopromossa,8
equanimo,8
eolico,8
suggestivamente,8
funambolico,8
preferirei,8
tonema,8
vertovare,8
crudela,8
differenziamento,8
sofferta,8
laconicità,8
iure,8
ippegno,8
tumulo,8
crepasto,8
rammentano,8
tonfare,8
1067,8
consumavare,8
degenerale,8
prepararono,8
griffe,8
essiccamento,8
scultoreo,8
opporremo,8
trasportò,8
sottraggono,8
proteggia,8
gianfrancesco,8
settimino,8
esala,8
relax',8
invitasse,8
accatastato,8
morelli,8
sognavare,8
prestalo,8
emersione,8
frattocchie,8
ildebrare,8
appoggiarere,8
donnaiolo,8
desideri,8
sorico,8
gazzoso,8
curandoso,8
raccoglievare,8
corrompo,8
senzi,8
civilmento,8
ammarano,8
coinvolte,8
impropero,8
borri,8
moncenisio,8
dietista,8
eprom,8
trasdotto,8
amur,8
pseudoscientifico,8
pigmento,8
isolazionisto,8
concretizza,8
matignon,8
gipare,8
baloardo,8
olevano,8
conformistica,8
ardico,8
fattolo,8
disamore,8
ondeggiamento,8
2530,8
vicolare,8
gruenewald,8
brigatismo,8
compier,8
buchetta,8
innere,8
literaturnaja,8
risolubile,8
adelasia,8
affitta,8
graffio,8
blasfe,8
destinere,8
cameratismo,8
rivoluziono,8
allestiscire,8
fruiscire,8
dimettilo,8
spontaneista,8
epitaffio,8
sole-24,8
asporto,8
scalpitare,8
perùo,8
raccolsire,8
scacchisto,8
slavista,8
precedettere,8
svuoto,8
investimenere,8
stupidamente,8
intrecciarsi,8
cresciuta,8
corrisposo,8
influirebbe,8
autoproclamare,8
emofilia,8
bisognerà,8
iraniare,8
confessore,8
spoliticizzare,8
affettuosi,8
vitalia,8
puledra,8
sedai,8
ammaccatura,8
appoggia,8
ugarto,8
gentil,8
canario,8
confiscato,8
frottole,8
ogmgip,8
ermellini,8
casinare,8
araso,8
novantuno,8
barazzuttl,8
disilluso,8
ballantine,8
diramato,8
banare,8
1035,8
costellacelo,8
lucherino,8
incombusto,8
gratamente,8
pubalgia,8
piscicoltura,8
salisano,8
aeratalo,8
lessi,8
fanire,8
forcaiolo,8
fissale,8
gravitavare,8
impesta,8
impiegatiziare,8
maddalenare,8
bandissero,8
benevolare,8
accettandone,8
treglio,8
slovacchia,8
alendere,8
necessaire,8
vallante,8
consocio,8
trascendera,8
euivo,8
illudevare,8
scatenatasi,8
inalterabile,8
falcato,8
tourbillon,8
bipolarità,8
assiduare,8
poleso,8
afio,8
svenare,8
bombardiero,8
ottenure,8
2ona,8
combinarsi,8
cinge,8
impuniti,8
tenete,8
ciiare,8
rivelassero,8
disdevere,8
dovendoso,8
trasse,8
urlò,8
gruppare,8
indolente,8
solfe,8
geofisica,8
alassa,8
sindacabile,8
comprendendone,8
calorico,8
tombarole,8
trappole,8
incorsa,8
imperlai,8
nascoso,8
peccai,8
mondadore,8
postero,8
sottoponendola,8
albeggiare,8
predazzo,8
vianello,8
voluttà,8
sciovinistico,8
effettuarono,8
demenza,8
eterico,8
preselo,8
formatone,8
amatone,8
quotatesela,8
catalogato,8
esofago,8
riprovo,8
sicure,8
soffico,8
insegnavare,8
recrimina,8
roburre,8
percorsero,8
affidi,8
ortivo,8
svolo,8
prodare,8
lisare,8
mauriziano,8
innescòre,8
sinottico,8
inframmettenza,8
tornacelo,8
portacenere,8
rifinitissimo,8
rivelo,8
rimproverira,8
rappresentarono,8
eppuro,8
cislruil,8
alcalino,8
ubiale,8
demanare,8
verificatae,8
tanassi,8
empiriocriticismo,8
sirore,8
dichiario,8
stoppar,8
lacrimevolo,8
metterglio,8
cangialo,8
pontere,8
cominciato,8
eschimese,8
sottoporranno,8
guarcino,8
dirocca,8
mentisto,8
alianti,8
agenziare,8
splenda,8
uscare,8
fondandoso,8
nasconderselo,8
promossero,8
malcelare,8
scalfito,8
registare,8
cadare,8
egualitaro,8
regnanto,8
rapl,8
abrado,8
consolidata,8
brasare,8
petroniani,8
illusionista,8
orbe,8
abominevole,8
linfocite,8
fabbrare,8
violere,8
elvina,8
reno',8
capsulo,8
mostaccino,8
vorremo,8
efficienzo,8
barrico,8
pezzullo,8
pareggiato,8
accusale,8
ailanto,8
fresche,8
afficontare,8
avigliana,8
appartengare,8
sciara,8
tumefatto,8
evoco,8
vicentini,8
scalfittura,8
scodella,8
saeggere,8
sigmund,8
traghettare,8
cottola,8
collagno,8
aggredivare,8
monopolizzazione,8
sveltimento,8
crimlnalpol,8
cgilcislruil,8
peptico,8
duodenale,8
escrezione,8
biscottato,8
consultano,8
prolunga,8
schiumare,8
ellera,8
vestigiare,8
snla,8
sobillazione,8
equivalso,8
roncaro,8
ammonticchiare,8
lezionario,8
bombarolo,8
consimilo,8
santabarbaro,8
erige,8
bollale,8
artica,8
quadrello,8
stilisto,8
celletta,8
lamere,8
aprutino,8
appellandoso,8
giudicavare,8
esibivo,8
perfidio,8
filastrocco,8
agrata,8
razionalizzo,8
attribuiteglo,8
diciannovesima,8
levatase,8
scortesia,8
riscaldamente,8
propiziatorio,8
aristotelico,8
quarrato,8
parei,8
imbardo,8
imbarda,8
pregherei,8
insare,8
difettivo,8
deterrenza,8
stabat,8
olivotto,8
pastorelli,8
temporeggiatore,8
esce,8
orre,8
indiere,8
domandai,8
triple,8
clslre,8
restrittiva,8
bottole,8
rinsaldato,8
presieduto,8
ricaduto,8
oggettualità,8
plinto,8
centeno,8
esogena,8
muralo,8
riparavare,8
mutuale,8
menadito,8
arneso,8
euripide,8
prongere,8
scialbe,8
forcine,8
esibitare,8
littore,8
oscillavare,8
afrocubano,8
ripercossi,8
vinciare,8
capisre,8
fratina,8
interroggere,8
fermissima,8
mutazionale,8
attimino,8
anomalio,8
noteere,8
idioma,8
bisognerebbe,8
julia,8
terziarizzare,8
disgustato,8
squadredere,8
esumazione,8
presentatoso,8
vibratamene,8
aranceta,8
scongelare,8
notavamo,8
granale,8
fialo,8
brunetta,8
annichilire,8
officiale,8
sbracciare,8
trasognare,8
puzzolente,8
notace,8
goliardo,8
incombo,8
decorsola,8
castrocaro,8
percorre,8
sdrammatizzo,8
esprimiare,8
loess,8
salterebbero,8
colorifico,8
bastoncello,8
cispa,8
cistifellea,8
indissociabile,8
contrattao,8
connore,8
paleocristiano,8
decanto,8
ragolo,8
inna,8
peri,8
gerard,8
salus,8
somarello,8
parlatore,8
magnificat,8
baraccare,8
proceda,8
austere,8
preferivere,8
zoppi,8
blssau,8
defenestrato,8
responsabilizzato,8
arrendevole,8
vituperare,8
nusva,8
quarantaduenne,8
svinare,8
coabito,8
agrumicole,8
brese,8
pariti,8
stridio,8
ulanova,8
mozzano,8
cavalleriare,8
casalbuttare,8
enogastronomiare,8
biodegradabile,8
amicistrazione,8
flottere,8
danneggiate,8
muoverebbero,8
umanare,8
globe,8
sottosta,8
acreo,8
beala,8
ciascuna,8
postro,8
precidere,8
fermandoso,8
pativo,8
commisi,8
rotismo,8
castelrotto,8
astrato,8
diffusosi,8
empirio,8
inasprito,8
sconcerta,8
cedersene,8
nocciola,8
innumerevola,8
grottescoo,8
ambrogiare,8
andiamoce,8
elene,8
anidro,8
affidandogli,8
accader,8
civilizzare,8
coloratissimo,8
rispondenzare,8
amatissimo,8
atterrito,8
mannella,8
spavalderio,8
sarebbee,8
verzura,8
indolenzimento,8
vetturino,8
icariano,8
vinario,8
sottoscritte,8
malvago,8
inciderebbero,8
bitazione,8
avverranno,8
georg,8
ritente,8
incontrassero,8
morbegno,8
sempiterno,8
mutilo,8
informalo,8
pullulante,8
gondoliero,8
cxii,8
recepiscire,8
sviamento,8
disalberai,8
odiosamente,8
tripolare,8
ricoveralo,8
dedita,8
inavvicinabile,8
fotomodello,8
pallado,8
sottesa,8
darsene,8
qbello,8
lippare,8
scompaiare,8
impostaglio,8
configurere,8
barilotto,8
prescelte,8
calcinare,8
plesk,8
lavarsene,8
calorifere,8
bernaldo,8
sovradimensionare,8
ultimatire,8
bob',8
pievepelagare,8
famelica,8
trombettisto,8
omicciolo,8
rettitudina,8
delimito,8
autopompe,8
centocinque,8
settantatré,8
stenterello,8
duvall,8
ange,8
iranico,8
menzionale,8
bave,8
connors,8
patio,8
centristare,8
paternalista,8
scaduta,8
alamelo,8
riffo,8
fuchio,8
controcultura,8
snodere,8
scomparto,8
edemo,8
sarteano,8
sinteticità,8
tradottosi,8
destinalo,8
caucciù,8
ciocie,8
rondina,8
piombò,8
svolgerai,8
guglielmino,8
intrufolare,8
fornirtico,8
liberiare,8
ing',8
nutazione,8
1822,8
liminare,8
esisteranno,8
vigliacchio,8
susine,8
sovrarre,8
minuziosa,8
trebbio,8
carrère,8
congedato,8
set',8
sovrapposgere,8
involontaria,8
istantanea,8
cardinalre,8
elianto,8
cislago,8
beverino,8
imolesi,8
maggiorenza,8
ranocchio,8
gianicolenso,8
sovicilla,8
zionale,8
infiammabilità,8
soliloquio,8
divertita,8
gualberto,8
intarsare,8
quagli,8
sconfigga,8
poe',8
lacrore,8
allune,8
lionese,8
gialakiavicius,8
arrigere,8
bargagni,8
cavallero,8
attraversato,8
imperversano,8
azionariare,8
canare,8
procettere,8
citaadina,8
fluide,8
catartico,8
impedissero,8
sottostà,8
egioco,8
consensualmente,8
evolvendoso,8
scorretta,8
polivalere,8
basinare,8
borgate,8
immaturare,8
idrio,8
impunto,8
abbattutese,8
montmartre,8
difficoltare,8
pezzettino,8
novennale,8
abdotto,8
tico,8
sarnare,8
spaziouno,8
lenzi,8
immacolata,8
intervenivare,8
ravvedere,8
coinvolgimente,8
estore,8
soie,8
picchiavare,8
uvea,8
2350,8
ligiare,8
cospicuamente,8
campamo,8
organizzativare,8
repentinare,8
prevalessero,8
appiedato,8
turnare,8
renderare,8
pomero,8
ansato,8
fonogrammi,8
comunicheranno,8
dirimente,8
noterere,8
martellato,8
raziocinante,8
pingere,8
deteriorandoso,8
balconcino,8
montagnine,8
loach,8
lidere,8
bagolone,8
fisioterapista,8
trasformala,8
portula,8
ingegnanto,8
civilizzato,8
ferrai,8
motivere,8
casilino,8
cicatrico,8
miticamente,8
arrivederci,8
mercantilisto,8
durazzo,8
geminiare,8
bidonville,8
dissoltare,8
antiruggino,8
speciazione,8
nazionalee,8
ileno,8
putrescente,8
murate,8
mazzolo,8
diffondevare,8
apina,8
riserio,8
inazzurrare,8
torbo,8
arryvere,8
vertevare,8
abudere,8
visitire,8
detena,8
accecante,8
angolace,8
frodato,8
caropane,8
quartine,8
esiliante,8
union,8
solida,8
metterle,8
violetta,8
brelo,8
baracchi,8
dializzare,8
troto,8
pont,8
dileggiare,8
raddoppia,8
ammiro,8
scredito,8
insilo,8
iniziatina,8
sudale,8
diseducativo,8
agevolino,8
ortensio,8
controo,8
paganelli,8
mitrare,8
ginocchiare,8
salpo,8
tipare,8
figurateve,8
liberarmo,8
purulento,8
pogere,8
chiromante,8
accaso,8
cogliendone,8
agncolo,8
dichiararsi,8
bossibile,8
aliterò,8
tincone,8
nizzardo,8
cremo,8
trovavre,8
congratuliamo,8
eroga,8
bravaccio,8
bemare,8
collaborarono,8
curtiz,8
stesuro,8
interessenza,8
querciolare,8
elektra,8
egocentrico,8
navighare,8
perfezionistico,8
suita,8
radiativo,8
reimpianto,8
alitro,8
rianimatore,8
aimonere,8
flaere,8
1778,8
vigilino,8
bonza,8
ohie,8
2130,8
tintorio,8
fermandosi,8
decidila,8
charlotto,8
pannare,8
riassorbibile,8
condivisero,8
battacco,8
staffo,8
divulga,8
evader,8
pupilli,8
gareggere,8
imborghesimento,8
rampala,8
vallari,8
polìtico,8
patacca,8
chirografare,8
hallo,8
fucinato,8
suppore,8
coesi,8
vestivare,8
motovelodromo,8
inusitata,8
vezio,8
ingrottere,8
wajda,8
decolla,8
cimee,8
algerare,8
besozzo,8
pedaso,8
bollila,8
apriorismo,8
colti,8
esprimermo,8
poliedro,8
afonare,8
ileare,8
sollevavare,8
istoriale,8
coccarda,8
vogliamo,8
duso,8
destriero,8
rivalere,8
pargere,8
monopolistica,8
separata,8
limana,8
viaria,8
golenale,8
fridare,8
acquisitare,8
calibratissimo,8
sfacciataggine,8
ordite,8
conceggere,8
pachare,8
circola,8
banalissimo,8
prue,8
prosatore,8
isolalo,8
formella,8
braccase,8
tavernaio,8
nipota,8
osservalo,8
chiamiamolo,8
idear,8
uilso,8
tempest,8
moralistica,8
sindacatico,8
effettività,8
labilmente,8
alcolizzare,8
allele,8
oblata,8
esangue,8
trevignano,8
palifico,8
ventricolo,8
distillato,8
stipite,8
imbocchere,8
meticci,8
vengono,8
luogotenenziale,8
divisionale,8
depurativo,8
importane,8
circolere,8
tamagotco,8
pulizie,8
buonarrotare,8
qualiare,8
dov',8
musiello,8
bentornato,8
cavagnaro,8
cadre,8
sottosegretariato,8
1617,8
ferdinandare,8
imbonitore,8
cyrare,8
diramante,8
ranere,8
contribue,8
ferre,8
surgelazione,8
guardase,8
onieghin,8
ovolo,8
imploso,8
riave,8
assenzi,8
spottere,8
incorro,8
studentare,8
lievi,8
tarmale,8
mothman,8
cascar,8
provalo,8
trovala,8
ciiie,8
adugliere,8
luzzano,8
1819,8
elisea,8
vigorio,8
lenzo,8
berseno,8
riscontravare,8
interinare,8
197c,8
urologiare,8
isveurre,8
lascire,8
sprecone,8
sostearr,8
generosissimo,8
racho,8
malintendere,8
minicomputer,8
sicurare,8
calala,8
paiolo,8
vòra,8
piscine,8
visare,8
dicano,8
guadar,8
clorurare,8
reintroducere,8
amaltea,8
ialare,8
romare,8
procuratole,8
stabila,8
cooperatile,8
dolcissimo,8
cocciutaggine,8
roseole,8
vulci,8
progredivo,8
goliao,8
laboriosamente,8
caroto,8
necessaria,8
redazzo,8
rivendicalo,8
libane,8
reinsediare,8
ilfem,8
tarantismo,8
tacciata,8
scotch,8
dodicesima,8
abbondio,8
bisentinare,8
aerotrasporto,8
attuar,8
sottolineammo,8
situi,8
giocao,8
innominabile,8
scappo,8
campagne,8
imputalo,8
prefiguro,8
montagnano,8
sedi,8
rimbombare,8
estender,8
dogi,8
decurre,8
manifestale,8
nausee,8
etnica,8
precisere,8
commerciato,8
essersene,8
assorbirebbe,8
svaligiato,8
turbocompressore,8
glanda,8
eccito,8
franchiare,8
idratare,8
ubbiare,8
azzanna,8
manifestaco,8
indu,8
verificalo,8
colpirere,8
racchiusa,8
bisticciare,8
alofitare,8
competer,8
chiuppare,8
petroliare,8
alguare,8
lincea,8
ccio,8
detonante,8
lucore,8
aumenta,8
nele,8
indubbie,8
ialoida,8
paonazzo,8
pennato,8
debbi,8
crlf,8
consulte,8
mefite,8
sandrino,8
pocket,8
insci,8
cioccare,8
commerciò,8
pubblici,8
insozza,8
isolandolo,8
ritte,8
dcci,8
arpina,8
cotona,8
antera,8
avvialare,8
protesgere,8
iranista,8
sommai,8
collegalo,8
camaleontico,8
stoccato,8
pullulo,8
gev',8
afflittare,8
accisa,8
poste,8
assegnatone,8
foneso,8
biliardino,8
regiomalè,8
aumentino,8
emancipa,8
clivo,8
charliere,8
placenta,8
clownesco,8
siderito,8
coloso,8
discutete,8
siamese,8
sformo,8
spreca,8
orientala,8
marsina,8
tattare,8
trasformabile,8
autodenunce,8
avionico,8
vanesso,8
1301,8
1117,8
asci,8
ansimo,8
divulgato,8
riconoscimelo,8
intendi,8
falciale,8
discutei,8
vismarare,8
omedere,8
fontina,8
chiacchieratissimo,8
milziade,8
sfizio,8
sviluppamela,8
acclarano,8
llppre,8
bregnano,8
apprezzire,8
pristina,8
ritena,8
granulo,8
conoscibile,8
megalopole,8
rizzolo,8
uggioso,8
mitterio,8
tigna,8
gerardino,8
sfasamento,8
snatura,8
effigere,8
spiega,8
scova,8
allittero,8
molucchesi,8
recatisi,8
piacentine,8
consanguineo,8
camacho,8
cornata,8
magliaro,8
permanetta,8
scamozza,8
f-16,8
alfierare,8
colandolo,8
erniario,8
sgretolere,8
dormo,8
esclusero,8
fonomeccanica,8
medicalmente,8
obbligatoria,8
apportandovare,8
pinzerare,8
riordare,8
nembro,8
odilio,8
predicere,8
testimonino,8
raggrumare,8
gravala,8
precostituere,8
appagale,8
frenana,8
euesa,8
lotti,8
ammina,8
prudere,8
armeni,8
riassicurare,8
postano,8
vantaggiosissime,8
reage,8
giudicalo,8
aiutavare,8
bellagiare,8
estremizzazione,8
divanetto,8
martinelli,8
gonio,8
impicciare,8
iuro,8
chiedendosi,8
buccolo,8
torco,8
precedo,8
petraia,8
sudar,8
rivenere,8
vivano,8
vedetti,8
trapianti,8
cartilagine,8
lattiera,8
fetente,8
sperma,8
ambia,8
assonare,8
colita,8
alassi,8
minacciale,8
biologa,8
formichiere,8
superga,8
bardare,8
pretoriano,8
calandocela,8
spuma,8
eglzlare,8
disk,8
irpefre,8
ottantenno,8
raffar,8
uditimo,8
vasectomia,8
sostituiere,8
cucente,8
daini,8
olialo,8
common,8
badala,8
concepì,8
costituirono,8
detti,8
complessala,8
sviluppatisi,8
meritino,8
affliggire,8
trasformavare,8
ditema,8
azzarare,8
samanta,8
divampò,8
avvolgore,8
inibito,8
parascolastice,8
stambecco,8
beccatella,8
programmatola,8
mecfond,8
culre,8
asinaio,8
ferramenta,8
danda,8
amministrai,8
errino,8
approfondile,8
baressa,8
dedicale,8
magica,8
impidocchio,8
sancta,8
urinato,8
pitare,8
abbicar,8
sbandieratolo,8
salmonellosi,8
torrentaccio,8
serrae,8
frantare,8
piegamento,8
consco,8
ricever,8
ponce,8
diesa,8
cambiario,8
tipetto,8
pcarco,8
concerio,8
montagnolo,8
arachido,8
cupole,8
approdi,8
confera,8
samuraio,8
frustra,8
riproduttore,8
tratteggiano,8
centinale,8
cotanto,8
gordono,8
mayer,8
cdre,8
svena,8
gingillo,8
istitire,8
ritinto,8
onanismo,8
privilegire,8
custodivo,8
duratema,8
copernicano,8
riclassificazione,8
evidenzia,8
tufara,8
garros,8
ginevrinare,8
appropria,8
fisarmonicista,8
sull'o,8
cenade,8
antobio,8
vistasi,8
ilbere,8
gocca,8
minutare,8
colletti,8
iseoe,8
coinvolgimene,8
prevalire,8
paralizzo,8
plasticamente,8
uccellare,8
allenai,8
compi,8
acetare,8
deflettore,8
riattizzare,8
proposte,8
ragionalé,8
nullatenenti,8
tesino,8
cecore,8
aleremo,8
pernico,8
lasciamo,8
estiva,8
caratale,8
sokolniki,8
8tato,8
baraccamento,8
fieristica,8
lattea,8
mesonica,8
polipe,8
occamo,8
sellers,8
diventandone,8
compresero,8
aconire,8
sentila,8
piangare,8
dirceo,8
indegni,8
giù',8
tradurrebbero,8
lincia,8
mandò,8
eufrare,8
tachicardia,8
lottizzante,8
rognare,8
gabbio,8
brasiliana,8
comparii,8
malusio,8
vendonso,8
riccia,8
nemee,8
magnifici,8
piedino,8
medicee,8
pruo,8
abb',8
ciclistica,8
flaminare,8
scorrare,8
evaporare,8
ruffini,8
poptare,8
calvillo,8
patibolo,8
presidentessa,8
vermiglio,8
faine,8
solarino,8
coppiare,8
candidati,8
terreo,8
procedio,8
rimossare,8
preoccuparre,8
rivede,8
tabi,8
tonta,8
brigacelo,8
perspicacia,8
allucinogeno,8
noceranno,8
migliorale,8
venosa,8
soppesa,8
braccialetto,8
uscirebbe,8
farfugliare,8
pospone,8
parametrico,8
bucolico,8
carlomagno,8
crescentino,8
murace,8
partecipale,8
savoldo,8
imprecisabile,8
trasferitasi,8
stilito,8
ricomposto,8
ardovino,8
acromico,8
cosche,8
20mila,8
biffolo,8
appeno,8
applicatire,8
ferva,8
maschero,8
riconversionere,8
laicizzare,8
weber,8
amedeore,8
elencar,8
stampe,8
lanifico,8
camario,8
bisbigliare,8
vagabore,8
autorespiratore,8
immaginavare,8
contrattualismo,8
devo,8
considerata,8
campasi,8
nutritissimo,8
turinge,8
quagliai,8
mosire,8
figio,8
dominanza,8
1777,8
melenso,8
delimitira,8
anticipale,8
svogliatezza,8
divago,8
situale,8
scifi,8
sordino,8
scaramazza,8
foti,8
esprimer,8
fastidiosa,8
lassia,8
brooklyno,8
analizzire,8
tolleravare,8
siem,8
allenere,8
cardiochirurgio,8
coniano,8
tetico,8
incredula,8
andromeda,8
arlenare,8
limpidità,8
coscio,8
salce,8
uscite,8
resterare,8
ricordala,8
dettere,8
festeggia,8
coprare,8
conserte,8
nucciare,8
gradata,8
svaluta,8
bagnale,8
ultro,8
palermoe,8
oratino,8
rifile,8
rafforzamente,8
cacci,8
distato,8
auspicalo,8
tigro,8
antismog,8
spinellato,8
confezionista,8
pomeriggi,8
involatocio,8
carene,8
arsurare,8
sopratassa,8
volumetrio,8
scollacciano,8
marvel,8
drappare,8
meritatissimo,8
allarmismi,8
ostruiscono,8
siandatale,8
aliexpress,8
minima,8
alao,8
liquirizia,8
minuccio,8
computerizzato,8
trattatila,8
rilievere,8
costata,8
revivalistico,8
spararglio,8
valdinievola,8
petriolo,8
agostana,8
sembrano,8
parchimetro,8
sbarro,8
malaysiano,8
ambrogetto,8
visceralmente,8
mariucciare,8
boldrino,8
brendolo,8
luandere,8
valorizza,8
manioesazione,8
pietrasanto,8
ingerito,8
carrai,8
citrullo,8
immondizio,8
1640,8
marcisco,8
individualizzato,8
bugule,8
seve,8
nuvolo,8
dallapiccoìa,8
appoggere,8
junit,8
bianchissimo,8
materana,8
insediamene,8
allargata,8
garbuglia,8
urania,8
sentina,8
sanglovannese,8
operame,8
pezzetti,8
brasasso,8
volantare,8
contrabbandiero,8
particolar,8
fossili,8
sarmento,8
rivelatiso,8
rivenda,8
glitto,8
sciatico,8
attintao,8
impura,8
riteno,8
ramina,8
cannonare,8
interina,8
trentasettenne,8
riepilogativo,8
melazzo,8
cavallerizza,8
ferina,8
apodittico,8
risponder,8
ardie,8
perlustrira,8
aerame,8
mantidio,8
moschina,8
estradi,8
emerico,8
massolo,8
dirigi,8
atteggiameli,8
disarma,8
acuminare,8
messi,8
nemesi,8
nazirre,8
dantesca,8
spirano,8
anticasso,8
annalistico,8
amarantao,8
ascriri,8
camme,8
montappone,8
piscare,8
ineso,8
diventalo,8
fognano,8
rigano,8
propie,8
50rr,8
erpeto,8
fissere,8
emanuelle,8
mezzofondisto,8
oscula,8
crollando,8
preparatoria,8
chianare,8
gennarinare,8
bombetta,8
andriese,8
accodante,8
astretto,8
cooperativismo,8
epodo,8
macchiatolo,8
magenta,8
inabitabilo,8
rivo',8
polit,8
diradino,8
citati,8
ricostruttivo,8
faema,8
ricordiamoci,8
abigeato,8
malefica,8
caule,8
lagneresta,8
lubrica,8
accaldo,8
imbovino,8
basilicare,8
moratorio,8
pelino,8
alcamese,8
cristalleria,8
ercinico,8
hassio,8
verrere,8
meninge,8
katanga,8
finimento,8
dàal,8
andress,8
radiologi,8
tanere,8
massalubrensa,8
impassibilità,8
strappavare,8
dettagliatissimo,8
concoo,8
igio,8
cingi,8
noccioleto,8
distributrice,8
pittima,8
corredato,8
tostapano,8
bianchine,8
motor,8
calvarese,8
rosora,8
cibai,8
assoli,8
amiare,8
inglobamento,8
ghirbe,8
grecanico,8
recettivo,8
figiano,8
contraddico,8
microfilm,8
fornaciare,8
sdegnoso,8
chabarovsk,8
paracarro,8
cautele,8
sgangherata,8
giovannei,8
sinigaglia,8
filoviario,8
inveii,8
entebbe,8
griffa,8
dopar,8
fucinatura,8
badila,8
multigrado,8
azzittale,8
odysi,8
giullari,8
diversificante,8
atripaldo,8
cordignano,8
normato,8
cucitura,8
cagnine,8
nerastro,8
scherzar,8
fermiamoci,8
maschilismo,8
nuraghe,8
superandolo,8
convenzionatilo,8
stemmato,8
gasoline,8
ischitella,8
sferzo,8
austerare,8
ipogei,8
frontino,8
ignizione,8
accertatore,8
droposta,8
arginale,8
raspanto,8
nascondo,8
incalappiare,8
genera',8
pontormo,8
gobi',8
estrattire,8
commisurato,8
bocciaco,8
telemontecare,8
arst,8
concito,8
escavatrico,8
estendo,8
buff,8
ambiano,8
amtab,8
cocuzzare,8
montottone,8
11955,8
defoliazione,8
boccianto,8
autoregolante,8
frignare,8
dovrà,8
giustificazionismo,8
spadaccini,8
cialdone,8
pallagorio,8
razionano,8
sorridendo,8
ceniamo,8
grange,8
neto,8
flacco,8
fattualità,8
iperione,8
prontuare,8
313236,8
titanuse,8
polinago,8
amputalo,8
inana,8
blakey,8
domiziare,8
burchiello,8
venerdo,8
scismo,8
geode,8
candelorare,8
angelisare,8
arroga,8
serpeggia,8
leccasi,8
canoisto,8
lavoracchio,8
nuovao,8
impruneto,8
bucaniero,8
foiare,8
1177,8
forteguerriano,8
carbonizzo,8
schiavetto,8
molisere,8
pentolone,8
coriza,8
aron,8
balenii,8
ruffiano,8
ciofe,8
mutico,8
spinedere,8
marezzo,8
pisanello,8
argan,8
birbonare,8
invalidato,8
tiramento,8
econe,8
bechtel,8
cogitar,8
apulio,8
10x20,8
grassaggio,8
imbarca,8
forellino,8
acen,8
talassemia,8
alitar,8
provincializzare,8
piazzino,8
stampaco,8
mongolfiera,8
bradisismo,8
buccio,8
cataloga,8
codifico,8
acronico,8
anton,8
imballato,8
2250,8
trepuzzo,8
1111,8
monteprandone,8
viranti,8
arenale,8
barrane,8
aveere,8
eucaristico,8
tramorto,8
ripolo,8
chiocciolina,8
parlottare,8
acclusa,8
finiamola,8
negroamericano,8
faita,8
obbedirto,8
raika,8
canzonare,8
capirosso,8
tiggiano,8
gracido,8
troviare,8
schifino,8
barrame,8
paleontologico,8
sauber,8
biade,8
boxi,8
arubani,8
itali,8
afagia,8
interventi,8
montemignaio,8
centroamericana,8
coranico,8
municipiare,8
isolaria,8
copule,8
0742,8
crias,8
260640,8
informatizzazione,8
fornaciate,8
capitignano,8
nievole,8
cannataro,8
saltatrice,8
esondo,8
olita,8
freres,8
0571,8
marcolfi,8
cappuccina,8
sburra,8
7884586,8
anticorrosione,8
cingese,8
romanengo,8
risanabile,8
hifi,8
girarrosto,8
destabilizzatrice,8
pillerai,8
minimizza,8
varicoso,8
scapecchia,8
campofilone,8
bricca,8
oltrarno,8
aneop,8
proviamore,8
rosignare,8
pedala,8
taccola,8
omeopatico,8
doganare,8
officinale,8
lupesco,8
limbada,8
mettile,8
barberio,8
icico,8
prestigere,8
silpa,8
parasse,8
mangelsdorff,8
velotto,8
anag,8
tovaglato,8
valigio,8
vestaglietto,8
salopet,8
stok,8
gees,8
zombo,8
scarnaso,8
dermatologia,7
esercitere,7
gigaro,7
rarissime,7
venivamo,7
lurago,7
elvezia,7
vaschetta,7
cervato,7
scardi,7
reatina,7
aeravare,7
putti,7
beccarono,7
consti,7
dinario,7
giga,7
spaurito,7
cardiopalmo,7
mannsfeld,7
precisissimo,7
cibali,7
papadopulo,7
ammodernato,7
inappagare,7
cocciutamente,7
passionista,7
ipnotizzare,7
riversòre,7
forniteci,7
ardono,7
iperrealista,7
accelerere,7
provincea,7
anticristiano,7
larvatamente,7
weltanschauung,7
ricapitola,7
sintendere,7
torsello,7
badata,7
optò,7
dicendomi,7
schleswig,7
corpicine,7
motire,7
tornerescere,7
muffolo,7
baghere,7
pescar,7
servila,7
topaie,7
pagnol,7
divorzistare,7
1235,7
ritennerere,7
sanguinaria,7
poverine,7
infliggevare,7
bistrattato,7
apuania,7
cagalare,7
accorgire,7
rafforzerebbe,7
natascia,7
dimenticherere,7
arrestarire,7
coordinino,7
pedestro,7
affascinanto,7
fantasista,7
affogo,7
grandinetto,7
arrechere,7
epperò,7
pastiglio,7
brigantesco,7
siedano,7
amichare,7
settennato,7
pci',7
differivare,7
ricalcavare,7
sira,7
importavare,7
novellistica,7
argutamente,7
obiattivo,7
tecnocratica,7
indirizzarere,7
affittì,7
realizzatendere,7
congeda,7
avvinte,7
livida,7
mattatrice,7
rive,7
scaldaletto,7
shakespeariani,7
controstampa,7
antropomorfico,7
progenie,7
darwiniano,7
proteica,7
semplicisticamente,7
polimero,7
diseducare,7
convinzionere,7
equivalenti,7
scossi,7
introducono,7
greene,7
rabbinico,7
aporia,7
mendo,7
progressi,7
addensandoso,7
arricchivare,7
pertico,7
abrogazionistare,7
oscena,7
autografe,7
inquilare,7
puntar,7
watergate,7
darò,7
filira,7
perturbatore,7
consideravamo,7
grondaia,7
smontato,7
gremivare,7
deglio,7
democraziaa,7
scagnare,7
candisso,7
squagliare,7
adamina,7
marmitto,7
intorbidamento,7
giangiorgio,7
camminata,7
infarcite,7
presbiteriano,7
dirigenti,7
nascessero,7
incontrano,7
riagguantare,7
ribuzzo,7
epicità,7
intervia,7
genepì,7
biologio,7
dimetteere,7
unionisto,7
contraddicevare,7
smarrimentare,7
copo,7
rivissuto,7
condividendonere,7
intontire,7
fumò,7
carudere,7
giambettino,7
svolgendoe,7
discosta,7
strepitare,7
somie,7
coesista,7
dispettoso,7
grassa,7
esistenzialista,7
stimolandone,7
anni',7
kerr,7
ricondotre,7
rira,7
implichio,7
valéry,7
impeachement,7
tempesto,7
penitenziari,7
sgomengere,7
riprovevolo,7
discorde,7
gradevolmente,7
carezzevole,7
schegge,7
7300,7
berrettini,7
rigato,7
ddecidere,7
difender,7
dirada,7
arrampicata,7
50x70,7
bisbiglio,7
stupiscere,7
salvatrice,7
deleghere,7
sedale,7
telefonavare,7
brillamento,7
ambrosio,7
irredentismo,7
altae,7
1974-,7
materassino,7
temperanza,7
angelettare,7
risalare,7
rigiocare,7
apple,7
conquistarono,7
topaio,7
mormorato,7
riterrebbero,7
monselice,7
anteponicelare,7
gitto,7
smstema,7
attutito,7
udibile,7
urlavare,7
barbarossa,7
1774,7
parlata,7
glossario,7
rimproverato,7
temporalismo,7
religionere,7
trionfere,7
trattatire,7
dell9,7
cartere,7
gadget,7
leverare,7
santabarbara,7
contrasterebbero,7
tossicare,7
microbiologico,7
graziosa,7
borraccina,7
borraccino,7
gocciolina,7
macroscopicamente,7
prodigiosa,7
mutria,7
figlioli,7
cgìl,7
gambe,7
dubitato,7
centouno,7
dolettare,7
13-a,7
cinquantasettesimo,7
cerebralismo,7
secchezza,7
africo,7
portabile,7
attribuirglio,7
retrograda,7
neoplasie,7
emergerebbero,7
tirao,7
rochelle,7
imperiese,7
incontestare,7
guiano,7
urdu,7
fanne,7
francobollare,7
alarere,7
orbace,7
concepivare,7
nidoo,7
celiala,7
midollino,7
fattano,7
intercettatore,7
asparago,7
grezzana,7
sportso,7
assolutistico,7
diffidi,7
paleontologio,7
misogino,7
pappo,7
eolica,7
benemerire,7
vertono,7
proraumazione,7
strumentario,7
concubinaggio,7
poterò,7
fasciatico,7
immobilizzandolo,7
radioelettrico,7
fotogrammetrio,7
creaturare,7
sorrisetto,7
hayden,7
criminologi,7
pronipoto,7
gelateria,7
piga,7
erbaceo,7
contratte,7
incongruento,7
discreditato,7
tecnicolor,7
riverito,7
appartamene,7
vuelta,7
grottaferrare,7
montelibretto,7
rignare,7
belmonte,7
supare,7
mompeo,7
casolario,7
palafitta,7
autobomba,7
colpitole,7
eato,7
evidentissime,7
gamia,7
lillare,7
rasputin,7
infatuazione,7
affidandone,7
1879,7
giussare,7
ottangere,7
podista,7
stortere,7
dilaverò,7
farraginosi,7
emanòre,7
natron,7
seccato,7
forale,7
assicurata,7
reincarico,7
angoletto,7
ritagliarre,7
alatiso,7
antigenico,7
costringendoci,7
-----,7
sbagliata,7
pittoreschio,7
rivelatisi,7
fariseismo,7
ereticale,7
affluìre,7
zolle,7
coitale,7
domizio,7
cestao,7
sacrofano,7
davidere,7
soufflé,7
cronicario,7
anziato,7
comprometta,7
canonizzo,7
bira,7
bottego,7
donanti,7
lauretano,7
bastonato,7
diarrea,7
avvolti,7
contachilometro,7
fragrante,7
proditoria,7
montecelio,7
foraggi,7
faeroer,7
icet,7
pontiero,7
balestrone,7
riscenda,7
maschia,7
largissimamente,7
bruschini,7
rodoni,7
aranciata,7
icie,7
fidandoso,7
disposte,7
giustificatamente,7
irsuta,7
discuuvere,7
vitalistica,7
provionciale,7
bisognano,7
merope,7
pointere,7
sfruttamentare,7
esordere,7
perkins,7
canuta,7
luftwaffe,7
predato,7
marxistico,7
preallarma,7
fatti,7
colatacelo,7
ranallo,7
nordafrica,7
valutar,7
bellide,7
crollòre,7
nutriare,7
discorrendo,7
vetrinista,7
deiritalsider,7
defilato,7
proave,7
invenduta,7
forchine,7
diato,7
nastrino,7
miliardesimo,7
guaco,7
quasar,7
moltiplica,7
battendosi,7
buttavo,7
congetturare,7
automi,7
intruglio,7
varcano,7
saltante,7
valfurva,7
giurio,7
batiale,7
gambettini,7
camiceria,7
duecentesimo,7
espia,7
falcidiato,7
consideravare,7
1851,7
arcadico,7
macheta,7
adrara,7
spazialità,7
palustro,7
mornago,7
tarato,7
proditoriamente,7
toano,7
celluloida,7
luccichio,7
travia,7
postalo,7
deleddo,7
sovchoz,7
sabire,7
dialectiques,7
vanzago,7
artagnan,7
gemeralé,7
gogna,7
rancoroso,7
mussere,7
noleggiato,7
morsetto,7
conceremo,7
avvantaggiarsene,7
thugre,7
morse,7
gioiosamente,7
manfrino,7
1968-'69,7
manterrebbero,7
impronto,7
anticiperai,7
corrispodere,7
dormiento,7
diventala,7
balie,7
avanguardismo,7
meritore,7
semiserio,7
nannare,7
avvolgimento,7
ostellato,7
esaurisse,7
passabilmente,7
prescrivo,7
cinematico,7
magnetismo,7
amenko,7
appogsiere,7
introdottare,7
opinionere,7
stiracchiare,7
risugliere,7
lapidaria,7
consensualità,7
strumentatila,7
peronirre,7
piovire,7
scalogna,7
carioco,7
tosato,7
raccontire,7
panaceo,7
maltusiano,7
serone,7
sgra,7
rilegato,7
estremirre,7
schumannre,7
romanzare,7
comparativamente,7
nidificazione,7
presenzia,7
concorderare,7
presentre,7
sforno,7
articio,7
neocolonialisto,7
illorai,7
rivende,7
pastaie,7
curai,7
pardito,7
celebriamo,7
pontelagoscuro,7
sociologio,7
manore,7
saggere,7
tronfio,7
adelcho,7
solbiare,7
prodigiosamente,7
sireno,7
condividire,7
spondo,7
accheto,7
salore,7
pazientare,7
preterre,7
tabla,7
quanuto,7
definitre,7
tombolato,7
negligente,7
richiedete,7
diamare,7
pasci,7
controvento,7
soggere,7
latratocio,7
parele,7
cepeda,7
pallottoliere,7
trasfertista,7
cives,7
attimie,7
stornale,7
ceranovare,7
indonesiana,7
vesti,7
corniciaio,7
guzzo,7
corpetto,7
moldavo,7
oltranzistico,7
aiuole,7
carlinga,7
persono,7
altisonanti,7
anchine,7
ricomprare,7
sharon,7
risalgo,7
detectivere,7
cicoria,7
spinace,7
sciolino,7
ematica,7
lavoratoio,7
risparmia,7
sottufficiali,7
alceste,7
traspontina,7
costerebbe,7
strigliare,7
spranghe,7
floricola,7
rievochere,7
cortino,7
adagiato,7
ribusso,7
poli',7
rivangare,7
pascasio,7
pervenuteci,7
slogane,7
frascatano,7
braccerò,7
lanza,7
sussistano,7
ripeso,7
distruttiva,7
classificatore,7
dcpci,7
psicologistico,7
diventale,7
continuala,7
passammo,7
pensasso,7
allungato,7
montarselo,7
eccellentemente,7
ripeterare,7
priscilla,7
propano,7
chiaroveggenza,7
nevroe,7
vetrino,7
coburn,7
distanzi,7
definitorio,7
nostrao,7
bottaggio,7
antipatriottico,7
studia,7
squinzano,7
calcetto,7
fantasticherio,7
coincidano,7
bastatitico,7
trafilerio,7
ricontattare,7
sindacala,7
indottare,7
constatabile,7
olmeco,7
tenibile,7
oscillanto,7
antoniani,7
ermeneutico,7
biblica,7
calunniato,7
marcase,7
lagnerò,7
brontolio,7
versore,7
cuciare,7
infischiandoe,7
transigenza,7
contribuiere,7
espertare,7
pellerosso,7
angiolao,7
convenzionata,7
mascheraturo,7
perizie,7
automatiche,7
levatore,7
30000,7
accanirere,7
violata,7
ceranese,7
tengono,7
emerson,7
reutcmann,7
docker,7
bloccherebbe,7
particolaristica,7
bifore,7
cetara,7
trigemino,7
galanteria,7
buchino,7
grule,7
salvavare,7
intrecciandoso,7
fotoelettrico,7
fallana,7
faraonica,7
lasciarglio,7
so7io,7
samantare,7
potenzare,7
minaste,7
tentarono,7
discuterò,7
citarlese,7
bruciano,7
abolente,7
deduca,7
internavigatore,7
dichiaratosi,7
rileggare,7
taglieggiavare,7
interstellare,7
mandino,7
amorevolo,7
bissone,7
trilione,7
occhiali,7
scuderio,7
stoice,7
beni,7
clerlco,7
ms'o,7
cospardere,7
quattroccho,7
sottoporglio,7
accucciare,7
rite,7
ghignante,7
lenare,7
tirino,7
olistico,7
fortie,7
panoramira,7
degliere,7
calastra,7
rivolgergli,7
culmo,7
superbia,7
0221,7
fatalista,7
sostituivare,7
spremuto,7
raffigurato,7
monachina,7
sfruttere,7
danneggeere,7
espliciti,7
illusorietà,7
stonata,7
elogiano,7
abbuiato,7
cassiano,7
congiuntare,7
mangimistica,7
1899,7
allappa,7
comminato,7
sopravvissuta,7
ispessì,7
operala,7
percome,7
odiar,7
perennee,7
zieo,7
librino,7
3550,7
scaturente,7
roncade,7
giovenco,7
catafalco,7
strenuare,7
dozza,7
recitere,7
distoma,7
anee,7
evince,7
regalatevere,7
civettuolo,7
suggerirebbe,7
sopracciliare,7
yemenita,7
sativa,7
colonialistare,7
gracchiare,7
bindello,7
disfarsene,7
faye,7
dunaway,7
prolea,7
reinterpretazione,7
ribolla,7
ricorderemo,7
brulicante,7
fiorentinismo,7
impostace,7
u7ia,7
ciabatta,7
certosina,7
rendez,7
menda,7
intesse,7
franta,7
rarissimie,7
sessantacinquemila,7
soyuz-16,7
nebbione,7
avventuriato,7
rugbista,7
preserva,7
tonia,7
giannantone,7
imputabili,7
guarnello,7
perditempo,7
levino,7
assassinata,7
sfatai,7
blandizia,7
cedilo,7
unghiato,7
enosteo,7
fantasmagoria,7
pedesina,7
gozzaniano,7
pacifiste,7
rutigliare,7
coronato,7
scamosciare,7
appellò,7
faonoè,7
isere,7
tucul,7
pollici,7
frolla,7
antiregionalistico,7
janere,7
itinerara,7
indirizzandola,7
coronano,7
causere,7
ecuadoriare,7
firmeranno,7
risolverà,7
ricorderai,7
ipoteco,7
mido,7
ristrutturatone,7
gelose,7
idoleggiare,7
scoreo,7
imbro,7
portavalorio,7
elvirare,7
scampitello,7
fenit,7
sii',7
campitello,7
considerarma,7
aerobrigare,7
modellato,7
melliflua,7
deformanti,7
ottale,7
rinomanza,7
issai,7
lavina,7
razionalare,7
intensifichere,7
garufalias,7
demotico,7
manifatturierare,7
nequizia,7
aspirala,7
versamentare,7
claai,7
arrotondamento,7
mangiatore,7
flagellazione,7
forzuto,7
vederselo,7
contorsione,7
cadaverico,7
figurativamente,7
mitografia,7
acetita,7
controverire,7
soldatino,7
beavo,7
gruppio,7
cervicare,7
stenmark,7
guardialinee,7
snaturerebbero,7
prevalsire,7
gitter,7
cagney,7
supplento,7
longevo,7
scienti,7
lindore,7
assegnatano,7
andrere,7
assideramento,7
alogene,7
estreme,7
ficcanto,7
cagano,7
israelita,7
gomitare,7
ammonito,7
impegnassero,7
portatoci,7
affolla,7
punitiva,7
sbarcò,7
berluscone,7
mungare,7
amministrar,7
sida,7
nocciolina,7
goalre,7
rovero,7
schietta,7
sanguino,7
appacare,7
massimalisto,7
fibbiare,7
oserei,7
cosmopolitico,7
languente,7
prodotte,7
imperituro,7
assistenzialista,7
grate,7
trombare,7
motivò,7
imbocchare,7
sicurtà,7
latinoamericare,7
galeottare,7
ocde,7
possegge,7
oceanice,7
conoscerò,7
pirao,7
pondera,7
guaì,7
abbandonassero,7
retributiva,7
rampogno,7
robilante,7
rimetterebbe,7
proliferato,7
calorosa,7
pesòre,7
sottrarce,7
forda,7
altko,7
dissipatore,7
sapemmo,7
esplosività,7
gcil,7
asturio,7
ficcho,7
larghezzo,7
serena,7
neoistituito,7
microclima,7
contestiare,7
comprenderò,7
raccolse,7
alloca,7
avocatore,7
misticamente,7
antiquo,7
latifondisto,7
bettolina,7
codifica,7
trullare,7
giuncare,7
midem,7
ricoprivo,7
mogle,7
coltiva,7
caracolla,7
goldwater,7
osservòo,7
progrediscere,7
valenzare,7
biancastro,7
allegata,7
concernonore,7
assicurandone,7
sincacato,7
incantino,7
morderme,7
montalbare,7
ingigantito,7
intana,7
facoltativare,7
masaie,7
traducessero,7
condano,7
alcolica,7
pattuglio,7
dignitosissimo,7
riaffidare,7
sgomitare,7
contestatilare,7
ladorare,7
prodiga,7
defecazione,7
favolosare,7
baas,7
soggiungore,7
ciurma,7
vivacchiano,7
precisabile,7
staraci,7
furlana,7
minatone,7
posativo,7
allenalo,7
telemercato,7
intercesso,7
ricchezzare,7
proclamere,7
contingenta,7
abissinia,7
invincibilità,7
osculazione,7
belante,7
codificato,7
figurone,7
peregare,7
genoo,7
flessore,7
listante,7
gavitello,7
sumero,7
rauto,7
frugolo,7
venissero,7
dueville,7
montresta,7
aiutandolo,7
cloaca,7
spiegherebbero,7
vego,7
usao,7
castorare,7
impiegao,7
fallante,7
antibolscevico,7
funzionalizzare,7
estendendo,7
cauzionare,7
autoscale,7
rioffrere,7
consolidere,7
saponaio,7
adonella,7
iimpegno,7
approfittere,7
-cisl,7
duchamp,7
vancia,7
responsiabilita,7
citologia,7
transitoriamente,7
agitatorio,7
horkheimer,7
traumatica,7
psda,7
brunette,7
cariddi,7
dattiloscritte,7
succeduto,7
glafcos,7
danguillaume,7
sartia,7
arede,7
naufraga,7
zanica,7
impadronì,7
riuscirebbe,7
sussista,7
tiepidezza,7
girgento,7
calaccio,7
alcab,7
anglosassonere,7
sorgessero,7
centigradere,7
finissero,7
tallare,7
succedutese,7
presunte,7
alexanderplatz,7
confermala,7
'azione,7
cirre,7
talpone,7
ipoteso,7
petulare,7
rotao,7
piovo,7
eluse,7
inforestiera,7
corradino,7
ancelotto,7
borrai,7
accentazione,7
citologico,7
lamezia,7
cardiotonico,7
ungei,7
descere,7
nebulosa,7
trasporti,7
istrada,7
arzagola,7
riguardino,7
accingendoso,7
scarsa,7
introcque,7
buddismo,7
miopi,7
frigoria,7
ultraconservatrico,7
petrodollari,7
censibile,7
dcclio,7
sopravvivente,7
avvalgere,7
1775,7
umanitarismo,7
stigma,7
estratti,7
verifichino,7
paralizzandone,7
spastica,7
intercalale,7
escussi,7
bresaola,7
renzi,7
ionale,7
questionarlo,7
goffredore,7
messicare,7
gandarare,7
premetre,7
pulitana,7
speciosità,7
indebolì,7
sbrana,7
distratta,7
sospevere,7
arrerre,7
saettante,7
meritasso,7
dribbla,7
proficuità,7
schiacciata,7
ripuliscere,7
credendolo,7
cagane,7
pantofole,7
gragnolare,7
amicis',7
quarrare,7
pentagonale,7
varicella,7
piandimeleto,7
avvilere,7
estimazione,7
arcaicità,7
sfalsare,7
terribilità,7
sublimo,7
duchesse,7
pdium,7
biondare,7
olimpiada,7
lucerno,7
divulgatore,7
gratto,7
dodico,7
valutana,7
intrattenure,7
sanguinosi,7
strabocchevolo,7
rivendevare,7
vasia,7
ornaio,7
rhoe,7
provincializzazione,7
pancone,7
strappandolo,7
pirandelliare,7
inalalo,7
solfi,7
biorizzazione,7
attualissimi,7
riempitivo,7
tromello,7
devoniano,7
immaginere,7
rivoltee,7
fiderai,7
esentamo,7
centoundico,7
incongrue,7
armene,7
suscitatriceo,7
destituita,7
tangenza,7
avviata,7
aggrappandoso,7
locatizio,7
infonde,7
concludese,7
lapalissiano,7
maiere,7
vitino,7
condensazione,7
affermatone,7
rilegatura,7
parassitano,7
opisto,7
versarlo,7
milionesimo,7
animante,7
consola,7
contraddette,7
truffò,7
diffuse,7
cantùo,7
privilegia,7
fiie,7
aspie,7
brasato,7
batave,7
legittimato,7
benevole,7
fornirebbe,7
mutuatario,7
colorista,7
cosmologico,7
vaporizzazione,7
benildo,7
cimagli,7
carisolo,7
avvalorere,7
scivolamente,7
ateista,7
isolde,7
avanzalare,7
esagerire,7
inscritta,7
xeres,7
resteranno,7
aureliana,7
intinte,7
proclamale,7
sostenessero,7
eere,7
finisca,7
aspretto,7
danzico,7
sterpa,7
compartecipare,7
torricella,7
sottomano,7
egizia,7
janossy,7
tutùe,7
visitabile,7
fines,7
bullonale,7
altucca,7
nefario,7
speranzoso,7
rimandabile,7
ridonde,7
declassato,7
nazionalsocialisto,7
riconfermo,7
ateistico,7
miriadio,7
reclamato,7
esore,7
ccondizione,7
flaure,7
giordana,7
rimborsa,7
jeanpierre,7
demografo,7
miserando,7
manifestatasre,7
dissennatamente,7
suscitavare,7
bachino,7
guarìre,7
azzorro,7
casaccare,7
provocatoro,7
conservatolo,7
dellha,7
ammere,7
fiumiciattolo,7
lombardone,7
aralo,7
risparmiò,7
risicata,7
natabile,7
udiire,7
rimarginato,7
concordino,7
sottotono,7
mcmillan,7
smarcamento,7
grippare,7
sporgenza,7
celebrante,7
giorgina,7
amalgamato,7
freddato,7
convergire,7
diffidolea,7
quarantottenne,7
calamire,7
aviotrasportare,7
belligeranzo,7
orerre,7
riunto,7
depista,7
diurnare,7
loscho,7
conquistarere,7
lagunari,7
norina,7
candire,7
rivira,7
privilegiale,7
cupire,7
dannunziana,7
arrangiatore,7
colpendolare,7
vivaddio,7
rastrellato,7
ladrocinio,7
fartisi,7
interveniare,7
evandro,7
encomo,7
attringare,7
sfilio,7
finge,7
seenza,7
dipoli,7
connaturale,7
accompagnalo,7
direih,7
scorse,7
antiriformatore,7
mordenzai,7
waldheimre,7
tricre,7
caratteri,7
internazionalirre,7
malgaro,7
villere,7
riorganizzato,7
lignificare,7
tenorile,7
ervet,7
sanguisuga,7
attenne,7
attenna,7
candelabro,7
consentirapere,7
ineguagliato,7
bendamo,7
esordare,7
nascite,7
genese,7
allusivamente,7
salt-2,7
sforzere,7
chiloton,7
auella,7
oleico,7
genuro,7
mietitrebbia,7
cooptala,7
urtico,7
precotti,7
riapparve,7
cnaazionale,7
damigiana,7
scito,7
imporro,7
polpe,7
equiparato,7
ateleta,7
leviatano,7
alban,7
capeggiato,7
bonomio,7
centoquindico,7
sfioravare,7
altoatesinare,7
sudtiroleso,7
mettente,7
orbitanto,7
ringhioso,7
ostaco,7
esulre,7
politicae,7
giochine,7
autorizzavare,7
feneal,7
ninfeo,7
salassare,7
scatta,7
raffazzonato,7
bitritto,7
tenone,7
abolivare,7
ddirigente,7
coprano,7
ritrattista,7
alcinare,7
popolaio,7
autocentro,7
diarchia,7
abdulkadir,7
dottrine,7
combinatorio,7
sedar,7
distinguevare,7
attingare,7
federalare,7
librato,7
condico,7
bidonare,7
adottarere,7
bardonecchio,7
ripenso,7
cagnara,7
albaredo,7
riserviamo,7
saldaturare,7
sirianare,7
fornendogli,7
menefreghismo,7
assre,7
massey,7
stradario,7
affardellare,7
imbottigliatore,7
rigole,7
4050,7
procedono,7
guardere,7
normalizza,7
acroma,7
indilazionabilità,7
rimira,7
analcolico,7
rogers,7
carello,7
bacherà,7
psichiatrizzazione,7
consumò,7
macchinette,7
ellenismo,7
isedio,7
piantatore,7
gionato,7
permettete,7
sperando,7
coprio,7
cina',7
principiare,7
stefanopulos,7
iniziae,7
pananto,7
landino,7
adirle,7
riterrebbe,7
ceentrale,7
colsero,7
fattegli,7
negromante,7
sanse,7
limitiamoce,7
dinne,7
pantografo,7
giubila,7
partecipa',7
tahito,7
decadento,7
mantennero,7
sottopongare,7
verdicci,7
euratom,7
armoniare,7
abbere,7
differenziarto,7
rescisso,7
sopperiscere,7
organicato,7
cicco,7
zando,7
cuoce,7
togliendolo,7
insistilo,7
saif,7
handicappata,7
scampitella,7
diafano,7
samarcanda,7
californiana,7
rigardare,7
ciarpame,7
ventisetto,7
turgenev,7
boemio,7
qual',7
19751976,7
canizzare,7
farmi,7
comparaggio,7
aumentalo,7
focaio,7
spesare,7
oyace,7
antonin,7
etologo,7
qquattro,7
conomico,7
brevissimi,7
acerrimi,7
vada,7
panierare,7
blanda,7
baldi,7
laughton,7
predispor,7
anteponiceli,7
sovrimposta,7
alterna,7
mattao,7
covile,7
illesi,7
diserbo,7
steppare,7
euridice,7
mesero,7
estrae,7
lendine,7
confessarere,7
sottolineandonere,7
pralungo,7
oliano,7
medesano,7
mitragliatriceo,7
albisolare,7
myanmar,7
nascondesse,7
cotica,7
rilanci,7
sperante,7
frena,7
muoviamo,7
mutandina,7
garantissero,7
champagne,7
tevero,7
leggiuno,7
interrogatolo,7
penzolo,7
invere,7
posporre,7
prepoter,7
trasalimente,7
colacele,7
straorzare,7
sapare,7
elaborata,7
lesbica,7
sprinters,7
appoggino,7
barica,7
sulcls,7
ridice,7
condofuro,7
reperì,7
onofriare,7
parallelepipedo,7
macine,7
nordica,7
somaro,7
dclio,7
favoriscare,7
licenziòre,7
rivestivare,7
giaine,7
pistolero,7
sclerotizzato,7
articolatissimo,7
pedano,7
graditissimo,7
yf-16,7
cavezza,7
recatoso,7
spiazzato,7
antropometrico,7
stolte,7
lancire,7
bacinella,7
riducire,7
tonnetto,7
considereremmo,7
trivio,7
apireno,7
borrello,7
bentley,7
necropole,7
farp,7
picche,7
vecchiano,7
iugoslavi,7
perdessero,7
accentuarono,7
filtrazione,7
terapico,7
predoso,7
consonante,7
criccho,7
lettola,7
placidamente,7
tapparella,7
circonvenzione,7
lussuosi,7
enèl,7
robustezzare,7
ingrassaggio,7
meditar,7
turkmeno,7
pittato,7
candelina,7
rancido,7
malfermare,7
riderire,7
vinadio,7
malvista,7
intravedevare,7
fegare,7
radiogramma,7
figliar,7
ugola,7
riscritre,7
zapato,7
redaggere,7
piom,7
toccar,7
incornata,7
gambiare,7
dentifrico,7
gulf,7
risultar,7
cambiere,7
trienno,7
assicurere,7
lottizzatolo,7
indovinello,7
attribuiare,7
fordo,7
trovatosi,7
raccolsero,7
dilavare,7
transennato,7
riservale,7
ungente,7
assiepato,7
febbrone,7
sgrò,7
pigionale,7
incompresa,7
romo,7
ritti,7
sinbacato,7
quadracela,7
retrai,7
dilano,7
sceglievare,7
delìunità,7
timorosi,7
ricordandone,7
regazzone,7
regolarissimo,7
classicamente,7
bianconera,7
pajettare,7
vinila,7
raspinare,7
finterò,7
posseggere,7
perdasdefogu,7
occultato,7
ipocrisio,7
dimostrasse,7
aga',7
abbandona,7
vantato,7
frastornante,7
vicentinare,7
sedur,7
mutagenesi,7
oncogeno,7
prodigarere,7
significasse,7
diroggere,7
malaparato,7
balene,7
issea,7
orlata,7
sopraintendente,7
produrere,7
italicus,7
recassero,7
compassare,7
configurandoso,7
turpiloquio,7
leuwen,7
partecipaazione,7
severinare,7
emeo,7
alfonsine,7
cetarare,7
arringare,7
dindin,7
riservatamente,7
cinquino,7
operande,7
varala,7
ordii,7
diluìre,7
areola,7
gallore,7
bestiola,7
xxxviii,7
settant,7
newli,7
minestrone,7
motilità,7
ambrosiare,7
professionisticio,7
militaristare,7
insapere,7
estemporanea,7
bossi',7
riservalo,7
bibiana,7
stoltezza,7
baciatore,7
assiderato,7
versamere,7
dotala,7
gustavina,7
torrimpietra,7
emessa,7
lammermoor,7
gardner,7
vetriolo,7
berne,7
scolopo,7
declinazione,7
ricavò,7
minisiro,7
storpiare,7
modificavare,7
sciorino,7
macchiato,7
nandù,7
citate,7
veterana,7
vittimare,7
casata,7
affermatese,7
soluzionare,7
affonda,7
sfavillante,7
svergognare,7
chiamai,7
volsci,7
abbrumo,7
bolzanese,7
prezzolino,7
roggia,7
alberga,7
ascendeere,7
eseguare,7
interrompono,7
tribunesca,7
cattiva,7
alfabetizzare,7
codardo,7
beccolo,7
considerarere,7
uscisto,7
suppongo,7
riprodotta,7
gianneggere,7
tariffazione,7
infattii,7
salata,7
terrenare,7
tagliatore,7
vaguo,7
safeno,7
rivoluzionarismo,7
errale,7
giubilazione,7
tempi,7
zoccoletto,7
belline,7
cozzale,7
bareno,7
tiento,7
precorrere,7
avvergere,7
metrovio,7
sprira,7
giocarere,7
celiano,7
individuata,7
ricercatezza,7
biografio,7
migliorabile,7
verticistica,7
dilettamene,7
rivisito,7
zanne,7
collocalo,7
concordò,7
riducevare,7
rosicano,7
ventinova,7
eccezionalissimo,7
preconizzato,7
espletato,7
supercolosso,7
gelasiore,7
spiacente,7
sottintendono,7
sberla,7
razzedere,7
prosopopea,7
tracimazione,7
pevero,7
imbottituro,7
cerchione,7
march,7
francano,7
assolutizzare,7
gonfiatura,7
unav,7
agitala,7
tronca,7
falsifico,7
superstiti,7
cardinali,7
6ullo,7
bitef,7
errire,7
penino,7
pensamento,7
scambista,7
relazionere,7
capeggiata,7
assegnale,7
discord,7
giulie,7
riunificato,7
criccare,7
pandemonio,7
villeggiare,7
imbastito,7
contenare,7
mobilizzazione,7
scoraggio,7
tarano,7
golgota,7
gregorettl,7
intervenne,7
ordinalo,7
corrottissimo,7
snodatoso,7
arresa,7
affidano,7
mangere,7
1846,7
tracciavare,7
brage,7
sorvolere,7
inverosimiglianza,7
spacciata,7
tuttaip,7
sgolo,7
orgone,7
semiconduttore,7
precettistica,7
destar,7
stampiglia,7
elevante,7
fattocela,7
pakistanre,7
armaiolo,7
lacrimoso,7
palmiare,7
enricoo,7
uespione,7
cancerogenesi,7
preconizzano,7
rampicante,7
troveranno,7
biografica,7
actina,7
annetre,7
picchiale,7
accoppiato,7
ideogramma,7
agguantato,7
basolato,7
piumare,7
munda,7
pistolettato,7
quadricipite,7
vincolano,7
palafittere,7
frapponga,7
magliaia,7
dubbiere,7
elasticamente,7
crottare,7
spiattellare,7
strozzino,7
gustale,7
astista,7
tribere,7
drammatizzato,7
tatiana,7
repressiva,7
multiplio,7
direttere,7
divampavare,7
madiere,7
capannelle,7
conosciutissimo,7
catamarano,7
logicare,7
sgroppare,7
negretto,7
barlassino,7
rimessosi,7
penala,7
trattorio,7
badillo,7
rivolgerto,7
gruppi,7
etino,7
parti,7
manduria,7
cubar,7
ciatta,7
boumedienne,7
efta,7
eccocio,7
per1,7
lettiga,7
romilda,7
avutasi,7
dipa,7
anabolizzante,7
giudichire,7
salvamento,7
stettere,7
alario,7
conflagrazione,7
arteriosclerotico,7
schiaccia,7
detesta,7
ricordar,7
tarante,7
lacchè,7
esorcistico,7
dammene,7
riapparsa,7
ergette,7
avvertì,7
kannenberg,7
triccare,7
perìo,7
decelerare,7
esserselo,7
pianole,7
munitissimo,7
lelouch,7
contentissimo,7
opposa,7
rimediato,7
etie,7
subo,7
ventenire,7
slitto,7
misconoscimento,7
succedeere,7
presupponevare,7
unsa,7
giocherellare,7
biscio,7
popòo,7
fanciullezza,7
soffrirere,7
idille,7
soprintendento,7
lapillo,7
ooccasione,7
sammarinesi,7
confinale,7
litigato,7
rinnoviare,7
cnminalpol,7
complicanza,7
popolatone,7
sudcoreana,7
ancd,7
altruista,7
enfaso,7
etàlia,7
manovrere,7
pascare,7
radiodramma,7
lettone,7
meugliano,7
prospettava,7
purista,7
commenda,7
protrattendere,7
rimediabile,7
esponenziale,7
aggiunsa,7
maestrare,7
strade,7
indimostrabile,7
mareggio,7
deflattiva,7
tillo,7
virino,7
sacrestano,7
6ull',7
negarere,7
hubbleca,7
taft,7
carassi,7
colpendole,7
cince,7
adiste,7
illusiorre,7
pose,7
sbandale,7
operatolo,7
villaputzu,7
fuentealba,7
sucre,7
amharo,7
rodale,7
vedrei,7
limitarmo,7
divide,7
dierezione,7
ferraglia,7
beniniare,7
rodeio,7
polarità,7
risolutezzo,7
coppere,7
fremila,7
villacidro,7
chitarrone,7
dischiusa,7
anidre,7
usfi,7
preoccupiri,7
arenano,7
discrezionalmente,7
congenitamente,7
1048,7
permettendogli,7
gimac,7
dodecafonico,7
emmanuella,7
insussistenza,7
ascritre,7
serenissimo,7
accoglio,7
azzorre,7
bifolco,7
riaffacciere,7
fruttere,7
fardelle,7
petrucello,7
riservisto,7
approvere,7
giselle,7
calamia,7
beneto,7
rifiutire,7
tecco,7
civitacastellana,7
delegatone,7
filarete,7
trovira,7
bestie,7
libererare,7
incomprese,7
quintuplicato,7
bazzuto,7
sfuocato,7
addentare,7
atteggiamentare,7
reagirebbero,7
mortificano,7
addobbato,7
puntarere,7
badasse,7
leugge,7
mediatesela,7
urne,7
baadermeinhof,7
fatao,7
sopraffino,7
didascalicamente,7
vendile,7
rilassato,7
sussistessero,7
itavia,7
annettico,7
areamene,7
ranniccare,7
costruisrre,7
longobardi,7
gedeone,7
ricondur,7
avvenure,7
anchilosato,7
superarre,7
giaciglio,7
antireumatico,7
incuriosito,7
avertene,7
ama'e,7
paiole,7
interazione',7
fingo,7
formao,7
polizzo,7
comparivo,7
imprevirre,7
congruamente,7
commissaria,7
insonnia,7
trasfudere,7
cabinare,7
ambitissimo,7
gavazzana,7
tabarin,7
dirittare,7
dipinta,7
donzelloe,7
elargiscere,7
ardi,7
emula,7
cortendere,7
arcangela,7
botko,7
approfondimere,7
ammontace,7
parapiglia,7
cannula,7
cresme,7
stagnola,7
richiedo,7
psicodramma,7
trentaquattrenna,7
scorciatolo,7
iorai,7
soares,7
bossoli,7
miscelazione,7
rilassante,7
stronchare,7
quintana,7
portammo,7
conosciamo,7
diadere,7
ragliamento,7
confagricolare,7
pavloxid,7
esaltatore,7
indigena,7
giardinare,7
aliterà,7
monesiglio,7
tatuare,7
slealtà,7
inauguralo,7
sottrar,7
compiutere,7
algoso,7
calamo,7
ricompongere,7
fumeria,7
interdipartimentale,7
battano,7
disinnescato,7
alluna,7
sostituii,7
nerissimo,7
adempiire,7
concordemere,7
coagulazione,7
eludono,7
riqualificato,7
dettino,7
disimpego,7
almè',7
iniziativere,7
arcolo,7
vaccarino,7
divergenze,7
arit,7
1scritti,7
referea,7
cambrico,7
personalista,7
penserebbero,7
indecorosamente,7
dimenticar,7
torreso,7
auspici,7
oort',7
vicare,7
letalmente,7
scudiscio,7
anticatila,7
aldine,7
garantisserare,7
ridefinere,7
chiuder,7
riscoperto,7
baldassarrere,7
cupar,7
moloc,7
pietrificazione,7
insalata,7
ricomparve,7
asocialità,7
danubiare,7
provinceip,7
vanificherebbero,7
ricercavare,7
insegnino,7
raggiungire,7
floridere,7
rimasticatura,7
miliardi,7
toglia,7
imitala,7
diure,7
prontuaro,7
crisolire,7
mollar,7
notture,7
serramazzone,7
meridionalizzazione,7
risalga,7
civilmentere,7
lupacciotto,7
semplificartico,7
alineare,7
gelatinoso,7
finanziata,7
altaleno,7
cenerere,7
tinteggiatura,7
divene,7
case,7
casalduno,7
avvisa,7
monacale,7
abitala,7
oppiala,7
battiamo,7
trasmissibile,7
meditatamente,7
giudiziosamente,7
pillolo,7
chinina,7
ovvie,7
augurandoco,7
divo',7
eccedile,7
dope,7
collero,7
irrompevare,7
confereenza,7
segrato,7
inedificabile,7
dimenticherò,7
civettare,7
semestro,7
caricavare,7
autocorriera,7
garmin,7
rale,7
polpetta,7
miglianico,7
pisciare,7
meritere,7
smottere,7
deschamps,7
dittamo,7
querelo,7
politologio,7
edipico,7
extralberghiero,7
pallamano,7
aggraziato,7
aristocraticamente,7
ammansire,7
dormito,7
saldatrice,7
abolii,7
bendata,7
preludare,7
giuntaa,7
limitrofa,7
mutilata,7
orripilante,7
scenica,7
escaro,7
farli,7
aeranto,7
sortitare,7
esigenti,7
viaggere,7
arbitraria,7
orsolo,7
predestinazione,7
pinellare,7
aborrire,7
derivarere,7
neanch,7
violone,7
fusillo,7
aerofotogrammetrico,7
carrellire,7
schiaccianoce,7
spartile,7
glossa,7
automotrico,7
lemano,7
usurpa,7
debitare,7
perquisivare,7
ansacelo,7
aleatore,7
secchiello,7
arcavolo,7
deposte,7
preferiscare,7
terere,7
pessinetto,7
castellucci,7
capottare,7
ildee,7
stupirsene,7
irroratore,7
ripartimentale,7
duplicare,7
distruttivere,7
consentiere,7
attenuando,7
tensare,7
italconsult,7
sterilizzato,7
morosa,7
guardiacaccia,7
indubitabilmente,7
telefonai,7
rifiare,7
cistire,7
violire,7
voragina,7
coinvolsero,7
calandolo,7
anticorpo,7
intono,7
pulsazione,7
trapiante,7
19s3,7
rooseveltiano,7
rimetta,7
vattene,7
paraguayano,7
asciugacapelli,7
contrappendere,7
stentace,7
ricorda,7
sorrere,7
scurita,7
ostacolerebbero,7
disarmanto,7
favorivare,7
arastere,7
maschito,7
disumanere,7
locarnese,7
destrorso,7
facessare,7
sofocleo,7
mangiata,7
rigorosi,7
prolifera,7
intreccia,7
traghettamento,7
informarono,7
ottantaquattro,7
complichare,7
uspie,7
imparre,7
viscontino,7
posticcia,7
montanino,7
bomporto,7
introdovere,7
tenni,7
strepire,7
miniatone,7
esporrebbe,7
rinvenibile,7
scarsella,7
intratterre,7
moleo,7
accadevare,7
accorro,7
normo,7
sofferma,7
svolsa,7
vango,7
fallissero,7
convezione,7
divelgere,7
daziale,7
immondezzaio,7
autogestita,7
fruga,7
radioline,7
fiancato,7
alimentao,7
igienica,7
tardò,7
solertare,7
tradivo,7
rinsavire,7
cumule,7
urbane,7
combatta,7
ingrandì,7
allestari,7
imponesse,7
spesai,7
aiutone,7
idola,7
volksbuhne,7
apositare,7
ginnasiale,7
carnici,7
1864,7
cicatrizzare,7
preannunci,7
trasformatoso,7
venetore,7
amorazzo,7
bulgara,7
gittare,7
filza,7
biomassa,7
avole,7
pungire,7
colibrì,7
accoglievare,7
ciarlare,7
don',7
industrializza,7
avvertiare,7
vigevare,7
slittano,7
abbaino,7
piastrina,7
provocatrico,7
filadelfia,7
superdotare,7
dannosamente,7
bigottismo,7
fustigo,7
anglofone,7
contesso,7
oligopolistice,7
burnetta,7
1821,7
innumerevolo,7
patir,7
includa,7
istat',7
laureata,7
bitterai,7
teramana,7
nominalistica,7
moby,7
zelia,7
reinvestere,7
migliori,7
punteggiatura,7
miglioramene,7
pregiatissimo,7
solei,7
impartiscere,7
ofena,7
sbordo,7
soffia,7
diffondeere,7
szeryng,7
pagino,7
pacino,7
ostruere,7
subappaltatrico,7
respincere,7
esplichare,7
iulo,7
partenopeare,7
vargas,7
lloso,7
scriverare,7
veggente,7
pompo,7
-'72,7
ostiensire,7
torlonia,7
istallo,7
ritira,7
zeul,7
gutta,7
condir,7
guitta,7
dioica,7
razionarle,7
carpazi,7
rimpolpare,7
conquedere,7
audiore,7
giustificandoso,7
dnao,7
fondante,7
cortisone,7
fottare,7
ammonto,7
imbozzo,7
ogne,7
rococò,7
avo',7
importano,7
diacronico,7
arborio,7
dpresentare,7
occupandone,7
piago,7
sfruttavare,7
penere,7
portassere,7
chere,7
sessantaduesimo,7
palumbo,7
ilaro,7
democristiana,7
lambito,7
lampeggiare,7
contribuere,7
facinorosi,7
casagiove,7
canzere,7
norie,7
deprecazione,7
torreggiare,7
oadere,7
cisid,7
pervenutico,7
elzeviro,7
confuto,7
all3,7
incingere,7
versino,7
mugugnare,7
laurinare,7
vieneo,7
iotare,7
19731974,7
motorini,7
sotterraneamente,7
guariscere,7
scandì,7
allibar,7
dronero,7
giil,7
streptococco,7
manciuria,7
rifiuta,7
bevo,7
analogiare,7
fenomenico,7
parroci,7
filatelista,7
bonaccio,7
scaglionamente,7
cedevole,7
mannaro,7
assoda,7
emolumente,7
realizzala,7
anarchiare,7
saccheria,7
rigidare,7
aeromeccanico,7
sbollo,7
assopito,7
suaccennato,7
calio,7
indirizzino,7
regionalistere,7
usufruiscano,7
burnette,7
recisone,7
firmere,7
bronzea,7
sieroterapico,7
autolesionistico,7
dolorosissimo,7
acchiappare,7
finare,7
fende,7
fortuitare,7
disinterettere,7
cineforumre,7
frecca,7
odare,7
sondo,7
obbediento,7
vanino,7
pasticciona,7
modestare,7
destalo,7
foruncolo,7
randagio,7
dichiarale,7
riversa,7
bernesco,7
blasfema,7
gallinare,7
aldegardo,7
inattuato,7
curandone,7
isolata,7
grenada,7
teamo,7
tubolario,7
end',7
foggiane,7
batterla,7
impolitico,7
batteriologicamente,7
mirato,7
azzato,7
carate,7
esergo,7
miniero,7
subite,7
bersagliato,7
dirotgere,7
rinnovi,7
tardamente,7
doli',7
abco,7
osante,7
carnagione,7
auditore,7
galvare,7
femminare,7
squillace,7
acostituzionale,7
derivante,7
grisella,7
bard',7
pclola,7
colorismo,7
guardingere,7
grandi,7
statuizione,7
cercavo,7
durra,7
comodere,7
boss',7
chioccia,7
mascherone,7
scosceso,7
moscerino,7
rizo,7
perseguibilità,7
bischero,7
sabrinare,7
dioe,7
alassina,7
sostenemmo,7
morro,7
de1la,7
affarino,7
tomaia,7
settantasette,7
reoforo,7
perspicace,7
gioente,7
sfottere,7
travolgono,7
ceylon,7
dprante,7
incontratosi,7
segretarla,7
templare,7
tenuità,7
pianifico,7
protezionista,7
etnografia,7
posticipazione,7
comandamento,7
sedendoso,7
altisonanto,7
frappore,7
semovere,7
baricella,7
camune,7
fate,7
cantonata,7
prendevare,7
broncopolmonaro,7
osiamo,7
dimenticale,7
infudere,7
fervide,7
scss,7
dossi,7
valorosa,7
tortrico,7
tartino,7
profittevole,7
giungevano,7
defraudato,7
incanta,7
recala,7
annicco,7
trattamene,7
rovine,7
battilano,7
adduttrico,7
sarom,7
entalpio,7
greena,7
acfa,7
ufficiò,7
anitre,7
fenare,7
trasformale,7
macule,7
enurese,7
dolimo,7
autonoe,7
aquileia,7
a112,7
uxoricida,7
avventale,7
consentere,7
distrattamente,7
contrattalo,7
peggiorativa,7
trasmessoci,7
pugili,7
imprecidere,7
carovanere,7
antonianare,7
callasre,7
euale,7
quadrimestro,7
centrao,7
mutandis,7
baudolino,7
madore,7
posio,7
unam,7
geologicamente,7
uccida,7
farciare,7
esibìre,7
rugantino,7
dispieghare,7
tentale,7
simorre,7
poliomielitico,7
previdentissimo,7
cadiente,7
insoddisfavere,7
ridimensionate,7
acciao,7
tropare,7
balogi,7
pacificato,7
presenzo,7
andatare,7
etiopica,7
consortere,7
fidata,7
incalzeremo,7
sezze,7
ripromesso,7
scheei,7
escreto,7
sballottato,7
reclamere,7
slow,7
policarpio,7
bacillare,7
cordiglio,7
mossaco,7
pertugio,7
basiano,7
voyeur,7
corinare,7
ascoforo,7
smaniare,7
diamoci,7
accollandoso,7
piace,7
allargavare,7
collegamene,7
fonderiare,7
cogliendo,7
ammetto,7
rollbar,7
intuitivamente,7
cosciotto,7
cellaro,7
veline,7
validissima,7
ragazzetta,7
onice,7
ottunda,7
edicolante,7
frettare,7
disinteressa,7
epanafora,7
incasello,7
delegaio,7
gianfelice,7
smorzo,7
carrozziero,7
lariana,7
dessi,7
ranico,7
pescocostanzo,7
regiona,7
oleato,7
comprendo,7
coincidenzare,7
rifuggio,7
slovenare,7
reboanto,7
poca,7
perdute,7
introspettivo,7
globi,7
insospettata,7
fascicolare,7
gattopardescare,7
pinochetre,7
bignamo,7
gewandhaus,7
batato,7
fanre,7
estendesserare,7
portando,7
consigliarere,7
nullificare,7
sindiacale,7
bicameralismo,7
inideativa,7
attraversata,7
postko,7
operammo,7
sospendessere,7
quietato,7
medierò,7
prenda,7
vincolale,7
annunciazione,7
tapis,7
rogar,7
llquichimica,7
ersilio,7
sfilzare,7
esporsene,7
analogico,7
linguisto,7
patita,7
politlco,7
storgere,7
3150,7
saccuccio,7
spinetta,7
autoadesivo,7
pproposta,7
centinare,7
brezzatura,7
voluminosi,7
prevallo,7
sequals,7
superburocrato,7
abitalare,7
nazca,7
doccione,7
sniff,7
gustato,7
tunica,7
mcgoverne,7
ioto,7
argomenta,7
laccia,7
mandavano,7
tabacchino,7
diciott,7
seminira,7
batterle,7
fiduciosamente,7
birkenau,7
recempere,7
fauce,7
figario,7
attrezzate,7
priva,7
fecom,7
tenendola,7
cinquinare,7
urlato,7
alve,7
woodcock,7
ohimè,7
stiato,7
umts,7
gamella,7
bentlvegna,7
atteggare,7
2003,7
tessuta,7
decotte,7
sconciare,7
planato,7
schede,7
tillie,7
semprire,7
telesino,7
morandi,7
servalo,7
segala,7
parlamen,7
sfumo,7
tairare,7
emby,7
escandescenza,7
centinao,7
collegasse,7
serralo,7
fermai,7
bucassere,7
disponeo,7
astengono,7
italian,7
derivo,7
tomaio,7
bombolare,7
anelato,7
dibatta',7
beandoso,7
elevo,7
festeggiato,7
allegazione,7
piratesca,7
asio,7
arzacheno,7
inscenarono,7
brunata,7
thailandiare,7
margno,7
paulus,7
scandiano,7
andire,7
cigolo,7
ineleggibile,7
annego,7
topa,7
istrionismo,7
eurofama,7
diabolicare,7
effe',7
zaccario,7
sproloquo,7
pedantemente,7
riformata,7
autorio,7
buttrio,7
rifondandone,7
fasullare,7
debilire,7
merz,7
rogativo,7
compenserebbe,7
signorine,7
elettere,7
lesola,7
concei',7
classismo,7
inessenziale,7
discutibilmente,7
miscelatore,7
cloroformizzare,7
baez,7
sestriere,7
soporifera,7
stivino,7
barrii,7
arancinare,7
sorire,7
motelre,7
affollalo,7
quizlet,7
federtennls,7
foggiana,7
lodère,7
mascalzonare,7
mappo,7
spingerebbero,7
pioda,7
savinio,7
abbuo,7
torcila,7
veridico,7
echeggiavare,7
stupe,7
agroindustrio,7
elidi,7
deludenta,7
emicrania,7
balanino,7
eunuco,7
censente,7
strati,7
pagala,7
noèo,7
pigmei,7
schopenhauer,7
caldine,7
puntuta,7
lentata,7
spregiudicata,7
teta,7
cerante,7
elemosino,7
legittimala,7
sessantottesca,7
cinidere,7
fronteggio,7
criminogeno,7
danneggiale,7
condiamone,7
montenegrino,7
dalio,7
sastro,7
monetarista,7
ialire,7
amman',7
calascio,7
desertificazione,7
favorivo,7
svesta,7
intromesso,7
sostale,7
vivandere,7
psipri,7
bollalo,7
buiao,7
coordinale,7
forame,7
rosamunda,7
impedirglielo,7
serrano,7
riseria,7
lumiere,7
glando,7
rimangono,7
introire,7
seppa,7
laminala,7
quivo,7
prolabi,7
tecnocrare,7
anelale,7
fecondato,7
vlttorelllre,7
oidio,7
ratealo,7
ascitico,7
autodidatto,7
corroborante,7
celedisione,7
diedro,7
formazza,7
elevòre,7
girotto,7
beffardare,7
bassorilievi,7
programma',7
1810,7
suicidatoso,7
penetrale,7
ntara,7
tastone,7
consolidamente,7
pulone,7
trasfuso,7
accinte,7
subir,7
coccide,7
repl,7
qualitativamento,7
ardvere,7
pretoriare,7
noè',7
visitatrico,7
costavare,7
indaffarato,7
impestare,7
ondulatorio,7
merato,7
alarto,7
efeso,7
sviluppale,7
barbarigo,7
lotterà,7
baldisseri,7
cnel',7
smaltato,7
sommer,7
siron,7
dimensiono,7
rimpicciolire,7
speda',7
scolale,7
istillalo,7
foresteria,7
iucn,7
telefone,7
antisemitare,7
paglio,7
quarti,7
travedere,7
guarnaschello,7
suppliscere,7
traversino,7
barbaglio,7
aranceto,7
dicesso,7
sparpagliato,7
catturale,7
massera,7
uscista,7
intendete,7
concereo,7
basagla,7
acetica,7
aggreghare,7
ivere,7
ambrate,7
guastatoro,7
sebastie,7
scaltra,7
tufire,7
evolutive,7
ecclesiologi,7
graticola,7
reintegrato,7
sconfortato,7
scontalo,7
torose,7
quintilio,7
felizzare,7
raccaglio,7
rappresentatito,7
lassativo,7
sintomare,7
lessero,7
isluilre,7
raggiai,7
sottolinealare,7
strapieno,7
epicedio,7
ateare,7
diffonder,7
sudiciume,7
beltrama,7
ventriere,7
espansionistare,7
sciacchitano,7
detonale,7
candace,7
capota,7
contano,7
montcfibre,7
guitte,7
opaarticolare,7
inferta,7
cilengere,7
accertalo,7
risiedo,7
occorsoglio,7
antofagasta,7
onnivoro,7
investile,7
echare,7
servir,7
stampere,7
adenomo,7
gabbugglanl,7
patrigno,7
orientativamente,7
divertiti,7
virgulto,7
gambasca,7
puzzola,7
1008,7
alcolizzato,7
culatello,7
nuove,7
discutiamone,7
inerenza,7
autoblinda,7
elidia,7
silone,7
curala,7
bolbeno,7
paramorfismo,7
rinnovire,7
assiolo,7
tieno,7
redditare,7
inguanto,7
espn,7
retoricamente,7
alereto,7
dii',7
conservale,7
laminale,7
sforma,7
denutrire,7
affrontaio,7
sottolineai,7
orfila,7
autogeno,7
giuda',7
provocandoe,7
volteggio,7
blerao,7
concretarsi,7
soporifero,7
palm,7
limatura,7
evitale,7
rifusione,7
rivendicale,7
tornii,7
spiegale,7
campato,7
quietante,7
accodato,7
accademista,7
dogmaticamente,7
fluii,7
clorale,7
capofilo,7
matitare,7
esalamento,7
aracea,7
voghiare,7
convegnisto,7
varino,7
alinovi,7
consentii,7
figgere,7
contusa,7
carenatura,7
iridale,7
recito,7
bottigliere,7
deltazione,7
22enne,7
autolimitare,7
millanto,7
cedila,7
diriger,7
parole,7
esigine,7
cascalo,7
fiuta,7
ingegner,7
pollario,7
interconnesse,7
roteare,7
iliano,7
borchiare,7
comunali,7
polifito,7
effimera,7
godei,7
governale,7
ralis,7
insalubrità,7
affogamento,7
immobilizzano,7
esclamativo,7
puntina,7
possessivo,7
ciabattare,7
requia,7
scappi,7
adulazione,7
annerimento,7
sorgivo,7
sfibrare,7
arcuo,7
accagli,7
bugni,7
chatellerault,7
mari,7
franchisti,7
tiepida,7
pizzerio,7
lanao,7
esentalo,7
tienare,7
arbitrar,7
ortezzano,7
vittimo,7
giallista,7
plica,7
sollevi,7
licif,7
anfo',7
essimo,7
monteiaso,7
fattrice,7
rullio,7
spazzaneve,7
pnla,7
latgere,7
udile,7
rispettosamente,7
carbonaio,7
chiarine,7
acconciatura,7
ricollocamento,7
collegandoso,7
salvatici,7
sceneggio,7
angora,7
boccalone,7
rosaliare,7
correggo,7
dileguato,7
sparale,7
antinfluenzale,7
scorgevare,7
basine,7
usl',7
ispessivo,7
parmigiare,7
lattice,7
ammodo,7
sindacatilo,7
pesetas,7
obbedì,7
streggere,7
canniccio,7
peode,7
renoa,7
failla,7
investi,7
olmeto,7
ripropor,7
spigolare,7
lasciarma,7
caduchio,7
valutalo,7
300400,7
draguignan,7
cammei,7
aprirai,7
centrano,7
escutia,7
gioio,7
facit,7
lever,7
attribuiscono,7
cucchiaino,7
incastrato,7
cenesello,7
caccla,7
essen',7
coprirebbe,7
pansare,7
sparanise,7
pentere,7
compartecipante,7
vicende,7
risalgono,7
tanni,7
venerai,7
marionettista,7
mlnlstro,7
selargius,7
discutire,7
autocriticare,7
sparuta,7
fruttano,7
stagnolo,7
terapeuto,7
erborista,7
consolidandoso,7
costernato,7
arnare,7
parrocchietta,7
istrana,7
formicolio,7
airtags,7
prillo,7
adduttrice,7
ricottura,7
partecipai,7
afelo,7
presentarono,7
attendale,7
topica,7
riabilire,7
molièra,7
correttire,7
attrezzature,7
norvegiare,7
telescopio,7
espressone,7
19761980,7
sodala,7
edwards,7
attrezzaturo,7
faustina,7
innova,7
tensioattivo,7
aristofana,7
planata,7
invelare,7
decupla,7
qello,7
flessire,7
daremmo,7
dissacratore,7
agostinello,7
catturo,7
specialisticare,7
scavatore,7
paventavare,7
parassitoso,7
vernale,7
ludione,7
lontanissima,7
delibo,7
contrapponevare,7
cambiago,7
comomalè,7
orbi,7
gradua,7
giudicalare,7
'unità,7
fulminandolo,7
confabulare,7
alterca,7
brandito,7
esimano,7
sbozzare,7
iperbole,7
storiografo,7
augurante,7
risolver,7
imprevisti,7
valicabile,7
figuratività,7
fiordaliso,7
dekore,7
uova,7
cadei,7
psicologa,7
xxxix,7
menfio,7
digerita,7
fiaccato,7
mozartiare,7
fratricide,7
complicata,7
fitacna,7
cessionario,7
aristofano,7
manipolabile,7
monsano,7
genie,7
albito,7
bonucco,7
borseggio,7
avviluppo,7
sacet,7
centre,7
iniziatico,7
amarire,7
venure,7
conan,7
doyle,7
1369,7
dotale,7
smilzo,7
censii,7
delineatosi,7
conquisa,7
anfim,7
indici,7
17enne,7
bisacca,7
intervenile,7
illuder,7
recuperale,7
possiedo,7
instauratosi,7
ghire,7
allegorio,7
inscena,7
liniera,7
simoncello,7
facevare,7
intornio,7
repredere,7
reimmettere,7
evidenziale,7
cupido,7
malleolo,7
tardello,7
allrire,7
loretto,7
salvinare,7
diamanto,7
oleinare,7
smare,7
cedese,7
spazi,7
vincer,7
5200,7
misterico,7
pannoline,7
unilario,7
barachisio,7
ammanre,7
distanzio,7
erutta,7
resana,7
trarsi,7
raii,7
invocano,7
chiamar,7
battipaglia,7
ccci,7
peltare,7
ininfluere,7
camoglio,7
definitone,7
fierozzo,7
quaternario,7
racines,7
fipav,7
sottosistema,7
democraticissimo,7
abitai,7
adamre,7
gassificazione,7
severissimire,7
anurio,7
1828,7
politio,7
cadetta,7
sopore,7
dispregiativo,7
partimo,7
ammanetta,7
montacuto,7
quatta,7
tragica,7
prestiate,7
procedimene,7
sincretismo,7
svilano,7
elargie,7
amministrandone,7
gile,7
sciroppato,7
grissino,7
abbacini,7
corsi,7
terapeutice,7
crocicco,7
intelai,7
fitine,7
sviluppai,7
fon',7
oculo,7
masciago,7
sconfino,7
ramazzano,7
corsarare,7
priare,7
reps',7
esprimendo,7
sciito,7
pesista,7
astici,7
ributtato,7
puerilità,7
segregario,7
faille,7
stevenson,7
reedre,7
marianere,7
rimasco,7
merlale,7
lezzeno,7
laide,7
paladine,7
vetrinetta,7
retrodatazione,7
talaltra,7
sbottare,7
arcana,7
intessile,7
correzzano,7
sismografico,7
infermare,7
berardinello,7
culi,7
evasio,7
aforismo,7
spiedo,7
accessoriare,7
braccategli,7
vasellame,7
leopoldiano,7
nominalo,7
peloritano,7
uovare,7
scorda,7
controreazione,7
crinare,7
calerò,7
godibilità,7
supremazio,7
quadricromia,7
coccardo,7
biscazziere,7
giandana,7
turbere,7
decideere,7
pontificiare,7
oleine,7
schermografico,7
diradere,7
robina,7
valetti,7
visitalo,7
immettare,7
onesre,7
inventività,7
rapirere,7
bufali,7
maropare,7
rispolvera,7
argua,7
intervenute,7
gonnellino,7
disturbante,7
trullalo,7
sillabo,7
saliva,7
granisco,7
tanabe,7
considerar,7
ballar,7
alberace,7
bengue,7
ceeteo,7
flom,7
ideologa,7
gesellschaft,7
scambere,7
emina,7
copart,7
bistratile,7
granii,7
cincinne,7
inespressivo,7
moldare,7
pietosi,7
grenoble,7
riverniciata,7
junker,7
imparato,7
laureta,7
gian',7
essendoco,7
esperite,7
paas,7
sfuggia,7
wood,7
destinandolo,7
mindgeek,7
incanalamento,7
avvelenatore,7
fracassone,7
triumvirare,7
derubricazione,7
chi',7
garbar,7
ammare,7
esploder,7
aleatico,7
farinare,7
nude,7
rimana,7
grondante,7
bndd,7
dirtene,7
uccelletto,7
conosca,7
cesate,7
canapo,7
pazzarello,7
insenatura,7
spaiano,7
sottravere,7
30'r,7
attecchimento,7
milanendere,7
evoluta,7
denunciai,7
spendibilità,7
ramazzare,7
viciniore,7
segmentato,7
accasasi,7
ripercuoterebbe,7
esamino,7
granaere,7
sfittire,7
riaccostare,7
sorgire,7
ardano,7
obliterare,7
cabalo,7
trattatile,7
vediamoe,7
zincaco,7
raspare,7
ansatone,7
doveo,7
lanuto,7
rimanto,7
giocatole,7
versificazione,7
resecarre,7
austin,7
intrasportabile,7
rettale,7
barolare,7
unirai,7
seti,7
schaerbeek,7
eruttivo,7
eleuterio,7
vezzeggiare,7
slivere,7
frolinat,7
ndjamena,7
indicativamente,7
viluppare,7
alfreda,7
vincile,7
scribi,7
linee,7
merrelo,7
azotare,7
waidheim,7
oplito,7
interrogatilo,7
diversifico,7
thatcher,7
burre,7
costruir,7
pinte,7
tiaro,7
risparmiavare,7
esimare,7
pulisco,7
stranieri,7
favolello,7
lapen,7
riconoscessero,7
proemio,7
fassio,7
sequestrate,7
granisci,7
eristica,7
cimaglio,7
cliv,7
tiravo,7
certi,7
occio,7
azionaio,7
sospere,7
volatore,7
prodigalità,7
flce,7
retribuì,7
producine,7
pecunia,7
riserrare,7
congressare,7
spregevole,7
diadema,7
semito,7
continuar,7
minge,7
triciclo,7
manovri,7
torgiano,7
fodere,7
smarriscere,7
prelevarere,7
cooperaiva,7
meridionalistica,7
eugenetico,7
riferiscore,7
scender,7
adalgiso,7
manutena,7
iplas,7
1112,7
riecco,7
gianninare,7
redimente,7
cecco,7
danzi,7
lievere,7
angrie,7
malefatto,7
programmale,7
duplichare,7
polisportire,7
segnico,7
baldacchino,7
dorrare,7
barni,7
benzile,7
legandolare,7
calcinaia,7
scientifici,7
posacenere,7
burianare,7
uncine,7
strube,7
archita,7
universityo,7
teniamo,7
6trada,7
isserare,7
friulanare,7
invale,7
'182,7
spendaccione,7
ortofrutto,7
annichilito,7
catenaria,7
comunira,7
giacomore,7
straziano,7
inghiai,7
vediamolare,7
ecap,7
strutturalista,7
regionali,7
pancratico,7
minierò,7
tinnura,7
stimolere,7
paro',7
lapalissiare,7
attorale,7
ventidio,7
salvezzare,7
schlondorff,7
veri,7
sinio',7
miagolatovico,7
6port,7
i7ione,7
perseguile,7
architetturo,7
orestina,7
mauritana,7
alfarare,7
fedit,7
accorciato,7
sbalestrare,7
lagnoso,7
cdiii,7
ialito,7
brinata,7
galenico,7
gabell,7
semiologo,7
iccolo,7
catenone,7
serramanna,7
risvolre,7
facci,7
carciofi,7
censi,7
mimesi,7
utensil,7
vendica,7
dipignare,7
obli,7
dilettanta,7
finalizzalo,7
arcobalenare,7
divaricato,7
cantoniero,7
insistento,7
affermarire,7
pastoriziare,7
noccio,7
svaligi,7
aziendere,7
configgere,7
requisì,7
italofile,7
alage,7
emergeere,7
1140,7
calcato,7
garbugliare,7
policarbonato,7
prestale,7
ramanzina,7
aldegro,7
geneo,7
certificatore,7
tien,7
rettorare,7
pesciatino,7
nostalgicamente,7
sahib,7
deceder,7
incoronata,7
amiamolo,7
poietica,7
telescuolare,7
loginre,7
verificandone,7
moabita,7
immolazione,7
edil,7
organicistico,7
tagliia,7
sacripante,7
zarina,7
beggere,7
marnale,7
aberraco,7
antigrandino,7
confrontandoso,7
fashion,7
derise,7
sampietro,7
gervaso,7
cgilrcisluil,7
rincoramento,7
tabulale,7
canoe,7
boissare,7
brigantinare,7
iendere,7
sottoporremo,7
imbelletta,7
ortofrutticolare,7
76-t7,7
petrinale,7
ogm',7
fornaie,7
rispendere,7
dibattaiso,7
prestandomo,7
meterangelis,7
rostagno,7
trierre,7
sinistrismo,7
romire,7
0cc0rsi0,7
convertito,7
allogao,7
cavallare,7
siciliane,7
saccarina,7
viuzzare,7
vittadello,7
diseconomie,7
insediano,7
semerio,7
zumerao,7
sail,7
autoparcheggio,7
inaugurato,7
significatile,7
biandropere,7
imporsi,7
amministratico,7
arganista,7
amatino,7
inalar,7
dicemmo,7
boaro,7
rolre,7
pastino,7
licheno,7
contenute,7
demarcare,7
sanzionatorio,7
assenzo,7
arrossamento,7
melanio,7
ermi,7
biedenkopf,7
prezzemolo,7
cinigiare,7
garantitissimo,7
abbeverare,7
fobello,7
ruggireo,7
ranicare,7
isao,7
sottoscrissero,7
maritato,7
gups,7
moltiplicata,7
pedalino,7
bertoluccere,7
mariaroso,7
spea,7
-150,7
tizianesco,7
colia,7
folignare,7
cifr,7
circumflegrea,7
disponi,7
bellow,7
individualizzare,7
graduatore,7
silicea,7
life,7
averi,7
rigatino,7
verzegnis,7
chiesanuova,7
precedevare,7
usabilità,7
formerebbero,7
okapi,7
carradine,7
pipar,7
csedom,7
erbicida,7
coredif,7
padronalire,7
envio,7
intonargli,7
istradare,7
baratalece,7
ferrista,7
etimologico,7
elogi,7
valdicecino,7
lavoratoce,7
maggiorante,7
posteggiatore,7
panturca,7
dave,7
brusnengo,7
albereta,7
ispirandoce,7
usem,7
mercatale,7
sane,7
mastropaolo,7
battimo,7
mig-25,7
protesso,7
irsinare,7
capocchia,7
deodorante,7
azerbaijan,7
amac,7
industrial,7
impanato,7
faccetto,7
rivisitato,7
bonificato,7
abdichare,7
videosera,7
odontoiatria,7
nautilus,7
sangimignanese,7
guadagnale,7
docciare,7
huai,7
immagazzinaggio,7
permetteo,7
rivalico,7
miniassegni,7
raspasta,7
tantalica,7
ulanovare,7
ussi,7
eburneo,7
menopausa,7
catarro,7
lumet,7
chinamare,7
lazzata,7
ormeggiato,7
locaco,7
mazda,7
abboni,7
rie',7
gallery,7
arrotare,7
rullino,7
termostato,7
intervenito,7
ascalese,7
traforazione,7
pescivendolo,7
amatacela,7
bigotteria,7
ciadiane,7
sbollire,7
onoratice,7
stabbiano,7
ramar,7
sen7a,7
poscibile,7
pescicoltura,7
vicopisano,7
faretto,7
aspirato,7
elezioni,7
lanzafama,7
svegliato,7
iniziatia,7
bordolese,7
fifty,7
acquerello,7
italice,7
matteottare,7
pieghevolo,7
fain,7
camminato,7
giacimele,7
significatico,7
agenzio,7
endogene,7
sozzare,7
hari,7
subaffittare,7
liquigaso,7
meridiana,7
incongruità,7
campata,7
magnitogorsk,7
celane,7
fond,7
lucasre,7
stragiudiziale,7
risicoltore,7
entrano,7
baracele,7
civare,7
town,7
paracadutismo,7
palomo,7
pediculosi,7
storge,7
aramei,7
oggettistico,7
officiante,7
banjo,7
maghetti,7
rampichere,7
cosmesi,7
ipossia,7
desinenza,7
marcelliano,7
dedichinore,7
valenzia,7
salinante,7
guascone,7
197fi,7
228930,7
palazzinario,7
pazzio,7
g-222,7
visitando,7
nominere,7
ritura,7
amorare,7
percolino,7
catechese,7
system,7
rabelais,7
ministratilo,7
merlaro,7
viari,7
7ìone,7
giornalisto,7
prez,7
tipasa,7
matares,7
briaco,7
squillaco,7
vegli,7
amplierò,7
felso,7
conselicere,7
sitel,7
ingro,7
marsico,7
sapente,7
esam,7
disadorno,7
copenaghenre,7
gavinare,7
admiral,7
sfsm,7
murgia,7
parabosco,7
bullettino,7
partecipattere,7
educandato,7
tirrenia,7
cambusiere,7
sais,7
discografia,7
rabelesiano,7
passignare,7
senore,7
1577,7
coniamolo,7
stabbia,7
portobello,7
potaci,7
amarenare,7
bundesrepublik,7
trecasa,7
audac,7
1490,7
druzjaev,7
urràvere,7
mossane,7
dimp,7
canetto,7
deltaplano,7
deportavo,7
orzatamento,7
siaca,7
pdcs,7
fettucciare,7
sogam,7
farn,7
cupramontana,7
grembiuli,7
colombaia,7
coughran,7
poullover,7
giubetto,7
telegiocare,7
maip,7
microcalcolatore,7
ziegfeld,7
corticale,7
terramaro,6
disbrigare,6
sinistramente,6
canagliesco,6
padove,6
lucra,6
erotema,6
centodue,6
operassero,6
avvertendolo,6
cacciavite,6
negrido,6
trattative,6
reuter,6
suonerebbero,6
baleare,6
scorpacciata,6
ferratore,6
mastite,6
dolianovo,6
marcelliare,6
arcevio,6
inaccettabilmente,6
conguagliare,6
adiscere,6
attendete,6
arrendevare,6
volantini,6
numerosi,6
variety,6
aviolinea,6
dipendi,6
tarlato,6
picot,6
godila,6
firkusny,6
giudicar,6
asciuttore,6
labirintico,6
stern,6
mattonar,6
dipani,6
setbore,6
accertino,6
segretaro,6
terrai,6
elaborarire,6
chiesere,6
decollala,6
impossessatiso,6
valpredere,6
semidistruttare,6
traendonere,6
disorientamere,6
acquacetosa,6
olgiato,6
romanescare,6
formicolo,6
assumesse,6
adelare,6
carnevalescare,6
agustino,6
ingrandito,6
dissoluto,6
brav',6
disistima,6
maramaldo,6
gag',6
segnerai,6
pretesare,6
veleggia,6
poliuretano,6
cassel,6
travellers,6
baciale,6
perdetto,6
chianni,6
moschine,6
firmata,6
antidiluviano,6
silvopastorale,6
vienno,6
mobilitando,6
guastafesta,6
musulmana,6
encefalire,6
cistite,6
runicare,6
nascosero,6
diffamante,6
rameico,6
evolse,6
georga,6
colonnellare,6
liberaleggianto,6
teleguidato,6
avugliere,6
naselli,6
scandinave,6
musicalmenta,6
bretere,6
davoli,6
trasognato,6
riproduco,6
contraddeggere,6
disconosce,6
cinetica,6
accompagnandolare,6
intellegibile,6
radire,6
ginoide,6
emozionatissimo,6
sussiegoso,6
matrimone,6
accingono,6
biondissimo,6
studentio,6
mainere,6
pilia,6
glendare,6
calderaia,6
suonatrice,6
inosemtzev,6
rivoluzionane,6
proibivare,6
vòonta,6
fotograficamente,6
norodom,6
fortunabasline,6
battére,6
esalino,6
boulevards,6
antitrust,6
giocore,6
darmstadt,6
sottoalimentazione,6
tallito,6
osservò,6
catetere,6
poter,6
20100,6
stearico,6
globetrotter,6
svignando,6
rasente,6
vetrinare,6
poterglie,6
estinta,6
improbabilità,6
consolidatoso,6
messmer,6
costituto,6
brics,6
indicente,6
ruggere,6
lagnano,6
sabeire,6
turpo,6
battagliono,6
tornareccio,6
siiz,6
capifila,6
bentere,6
vincolangere,6
dilaghino,6
diuturnare,6
ludwigsburg,6
reverenza,6
rognoso,6
tulliano,6
retrospettire,6
pulviscolare,6
defungere,6
sbucavare,6
soppalco,6
valtellino,6
napou,6
podisto,6
indotta,6
verbalizzanto,6
odicina,6
alligna,6
perdutamente,6
crediop,6
ricondotgere,6
commutatore,6
avviano,6
mimetismo,6
grant,6
trovereto,6
donchisciottesco,6
uade,6
descrivevare,6
ecclesiastica,6
squillato,6
anticho,6
bourvil,6
scarabeo,6
incassò,6
floristico,6
crociale,6
candidandoso,6
ticco,6
comportere,6
perseguita,6
fratellare,6
glebo,6
break,6
tottenham,6
clotildere,6
ringo,6
calibratissima,6
mistare,6
garantiere,6
estorte,6
sfiatare,6
rigiro,6
sfamo,6
genealogia,6
fonds,6
endasre,6
doppiamento,6
slro,6
infarcitare,6
moderatrice,6
urgila,6
risponderebbero,6
piangento,6
sempreo,6
adultero,6
sociea,6
infantare,6
esisterebbe,6
ragazzina,6
lourenco,6
ondeggiante,6
laniere,6
schedino,6
tremolala,6
mogo,6
1320,6
ottenuta,6
sementa,6
esprimeremo,6
aderiscere,6
chéreau,6
descrittare,6
ubbidienza,6
degnamengere,6
trentinoalto,6
popone,6
malgrare,6
incorrono,6
frequentassero,6
nostradamus,6
dams,6
cucciola,6
pasticco,6
pulitano,6
sosterrebbero,6
difensori,6
avventuristere,6
agugliotto,6
fallacelo,6
accanie,6
innumero,6
deltoido,6
indisposta,6
erbario,6
rifecere,6
psicologica,6
valeriana,6
pericolose,6
countly,6
prelimo,6
giubbino,6
focalizzazione,6
cantautrice,6
rallegrere,6
etereo,6
annaffiare,6
percepari,6
blatta,6
suscitano,6
pervengire,6
sensismo,6
olivato,6
partecipame,6
sgusciante,6
lezionere,6
algebra,6
euella,6
onerosissimo,6
novantotto,6
ricordino,6
ieratica,6
antisettico,6
risolutrice,6
euendere,6
schemao,6
bellimbusto,6
istriani,6
trentottenne,6
irere,6
fagli,6
articolatosi,6
briscole,6
losine,6
tarlasso,6
marmottere,6
detonanto,6
pianticella,6
rachitismo,6
disc',6
torreglia,6
abbuffare,6
transitoriare,6
bengodio,6
octogesimo,6
ciciliano,6
sambucio,6
torrire,6
castrocielo,6
falvaterra,6
cittareale,6
bassiare,6
ingoio,6
farcele,6
divertentissimo,6
litco,6
incassatore,6
praticello,6
denomina,6
bendone,6
eraclea,6
ambialo,6
tirado,6
prelevavare,6
fiscella,6
varismo,6
alleghere,6
acquistalo,6
date,6
mediar,6
producibile,6
scalcare,6
glicino,6
traccere,6
tutrice,6
procrastinato,6
erastare,6
notifico,6
associativa,6
nominatività,6
attrattiva,6
bascapè,6
oppredere,6
cordelia,6
assimila,6
merendina,6
dirama,6
-'71,6
soventa,6
cosine,6
spoltre,6
mascolino,6
colpissero,6
turane,6
qualunquisticamente,6
sopravvivare,6
fisioterapiare,6
trascorri,6
arcangee,6
latterie,6
metanifero,6
impossessarere,6
concreai,6
berciato,6
pronare,6
intraprendano,6
comunistao,6
freso,6
acclimatare,6
mancherà,6
passamano,6
fermando,6
pattinatore,6
disilludere,6
osservarere,6
ispica,6
shanksvilla,6
ciocia,6
spersonalizzare,6
chiedevo,6
quado,6
casarile,6
swanson,6
sottolineere,6
musicologi,6
oemv,6
machete,6
calmino,6
benzoi,6
evoluzionistico,6
ereditarietà,6
memorizzazione,6
discure,6
evitire,6
ascolteremo,6
valentin,6
riquadrato,6
canepina,6
vernazione,6
magniloquenza,6
immoralista,6
vecchiume,6
parlavare,6
accresciutare,6
aragon,6
dhabi,6
vivacchia,6
crespare,6
mineralizzazione,6
raspini,6
tovstonogov,6
lenocinio,6
cenatee,6
razzare,6
stralcare,6
decollatura,6
neosquadrista,6
impegnandoci,6
palore,6
graduatorie,6
coesistente,6
cianoso,6
frammassone,6
4756841,6
gravitazione,6
canonista,6
possono,6
tedia,6
cataniare,6
idillo,6
fallacere,6
lercio,6
pogge,6
scemala,6
boere,6
convenivare,6
attiròre,6
1053,6
fubino,6
tokaj,6
criticità,6
abnegar,6
trasta,6
fresante,6
birignaio,6
affermatosi,6
ripendere,6
nemorensa,6
convincio,6
potemmo,6
ftls,6
fasclsta,6
equanimità,6
ripropongore,6
paravicine,6
ripesare,6
affinale,6
cartacea,6
implicherebbero,6
temuta,6
creole,6
disseccato,6
agonizza,6
difficolta,6
fnaa,6
annulli,6
percepivo,6
moranino,6
woody,6
guthrio,6
pseudoculturale,6
boysen,6
marcano,6
agrumicoltore,6
cedute,6
brunato,6
parasto,6
trattiene,6
presceglie,6
chelare,6
marnino,6
esercìre,6
voltaggio,6
capziosità,6
maccabei,6
indisponente,6
brosterhous,6
tirerà,6
pronuncio,6
usandolo,6
delfinato,6
costituì',6
consuetudina,6
antimeridionalista,6
eleonorare,6
annuncia,6
buccinano,6
1781,6
ulcerare,6
scalcagno,6
affissare,6
scollamente,6
scontentezza,6
dedicazione,6
remunerato,6
precluire,6
obeli,6
conere,6
albeggiamento,6
ritrattino,6
capriata,6
trovasserare,6
trasmigrare,6
biglietterio,6
correligionaro,6
comislones,6
rifletterebbero,6
proditore,6
autopubblica,6
esitale,6
malagode,6
casamento,6
desidereremmo,6
dottorone,6
sottoterra,6
cepal,6
spremitura,6
basatoso,6
vorticosamente,6
condannarere,6
manata,6
stravolgendone,6
comunicatone,6
caldino,6
solòe,6
ooccupazione,6
predomina,6
parlale,6
obbietto,6
rosenberg,6
olimpionica,6
midire,6
apporta,6
inviatema,6
dobbiamo,6
ricadevare,6
propongono,6
abarica,6
nodoso,6
liquefare,6
carboncello,6
superorre,6
middlesbrough,6
bandeau,6
precolombiare,6
aztechio,6
allenalare,6
pubblicanare,6
atassie,6
spoletta,6
rentre,6
moraleggiante,6
proiere,6
mxat,6
furtiva,6
cimarosa,6
armatrico,6
arciprete,6
precisandoso,6
collegai,6
farcelare,6
mamdano,6
spazzo,6
avvenisso,6
stazionino,6
userò,6
susseguitese,6
uniire,6
pavesi,6
riprenderare,6
angoloso,6
balso,6
vocalizzo,6
organizzandolo,6
svoltere,6
sutrio,6
rimessare,6
benvenuta,6
ordinana,6
moltiplichiare,6
praticale,6
notoria,6
notarbartolo,6
estremizzante,6
recatiso,6
trascritta,6
cgurcisl,6
presiente,6
millantatore,6
amoreggiare,6
cenerato,6
dragale,6
aper,6
volantinere,6
francofona,6
ispirere,6
malagno,6
agiscere,6
grigiastro,6
platìe,6
favoletta,6
organizzatole,6
pomfo,6
paulre,6
scalfì,6
telegiornala,6
virante,6
1525,6
bizantina,6
intendevre,6
esquire,6
appartene,6
alandolo,6
varietale,6
campagino,6
aggiusta,6
sottilmenta,6
interpolare,6
corrurre,6
arrenda,6
congruente,6
integrasta,6
sodiale,6
beneficere,6
maritao,6
languare,6
farmacoterapia,6
incubare,6
falcamo,6
canoo,6
mietei,6
fosforito,6
xxiio,6
filosofa,6
serpentario,6
inquadravare,6
spesi,6
funzionae,6
avviandosi,6
nippo,6
affiancamento,6
afro,6
infrequentabile,6
traccie,6
concrete,6
fenicio,6
trequarti,6
anelino,6
chagall,6
ubbidiscere,6
ammuffire,6
aggressivamente,6
manierista,6
avitese,6
snellere,6
clistere,6
alarglio,6
stacciare,6
stendevare,6
enpdedp,6
schierò,6
fiancheggiamento,6
stenso,6
oppositivo,6
carabinieri,6
robustissimo,6
aggirato,6
locomozione,6
double,6
fogliaceo,6
ridottissima,6
giornalaire,6
relegandolo,6
cisu,6
sophiare,6
massacratorio,6
pollamo,6
sciamanico,6
baraonda,6
arpista,6
otire,6
compargere,6
discussero,6
arativa,6
1179,6
sottomarine,6
sprigionato,6
ragguardevola,6
valona',6
instaurere,6
sentirte,6
vessilliferi,6
ludwig,6
osiris,6
orecchiabile,6
catenare,6
carnare,6
comminazione,6
batta',6
metterto,6
contentamento,6
oscurantistico,6
tortonese,6
sollevando,6
riguarderebbe,6
fluo,6
superòre,6
arbitre,6
importatito,6
caputo,6
solario,6
pfano,6
equivarrebbero,6
sfilavo,6
filmale,6
assicurandogli,6
federconsorze,6
cavedine,6
canoista,6
corbare,6
1550,6
tifoserio,6
trincherò,6
entusiase,6
visivamere,6
saltellante,6
democratizzato,6
confermano,6
ritrovata,6
famosa,6
preziosissima,6
inviperire,6
sbolle,6
successiva,6
pciare,6
jacopuccl,6
inodore,6
smere,6
endecasillabo,6
mondao,6
inatl,6
denutrito,6
inflisserare,6
moab',6
esaminandonere,6
asserare,6
eternare,6
rilevanto,6
determinabile,6
discussocele,6
motolancia,6
tric,6
sgombra,6
cantonare,6
cubiste,6
plebire,6
significale,6
balordare,6
riconoscesse,6
rovinato,6
accelerandone,6
borg,6
sessantottenne,6
lambrugo,6
acrobatica,6
beffardamente,6
covata,6
temolo,6
colossio,6
adelina,6
remigia,6
maltenuto,6
pensa,6
strapaesare,6
disparta,6
greggia,6
mentita,6
predellino,6
passerebbero,6
conservòare,6
trattabile,6
pisoniano,6
sabotato,6
approvao,6
tostaso,6
unga,6
inadeguatamente,6
allevato,6
psicopedagogia,6
dernice,6
forar,6
precauzionalmente,6
ormandjev,6
damiani,6
rincrere,6
prestigiare,6
polisteno,6
stizzire,6
condiione,6
1stituzione,6
luminaria,6
smaltimengere,6
rispettalira,6
incamiciare,6
palalo,6
scarpettina,6
comandai,6
figliastra,6
concisi,6
capricciosa,6
datane,6
cherubino,6
mannario,6
coprotagonista,6
scoordinamento,6
aderiscano,6
uruguayana,6
problematizzandone,6
fordare,6
qualificha,6
metterere,6
causai,6
protagonisti,6
tabaccare,6
scoda,6
andreste,6
stantuffo,6
pogliare,6
attuae,6
farcisi,6
sgorgato,6
apprare,6
baumgartner,6
rivai,6
croupier,6
confermale,6
scalcinare,6
carriole,6
sottrarvisi,6
conscare,6
astene,6
gerontocomio,6
sessangere,6
meronire,6
originalissima,6
annettono,6
denunce,6
contestatoglare,6
ascello,6
barrasi,6
silte,6
eresse,6
anmento,6
periodare,6
finanziatrice,6
cesoie,6
sportsman,6
friz,6
telefonale,6
grand',6
poppare,6
vabore,6
sfiorere,6
accolgono,6
resocontista,6
prevalsero,6
schioda,6
squinternare,6
espropria,6
droposimo,6
popolalo,6
tecneco,6
battendoso,6
modificandone,6
aabbere,6
buttao,6
demetro,6
adrasto,6
attinte,6
penitenziale,6
giumella,6
pellegrina,6
traù',6
sic',6
impegnate,6
seso,6
pervenre,6
inventira,6
barabbae,6
tematizzazione,6
rivotare,6
archito,6
considerevola,6
borazione,6
antimonarchico,6
ammette,6
sparachiodo,6
federazionere,6
emmanuele,6
gillespie,6
schifano,6
serafare,6
menhir,6
basilicatare,6
bertinotto,6
tassassimo,6
infangato,6
fesgere,6
grigioverde,6
nussuno,6
mantovana,6
costruibile,6
edificanti,6
marao,6
nazionaliste,6
abbandonire,6
formala,6
procedettero,6
musamente,6
cessola,6
5800,6
avversana,6
diluviare,6
b2match,6
attrezzeria,6
tonne,6
aggruppo,6
albume,6
asetticamente,6
vintare,6
maggioranaa,6
boma,6
colassi,6
teresinare,6
cernusco,6
albionico,6
interagare,6
toccasse,6
terminarono,6
puntò,6
interventio,6
linarolo,6
sottocomitare,6
galatina,6
u1sp,6
ulna,6
elettrare,6
sofistico,6
guarare,6
sarmare,6
sottoproletariare,6
gretteria,6
molitore,6
odetto,6
promuovevare,6
costruttivamere,6
leonido,6
motociclirre,6
angosciosi,6
confrontandole,6
albergere,6
algherese,6
applaudita,6
adolfina,6
pinello,6
tesaurizzare,6
aston,6
milanino,6
risolutezzare,6
millecento,6
satiro,6
emino,6
peggioramere,6
finitima,6
zcna,6
fuggiasche,6
guardandolo,6
pur',6
evelinare,6
inebriare,6
suscitino,6
rinnovale,6
4800,6
difensivisti,6
riaffermiare,6
fotosintese,6
aicvas,6
caramelloso,6
incitante,6
polione,6
couplet,6
sbranere,6
saltò,6
mosti,6
ghermire,6
neutralista,6
corifei,6
vervio,6
mmovimento,6
edenico,6
fusignano,6
calvinista,6
alguo,6
sociologiare,6
squarce,6
dbattito,6
defraudi,6
ternengo,6
niellato,6
onu',6
riducendoso,6
premolare,6
navigo,6
rimarchevola,6
oserare,6
cerosi,6
facista,6
giustificandolo,6
estimano,6
deborazia,6
avvolgendolo,6
nogaredere,6
gallonare,6
1016,6
astru,6
filep,6
urtano,6
valvole,6
ghise,6
raggravare,6
anzione,6
isprare,6
paganizzare,6
controvoglia,6
vendemmiata,6
rocambolescare,6
balordaggine,6
controversio,6
rasoa,6
incarichere,6
intristire,6
credevare,6
venante,6
zeitung,6
colonizzatrice,6
congruevere,6
quarantenna,6
degenerativa,6
ani',6
nababbo,6
micelio,6
infarino,6
lendinara,6
cgilrcislruil,6
dc-10,6
sconosciuti,6
affogato,6
maggiorata,6
4600,6
divorano,6
bruciata,6
paleografia,6
datario,6
ancorale,6
berlin,6
ricavandorre,6
raimondare,6
giampa,6
ricoltare,6
cafasso,6
ciondolare,6
ruminare,6
infoltere,6
fasciata,6
cotonatura,6
trovaare,6
boschereccia,6
sopraffa,6
annessionismo,6
interrale,6
bancaro,6
blusare,6
voltafaccio,6
distanziamento,6
sestare,6
emorragico,6
infierere,6
opera',6
nosare,6
ritolto,6
riassumevare,6
aboliscere,6
programmi,6
carolyn,6
carlson,6
adeguandole,6
esiguare,6
angoscioe,6
convegni,6
pontatoso,6
uruguayanore,6
impunite,6
madrelinguo,6
ggruppo,6
storiai,6
obbligherebbe,6
avvicinandoe,6
spezie,6
imzìo,6
brucere,6
olefina,6
uccisionere,6
racers,6
entusiasmi,6
laringe,6
melanomo,6
coevo,6
trivellare,6
sfiore,6
pensana,6
tramasse,6
consideralare,6
irpeg,6
nunziare,6
disegnere,6
sopraggiunta,6
proavvedimento,6
ramengo,6
traforello,6
airbus,6
commissionaria,6
gardenia,6
riassettare,6
erranza,6
volpere,6
abitui,6
versamenti,6
tendenziosa,6
mantearr,6
trentaseiesimo,6
candisto,6
mantenendolo,6
obbligò,6
derisovo,6
imitere,6
vendico,6
donnetta,6
incassavare,6
nossare,6
conoscitiva,6
qualitative,6
cinquantino,6
granala,6
edifizio,6
pavona,6
riesaminato,6
shankar,6
preston,6
ferragosta,6
enterire,6
scandalosamengere,6
ueato,6
insonorizzazione,6
superlega,6
federatetico,6
temutissimo,6
strizzatina,6
cirardo,6
godessero,6
adottar,6
ledire,6
instauratandere,6
raucamente,6
desideriare,6
tetano,6
allotro,6
emie,6
simula,6
omologabile,6
mayo,6
effettuassero,6
lavo',6
italsiel,6
esordito,6
dizzasco,6
impieghere,6
terzistare,6
monacoe,6
asciugo,6
ghibli,6
efeas,6
legabile,6
alate,6
bueno,6
overlord,6
ignorandone,6
sabota,6
iguano,6
predispondere,6
qhindi,6
andrao,6
finitezza,6
sconfessato,6
cracis,6
fiancare,6
salarialismo,6
prospettanore,6
vitaliziare,6
caccola,6
giolitti,6
marotto,6
rossre,6
requisere,6
leggevo,6
pagliuzza,6
saponetto,6
attrezzaggio,6
gravosità,6
cenatocele,6
veristare,6
smobilitira,6
episodicamente,6
inducesse,6
silicano,6
fregato,6
brogliao,6
melegnare,6
intercapedina,6
pennia,6
orditala,6
considerando,6
spelta,6
fiorentare,6
colante,6
vinato,6
vaneggiamento,6
stordimento,6
ripi',6
arrapa,6
anionere,6
placida,6
superamene,6
mongoloido,6
facendola,6
esegesi,6
disinibire,6
consegnatario,6
rinvenivano,6
mulattiera,6
alduino,6
florire,6
manoppello,6
golpere,6
posteggiata,6
alloggiatilare,6
occhialuto,6
parabolare,6
qnando,6
scusandosi,6
girevolo,6
oltretuttere,6
ergonomia,6
smetteranno,6
antiguo,6
miio,6
atrepole,6
sellar,6
capovolta,6
audere,6
idrovolante,6
interpolazione,6
recentissimamente,6
ricordano,6
musicai,6
ricorco,6
tornerere,6
godrà,6
ribadiscare,6
limitiamocire,6
curvane,6
disinvogliere,6
abbottonatissimo,6
astuzie,6
copto,6
soccorrono,6
golpistico,6
clivio,6
sapora,6
stilò,6
comie,6
fuggente,6
scuoi,6
lyttelton,6
borsaro,6
decisaore,6
fluidificazione,6
coglietto,6
allontanerebbe,6
labronicare,6
predicatorio,6
bagnar,6
anelastico,6
identificandoso,6
ubriacatura,6
cataclismo,6
pavidità,6
neoplastica,6
acariaso,6
eschimon,6
mongomere,6
trevere,6
versta,6
impellenza,6
braccala,6
bicocco,6
sione,6
chiamandone,6
oocito,6
eressa,6
blandamente,6
democraticahoè,6
preclaro,6
mostrandoce,6
vedenti,6
parallere,6
panneggio,6
tribalismo,6
accontentere,6
ciarliero,6
liston,6
buggero,6
raparello,6
procurarselo,6
detrattare,6
fndai,6
beneficerebbero,6
contestatiglio,6
taina,6
grigo,6
francae,6
tiranneggiare,6
effettuarere,6
issante,6
riverserebbero,6
meyerbeer,6
postribolo,6
mascotte,6
migliorerare,6
arello,6
trasferirre,6
preagonico,6
barcaiolo,6
stupidere,6
esopobente,6
sulfamidico,6
boto,6
inoltrarere,6
cetro,6
discutemmo,6
affermata,6
palificazione,6
angelis,6
dubbi',6
trattine,6
lessicografico,6
risponderebbe,6
islamismo,6
mornasco,6
attivira,6
gole,6
prefinanziare,6
estrone,6
donbass,6
diabolicamente,6
narrativamente,6
silurato,6
permane,6
brezzante,6
etologico,6
scurire,6
5600,6
opiare,6
pradamare,6
ossequioso,6
placente,6
ornai,6
procuratolo,6
fettere,6
somme,6
cilenere,6
nemorenso,6
accentuandorre,6
acicolare,6
scavata,6
sconquasse,6
centosessantare,6
fecare,6
ritare,6
antiestetico,6
latinoamericana,6
straforo,6
impiegavare,6
ppositivo,6
sobria,6
cristiere,6
universalistico,6
richter,6
etimologia,6
pustola,6
polke,6
lardandola,6
derisorio,6
ricattatoria,6
francoe,6
cembalo,6
lunghe,6
deodato,6
particolaare,6
zucchetto,6
altimo,6
abulica,6
soffuso,6
trascinandoso,6
meritata,6
bossabile,6
abballo,6
vergatino,6
coattività,6
sintetizzatore,6
1240,6
faune,6
scarichino,6
imbonimento,6
carvico,6
fotocolor,6
airlines,6
sambuci,6
prefigga,6
affettività,6
eliane,6
sequestrale,6
recto,6
essenza',6
bastiare,6
regolata,6
prodigandoso,6
affiliata,6
filibuste,6
raspollo,6
dorano,6
influari,6
fucilatola,6
autoarticolato,6
epto,6
chiarita,6
espander,6
raddoppiavare,6
osannato,6
granoso,6
ardengo,6
deprivo,6
liciare,6
udimo,6
gozzano,6
errol,6
dannunziare,6
paraletteratura,6
domandina,6
bicelo,6
damigella,6
stefan,6
cricre,6
guadagnalo,6
visnu,6
aggressivare,6
omologato,6
venirgli,6
neolaureata,6
scheggio,6
detratti,6
aziendalista,6
addomo,6
tronfo,6
gerarchesca,6
elurere,6
saliero,6
spaventapassero,6
matusa,6
neoprofessioniste,6
martellasto,6
giavellottista,6
prefettiziare,6
scalva,6
consista,6
piogene,6
eguagliabile,6
ricao,6
attenui,6
precisi,6
commonere,6
improvvidere,6
laureante,6
salgano,6
fides,6
epidermide,6
planino,6
conferiscare,6
esagero,6
cannolicchio,6
mestrino,6
agrippa,6
brodolone,6
intuii,6
fermar,6
impegnata,6
videocassetta,6
piombato,6
brevissima,6
erbato,6
rigira,6
mingus,6
glamour,6
metrologa,6
piegano,6
giordanare,6
qualificatiso,6
bitlye,6
shogun,6
texane,6
concedendoso,6
pedemontana,6
avizzano,6
guade,6
missaglia,6
subordine,6
ammettiamolo,6
smentibile,6
primiero,6
iraniana,6
felza,6
bracciane,6
notavo,6
sostenuti,6
dunio,6
aviocisterno,6
accheta,6
madrigalista,6
godare,6
musonio,6
lodane,6
inondato,6
simonia,6
ristorare,6
puntellamento,6
organiz7azione,6
irfis,6
tigrotto,6
confidiamo,6
conferitiglio,6
cullar,6
stravinse,6
brugine,6
acutizzarsi,6
maturalo,6
batterao,6
interrogatore,6
appartennero,6
degùre,6
quarriere,6
tacendoso,6
mussargli,6
canticchiare,6
cambierebbero,6
apriròre,6
avoccorrerere,6
equatore,6
ifttt,6
dissociato,6
imbellì,6
acclusare,6
accelerino,6
camaiore,6
dandoe,6
esauriere,6
planimetrio,6
geminiano,6
bernato,6
lionella,6
cecena,6
cocchiera,6
minareto,6
sfogatolo,6
luridere,6
chiasmo,6
boriare,6
vecche,6
yuan,6
bardamente,6
accelare,6
crostalo,6
transigente,6
parapleoge,6
cedibilità,6
poviglio,6
destavare,6
alternatile,6
sacrifici,6
ergente,6
risolvessero,6
cecimo,6
warszawy,6
figo,6
neofascistere,6
demordare,6
fermasi,6
malavoglia,6
vizia,6
battutana,6
interrogatori,6
accordavare,6
accantonatare,6
federcalciare,6
pesatoglio,6
enterocolite,6
fanere,6
extraospedaliera,6
funzionassero,6
misoginia,6
qcanto,6
esibere,6
segretissima,6
sgelare,6
trasferirtiso,6
gando,6
floridare,6
cantro,6
defalcare,6
opaotito,6
artaud,6
ippazio,6
forme,6
carnato,6
commuove,6
limitatrice,6
oscaro,6
scorzare,6
declivo,6
contenga,6
agguerritissimo,6
ossessa,6
gradivo,6
staziere,6
deteriora,6
amministraione,6
radiotrasmissione,6
baronchelll,6
curale,6
sloganre,6
grimes,6
charlie,6
ingegnosità,6
cliticare,6
dprelidente,6
valvo,6
apposgere,6
tavolaccio,6
giocosità,6
socialisteggiante,6
sottendire,6
belemnita,6
sosterrebbe,6
farolfi,6
bonalano,6
manubro,6
diamogli,6
arridio,6
pocolazione,6
mita,6
zucche,6
aeratato,6
sono',6
pipino,6
chiesastico,6
estromessi,6
talmud,6
antigiapponese,6
murino,6
desrire,6
papeta,6
equilibratamente,6
bombardavare,6
crepitio,6
citatissimo,6
calderinare,6
ritt,6
shakere,6
sinovia,6
ararlo,6
finan,6
proporrebbero,6
impelare,6
congenita,6
creandone,6
documenti,6
vesimo,6
sburocratizzare,6
salvaguardavere,6
dimostrire,6
edifichare,6
palleggia,6
polinesia,6
gabellante,6
approfonda,6
impegnalare,6
inverecore,6
2118,6
concessionariare,6
baglione,6
parte',6
spiaggetta,6
gelsenkirchen,6
cateratta,6
veraco,6
civaio,6
arrore,6
sunna,6
bigno,6
besare,6
buscane,6
inibere,6
atema,6
caraibi,6
trascore,6
svisare,6
anticaglia,6
aforistico,6
bonna,6
display,6
prendisola,6
tarasso,6
guidino,6
pusiano,6
mingherlino,6
pendono,6
accomandita,6
credeto,6
pandemia,6
strappar,6
malachia,6
microstruttura,6
carrellino,6
usmano,6
limbiare,6
avolese,6
broncopolmonare,6
mostrandoso,6
transalpina,6
lanciatosi,6
osservai,6
elsag,6
idrare,6
bigaro,6
creolo,6
questuare,6
valtorto,6
portaordini,6
ricamato,6
valcareggio,6
proforma,6
sennore,6
sommersione,6
alterigia,6
scorfano,6
propagasse,6
istituari,6
inume,6
tenendolare,6
menato,6
wiesenthal,6
soverchia,6
sepolta,6
fumavare,6
titolone,6
ariato,6
fondico,6
scottatura,6
corrano,6
miae,6
gioere,6
oberalo,6
fattiva,6
ocimo,6
friedkin,6
evanescenza,6
quarticciolo,6
albuccione,6
riffe,6
atripaldare,6
irrire,6
agevolalo,6
anitrere,6
scacchiare,6
spait,6
golfino,6
trentacinquesimo,6
attuata,6
ambosedere,6
acquattare,6
lavandaia,6
barrymore,6
brazzavillo,6
riaperti,6
tonnarello,6
italaip,6
avidamente,6
declivio,6
visiona,6
bottegaia,6
pressofuso,6
braccateglio,6
mogol,6
raffaellare,6
costringeva,6
eziologia,6
favaio,6
mandandocio,6
intransigentemente,6
manifestai,6
cangia,6
internaazionale,6
sbarcato,6
brindisine,6
attenuta,6
adescamento,6
arimanno,6
rifiuterebbero,6
dragala,6
ondo,6
fiancheggiatrice,6
foratore,6
sfrare,6
comuniato,6
cavea,6
frugala,6
ritenta,6
concentrata,6
etnea,6
tachimetro,6
ritardere,6
usher,6
immunitare,6
rossicciare,6
giudaizzandone,6
terapista,6
montalto,6
dimesse,6
arceviare,6
transenne,6
agrato,6
piccole,6
presage,6
1882,6
sviluppata,6
ulan,6
regionu,6
uscile,6
ferendolare,6
pagandolare,6
affondi,6
disposero,6
spao,6
gasparro,6
arretratissimo,6
pugilatore,6
incredibilità,6
adamitico,6
lombario,6
molala,6
zincare,6
vance,6
cadena,6
intercorrare,6
setterò,6
fidar,6
con-1,6
ciarlee,6
inferti,6
pennuto,6
deformo,6
spostandolo,6
sfamanere,6
paraguaiano,6
stornano,6
sfume,6
anaio,6
settantacinquemila,6
infliggire,6
aussino,6
detenni,6
rabbonire,6
barracano,6
adulterazione,6
punteere,6
facciato,6
nasere,6
fermiamocare,6
apertace,6
carrol,6
inverto,6
scrollone,6
filteo,6
frugalare,6
garantiare,6
trasformandone,6
accondiscendere,6
scimmietta,6
giuoco,6
dorsista,6
praie,6
charterre,6
risaie,6
rappezzo,6
ames,6
graniere,6
rogito,6
chinatila,6
colalo,6
baccherino,6
batterlo,6
rifugiarere,6
zino,6
isolabile,6
indùre,6
rifuggi,6
democritoco,6
inflire,6
scriminante,6
albonesa,6
cereo,6
bustine,6
pesatore,6
cassao,6
perderare,6
enopolo,6
dedichire,6
contenessero,6
illustralo,6
crollavare,6
risolvire,6
bissale,6
commottere,6
marasca,6
affermatoso,6
definirono,6
parietaria,6
pirrico,6
incalcolabilo,6
assolsero,6
stazionaria,6
accetteere,6
partirà,6
assicurativa,6
sublimi,6
trinca,6
salimelare,6
tenutare,6
intimavare,6
durate,6
incentivato,6
genealogico,6
satellizzazione,6
tocchetto,6
prozio,6
promisero,6
sbaglia,6
canzonettisto,6
corinnare,6
sparisco,6
cozzar,6
sprovvisti,6
censuro,6
caffetteria,6
comit,6
ebanista,6
arrampicato,6
falegnamerio,6
nasono,6
rivalso,6
bastonale,6
dilatante,6
stornata,6
conserenza,6
australianere,6
ehme,6
razionalo,6
termomeccanica,6
specolo,6
chiarii,6
managuire,6
camugnare,6
zolo,6
mollone,6
impugnatura,6
ottenete,6
plumbeoo,6
sellato,6
piaciuto,6
prodigavare,6
studiale,6
bendar,6
baikal,6
operantare,6
dissolre,6
geniche,6
abbuino,6
determinala,6
mongrare,6
bracciata,6
anticamerare,6
curatire,6
dovrare,6
maturano,6
camarare,6
bullonare,6
ottenno,6
ergano,6
elevalo,6
80'r,6
concreare,6
preveggente,6
ufficiao,6
campeggiano,6
buccere,6
cintato,6
cataldi,6
eurovisivo,6
sklovskijo,6
usis,6
dispongire,6
articolandolo,6
cristiane,6
reichstag,6
quarantatreenne,6
anaciclico,6
divengono,6
ricollega,6
stracittadino,6
ipallage,6
sossopra,6
modificatore,6
unia,6
aranciare,6
annaroso,6
villariccare,6
precariare,6
rinchiudare,6
vernante,6
partecipata,6
screditata,6
zanghere,6
neive,6
apocrifo,6
negarlo,6
cipollone,6
emoderivare,6
ueaerazione,6
soffermere,6
roncisvalla,6
evitavare,6
mangello,6
metta,6
eraclio,6
sotterfugie,6
pompeiana,6
pallidissimo,6
ippocrato,6
etichettato,6
sospeggere,6
ceceno,6
curvare,6
colase,6
salomonicamente,6
aggredivo,6
disdegnavare,6
ferrazzare,6
vicegovernatore,6
veil,6
collaborano,6
meinhoff,6
drasticità,6
becchetti,6
siziano,6
pomata,6
baldassarra,6
attestanti,6
condurrebbero,6
mascaro,6
1297,6
procreare,6
sottraendolare,6
livellato,6
trovatiso,6
adiere,6
meritate,6
biassere,6
ini',6
reunione,6
persi,6
impegnarire,6
cicerchio,6
irrimandabile,6
popper,6
sfaccio,6
cestoso,6
discretere,6
massachusettse,6
gettalo,6
mirasse,6
tirasso,6
matticna,6
argentano,6
allmentare,6
abitasso,6
ripagato,6
averare,6
tenendone,6
oltranzirre,6
senere,6
diletta,6
usassero,6
raparesentante,6
abbottonato,6
insospettitare,6
zampata,6
conclusivamente,6
inenarrabilo,6
concentrino,6
usurato,6
desure,6
infanere,6
cucia,6
bordon,6
filala,6
reginnale,6
lionere,6
drupa,6
correrebbero,6
crimmalpol,6
arrestira,6
fiancheggiatrico,6
dandola,6
ripresentato,6
rimpettila,6
arroccandoso,6
assegnatale,6
gratta,6
movimentao,6
virtus,6
shocki,6
nuragus,6
sciai,6
chicca,6
mentitogli,6
1065,6
giubilato,6
tarar,6
rispettassero,6
credile,6
immunologo,6
finalizzo,6
incido,6
larianio,6
burchio,6
piroetta,6
esigento,6
chiaucare,6
beiamo,6
spiritico,6
quarantacinquenne,6
broncho,6
under,6
alaro,6
appaltira,6
duecentovento,6
aconfessionalità,6
forzosa,6
evelina,6
presentandoce,6
anfia,6
dovrebbero,6
fonti,6
accoltello,6
anonimare,6
complicate,6
marcamente,6
inguaribilmente,6
incoscientemente,6
contribuivare,6
aflcio,6
illegalismo,6
malnutrizione,6
cpuazione,6
assillale,6
scinde,6
centottantare,6
fiamminga,6
mascherata,6
stadere,6
cotechino,6
impegnatissimo,6
sviluppatiso,6
democratizza,6
puntandoe,6
paguro,6
federbracciantì,6
abbattevare,6
paparo,6
berebbero,6
zigoso,6
stabulazione,6
guai,6
dissuasivo,6
antonelliana,6
malvestito,6
famosamente,6
preposito,6
consensare,6
intervengire,6
indùstriale,6
organizzaione,6
profundis,6
depravare,6
architettonicamente,6
alogico,6
giovedio,6
paraco,6
prodigato,6
langarolo,6
emergenzare,6
microbus,6
portangere,6
caricale,6
orlandare,6
ulmimo,6
indagini,6
aerostatica,6
importala,6
europio,6
guspino,6
bucana,6
sostantivo,6
tricolo,6
secondogenito,6
tolp,6
ammaccato,6
concessone,6
mitrale,6
bartoluccl,6
vanta,6
dozzine,6
greeicy,6
officiai,6
mattar,6
esilissimo,6
aratale,6
adottala,6
obbligazionare,6
errerai,6
rameoso,6
pretino,6
stranito,6
squarciagola,6
introdottoso,6
aumentata,6
immerere,6
adempiente,6
costituir,6
emissivo,6
polemizzato,6
allarmista,6
depile,6
religiosamente,6
panarabo,6
macdonald,6
staturo,6
agescio,6
equivocamente,6
sfocato,6
verbanio,6
trentottomila,6
pensavare,6
6ala,6
versalo,6
scaricandorre,6
disintegro,6
lisso,6
torbide,6
edgarda,6
faggeta,6
beccaccia,6
spiritismo,6
opportune,6
ullo,6
accumulatorio,6
gattare,6
mcdade,6
parsec',6
pender,6
globule,6
saltarono,6
panforte,6
dilatore,6
prince',6
basificazione,6
disposgere,6
rifacciamo,6
envie,6
ruotere,6
antiautonomista,6
vietata,6
inghiottere,6
imbellone,6
risero,6
disgelando,6
aditile,6
cazzano,6
cappuccare,6
salottino,6
savare,6
cavacurta,6
rivogliere,6
contorce,6
proverrebbero,6
baselice,6
protestar,6
chilograre,6
molesta,6
attiitc,6
petacciola,6
valsugano,6
scialaco,6
camuso,6
detassare,6
smaschera,6
impresentabile,6
ospitavare,6
camionco,6
esercita,6
rodiare,6
scruta,6
affidarge,6
matriarcato,6
cgllclsl,6
incintare,6
cora,6
urologo,6
repubblicanesimo,6
incacgil,6
enzimatico,6
idropinico,6
ulcerazione,6
impudicamente,6
giornataccia,6
conoscendolo,6
balsamino,6
motocisterno,6
trasferiscare,6
spicciativo,6
fisiologicamente,6
intessute,6
tuderto,6
clamorosa,6
panegirico,6
ne-1,6
comunito,6
inopinata,6
albedo,6
sequestrata,6
berbero,6
reali,6
gale,6
ricaccare,6
anguillaro,6
stipavare,6
affannosi,6
affastellamento,6
dettaglianti,6
porticare,6
stringa,6
slacciato,6
tidere,6
idrodinamico,6
sveltamente,6
colleziona,6
intanare,6
giocondità,6
bellicismo,6
dciii,6
raggerò,6
begolare,6
facilite,6
4555,6
tregue,6
illuminanto,6
fuente,6
peggere,6
rimaner,6
decisivi,6
galvanizzato,6
terziglio,6
vernata,6
belluino,6
phobos,6
fremile,6
piccanto,6
rodato,6
retrocessa,6
armilla,6
dipartito,6
inscatolato,6
assentire,6
bichino,6
controsoffitto,6
dispiacciare,6
lignificativo,6
serpi,6
esorbitanza,6
canevare,6
ringrazire,6
opinare,6
enuncare,6
funzionalo,6
indossante,6
dimetterare,6
temprire,6
capeggare,6
ovaia,6
ereggere,6
aureare,6
riscoprare,6
1836,6
defunse,6
trulla,6
guardacaccia,6
dappresso,6
rovetto,6
ripicco,6
caballero,6
poncio,6
incespicare,6
presentatese,6
asceto,6
schifezza,6
guaita,6
turritorio,6
fusina,6
contrapponire,6
corrispore,6
divere,6
buonalbergo,6
combino,6
tombolare,6
palei,6
cantabilità,6
avania,6
confo,6
lanugine,6
golpo,6
gonzi,6
talea,6
imbrigliato,6
amoreggiamento,6
raccattapalla,6
roccheforte,6
bange,6
deliri,6
django,6
bambagia,6
sigismore,6
gradivare,6
pedice,6
guardian,6
sentireare,6
fossetta,6
attesissima,6
scatenarono,6
impalmo,6
sottolinear,6
rendetto,6
6ubito,6
diversa,6
viceparroco,6
intrecciatese,6
cretine,6
crepace,6
itto,6
elettricamente,6
funeraria,6
ritengono,6
carrettino,6
bisignano,6
cibaria,6
oleastro,6
pubblicizza,6
aiutarme,6
ramaglia,6
auello,6
enfiteusi,6
recuperata,6
attedio,6
monzambano,6
spiedino,6
cavezzo,6
malagugino,6
disfattista,6
schierale,6
clericofascista,6
ballarciso,6
vistosissimo,6
ragudere,6
norciare,6
rinvigorito,6
luddismo,6
democratiche,6
veggenza,6
datar,6
sconclusionare,6
sbandieramento,6
melanconia,6
noi',6
cotenna,6
ritenendo,6
accogli,6
lastricato,6
celtare,6
edificano,6
commessih,6
bugatto,6
garze,6
marialba,6
supremamente,6
ocarina,6
pagheranno,6
informandone,6
diaz,6
costarglio,6
nardi,6
1516,6
partialare,6
inarrivabile,6
ecevit,6
romagneso,6
tria,6
sbarcavare,6
avutise,6
giudicio,6
prescientifico,6
ghiaiare,6
giocavano,6
scolre,6
capiservizio,6
smash,6
cronometristo,6
0541,6
precludono,6
giudaico,6
pennivendolo,6
disinteressamento,6
riquadrare,6
lusitana,6
meschinamente,6
erbai,6
guizzanto,6
fastidiosamente,6
qualcosina,6
tentenna,6
sviai,6
sottoconsumo,6
sostento,6
sfoci,6
capisaldo,6
bifune,6
tattile,6
dallapiccola,6
ispiratrico,6
influa,6
erasvere,6
2'07,6
scoprivo,6
enervale,6
notarcela,6
sferruzza,6
1009,6
dilungere,6
piarre,6
valentinuzzo,6
sarezzo,6
alloggia,6
esegetico,6
temperie,6
ideologicare,6
presumiamo,6
meccanicità,6
incontentabile,6
criticarere,6
valsolda,6
nocini,6
bifera,6
parlando,6
amichetti,6
inettare,6
micaelare,6
agamennone,6
eroino,6
gable,6
canasta,6
pentecostale,6
phnomre,6
iilo,6
echine,6
valsugana,6
totalitare,6
dinamizzandone,6
classificandoso,6
asinata,6
azionarla,6
percosdere,6
somaticio,6
fan',6
mixo,6
scagnozzo,6
sottoponendolo,6
scazzottata,6
grammofone,6
rimostrare,6
dprendere,6
enterite,6
tossigli,6
fantasticherie,6
icap,6
rumba,6
puntinato,6
immaginato,6
esamineranno,6
malvolentiere,6
arabare,6
triplere,6
gsdere,6
insalatierare,6
fotografano,6
lanzillotto,6
allucinare,6
gerarchizzato,6
inflaziona,6
subisce,6
side,6
politicismo,6
factore,6
decio,6
mugnaere,6
pieghare,6
misurae,6
gettandolo,6
ostacolere,6
ridetere,6
uccide,6
preordinazione,6
centrosinistrare,6
controllabilità,6
ottomare,6
sbieco,6
lucertola,6
sottosezione,6
pubblicana,6
fruente,6
fruari,6
rafforzamene,6
frullare,6
mummificare,6
ovviamene,6
moncherino,6
umio,6
rosale,6
ostruzionista,6
proclamalo,6
premurò,6
rombano,6
itare,6
ucnae,6
pertica,6
palmento,6
amarezzare,6
sagittario,6
costruari,6
smetter,6
silap,6
ideio,6
operaista,6
torpido,6
montebelluno,6
cintino,6
defalcano,6
aarrivare,6
vestreno,6
democratici,6
rapaorto,6
illecita,6
alla',6
subentrato,6
ridale,6
oppostone,6
langhirare,6
nase,6
ammirativo,6
periziato,6
cantarano,6
permiano,6
desiste,6
brillio,6
sedevano,6
mediocremente,6
proustiano,6
densissima,6
svenure,6
corree,6
aulica,6
euromercato,6
regnale,6
competitiva,6
carriola,6
magmi,6
virgiliano,6
neopromosso,6
1855,6
trattenire,6
monsonico,6
gherone,6
cadette,6
pedo,6
erniare,6
dovutamente,6
petroleumre,6
investirebbero,6
navie,6
corsero,6
esel,6
proemia,6
naome,6
finch,6
ciel',6
ronago,6
floridezza,6
etisia,6
esplodano,6
cuta,6
patriarcare,6
umilissimo,6
lesiona,6
vespasiare,6
riproposo,6
chitina,6
masre,6
portafortuna,6
ponentino,6
naiade,6
cupere,6
4x200,6
1831,6
autodifendere,6
inesprere,6
innestato,6
risme,6
cloco,6
occupala,6
liberticido,6
gabonese,6
pietraia,6
chinaio,6
orville,6
afferrato,6
licenziata,6
aleatoria,6
pretendo,6
acquistale,6
lipario,6
tommia,6
fomentalo,6
panaio,6
freo,6
stenia,6
mandiare,6
nominandolo,6
velenosissimo,6
aspergi,6
raffreddato,6
circoscriva,6
epigono,6
beghine,6
ricalcasso,6
moenchengladbach,6
sansonere,6
ascese,6
affamano,6
cunardo,6
biare,6
papulo,6
villanella,6
musicologia,6
girar,6
riserba,6
insula,6
bracciolino,6
icaic,6
svergognato,6
minoritaria,6
referendi,6
rattizzo,6
sentento,6
trapattone,6
mimerò,6
eurolira,6
caravanre,6
stimoli,6
condannata,6
tronchetto,6
sbagliavano,6
deltizio,6
gerì,6
motorette,6
cavolfiore,6
arricchisce,6
abolizionista,6
trascuralo,6
nutrivo,6
esistenzialistico,6
addicere,6
bottinare,6
monomero,6
congare,6
taglialegna,6
sopravvieno,6
rivelatae,6
bertene,6
bonzo,6
laurentinare,6
dividendoso,6
impiegò,6
acclamato,6
acuminato,6
potrestere,6
agonale,6
curar,6
sottotenere,6
maglifico,6
tecnologare,6
trasparivo,6
trasparivare,6
gnorro,6
criticala,6
casperia,6
complemente,6
particolareggiata,6
ialinare,6
rincrudire,6
immobilizzarere,6
imegino,6
muoveranno,6
tendinite,6
sonorizzazione,6
convivio,6
roaschia,6
cacaore,6
richiesi,6
camille,6
dicao,6
emergendo,6
vertenzialità,6
abolare,6
soprattuttokoo,6
acidaro,6
svenuto,6
scagiona,6
merende,6
concire,6
amtrak,6
seguano,6
dpropposta,6
lavalo,6
reginetta,6
portauova,6
anticongelanto,6
vasre,6
sbrinare,6
viaggetto,6
mitre,6
screditante,6
giallio,6
debutta,6
riesplodire,6
disastrosi,6
tunnelre,6
ripiene,6
turbante,6
sperre,6
saccato,6
merzario,6
sebore,6
scimpanzé,6
sclere,6
meditano,6
campestra,6
adriao,6
telepatia,6
configurerebbero,6
ostacolalo,6
fendente,6
agape,6
qalì,6
amendolo,6
termito,6
brucello,6
tormentatissimo,6
raccomando,6
radia,6
appaiere,6
taraco,6
strenui,6
vevey,6
consulgere,6
planckaert,6
quaterno,6
sfuggivo,6
sposarme,6
inconfutabilmente,6
achirio,6
levatrice,6
stratte,6
fiorao,6
antidepressivo,6
appropriarsene,6
mammismo,6
calva,6
liquidere,6
sonar,6
partilare,6
interimere,6
olore,6
eulero,6
candidaturo,6
affacciarere,6
resinale,6
pulici,6
1007,6
sconvolga,6
scorrire,6
preponderare,6
guardina,6
porcato,6
sarcofago,6
antiriformatrico,6
lealismo,6
riverire,6
attivale,6
potrebbero,6
sordomuti,6
avvito,6
'cio,6
predella,6
celiere,6
lolare,6
romanticamente,6
elessa,6
assoggettabile,6
adescante,6
cuernavaca,6
ciocare,6
contraddistinsire,6
elettività,6
iridar,6
ponta,6
spavalda,6
trovatisi,6
momentio,6
ributta,6
difere,6
camionistare,6
affrancazione,6
spico,6
villania,6
cancela,6
rivoltellata,6
rierare,6
puccio,6
panificare,6
usanzo,6
trachea,6
pronuncinare,6
perturbamento,6
fortebraccio,6
corruttrice,6
espedire,6
fitz,6
frustalupi,6
batacchiare,6
pomone,6
litare,6
tgwu,6
presepe|raio,6
risicoltura,6
ningare,6
cgllcisl,6
succinta,6
alfo,6
ammollare,6
detronizza,6
marginalistico,6
burundo,6
pristino,6
silfi,6
rivolte,6
riordina,6
impiagare,6
ooteca,6
importantissimio,6
sibille,6
emanerà,6
pomaio,6
affiancata,6
incominciamo,6
ritorcila,6
cermignare,6
limitabile,6
duevilla,6
caggiare,6
nazionealé,6
scriviamo,6
vinetto,6
imbattuti,6
permetterto,6
voghero,6
casematta,6
debore,6
singarare,6
detroit,6
raccordato,6
avanese,6
camo',6
procuralo,6
vallonere,6
telgare,6
istillato,6
turbòre,6
occorresse,6
nocchiero,6
gravina,6
recabarren,6
saifi,6
ciancialo,6
nasconderebbero,6
appuntamelo,6
osata,6
tarere,6
zincherà,6
sportire,6
billia,6
abolisso,6
accompagnandole,6
continuerere,6
rainerio,6
difettamene,6
sottoposero,6
affaccio,6
promosse,6
furre,6
vicendo,6
premei,6
distraggare,6
drappeggiare,6
favorissero,6
esprimete,6
accolso,6
inebetire,6
vasine,6
amministralione,6
britanni,6
pluriclare,6
vergante,6
romenzo,6
risentare,6
filiere,6
possa,6
dottere,6
albissola,6
punti,6
ambosessare,6
letojanne,6
mllan,6
americanizzare,6
petere,6
onna,6
avae,6
allentalo,6
maniestazione,6
aeronauticho,6
scrollo,6
trivo,6
aprisso,6
ritorce,6
riconoscendogli,6
magmatico,6
soffermeremo,6
scollato,6
matt,6
portatoco,6
sovrintenda,6
forzandovisi,6
intase,6
nicorvo,6
feal,6
orafe,6
carmelitano,6
bifuno,6
asto,6
riaffermo,6
inere,6
passatista,6
esalti,6
ridonatolo,6
coordinamelo,6
rocchellare,6
legatore,6
schiume,6
accordòre,6
brachetto,6
aggirerebbero,6
fruscia,6
arrecato,6
gaiamente,6
fiessa,6
fosgene,6
rifornitore,6
premettono,6
pollao,6
statalizzare,6
anoia,6
meccanismi,6
ragtimo,6
escludente,6
nuocare,6
mettercela,6
sanissimo,6
soprammercato,6
facento,6
qualificho,6
eviterebbero,6
theodorakls,6
spianò,6
controvertibile,6
masciotti,6
qualcosino,6
toccalo,6
abruzzesa,6
fettuccia,6
riverniciatura,6
alcesto,6
nobilitazione,6
acetilene,6
gradì,6
ciclamino,6
intervenutare,6
bittano,6
venture,6
remana,6
mambo,6
dominabile,6
agissero,6
trabucco,6
primariato,6
minire,6
modesgere,6
posterio,6
appardere,6
visiono,6
ridici,6
meteore,6
scardino,6
giungano,6
plurivittorioso,6
roberts,6
rilanciò,6
quandi,6
clandestinare,6
copenagheno,6
miniale,6
perquisitare,6
fresatore,6
fioraie,6
altico,6
ninfomano,6
lasciandola,6
-'45,6
sterila,6
ametista,6
decalcare,6
ramni,6
capote,6
tramaglio,6
londondere,6
geiselre,6
inzuccare,6
riconfermalo,6
divergenta,6
viere,6
battitura,6
pronuncino,6
controra,6
ragazzone,6
eletttronico,6
concento,6
valacco,6
oberao,6
finiranno,6
conoscerere,6
etno,6
teodorare,6
mariarita,6
ericodare,6
zainetto,6
modenesi,6
dottamente,6
cinquantacinquenne,6
ermete,6
voznesenskij,6
bero,6
frattale,6
utet,6
ascendento,6
bagarinaggio,6
vanolo,6
sinnia,6
prayre,6
salvini,6
triviale,6
fautrico,6
statasi,6
truppo,6
buonafede,6
perpendicolarmente,6
deliberalo,6
portulare,6
amministrale,6
assorbimente,6
piattaformare,6
agazzano,6
fischo,6
episcopare,6
pronunciavare,6
masturbazione,6
squartao,6
jolson,6
lukas,6
foss,6
spiritual,6
scene,6
capillarizzandone,6
rimangano,6
faticosa,6
criticere,6
mattonaia,6
muntola,6
fatante,6
poderosi,6
conzare,6
annaritare,6
salai,6
1603,6
arruolato,6
tarme,6
affevere,6
cugine,6
insalubre,6
insetticide,6
aci',6
ospedalierare,6
arretrate,6
autostradere,6
scadure,6
abbonente,6
deprivazione,6
curvatura,6
appastello,6
dovute,6
parècolare,6
quindicenni,6
profluvio,6
rifulgere,6
definiremmo,6
emisero,6
filogaso,6
esclamo,6
strinsero,6
frumentare,6
morula,6
mailo,6
dicaco,6
miniaturizzare,6
antologizzo,6
aggrediscere,6
nudisti,6
ulcero,6
laureale,6
chilometra,6
lasala,6
claviere,6
tornitalo,6
fondamenta',6
mako,6
tossere,6
liberatone,6
balduccio,6
cadeaux,6
frumente,6
armistiziale,6
inviai,6
cacciala,6
ton',6
imposgere,6
uniscare,6
patiare,6
gallalo,6
chiamerei,6
fonologia,6
circoscrivo,6
fortuite,6
pecetta,6
disciplinarmente,6
noiosa,6
debora',6
chirurgica,6
francore,6
extraconiugale,6
requisitola,6
rinnovala,6
impedendonere,6
galliare,6
semianalfabeto,6
prospettale,6
obsoleta,6
delegandone,6
ritornerare,6
chiusuro,6
houphouet,6
situata,6
rilevar,6
rinnovamee,6
campanilistiche,6
vinciata,6
alcide,6
spio,6
aggiogare,6
statuii,6
deteriorarso,6
sindacalare,6
sous,6
atemporale,6
afferita,6
foscare,6
trecentocinquantamila,6
sessantun,6
tenano,6
assorbì,6
lecouvreur,6
civo',6
areogramma,6
attesista,6
sassetta,6
edo',6
pangiallo,6
chet,6
monteiasi,6
polarizzato,6
accertamelo,6
scalfato,6
collaborato,6
paiato,6
vendicatrice,6
fito,6
danang,6
iola,6
goduta,6
centralissima,6
contraddistingue,6
agghiaccianto,6
distico,6
tiado,6
paruzzaro,6
preselettoro,6
lallazione,6
boreale,6
puritanesimo,6
bustino,6
sparalo,6
ridevare,6
schioccare,6
brunate,6
silicare,6
ucria,6
mutavare,6
distinguibile,6
circondarlo,6
proibiscare,6
ccomune,6
forbire,6
sopravvalutato,6
cessole,6
geremiccare,6
accelerar,6
cellino,6
elargiti,6
elettoralee,6
occupa',6
porterare,6
lumumba,6
prepongere,6
delinquenta,6
tavullia,6
connimere,6
optere,6
abissi,6
stipuli,6
dettante,6
lombroso,6
invidioso,6
ondeggiamente,6
cinturare,6
flee,6
eurodif,6
strapiena,6
capilare,6
diveso,6
squilibra,6
radicandolo,6
decentralizzare,6
rionero,6
pignola,6
attribuendole,6
mortola,6
infuria,6
aggirantendere,6
pigia,6
nobilmente,6
chiavenna,6
palcare,6
altomonte,6
abere,6
bicela,6
progressedere,6
panchinaro,6
precisao,6
1770,6
tutu,6
sedano,6
evocavare,6
affanna,6
tributa,6
quido,6
ribellarere,6
polite,6
consultatone,6
lialf,6
orrio,6
beltrano,6
significatila,6
riferisse,6
shelley,6
contana,6
riesumira,6
incula,6
deturpa,6
soprastanto,6
eeconomico,6
petroli,6
ripescato,6
stroncata,6
granellino,6
scriva,6
fattaglio,6
interferiscare,6
salatura,6
tronfia,6
indicizzo,6
formata,6
districa,6
partecipandone,6
discoteco,6
contempera,6
dimenai,6
veiso,6
entre,6
consolidamene,6
anelace,6
rinviio,6
ingenua,6
ridai,6
aspirire,6
bararlo,6
recezione,6
cessarre,6
armandare,6
tannato,6
trasferimentare,6
svendire,6
anginoso,6
cupe,6
acquisteere,6
passacelo,6
concerta,6
indirizzavare,6
scarpettare,6
rotino,6
fermiamoco,6
accattonaggio,6
terontola,6
snater,6
torinare,6
meri,6
isolatore,6
salarialo,6
bastogna,6
incancreniscere,6
spartineve,6
stabilir,6
coverò,6
repressa,6
ledeio,6
ubano,6
sollecitala,6
correntesi,6
idalio,6
morir,6
gioìre,6
cicce,6
vivevamo,6
deporto,6
attacchere,6
denotire,6
allagar,6
imporere,6
elusivamente,6
fallii,6
ieno,6
laniera,6
enzensberger,6
esaustività,6
capode,6
seri,6
infogna,6
spettaco,6
centralisto,6
passai,6
ritennare,6
laure,6
niobe,6
specializzale,6
dipenda,6
votale,6
leghi,6
docilmente,6
giocondo,6
fungire,6
perù',6
suberare,6
addossala,6
nilio,6
xato,6
accennavo,6
strasso,6
gasometro,6
porvela,6
loannides,6
rifila,6
taccere,6
0000,6
sformato,6
restringimente,6
cantala,6
compongare,6
impianti,6
galerare,6
usurere,6
accertala,6
abbandonata,6
profuga,6
lugagnare,6
mandragola,6
respetto,6
fotocopiatrice,6
stendimento,6
attribuendola,6
molere,6
inveito,6
incista,6
ritorse,6
starnuto,6
baldissere,6
invieere,6
amanuenso,6
regioni,6
scricciolo,6
banfio,6
bautta,6
giumenta,6
contrordine,6
sdento,6
ciuffi,6
aspecifico,6
italcantlerl,6
ragionieristico,6
tavoleto,6
ragionai,6
tonaro,6
scalpato,6
badase,6
tazzine,6
allocchì,6
cern,6
vangee,6
sovvenzionatore,6
natole,6
locao,6
toserone,6
enuncia,6
comunicar,6
demarca,6
locala,6
dadaismo,6
primigenio,6
medioleggero,6
preta,6
neolaureare,6
inali,6
controllale,6
schizoido,6
stereotipe,6
sviscerato,6
intere',6
licie,6
sibiano,6
brontosauro,6
cassanmagnago,6
larry,6
sufanuvong,6
fogliano,6
neghere,6
strenne,6
basilaro,6
usufruivare,6
romene,6
cerelia,6
fragorosamente,6
cedei,6
fulciv,6
innevare,6
bugiare,6
patagone,6
azere,6
gama,6
antisportivo,6
inopio,6
regalere,6
sarsre,6
comasca,6
inchino,6
sottese,6
mastodonte,6
cristallinare,6
timoteo,6
ricopro,6
presldentl,6
farsetto,6
credulità,6
sappo,6
reputire,6
scambi,6
barchetto,6
ristabilì,6
martoriata,6
esplicato,6
riaccendare,6
avimela,6
titanica,6
aragli,6
capolineo,6
genola,6
1824,6
potato,6
rifarma,6
subì,6
arroccamente,6
sostanzialo,6
epulone,6
invasato,6
controrivoluzionare,6
smaccare,6
infedelmente,6
complessino,6
iniziassero,6
adunamento,6
continueremo,6
costumo,6
padronere,6
overe,6
obiettaio,6
prevaler,6
repressore,6
bombino,6
allegamento,6
camporgiano,6
fotocomposizione,6
accentuandonere,6
cromano,6
rientrale,6
dcccl,6
ueesta,6
alativo,6
monarco,6
vismara,6
direzionere,6
smirna,6
enigmistico,6
broncopolmonite,6
ovulo,6
soccorse,6
assistetto,6
randare,6
taratura,6
lebbroso,6
cunere,6
pignano,6
disinibita,6
palar,6
trascinamento,6
smino,6
noialtro,6
logiare,6
ignoralo,6
dessero,6
zenonere,6
bosio,6
significhino,6
19s5,6
detronizzato,6
stravolgimente,6
sfondio,6
tematicamente,6
comprenderebbero,6
polesello,6
offrir,6
travaglino,6
post',6
riapro,6
atrii,6
impegnala,6
'all,6
dissetante,6
zappare,6
maciullato,6
signoreggiare,6
prontissima,6
brevettuale,6
benello,6
manifetazione,6
arturiare,6
tessilo,6
udii,6
virala,6
barela,6
jollycolombani,6
riprendi,6
allineamengere,6
toscere,6
scorsoa,6
excel,6
denazionalizzazione,6
riamante,6
assemblatore,6
imbrattamento,6
sperimentalo,6
monosillabo,6
internar,6
biasino,6
rettare,6
cerofollnl,6
viandante,6
ticengo,6
gentaglia,6
mulare,6
innocua,6
scadenzi,6
grommatone,6
tragicommedia,6
incatenato,6
brigaglio,6
traccheggiare,6
sperequante,6
riorganizzativo,6
tensivo,6
monterado,6
moccio,6
morirò,6
atteggi',6
fissai,6
dipare,6
guizzare,6
iva',6
stipendia,6
univac,6
nissena,6
commemorato,6
assortire,6
velano,6
granire,6
testicolo,6
citala,6
femmine,6
locho,6
vittoriere,6
ridiedere,6
fatema,6
tritura,6
taramelo,6
tiello,6
acremente,6
torrevecchia,6
sollevino,6
436484,6
rogolo,6
inflazionista,6
lacciare,6
massificato,6
bracciamoli,6
alavo,6
industrializzale,6
crepitare,6
lamico,6
appassita,6
enduro,6
rimessaggio,6
assurtare,6
cessanto,6
penetrabilità,6
pratare,6
necroscopia,6
enervo,6
esempare,6
spizzico,6
provvedio,6
seguendolo,6
toccale,6
venanziare,6
capibile,6
aracelo,6
sinudyne,6
aragono,6
proposee,6
microgramma,6
risparmare,6
istituiscare,6
cembrare,6
pranza,6
sagrare,6
conquistadores,6
1572,6
stuccatore,6
carotiere,6
fruttificare,6
barcollo,6
magellano,6
pressurizzato,6
statare,6
provocarono,6
grontardo,6
similarità,6
mistifico,6
ventunesima,6
rombare,6
integratore,6
nutrono,6
transappenninico,6
arandere,6
marnerà,6
trovargli,6
furano,6
agiscono,6
battite,6
stileranno,6
accompagnale,6
policlade,6
dvd',6
stilemio,6
badiare,6
intagliatore,6
partitore,6
cooptano,6
prefigura,6
ispicare,6
baronesco,6
novizia,6
orinale,6
novarum,6
ritardino,6
dipendo,6
eccentricità,6
marmorea,6
barzago,6
realisti,6
ferenza,6
schiarimento,6
drak,6
1061,6
affioramento,6
lone,6
rinascenzare,6
asencio,6
portele,6
animismo,6
radicata,6
alacela,6
ercolina,6
cosere,6
farfaro,6
negherebbe,6
manifestaione,6
detrattere,6
c130,6
bertuccia,6
geisha,6
carreggino,6
uere,6
turbolente,6
euha,6
sperimentere,6
dubare,6
gestionali,6
rivolti,6
quarnero,6
ghigliottino,6
coagulano,6
paleolitico,6
autodisciplino,6
criminologia,6
deviatile,6
addente,6
annodo,6
ritener,6
dimenticandoso,6
backup,6
ingerimento,6
unzionio,6
fotoamatore,6
tendotela,6
zoppica,6
traballo,6
virga,6
praio,6
restituì,6
disporrebbero,6
accoppo,6
segre,6
clarenzio,6
lunalo,6
poggino,6
anaerobico,6
ciabatti,6
meniare,6
seminterrare,6
chirurgi,6
paudere,6
sdazio,6
clonazione,6
fotografalo,6
antiatomo,6
portuensare,6
sdraia,6
plutone,6
masochistico,6
antimalarico,6
strane,6
acetone,6
lini,6
esporti,6
assiomatico,6
tarchiare,6
intaccalo,6
scritti,6
imbroe,6
calderino,6
ampliere,6
capitelli,6
friabilità,6
riscrivo,6
cellofan,6
filaio,6
antoniettare,6
mingastro,6
critichare,6
giulianare,6
sviluppò,6
oligominerale,6
incaca,6
dopolavore,6
compaiano,6
amminicarazione,6
ordir,6
arthuirr,6
azionisto,6
paracelso,6
affiorante,6
sulfureo,6
aquilana,6
bbs',6
barlettare,6
possessione,6
falcinellie,6
impaniare,6
raidre,6
alcove,6
oggiono,6
baccherina,6
androceo,6
carburo,6
artefagli,6
pierangelare,6
filtravare,6
debuttato,6
sri',6
asceta,6
lavai,6
montgomeryre,6
terapeuta,6
urbanere,6
epura,6
stampatrice,6
colesterolo,6
accettasso,6
spiace,6
trappisto,6
macerazione,6
oppiacee,6
pianore,6
balcancar,6
scisto,6
pozzl,6
poliedricità,6
geometrare,6
dominicare,6
esporrare,6
dissalazione,6
orlalare,6
castigato,6
armillo,6
monotonamente,6
esotica,6
seguii,6
abilissima,6
cusago,6
lacrossa,6
laudato,6
tinsire,6
remai,6
tomaso,6
dlie,6
panar,6
bios',6
oceanica,6
prevedevamo,6
esprimendoso,6
giovannettare,6
belote,6
trattao,6
legata,6
zitta,6
atela,6
rapidissimamente,6
chiusasi,6
conigliere,6
cardellino,6
centrasto,6
oslore,6
censuario,6
interedere,6
cunevo,6
rinnegamento,6
astenuire,6
sottoculturale,6
interpretalo,6
conterare,6
1taliano,6
strettola,6
orografia,6
ghiaioso,6
lvere,6
cassavare,6
selci,6
atomizzato,6
appropriatamente,6
riabilita,6
spiegalo,6
vicepretore,6
schiave,6
traito,6
fanatica,6
scontire,6
computerizzare,6
valutatone,6
taglieggiato,6
maggiorente,6
animina,6
betty,6
costipare,6
ridir,6
cinearre,6
calre,6
venala,6
lupare,6
scassinato,6
sluf,6
garbagnate,6
sena',6
ulno,6
importar,6
english,6
archeologa,6
trentanovesimo,6
congiunturo,6
componge,6
sambuco,6
1u71,6
stazioni,6
colcosiano,6
enologio,6
iside,6
castorano,6
blande,6
garlaschelll,6
aristode,6
sconosciute,6
hawthore,6
fluitone,6
cutina,6
compiutezzare,6
triorare,6
concedo,6
malattio,6
miceneo,6
liscare,6
creda,6
gestir,6
tora,6
mezzale,6
deturpante,6
acrisia,6
libraria,6
fronteggiavare,6
premettare,6
presentar,6
vivacizzano,6
alzai,6
mantenesi,6
intona,6
avvistato,6
organicamere,6
setacea,6
schermar,6
aberro,6
autoreattore,6
neodada,6
formez,6
domma,6
vicesindace,6
rondòe,6
confidere,6
dolimi,6
deviamento,6
cessante,6
accasata,6
progetre,6
menagli,6
carmino,6
evora,6
faiat,6
lenente,6
alienace,6
solforato,6
sbrecciare,6
tradur,6
diciottenire,6
arenerai,6
aprine,6
ipsilon,6
nese,6
manierare,6
arguente,6
accamperà,6
spassare,6
software,6
router,6
crescerare,6
operaci,6
aligere,6
zelbio,6
trani,6
ottiene,6
insistettero,6
-'53,6
nouakchott,6
1110,6
potalo,6
utere,6
ammaliare,6
operatone,6
marezzare,6
trascorressero,6
tracy,6
rilimaco,6
dulbecco,6
lattio,6
menarmi,6
agitamento,6
caratterizzalore,6
collezionato,6
nominalismo,6
elitaria,6
scollo,6
malavogliare,6
nuotato,6
dinare,6
tecnologice,6
ipoteticamente,6
grafismo,6
ostao,6
feluca,6
salonere,6
barrir,6
riconsidera,6
cataldare,6
gillettere,6
stamberga,6
psoo,6
saoco,6
criochirurgia,6
ragade,6
oscenare,6
salaco,6
egizianare,6
sortite,6
azota,6
benilde,6
verniciato,6
indivisibilità,6
catalana,6
orato,6
tiracelo,6
livornendere,6
batosto,6
cuccato,6
coinvolgerebbe,6
dosabile,6
paludare,6
interscambiabile,6
angosca,6
appartenare,6
vertigino,6
quadruplicazione,6
criticalo,6
siziare,6
rinunci,6
cosoleto,6
eguaglio,6
bestiona,6
luco,6
libino,6
vage,6
anona,6
scantinare,6
avviire,6
notaresco,6
abramio,6
ficcar,6
lavoratola,6
porcellone,6
compilalo,6
belluge,6
sottoo,6
pelale,6
espunto,6
ternane,6
marcetta,6
abigeare,6
conomia,6
scoordinato,6
nicolas,6
formicone,6
marxirre,6
trafora,6
binata,6
bourget,6
templo,6
obnubilare,6
inulta,6
testerò,6
ininfluento,6
tribunire,6
immotivata,6
brecciolino,6
pedanto,6
landriano,6
setticemia,6
palladino,6
illudo,6
operaistico,6
dubito,6
dovranno,6
realisre,6
editorialmente,6
inquadrandolare,6
patologicamente,6
passim,6
sanificato,6
irride,6
malcapitata,6
svilapo,6
riconose,6
diesis,6
1'occupazione,6
confagli,6
scudocrociafo,6
gettassero,6
maldestre,6
comofissione,6
dettale,6
ciucci,6
tramagnino,6
semio,6
garavino,6
agretta,6
abbica,6
dirce',6
bollata,6
linguo,6
caracollare,6
estraniazione,6
lentato,6
collerico,6
risaltano,6
matrigna,6
balzani,6
filomeno,6
azie,6
protervo,6
segherio,6
stringendo,6
selvere,6
vivaisto,6
adende,6
irradiato,6
adulato,6
esaminalo,6
inscio,6
rifonda,6
divampante,6
sorbente,6
etilismo,6
stritolato,6
darere,6
evasivere,6
emiche,6
realra,6
robson,6
terrona,6
romance,6
semilavorare,6
transala,6
interrogale,6
turkmena,6
disgregamento,6
rull,6
organza,6
emblemare,6
frammentano,6
pozzolengo,6
ritornale,6
scioperante,6
sconco,6
gonfiaggio,6
pietirre,6
omentale,6
mutanda,6
accademicamente,6
fattace,6
reclama,6
coki,6
coglilo,6
intao,6
areopago,6
preferiva,6
schemino,6
omei,6
marxigsiere,6
allontanale,6
omignare,6
tienito,6
trasmetta,6
crinito,6
esemplifico,6
tisano,6
accettai,6
cutare,6
balsorare,6
travagli,6
imitar,6
tardività,6
accentuavare,6
evincio,6
controcarro,6
funso,6
applaudo,6
gianlucare,6
romanelli,6
adunco,6
volevre,6
beghina,6
pileria,6
polpastrello,6
discriminartico,6
amen',6
valutandone,6
ascrivo,6
terrecotta,6
spulo,6
petinare,6
favoriti,6
manicotto,6
inconfondibilmente,6
pattinare,6
imitai,6
bolare,6
riunìh,6
razionalizzante,6
poteto,6
faziosamente,6
redi,6
svoltace,6
pianistare,6
decino,6
obbligalo,6
diavolio,6
vertile,6
celebratire,6
liberavare,6
testao,6
ellen,6
ciadiare,6
voghire,6
inalino,6
escavo,6
atassico,6
1764,6
arrostato,6
slanciato,6
decompressione,6
cannellino,6
sociao,6
olivetare,6
diffrazione,6
cruna,6
dentiere,6
partitare,6
piattaforme,6
insegnamo,6
otitico,6
gerolare,6
coturne,6
illiria,6
subdola,6
ponderosa,6
autoico,6
touca,6
pietrame,6
piamere,6
percodere,6
giacciare,6
gottosa,6
ficare,6
riconverrò,6
aroe,6
assesta,6
commendare,6
ragguardevolare,6
vvff,6
limitrofare,6
proporrò,6
salila,6
malformare,6
peruzzo,6
strafori,6
asor,6
vetere,6
7iia,6
buscata,6
brevò,6
concorsi,6
egredario,6
giungeta,6
trecenta,6
allestitore,6
rabicare,6
chiederebbero,6
papesco,6
riparato,6
espandendoso,6
bolina,6
tentatile,6
questioni,6
negatile,6
bollar,6
adsorbire,6
aforisma,6
collet,6
cgilcislu1l,6
recepitare,6
stab,6
aneu,6
telesinare,6
convissere,6
arquata,6
casalinire,6
garzigliano,6
mixing,6
giovanetti,6
ingorgare,6
kalashnikov,6
cottolo,6
vendo,6
detengare,6
cacciamoti,6
attivar,6
oblasso,6
riconoscibilissimo,6
biliario,6
cirire,6
inonda,6
lessato,6
1280,6
coammissione,6
traare,6
grecar,6
sincronizzazione,6
vergamela,6
dragere,6
usufruirà,6
anodica,6
tg-1,6
orsenigo,6
avvicendato,6
socializzanto,6
scalfisce,6
atermico,6
balbetto,6
galleriare,6
mariello,6
plinte,6
truffavare,6
cesio,6
aviatico,6
scopriere,6
terricciola,6
dature,6
offertamo,6
occupatile,6
scranne,6
mannare,6
spargevare,6
cardiologiare,6
preventorio,6
tiente,6
lenir,6
1090,6
arsi,6
travesio,6
roulore,6
confessano,6
pci-,6
aiere,6
p3ire,6
sciacallaggio,6
risorgare,6
disseppellire,6
agrumicola,6
dee',6
revere,6
ciapi,6
aduli,6
blenno,6
arcivescovato,6
lassere,6
montecosaro,6
pite,6
gr-2,6
gemile,6
antitracoma,6
trasuda,6
etnee,6
guglionese,6
difettamelo,6
valvolo,6
ancillare,6
sensazionalismo,6
posatore,6
catharina,6
quei',6
monolocale,6
tclcimpionte,6
varici,6
speciali,6
stellino,6
eccedimo,6
acredine,6
tossii,6
ontologia,6
microondo,6
congiuntivire,6
infervento,6
consumatrice,6
dolimene,6
cinq,6
cislu,6
parnaso,6
fievole,6
incendi,6
pisanare,6
pomiciano,6
dissipatrice,6
svilo,6
vernato,6
gemonio,6
ronde,6
casati,6
ambita,6
eseguile,6
censir,6
acquistiamo,6
montagnare,6
buoio,6
sobbarcandoso,6
ciacre,6
1042,6
elitre,6
sanino,6
lambiare,6
onoravo,6
stravecchio,6
edificatrice,6
allunga,6
7one,6
mirum,6
cimat,6
pescatina,6
coordino,6
vito',6
potatore,6
intaccano,6
bocchigliero,6
tubato,6
arkin,6
regolatole,6
collide,6
presame,6
svole,6
ultracinquantenne,6
baiare,6
erodire,6
sterlinare,6
brandeburghese,6
condivisa,6
tori,6
considerasse,6
uico,6
extralusso,6
anagrafere,6
iconografio,6
palchettista,6
riuscissimo,6
inema,6
antiquariare,6
paule,6
vinoso,6
isido,6
applicale,6
pesapersone,6
operaisto,6
banchetta,6
scespiriano,6
astiene,6
estremizzato,6
mortifere,6
monteparano,6
verissimo,6
rieduchino,6
puteolano,6
madido,6
isolazionistico,6
rimpasta,6
3050,6
sfrontatamente,6
risapi,6
amanup,6
intercomprensoriale,6
vincemmo,6
paratore,6
lupine,6
1755,6
occupaco,6
mediovaldarno,6
giustinelll,6
rinuncerebbero,6
faggi,6
sbeffeggiare,6
anestesirre,6
perversità,6
tariffano,6
sgroppato,6
anels,6
cgiare,6
scatolificio,6
fustello,6
impedirebbero,6
trillaio,6
saburo,6
deificato,6
commediare,6
mareggiare,6
narteciazione,6
metallografico,6
parrebbero,6
1772,6
mattine,6
resinato,6
pelota,6
carugato,6
collettivizzare,6
casciana,6
dolciastro,6
disagi,6
irrecuperabilità,6
ponzone,6
irrealizzato,6
tani,6
muricciolo,6
episcopio,6
ittire,6
passant,6
eleggio,6
intercalala,6
bonificazione,6
sareta,6
infervorare,6
altrai,6
scillari,6
difendete,6
segreterie,6
scalinare,6
necrofore,6
salviato,6
sabbiosa,6
salimelo,6
coccho,6
ogmo,6
attestatare,6
piai,6
riparatrice,6
chiname,6
ariamona,6
brutturare,6
multiformità,6
amministratrico,6
perere,6
camen,6
com2,6
sievere,6
schemo,6
compatimento,6
gessa,6
miglia,6
maestrino,6
olografia,6
idrologio,6
perugo,6
frapposti,6
ilarare,6
discretare,6
precisano,6
piegalo,6
antennista,6
onerano,6
monino,6
opkc,6
parrucchiera,6
quadruplico,6
castrovillan,6
centrarvelo,6
bistrote,6
spampano,6
pecare,6
soce,6
ampissimo,6
disfunzionale,6
cimabe,6
confcommerciore,6
cossigacio,6
asticciolo,6
sedimentato,6
spezzatino,6
lustrira,6
dismettere,6
abnego,6
ratura,6
zaccagnino,6
scandii,6
cesarea,6
tuttilibro,6
scricchiolo,6
spegner,6
basire,6
arcca,6
montiano,6
1431,6
ternarglielo,6
deista,6
chiudenda,6
concedercelo,6
vise,6
longarina,6
timidissimo,6
aroc,6
legittimere,6
contromare,6
fugacemente,6
complessato,6
benedempere,6
animi,6
collinoso,6
nascire,6
nibelungo,6
lacinia,6
val',6
easy,6
scemenza,6
moon,6
smorte,6
caltavuturo,6
accadendere,6
sprintre,6
martellago,6
mandorlete,6
trovatoso,6
sburrare,6
inumar,6
broncare,6
costaglielare,6
cortinario,6
ingrandimente,6
passeggino,6
fucilo,6
quae,6
pelignare,6
modificabilo,6
agisce,6
tesatimene,6
ballere,6
inflittare,6
trasacco,6
antille,6
imiteere,6
starnatato,6
staggia,6
sostengere,6
indivia,6
libellula,6
compiese,6
connotale,6
pover,6
equie,6
emerire,6
tifernato,6
tartarino,6
sbrecciato,6
radicchio,6
eserciziotelefonico,6
clarabello,6
riflessone,6
riconoscendolo,6
hsing,6
tibiale,6
patello,6
fiorentinere,6
aggiustamentie,6
capecco,6
nocerinosarnese,6
riardare,6
crocco,6
serialmente,6
coordinatrice,6
verdello,6
lucidio,6
telescopo,6
avviene,6
introduco,6
spedita,6
tradurrebbe,6
riemerger,6
prosciolgere,6
omogenizzazione,6
cucinotto,6
bastardella,6
onichiare,6
versilcraft,6
carducci,6
toritgere,6
fontaniere,6
seminfermità,6
ceronare,6
comunle,6
disfatte,6
germinato,6
cartellonista,6
scampagnato,6
sguanci,6
niobico,6
lamentiare,6
immersi,6
bonjour,6
speccale,6
murar,6
confinamento,6
occhipinte,6
egamre,6
appara,6
ricompresi,6
aleurone,6
ricacci,6
ossifile,6
fattese,6
apolidere,6
farnetica,6
prezzoli,6
partoriscere,6
conselice,6
cattivare,6
tall,6
almerare,6
pervasare,6
ennesi,6
asterix,6
policiclico,6
verifichio,6
raggroppare,6
ritrovabile,6
bulinare,6
ciabattino,6
autoapocalipse,6
cingore,6
protista,6
canicolare,6
ammalata,6
bietigheim,6
articolate,6
stonatura,6
grommare,6
stire,6
ortofrenico,6
fireu,6
certifica,6
formalina,6
accorcerare,6
bigamare,6
vitulazio,6
slfp,6
collocatoco,6
obicttivo,6
maturandoso,6
4100,6
patarine,6
1976'77,6
curriculumre,6
estendendolo,6
derve,6
sexyre,6
abortisto,6
impegnandole,6
appigli,6
vannare,6
esigemmo,6
penepiani,6
tamarare,6
ampli,6
travolta,6
elevata,6
colonnata,6
ipata,6
gamorra,6
gaggiare,6
rimanesse,6
didatti,6
grassonare,6
righettere,6
seriorio,6
dardanellare,6
mariangelo,6
federase,6
nocciolino,6
chocolatey,6
grassina,6
rossine,6
montegabbione,6
suscitasso,6
ridefinì,6
canestra,6
grami,6
spolettificio,6
monastra,6
espungere,6
composte,6
emofiliaco,6
acetificio,6
talassemico,6
dirazione,6
cereria,6
amministratilo,6
tensore,6
gemmana,6
rinuncino,6
seneso,6
strutturandoso,6
axce,6
scarpette,6
pediculoso,6
scandole,6
conco',6
educame,6
chiamiamole,6
taconeare,6
pcorso,6
radimelo,6
fusibile,6
tranvio,6
aaccordo,6
alimentino,6
definisco,6
iperbarico,6
pasciuti,6
proseguimente,6
eterizzazione,6
posatolo,6
specularmente,6
ciccaiola,6
elaborale,6
riusa,6
registica,6
seminfermo,6
lampade,6
sartore,6
intervenite,6
giolittiano,6
fabbrichereto,6
cronicare,6
allis,6
istallavo,6
silema,6
calcinaio,6
trangugiare,6
borierò,6
issano,6
garantisco,6
sagomarere,6
autotassare,6
hablamos,6
espanol,6
gipugo,6
precisino,6
cotognare,6
reclutamente,6
pierfranco,6
catechesi,6
sferito,6
soso,6
trainale,6
mandando,6
fischione,6
elettrofiltro,6
aeroscalo,6
sfasciacarrozza,6
laurenziana,6
stabiliscere,6
redattere,6
belliconi,6
esprimire,6
sangria,6
scalzano,6
pomiciale,6
mesone,6
macchini,6
acolio,6
serratissimo,6
garolfo,6
valdisieve,6
disponico,6
supercinemare,6
sapida,6
conga,6
insceme,6
osci,6
tossicomano,6
platinare,6
mackinlays,6
giampasquale,6
amome,6
formulale,6
sbruffone,6
acuiscare,6
buccinasco,6
aliamone,6
pontido,6
bypass,6
raggruppi,6
denti,6
colorì,6
sperimentalità,6
lillian,6
ultrasessantenno,6
cannabis,6
366654,6
inverte,6
susta,6
rizziero,6
invecchio,6
statuo,6
demografica,6
donativo,6
cardinaliziare,6
logudorese,6
prettare,6
pratesa,6
murire,6
innominato,6
doletti,6
vandenbroucke,6
copiato,6
deludio,6
caramellare,6
sommerge,6
rimante,6
verniciatore,6
adirebbero,6
dichiaranto,6
avvera,6
falzes,6
novafeltrio,6
occhipinti,6
suisse,6
seccando,6
ccpl,6
ottana,6
cetel,6
sorregga,6
spennare,6
ortopediare,6
ghettizzato,6
vestagliere,6
proponevano,6
palais,6
zampironi,6
lectio,6
calcolere,6
boadello,6
scivar,6
deruta,6
salsedine,6
sbrinamento,6
buonasero,6
latteria,6
millenova,6
segmentare,6
decidemmo,6
originere,6
sostiene,6
costagliela,6
ristabiliscono,6
autopulente,6
villanzone,6
razziato,6
bucace,6
fluoruro,6
nicti,6
ilpa,6
bamboccio,6
pornofilm,6
afrique,6
agiere,6
tubero,6
piombinare,6
--'-,6
gambuti,6
programmatrice,6
1378,6
radeteve,6
vigilio,6
marni,6
risalgire,6
castellina,6
amministratine,6
araldie,6
bronzarglio,6
dogliolare,6
majo,6
brugolo,6
erland,6
josephson,6
giugliano,6
attivita,6
ceaf,6
santadi,6
unity,6
sanminiatese,6
dash,6
neurotossino,6
vongolario,6
cgtp,6
riportantere,6
incom,6
montelupo,6
jamahiriyah,6
bettolini,6
galattico,6
quartino,6
mascalucia,6
donoratico,6
radioprotezione,6
moschiano,6
icmesà,6
pettinaco,6
villaricco,6
adiamolare,6
monofasere,6
amantisi,6
zumare,6
carroponte,6
nantes,6
1977'78,6
bernia,6
ecclestone,6
compostaggio,6
levale,6
volicchio,6
lunerò,6
dorofieiev,6
aloia,6
barato,6
isep,6
motozappa,6
thanksgiving,6
montessoriano,6
tesai,6
perdonere,6
verrocchio,6
wenders,6
recitar,6
specializzandi,6
fitzsimmons,6
bigerao,6
ionere,6
fnlc,6
cinecircolo,6
autousata,6
ricapitalizzare,6
tigrao,6
lomuscio,6
bugnando,6
thais,6
riscendere,6
altavista,6
bagdad,6
edmonton,6
tessento,6
abortiscono,6
sedergere,6
ottenese,6
saliut,6
197r,6
pandolce,6
panforto,6
carratore,6
liturgo,6
confcoltlvatore,6
418166,6
dodeco,6
1490000,6
pianorgano,6
roccafluvione,6
valfabbrica,6
roccaromana,6
stratiota,6
camerina,6
strofina,6
corteggiano,6
tricloroetie,6
marcitala,6
esagonale,5
barzelletto,5
lupe,5
berlare,5
sestola,5
cingevare,5
gradite,5
abati,5
buonumore,5
subappenninico,5
plebere,5
apolide,5
concita,5
letturare,5
abitiare,5
plex,5
berettino,5
compaesare,5
assegnandola,5
arricchìre,5
ancre,5
scorribandare,5
trenia,5
disinserire,5
caricabile,5
avvala,5
caffettano,5
scoppiettante,5
oggettivismo,5
assicure,5
regimie,5
tettuccio,5
appostavare,5
aclj,5
ritiralo,5
mettetelo,5
impietrito,5
segregazionismo,5
spore,5
limitatrico,5
dilettantesco,5
togliano,5
ambrosiana,5
risaltire,5
ascene,5
iridescente,5
drang,5
1852,5
federacene,5
feniano,5
3uesto,5
arruffato,5
sassoso,5
finaledere,5
trentasettesimo,5
amanita,5
convergenzo,5
sottoscrirre,5
disvalore,5
occupavamo,5
paragere,5
sincacale,5
potreare,5
slanciòe,5
olone,5
aderizzazione,5
rovare,5
impreziosire,5
rimase,5
gepl,5
affronte,5
alassero,5
maderna,5
favolistica,5
sperticare,5
stizzito,5
tartaglio,5
infermerio,5
52enne,5
rigeneratrice,5
maderchi,5
allibo,5
ortensi,5
firm,5
decettere,5
affidarto,5
63100,5
radiotaxi,5
avreibe,5
moldova,5
testante,5
1809,5
subtropicale,5
cinigiano,5
aitec,5
carlopolo,5
microbiologo,5
dedicandosi,5
anpunto,5
socia1,5
coincisero,5
sfregamento,5
balzavare,5
deferento,5
validissimi,5
grangere,5
penetrarono,5
galdino,5
arleno,5
arciduca,5
ragioniamone,5
castamente,5
sfero,5
giallumere,5
piacevare,5
centrosinistro,5
aponia,5
carrabile,5
tinozza,5
paternalisto,5
romandare,5
romagnesa,5
pellagra,5
insicurare,5
lllimane,5
novantasette,5
unitc,5
valutarle,5
sottoste,5
succedetta,5
penica,5
adirino,5
bionomia,5
arringere,5
pullare,5
nepalese,5
sessantasette,5
cartono,5
euere,5
anticonformisto,5
ventottesima,5
bersane,5
baire,5
soccombe,5
pontiere,5
assoggetto,5
auguriamoci,5
deltoide,5
piantonato,5
managuo,5
aerase,5
persistentemente,5
organizzao,5
carli,5
confagricoltura,5
acquafortista,5
moschettone,5
berlioz,5
ordinai,5
conocere,5
tributarista,5
desistare,5
turbamente,5
proavi,5
addestratilo,5
framura,5
capitai,5
clandestina,5
esimio,5
occasioniamo,5
bertonico,5
densere,5
zonzo,5
raglia,5
soffusa,5
preruolo,5
intorpidito,5
lubrificanto,5
arcolare,5
forzanovlsta,5
spaglio,5
cefis,5
margotti,5
azzuffo,5
tondamene,5
criminologiare,5
enigmatica,5
colorata,5
astratre,5
tecnicizzazione,5
striatura,5
partitolare,5
idiozio,5
messogli,5
farnesino,5
cary,5
rinsaldamento,5
intervenivere,5
inserendoso,5
babbi,5
restala,5
alizarina,5
cicatore,5
assaltato,5
francesine,5
10300,5
caego,5
comportale,5
scalmanare,5
piegatura,5
inasine,5
disinfestare,5
frongia,5
nubia,5
mick,5
orientaleggiante,5
facoltatività,5
attribuendolo,5
condivisi,5
tolomeo,5
credulone,5
quadrigetto,5
seraezio,5
sostenendola,5
casablanco,5
menee,5
numo,5
riarsa,5
autoctere,5
manipolativo,5
xvhi,5
gemmare,5
fotografale,5
coldiretto,5
grandeggiare,5
legatissimo,5
naturalistica,5
sbrada,5
sacrificata,5
boicottagge,5
ammazzeremo,5
stabilisco,5
pharmaseal,5
amarica,5
associazioni,5
vivesse,5
coilcisl,5
smascherato,5
patricere,5
fornitogli,5
giustizialismo,5
epurai,5
cederazione,5
bramanto,5
badano,5
culminale,5
recuperandolare,5
mendès,5
risvegli,5
susegano,5
omana,5
camogli,5
cavana,5
naturalisto,5
litografo,5
sillabario,5
coreografa,5
tardino,5
radiogoniometro,5
angiosarcoma,5
pensasseroo,5
telefonisto,5
aggiudicano,5
biiro,5
ordiie,5
frustranto,5
martesano,5
perlare,5
svaniscire,5
posterità,5
animò,5
parevano,5
tirò,5
vantavano,5
democritobico,5
invaghire,5
toglie,5
microspie,5
clonerò,5
indipensabile,5
banni,5
centrifughe,5
aggettivazione,5
dombrosio,5
biotipio,5
totalizzazione,5
multiple,5
gobiare,5
slato,5
loatta,5
fanfanare,5
pagai,5
interagento,5
oltranzistare,5
stermino,5
revolvere,5
sottooccupato,5
distraggere,5
ricorriamo,5
neue,5
pigare,5
100000,5
operatoto,5
chianciano,5
interpellateci,5
cuccere,5
canestre,5
1591,5
ammucco,5
eminere,5
aspiranti,5
centriato,5
segugio,5
aggiudichere,5
nema,5
morlupo,5
magliano,5
montelanico,5
arce,5
vallemaio,5
conseguirebbe,5
saprofita,5
saprare,5
perettere,5
quinare,5
astrattista,5
sostenevamo,5
bastarono,5
gallesa,5
gurre,5
trading,5
generalizzala,5
istingere,5
tajer,5
rutilante,5
guardandoso,5
colpir,5
identificavare,5
indietreggiamento,5
riconoscibilità,5
carlotto,5
velario,5
vignolo,5
toponomastico,5
robinia,5
dirigista,5
desista,5
innalzò,5
riunare,5
modestissima,5
evelia,5
concedendoglare,5
fascicoletto,5
finirescere,5
inea,5
provvedimentare,5
dichiarazionee,5
riconosci,5
docco,5
mitigato,5
paib,5
prolemie,5
mitizzato,5
altmanre,5
carme,5
gingillare,5
funzionalismo,5
ascetismo,5
minlstro,5
nauseabondo,5
spianano,5
scambievole,5
prospeggere,5
abolizionisto,5
borriano,5
aumentò,5
inefficaciare,5
paraoccho,5
ricostruirso,5
collebeato,5
vicoletto,5
sparatiglio,5
bacicciare,5
rotaare,5
turenna,5
marcaiare,5
milioni,5
tirandoso,5
tranvie,5
mercanteggiare,5
schiava,5
auga,5
batticuore,5
fuggevolo,5
dragonare,5
ccl',5
inserirere,5
guarari,5
sincronizzato,5
concessionarie,5
ultraso,5
duecentocinquanta,5
vantavere,5
effondere,5
affermante,5
pozzetti,5
egemoniare,5
addossato,5
domesticare,5
bilancare,5
ripere,5
bocconere,5
primino,5
batterre,5
miserio,5
metterei,5
agirò,5
rantolante,5
legnale,5
legnace,5
tentacolare,5
approfondirebbe,5
informao,5
pallide,5
1420,5
finney,5
1057,5
sigaretto,5
predatrice,5
fertilizzare,5
telespia,5
guarderemo,5
federesercentl,5
neva,5
ordere,5
29enne,5
accoltellarono,5
turbinio,5
sferragliare,5
elettrotreno,5
subentra,5
flae,5
partecipano,5
boso,5
arsente,5
effetti,5
favoreggia,5
1440,5
ninfo,5
supernova,5
1054,5
magio,5
fomente,5
sfalla,5
suggerì,5
immediatamere,5
parlerebbero,5
edwardre,5
equipollenza,5
riesamo,5
malaugurare,5
mcgahey,5
datagli,5
acquiescento,5
uracile,5
imporranto,5
funai,5
ponendolae,5
aico,5
soaieta,5
airplay,5
rostand,5
sdrammatizzante,5
solidi,5
mirtex,5
taxista,5
eschileo,5
1773,5
splendo,5
raggiera,5
osavare,5
riunirebbero,5
resistettero,5
bustare,5
flangere,5
degradanto,5
fratturazione,5
stefanio,5
miniarto,5
ascalonare,5
semidio,5
alchile,5
cambrare,5
affrontino,5
imposi,5
sostenimento,5
equitativo,5
basatosi,5
incalzanti,5
avitela,5
granitolo,5
trenda,5
trentaseimila,5
condannavare,5
benny,5
fonomeccanico,5
estenuazione,5
nichilisto,5
esposire,5
aggiustamre,5
aipoa,5
decrepitezza,5
azerbaigiano,5
insegnar,5
sintagma,5
facco,5
grisùlato,5
risaluto,5
segao,5
ingrigire,5
insudiciare,5
aggiudicavare,5
termodinamico,5
riserve,5
dategli,5
esteto,5
diavoli,5
ghirba,5
adriaticare,5
formalione,5
thieuo,5
approvata,5
sideo,5
anmdo,5
pomfi,5
rispettao,5
timbratura,5
inflettiglio,5
destinavare,5
trezzano,5
solarolo,5
olszowse,5
ardita,5
sbadigliare,5
voila,5
baraccamente,5
impostogli,5
barrito,5
puccini,5
partecipacih,5
pariteticare,5
1370,5
nonere,5
neopositivistico,5
dolina,5
bramo,5
mescolato,5
trustre,5
determinandonere,5
datendere,5
antrace,5
tonchino,5
cassaforto,5
ritualistico,5
contraddirebbe,5
appuntao,5
psicanalisto,5
pregarto,5
reaizzare,5
arassare,5
indirettare,5
osterò,5
ciociario,5
birbo,5
manieazione,5
ascrittare,5
samario,5
cisgiordanio,5
ontologico,5
cantastorie,5
dracme,5
getterebbe,5
aspata,5
partitissima,5
internazionalità,5
mortare,5
scornare,5
acuivare,5
maccherono,5
esteta,5
significatività,5
clericalizzazione,5
allacci,5
accorcare,5
donzella,5
perfezionabile,5
travato,5
adae,5
gobetto,5
veronesi,5
lillehammer,5
spiegar,5
demeritato,5
agitelo,5
conseguivare,5
acciaccato,5
portandoe,5
interente,5
faillo,5
asigliare,5
cautelario,5
gioiele,5
puteolana,5
strimpellare,5
talkie,5
ched,5
vicendere,5
oldenburg,5
plymouth,5
cerva,5
pensata,5
discriminatone,5
falchare,5
terrorizzata,5
funa,5
sessai,5
rassicurandolo,5
palesano,5
treguo,5
pastaere,5
innocentista,5
controprogetto,5
annuso,5
preceduti,5
sazione,5
batalo,5
albineo,5
incalzere,5
cconferenza,5
armandone,5
farm,5
cellarare,5
aazienda,5
riuscendovare,5
considerassero,5
mattazione,5
maiakovskl,5
reificazione,5
vantata,5
imbarchare,5
subacquei,5
solame,5
abbrica,5
cacciagione,5
militesente,5
rappresentaato,5
pubgre,5
sielte,5
calorifero,5
anticolerico,5
otterrebbe,5
rappello,5
ritrovira,5
parolaire,5
fatela,5
massacrò,5
salam,5
approfonditamengere,5
fune'lo,5
biondina,5
ricciolo,5
compiamo,5
rifugiale,5
berninare,5
discussare,5
nosiro,5
rivalorizzazione,5
illumina,5
paffere,5
coloritare,5
ripubblico,5
rifocalizzazione,5
frequentabile,5
immagazzinato,5
sondalo,5
armatolo,5
forchetta,5
rinvigorere,5
amatese,5
incesso,5
esercitassero,5
famare,5
steferre,5
rincarato,5
integrativa,5
agrumicolturo,5
psiche,5
tambureggiare,5
ideologizzato,5
siette,5
prione,5
gerarchi,5
cherosene,5
filiano,5
espnre,5
diffusivo,5
vanesia,5
finisto,5
abitere,5
destano,5
formi,5
tailandese,5
alticcio,5
brynner,5
creola,5
inaspriscere,5
pomai,5
quako,5
1868,5
designi,5
confluiscire,5
sanzionano,5
convochino,5
appassionale,5
cartino,5
interiora,5
impeciato,5
turbigo,5
marcianettere,5
broccare,5
equivarrebbe,5
esperanto,5
pittoricismo,5
egeao,5
strafalcione,5
margina,5
scusamo,5
bomarzo,5
manterrò,5
colmiamone,5
eccelletto,5
protrartisi,5
vocazionale,5
salvaguardi,5
biancazzurre,5
rigoristo,5
baronisso,5
psicopatico,5
tearr,5
ginnerò,5
mangiai,5
aitanti,5
daewoo,5
malaparata,5
smentiti,5
opuscoletto,5
incollatura,5
sbrachare,5
ponganore,5
manichetta,5
pensionabilità,5
procedessero,5
quartlcciolo,5
apodare,5
sosbalista,5
leprere,5
tutao,5
ecocomico,5
temperamente,5
erose,5
valuteremo,5
gioitito,5
lupanare,5
redditiero,5
trovatolo,5
ingoiar,5
eticità,5
coniò,5
ventenni,5
bayonne,5
fuoruscite,5
rresponsabilità,5
apprezzandone,5
extragiudiziale,5
pagliaccetto,5
provocandone,5
ramanere,5
garrone,5
prenderanre,5
mettendoci,5
mccio,5
onuo,5
petrolchimice,5
background,5
sottenda,5
rifugiavare,5
permuto,5
bartale,5
scegliendolare,5
condanire,5
chiamerere,5
nonstop,5
fabiennee,5
sensitivo,5
canarina,5
seattore,5
insussistente,5
sotterro,5
delramministrazione,5
barberia,5
intravvedire,5
inoltere,5
estetice,5
immiserimento,5
varianza,5
conopeo,5
furibonde,5
iettatorio,5
invelenire,5
tiranteria,5
notevolo,5
appressare,5
accresceere,5
intercessione,5
tricesimo,5
dolcevito,5
fuggitiva,5
pennsylvanio,5
offside,5
irritatissimo,5
pentacolo,5
avvalgano,5
triglia,5
inquilinare,5
irrido,5
gruppettare,5
nevrotizzato,5
vaguire,5
provae,5
saas,5
sterare,5
scinder,5
apirena,5
miserare,5
arrivisto,5
configurano,5
apprenderanno,5
giudeccare,5
aostare,5
avocò,5
centrere,5
spergiurare,5
dispostone,5
caratterizzi,5
integrandoso,5
tentore,5
bergamaschi,5
velista,5
gerlando,5
autobianchi,5
bavaglia,5
mutuante,5
rigattiere,5
aielli',5
squillanto,5
contusivo,5
romanzescare,5
abdon,5
passatacelare,5
meridionalisti,5
rugoso,5
lastro,5
partsalidis,5
drakopulos,5
quotidiane,5
lattifere,5
nottato,5
campacela,5
necesario,5
coprirebbero,5
euanfo,5
100r,5
alatevene,5
confutano,5
malignare,5
ottenimente,5
marat,5
pastura,5
manganellano,5
ecologicamente,5
situa7ione,5
1tbi,5
èstato,5
ghiottoneria,5
limivora,5
rivierasca,5
smemorato,5
abitando,5
antiuomo,5
preparar,5
paglione,5
datano,5
1041,5
volubile,5
accalorare,5
descrivo,5
carciofini,5
localizzabile,5
fallirere,5
termitane,5
coprir,5
molisenuto,5
partecipavo,5
tracciatore,5
rompete,5
fuggivo,5
pigli,5
opporrà,5
inveite,5
caondere,5
cenatissimo,5
bilateralismo,5
nequizie,5
conagevolezza,5
cablagge,5
chiarissimao,5
scillare,5
centoquarantacinque,5
ristudiare,5
percepì,5
sfacciata,5
levriero,5
ornerò,5
simpatizza,5
piovente,5
cosuccia,5
propositare,5
cadile,5
agghindare,5
dccio,5
estenuato,5
orsolare,5
aquiliano,5
sfamana,5
polene,5
toscire,5
soprabire,5
saperre,5
sindacio,5
legace,5
ostruito,5
frugarolo,5
faglia,5
masoreto,5
testolina,5
daimler,5
prepario,5
bervizio,5
sughere,5
torinoroma,5
mutata,5
trattaivo,5
uraniano,5
inceso,5
malitare,5
seguaco,5
marziare,5
alaere,5
trascurire,5
anticancro,5
convertare,5
alzala,5
marialuce,5
intelligibilità,5
passatisto,5
stagflazione,5
sorvegliatissimo,5
immettevare,5
consegnavare,5
compiacciare,5
poiane,5
basistare,5
pietraio,5
discente,5
avvolere,5
sortìe,5
reala,5
-'70,5
lorinare,5
stingo,5
ikea,5
anelai,5
consentiteme,5
pregiudizialità,5
danilore,5
criterii,5
devolve,5
fregolo,5
buttere,5
beatoglio,5
scialona,5
nuociuto,5
antigelo,5
suvvia,5
stirolo,5
mbilione,5
risparmierebbero,5
verbosità,5
ingabbiamento,5
semisconosciuto,5
bagnara,5
collateralmengere,5
rimpinzare,5
evangelisto,5
posseggano,5
figurata,5
salinità,5
gaso,5
facciamola,5
sbaglire,5
penante,5
costringessero,5
annidavare,5
intrapsichico,5
usufruivo,5
panicato,5
armassi,5
ordinavare,5
irrealizzare,5
latinuccio,5
yuval,5
controbatta,5
lavorana,5
modifichino,5
riscattato,5
impellicciato,5
tuore,5
prenderemmo,5
condiscere,5
segale,5
scaturita,5
striminzita,5
alabardato,5
lampone,5
paricelare,5
apologio,5
lungodegenza,5
starglio,5
estinguare,5
ridotre,5
glume,5
malacca,5
sido,5
vincito,5
ottundimento,5
deliberi,5
introdurrebbero,5
ceitro,5
arrivalo,5
pastificatore,5
risuonavare,5
autoregolare,5
trasmessa,5
scomode,5
postumi,5
lussuosa,5
divrire,5
addossandone,5
petulo,5
atisp,5
reincarnare,5
mirv,5
seggiolo,5
prefittere,5
pica,5
fantascientifice,5
ciberao,5
turf,5
tonu,5
martirizzare,5
godiata,5
resezione,5
accompagnasserare,5
risolutrico,5
6cuola,5
capopopolo,5
pesarere,5
precidòre,5
intesero,5
lossere,5
stranente,5
hulshoff,5
repulisto,5
patarina,5
picchettavare,5
quarantasettenne,5
tacilo,5
riaffermavare,5
medianico,5
stregoneria,5
casuccia,5
normalo,5
associai,5
pagherò,5
nordafricani,5
concisamente,5
antropocentrico,5
frontaliere,5
ispposizione,5
assala,5
panatote,5
fedine,5
percepite,5
stands,5
stimmare,5
abbaare,5
elevala,5
punivare,5
consuntare,5
instaurando,5
godiate,5
spianarere,5
ammazzo,5
prelievere,5
gechi,5
esmeralda,5
digerere,5
fcli,5
insoddisfatte,5
fabi,5
sgorgo,5
fallacia,5
stilpupo,5
risanatrico,5
ramoscello,5
deformaziono,5
prismatico,5
serialità,5
salisso,5
sprigionatosi,5
vestitare,5
avea,5
tornalo,5
prati,5
sottovalutereare,5
iraqo,5
carolo,5
roccavione,5
cullai,5
soltoanfo,5
risorgi,5
-'18,5
angosciosamente,5
seonda,5
sunnominato,5
collarone,5
scaligere,5
cimavo,5
defluiscere,5
arricchiscono,5
applauda,5
merìato,5
eseguivo,5
ottantaduenne,5
innaffiamento,5
mafio,5
cotechine,5
biobibliografico,5
racchettere,5
sommetta,5
sacrosangere,5
dettavo,5
collezionistare,5
indefesso,5
scopetta,5
garlasco,5
salemitano,5
appretto,5
-'50,5
calanto,5
aggiornale,5
diodi,5
compiendoso,5
generosare,5
arteficere,5
emendatila,5
accompagnarre,5
statuina,5
garantiscono,5
rizzoe,5
sforbiciata,5
brutalizzare,5
probatoro,5
probaeme,5
partitismo,5
attirale,5
alìi,5
battezzo,5
scalidere,5
strinsire,5
sparita,5
orologiaio,5
soto,5
fiocca,5
atlanto,5
grimacco,5
fottila,5
irrigano,5
dicaci,5
automatici,5
1tjdi,5
provocatrice,5
conquistere,5
occultano,5
decentrandole,5
cerosa,5
spedii,5
presentito,5
inesausto,5
ritrovino,5
sporgevare,5
mammografia,5
appartieni,5
bombacacea,5
pericola,5
angiungere,5
pigne,5
decissone,5
19751,5
raicich,5
offrari,5
mancassero,5
suffrage,5
osservatole,5
recuperalo,5
vorreste,5
bernadetta,5
consegneranno,5
susciterebbero,5
entusiastica,5
neall',5
dimissionano,5
inviandoce,5
borghesie,5
lavorasso,5
ricalalo,5
approvaire,5
asciugatura,5
ardentese,5
diviene,5
peccatrice,5
moricene,5
gridavare,5
intestatare,5
drappoato,5
travetto,5
stimolavare,5
appla,5
glacovazzo,5
eccedentare,5
locandino,5
slampa,5
peserebbero,5
ferillo,5
perquisirono,5
ipalia,5
sestiere,5
individuò,5
tarvisiano,5
razzolar,5
conducete,5
fregola,5
molleggio,5
contrizione,5
uremia,5
respiri,5
acagiù,5
svirgolare,5
rimellere,5
maggioranzare,5
lberta,5
prospettarere,5
estrogeno,5
annunciala,5
marchiai,5
badace,5
beffarde,5
indifferibilità,5
donata,5
senescenza,5
ricompenso,5
correttezzo,5
nafto,5
pelagare,5
caratteristici,5
pronome,5
portomarghera,5
domandandoso,5
estensibilità,5
interrogai,5
geroglifico,5
profittatila,5
perdurasse,5
aggiustabile,5
rappresentiare,5
terricola,5
decideto,5
direteo,5
sfuggirebbe,5
vogliere,5
democratismo,5
disciolgere,5
antiabbagliante,5
vedase,5
porgiare,5
esorcizzatile,5
svilito,5
attribui,5
tradiz,5
fraudolentare,5
marchiana,5
arieggiare,5
tank,5
bucao,5
bone,5
disinteressere,5
assoggettato,5
diffidale,5
spesero,5
orientandoso,5
acrome,5
preoccupandosare,5
risgere,5
dellai,5
unifichere,5
crespina,5
antitradizionale,5
tranciato,5
espugna,5
inaffondabile,5
alderico,5
ottimistica,5
eccovo,5
occasionassimo,5
roms,5
linden,5
sigill,5
assentì,5
serpeggio,5
superattico,5
poagibilità,5
conduttrico,5
anelane,5
federstatale,5
prescritgere,5
unidario,5
noti',5
guarene,5
gabbato,5
antiregionalisto,5
vegliano,5
cireneo,5
incenerito,5
poliici,5
golpistare,5
avigliee,5
ristabiliscare,5
sciopare,5
recordare,5
noèe,5
esondare,5
exxon,5
7iostri,5
aggiungi,5
ritrovavamo,5
ghianda,5
primavallo,5
popalare,5
soldanello,5
ferratela,5
elaboro,5
encomiastico,5
allieta,5
circuii,5
largare,5
rivestere,5
incriminalo,5
tradottoso,5
conservarere,5
potano,5
morata,5
scivola,5
appianamento,5
ivane,5
casamatta,5
coronai,5
paracaduto,5
portauovare,5
sfilacciato,5
filabile,5
carpirete,5
astuziare,5
eccire,5
bullette,5
platealità,5
relegandolare,5
disfanno,5
orgiastico,5
interroghere,5
riversamento,5
gassosa,5
scalzi,5
pastasciutta,5
diffusamenta,5
vòlea,5
americanista,5
rtcente,5
fiorivare,5
procedimentare,5
ossicine,5
spegnare,5
perdonano,5
subordinalo,5
girondino,5
balaclare,5
ginestro,5
bacho,5
deludare,5
oleografica,5
sottofore,5
croceiso,5
esprimerebbero,5
amorfo,5
macinante,5
sbudellato,5
6tudi,5
corviale,5
natalio,5
bangio,5
ricordandoso,5
imbaldanzire,5
onorante,5
orientarere,5
squagliarsela,5
touco,5
spana,5
postuniversitare,5
somario,5
asteroidio,5
operaiare,5
renderte,5
seducento,5
grafite,5
vinicole,5
mammolare,5
finitolo,5
esercitalo,5
diciannovemila,5
ipagliano,5
forniare,5
spendano,5
lanca,5
ebraica,5
ponemmo,5
sottrattosi,5
adisto,5
berlinetta,5
woodstock,5
soling,5
atemio,5
binatura,5
barattiero,5
ramazzino,5
disdicevola,5
prevaricatrice,5
auspichire,5
professano,5
rimbambì,5
settantaquattro,5
spettace,5
minacciano,5
talleyrand,5
gustosamente,5
unirre,5
dipendenti,5
cobol,5
appesantirebbe,5
legano,5
approfondivare,5
siviglio,5
capranichetto,5
avvitamento,5
1125,5
documentire,5
allocca,5
ribadivo,5
susseguirre,5
luppole,5
6uol,5
edace,5
ipato,5
alimentazionere,5
stoppano,5
erraglio,5
graficare,5
armeggiae,5
eccepibile,5
rute,5
prescrittivo,5
elusire,5
invino,5
conservatoria,5
centralizzartico,5
buticco,5
stenodattilografa,5
vallombrosano,5
sora,5
trentottesimo,5
trovandovo,5
bocciante,5
laica,5
averere,5
tegolo,5
affossato,5
rispecchiavare,5
slamano,5
arieta,5
dimetto,5
esaminiamola,5
franchere,5
distorcento,5
redattrico,5
animalo,5
chiamalare,5
anitrare,5
esortandolo,5
facire,5
arrabbare,5
malevolenza,5
rapanello,5
1837,5
arreca,5
spettasso,5
archeologici,5
1620,5
cimurro,5
spegnevere,5
asserva,5
indoeuropeo,5
fiocamente,5
precipita,5
gagliardamente,5
1sraeliano,5
olginare,5
rivoltole,5
avventurato,5
interenzo,5
manutengolo,5
casca,5
cicalare,5
portabilità,5
artùalé,5
blaupunkt,5
determare,5
rigora,5
meritocrazia,5
1801,5
giugolo,5
srotolare,5
viscero,5
cculturale,5
brevissime,5
stragie,5
avvedimento,5
organario,5
lustrascarpe,5
acetie,5
armoniosamente,5
zarathustra,5
telegiornalo,5
bufalinare,5
7iello,5
perdonabile,5
carbura,5
germino,5
acuirere,5
ribadii,5
scompigliare,5
cedi,5
ricae,5
incestare,5
cannonato,5
parmengere,5
perdifiato,5
cesellare,5
ribaltato,5
special',5
ugento,5
caricandolo,5
ravanusa,5
concretizzo,5
catulo,5
eeuropeo,5
tonnellate,5
egemonizzato,5
pescecane,5
definiere,5
affluivare,5
romanica,5
proustivo,5
poliice,5
disagiate,5
esumai,5
regie,5
ubera,5
preferendoglio,5
acrebbs,5
soiare,5
acchetare,5
ossigene,5
installano,5
neuropsichiatra,5
emergenzo,5
stimavare,5
sartina,5
otmi,5
prelà',5
cencere,5
duraturare,5
posizionamento,5
antifemminista,5
esponento,5
alidada,5
minacciosa,5
aratena,5
dimetta,5
bossiile,5
panerò,5
riarso,5
zuccherato,5
internaio,5
fetonte,5
mugnaiare,5
microscopica,5
marinaresco,5
rinus,5
scinda,5
interfono,5
inesausta,5
antimissile,5
aeree,5
peseranno,5
comova,5
preoccupatissimo,5
ammide,5
casamente,5
reddituale,5
durai,5
gaelico,5
bigon,5
negletta,5
illa,5
cartigliare,5
imorotante,5
moderata,5
cecilione,5
ricostruttore,5
brus,5
ostace,5
superproflttl,5
chiarastello,5
congiuro,5
estetizzanto,5
italturlst,5
italianizzazione,5
durane,5
seralmente,5
bracciato,5
bevare,5
angosciano,5
flebite,5
cibl,5
presentarglio,5
pubblichiare,5
inumato,5
uiapzoo,5
dei1,5
labove,5
avanzaire,5
inta',5
tralurre,5
nostalgiche,5
provvidero,5
dell1,5
coltivale,5
tecnhotel,5
gelati,5
marzare,5
attergo,5
millesettecento,5
gerry,5
mulligan,5
ulito,5
autrice,5
velleitare,5
pittsburgh,5
flemmatico,5
muniare,5
elogare,5
bondone,5
evvivo,5
aamento,5
sottotere,5
triplico,5
baldanzo,5
professorale,5
esigiare,5
raapporto,5
belace,5
lusinire,5
erroneare,5
ventore,5
affinano,5
ugualitario,5
portarla,5
condizionandone,5
vedessimo,5
dovesesi,5
ivvere,5
pdtjp,5
aglientu,5
rideterminare,5
68-'69,5
prattere,5
prosodie,5
irovigl,5
ammaestrato,5
sdolcinato,5
diminuiti,5
liftare,5
caprai,5
beatrica,5
congela,5
vampira,5
acidulo,5
computabile,5
compiango,5
richiesero,5
intervengono,5
deìa,5
compunta,5
coasit,5
occuperebbero,5
f1gc,5
sognere,5
martira,5
autolineere,5
scuoce,5
morrare,5
precedetta,5
minorata,5
ragùardare,5
ammidere,5
franatovo,5
bagnasciuga,5
culasso,5
beota,5
assorbari,5
folcere,5
topologico,5
restrittivamente,5
realizzatile,5
difendendolo,5
bassura,5
norino,5
difterite,5
sguazza,5
mangiapane,5
scolaio,5
registralare,5
sprigionamento,5
occupatissimo,5
esaminarere,5
toldere,5
snodi,5
accre,5
interruppa,5
nocino,5
realizzassero,5
svignalo,5
porgy,5
bess,5
vagheggiato,5
quadriglia,5
veni',5
estimare,5
sentente,5
carloalberto,5
caccialupi,5
ponteggio,5
asml,5
geore,5
caballé,5
entrasse,5
ibeh,5
buttace,5
richiestissimo,5
prolungatosi,5
famigliari,5
diminuirebbero,5
obiettivare,5
investii,5
fomentazione,5
trafficano,5
cardina,5
ince,5
conformato,5
sortì,5
1814,5
verificheere,5
ferendone,5
abnegare,5
converto,5
nimbo,5
ussito,5
nereide,5
eliminandone,5
consolata,5
rosamario,5
risaputa,5
frutticole,5
potuti,5
ricostruibile,5
microne,5
taglino,5
rade,5
dianzio,5
ingaggiatore,5
spifferare,5
conoscessimo,5
cinemare,5
coboldo,5
muovesso,5
alzamento,5
aerotaxi,5
caviale,5
buttarono,5
inderre,5
fiaccamente,5
bananiere,5
arietio,5
inscenavare,5
pessimisticamente,5
terrene,5
fluisce,5
trasfigurato,5
mesolo,5
polone,5
circonlocuzione,5
spronano,5
lamentata,5
scolpito,5
rugbyre,5
impiotare,5
spadista,5
chiederebberare,5
tennerare,5
testimoniarere,5
irrigidiscere,5
carenta,5
allodare,5
partiere,5
matasse,5
rembrane,5
decretana,5
occitanico,5
tappezziere,5
ascoltiamo,5
aspirazionare,5
vogliosi,5
tappone,5
piossasco,5
fenato,5
illimitatamente,5
ittito,5
creditorio,5
pregurre,5
larice,5
sbrigliato,5
dostoievskiano,5
guardala,5
gioivo,5
irripetibilità,5
membrini,5
articolaro,5
silenziale,5
cenoso,5
ortopedio,5
irreggimentazione,5
carpine,5
clonerei,5
avelli,5
solidario,5
mutu,5
calligrafo,5
rafforzandoso,5
proedrio,5
andiamoci,5
passisto,5
colchide,5
achiria,5
magicamente,5
flaviare,5
gordiani,5
rispetterebbero,5
vissero,5
spezzarere,5
oriunde,5
breznevare,5
apriire,5
smodare,5
penango,5
rottoce,5
cisl-,5
pangea,5
quarrio,5
sassello,5
costituissero,5
dedotte,5
presoma,5
obbedivo,5
ribollere,5
apprezzalo,5
barravano,5
canicattino,5
baronato,5
podice,5
mangino,5
cravare,5
mettesso,5
rriunione,5
sapremare,5
eccezio,5
edottare,5
detraibile,5
offrivamo,5
redaento,5
concludento,5
sciroppio,5
sovraffatturazione,5
sassofone,5
riusare,5
parentese,5
renoi,5
unicellulare,5
coinvolgono,5
foraggera,5
lazzaroni,5
bordighero,5
rintracciato,5
erosre,5
peggiorerebbe,5
campioncino,5
frignano,5
stase,5
defllippis,5
finite,5
italcable,5
trasmissivo,5
elegantissimo,5
reperitare,5
alcalo,5
panafricare,5
insedare,5
baciamano,5
sotterranei,5
spossante,5
movimentò,5
infanzio,5
ramerò,5
indomano,5
sopravvenne,5
provaci,5
furbescho,5
capatina,5
dimostrarere,5
tuona,5
fermatosi,5
sabao,5
eesigenza,5
cocuzzolo,5
elastica,5
ostinavare,5
postoso,5
diteglio,5
dorsino,5
castroneria,5
bel',5
buscho,5
maxiconcorso,5
prepararre,5
conglomerare,5
capitombole,5
promore,5
flerare,5
pistolese,5
divinamente,5
intereko,5
foderace,5
invalidere,5
facendoci,5
prolungatasi,5
singolista,5
31100,5
distribuii,5
chiarastellare,5
esercenti,5
garland,5
arnetto,5
definirere,5
denuclearizzato,5
bollimento,5
primadonna,5
ecarté,5
centoquattro,5
guardacosta,5
portaelicottero,5
calvinismo,5
schedata,5
piceni,5
minacciosi,5
agucco,5
episcope,5
malpagare,5
montoggio,5
pluriomicido,5
comepra,5
risicolo,5
granchio,5
berla,5
verremmo,5
schermitore,5
borghesiana,5
amministravare,5
amnios,5
sciolsero,5
virgolare,5
inabilito,5
quaglino,5
locomotrico,5
cinquantenno,5
sparar,5
equivalevare,5
tendesserare,5
sellaco,5
estensere,5
dionire,5
1858,5
maligna,5
mellire,5
bloccherebbero,5
accentuale,5
riformistica,5
ressero,5
longarone,5
intonavare,5
guarnito,5
gesico,5
comunue,5
stilala,5
monodico,5
accidia,5
ornavare,5
sestuplicare,5
impoverendoso,5
susseguento,5
depositaria,5
istintuale,5
pnse,5
visre,5
agemino,5
palestrare,5
cenatola,5
prorompento,5
legittimista,5
arrivista,5
quarantasettesimo,5
iiniziativa,5
occupaazione,5
tufaceo,5
predicozzo,5
consigliamo,5
bevevano,5
dilani,5
mcdl,5
influenzato,5
colpita,5
spalletta,5
ripiegato,5
bieticole,5
majoretto,5
sovremennik,5
vietino,5
impropere,5
vacatio,5
pesai,5
ringraziarto,5
biciclo,5
scontano,5
accordabile,5
piridine,5
tarmare,5
contraddistingrure,5
governire,5
discimure,5
capilista,5
diversae,5
paraguayare,5
nioc,5
riferimmo,5
lascari,5
sprecaio,5
influenzi,5
affettire,5
schermidore,5
finalirre,5
goffore,5
pastrocchio,5
plage,5
8300,5
salacare,5
quarta,5
vercellare,5
terrier,5
cafonare,5
rifiutasserere,5
minossa,5
dicendolo,5
sussistevere,5
datico,5
rimandire,5
mehta,5
bonarietà,5
sentenzioso,5
suburbo,5
esautorato,5
assucco,5
sottotitolare,5
tiburtine,5
artice,5
tarino,5
cpusa,5
mitsubishe,5
sortitissimo,5
quartultimo,5
3100,5
protostorico,5
modulara,5
balza,5
impedirebberare,5
grosotto,5
ricoperti,5
condizionino,5
paglietto,5
espande,5
procincia,5
beao,5
integrai,5
specchiano,5
premetta,5
riduzionismo,5
dubbiare,5
suggerirere,5
sottraire,5
scabra,5
ricusato,5
galoppanto,5
controperizia,5
sgualdrina,5
imperfeggere,5
brevettabilità,5
felicitere,5
microfarad,5
accontentato,5
acquistabile,5
fascistizzare,5
propagandistica,5
giudicarere,5
vescico,5
strettezza,5
corvalano,5
salvaglio,5
questuanto,5
triestire,5
trabajadores,5
valorizzato,5
edilberto,5
pozzanghero,5
combattiva,5
recensere,5
seguge,5
affermerebbere,5
programmarono,5
allontanassero,5
cavenago,5
catalisi,5
snocciola,5
luago,5
spruzza,5
meridionaliste,5
gravidio,5
titanismo,5
orly,5
rascare,5
scalpellare,5
pasticciano,5
traviso,5
5400,5
disonorevolo,5
aggiustatore,5
figurinista,5
scremato,5
parteciparre,5
credette,5
impile,5
zosimo,5
cordialo,5
provvidamente,5
nonilico,5
comprende,5
falangere,5
scolla,5
somministrato,5
metabase,5
vetture,5
volani,5
alcalde,5
dashiell,5
tegucigalpa,5
giudicammo,5
sattere,5
importre,5
abdurrai,5
mosport,5
vittoriore,5
gallerie,5
garantii,5
saloggere,5
luministico,5
subiscere,5
arrato,5
belola,5
digiuna,5
servirglio,5
pedinato,5
fabriziare,5
presentalare,5
arguello,5
bordeggiamo,5
recidare,5
grantorto,5
gulneo,5
posilione,5
stilato,5
irrequiete,5
scannello,5
giudicarla,5
termere,5
servigliare,5
tadere,5
mendeliano,5
gridarire,5
fagiano,5
bolere,5
inviatigli,5
costerno,5
ciotola,5
bonn',5
mocco,5
adacquo,5
sviluppara,5
cospira,5
giocoforzo,5
3540,5
pigrare,5
devotamente,5
continuatrice,5
trumpre,5
1234,5
avendogli,5
locatelio,5
sorcio,5
vestibolo,5
riflettiare,5
risospinte,5
attribuendonere,5
ricolleghare,5
berbenno,5
camigliano,5
rilasciò,5
stocchare,5
gamme,5
renitenti,5
parteciperare,5
inginocchiatoio,5
naie,5
asih,5
eroisma,5
barrata,5
voterebbero,5
zoosafaro,5
sabatino,5
frenane,5
morricone,5
salettare,5
sdamo,5
nusvò,5
capìre,5
pietruzza,5
insulo,5
potrebbe,5
scambare,5
appesa,5
potenziamentare,5
controbatture,5
dimostreremo,5
bavagle,5
manfrine,5
pravda,5
divertivare,5
perdico,5
anticano,5
romper,5
inacetì,5
palafitte,5
gnare,5
sciaire,5
lisolo,5
macellino,5
commetta,5
misteriosissimo,5
sperata,5
crisoge,5
imperlante,5
salaio,5
policroma,5
strangolatore,5
arderico,5
baraccale,5
affretto,5
vevere,5
giovato,5
filtacisl,5
finiamo,5
settemilare,5
casule,5
informai,5
seghare,5
suintalicus,5
integralità,5
malconce,5
cibato,5
intuente,5
mandasso,5
meridiare,5
entomologo,5
lumiera,5
infecondo,5
espugnaci,5
prolungere,5
pronuncerà,5
godiato,5
duecentotrenta,5
fellonia,5
aizzerai,5
6pesa,5
evitino,5
apparine,5
dedicatosi,5
soleggiato,5
tengarrinha,5
ramante,5
cinquantanove,5
belsire,5
intio,5
adorna,5
possibile',5
soggiogato,5
abituarre,5
imbonire,5
quaderni,5
brillantementa,5
marcatissimo,5
infrangibile,5
vc-10,5
costringe,5
genoana,5
condiscendente,5
ottenila,5
multipolare,5
prestarono,5
giochicchiare,5
antigua,5
sostenendolo,5
ballet,5
intellettualistica,5
mestico,5
antraverso,5
tossiglio,5
cutrofiano,5
sbagliò,5
odontotecnica,5
diluere,5
sgelo,5
costasi,5
armate,5
esigila,5
depositantee,5
prigioniere,5
stracolmare,5
sorge,5
mancammo,5
turaio,5
gaffo,5
volparteli,5
sferravare,5
rosico,5
arroganti,5
ricintare,5
fissandonere,5
esogeno,5
isotopico,5
marionettare,5
odoroso,5
provocante,5
enna',5
siup,5
autorizzale,5
fanciullesco,5
sperperato,5
breviario,5
secondogenire,5
balorda,5
incompletere,5
esmeraldare,5
rotatire,5
cordigliera,5
angeline,5
rifermar,5
motoristica,5
planario,5
berrei,5
pagaia,5
cofinanziaria,5
sediolo,5
arativare,5
ftat,5
nuance,5
aggraziare,5
curatone,5
deorazia,5
raiesultato,5
sanguina,5
segnerebbero,5
notifichare,5
defecare,5
nablus,5
scampanino,5
marciavare,5
gemare,5
narice,5
nardire,5
buggerare,5
ururio,5
extracomunitario,5
puzzate,5
locano,5
portacontainers,5
pelata,5
alunito,5
demenziale,5
transazionale,5
astenuta,5
assicurarere,5
ricordeere,5
tratte,5
ferrico,5
scuotevare,5
sfiatatoio,5
parossistica,5
conciliabilità,5
messinesi,5
ledile,5
ritarda,5
tenterebbero,5
brevo,5
querelò,5
tate,5
omogenei,5
tecnostruttura,5
uricare,5
usufruiranno,5
divelre,5
pelugo,5
rendine,5
facendovo,5
profondissime,5
privante,5
persecutivo,5
redurre,5
meugliare,5
raffio,5
rendetere,5
cernito,5
disassemblare,5
sempliciotto,5
bipolaro,5
giussano,5
contribuiremo,5
tarasconare,5
fallico,5
ostiglia,5
imparzialissimo,5
sovrappone,5
althusseriano,5
suffragetta,5
ffederazione,5
ricuso,5
salp,5
riequilibrato,5
inautentico,5
suaccennare,5
inviarto,5
pietista,5
197i,5
monarchicare,5
ceausescu,5
conseguirebbero,5
impriro,5
igloo,5
centare,5
nascosre,5
adulta,5
renonabile,5
campestrire,5
gdorno,5
posticipato,5
neurassa,5
valga,5
compositiva,5
lassa,5
ultimatumo,5
ovato,5
codoli,5
esteri,5
rara,5
smentiscare,5
prepotentementire,5
riaffermatone,5
interpretando,5
piat,5
giornali,5
composre,5
ripieghare,5
podenzare,5
pemettere,5
tenitore,5
cislruilre,5
ghignare,5
facchinare,5
catao,5
abbuonare,5
consegnino,5
schermistico,5
dimensionato,5
dalla',5
tarpan,5
uomini,5
tomismo,5
colpevolisto,5
doaumento,5
vermicaio,5
condannino,5
ploio,5
rovesciano,5
ruspale,5
pancetta,5
ruggì,5
protraendoso,5
aiuolo,5
complessao,5
maninfestazione,5
cesarei,5
gestii,5
faldare,5
zappaterra,5
de-1,5
minalo,5
lercare,5
imbambolare,5
batuffolo,5
radiatele,5
tentorio,5
tordi,5
ripasso,5
sollevala,5
extrasensoriale,5
imbotto,5
copertamente,5
inattivare,5
bravante,5
impavidamente,5
astenia,5
assottigliandoso,5
vate,5
segaiso,5
vidimazione,5
affondavare,5
uscia,5
eponimo,5
tenor,5
ammassamente,5
esporrebbero,5
rotre,5
lambirao,5
artesiani,5
istoriare,5
stiere,5
cererio,5
motivandola,5
strampalare,5
cesarone,5
patriottardo,5
imbottita,5
pressine,5
strindberg,5
inconsco,5
aggiungendovare,5
sottoscrisserare,5
ineditare,5
incontrino,5
scaturigino,5
vantala,5
cafonesco,5
vimodrone,5
incombetto,5
stanale,5
girevole,5
inconvertibilità,5
malagare,5
visitai,5
carrubba,5
sdebitare,5
levatosi,5
suscitate,5
sarong,5
attestavere,5
scabrosità,5
soltonere,5
organiaizzare,5
comparo,5
faundere,5
pposizione,5
stradino,5
rappresentatire,5
provantese,5
strizione,5
confettere,5
gevere,5
insignito,5
clno,5
scarpato,5
premiò,5
fordazione,5
caldeggiano,5
marchere,5
delittare,5
distingue,5
definendoso,5
sfruttale,5
canapina,5
diminuere,5
valutandole,5
escretorio,5
ridei,5
amareggi,5
eliminino,5
pediatrica,5
mcklusky,5
ardino,5
capitola,5
partigiana,5
simione,5
insonorizzato,5
arenalare,5
dividerare,5
unili,5
instrumentorum,5
enciclico,5
esponire,5
mietilo,5
presao,5
indagarere,5
broscia,5
provocasso,5
egoisto,5
filigranato,5
requiemo,5
collezionisto,5
faulkner,5
lavoratrico,5
anhoèare,5
dispiaciire,5
accusi,5
kone,5
stre,5
defluere,5
fossililita,5
elettrostatico,5
comaschio,5
liberatoso,5
avignonese,5
crederglo,5
enoso,5
wedekind,5
inserisco,5
suggeritare,5
paralidere,5
altica,5
conoscilo,5
orerio,5
bersele,5
organizzammo,5
conducire,5
informarto,5
dottrinarismo,5
circondere,5
albuquerque,5
biscottino,5
pproduttivo,5
distruggendolo,5
affittire,5
demoartico,5
cornamusa,5
rimetto,5
beante,5
metterre,5
manchevolo,5
unificatoro,5
qualificatese,5
presadentare,5
eccezionalere,5
scanale,5
uisbauil,5
scipito,5
ossidare,5
assito,5
vetroso,5
nemei,5
sfudere,5
scorrevola,5
smaltiscere,5
spazzano,5
giocarono,5
beateli,5
svuotino,5
antropologio,5
ancoere,5
poggiapiede,5
compresento,5
canosino,5
esterzile,5
farigliare,5
valutarlo,5
balsame,5
scultrice,5
predestare,5
agrituristo,5
abbonatevi,5
amatoria,5
controprove,5
fifta,5
cielare,5
thaio,5
perquisirere,5
condi7ione,5
selvagginare,5
umificazione,5
finimente,5
accovacciare,5
proponimente,5
infellone,5
tjisp,5
interessi,5
intralciavare,5
morettino,5
celebrarere,5
serpentine,5
rubricazione,5
scenato,5
crauto,5
nsare,5
promuovendonere,5
elevar,5
markevitch,5
puntale,5
crafen,5
desiderabilità,5
pevera,5
sottocutaneo,5
bravamente,5
barbacane,5
famedi,5
intergalattico,5
almare,5
farsee,5
popcorn,5
ltalcemente,5
comprao,5
rheinstadion,5
ravvivato,5
stappo,5
promuovendo,5
guardiana,5
biscia,5
buonanotte,5
intelletti,5
sfatato,5
premurosamente,5
sconvolre,5
industrialismo,5
uscie,5
contrappuntistico,5
qualificatasi,5
portavare,5
guardiagrele,5
calzoleria,5
retriva,5
casalre,5
torrevecchiare,5
staccionato,5
insistiare,5
consapevolezzo,5
tufaro,5
basavo,5
invidio,5
massificare,5
faicchio,5
ledio,5
riequilibra,5
areica,5
trascorrerere,5
presiedeere,5
stigere,5
opulenta,5
casalvolone,5
letterarietà,5
roncola,5
piloro,5
rinchiudo,5
aveano,5
costatato,5
litigata,5
caine,5
oorganizzare,5
sacha,5
irrealtà,5
strabico,5
intercediare,5
pakistare,5
lusitanio,5
lacunosità,5
inultare,5
alberatosi,5
gcorno,5
sprovviste,5
aridio,5
perre,5
quantificato,5
calamito,5
epifaniare,5
rasino,5
pomerania,5
distonia,5
impacchettato,5
dettolo,5
gallaratese,5
sviluppaare,5
rdecente,5
catarifrangente,5
camerunese,5
spremire,5
forsennatamente,5
campiona,5
crisolito,5
cattivello,5
carrozzo,5
includente,5
camisare,5
suffragi,5
incontratisi,5
toce,5
ottuagenario,5
madrere,5
sanitarie,5
tutankamen,5
bandoliera,5
ritrasmissione,5
iniao,5
toninare,5
irriga,5
scendessero,5
annualmentere,5
radicondole,5
affratello,5
fronteggiato,5
pregiudichare,5
motivano,5
casareccia,5
debbano,5
tuba,5
strozzato,5
spettacolosa,5
scarpinare,5
cimante,5
economao,5
amin,5
questuo,5
ricoloro,5
viaggiavare,5
espatriato,5
famiglio,5
molao,5
morrò,5
monopolizzatore,5
desidererebbero,5
custodio,5
apaturo,5
sudvietnam,5
marines,5
azoico,5
asceso,5
grandissima,5
montescudo,5
serpillo,5
newyorchesi,5
velocipede,5
gambiera,5
concludendosi,5
perfide,5
immigra,5
sconfinante,5
autoscafo,5
cagnetta,5
sciamano,5
susare,5
chianocco,5
balzane,5
inumana,5
tragicamengere,5
ribellire,5
tenerselo,5
controriformisto,5
guardandocio,5
risplendente,5
cespugliare,5
diluite,5
novatore,5
acquanegra,5
risposere,5
traenza,5
risparmiarere,5
lualdo,5
ritarderebbero,5
omicido,5
riemergente,5
rriuscire,5
atrofizzare,5
santis,5
gemire,5
intimò,5
riattivo,5
regalavare,5
giliolo,5
alberatura,5
patrizie,5
grauno,5
borse,5
scoprari,5
aridere,5
araldica,5
egoistica,5
incarichare,5
pulii,5
rombanto,5
riunte,5
corrisposte,5
convenziono,5
psdt,5
finiremo,5
affollala,5
picchiatello,5
penh,5
volugere,5
ripercore,5
maculo,5
eule,5
navigavare,5
portaborse,5
assorbivare,5
zelteweg,5
osmore,5
uxoricido,5
surgela,5
originala,5
intricatissima,5
assumibile,5
penetrando,5
isolamene,5
clint,5
eastwood,5
discorse,5
paliare,5
generali,5
localisma,5
primavero,5
affidataglio,5
pataccone,5
finanziamenti,5
organistico,5
integrere,5
barrante,5
orgiare,5
attratti,5
crepassi,5
smettiamolo,5
ribadiremo,5
poligrafia,5
esiguire,5
smaltere,5
nepente,5
ottusare,5
sorseggiare,5
caricaturista,5
microfonico,5
prezzi,5
imboccarere,5
avviarere,5
ming',5
dovròre,5
codolo,5
actae,5
lascivo,5
preludono,5
rachitico,5
raggiame,5
incomposta,5
cefalo,5
paracaduta,5
aizzante,5
datina,5
tondeggiante,5
perugine,5
contassero,5
castigliare,5
ulane,5
bussarere,5
sceriffore,5
apportale,5
replicalo,5
plaudono,5
traducendolo,5
videonastro,5
asciace,5
volfangare,5
venataco,5
lottante,5
ritorta,5
opporviso,5
postaglio,5
indemanio,5
ribollivare,5
alberica,5
fortissimamente,5
vitate,5
polltico,5
alchimista,5
lestofante,5
message,5
sconnere,5
sudante,5
canagliere,5
infarinatura,5
riformio,5
mitomania,5
musivo,5
molti,5
allusiona,5
dormiveglia,5
squattrinare,5
burgess,5
vendettare,5
riconosciuti,5
vignetio,5
freatica,5
schieramene,5
mitena,5
inov,5
sentirce,5
bollina,5
attirò,5
ristrettare,5
venarere,5
ozierao,5
timorare,5
irrelare,5
postai,5
moderne,5
fulgente,5
statalare,5
sdrucare,5
attendamento,5
villeggianto,5
dolorino,5
escire,5
ammonimente,5
triunvirato,5
gele,5
2'03,5
riarse,5
tiso,5
smentirire,5
esaltandorre,5
irrigidito,5
aneddotica,5
sballa,5
disponevamo,5
eritere,5
spintarella,5
nerazzurre,5
gongolare,5
giovanissimi,5
mossana,5
didare,5
azzurrina,5
disputatoso,5
ciclomotorista,5
diii,5
rosticceria,5
scomparvire,5
buonamente,5
urgenzi,5
linfe,5
vocino,5
divine,5
uism,5
colloquia,5
separatelo,5
autoanalisi,5
fermentante,5
isolate,5
cessanire,5
franamente,5
bigiano,5
1680,5
navigabili,5
insubordinato,5
sagomo,5
rapinavare,5
nafte,5
butterano,5
cotesta,5
scouts,5
capigliatura,5
abbocco,5
sviluppi,5
repensabilità,5
cinematografie,5
contrappunte,5
violenzare,5
ripaghare,5
imperia',5
bobine,5
trovandolo,5
invelace,5
ottanico,5
traditrice,5
malawo,5
parafrasira,5
talpe,5
prette,5
acclimatazione,5
giungessa,5
tubercolare,5
girale,5
guarere,5
tradii',5
colone,5
cucuzzolo,5
denaturato,5
ricorrentemente,5
endino,5
stendhalre,5
preponderanta,5
prezzolo,5
boccola,5
appaltatricere,5
agnele,5
percorrono,5
1120,5
contralre,5
allumare,5
imprigionamento,5
rinvìo,5
dreyfus,5
amami,5
scriver,5
berip,5
spagnoletto,5
concimaia,5
relegere,5
impenitente,5
gelidamente,5
cadmio,5
erico',5
sofid,5
susseguito,5
spiffero,5
rombai,5
vendite,5
credessero,5
arricchendola,5
civezza,5
legae,5
flottare,5
intimalo,5
isero,5
papula,5
astengere,5
chiamate,5
attualissima,5
deducendone,5
notandolo,5
imbambolato,5
orsacchiotto,5
semicoperto,5
dimostrai,5
policleto,5
squadracco,5
separarsi,5
wieczorek,5
eugene,5
volpano,5
attribuitegli,5
squalificata,5
erodetto,5
rendevamo,5
circoscrimpere,5
vanvero,5
traducendoso,5
concitata,5
manifestazionee,5
rompito,5
saggiaco,5
trovatae,5
unificatilo,5
buone,5
a7ione,5
ammira,5
aspirine,5
ammendo,5
boliere,5
amputerò,5
sforzarere,5
parsecinazione,5
chiarante,5
catalitico,5
accumulavare,5
apparentato,5
anormalmente,5
comdunque,5
chiederselo,5
rapirte,5
acheno,5
bozzettista,5
autorizzere,5
domandiamoci,5
casaloldo,5
incontraare,5
spedile,5
comparissero,5
imboscano,5
riallaccia,5
leggerare,5
conoglio,5
proraemma,5
contrappongare,5
biografa,5
ironie,5
cooperere,5
sconosciire,5
ciora,5
filmstudio,5
episodi,5
msi',5
olearia,5
spettaci',5
allacciato,5
devastatrico,5
pregato,5
pesano,5
ballarcidere,5
dirk,5
sarsa,5
primitiva,5
rigsiere,5
partners,5
ventennare,5
mescolavare,5
castelsardo,5
adopereremo,5
ingerente,5
aclt,5
proteggano,5
suonarire,5
semplicissima,5
aboliscare,5
sparaco,5
casario,5
baccagliai,5
confessae,5
mangiapano,5
cerviere,5
roubaix,5
percettivo,5
bolsedina,5
dicessero,5
fidanzatino,5
dividendi,5
28enne,5
cesinale,5
lanternino,5
telecronacare,5
ebrezza,5
narzolo,5
corruttrico,5
preconciliario,5
rifermento,5
immago,5
shetlandre,5
concedei,5
perpendicolare,5
transitato,5
circonvicine,5
rugosa,5
siri,5
vincerare,5
promettendogli,5
conserveranno,5
wurzburg,5
carrosio,5
adottabilità,5
fotocopiato,5
destinalare,5
ventosa,5
tralco,5
mapo,5
dclvii,5
bevano,5
monotonare,5
torbidamente,5
desiderata,5
pedissequo,5
flirtato,5
cnrcere,5
autoreti,5
cirene,5
brago,5
abbigliare,5
savignone,5
adedere,5
pietrignare,5
inseguitace,5
presulo,5
piagnonare,5
prurire,5
giustificazionista,5
fisiocratico,5
directore,5
ogivo,5
possibilissima,5
sonnambulo,5
inescusabile,5
basamo,5
no7i,5
provvidente,5
comunicate,5
accompagnala,5
ferrane,5
detraire,5
cinematografare,5
esamine,5
imbestialire,5
eliminalo,5
rieccoci,5
improbabilmente,5
pccola,5
demitizzazione,5
bbiamo,5
badane,5
privilegialo,5
rimae,5
pizia,5
rapareesentante,5
rimbalzò,5
triangolino,5
tornilare,5
propagato,5
grure,5
sordidere,5
sconvolgeere,5
mazzocchi,5
sindacace,5
adrare,5
ectoplasma,5
fabarica,5
dilazionartice,5
dcesarazione,5
capiofficina,5
piemontee,5
fiesolere,5
alagli,5
effusivo,5
scazzotto,5
continuai,5
spirato,5
riassumano,5
cadrà,5
ricalcato,5
ebare,5
nonviolenza,5
6tessa,5
procedibilità,5
tessei,5
spiere,5
esigaenza,5
frattali,5
1565,5
gremite,5
interrorre,5
collazionare,5
aiutatema,5
sottolineale,5
unifichi,5
senigallio,5
balzana,5
maore,5
puntandogli,5
settennio,5
ipofillo,5
cassatone,5
enumera,5
indossatrice,5
pispola,5
proponesso,5
olimpe,5
investimenti,5
pistolettare,5
esistono,5
socchiusa,5
smentisca,5
sostanta,5
rodono,5
vaprio,5
marianno,5
accadile,5
attearr,5
fatre,5
colpe',5
concessero,5
1014,5
altergativo,5
decadentistico,5
inalame,5
accesero,5
gerarchizzare,5
imputabilità,5
frivole,5
shado,5
fraterna,5
drogherio,5
faziosa,5
ogei,5
ancab,5
prelibare,5
smarrivare,5
decidilare,5
tortorato,5
oparai,5
geopolitica,5
apico,5
figurarre,5
dirittao,5
ruslano,5
sottopartire,5
disseminato,5
prerequisito,5
catinello,5
dipartita,5
derelitta,5
eccellono,5
risultaato,5
peano,5
viscosità,5
doppifondo,5
vivremo,5
abituro,5
ostruiscere,5
1034,5
donnarumma,5
spala,5
ignude,5
scoprissero,5
invecchia,5
discutevamo,5
deiragricoltura,5
elettrocardiografico,5
lattosio,5
riedire,5
bollette,5
promiscui,5
piangevare,5
avifauna,5
carinaro,5
laidamente,5
professionalizzato,5
pugnie,5
iliade,5
deridare,5
guayaquil,5
antracire,5
rebibbia,5
ovaro,5
sojio,5
parlamentace,5
cervata,5
scongiurato,5
fatai,5
cislu1l,5
respinre,5
spiri,5
nevrastenia,5
gallarata,5
degusto,5
polkere,5
italiota,5
coabitante,5
succitata,5
copyright,5
euindi,5
protesone,5
calzerotto,5
bugliato,5
venaonu,5
iscritgere,5
tournéee,5
ralingar,5
diuretico,5
cjsl,5
2120,5
vulcanologio,5
moedo,5
programmino,5
pupe,5
francale,5
invai,5
incappere,5
creativa,5
bragiare,5
cinepreso,5
installò,5
esordì,5
interassa,5
accostandolo,5
venierore,5
zelando,5
prenoto,5
sfoggia,5
assalirere,5
senti,5
montaldeo,5
ambite,5
localizza,5
giovanare,5
offagna,5
risibilità,5
romanisto,5
capeggia,5
setters,5
cpuo,5
contraddir',5
rimetter,5
sopravvissuti,5
roncone,5
teleschere,5
ciondolino,5
peckinpah,5
secam,5
salara,5
tenaria,5
potendosi,5
pegole,5
metteremmo,5
squame,5
interpella,5
mitemente,5
pletorica,5
calder,5
mirò,5
sbordare,5
uemura,5
propenda,5
sfinimento,5
amazzonere,5
sambo,5
avvengono,5
spinre,5
averre,5
aggrottare,5
imparere,5
imbattare,5
affidatoglio,5
pensiere,5
belgare,5
potremmo,5
caropano,5
merendare,5
spezzina,5
verniciaturare,5
azalea,5
pelante,5
battila,5
ammannì,5
biutare,5
successire,5
irruppe,5
distruttere,5
sezionato,5
rintronare,5
bollano,5
riscuotano,5
fondatrice,5
caltanisetta,5
bbso,5
1994,5
espositrico,5
minzionale,5
occorsogli,5
ampie,5
quesitone,5
autodisciplinare,5
avitale,5
taccino,5
castrenso,5
recinte,5
versarono,5
paginone,5
cathy,5
scagliarere,5
quarantanovenne,5
circo',5
svolgerare,5
norvegeso,5
partecipatine,5
convulsamente,5
alcaldere,5
addendum,5
finanziando,5
successe,5
fichiesa,5
ristrutturate,5
basai,5
meneghare,5
abbrutire,5
mitigo,5
700800,5
traggo,5
francescane,5
illogicità,5
lubrico,5
formigarare,5
visa,5
doppiettere,5
ottenendo,5
soffrere,5
rinione,5
vallerere,5
cruciverba,5
martorialo,5
cosmogonia,5
approfondare,5
vendemmiato,5
bee',5
vintie,5
luttazzo,5
amatorio,5
conducessero,5
muller,5
visiera,5
limno,5
diminuii,5
eubestione,5
riale,5
datole,5
donorì,5
neozelandesi,5
sorra,5
scavarono,5
apprendire,5
fesseria,5
spadona,5
mailing,5
bararle,5
conoscerebbero,5
1270,5
delesazione,5
uvao,5
aino,5
grafici,5
stupidico,5
subalpina,5
ecologio,5
soffocavare,5
incordere,5
scostante,5
armigero,5
acuitala,5
manteniare,5
verghare,5
precettore,5
tracheotomia,5
temessero,5
equilibralo,5
rifinito,5
centrino,5
vivee,5
prodotti,5
crogiolare,5
conforte,5
valalla,5
erbore,5
uruguaiane,5
diomede,5
stocchino,5
stafilococco,5
lussuosamente,5
astonare,5
vagliere,5
spellare,5
fais,5
cessasi,5
incomincere,5
babilonese,5
approntino,5
cancreno,5
disparere,5
astenevare,5
sgorgano,5
ltedholm,5
anelana,5
sorger,5
tremolante,5
arrovello,5
rapportao,5
scritturato,5
bigoncio,5
arginamento,5
ortello,5
dichiarammo,5
ammattire,5
calciatorare,5
assassinao,5
rispondentare,5
parlameno,5
rocolo,5
fotocopio,5
limante,5
1615,5
sottogruppio,5
deliberò,5
autorevoli,5
tiretto,5
lanra,5
trovandosi,5
19t6,5
macchinano,5
colorane,5
gestirare,5
irappresentare,5
municipalizzale,5
rituffare,5
ungito,5
iaro,5
proiettivo,5
farmacologio,5
endocrino,5
riconoscerlo,5
esguerra,5
mendicità,5
sbarravare,5
coniuga,5
molosso,5
centocelre,5
responsiile,5
radiotelefone,5
gommare,5
rigoverno,5
accorgevare,5
avie,5
interverrò,5
dolii,5
monod,5
premeditata,5
accecamento,5
neutralizzo,5
unificatone,5
desideriamo,5
unitelefllm,5
movil,5
losale,5
zumala,5
mezzadre,5
lucernare,5
1745,5
adenita,5
risala,5
precisale,5
subdole,5
estupiscsere,5
gana,5
arrivata,5
sanna,5
seleziono,5
congeria,5
semovento,5
sovrappostere,5
7lone,5
potilo,5
portano,5
salvataggiare,5
schlaoncin,5
feltrinello,5
involta,5
quantica,5
tinellare,5
sottotitolio,5
sovrappostare,5
senesismo,5
provocaziono,5
197j,5
dugentare,5
rivalsare,5
glandie,5
avvoltolare,5
bellissime,5
santacroce,5
fuorlgrotta,5
colorita,5
ololo,5
locaa,5
usatissimo,5
ammassa,5
privilegiamelo,5
obbligatolo,5
balbuziente,5
crispr,5
arno',5
visitale,5
stimanto,5
allusa,5
alnore,5
msua,5
desiire,5
sfatta,5
weil,5
orlai,5
rosolo,5
solleva,5
dartela,5
emigralo,5
prolungalo,5
approvalare,5
tatrare,5
sfruz',5
scioo,5
scorseso,5
sovrintende,5
centrafricano,5
aloisi,5
sgonfiamento,5
francato,5
slire,5
1081,5
manifestandone,5
cancellalo,5
spiedato,5
rilascerà,5
indirizzalo,5
alciso,5
salviare,5
stallano,5
cappucciare,5
rivoluto,5
soffochere,5
succulente,5
ritinta,5
esorbire,5
bagolare,5
emorragiare,5
scurrile,5
incolta,5
controllata,5
maturalare,5
malmesso,5
marcherare,5
tesagli,5
cedue,5
carambolato,5
buonere,5
sortente,5
ululalo,5
schiodo,5
lepido,5
contatta,5
sbrino,5
peculiarmente,5
permeere,5
miasre,5
colposi,5
fideisticamente,5
ohmico,5
epinicio,5
sangui,5
muffi,5
sottaciire,5
materare,5
spostarere,5
conducevano,5
deficienti,5
applicalo,5
allarga,5
avvallamente,5
pacano,5
selvatica,5
itterica,5
risciare,5
tobiare,5
relegazione,5
maialina,5
1430,5
tematizzare,5
indocino,5
fermala,5
comunicai,5
teslo,5
importaco,5
iseana,5
seguiko,5
chiarir,5
riterrare,5
ozonizzatore,5
narcotizzato,5
blenne,5
ballagli,5
sitam,5
sellerare,5
sterza,5
riformatace,5
legalismo,5
antigiuridico,5
scegliei,5
capie,5
-cgil,5
caninare,5
semire,5
spiralo,5
divisionistico,5
separatistico,5
hopper,5
analizzano,5
buccola,5
addossa,5
cadicele,5
aratone,5
scaglioso,5
pensieroso,5
sustinente,5
proverbialo,5
picee,5
sforare,5
cagliere,5
tauo,5
rilasciala,5
mutevolezza,5
centiare,5
ribellò,5
bucine,5
rastrellavare,5
prillato,5
oppla,5
ritai,5
correlale,5
trozzo,5
cairata,5
esagitazione,5
compromesdere,5
manlfesto,5
artigiare,5
stivato,5
rinvialo,5
elenare,5
enea',5
ispecie,5
remato,5
ritrai,5
scialoja,5
senario,5
peluco,5
palala,5
fatalisticamente,5
dell'-,5
neurale,5
squadernare,5
appagai,5
cicalone,5
questie,5
musicassetto,5
ottettio,5
apportere,5
beamene,5
citeriore,5
centrate,5
strapaese,5
okki,5
conegna,5
bordale,5
troncano,5
indistintare,5
finanziae,5
pioniera,5
ustore,5
lesre,5
erravo,5
sgraziare,5
vendone,5
raccontando,5
finanziala,5
lettare,5
limni,5
conosciuta,5
cpuato,5
speckmalè,5
papero,5
rilavoro,5
scireo,5
decimazionere,5
canta,5
cessalo,5
sviino,5
sioi,5
nucetto,5
rapitrice,5
lamantino,5
strode,5
elidile,5
buongusto,5
scintillio,5
congiunturare,5
uniscire,5
dosre,5
81101,5
intaso,5
transale,5
uffare,5
annunciai,5
balenio,5
quine,5
compi',5
tiella,5
proosimo,5
arvizo,5
salderò,5
shrek,5
appiccandovare,5
autolesionisto,5
ospitavano,5
precedei,5
assoo,5
dllflclle,5
stec,5
controllalare,5
economist,5
messaggeria,5
progredite,5
zodiaco,5
ledano,5
isolalare,5
lazzaretti,5
dequalifica,5
lampare,5
dibattano,5
divisone,5
scontra,5
cascasto,5
smembrato,5
nordsud,5
ceregnano,5
tesla,5
banchettare,5
duettare,5
attorca,5
notabilare,5
buckingham,5
ricapitolazione,5
ornalo,5
epici,5
2214,5
acquietio,5
atteggiamelo,5
ditegli,5
placentare,5
sommire,5
meccani,5
azionamente,5
compensano,5
arguir,5
versar,5
avviai,5
biere,5
cartagine,5
addoccio,5
biuto,5
lucignole,5
acuisce,5
porselo,5
concettualizzazione,5
decadare,5
cotale,5
lavativo,5
combina,5
affaccire,5
anticasi,5
guidi,5
darle,5
merì',5
intene,5
catto,5
conditilo,5
stefanino,5
allorare,5
steri,5
vellutato,5
venticare,5
essbre,5
difendi,5
fomite,5
conquistata,5
dovevi,5
versale,5
papilla,5
sprizza,5
ricaccio,5
stacciato,5
chlen,5
scempia,5
sabadino,5
colale,5
gaissimo,5
natalo,5
graves,5
toccarere,5
profondila,5
pube,5
vulnerario,5
sopraelencato,5
distribuitone,5
ordiire,5
smano,5
postulano,5
marmista,5
inette,5
angine,5
cinquecentesca,5
deferì,5
fatturo,5
travestere,5
stae,5
ternatila,5
pronipote,5
bigliero,5
morrere,5
orrendi,5
ciclicità,5
condizionatamente,5
emergenze,5
accoro,5
tecnlco,5
picciorre,5
completalo,5
aiutalo,5
penthousa,5
natala,5
annalisa,5
vispare,5
rivendichiamo,5
selcia,5
agci,5
consumistica,5
rinascenzo,5
spinellare,5
indubbi,5
sceglere,5
roccagorga,5
tiber,5
aiutarto,5
trasla,5
sfoga,5
sessantire,5
addobbo,5
isvet,5
differenta,5
samara,5
innocentl,5
risposa,5
svezzare,5
trascendare,5
murarlo,5
fuetto,5
texare,5
tramato,5
parruccone,5
basterà,5
montatone,5
patimente,5
pena',5
quietanza,5
progredente,5
deospedalizzazione,5
intercise,5
bigli,5
inpdai,5
maxle,5
iovane,5
etnografice,5
gagliole,5
ergimo,5
germaniao,5
spacciatoso,5
portantere,5
aretini,5
notting,5
armatori,5
tagliacarte,5
seggiolone,5
polenare,5
iniquare,5
nemesio,5
contaatto,5
stringimento,5
boccolo,5
scrivico,5
clslo,5
barbadiane,5
aggirire,5
rubai,5
trascorgere,5
staglio,5
istituìo,5
proroghere,5
dulcineo,5
predosa,5
napoll,5
pomigliano,5
iperrealistico,5
starselare,5
biluce,5
gioielleriare,5
sfruttata,5
indossatrico,5
losso,5
chilotone,5
oece,5
festosità,5
erniazione,5
tossicomani,5
issar,5
spaziotemporale,5
lamentaco,5
ripresi,5
ombrano,5
acceca,5
ricinte,5
inviatoci,5
decentrale,5
diffidire,5
minuziosità,5
oppie,5
interministerialere,5
edlflcablllre,5
sanltarl,5
rimiro,5
interclasso,5
scappai,5
riarrestare,5
eradicazione,5
stientare,5
gasamare,5
fedelissimi,5
marginalizzato,5
confederala,5
estemporanee,5
discutevre,5
1472,5
ficcanaso,5
arefatto,5
operanre,5
israno,5
consacròre,5
attrezzano,5
rambo,5
paratito,5
comportamene,5
cortine,5
sturo,5
rinvenure,5
clorica,5
ciberò,5
inverecondio,5
divenir,5
litigavare,5
batata,5
trizio,5
risiedano,5
salò,5
crucole,5
scadevare,5
taorminese,5
soverchiante,5
pompere,5
tallente,5
benguo,5
falangistare,5
ripreda,5
ispana,5
ballettistica,5
trampolo,5
tac',5
ccostituire,5
riforniti,5
alcaico,5
diventeranno,5
oppressionere,5
sdece,5
soprana,5
dimestichezzare,5
arrodere,5
disinibizione,5
stacchare,5
bocciaturo,5
acquoso,5
trattatistico,5
chelo,5
futare,5
loiare,5
titilla,5
impiangere,5
cresolo,5
flaccido,5
topless,5
esponilo,5
disegnalo,5
chiamartici,5
ricevessero,5
capricorno,5
gallona,5
concrezione,5
apporko,5
agitatone,5
releghere,5
tetris,5
emigrarono,5
tripolino,5
moscia,5
euroda,5
eptko,5
inquinale,5
nottola,5
invaiare,5
ciottolato,5
penetrabile,5
unitala,5
infina,5
filosofare,5
cerchiaio,5
prestigiosamente,5
camperre,5
areino,5
scamosciato,5
aveio,5
gustativo,5
recano,5
occupate,5
partorita,5
antidolorifico,5
incarceramento,5
produttivare,5
rinviandone,5
irrotto,5
stoccolmare,5
stabilendose,5
slogo,5
ciminirà,5
acneico,5
iniquamente,5
confettare,5
subordinata,5
stride,5
fidenzio,5
barratese,5
adulgere,5
casalese,5
trentaquattresimo,5
malva,5
estatere,5
biglierio,5
echeggiato,5
macuto,5
borsegge,5
definiscono,5
potrà,5
prealbe,5
rasura,5
uniformazione,5
funereo,5
beereo,5
tescare,5
rovatto,5
sanguinarla,5
colloquiare,5
antlfranchlsto,5
oabbuggiano,5
cronicità,5
begolato,5
nordafricare,5
sbaglierere,5
petco,5
accovacciato,5
discre,5
motovedette,5
entri,5
peripatetico,5
celtica,5
mossolo,5
adornato,5
bravai,5
programmano,5
rifiutao,5
cronicizzare,5
coilcisluil,5
gomberto,5
11175,5
fausti,5
creolina,5
appuntito,5
costiazionale,5
concentrale,5
cadbury,5
catinio,5
bronzette,5
195s,5
tongere,5
indizia,5
definìe,5
cevare,5
servano,5
foggiai,5
disfo,5
cccii,5
giovanissime,5
surrogazione,5
provocò,5
splendida,5
grammatura,5
affame,5
bali',5
reticolerai,5
blancoazzurra,5
bottai,5
musicologico,5
alamenere,5
sinologi,5
raccolsere,5
dilettevole,5
diplomai,5
marcetto,5
volonterosamente,5
compitino,5
dicessimo,5
furbacchione,5
tterritorio,5
cuoi,5
gesù',5
vicesegretare,5
colandone,5
protasio,5
influirono,5
insussistento,5
cullato,5
consegnerare,5
agonio,5
cacciavito,5
colmino,5
guardate,5
apripista,5
tupac,5
messale,5
benderà,5
scioero,5
esibita,5
esattezzare,5
cgilc1sluil,5
laziare,5
cheviott,5
gabardino,5
tallonale,5
ellire,5
culti,5
impedir,5
preterito,5
legavata,5
itico,5
amarono,5
adiscare,5
ber',5
tresca,5
schiatta,5
minanto,5
berlingheo,5
portela,5
rateizzatone,5
stilata,5
ranciare,5
congelo,5
morreo,5
rooseveltiare,5
asine,5
effende,5
tingile,5
scatenatosi,5
ritorcile,5
umare,5
stressanto,5
blucerchlato,5
cenciaio,5
lufthanso,5
denotazione,5
depilatrice,5
denotano,5
trasportl,5
vivissime,5
sfanno,5
crepai,5
roses,5
marginio,5
catalpare,5
prendeto,5
interento,5
italsldcr,5
maturassero,5
tassai,5
orchetto,5
conflua,5
emolitico,5
presaadente,5
piegandoso,5
montase,5
telefonarere,5
aires',5
attraeerno,5
investilo,5
tremebondo,5
impallinare,5
orlinare,5
nebulona,5
farfara,5
pinturicchio,5
circolano,5
siccar,5
poppino,5
sontuosità,5
sottrarremo,5
oblale,5
filandere,5
sforzato,5
riepiloghere,5
industria',5
otticamente,5
essimi,5
poverino,5
poderosa,5
augustare,5
inviala,5
nubili,5
disattendare,5
irspelre,5
evidenziano,5
circoscrive,5
climaticamente,5
astenna,5
cassinetta,5
narrante,5
cail,5
dispersività,5
piazzai,5
cirroso,5
calale,5
operine,5
scomponibile,5
premurala,5
ginnato,5
domenicare,5
defalcale,5
musina,5
muffito,5
comportiare,5
mlagostovlc,5
pervennero,5
germinazione,5
furtere,5
genolare,5
prefabbricaziona,5
spedale,5
nostromo,5
coglione,5
pervadeo,5
frangire,5
picchiandolo,5
allevio,5
psicoanalitica,5
avviandolo,5
conciane,5
bicordo,5
cocento,5
sborro,5
ricordai,5
lestamente,5
sminuzzare,5
tesina,5
antip,5
iego,5
tarlano,5
miagliare,5
alerao,5
mollemente,5
bellicare,5
riassorbere,5
treguere,5
quintiliano,5
rivolgerglio,5
coesistano,5
nocerlno,5
intender,5
cerrone,5
nani,5
caccivio,5
quandolo,5
compromissoria,5
pcko,5
olimpiaco,5
ismaeliano,5
penano,5
confagrtcoltura,5
bass,5
imperato,5
spaziato,5
annullò,5
sorringere,5
campala,5
gudore,5
puzzale,5
cicittadine,5
comandamente,5
bernate,5
ives,5
riformistare,5
prira,5
manaide,5
troncoconico,5
marchi,5
zoologi,5
lazzarine,5
rigaio,5
totemico,5
messinsceno,5
irriso,5
avverrebbero,5
postdatato,5
speci,5
acclaro,5
alatila,5
blocca,5
trastullo,5
liberticidio,5
disorganicare,5
ballarma,5
fognanto,5
cartotecnice,5
rapato,5
astronomio,5
umiliaio,5
tenna,5
bollico,5
elativa,5
inscrive,5
trattenendolo,5
dimagrimento,5
moli,5
villico,5
serotino,5
storiare,5
sfuggì,5
beatificazione,5
osservatrice,5
cellone,5
maturala,5
reinvestito,5
geminie,5
conclusivere,5
fernandino,5
ponimo,5
scolastiche,5
perimento,5
licenziamene,5
gnosi,5
atcere,5
sterilo,5
datine,5
imenio,5
azzeccagarbugla,5
conobbiare,5
stronco,5
diplomo,5
sessantunenne,5
aridamente,5
fabbricatore,5
italstatre,5
bioingegneria,5
principare,5
contrapponendolare,5
scudisciare,5
csmera,5
paiare,5
vizzo,5
miee,5
montala,5
colonici,5
molletta,5
ceeko,5
collazione,5
persistetto,5
ponlatowskl,5
fievolo,5
cassiopea,5
pastorella,5
espino,5
noni,5
apostola,5
ricciare,5
sostentare,5
ammalatare,5
acmio,5
trovatasi,5
comunalé,5
bucala,5
ferrire,5
elisia,5
baikonur,5
sciaro,5
rimbalzato,5
matthoefer,5
denomino,5
dirottato,5
otalgio,5
urca,5
indichire,5
isterilimento,5
prodiero,5
contrattale,5
chuck,5
giovaai,5
anmi,5
repartare,5
irrispettoso,5
sparachiode,5
diteli,5
cgjl,5
corollaro,5
agrore,5
giovarmare,5
enniare,5
asinina,5
-1975,5
faziare,5
inceppamento,5
parlave,5
acicula,5
bagnatore,5
amoreggio,5
rievocano,5
eualé,5
lacrimare,5
mordile,5
superiori,5
sboccò,5
stravolgevere,5
tenevo,5
tracimare,5
castagnolo,5
autismo,5
arredale,5
studiosi,5
inventarlo,5
rubala,5
ricardo,5
litoto,5
inserita,5
vanitoso,5
sibiana,5
bergamotta,5
rientrala,5
impuntatura,5
saxofone,5
sollevata,5
scarperio,5
arpeggione,5
invitavano,5
beatamente,5
indacare,5
singola,5
infoco,5
termoelettricare,5
riesposizione,5
calandoce,5
incarnente,5
tronchare,5
indeclinabile,5
esprimente,5
portatogli,5
premunito,5
incolonnato,5
sestante,5
covar,5
apollineo,5
adulre,5
briccica,5
invelenito,5
cordigliere,5
antitetica,5
trentanovenna,5
aclcoredo,5
cavante,5
tomaie,5
vaglino,5
allltalsider,5
saponettare,5
senhal,5
nettarare,5
incertezze,5
eclatare,5
cravattonare,5
spazzere,5
altruistico,5
semplificatocio,5
tra',5
sollecitatole,5
fiumane,5
ivonire,5
rudimento,5
cremine,5
recentissime,5
preoccupiare,5
sera',5
pelte,5
estorta,5
pellettiera,5
fornetto,5
disattesere,5
piaccio,5
democrazio,5
epitelo,5
contraddetgere,5
abittere,5
ricorsare,5
ledda,5
contrattino,5
spal',5
gentiliane,5
ricedere,5
reggiseno,5
precontrattuale,5
blancoazzurro,5
pato,5
casignano,5
fiumaro,5
abrase,5
siufuilre,5
consolidatarere,5
evado,5
terilene,5
institutes,5
insulta,5
nicciano,5
calabri,5
macrare,5
sollevale,5
stravinto,5
1794,5
remissività,5
amarissimo,5
proiettavare,5
comprender,5
preannuncere,5
premito,5
banchista,5
sancite,5
occaptazione,5
fltzgerald,5
parafrasi,5
salvar,5
bollante,5
conitro,5
brasco,5
coniane,5
illustrala,5
ricognitivo,5
boncompagnl,5
almèo,5
erogalo,5
rientrarere,5
1175,5
autoplastia,5
sprangato,5
cacciù,5
inastase,5
retrocedono,5
errar,5
jockey,5
sessant,5
piovilo,5
fisb,5
peregrine,5
festeggiatissimo,5
arrancano,5
vistosa,5
ringoi,5
temito,5
alterale,5
spella,5
assaggi,5
assemblo,5
costalo,5
semicopergere,5
conoscesserare,5
estendire,5
ammuso,5
natisi,5
accra',5
conferenzare,5
cessagli,5
gianlcolenso,5
innescarere,5
distrere,5
rigenerato,5
metallizzare,5
disutile,5
torvamente,5
dolute,5
statone,5
urei,5
piovutela,5
gullotto,5
esarcare,5
bertollo,5
parlerò,5
secondda,5
sennò,5
prevedo,5
indurrebbe,5
lappano,5
negando,5
fiepet,5
afflosciamento,5
accessione,5
theto,5
aiuterebbero,5
potesi,5
appetibilità,5
estirpato,5
hirohito,5
situandone,5
ricomponire,5
pellicce,5
conditone,5
vuol,5
sand,5
rifermare,5
fannullone,5
lentissima,5
voler,5
consociale,5
scaparro,5
centinante,5
xantoma,5
idealizzato,5
cinsero,5
decisorio,5
buffanto,5
wrangler,5
unse,5
pii',5
dismissione,5
prelievio,5
cartier,5
stole,5
sbuffio,5
gilletta,5
emulativo,5
piissima,5
casarsa,5
immense,5
accettante,5
diligentare,5
perseguite,5
ritualismo,5
toldo,5
felinamente,5
leggile,5
negata,5
burlando,5
polisettorialità,5
mecenare,5
aliro,5
barriero,5
lambrusco,5
sceglier,5
attrare,5
verticalità,5
chete,5
turbinare,5
subentrere,5
immodestia,5
specchia,5
spedite,5
trasposto,5
sammar,5
scolioso,5
imborso,5
intontì,5
lotterie,5
escie,5
avvenimentare,5
balzella,5
giulianovare,5
maignoranza,5
capirai,5
mescere,5
rivodutro,5
sdora,5
ferendoso,5
capriare,5
recandoe,5
aglianare,5
semidea,5
magentare,5
decolonizzare,5
pellicciotto,5
ome',5
chiediamoci,5
intimi,5
mureno,5
selli,5
guldubaldo,5
1555,5
piegavare,5
ossessiva,5
ludica,5
laso,5
orlandoci,5
vesserare,5
resistare,5
girella,5
barlumo,5
riminesi,5
secolarizzazione,5
sciiti,5
sconcezza,5
fondarere,5
medita,5
volonteroe,5
trotterellare,5
parerare,5
storture,5
calmissimo,5
affittano,5
scompongono,5
twist,5
smalgere,5
catastrofi,5
quattare,5
vastare,5
assicurai,5
controdare,5
ccomunista,5
grupi,5
appoggiòe,5
rodesiano,5
zincano,5
borsettificio,5
fustigazione,5
destala,5
rad',5
poteste,5
eseguita,5
prevengare,5
belalo,5
stracittadinare,5
bighero,5
indebolirebbero,5
pisacane,5
cagnetto,5
garetta,5
div',5
doreggere,5
inoperabile,5
salvazione,5
difesare,5
dimena',5
monismo,5
facevre,5
nasconda,5
finirere,5
abbattutere,5
maieutico,5
occhiolino,5
scagli,5
montura,5
allibro,5
aeramele,5
tarantare,5
gianbattista,5
amatito,5
drammaticissimo,5
estendete,5
vociale,5
significaadivo,5
vellare,5
contropartito,5
circolatore,5
panala,5
abitattere,5
svellete,5
contribuissero,5
esprimerai,5
crocefissione,5
sagomato,5
agnellone,5
strame,5
lustre,5
artimone,5
portoscuso,5
faconda,5
anli,5
ragliano,5
seppelliscere,5
tranquillare,5
16000,5
insulgere,5
appartenuto,5
inconfessare,5
sodie,5
ronfare,5
ingiallire,5
scidere,5
debolo,5
chico,5
vacazione,5
corteggiatore,5
ceere,5
abapo,5
realizzirro,5
inodoro,5
1172,5
seppellitore,5
necessiteranno,5
ripensa,5
captato,5
bugliai,5
ioniare,5
so1o,5
fungibile,5
pepino,5
cacciucco,5
ferule,5
ocr',5
rasserenamento,5
apportatrico,5
esigi,5
193s,5
arabella,5
ligura,5
emarginale,5
stamanare,5
morgia,5
errerò,5
pesentare,5
fogliettino,5
levire,5
cominciaio,5
usabile,5
federalione,5
sbracare,5
consentimo,5
spioni,5
moscova,5
dimostrativa,5
darwinismo,5
ernie,5
individuere,5
finlandio,5
sdutto,5
condannerebbero,5
condannerà,5
eterologi,5
proverbo,5
nussun,5
penatala,5
locando,5
caratteristicare,5
azzardere,5
amministratile,5
druida,5
delineate,5
monetaggio,5
riclassificare,5
vernino,5
conquistar,5
-'79,5
migliorate,5
marginalismo,5
federana,5
trarere,5
valentemente,5
avallò,5
tavernier,5
indennizzabile,5
erwin,5
filtrato,5
domante,5
estetici,5
vacui,5
negale,5
confanne,5
1823,5
bonapartista,5
tifato,5
intertedesche,5
similitudino,5
migratoria,5
muovono,5
carosone,5
legalizza,5
cuciniere,5
aliscafio,5
stigio,5
rappresentatila,5
ghiaccialo,5
centuplicare,5
cg1lcisluil,5
samip,5
procace,5
impelo,5
sieroso,5
tornimento,5
segae,5
interrogata,5
applere,5
covati,5
consigli',5
auguriare,5
condigle,5
ragionatore,5
anticipalo,5
democritoico,5
convolare,5
nominata,5
licenziamena,5
antepongare,5
puntatina,5
disinibito,5
drpupo,5
impressa,5
casalgrande,5
aggiunger,5
pilione,5
iii',5
binino,5
isocrare,5
assumerebberare,5
incendiandolo,5
multante,5
boccheggiare,5
idrato,5
galiziare,5
tremore,5
transcontinentale,5
xiio,5
arrubino,5
tuvalu,5
materanare,5
propri,5
eroicomico,5
ineritare,5
antifuoco,5
patacco,5
pulat,5
pretora,5
accerti,5
ricovera,5
cangino,5
impostatone,5
borghesemente,5
venticinquennio,5
andavare,5
pilar,5
dirigete,5
imputai,5
volsca,5
cesata,5
salutar,5
feritoie,5
pederasta,5
pistoletto,5
collesare,5
bearr,5
cellina,5
fisionomico,5
subisso,5
impadroniscare,5
bacchettone,5
alef,5
fochista,5
corporeità,5
antirivoluzionario,5
socrateatto,5
irilo,5
protrar,5
accompagnatrice,5
alfonsino,5
lovato,5
urlio,5
tender,5
dolomire,5
1512,5
putrella,5
teoko,5
approbazione,5
limpidere,5
beccar,5
ricostruita,5
scarnito,5
citidere,5
appaltar,5
determinassero,5
arbitrano,5
capeo,5
drappelli,5
subatomico,5
rilegge,5
walker,5
spazzolare,5
guarderebbero,5
gentilizio,5
storoa,5
puericultura,5
fiottare,5
contata,5
satanasso,5
splender,5
futurare,5
strirre,5
conquisi,5
storino,5
moscardini,5
acrilica,5
scoimo,5
intacco,5
aeriare,5
dispoarr,5
ambrosie,5
tutaa,5
trincia,5
spessa,5
mettei,5
fluì,5
infimi,5
lordare,5
marchesare,5
chinale,5
imatio,5
trentannie,5
stalliere,5
circuente,5
risolva,5
fuggile,5
ginevrare,5
delebile,5
ninnolo,5
smargiasso,5
arnetta,5
attivalare,5
inoperosità,5
svoltese,5
moralizza,5
aquisgrana,5
atriale,5
pavolinare,5
improbe,5
terrorismi,5
megere,5
affiare,5
plank,5
oppiano,5
2011,5
amerò,5
fertilmente,5
maggiorai,5
indagino,5
collettare,5
acribia,5
odoacre,5
memoe,5
garzole,5
auspichere,5
rappresentanti,5
tergi,5
dimisi,5
amenamente,5
affrontala,5
tortonare,5
por',5
aleremere,5
cxco,5
osama,5
uomc,5
cappott,5
soldi,5
ricavere,5
inzuppo,5
agende,5
eroda,5
buronzo,5
ammonimentare,5
intransitabile,5
comprensibilissimo,5
arachide,5
climatizzare,5
visentin,5
ostinata,5
lemura,5
antonianire,5
attiguire,5
incorporato,5
doppiofore,5
capilistare,5
scabro,5
riluco,5
attaccapanni,5
giovan',5
misuratissimo,5
frenalo,5
aliamo,5
ipersensibile,5
spaio,5
cnrbiviero,5
clisma,5
ciclope,5
perfore,5
gelida,5
subagente,5
slargare,5
neointegralismo,5
ulimpo,5
sardistare,5
depoarr,5
cardia,5
carmelino,5
treccano,5
concordi,5
cagliato,5
ciai,5
fregosi,5
culmino,5
affranchare,5
zuffo,5
assegnarglio,5
incerare,5
moiro,5
giudee,5
convivare,5
capecchio,5
fondente,5
omogeneere,5
separalo,5
omente,5
coltamente,5
autoscala,5
volalo,5
bambine,5
impedisco,5
contraria,5
masuto,5
rischiosissimo,5
crispano,5
disunì,5
allargalo,5
barghe,5
camiciotto,5
interiorizzazione,5
vigileranno,5
michelare,5
visconti,5
autonomistare,5
edes,5
cedendovi,5
mitilicoltore,5
copagno,5
lasciatace,5
scissura,5
fidaco,5
deportata,5
rallista,5
gessetto,5
univere,5
saspre,5
impedisca,5
barzoi,5
multiformi,5
nepene,5
ouello,5
settembrina,5
ventoteno,5
1642,5
metropolitare,5
cardiochirurgiare,5
aulettare,5
stagnino,5
cgilcisluilre,5
vorwerk,5
cushion,5
sottopuavere,5
cozzere,5
omicide,5
iglesienteguspinese,5
regi',5
insofferere,5
magnitudo,5
manifestatisi,5
scamone,5
asteria,5
segnai,5
molgorare,5
giambattistare,5
federscuola,5
parallelamentere,5
ricandidare,5
bisarca,5
polarmente,5
gemono,5
scui,5
deturpamento,5
aneurisma,5
tuzzolino,5
espedito,5
idolatrato,5
fiace,5
ripigliare,5
massaggiare,5
alatine,5
espressionisto,5
disinfettanto,5
inzucco,5
semeiotico,5
retam,5
bitosso,5
coniugazione,5
oziero,5
reflusso,5
abitino,5
ortogonale,5
d118,5
damina,5
abbruna,5
svalutatile,5
pdl',5
desina,5
soline,5
sfociò,5
salatino,5
pauro,5
arnica,5
cambiaglio,5
beretta,5
agricole,5
vergineo,5
bulteare,5
scellerare,5
befano,5
romanere,5
melario,5
bottere,5
lagonegro,5
dimero,5
imbiancatura,5
anamministrazione,5
gradinato,5
echinare,5
1376,5
imbronciato,5
appiattito,5
mantieuo,5
acquaforta,5
vinciato,5
empedoclino,5
cespire,5
umbertare,5
scoppiere,5
meravigliere,5
ventiseimila,5
catanzarore,5
simultanee,5
servetta,5
originar,5
incacale,5
affascinato,5
melensa,5
espansa,5
piezoelettrico,5
apirovire,5
colbordolo,5
erevere,5
immaginavamo,5
ugto,5
appropri,5
caccialo,5
soffra,5
diversi,5
atteggiato,5
caserto,5
beotica,5
torinista,5
mercallare,5
isterica,5
bancarellare,5
macchiolina,5
fumerà,5
affiore,5
covai,5
sdamare,5
toast,5
sci',5
santiesteban,5
affaccia,5
acetir,5
cagamo,5
villamaino,5
arguo,5
assemblaa,5
segrare,5
pontebbo,5
cisgiordana,5
tradizionalistare,5
bancroft,5
hettermarksre,5
criticale,5
vedibile,5
privai,5
giovagnole,5
cavallaccio,5
azulene,5
miserevola,5
torniare,5
briaca,5
dibattei,5
fildo,5
liqulchimica,5
presutto,5
sessuato,5
alassinare,5
monofamiliare,5
servosterzo,5
inattuabilità,5
valetto,5
planaria,5
censigilio,5
genervale,5
sunday,5
spogliata,5
saggistare,5
tecnicità,5
sellere,5
turritana,5
ursula,5
laboratorista,5
azzannere,5
subbiere,5
sopraggiungare,5
utilizzerebbe,5
schedature,5
saettino,5
inquilina,5
alpo,5
artigianalmente,5
perlifero,5
metaforicamente,5
massimato,5
ovindolo,5
congobresso,5
raffinatamente,5
discrasie,5
arretro,5
cinerario,5
panto,5
solezione,5
avvalrre,5
marchetta,5
presuppondere,5
pinnato,5
salvatico,5
sottoscrisso,5
conquisaare,5
codicillo,5
cinosovietico,5
sappire,5
icam,5
sapranno,5
tossivo,5
addoppio,5
stratosferico,5
rove,5
strego,5
veglionissimo,5
interessamente,5
subbiane,5
decedutre,5
valigeria,5
ccclii,5
idrici,5
concedercene,5
marcii,5
liberistere,5
conghe,5
irriguere,5
guaie,5
pernambuco,5
subbia,5
interzonale,5
cimentano,5
attizza,5
clusf,5
frinente,5
domandarselo,5
santolo,5
contrastale,5
diro,5
martelliano,5
stiore,5
apposo,5
mobiliaci,5
aquilio,5
seconddo,5
surrogabile,5
conquistavare,5
acciuffato,5
riudere,5
scienzo,5
sessuofobico,5
bicipite,5
dormila,5
ipsec,5
vegè,5
stevole,5
fecola,5
filangiero,5
cliccare,5
giocattolare,5
belino,5
chiederai,5
recuperavare,5
arrolato,5
1740,5
aggiustato,5
citiate,5
prosciuggere,5
omio,5
serrase,5
psok,5
yung,5
infanga,5
amniotico,5
creas,5
fucare,5
com4,5
insanità,5
ottava,5
confortevoli,5
pietroso,5
realizzandoso,5
cisliano,5
compadrone,5
brzezinskl,5
commuto,5
varechina,5
1835,5
alhambra,5
vaore,5
deutz,5
beccata,5
castrovlllare,5
testurizzo,5
1085,5
trentatremila,5
drudio,5
britten,5
foderate,5
lottoe,5
pastella,5
brecciola,5
collocò,5
giacopuzze,5
bozzole,5
altera,5
canzoniero,5
pretestuosa,5
abdure,5
molentargius,5
cartelline,5
italcaso,5
concepimente,5
6eduta,5
onoratici,5
troparo,5
immanenza,5
tegole,5
neurovegetativo,5
tartara,5
antiochio,5
reago,5
interpore,5
altidona,5
scudisciata,5
mandorla,5
oneri,5
ricolma,5
venezuelana,5
intralciato,5
infatui,5
scam,5
cstn,5
randellare,5
apuo,5
nannuccio,5
pallidio,5
narico,5
bottiglio,5
prigionierare,5
bevesso,5
soprannumerario,5
embrico,5
complete,5
pernare,5
producono,5
antidetonante,5
faoagliè,5
soffergere,5
scapolino,5
elfice,5
gabbano,5
psoa,5
denunciavamo,5
fiabere,5
cadorine,5
incantamento,5
chevenement,5
frizzare,5
disilludare,5
aggiungendovo,5
trescore,5
carenziale,5
dir',5
lubrificale,5
cinisiko,5
polaro,5
geminaci,5
particolari,5
pappatore,5
girotore,5
biancoazzurn,5
abasiira,5
dprcedente,5
warcraft,5
condivide,5
rapsodico,5
pasciglio,5
predispongano,5
ciclica,5
diminuite,5
rinnovabilità,5
detenare,5
consentendone,5
bende,5
scopra,5
pisacanere,5
brembo,5
rifore,5
coltivar,5
accoltellò,5
omaggino,5
porterei,5
ansieme,5
eccomi,5
argentato,5
sgombrato,5
reae,5
cammina,5
stivar,5
truciolato,5
epiteliale,5
polipropileno,5
deducibilità,5
villasalto,5
settico,5
casteltermino,5
ricordira,5
diceriare,5
villoso,5
dovra,5
girasola,5
iterativo,5
strogoff,5
vaselino,5
sepsa,5
carsica,5
ricondorre,5
sgraziato,5
coadiuvato,5
romaflor,5
carotaggio,5
rilasciale,5
direttività,5
guidandolare,5
beneamato,5
diriro,5
codeina,5
naftare,5
ricreda,5
cedevolezza,5
scintillare,5
salisburgere,5
moliamoci,5
micologico,5
usotempo,5
monteverdiano,5
attini,5
castelre,5
chiami,5
grecano,5
semproniare,5
fìsico,5
elnagh,5
trinciato,5
50'r,5
lacciole,5
punse,5
zucchine,5
oortare,5
inideativo,5
partirei,5
nodello,5
smura,5
chiusara,5
ricettore,5
ammanastrazione,5
iganto,5
avori,5
arirre,5
organizzere,5
orland,5
missouri,5
crearto,5
asfaltatura,5
gemona,5
indegnamente,5
concittadina,5
chiquito,5
gestanto,5
fanendere,5
manifestalione,5
pettinar,5
destagionalizzazione,5
sperse,5
difende,5
limonaia,5
sanzio,5
valacchia,5
riproducibilità,5
platee,5
albasio,5
montoro,5
necessa,5
razionai,5
decker,5
buonanotto,5
siccitoso,5
prezzario,5
amado,5
vomano,5
attruppo,5
ouadraro,5
pispolare,5
statela,5
favaro,5
filippica,5
campagnatico,5
chen,5
reingresso,5
ramponare,5
cinenotes,5
ambino,5
solidio,5
seppellìe,5
presuntuosamente,5
reichsbruecke,5
1344,5
lenita,5
attivabile,5
consegneremo,5
espleta,5
faretere,5
riuscir,5
fermione,5
arriccare,5
umbri,5
cinquanto,5
93714,5
squadrasi,5
interferito,5
singole,5
cofferenza,5
correggi,5
stangato,5
suido,5
tuffore,5
amelac,5
indianopolis,5
pitagorico,5
irrequieta,5
ristrutturaione,5
saldi,5
fiorettisto,5
concorsare,5
chiuderanno,5
pruder,5
impaglialo,5
prendisolo,5
papillomi,5
pendolino,5
servirò,5
affrontaare,5
frugaglielo,5
freschissimo,5
mancasso,5
scurite,5
panchino,5
gramscre,5
comignolo,5
pigmeo,5
dannalo,5
lucanare,5
intubi,5
cons,5
ratealisto,5
cenatemene,5
specifiche,5
staffettista,5
enotecnico,5
corserare,5
ottieni,5
grazino,5
cchiaro,5
vandalo,5
chiure,5
arguii,5
inserendole,5
apprensivo,5
aversene,5
lacrosso,5
appaga,5
denza,5
stagionalmente,5
apoditticamente,5
parricida,5
costar,5
tormengere,5
yost,5
tortere,5
curiosa,5
arricchirare,5
attentino,5
autoblindato,5
sun1a,5
cils,5
proietta,5
dinamizzare,5
dulie,5
quattrocentesimo,5
angeloe,5
fulviare,5
baratoleco,5
incoercibile,5
esprimesso,5
pomigliare,5
abbronzatura,5
swaziland,5
intimidì,5
crtc,5
navare,5
navato,5
parteciparve,5
mortifero,5
tinse,5
ginnaceli,5
triana,5
fluendolo,5
sottaceto,5
coronando,5
scorteccio,5
osteggiarono,5
anniversari,5
benilda,5
anicav,5
consorzia,5
brinato,5
cianciae,5
savaleasing,5
quarantaduesimo,5
piazzettare,5
dentata,5
nivale,5
sandrello,5
copricapo,5
porcilaio,5
dorame,5
icmesare,5
parusia,5
giambo,5
invariabile,5
atlantide,5
novenio,5
golosamente,5
encomia,5
sempreverdo,5
buchereo,5
butch,5
alleggio,5
inestricabilmente,5
platare,5
pianeto,5
riude,5
contitolarità,5
scadire,5
pascià,5
ferrerio,5
palmanovare,5
1415,5
infesta,5
parchegge,5
abbaiame,5
neritina,5
guccino,5
urep,5
stenografia,5
burocrata,5
infarcito,5
temù',5
rampone,5
condizionata,5
accresco,5
inebetita,5
suisio,5
'all',5
mississipi,5
evidenzere,5
rimirare,5
berlinendere,5
vaccinico,5
trentre,5
richardginore,5
contrafforte,5
pillea,5
favare,5
valutazionare,5
carcinoma,5
sottoparto,5
interventare,5
evade,5
pellirossa,5
numericho,5
ucim,5
corbuccio,5
sindacatore,5
cangiatoso,5
redattole,5
sembrava,5
sostituisca,5
impinguamento,5
costringendolare,5
sprigiona,5
sorsa,5
filiberta,5
violente,5
venafro,5
interpartitica,5
medicinare,5
tocp,5
confezionatrico,5
edwige,5
fermace,5
approfondigere,5
motofurgone,5
endolo,5
cìsl,5
sarebbeo,5
vaioloso,5
resterò,5
asineria,5
canescare,5
geodetico,5
notori,5
fiesolo,5
monorotaia,5
alide,5
sovrappongono,5
riaccendersi,5
raffine,5
scaccia,5
irab,5
disposi,5
accagliaare,5
servente,5
esemnio,5
craso,5
complessire,5
gione,5
godutone,5
georgofilo,5
basf,5
attualizzante,5
irrigidì,5
efebico,5
correvano,5
bracino,5
svanile,5
infico,5
intitolazione,5
schematica,5
determinangere,5
orticheto,5
leverkusen,5
cancellere,5
quarzosi,5
accomunato,5
irragionevolo,5
fotografandole,5
nissan,5
erbi,5
diomedere,5
cooptur,5
urinata,5
irsuto,5
laudano,5
presentemente,5
fgct,5
resisteo,5
fose,5
portafinestra,5
avetrano,5
708786,5
alitalio,5
crescio,5
grolla,5
stranire,5
attoriale,5
magnana,5
azionali,5
depressa,5
pisto,5
incolpato,5
compongo,5
extraeuropee,5
beiamote,5
alesamo,5
appiglia,5
chiuduno,5
ferver,5
iberi,5
tutina,5
ringrosso,5
ruote,5
ursus,5
urbanisticare,5
basole,5
addivenuti,5
versi,5
riccioluto,5
cefalee,5
horizonte,5
avvero,5
6tudio,5
abbruttì,5
aizzale,5
bophutatswana,5
andrettare,5
espella,5
sintonizzazione,5
camaldolese,5
recando,5
sgattaiolare,5
liofilizzare,5
mata,5
omentare,5
gosplan,5
fifono,5
aspiranto,5
territorializzazione,5
devastale,5
comuna,5
coltellinaio,5
coscritta,5
centinato,5
intuivare,5
usinere,5
chitignano,5
tavolalo,5
avvisatore,5
rasiom,5
tossino,5
gallipole,5
palestino,5
daccelo,5
1481,5
alcaloso,5
necropolo,5
otorino,5
benedeggere,5
ammiragre,5
dissalare,5
granducalo,5
riconciare,5
papaline,5
regolante,5
miticità,5
gipsi,5
chaney,5
progetti,5
costernasto,5
t0ff0l0,5
autodeterminare,5
jagermaister,5
redimile,5
negabile,5
cartonaggio,5
2040,5
garrare,5
pindarico,5
valvolare,5
simoniaco,5
solet,5
sturges,5
7553201,5
15enne,5
moato,5
caratterizzalo,5
esauritae,5
inumale,5
sapero,5
sindacaalé,5
juro,5
palazzoe,5
nasceranno,5
zaffale,5
tripartitismo,5
singaporiano,5
montemiletto,5
etoile,5
candeggia,5
hockenheim,5
capirebbero,5
farmaciare,5
marsicare,5
fanfarone,5
ghibertare,5
ruzzare,5
crudelere,5
cosmoprof,5
intesso,5
chiudevano,5
accantonamente,5
suoio,5
pinnacolo,5
gnometto,5
marsupio,5
insortare,5
autoscioglimento,5
citiso,5
procuravare,5
realizzatilo,5
coltone,5
invente,5
anzalone,5
cacofonico,5
antellare,5
ballettistico,5
viacasilino,5
permutare,5
8ono,5
fragole,5
trasformar,5
comuniste,5
telefoniare,5
esuberare,5
rosicare,5
mefisto,5
varamento,5
lpai,5
intuiscere,5
spiaggio,5
santificazione,5
galatinare,5
idromeccanico,5
stabilimenti,5
echinococcosi,5
scioline,5
urtala,5
lacese,5
srira,5
alvisere,5
zappatore,5
linfo,5
piaggine,5
gallesi,5
ferree,5
immedere,5
starfield,5
pagello,5
risalitare,5
sciovia,5
fiati,5
icse,5
pilardo,5
fluttuo,5
amalfitana,5
speculario,5
artefaglio,5
calzano,5
filangieri,5
richiusa,5
dentizione,5
talismano,5
rampling,5
associata,5
procione,5
datatolo,5
mungi,5
cerniglia,5
cliare,5
bariletti,5
ipsia,5
lustratore,5
ryan,5
ruggito,5
mande,5
ricomponibile,5
spedimee,5
cooperatico,5
elettrauto,5
andresta,5
stallale,5
martoriano,5
necco,5
detomaso,5
mioì,5
geraldine,5
salvagno,5
ekkehard,5
taglieere,5
continus,5
condolerli,5
brunellescare,5
presepe|toro,5
peridrolo,5
cetorello,5
guardagli,5
mudere,5
inguaio,5
sagomatura,5
autonord,5
possiedire,5
vallevire,5
council,5
pugnare,5
bazaar,5
arredamere,5
palkkmo,5
fénis',5
risolsa,5
capannuccia,5
rosignanere,5
giuggianello,5
risolverò,5
chayefsky,5
sudisto,5
ortoflorofrutticoltura,5
piquet,5
mouflon,5
casamobile,5
wanderlingh,5
aleixandre,5
plaza,5
anzidetgere,5
biancore,5
i97s,5
sosio,5
strumentino,5
cinoue,5
silvan,5
diocleziare,5
simmetricamente,5
tonchia,5
tommasare,5
maraldo,5
mcclura,5
brandizzo,5
imballatore,5
consociativo,5
producessero,5
startimo,5
afragolese,5
marangono,5
liquigasre,5
statolatria,5
rosignere,5
israeloegiziano,5
maritozzo,5
gazzellone,5
legifera,5
civitanovese,5
eraiba,5
1118,5
madonnine,5
lattino,5
definiamo,5
antiabusivismo,5
lungofiume,5
raspere,5
florentia,5
algida,5
chiedente,5
concederestere,5
invivibile,5
caporalare,5
galeoto,5
botulismo,5
redaiato,5
liquichlmica,5
intinger,5
equipararo,5
ergerai,5
spetteranno,5
salsese,5
summe,5
tagliano,5
scarrozzo,5
impiantistice,5
rificolona,5
neoprofessionista,5
fronti,5
salandra,5
timpa,5
attrezzandolo,5
solvato,5
iapigiare,5
canastone,5
carriponte,5
fusolo,5
cornaredo,5
subentrarere,5
giarratare,5
nutrice,5
essay,5
socialdemocratizzazione,5
uilcid,5
mappare,5
erdare,5
fuorviatile,5
thurau,5
ristoratore,5
sterpaglio,5
1051,5
giacimeli,5
jonkoeping,5
occhini,5
temenza,5
salitolo,5
ansimato,5
peluria,5
acouista,5
epistemologo,5
seprio,5
abadire,5
aporio,5
inventariazione,5
enpao,5
interstiziale,5
antiproletario,5
appetii,5
polipropilene,5
------,5
valvestino,5
pascile,5
vipero,5
ematologico,5
paranormale,5
piumine,5
separatore,5
selt,5
traversato,5
trattener,5
guariscire,5
bronchi,5
navacchio,5
menscevico,5
insediatile,5
grotowse,5
convincerere,5
tkrno,5
sisme,5
ipolidio,5
troverebbe,5
tucholsky,5
pedecollinare,5
cestec,5
boxie,5
cdrl,5
campospinoso,5
trucido,5
bagetbozzo,5
dolianovare,5
bramosità,5
liquichimicà,5
orchestratore,5
dolcissima,5
adaway,5
annegasse,5
bracciere,5
galardo,5
laute,5
prevedente,5
bercia,5
confondendoso,5
cavaglietto,5
scolarizzato,5
dcli',5
faddo,5
moltiplicativo,5
paggetto,5
approfittano,5
onciario,5
tanasso,5
tarbofil,5
vespucci,5
resterete,5
tassino,5
placent,5
camini,5
melchiade,5
cinipo,5
synthesia,5
ghiottonerio,5
campeggiace,5
cibano,5
fxaa,5
massimiano,5
feriste,5
yellowknife,5
chea,5
collins,5
ciclisto,5
egola,5
toshiba,5
khuè,5
parricido,5
tigrino,5
acquata,5
musicus,5
ammonti,5
saub,5
giangurgolo,5
eurodestra,5
acquistira,5
auser,5
tabriz,5
iccri,5
isma,5
novendiale,5
pruriginoso,5
maniglio,5
cammineranno,5
fsln,5
uvee,5
petrosare,5
addormentamento,5
chuquicamata,5
pellepoix,5
tomaificio,5
iconostaso,5
vicious,5
marsiconuovo,5
deved,5
spediscilo,5
cassale,5
adeguala,5
stappatura,5
spaccandolo,5
positano,5
frederikshavn,5
sovraccoperte,5
giurante,5
sivel,5
effettuerere,5
