lemma,frequency
essere,715499
avere,334752
fare,108393
potere,94438
dovere,63784
altro,63098
anno,62061
solo,51681
dire,50394
governo,47342
nuovo,44897
primo,43058
paese,40550
dopo,39822
molto,38816
parte,37267
presidente,36914
stare,35910
politico,35668
italia,35597
proprio,34632
italiano,34101
volere,33884
lavoro,33355
ancora,33127
venire,31151
senza,31051
grande,30970
andare,30813
giorno,30751
stesso,30171
così,29394
oggi,28898
tempo,28386
ieri,27981
dare,27952
pubblico,27520
vedere,27239
quando,26878
sempre,26409
poco,26339
secondo,26188
stato,24659
partito,24617
politica,24105
ultimo,24057
legge,23893
ministro,23863
bene,23792
tanto,23300
berluscone,23285
cosa,23043
alcuno,22691
chiedere,22273
europeo,22258
mettere,22225
crisi,20830
volta,20740
arrivare,20626
parlare,20608
fine,20160
sapere,19894
prima,19883
caso,19730
ogni,19568
persona,19318
mondo,18397
mentre,18131
vita,17909
punto,17790
diritto,17727
fino,17719
trovare,17660
nazionale,17635
euro,17593
sociale,17587
invece,17067
forza,16860
casa,16840
però,16726
economico,16546
modo,16440
mese,16349
fatto,16188
pensare,15999
portare,15764
prendere,15721
roma,15263
donna,15243
oltre,15196
meno,15136
certo,15052
storia,14807
gruppo,14806
sembrare,14639
vero,14587
diverso,14478
problema,14451
nessuno,14252
consiglio,14246
scorso,14103
uomo,13997
spiegare,13916
riforma,13909
premier,13530
europa,13526
lavoratore,13443
giovane,13358
momento,13298
parola,13182
sistema,13130
voto,12994
società,12896
rispetto,12870
qualche,12795
prevedere,12722
milione,12695
prossimo,12562
soprattutto,12418
famiglia,12384
comune,12326
diventare,12310
elettorale,12224
regione,12115
capo,12012
conto,11997
tornare,11973
cittadino,11955
centro,11949
segretario,11898
restare,11802
possibile,11767
mercato,11752
sotto,11595
verso,11577
piano,11501
continuare,11451
lasciare,11353
democratico,11230
importante,11211
fondo,11186
lungo,11177
presentare,11054
forte,11047
servizio,11007
quasi,10978
ricordare,10923
decidere,10913
quindi,10902
generale,10898
interno,10887
infatti,10838
fronte,10827
film,10784
commissione,10776
internazionale,10751
rendere,10739
unico,10692
scelta,10652
situazione,10627
rapporto,10622
città,10593
leader,10593
sostenere,10535
passare,10405
insieme,10356
futuro,10297
accordo,10295
confronto,10266
alto,10254
numero,10164
troppo,10162
forse,10151
impresa,10148
camera,10143
processo,10124
parlamento,10115
scrivere,10078
tenere,10035
cercare,9988
trattare,9917
buono,9870
settimana,9818
scuola,9781
tema,9777
pure,9665
civile,9656
proposta,9647
maggioranza,9631
mano,9549
questione,9507
fuori,9491
lavorare,9395
maggiore,9371
partire,9305
monte,9289
strada,9202
posto,9194
condizione,9145
piccolo,9083
idea,9079
riuscire,9074
elezione,9068
campo,9047
banca,9041
intervento,9028
necessario,9006
nome,8987
sindaco,8931
rimanere,8883
finire,8838
cambiare,8797
foto,8781
base,8719
azienda,8700
parlamentare,8684
guerra,8682
rischio,8674
almeno,8668
figlio,8624
chiaro,8616
credere,8538
decisione,8524
locale,8463
aprire,8431
economia,8420
bello,8416
ormai,8415
ruolo,8412
riguardare,8375
piazza,8342
vivere,8328
bisognare,8289
pagare,8275
sinistra,8263
chiamare,8257
raccontare,8252
allora,8226
servire,8218
uscire,8212
sentire,8192
miliardo,8127
sviluppo,8125
sicurezza,8117
risultato,8080
senso,8073
difficile,8050
nascere,8050
corso,8045
progetto,8001
misura,8000
incontro,7985
capire,7940
chiudere,7930
interesse,7867
atto,7863
repubblica,7837
sindacato,7823
giustizia,7771
realtà,7725
usare,7654
comunque,7641
americano,7623
durante,7572
perdere,7550
davanti,7528
crescita,7516
subito,7510
palazzo,7489
livello,7472
finanziario,7458
mezzo,7442
quattro,7435
milano,7398
valore,7378
considerare,7374
settore,7338
azione,7324
leggere,7296
ragione,7289
dato,7283
entrare,7270
esempio,7256
vicenda,7239
ricerca,7229
bastare,7221
seguire,7200
effetto,7190
termine,7174
cultura,7138
impegno,7136
fiscale,7104
circa,7090
aggiungere,7068
obiettivo,7048
attraverso,7023
posizione,7020
particolare,7017
annunciare,6988
umano,6982
nord,6982
creare,6967
risposta,6963
senato,6959
voce,6933
attività,6932
titolo,6922
bilancio,6894
taglio,6889
norma,6853
evitare,6840
richiesta,6835
giornale,6827
rappresentare,6826
terzo,6821
spesso,6813
democrazia,6796
responsabilità,6794
luogo,6792
libro,6790
bambino,6788
decreto,6788
campagna,6750
estero,6742
militare,6723
linea,6721
libero,6680
storico,6674
legare,6673
risorsa,6659
votare,6657
dunque,6653
nulla,6614
tedesco,6560
vecchio,6544
candidato,6514
sera,6509
unità,6488
tale,6482
affrontare,6476
libertà,6471
massimo,6455
spesa,6454
testo,6453
movimento,6449
meglio,6449
cinque,6429
costo,6424
capitale,6421
avanti,6402
regionale,6401
grave,6374
debito,6362
istituzione,6353
ministero,6351
possibilità,6341
definire,6339
obama,6300
scegliere,6276
vicino,6215
sede,6200
iniziativa,6199
contratto,6187
rispondere,6186
associazione,6172
rischiare,6170
notizia,6169
vittima,6156
cominciare,6155
programma,6152
confermare,6133
difesa,6127
forma,6125
bisogno,6112
soluzione,6110
dimostrare,6110
regola,6099
privato,6098
grazie,6096
ordine,6086
passo,6079
vincere,6069
stampa,6026
corte,6016
territorio,6006
cioè,6003
davvero,5997
domanda,5997
inchiesta,5995
attuale,5956
tecnico,5928
rete,5913
causa,5900
destra,5895
vertice,5864
responsabile,5852
dichiarare,5841
controllo,5840
dirigente,5840
ragazzo,5828
bianco,5826
protesta,5783
area,5778
morire,5767
amico,5763
avvenire,5759
pagina,5737
occasione,5731
personale,5715
garantire,5702
morte,5697
grado,5697
presente,5689
articolo,5673
renza,5670
culturale,5649
migliore,5641
ottenere,5629
indagine,5620
pieno,5618
resto,5614
affermare,5600
iniziare,5580
amministrazione,5579
passato,5564
primario,5553
ritenere,5549
procura,5546
esistere,5545
polizia,5540
opera,5522
operazione,5515
investimento,5514
serie,5511
giudice,5491
zona,5468
colpire,5451
spazio,5417
industriale,5414
direttore,5411
conoscere,5409
costruire,5408
esso,5407
gioco,5345
giusto,5328
violenza,5325
sito,5306
unione,5295
guardare,5295
opposizione,5287
mondiale,5286
popolo,5261
sottolineare,5254
soldo,5234
partita,5225
lanciare,5216
raggiungere,5212
battaglia,5196
accadere,5193
studio,5193
adesso,5186
lega,5173
giornalista,5154
manifestazione,5151
pronto,5139
porre,5131
relazione,5121
paolo,5114
costituzionale,5105
fiat,5094
aumento,5093
spettacolo,5085
lotta,5068
modello,5068
giornata,5063
consentire,5039
lista,5039
inizio,5033
sentenza,5024
attacco,5023
terra,5011
produrre,5007
costituzione,5006
agii,5002
qualcuno,5000
difficoltà,4995
mancare,4991
partecipare,4986
vista,4984
immagine,4983
ipotesi,4977
aperto,4970
appena,4957
strumento,4954
centrale,4950
discussione,4942
chiesa,4933
riconoscere,4931
francese,4928
nero,4911
nonostante,4908
parere,4883
presenza,4879
esprimere,4875
autorità,4866
fase,4865
impegnare,4863
carta,4856
realizzare,4852
padre,4845
prova,4843
manovra,4836
giocare,4814
finale,4801
uccidere,4801
lettera,4798
basso,4798
silvio,4795
proporre,4795
superare,4784
intero,4783
principale,4762
male,4760
intendere,4747
squadra,4745
informazione,4742
svolgere,4741
approvare,4738
fiducia,4719
qualcosa,4710
precedente,4705
attenzione,4690
niente,4686
puntare,4677
entro,4671
fermare,4669
organizzazione,4668
sostegno,4666
deputato,4664
comunità,4663
medio,4656
marco,4649
luigi,4629
cento,4627
aspettare,4612
intanto,4610
noto,4608
uniti,4596
napoletano,4593
operaio,4564
provvedimento,4554
indicare,4543
appello,4543
crescere,4540
senatore,4518
duro,4499
notte,4495
successo,4495
vario,4488
protagonista,4487
ridurre,4482
intervenire,4467
soltanto,4458
necessità,4455
dichiarazione,4455
permettere,4454
mostrare,4452
domani,4449
dedicare,4442
principio,4430
documento,4422
ufficio,4416
stati,4411
provincia,4398
mario,4395
accusa,4390
affare,4387
scena,4374
utilizzare,4365
germania,4364
difendere,4360
straordinario,4346
direzione,4345
carcere,4344
dubbio,4333
scontro,4332
periodo,4322
popolare,4319
sfida,4313
occhio,4309
classe,4303
2009,4303
diretto,4296
apparire,4290
2010,4289
dieci,4289
luce,4280
fondamentale,4272
motivo,4250
significare,4249
sperare,4237
settembre,4220
autore,4219
magistrato,4210
roberto,4201
corpo,4200
testa,4199
finanza,4188
qualità,4188
incontrare,4185
verità,4184
quotidiano,4179
dipendente,4158
cambiamento,4156
guidare,4148
gente,4146
maggio,4139
imporre,4135
gestione,4123
vittoria,4117
istituzionale,4106
lontano,4104
danno,4099
romano,4098
offrire,4098
reato,4092
reale,4084
aumentare,4078
tuttavia,4078
francesco,4078
insomma,4075
accettare,4072
recente,4066
tassa,4060
occupare,4058
bersani,4047
acqua,4046
2011,4046
condurre,4022
tipo,4013
riduzione,4010
ufficiale,4003
esperienza,4001
ricevere,3996
teatro,3994
pace,3988
destinare,3982
medico,3971
arma,3967
favore,3960
tribunale,3960
coinvolgere,3957
mafia,3956
giugno,3948
assumere,3938
capacità,3935
positivo,3928
premio,3910
ecco,3909
patto,3899
contrario,3895
messaggio,3892
dibattito,3891
aiuto,3888
passaggio,3888
firmare,3888
conseguenza,3885
assicurare,3884
prezzo,3878
membro,3873
comprendere,3871
letto,3865
accusare,3859
costringere,3856
tavolo,3856
colpo,3854
straniero,3848
struttura,3847
2008,3844
produzione,3843
studente,3839
breve,3831
quota,3830
cassa,3825
riferimento,3821
antonio,3816
elettore,3813
metà,3805
profondo,3801
discutere,3795
speranza,3789
contributo,3786
mare,3780
giudizio,3776
strategia,3772
emergenza,3771
attendere,3770
contare,3767
istituto,3762
provare,3756
conferenza,3737
anzi,3736
russo,3730
rosso,3724
francia,3721
centrosinistra,3718
regime,3717
reddito,3715
segno,3713
occupazione,3711
capace,3708
percorso,3708
giro,3708
2012,3708
aiutare,3703
occorrere,3701
merito,3698
giudiziario,3696
stagione,3687
salvare,3678
grillo,3677
conflitto,3676
aula,3676
formazione,3671
porta,3667
dentro,3665
risultare,3664
guida,3662
dietro,3657
polemica,3657
mattina,3655
inoltre,3646
pensione,3646
paura,3635
dicembre,3634
partecipazione,3630
valere,3630
migliaio,3620
utile,3613
assemblea,3610
cavaliere,3605
ribadire,3594
pubblicare,3590
presidenza,3588
auto,3581
succedere,3581
concludere,3570
organizzare,3568
rivolgere,3566
papa,3563
evidente,3561
registrare,3559
ente,3559
discorso,3548
raccogliere,3540
fonte,3539
attesa,3538
esecutivo,3536
riunione,3529
luglio,3529
festa,3520
avvocato,3500
genere,3497
semplice,3492
denunciare,3487
cuore,3483
quadro,3482
congresso,3474
mantenere,3473
evento,3467
segreto,3466
piuttosto,3459
emergere,3443
cattolico,3443
israele,3434
musica,3421
fuoco,3420
facile,3417
stabilità,3412
funzione,3406
finora,3406
gennaio,3392
concreto,3391
relativo,3390
toccare,3383
solidarietà,3379
tramonto,3371
maria,3348
imprenditore,3340
pari,3336
agenzia,3332
segnale,3319
compiere,3315
centrodestra,3314
ulteriore,3310
critico,3299
nemmeno,3295
assai,3293
presto,3281
università,3281
ambiente,3278
media,3277
segnare,3269
totale,3263
serio,3259
legale,3252
eppure,3250
intesa,3242
limite,3242
prodotto,3241
cosiddetto,3224
sciopero,3221
cura,3219
elemento,3218
mille,3216
povero,3213
esponente,3205
amare,3195
richiedere,3187
tentativo,3187
giovanni,3187
fornire,3180
consenso,3179
avviare,3175
materia,3173
gara,3173
condannare,3164
ripresa,3163
errore,3154
contenuto,3151
ritorno,3146
tensione,3145
marzo,3140
sindacale,3135
ricco,3135
magari,3132
ottobre,3132
costituire,3130
credito,3127
ascoltare,3124
giuseppe,3122
finanziamento,3121
commentare,3113
arresto,3110
torino,3109
morto,3106
addirittura,3104
giorgio,3104
enrico,3103
fratello,3098
immigrato,3096
trasformare,3090
cinema,3087
energia,3086
garanzia,3083
memoria,3081
prospettiva,3080
pomeriggio,3079
protezione,3076
scrittore,3067
affidare,3062
consigliere,3060
intorno,3040
riprendere,3040
popolazione,3039
carlo,3037
pesante,3034
rappresentante,3025
2013,3020
trattativa,3016
uscita,3014
ampio,3013
israeliano,3013
scoprire,3012
aspetto,3011
ritrovare,3005
calcio,3002
riportare,2998
nota,2997
carico,2987
sicuro,2986
aprile,2981
tentare,2980
piacere,2978
complesso,2976
viaggio,2969
impedire,2961
governatore,2956
firma,2956
favorire,2955
differenza,2955
domenica,2955
qualsiasi,2951
coalizione,2948
bossi,2947
signore,2945
caro,2945
collega,2944
muovere,2936
stabilire,2933
condividere,2930
personaggio,2926
referendum,2923
simile,2921
soggetto,2921
lazio,2918
televisione,2910
escludere,2908
corruzione,2898
nuvoloso,2896
franco,2896
alleanza,2892
rivelare,2891
pietro,2888
sabato,2887
comitato,2887
fabbrica,2882
palestinese,2881
convincere,2881
novembre,2881
opinione,2880
stella,2876
coloro,2871
rispettare,2868
volontà,2866
bloccare,2866
integrazione,2862
generazione,2857
venti,2856
chilo,2855
proseguire,2854
precario,2849
matteo,2845
indagare,2842
alimentare,2840
drammatico,2839
indietro,2838
pena,2837
familiare,2837
cadere,2830
rifiuto,2828
riferire,2828
magistratura,2822
sette,2813
provocare,2809
persino,2794
amministratore,2792
eleggere,2787
infine,2786
pressione,2782
fondazione,2774
attaccare,2772
compito,2771
disposizione,2767
madre,2762
finalmente,2760
febbraio,2756
otto,2756
dialogo,2755
probabilmente,2754
invitare,2754
dimenticare,2752
accompagnare,2748
chiusura,2748
pier,2745
sala,2744
minuto,2743
minimo,2742
superiore,2742
pensiero,2740
ricorso,2737
spingere,2734
secolo,2733
venerdì,2732
gestire,2730
presso,2727
giunta,2726
risolvere,2715
doppio,2715
neanche,2712
salute,2707
piede,2702
stabilimento,2700
arte,2699
debole,2692
nucleare,2689
produttivo,2686
promuovere,2685
cambio,2678
andrea,2676
singolo,2672
intercettazione,2669
denuncia,2668
bruxelles,2667
festival,2667
scendere,2665
attore,2665
visione,2661
falso,2658
sanitario,2651
dimissione,2647
compagnia,2645
negativo,2645
socialista,2645
centinaio,2643
arrestare,2643
ospedale,2637
stretto,2636
natura,2633
lunedì,2625
emendamento,2623
inglese,2623
speciale,2622
moglie,2622
modifica,2619
cgil,2618
guardia,2617
clima,2613
comportamento,2609
pezzo,2608
governare,2607
accogliere,2605
procuratore,2604
mila,2594
decina,2592
operare,2589
reazione,2583
comunicazione,2579
figura,2574
pratica,2574
tagliare,2574
salire,2573
intervista,2570
assoluto,2569
condanna,2567
distanza,2565
ripetere,2561
giungere,2561
impianto,2561
minore,2560
mandare,2557
preoccupazione,2557
fenomeno,2556
verde,2555
convinto,2554
negare,2554
diffuso,2544
investire,2542
seguito,2542
esterno,2540
apertura,2535
limitare,2531
rilanciare,2530
disegno,2526
direttamente,2522
presunto,2514
cifra,2507
agosto,2506
subire,2505
artista,2502
professore,2501
visita,2496
oppure,2491
carica,2487
valutare,2487
purtroppo,2484
tutela,2484
terreno,2482
procedura,2478
inviare,2477
romanzo,2472
eventuale,2471
enorme,2470
aereo,2462
correre,2458
mente,2457
salvo,2457
attivo,2456
decisivo,2456
silenzio,2456
ambito,2456
appunto,2455
origine,2447
verificare,2446
regista,2446
morale,2445
palermo,2440
carabiniere,2437
opportunità,2436
ammettere,2431
sorta,2429
gran,2427
allarme,2425
analisi,2424
costruzione,2421
ricostruzione,2420
netto,2417
agente,2414
critica,2414
agire,2414
pericoloso,2412
definitivo,2410
decennio,2409
missione,2407
novità,2405
firenza,2404
napolo,2394
temere,2393
neppure,2393
contribuire,2390
portavoce,2388
consumo,2386
preparare,2381
amore,2380
globale,2375
contatto,2370
significativo,2370
peso,2368
combattere,2368
cancellare,2368
maniera,2361
bologna,2361
citare,2358
dollaro,2357
amministrativo,2351
adottare,2350
radicale,2350
oggetto,2348
unire,2337
autonomia,2336
entrambi,2335
ciel,2334
quarto,2332
intenzione,2331
determinare,2329
compagno,2326
immediato,2324
arabo,2323
numeroso,2321
patrimonio,2321
rivoluzione,2319
perdita,2317
genitore,2317
spalla,2315
argomento,2315
sino,2314
turno,2308
rappresentanza,2307
dignità,2307
nascondere,2304
alfare,2301
mafioso,2301
serata,2299
sereno,2299
tasso,2297
successivo,2285
scenario,2284
competenza,2283
proposito,2283
valutazione,2276
mandato,2274
dimensione,2273
scientifico,2272
luca,2268
maurizio,2266
largo,2264
simbolo,2262
collettivo,2261
coppia,2260
delegato,2259
vendita,2256
commissario,2255
candidatura,2247
comunale,2244
omicidio,2239
promettere,2237
ovvero,2233
sanità,2230
minaccia,2229
blocco,2229
meccanismo,2228
nazione,2226
europea,2225
acquisto,2225
confine,2219
dolore,2217
denaro,2216
industria,2214
muro,2213
sottosegretario,2213
tragedia,2213
disoccupazione,2212
tirare,2211
vendere,2205
bancario,2205
edizione,2203
vivo,2200
arrivo,2197
ovviamente,2196
penale,2194
togliere,2190
esito,2190
conoscenza,2187
concedere,2184
solito,2184
libia,2184
preciso,2183
immaginare,2182
nave,2182
recuperare,2179
lombardo,2178
contenere,2177
assieme,2171
pagamento,2171
esigenza,2169
2007,2165
chiave,2162
cinese,2158
materiale,2156
macchina,2155
repubblicano,2153
incidente,2152
versione,2151
fissare,2150
fila,2147
epoca,2144
spagnolo,2144
abbandonare,2142
rafforzare,2138
religioso,2132
costare,2130
incarico,2128
certamente,2122
capogruppo,2122
quirinale,2121
impossibile,2119
anziano,2118
video,2115
america,2109
esperto,2109
convocare,2108
grecia,2106
sospetto,2099
rinunciare,2096
stefare,2096
anna,2095
borsa,2090
comunista,2089
contesto,2089
armato,2087
controllare,2086
antico,2083
inserire,2083
categoria,2082
corsa,2080
disporre,2080
voglia,2078
procedere,2077
battere,2076
riflessione,2073
efficace,2073
ingresso,2072
cina,2072
napoli,2069
nomina,2069
individuare,2067
metro,2067
specie,2064
appuntamento,2064
martedì,2062
liberare,2062
esame,2061
assessore,2057
riunire,2053
strage,2051
sforzo,2051
avanzare,2049
vantaggio,2049
leghista,2049
confindustria,2048
famoso,2048
estremo,2047
annuncio,2043
sogno,2042
sostanza,2040
nominare,2038
accesso,2034
york,2032
2014,2032
titolare,2030
mancato,2028
stipendio,2022
svolta,2020
calo,2020
fondare,2019
porto,2015
parigi,2015
naturale,2014
assenza,2013
episodio,2010
femminile,2010
ragazza,2009
trasporto,2007
massa,2006
rientrare,2003
sicuramente,2003
disponibile,2000
funzionare,1996
applicare,1996
cristiano,1994
metodo,1993
identità,1991
giovedì,1987
chiarire,1987
sbagliare,1986
girare,1983
santo,1978
saltare,1978
destino,1977
resistenza,1970
coraggio,1970
azzurro,1970
sondaggio,1968
introdurre,1966
isola,1966
inutile,1966
racconto,1964
consegnare,1963
manager,1958
provenire,1957
corrente,1957
soldato,1954
commerciale,1952
russia,1949
vuoto,1948
collaborazione,1947
estate,1943
riconoscimento,1942
candidare,1941
minacciare,1940
insistere,1939
componente,1936
onne,1933
spagna,1932
rigore,1931
fallimento,1925
concorso,1922
priorità,1917
sergio,1917
fermo,1916
gesto,1915
segnalare,1915
televisivo,1915
sport,1913
strategico,1913
moderno,1912
sconfitta,1911
manifestare,1910
essenziale,1909
berlino,1907
lettura,1905
altrettanto,1905
osservare,1903
specifico,1903
malattia,1903
casine,1901
spirito,1898
derivare,1893
coscienza,1893
frutto,1890
esercito,1890
avversario,1886
internet,1884
bore,1884
continuo,1882
attorno,1881
data,1879
finanziare,1878
siria,1877
ombra,1874
fuga,1874
milanese,1873
effettuare,1870
carattere,1870
sicilia,1869
varare,1868
amarone,1868
appalto,1868
agio,1868
conclusione,1867
braccio,1865
complessivo,1865
britannico,1865
agenda,1858
dividere,1857
libico,1856
legislatura,1854
terremoto,1853
michele,1852
ferito,1850
nodo,1850
beffare,1847
preferire,1843
passione,1842
diplomatico,1841
vaticano,1841
tradizione,1839
gianni,1839
aria,1837
durare,1836
comportare,1836
alzare,1834
mobilitazione,1832
alleato,1830
considerazione,1828
lato,1828
iscritto,1826
altrimenti,1825
riflettere,1822
campione,1822
modificare,1821
sopra,1820
precisare,1817
peraltro,1816
colloquio,1815
criterio,1814
strutturale,1813
pericolo,1813
mancanza,1812
profilo,1810
normale,1810
mercoledì,1809
indagato,1808
benedetto,1804
claudio,1802
segreteria,1802
valle,1801
cielo,1794
appartenere,1793
esercizio,1793
bandiera,1791
carriera,1791
pesare,1791
stile,1789
ambientale,1788
assolutamente,1785
formare,1784
testimonianza,1784
giudicare,1779
quartiere,1777
criminale,1776
espressione,1773
offerta,1772
logica,1770
istruzione,1769
iran,1768
vice,1764
volto,1762
coprire,1761
sangue,1761
tono,1758
studiare,1756
editore,1755
2006,1755
avvertire,1753
palco,1749
preoccupare,1743
certezza,1742
campionato,1740
assistere,1740
sanzione,1739
contestare,1738
spendere,1735
milan,1735
fede,1734
sufficiente,1734
innovazione,1734
risparmio,1732
lingua,1730
dipendere,1728
attentato,1727
ciascuno,1726
delicato,1726
interessare,1725
islamico,1724
immigrazione,1722
sostituire,1720
indicazione,1719
scolastico,1718
frase,1710
vigilia,1710
smentire,1710
minoranza,1709
promessa,1707
legalità,1706
ospite,1705
cantiere,1705
adeguato,1701
alternativa,1700
commento,1698
bomba,1698
interpretare,1696
entrata,1695
qualunque,1695
disponibilità,1694
tela,1694
alternativo,1691
ricostruire,1691
ricchezza,1691
scandalo,1688
affatto,1688
giocatore,1686
grosso,1682
legittimo,1680
scambio,1678
anticipare,1676
antimafia,1675
accanto,1674
tendenza,1669
filo,1668
naturalmente,1667
bersano,1665
traccia,1661
zero,1660
chiarezza,1659
sottoporre,1655
mostra,1654
scopo,1654
consapevole,1654
testimone,1653
conquistare,1651
rifiutare,1649
villa,1645
nascita,1644
previsione,1644
semplicemente,1643
migliorare,1643
inter,1641
informare,1639
contrasto,1638
frattempo,1638
ricordo,1637
onda,1636
socio,1636
ripartire,1636
abbastanza,1636
abuso,1635
rossi,1634
notare,1633
violento,1632
tetto,1631
presidenziale,1631
austerità,1631
pronunciare,1630
conferma,1621
fisico,1618
raccolta,1616
tradizionale,1615
disastro,1614
mauro,1613
emilia,1611
protestare,1608
seggio,1608
boss,1606
chiuso,1605
affinché,1604
cedere,1604
regolare,1604
colpa,1603
cittadinanza,1601
trasparenza,1598
washington,1598
scienza,1598
felice,1596
divisione,1596
negoziato,1595
potente,1595
atteggiamento,1593
detenuto,1592
peggio,1592
scomparsa,1591
trattato,1587
attraversare,1587
sessuale,1587
suonare,1587
pioggia,1585
tecnologia,1585
capitolo,1584
trenta,1583
attento,1582
occidentale,1582
vicepresidente,1580
cronaca,1580
angelo,1579
piero,1578
ritardo,1578
lettore,1578
spostare,1577
rilevare,1576
stadio,1576
obbligo,1574
trasferire,1571
intellettuale,1571
circolare,1566
lombardia,1566
david,1566
post,1565
nicola,1565
peggiore,1564
interessato,1563
violazione,1563
greco,1558
camuso,1556
probabile,1555
canzone,1554
credibilità,1554
ospitare,1553
eliminare,1552
concentrare,1552
colore,1549
margine,1547
soglia,1546
dettaglio,1546
deficit,1545
nonché,1545
freddo,1545
canale,1544
natale,1544
ribelle,1542
gedda,1542
concerto,1542
nove,1539
corteo,1539
operatore,1538
approvazione,1537
acquistare,1536
iraniano,1536
affermazione,1534
bari,1533
timore,1531
costa,1531
indipendente,1530
esercitare,1530
territoriale,1528
evasione,1526
sguardo,1523
caduta,1520
funzionario,1518
tutelare,1517
diffondere,1516
esistenza,1516
angela,1515
insegnante,1514
sezione,1512
aquila,1511
marchio,1510
imposta,1507
stop,1506
chilometro,1504
comunicato,1504
presa,1504
cassazione,1504
fortuna,1504
volontario,1503
nemico,1502
lezione,1501
recessione,1500
restituire,1499
mendel,1499
vincolo,1497
genova,1491
rapido,1491
militante,1490
venezia,1490
importanza,1488
rimettere,1488
rilancio,1487
statuto,1485
manifestante,1483
super,1483
scattare,1482
sportivo,1482
mediatico,1481
classico,1480
rosa,1479
siriano,1478
linguaggio,1478
professionale,1476
assistenza,1475
curare,1475
renzi,1473
progressista,1472
percentuale,1472
impatto,1471
docente,1470
codice,1470
organo,1469
collaboratore,1469
sardegna,1468
cogliere,1468
band,1468
respingere,1467
marino,1467
copertura,1467
urna,1460
fortemente,1458
bruno,1456
presentazione,1453
favorevole,1453
dario,1453
telefonata,1453
john,1452
liberazione,1452
facebook,1451
privo,1447
volo,1446
cattivo,1446
stavolta,1444
causare,1443
alessandro,1442
immobile,1442
rinviare,1441
rivolta,1441
consapevolezza,1440
poiché,1440
clan,1439
dirigere,1435
organizzato,1433
particolarmente,1432
modalità,1431
sostenitore,1431
club,1430
museo,1430
giuridico,1430
matrimonio,1428
proprietà,1427
cardinale,1426
tifoso,1426
sole,1426
2005,1421
unitario,1421
polo,1421
invito,1420
definizione,1415
scritto,1413
ponte,1412
federale,1412
celebrare,1410
motivazione,1410
comporre,1410
contrastare,1410
fabrizio,1407
contemporaneo,1406
sparare,1406
crollo,1406
ennesimo,1404
online,1403
statale,1401
tesi,1399
abitante,1398
commettere,1398
provinciale,1397
indispensabile,1396
applicazione,1396
scadenza,1394
ordinario,1393
caratterizzare,1393
perfino,1392
assunzione,1392
aziendale,1389
scontare,1388
brutto,1388
circolo,1387
inquirente,1386
rabbia,1386
vescovo,1386
record,1386
sacrificio,1383
fedele,1381
frontiera,1379
africa,1379
sviluppare,1379
richiamare,1379
operativo,1379
sollevare,1378
opposto,1378
povertà,1377
drago,1375
maestro,1374
legame,1374
immediatamente,1372
battuta,1372
banco,1371
cesare,1371
vigore,1367
assegnare,1367
anima,1367
afghanistan,1366
fianco,1366
trattamento,1364
legislativo,1363
convinzione,1362
urgente,1362
rivendicare,1358
proprietario,1358
comunitario,1357
montecitorio,1355
divenire,1354
alberto,1353
comunicare,1352
radio,1350
sorprendere,1349
revisione,1349
crimine,1349
stabile,1346
siciliano,1345
tesoro,1345
traffico,1345
ispirare,1344
edificio,1343
caldo,1342
criminalità,1342
sedere,1342
continente,1341
concetto,1339
consumatore,1336
partenza,1336
tappa,1326
interessante,1326
fattore,1326
marito,1325
ognuno,1325
leadership,1325
pensionato,1324
marcia,1324
terrorismo,1323
toscano,1323
spettare,1322
ammortizzatore,1321
prestito,1321
generare,1321
monetario,1320
esattamente,1319
epifano,1319
affetto,1317
sospendere,1317
cooperazione,1316
perfetto,1316
unito,1315
primavera,1313
comprare,1312
somma,1312
mozione,1311
federalismo,1310
pacchetto,1309
descrivere,1309
coordinatore,1308
musicale,1306
intelligente,1306
digitale,1306
alfano,1304
treno,1303
uguale,1300
federazione,1298
salvatore,1297
governativo,1297
mediterraneo,1296
telefonico,1294
reggio,1293
vittorio,1293
giulio,1292
scarso,1292
innanzitutto,1291
altrove,1290
strano,1287
gianfranco,1287
ricorrere,1286
distruggere,1286
meritare,1286
consulta,1285
infrastruttura,1285
prezioso,1284
godere,1282
udienza,1282
investigatore,1282
prodi,1281
statunitense,1281
stanza,1281
inaccettabile,1280
mamma,1278
blog,1277
riservare,1275
crescente,1275
disagio,1275
sentimento,1273
proteggere,1271
disco,1271
sofferenza,1271
soccorso,1270
bordo,1269
reagire,1268
gaza,1268
manifesto,1268
normativa,1268
azionista,1266
tratto,1265
trasmissione,1265
civico,1265
ritirare,1263
walter,1262
personalità,1261
autonomo,1261
giallo,1260
criticare,1260
scatenare,1259
musulmano,1259
equilibrio,1258
acquisire,1257
recupero,1257
guadagnare,1256
tragico,1254
organismo,1254
more,1254
volume,1253
ferro,1252
veramente,1251
laico,1249
attualmente,1249
attribuire,1249
fabio,1247
messa,1247
schierare,1246
scala,1246
bersanio,1246
collegio,1246
egitto,1246
ostacolo,1245
incertezza,1245
consultazione,1245
cliente,1244
sollecitare,1244
dipartimento,1244
tramite,1243
dossier,1243
moderato,1243
tardi,1242
ottimo,1242
potenza,1242
fatica,1241
rilevante,1240
compromesso,1239
volare,1237
fisco,1237
anso,1236
poliziotto,1235
putin,1234
completamente,1233
indiano,1233
esporre,1232
fiorentino,1231
chiunque,1231
riguardo,1230
universitario,1230
nobel,1229
classifica,1229
sequestro,1229
veneto,1229
rompere,1229
deroga,1227
basare,1226
evidentemente,1225
radice,1224
talebano,1224
liberale,1223
soffrire,1222
giustificare,1220
cruciale,1219
stazione,1217
forum,1216
ideologico,1216
archivio,1215
vasto,1214
collegare,1214
urbano,1209
confrontare,1209
spread,1209
mezzogiorno,1208
slogan,1207
letteratura,1207
napolitano,1207
regolamento,1205
rinvio,1203
ministra,1203
credibile,1203
vento,1201
trasmettere,1201
avvio,1200
capitare,1200
creazione,1199
omosessuale,1198
colle,1197
gettare,1196
paziente,1196
suggerire,1195
avvicinare,1194
suscitare,1193
campania,1193
imputato,1192
ignorare,1191
fascia,1191
energetico,1190
pianeta,1190
fondatore,1187
trasferimento,1187
rinnovare,1186
cantare,1185
umanità,1183
presidio,1183
renare,1183
inferiore,1183
rilievo,1181
padrone,1180
corretto,1180
misurare,1179
costante,1178
mobilità,1176
truppa,1174
competizione,1173
bravo,1171
risparmiare,1170
editoriale,1170
eccezione,1170
incassare,1168
realizzazione,1168
calderone,1167
evidenziare,1167
ebreo,1167
elevato,1167
umberto,1166
interpretazione,1165
migrante,1165
iscrivere,1163
svizzero,1162
solido,1162
interrogare,1162
bollare,1161
merkel,1160
tipografia,1160
violare,1159
sorte,1159
delegazione,1158
dramma,1157
augurare,1157
rock,1157
rinnovo,1156
allargare,1154
delega,1154
stima,1154
delitto,1153
chimico,1153
estendere,1151
clandestino,1149
lorenzo,1149
completo,1149
giovanile,1148
concorrenza,1147
urgenza,1147
raffaela,1146
calabria,1146
colpevole,1145
vincenzo,1144
abitazione,1144
barack,1143
parente,1138
vincitore,1137
vietare,1136
utilizzo,1135
ford,1134
parco,1133
2001,1132
effettivo,1128
rivedere,1128
cancelliera,1128
rotta,1127
ricercatore,1125
individuale,1122
equità,1120
chissà,1118
preoccupato,1118
turco,1117
allontanare,1117
economista,1117
distribuzione,1115
licenziare,1115
destro,1115
paio,1115
religione,1115
ebraico,1114
africano,1114
aggiunto,1113
mediaset,1113
scudo,1113
banda,1112
auspicare,1112
sorpresa,1112
egli,1111
tour,1110
divieto,1108
perciò,1108
patria,1108
dimettere,1107
salare,1106
oriente,1102
corto,1101
sarcone,1101
clamoroso,1099
invocare,1096
transizione,1096
originale,1095
lottare,1095
telefono,1094
regia,1093
susanna,1091
etica,1090
asilo,1089
afghano,1089
mobile,1089
flessibilità,1088
agricolo,1087
2004,1087
imparare,1085
bocca,1085
sequestrare,1085
piattaforma,1084
inevitabile,1083
ipotizzare,1082
etico,1082
animale,1081
caccia,1081
brasile,1081
teoria,1080
nanni,1080
ruby,1080
beneficio,1078
illustrare,1077
celebre,1076
corriere,1075
diminuire,1075
saccone,1074
coordinare,1073
formula,1073
mediazione,1073
escluso,1073
incentivo,1072
inventare,1070
saggio,1069
procedimento,1069
partner,1068
onore,1067
ragionare,1067
organico,1064
riccardo,1063
fallire,1062
attuare,1062
rilasciare,1062
impiego,1060
guaio,1060
avviso,1059
malato,1059
adesione,1058
musicista,1056
addio,1055
teheran,1055
fascista,1054
lapresso,1054
progresso,1052
produttore,1052
intento,1052
rivista,1051
fiore,1050
supremo,1050
circostanza,1049
cerimonia,1049
test,1048
standard,1048
marina,1047
triste,1047
tendere,1047
mistero,1046
includere,1046
posta,1045
terribile,1045
continuità,1043
richiamo,1043
versare,1043
riserva,1041
prescrizione,1040
abbattere,1040
contraddizione,1039
indiscrezione,1039
elettrico,1038
pubblicazione,1036
pretendere,1036
trimestre,1035
bocciare,1034
discriminazione,1034
pietra,1034
andamento,1034
significato,1033
liberalizzazione,1033
fiume,1033
regalare,1032
apprezzare,1032
vigilanza,1032
rimborso,1032
fame,1030
risalire,1028
laboratorio,1028
speculazione,1028
appoggio,1027
ritornare,1026
anti,1026
ciclo,1025
analogo,1024
anziché,1024
convegno,1023
cavallo,1023
insegnare,1022
sfruttare,1021
coppa,1021
hong,1021
appoggiare,1021
puro,1021
evocare,1020
separare,1020
prefetto,1020
civiltà,1020
pelle,1019
travolgere,1019
elenco,1017
figlia,1016
coesione,1015
avendola,1015
malgrado,1014
definitivamente,1014
trasformazione,1013
potenziale,1012
lampedusa,1011
condizionare,1011
unite,1011
corrispondere,1009
sottoscrivere,1009
vigile,1008
ufficialmente,1008
dito,1006
patrimoniale,1005
ricetta,1005
ordinanza,1005
folla,1003
disciplina,1003
concordare,1002
formicone,1002
risoluzione,1001
trascorrere,1001
testimoniare,1001
autorevole,1000
convenzione,999
diretta,999
contrattuale,998
cammino,998
ornerò,998
approccio,997
resistere,997
praticamente,997
filippo,997
tecnica,996
sospensione,995
network,995
attualità,993
moneta,993
preferenza,993
rifugiato,991
sardo,990
eseguire,990
schema,990
juke,990
trarre,989
evoluzione,988
verifica,988
sfiducia,986
omaggio,985
giuliano,985
quantità,984
coordinamento,984
sbagliato,983
rottura,981
comando,981
calare,981
sesso,981
siena,980
propaganda,980
elaborare,979
volgere,978
pista,978
salutare,976
prestazione,976
accoglienza,976
chiaramente,975
emettere,975
tenuta,974
canto,974
gaspare,974
talento,973
porcella,973
netanyahu,972
permanente,972
taranto,971
attivista,970
ceto,970
ideale,969
periferia,968
santa,967
ritiro,967
platea,967
professionista,966
soddisfazione,966
sfidare,966
ulteriormente,965
lodo,965
grasso,965
quinto,965
addetto,965
india,962
bruciare,962
funerale,961
finché,960
droga,958
pacifico,958
velocità,956
orario,955
competitività,955
autentico,954
accertare,953
riaprire,953
artistico,953
lione,952
parma,952
cibo,951
produttività,951
scaricare,950
scusa,950
accertamento,950
2000,950
2015,950
terrorista,949
caos,949
immobiliare,949
lingotto,947
2003,947
aderire,946
anniversario,945
cadavere,945
moto,945
sostanziale,944
cinquanta,943
interrogatorio,941
improvviso,941
politicamente,940
mattino,939
diffusione,939
illecito,939
consumare,939
eccessivo,938
perseguire,937
applauso,936
coraggioso,935
nucleo,933
presiedere,932
incredibile,931
poesia,931
multinazionale,931
deposito,930
ignazio,929
puglia,929
sostenibile,927
recare,927
autorizzare,927
concessione,927
somigliare,926
opporre,926
privatizzazione,926
deciso,926
assetto,925
debolezza,925
opportuno,924
esclusivamente,923
introduzione,923
ritmo,922
recitare,922
collocare,922
regno,922
completare,922
evidenza,921
capoluogo,919
erogare,919
permesso,917
inedito,917
ristrutturazione,916
buttare,916
depositare,916
fretta,915
hindi,915
educazione,914
autunno,913
commercio,912
sensibilità,912
durata,911
disoccupato,911
comandante,910
pareggio,909
coerente,909
profitto,909
registro,909
ambasciatore,909
agricoltura,908
carroccio,908
distribuire,907
obbligare,907
orientamento,907
contribuente,907
incidere,907
sorella,907
verbale,907
osservatore,907
populismo,907
arco,907
spiegazione,906
motore,906
sfuggire,905
conservare,905
dotare,905
beppe,905
guido,904
fiamma,903
farmaco,902
cooperativa,902
frequentare,900
determinazione,899
universale,899
condiviso,898
seduta,898
onorevole,897
poeta,897
sano,896
spinta,896
umanitario,895
esplosione,895
mangiare,893
autorizzazione,892
adulto,892
tradurre,889
leva,888
eroe,888
vacanza,888
capitalismo,888
difensore,887
occidente,887
opzione,887
jazz,887
caratteristica,887
reggere,886
investitore,886
tecnologico,885
prigioniero,885
oscuro,885
miglioramento,885
premiare,885
scoppiare,883
individuo,883
arcore,883
quindici,882
alea,882
finestra,882
vitale,881
valido,881
profondamente,880
istanza,880
olimpico,879
assicurazione,879
impiegare,879
vergogna,878
petrolio,877
pechino,876
rientro,876
identificare,875
sognare,875
aggravare,875
punta,875
alcun,873
rinnovamento,873
amicizia,873
conquista,872
coinvolgimento,872
prestare,872
attivare,870
aspettativa,870
efficienza,869
egiziano,867
blitz,865
illegale,865
efficacia,865
accendere,864
segretaria,864
portata,863
fotografia,862
redazione,862
dodici,861
basato,861
determinato,861
catena,860
inquietante,859
decisamente,858
aleme,858
lamentare,857
attuazione,857
orizzonte,857
villaggio,856
iraq,854
domiciliare,854
finanziaria,854
croce,854
spreco,854
scoperta,853
documentario,853
tasca,853
annullare,851
flusso,850
collaborare,850
precipitare,850
veloce,849
esecuzione,849
influenza,849
gridare,849
calciatore,849
viaggiare,848
totalmente,848
formale,848
espresso,847
letterario,846
rapidamente,846
bellezza,845
poltrona,845
dettare,845
studioso,844
aden,844
abbassare,844
istituire,844
piazzare,843
francescano,842
promozione,842
bush,842
colonnello,842
conseguente,842
comico,842
festeggiare,841
conservatorio,841
equilibro,840
album,840
smettere,839
giappone,839
intenso,838
romagna,837
brano,837
bimbo,836
orientare,836
espulsione,835
indirizzo,835
ricatto,835
angolo,834
sovrano,834
iter,834
novanta,834
haas,833
pubblicità,833
emma,833
risanamento,833
dinamica,832
maro,832
asta,832
spettatore,831
aggressione,830
infinito,830
mito,829
avventura,828
biologico,828
anticipato,828
inps,826
schermo,826
copia,826
metalmeccanico,826
ascolto,825
licenziamento,824
stasera,824
turchia,824
sciogliere,823
confederale,822
sconto,822
aeroporto,821
armare,821
severo,821
gioia,821
stringere,821
coltrone,820
indipendenza,820
percepire,819
brunetta,819
cairo,819
disperato,819
vincente,818
disegnare,818
sostanzialmente,817
congiunto,816
progressivo,816
sposare,816
esplodere,815
recentemente,815
mirare,815
cessione,813
tranquillo,813
elettorato,813
perso,813
incremento,813
colonna,813
damiano,812
competitivo,812
analizzare,811
mento,810
negozio,810
salto,809
sensibile,809
federico,809
strago,809
catania,808
fascicolo,808
fondato,808
tortura,808
repressione,808
stimare,807
cellula,807
interlocutore,806
seconda,806
bozza,806
brasiliano,805
mara,805
ditta,804
privilegio,804
sensazione,803
emissione,803
parziale,802
esplicito,802
impere,802
madrid,802
times,801
legislazione,801
mattinata,800
detenere,800
preoccupante,800
consistente,800
dominare,798
viale,798
disposto,797
contestazione,796
impressione,796
ordinare,796
celebrazione,795
calcolare,795
fondamento,794
residente,794
preventivo,794
social,794
uscente,793
gravità,793
abitare,793
onere,792
ridare,791
west,790
talk,789
complicato,788
insulto,788
striscia,788
scrittura,788
proroga,788
michael,787
sconfiggere,787
mirino,786
nuovamente,786
devastante,785
altezza,785
retribuzione,785
occupazionale,784
toro,784
cagliario,783
trascinare,783
simbolico,782
profugo,782
merce,782
meridionale,781
ballo,781
apag,781
mosca,780
esaminare,780
saldo,778
avanzato,777
iniziale,777
selezione,775
2002,775
accedere,775
abituare,775
lancio,774
bretagna,774
scomparire,773
tessuto,773
soddisfare,772
entusiasmo,772
estivo,772
ferire,772
indurre,771
commedia,771
berlusconi,771
prevenzione,771
scienziato,770
alitala,770
maglia,770
torre,770
frenare,770
strasburgo,768
piemonte,768
importare,768
superamento,768
miracolo,767
news,767
fisso,766
luciano,766
incerto,764
medesimo,764
sparire,764
praticare,763
gemino,763
pugliese,763
scadere,762
ovunque,762
incapace,762
migranto,761
anticipo,761
care,761
illusione,761
crollare,761
leonardo,759
biglietto,759
variabile,758
fazio,758
dittatura,757
figurare,757
pulito,757
sintesi,756
fratino,756
infanzia,756
montagna,756
visitare,756
stupire,754
esclusione,754
accelerare,754
bertoldo,753
sorgere,753
allenatore,753
virtuoso,752
filosofia,752
razzismo,752
cile,752
cella,752
effettivamente,751
prescindere,751
contrattazione,751
killer,751
apprendere,750
fascismo,750
desiderio,750
funzionamento,750
paolare,750
ucraina,750
precarietà,749
emozione,749
assalto,749
fantasma,748
barca,747
salvataggio,747
diplomazia,747
business,746
guglielmo,746
innovativo,746
enzo,746
appartamento,746
notevole,745
utente,745
rivelazione,745
virtù,745
terrà,745
novecento,744
rosario,744
nipote,744
separato,744
sancire,744
eletto,744
nazista,743
pilota,743
disciplinare,743
summit,742
possesso,742
ringraziare,741
direttiva,740
gamba,740
reparto,740
ideologia,740
relatore,739
juventus,738
ucraino,738
promotore,737
mossa,736
indirizzare,736
emergente,736
complice,735
seppure,735
sessanta,734
ridere,733
affitto,733
sfondo,732
conservatore,732
abolizione,732
professione,731
leggero,731
consulente,730
aldo,730
deserto,730
indice,728
sopravvivere,728
undici,727
documentare,727
tassazione,727
orrore,726
capello,726
expo,726
turismo,725
coda,725
rendita,725
cantante,725
sesto,724
sovranità,724
gentile,723
george,723
istat,723
talmente,723
palla,723
inaugurare,723
cnel,722
paradosso,722
originario,721
innocente,721
mosè,721
punire,721
madama,721
fragile,720
licenziamente,720
scheda,720
benzina,720
dopoguerra,719
dissenso,719
coerenza,718
correggere,717
circondare,717
parè,717
prete,717
ennesima,716
castello,716
percorrere,716
sisma,715
previa,715
maturare,714
suono,714
borsellino,714
twitter,714
detenzione,713
camorra,713
rimandare,712
andino,712
sacro,710
insediamento,710
interprete,710
comparto,710
questura,710
nessuna,709
pregiudizio,709
convivenza,708
damasco,707
calabrese,707
polemico,707
fronteggiare,706
maceria,706
settimanale,706
interrompere,706
capitano,706
cacciare,706
federica,706
buco,705
albergo,705
sopravvivenza,704
parità,704
gian,704
ragionamento,704
annuale,703
cassina,703
vertenza,703
adozione,702
scappare,702
danneggiare,702
scorta,702
match,702
emiliano,702
ferrara,702
cartone,701
incubo,701
compreso,701
alba,701
colosso,701
nico,700
socialdemocratico,700
eccesso,699
preliminare,698
estraneo,698
oscar,698
regalo,698
intitolare,697
esordio,696
finalizzare,696
reciproco,696
rito,695
rivoluzionario,695
semmai,695
domenico,694
personalmente,694
marcello,694
condivisione,694
computer,694
globalizzazione,693
elettronico,693
ritratto,692
separazione,692
talvolta,692
sponda,691
doloroso,691
cane,691
tariffa,691
analista,690
distruzione,690
sindacalista,690
sottrarre,690
medicina,689
ambizione,689
assurdo,688
creativo,688
mancino,688
onesto,687
giapponese,687
sorriso,687
osservazione,687
shock,687
proclamare,686
rassicurare,686
ostaggio,686
tavola,686
torinese,686
investigativo,686
rosà,686
abruzzo,685
semplificazione,685
bonus,685
pienamente,684
residenza,684
svelare,684
partigiano,684
rubrica,684
trasparente,682
spot,682
valorizzare,682
difficilmente,682
competente,682
tardo,681
nato,681
assente,681
vorrebbero,681
giancare,681
diversità,680
odio,680
transazione,680
esondato,680
elementare,679
replica,679
liquidità,678
piatto,678
contento,678
facilmente,678
correzione,678
apparato,678
declino,678
racing,678
mentale,677
affondare,677
imprenditoriale,677
composizione,677
panchina,677
approfittare,676
razzo,676
pallone,676
pontefice,676
pere,676
intelligenza,676
rigoroso,675
supporto,674
argentino,674
cena,674
precedere,674
quaranta,674
asse,674
organizzativo,674
orlare,674
mago,673
rafforzamento,673
sandro,673
simone,673
mobilitare,673
schifaco,672
ndrangheta,672
sparso,671
programmatico,671
bensì,671
nonno,671
martin,671
sara,670
soggiorno,670
indossare,669
parzialmente,669
danza,669
decadenza,668
prigione,668
conte,668
leone,668
tipico,668
impedimento,668
intercettare,667
eccezionale,667
stanziare,667
collegamento,667
reuters,667
uguaglianza,666
teatrale,666
diminuzione,666
possedere,666
intraprendere,666
grazia,665
gerusalemma,665
distinguere,665
unita,665
interrogativo,663
tutele,662
requisito,662
cinematografico,662
giulia,662
raid,662
striscione,661
edilizia,661
allestire,661
ossia,660
team,660
vantare,660
valentino,659
votazione,659
assegno,659
differente,658
robert,657
fuggire,657
ottimismo,656
scandale,656
lapresse,656
giacomo,655
core,655
figiano,654
street,654
confusione,654
comparire,654
cancelliero,654
organizzatore,653
diversamente,653
truffa,652
stefano,651
pane,650
riga,650
verdino,650
teso,650
delusione,649
prestigioso,649
riformare,649
cellulare,648
tradire,648
parecchio,647
fitto,647
annunciato,646
enter,646
compenso,646
coltivare,645
strappare,645
angelino,644
corrado,643
puntata,643
calendario,643
ambasciata,643
animo,642
equo,642
atro,641
monsignore,641
perplessità,641
saluto,640
replicare,640
abolire,640
conversazione,640
neve,640
hotel,639
city,638
affiancare,638
lacrima,638
pubblicitario,638
concezione,638
dottore,637
garante,637
protocollo,636
orgoglio,635
eterno,635
cancello,635
condotta,635
raro,634
eccellenza,633
circuito,633
performance,633
inflazione,633
cosentino,633
lusso,632
tarantino,632
accumulare,631
gallo,631
sfruttamento,631
comizio,631
massacro,631
temporale,631
settanta,630
convergenza,630
discesa,630
paul,630
costituente,630
elbana,629
pentito,629
tracciare,628
moda,627
status,627
delineare,627
inevitabilmente,626
diego,626
ferroviario,625
rubare,625
terapia,625
giustamente,625
tiro,624
terminare,624
libreria,624
testata,624
cicchetto,623
orientale,623
peccare,623
tranne,623
gigante,623
sperimentare,622
indebolire,622
contemporaneamente,622
ballottaggio,622
proporzionale,621
tuttora,621
assassino,620
gratuito,620
vocazione,620
amaro,620
ragionevole,619
approfondire,619
brillio,619
mestiere,618
bosco,618
falcone,618
centrista,618
climatico,618
cartello,617
ottanto,617
vicinanza,616
efficiente,616
paesaggio,616
primato,616
universo,616
monetiamolo,616
rita,615
latino,615
riparo,615
facoltà,614
sintonia,614
carne,614
premere,613
curioso,613
suicidio,613
contadino,613
inizialmente,612
morso,612
rivale,611
pistola,611
giardino,611
laprere,611
premessa,610
ragazzino,610
buio,610
salario,609
monatto,609
eredità,609
penalizzare,609
nobile,609
pino,608
provvedere,608
tunisino,608
dissidente,608
improbabile,607
consolidare,607
tangente,607
pressi,606
dimostrazione,606
tripolo,606
tricolore,606
pausa,605
mino,605
centrare,604
franceschino,603
spuntare,603
1994,603
kabul,603
riciclaggio,603
camerun,603
incendio,602
ferita,602
italo,602
consistere,602
panorama,602
turista,601
costoso,601
esubero,601
appartenenza,601
staff,601
profumo,601
girone,601
isolare,600
coro,600
fresco,600
archiviare,600
principe,600
wall,600
riva,600
carburante,599
perfettamente,598
firmatario,598
inghilterra,598
abel,598
contrapposizione,598
conco,597
consegna,597
audizione,597
sorridere,597
sporco,597
sorprendente,595
scambiare,595
accontentare,595
riformista,595
irpef,595
tone,595
secondario,595
schieramento,594
vito,594
cook,593
maschile,593
degno,593
burocratico,593
lavorativo,592
sovietico,592
banchiere,592
ricoprire,592
censura,592
pakistan,591
bando,591
obbligatorio,591
rappresentativo,591
sfilare,590
legittimità,590
accelerazione,590
mortale,590
lento,590
busta,590
esposizione,590
dormire,589
informatico,589
ingiustizia,589
aliquota,589
passeggero,588
visibile,588
papà,588
ahmadinejad,588
mirafiore,588
maggioritario,588
olandese,587
panno,587
privacy,587
moro,587
borghese,587
orchestra,587
irregolare,586
datore,586
pubblicamente,586
risarcimento,586
falco,586
magico,586
formulare,585
spiaggia,585
benessere,584
trasportare,584
fiction,584
rare,584
rispettivo,584
graziale,584
sostituto,584
ammontare,584
follia,583
meccanica,583
trama,582
indomani,582
rinnovabile,582
ripensare,582
accorgere,581
1993,581
strumentale,581
peggiorare,581
gusto,581
passera,580
albero,580
manutenzione,580
domandare,580
squilibrio,580
imbarazzo,579
anonimo,579
importo,579
concorrente,578
indennità,577
fantasia,577
siglare,577
alpi,577
sover,577
rassegna,576
mosso,576
padano,576
sottovalutare,575
ribasso,575
romani,574
chrysler,573
bianconero,573
prevedibile,573
tunisia,573
brescia,573
multa,573
andranno,572
appassionato,572
imputare,572
provocazione,571
frequenza,571
distinzione,570
disperazione,570
cervello,570
catastrofe,570
tentazione,570
irap,570
percezione,570
rappresentazione,570
scongiurare,570
consecutivo,570
massiccio,569
associare,569
aids,569
canone,569
ciad,569
peccato,568
ruota,568
piangere,568
rais,568
francesca,567
misterioso,567
probabilità,567
custodia,567
complicare,567
rimuovere,566
riempire,566
dente,566
modesto,566
gigantesco,566
psicologico,566
missile,565
convocazione,565
annuo,565
liminale,564
entità,564
esclusivo,564
mercedes,564
immaginario,564
caserma,563
peter,563
edilizio,563
virus,562
educativo,562
sebbene,561
pertanto,561
aggiuntivo,561
insostenibile,560
retorica,560
ramo,560
determinante,560
manuel,560
insegna,560
insufficiente,560
banditala,560
circolazione,560
mettare,559
scudetto,559
infiltrazione,559
partecipante,559
secco,559
pilastro,559
spezzare,558
abbracciare,558
ondata,558
spostamento,558
acquisizione,558
abbandono,558
distante,557
ricore,557
sospettare,557
seriamente,557
finta,557
spunto,556
ripristinare,556
kiev,556
martino,555
ovvio,555
realmente,555
quesito,555
ordinamento,555
sorveglianza,554
disabili,554
severino,554
aggredire,553
suolo,553
donare,553
governana,553
cancellazione,553
esibire,552
normativo,552
pranzo,551
certificare,551
sfiorare,551
deluso,551
rigido,550
pazienza,550
esplosivo,550
necessariamente,550
burocrazia,550
minorenne,549
curva,549
splendido,549
fango,549
metropolitano,548
costruttore,548
binario,548
aggirare,547
nudo,547
estremamente,546
vestire,546
duemila,546
piegare,546
aborto,546
carbone,546
bolognese,545
1992,545
logico,544
ironia,544
editoria,544
attaccante,544
apparentemente,544
emilio,543
camminare,543
isolato,543
veicolo,543
riservato,543
telecamere,543
chance,543
ingegnere,542
corea,542
erede,542
indeterminato,542
pratico,542
rommel,542
integrare,541
convenire,541
populista,541
scommessa,541
bocciatura,541
brandello,541
progettare,541
elicottero,540
vivare,540
iscrizione,540
testamento,540
cautelare,540
allungare,540
aggiornare,540
prevalere,539
jolly,539
ispettore,539
medaglia,539
coincidere,539
solitudine,539
terroristico,539
daniela,538
arricchire,538
clinton,536
scatto,536
lutto,536
luna,536
temporaneo,535
adeguare,535
costruttivo,535
messina,534
tregua,534
diseguaglianza,534
verdetto,534
oppositore,533
james,533
penitenziario,533
estremista,533
solidale,533
capigruppo,533
frattura,532
innescare,532
islam,532
fumetto,532
traduzione,532
mero,532
carenza,532
incrociare,532
ambizioso,532
salvaguardare,532
real,531
seguedallaprima,531
consulenza,530
tempesta,530
tacere,530
complotto,530
pugno,530
limitato,529
google,529
calcolo,529
nubi,529
black,529
torneo,529
petrolifero,528
atleta,528
intervistare,528
corrotto,528
direttivo,527
catturare,527
infophoto,527
rinnovato,526
traguardo,526
strettamente,526
successore,525
regina,525
sfera,525
seguente,524
vendetta,524
ginevra,524
lordo,524
ricercare,524
moltiplicare,523
impostare,523
barriera,523
proiezione,523
luisa,523
terrore,522
obiezione,522
cessare,522
ateneo,522
viceministro,522
pesce,522
duramente,521
ampiamente,521
lucia,520
approdare,519
fumo,519
ventennio,519
occupato,518
coinvolto,518
stefania,518
messico,518
ostile,518
cautela,518
immenso,518
venere,518
benché,518
atene,518
previsto,517
intrecciare,517
incapacità,517
galleria,517
sappia,517
paradossale,517
scossa,517
estensione,516
rumore,516
conseguire,516
finalità,516
centralità,516
confessare,516
modernità,516
marine,515
riscontro,515
ministeriale,515
previdenziale,515
sostenibilità,515
ristorante,514
trans,514
word,514
telefonare,514
fénis,514
grido,513
paradiso,513
gettito,512
jean,512
eccellente,512
agitare,512
campano,512
operato,511
perugia,511
rivendicazione,511
maggiormente,511
ferraro,511
flavio,511
ferrovia,511
party,511
spedire,511
scritta,510
parametro,510
meccanico,510
apertamente,509
asia,508
nazareno,508
addosso,508
bere,508
strappo,507
riscatto,507
domestico,506
destinazione,506
davide,506
offensiva,505
impostazione,505
accettabile,505
animare,505
scioglimento,505
registrazione,505
vire,505
sbloccare,505
liceo,505
invisibile,504
semestre,504
cerca,503
veto,503
valorizzazione,503
oggettivo,503
casta,503
monito,503
esatto,502
connesso,502
successivamente,502
esplicitamente,502
tessera,502
versante,502
drastico,502
esemplare,502
prelievo,501
carro,501
bipolarismo,501
bufera,500
segnalazione,500
atomico,499
esperimento,499
salerno,499
connazionale,499
esportazione,499
tipologia,499
alessandra,499
perquisizione,499
ovest,498
sbarcare,498
programmazione,498
distretto,498
dolce,498
solare,497
biblioteca,497
iracheno,497
indignazione,497
profondità,497
comma,496
bombardamento,496
svedese,496
oramai,496
gianno,496
mostro,496
lobby,496
ristretto,496
ocse,495
finocchiaro,495
sottile,495
affacciare,495
eliminazione,495
svolgimento,494
sopportare,494
suicida,494
stretta,494
raffaele,494
milionario,494
dittatore,493
passivo,493
frode,493
adolescente,493
assolvere,493
narrazione,493
pressing,493
cuneo,493
bell,492
ansare,492
concorrere,492
spettro,492
complessità,492
alfonso,491
salvaguardia,491
tossico,491
ratzinger,491
funzionale,491
preparazione,491
unicredit,490
ricoverare,490
giurare,490
scorrere,490
rossonero,490
rinuncia,490
regolarmente,490
abitudine,490
open,489
bagno,489
export,489
filone,489
errace,488
collo,488
privare,488
milizia,488
scommettere,488
tumore,488
jeans,488
distacco,487
tenda,487
maschio,487
unanimità,486
misto,486
sapore,486
diare,486
rubricare,485
cast,485
seme,485
toga,485
animato,485
uccisione,485
difetto,485
inseguire,485
indiretto,484
dinamico,484
prato,483
livorno,482
giornalistico,482
protetto,482
integrazionere,482
hitler,481
cassino,481
etnico,481
congelare,481
mensile,481
professionalità,481
cosca,481
filosofo,480
cuba,480
procurare,480
trionfo,480
prostituzione,480
riorganizzazione,480
precedenza,480
interrogazione,479
rapire,479
augurio,479
predecessore,479
repertorio,479
mondatore,479
coincidenza,479
bilaterale,479
siro,479
barboso,479
smentita,479
imminente,479
mazzino,479
resta,479
berlinga,479
fusione,478
clinica,478
stabilizzazione,478
confederazione,478
metafora,478
consigliare,478
made,478
congressuale,478
teorico,478
ridicolo,477
tore,477
campiona,477
eros,477
vergognoso,476
genoa,476
insegnamento,476
interamente,475
anzitutto,475
sbarco,475
garzai,475
singolare,475
polverini,475
detrazione,475
lesione,474
prefettura,474
ansia,474
boom,473
lago,473
pole,473
botta,473
resa,473
ciancio,473
sperimentazione,473
trappola,473
qualora,473
discarica,473
ricavare,472
1999,472
michela,472
edile,472
incaricare,471
negoziare,471
respiro,471
contabile,470
fornitura,470
schiacciare,470
intensità,470
escore,470
extra,469
competere,469
costume,469
generoso,469
località,469
ventina,468
prestigio,468
calabrio,468
virtuale,467
capisco,467
favola,467
compagna,467
scontato,467
riflettore,467
angeles,467
salvezza,467
serra,467
cemento,466
concepire,466
inviato,466
disuguaglianza,466
pulizia,465
verona,464
eurodeputato,464
giovare,463
portiere,463
selezionare,463
residuo,463
rassicurazione,463
evasore,463
stallo,463
compact,463
incisivo,462
golfo,462
rialzo,462
motivare,462
vetro,462
ridotto,462
staccare,461
scivolare,461
elaborazione,461
derby,461
anomalia,460
mohamed,460
fidanzato,460
cancro,460
impiegato,460
ferdinare,460
identificazione,459
aires,459
nozza,459
bersane,459
serbo,459
delibera,459
notturno,459
turistico,458
ricadere,458
arbitro,458
processuale,458
veste,458
spaventare,457
maturo,457
scapola,457
pluralismo,457
architettura,457
belgio,457
laurare,456
offendere,456
margherita,456
irresponsabile,456
liquidare,456
superenalotto,455
narrativo,455
holding,455
trascurare,455
dominante,455
proiettare,454
compatibile,454
formalmente,454
onorare,454
atmosfera,453
adatto,453
gravare,453
guadagno,453
chiamata,453
unger,452
liberal,452
contrazione,452
abbraccio,452
mohammed,452
mappa,451
compatto,451
frequente,451
fidare,451
andere,451
guardasigilli,451
montare,450
meta,450
asiatico,450
ridimensionare,450
patologia,450
fiera,450
provento,450
riproporre,450
sacrificare,450
intreccio,450
silvia,449
pastore,449
automobile,449
gesù,449
scoperto,449
influenzare,449
gestore,449
laura,449
automatico,449
cieco,448
forzare,448
architetto,448
ebbene,447
invasione,447
attimo,447
condannato,447
citazione,447
spia,446
provvisorio,446
consorzio,446
filmato,446
francere,446
comprensibile,445
irregolarità,445
scettico,445
documentazione,445
esposto,445
2020,445
astensione,444
alca,444
ostacolare,444
prevalente,444
convincente,444
dinanzi,444
ottimista,443
continuamente,443
superstar,442
mutui,442
scia,442
disastroso,442
emanuele,442
piso,441
veltrone,441
socialismo,441
sant',441
pasolino,441
infilare,441
persecuzione,441
miglio,441
scandire,441
eliseo,441
squinzi,441
bancarotta,440
instabilità,440
caffè,440
spaccare,440
sistematico,440
sostituzione,440
lineare,440
radicare,439
week,439
indignare,439
paletto,439
confondere,438
ricominciare,438
mescolare,438
richard,438
conferire,437
comodo,437
pesantemente,437
corridoio,437
miseria,437
patron,436
feroce,436
caricare,436
velo,436
rilevanza,435
bersaglio,435
amante,435
dominio,435
contempo,435
picchiare,435
sonoro,435
privilegiare,434
vasco,434
olanda,434
sudan,434
moschea,434
nascosto,434
mandolino,434
leale,434
invadere,433
purché,433
toscana,433
potenzialità,433
valerio,433
duecento,433
confidare,433
credento,433
fetta,432
rota,432
pasquale,432
perizia,432
stalin,432
bergamo,432
furto,432
elencare,431
difensivo,431
vendola,431
podio,431
foglio,431
rogo,431
settimo,430
libano,430
indifferenza,430
gravissimo,430
dialogare,430
abito,430
pompeo,430
umore,429
siccome,429
delegare,429
qualificazione,429
sommare,429
scherzare,428
rocco,428
inquinamento,428
meraviglioso,427
ferrare,427
permanenza,427
riad,427
elena,427
relativamente,427
fiato,427
seguedallaprimo,427
discontinuità,426
gerarchia,425
affidamento,425
inferno,425
normalità,425
illegittimo,425
ales,425
nutrire,424
agostino,424
incoraggiare,424
ginocchio,424
brav,424
dino,424
sponsor,424
facilitare,424
irlanda,424
cucco,424
alloggio,423
offensivo,423
statistica,423
conclusivo,423
allievo,422
creatività,422
freno,422
prevenire,422
generico,422
cassare,422
esaurire,422
renzo,421
rilascio,421
palestina,421
dispositivo,421
copertina,421
ascesa,421
tennis,421
parete,421
gradire,421
parallelo,421
ucciso,420
cone,420
specialmente,420
magistere,420
razzista,419
superficie,419
inquilino,419
einaude,418
specchio,418
padova,418
filiera,418
intervenere,418
riformatore,418
wikileaks,418
alema,417
osservatorio,417
artigiano,417
specializzato,417
palese,417
sapienza,416
orgoglioso,416
fotografo,416
matto,416
disinvesta,416
pazzo,415
lieve,415
desiderare,415
nino,415
attirare,415
impero,415
stimolare,415
pessimo,415
minare,415
accreditare,415
laurea,414
sere,414
pozzo,414
optional,414
portogallo,414
inserimento,414
genovese,414
formativo,413
degrado,413
caines,413
raddoppiare,413
capolavoro,413
genetico,413
impegnativo,413
tappeto,413
arrestato,413
laddove,412
homo,412
indifferente,412
olio,412
osare,412
verrebbe,412
ampliare,412
ultra,412
autobus,412
greta,412
1996,411
flessione,411
controverso,411
respirare,411
curiosità,411
raere,411
giornalismo,411
padana,411
danielare,411
ispirazione,411
controllato,410
culto,410
alunno,410
mantenimento,410
bolletta,410
coniugare,410
ansiolitico,410
brillante,409
beneficiare,409
combinare,409
vigilare,409
banale,409
adda,409
mina,408
replico,408
tires,408
preghiera,408
doveroso,408
fama,408
star,408
atteso,408
stanco,408
marginale,408
rassegnare,408
agevolazione,408
labor,408
varo,408
tabù,408
salariale,407
soddisfatto,407
successione,407
pensionistico,407
riflesso,407
prudenza,407
cricca,407
clausola,407
lagnasco,406
informativo,406
raniero,406
sequenza,406
epocale,406
rotto,406
sarkozy,406
odierno,405
leccia,405
furia,405
consultare,405
autostrada,405
apprezzamento,405
indicatore,405
stradale,405
gennaro,405
obbiettivo,405
tesoriere,405
serietà,404
combattente,404
diario,404
monaco,404
rallentare,404
gravemente,404
deriva,404
pisa,404
lisbona,403
hacker,403
divisa,403
flessibile,403
niger,403
processare,403
omar,403
rendimento,403
felicità,403
vaglio,403
accademico,403
belga,402
stro,402
puntuale,402
voltare,402
cristo,402
riconducibile,402
berlusconare,401
giovanne,401
erodere,401
fedeltà,401
espansione,401
rispettivamente,401
legno,401
ripetuto,401
raccomando,401
blindato,400
ammazzare,400
miglior,400
avanguardia,400
aviare,400
anarchico,400
arcivescovo,399
ostilità,399
variazione,399
terno,399
barcellona,399
vigente,399
polacco,399
intimo,399
tredici,398
polonia,398
penisola,398
tollerare,398
palo,398
tradimento,398
indizio,398
biografia,398
allegri,398
miliziano,398
licenza,398
restrittivo,398
ottavo,398
serenità,398
simpatia,397
colposo,397
argentina,397
invenzione,397
razziale,397
lucio,397
hillary,396
collasso,396
provenienza,396
reclusione,396
complicità,396
lucido,396
immunità,396
tuta,396
solamente,396
campidoglio,396
autoritario,395
spirituale,395
boccia,395
preannunciare,395
sollecitazione,395
sasso,394
lascare,394
qualificato,394
1997,394
slittare,394
1995,394
azzardo,394
prode,394
largamente,394
autorevolezza,394
prioritario,394
marca,394
patrizia,394
naso,393
rapina,393
passere,393
trapelare,393
lupi,393
manchester,393
trasversale,393
ossessione,393
leggio,393
scaturire,393
dicastero,393
viso,392
scavare,392
attestare,392
1998,392
geografico,392
pippo,392
scotto,392
avvenere,392
isolamento,392
forzato,392
nido,392
dannoso,392
dispetto,392
restauro,391
sacco,391
imbarazzante,391
assegnazione,391
cerchio,391
portafoglio,390
creatura,390
olimpiade,390
rinascita,390
informale,390
intermedio,390
monitoraggio,390
precisione,390
vincolare,389
municipio,389
abusivo,389
depressione,389
gino,389
colmare,389
levare,389
silenzioso,388
biennale,388
concretamente,388
devastare,388
temperatura,388
pressoché,388
rovesciare,388
vizio,388
molteplice,388
massimiliano,388
casuale,388
gazebo,388
spendine,388
assunto,387
stupro,387
salotto,387
complessivamente,387
quotidianamente,387
default,387
rifugiare,387
azzerare,386
ingente,386
ivan,386
fatturato,386
nostalgia,386
riscontrare,386
tributario,386
programmare,386
liquido,385
quartier,385
oscurare,385
volontariato,385
spazzare,384
blindare,384
aggressivo,384
mutamento,384
esaltare,384
inverno,384
junker,384
pretesa,383
vespa,383
abruzzese,383
giustificazione,383
elio,383
pisano,383
ribaltare,383
presidenzialismo,383
liberamente,382
approfondimento,382
bugia,382
urlare,382
incalzare,382
nettamente,382
league,382
manzone,382
fastidio,381
collettività,381
bocchino,381
certificato,381
commissariamento,381
scatola,381
inversione,381
bicameralismo,381
sinistro,380
gramscere,380
blues,380
palma,380
dimostrante,380
gola,380
folle,380
confuso,380
cecilia,380
archeologico,380
automobilistico,379
sale,379
campana,379
cima,379
casello,379
aquilano,379
pirata,379
miliardario,379
dipingere,379
mica,378
assassinio,378
punizione,378
biennio,378
leggenda,377
mitico,377
laicità,377
bresso,377
staminale,377
mutare,377
mollare,377
concordia,377
rimedio,377
omofobia,377
itala,377
canada,377
invertire,377
curia,377
rimozione,376
somalia,376
comprensione,376
foresta,376
impossibilità,375
roba,375
dimezzare,375
libanese,375
barricata,375
scarpa,375
fotografare,375
centesimo,375
australia,375
apparso,375
dicare,375
monitorare,375
assicurativo,374
perduto,374
meraviglia,374
reperire,374
ulivo,374
marcare,373
fornitore,373
sedici,373
divorzio,373
sigle,373
amman,373
darè,373
commerciante,373
palermitano,373
radicalmente,373
espulso,372
paragone,372
colpe,372
1980,372
rifare,372
picco,372
circoscrizione,372
dante,372
disperso,371
decretare,371
giuria,371
sprecare,371
contributivo,371
accademia,371
fascino,371
risiedere,371
artificiale,371
rifugio,370
viola,370
rimarcare,370
fazione,370
costrette,370
spontaneo,370
fortunato,370
interruzione,370
agevolare,370
graziano,370
bengase,370
seppellire,369
time,369
pianta,369
tunnel,369
formidabile,369
lotto,369
specificare,369
millennio,369
positivamente,369
trentina,369
dottrina,369
attribuzione,369
menta,369
combattimento,368
palcoscenico,368
tremare,368
incomprensibile,368
mail,368
cronista,367
ricaduta,367
puntano,367
periferico,367
costantemente,367
indebitamento,366
seno,366
sfollato,366
clinico,366
gaetare,366
acuto,366
ironico,366
mini,365
colonia,365
faro,365
commissariato,365
concentrazione,365
scontrare,365
trattenere,365
anemone,365
sedia,364
utilità,364
arrendere,364
vladimir,364
indotto,364
allenare,364
anello,364
nasa,364
impulso,364
certificazione,364
raccomandazione,363
ripercussione,363
insediare,363
speculativo,363
svezia,363
tare,363
tommaso,363
disordine,363
caterina,363
commentatore,363
ricevuto,363
cantone,363
esilaro,362
monumento,362
gravidanza,362
dispiacere,362
genio,362
idrico,362
martini,362
scioperio,362
popolarità,361
selvaggio,361
maturità,361
emanare,361
implicare,361
marone,361
nicolo,361
scissione,361
incentivare,361
graduatoria,361
veleno,360
jack,360
bara,360
allarmante,360
lira,360
camion,360
inetto,360
vivente,359
assoluzione,359
grigio,359
inaugurazione,359
delinquere,359
illegalità,359
nicolas,359
rango,358
ottocento,358
paradossalmente,358
astenere,358
bolla,358
cuccio,358
avvenimento,358
restere,358
debutto,358
rata,358
ordigno,357
raggio,357
calma,357
colosseo,357
apposito,357
1990,357
improvvisamente,357
legittimazione,357
cugino,357
referendario,357
asso,357
thomas,357
cordoglio,356
elegante,356
compleanno,356
prassi,356
osso,356
regio,355
assistente,355
gatto,355
progressivamente,355
beffa,355
poetico,355
rapimento,355
pedofilia,355
ecologico,355
magnifico,355
apporto,354
pellegrino,354
brigata,354
andrebbero,354
saint,354
fattura,354
conduttore,354
abdul,354
spina,354
conversione,354
tsunamo,354
1989,353
terremotato,352
appendere,352
biparto,352
nerazzurro,352
ugualmente,352
illuminare,352
dico,352
sistemare,352
adattare,352
realistico,352
contattare,352
beppa,352
basar,352
contingente,351
esistente,351
insopportabile,351
equivoco,351
saba,351
stipulare,351
svuotare,351
panico,351
sudafrica,351
emittente,350
storicamente,350
confessione,350
fotografico,350
imboccare,350
daniele,350
pittore,350
ignoto,349
erogazione,349
profilare,349
ansa,349
tattico,349
constatare,348
barcone,348
offesa,348
bacino,348
gloria,348
round,348
principalmente,348
pregare,348
limitazione,348
sperimentale,348
dipendenza,348
sanremo,348
quagliarcelo,348
brutale,347
cimitero,347
insorto,347
retorico,347
salita,347
ammissione,347
dignitoso,347
finanziere,347
letteralmente,347
custode,347
monza,347
etichetta,346
agguato,346
golpe,346
ambiguità,346
dirigenza,345
criticità,345
ossigeno,345
scosso,345
vadano,345
ballare,345
irruzione,345
incrementare,345
assassinare,344
colui,344
management,344
amarezza,344
recepire,344
liguria,344
articolato,344
contrapposto,344
autopsia,343
integrato,343
telefilm,343
integrale,343
letizia,343
corrispondente,343
tribuna,343
bonifica,343
deludere,343
declinare,343
amianto,343
attenere,342
compensare,342
argento,342
dritto,342
telecamera,342
pero,342
fiorone,342
disprezzo,342
fantastico,342
pescatore,342
fran,342
civato,342
tomba,341
agricoltore,341
emotivo,341
alfredere,341
vettura,341
razza,341
impronta,341
listino,341
reintegro,341
italica,341
contrarietà,340
leghisto,340
cattura,340
rinchiudere,340
daniel,340
compositore,340
miniera,340
batteria,340
emerso,339
altronde,339
concilio,339
baratro,339
cucina,339
inno,338
intere,338
esploso,338
proiettile,338
ricave,338
contenzioso,338
convivere,338
moretti,338
rassicurante,338
batte,338
casalese,338
contorno,337
antonello,337
nardo,337
grand,337
quadrato,337
anticipazione,337
irlandese,337
impensabile,337
stampo,337
linguistico,337
acciaio,337
mediante,337
impressionante,336
lite,336
melfi,336
maddalena,336
bendame,336
oceano,336
seminario,336
investa,336
prelevare,336
visibilità,336
orizzonto,336
generazionale,336
concussione,336
lager,335
latitante,335
ottica,335
diffidenza,335
neonato,335
supportare,335
narrare,335
correttivo,335
stimolo,335
marare,335
pullman,335
fragilità,335
tributo,335
intenzionato,334
socialmente,334
comandare,334
presidiare,334
catalogo,334
auspicabile,334
ripristino,334
schiavo,334
sconvolgere,334
aspirazione,334
correttezza,334
togliatto,334
richiedente,333
lupo,333
salone,333
identico,333
peggioramento,333
mega,333
escalation,333
biotto,333
bavaglio,333
serbia,333
ornerare,333
altamente,332
penna,332
auditorium,332
esortare,332
sonno,332
precipitazione,332
broglio,332
valeria,332
polvere,332
tony,332
carceraglio,332
cortile,332
france,332
danese,332
collocazione,332
sessione,332
riesame,332
uovo,332
grandezza,331
incostituzionale,331
impunità,331
loggia,331
force,331
riconquistare,331
mira,330
muto,330
baffo,330
trieste,330
schieramente,330
giurista,330
loris,330
abile,330
tassare,330
maschera,330
esigere,330
nuvolosità,330
arginare,330
saul,330
divario,330
tocchare,330
ratificare,329
piazzale,329
lama,329
prevalentemente,329
provengano,329
volte,329
maternità,329
comunismo,329
gioventù,329
donazione,329
cisgiordania,328
fecondazione,328
embrione,328
laureato,328
altrui,328
dotazione,328
macchia,328
castro,327
fiducioso,327
compravendita,327
aspirare,327
cavalcare,327
cameron,327
destinatario,327
concertazione,327
legittimare,326
regimo,326
ritrovato,326
sconosciuto,326
camicia,326
duello,326
surreale,326
aprir,326
dote,325
nere,325
orlo,325
borgo,325
svegliare,325
meeting,325
lealtà,324
scagliare,324
riapertura,324
accennare,324
berto,324
idoneo,324
discutibile,324
egiziare,324
rischioso,324
autista,324
governabilità,324
tratta,323
riposo,323
confiscare,323
scarto,323
sosta,323
problematico,323
inquadrare,323
ticket,323
consolidamento,322
direttrice,322
reclamare,322
divertire,322
ronda,322
fontano,322
moratoria,322
amelio,322
1991,321
vedova,321
eugenio,321
hard,321
esilio,321
intollerabile,321
ecclesiastico,321
dovuto,321
fatale,321
crimea,321
agiresta,321
conta,320
clandestinità,320
abdullah,320
faccenda,320
timido,320
fallimentare,320
estorsione,320
matrice,320
gemello,320
carolino,319
riducere,319
stragrande,319
frammento,319
sbarra,319
antitrust,319
finto,319
onestà,319
municipale,319
francamente,319
svalutazione,319
liberista,319
prospettare,319
rilevazione,318
indirettamente,318
telecomunicazione,318
gabriella,318
durezza,318
spettacolare,318
imposizione,318
pancia,318
revocare,318
matematica,318
dialettica,318
stereotipo,317
infortuno,317
eventualità,317
letta,317
casco,317
inesistente,317
soffocare,317
duomo,317
armala,317
eventualmente,317
dipinto,316
viceversa,316
scomodo,316
fermezza,316
marketing,316
prevalenza,316
canadese,315
stupefacente,315
bach,315
diviso,315
sanguinoso,315
governante,315
contenimento,315
capitolino,315
cornice,315
nare,315
bandista,315
inquinare,315
sunnito,315
alaska,315
lente,315
scuotere,315
file,315
esportare,314
iris,314
semifinale,314
navale,314
contestato,314
circo,314
contagio,314
raggiungimento,314
sconfitto,314
raccolgere,314
auspicio,314
geniale,314
piemontese,314
gabinetto,314
ettore,314
gioiello,313
orecchia,313
alai,313
livo,313
riparare,313
accentuare,313
restrizione,313
collaterale,313
redistribuzione,313
paragonare,313
cristina,313
suggerimento,313
vassallo,313
intestare,313
smantellare,312
maestra,312
traù,312
elegger,312
sinora,312
societario,312
faticoso,312
avre,312
ultimatum,312
chelsea,312
apprestare,312
contraddittorio,312
paralizzare,312
pasticcio,312
terapeutico,312
realismo,311
distinto,311
associato,311
saudito,311
pellicola,311
manuale,311
ciro,311
ansiolitica,311
integrativo,311
potenzialmente,311
situare,310
prudente,310
anzianità,310
hollywood,310
stesura,310
chiacchiere,310
reduce,310
martire,310
decisionale,310
galdine,310
antifascista,310
smontare,310
lecito,310
cognome,310
maratona,310
connessione,310
extracomunitare,309
qualificare,309
quotazione,309
versamento,309
astratto,309
assunta,309
antonella,309
abusare,309
incentrare,309
tura,309
gabriel,309
disturbo,308
pattuglia,308
legislatore,308
consistenza,308
passaporto,308
digos,308
regiare,308
aggiornamento,308
fedelissime,308
questore,308
carcerario,308
christian,308
bonn,308
liberismo,308
bonino,308
imponente,307
statua,307
arrivere,307
suggestione,307
deputata,307
rifondazione,307
pierluigi,307
capannone,307
andre,307
innocenza,307
bloccato,307
rendiconto,307
alpino,307
gamma,307
assedio,307
paluzza,307
basilica,306
pendere,306
stagionale,306
rizzo,306
accrescere,306
commessa,306
sollievo,306
malessere,306
proponere,306
europeista,306
taino,306
torto,306
jackson,306
pasqua,306
alibi,306
tremila,306
sussidio,306
frank,305
parecco,305
tenore,305
bollettino,305
pcio,305
vorremmo,305
spada,305
intuire,305
alleare,305
bottiglia,305
convention,305
riformismo,305
protagonismo,304
adriare,304
foro,304
gregorio,304
sportello,304
istante,304
innalzamento,304
largho,304
texas,303
ridosso,303
capolista,303
sommerso,303
latore,303
prolungare,303
esibizione,303
basket,303
generosità,303
previdenza,303
rimino,303
joseph,303
precariato,302
filtrare,302
smaltimento,302
nelson,302
bilico,302
forzatura,302
ristabilire,302
stampare,302
vino,302
eguaglianza,302
salma,301
sintomo,301
vestito,301
valanga,301
graduale,301
mattarello,301
decennale,301
avis,301
feltro,300
cappellaccio,300
pietà,300
ugoo,300
sbocco,300
flop,300
solco,300
configurare,300
udinese,300
kennedy,300
conservazione,300
camus,300
portatore,299
tonnellata,299
arsenale,299
mere,299
convenienza,299
sentiero,299
baghdad,299
atlantico,299
varese,299
condono,299
imbarcazione,298
titto,298
scalo,298
bare,298
alex,298
vigere,298
ideare,298
riconfermare,298
fano,298
nebbia,298
assorbire,298
slancio,298
mourinho,298
collina,298
tassello,298
sbarramento,298
filosofico,298
immobilizzazione,298
tode,297
insultare,297
razionale,297
comincare,297
barba,297
scacco,297
buffo,297
esposta,297
satellite,297
perdare,297
prescrivere,297
riconciliazione,297
fibrillazione,297
serale,297
barese,297
bicicletta,296
modernizzazione,296
privilegiato,296
incarnare,296
essenzialmente,296
colombo,296
malumore,296
liste,296
scrupolo,296
pasto,296
gala,295
supermercato,295
detto,295
sore,295
vado,295
farmacia,295
aptero,295
omosessualità,295
ricambio,295
pretesto,295
ammonire,295
istanbul,295
somale,295
differenziale,295
uscere,295
apparenza,295
regolamentare,295
bernardo,295
confiscato,295
azionario,295
ferrante,295
rovina,294
postale,294
azzardare,294
austriaco,294
reporter,294
gratis,294
intimidazione,294
divertente,294
annotare,294
pore,294
cedimento,294
diagnosi,294
proporzione,294
brillino,294
spendino,294
regolazione,293
esistare,293
apparente,293
innamorare,293
piega,293
modena,293
concordato,293
lino,293
avvisare,293
deliberare,293
attingere,293
tolleranza,293
choc,293
giornare,292
collezione,292
irrisolto,292
presta,292
grafico,292
romania,292
modulo,292
influire,292
scoppio,292
scrivania,292
nazionalità,292
servirebbe,292
mutuo,292
bolerino,292
regolamentazione,292
2016,292
bilancia,292
crudele,291
soffermare,291
aspirante,291
california,291
duplice,291
velocemente,291
gene,291
introdotto,291
umiltà,291
sopravvissuto,291
umiliare,291
sottoscritto,291
facere,291
olinto,290
pasta,290
bard,290
ceco,290
leggerezza,290
sintetizzare,290
albanese,290
pillola,290
preservare,290
massacrare,290
avanzo,290
approdo,290
spirale,290
spare,289
giallorosso,289
parabola,289
international,289
seguace,289
odiare,289
marto,289
mora,289
gelo,289
accomunare,289
derivato,289
girolamo,289
rimediare,289
riaffermare,288
laureare,288
cupo,288
stanziamento,288
sabbia,288
fausto,288
marx,288
boccone,288
consolidato,287
tendopolo,287
entusiasta,287
agnello,287
acme,287
travaglio,287
penare,287
pesantissimo,287
amnesty,287
sigla,287
borghesia,287
intuizione,287
ingiusta,287
equilibrato,287
denatura,287
smartphone,287
stabilizzare,286
respingimente,286
sanpaolo,286
volentieri,286
lirico,286
fische,286
tempio,286
arrabbiare,286
prof,286
chiarimente,286
alice,286
gomma,286
raffinato,286
eversivo,286
ripensamento,286
spaziale,286
contendere,286
pool,286
colpito,285
drammaticamente,285
amato,285
ispezione,285
como,285
affluenza,285
schiaffo,285
sulcis,285
arena,285
infrazione,285
diciotto,285
cremlino,285
cappello,284
penato,284
odore,284
psichiatrico,284
totò,284
amministrare,284
brare,284
assistito,284
yemen,284
europarlamentare,284
confluire,284
ruotare,284
sars,283
ricorrente,283
fassino,283
tornata,283
rettore,283
triennio,283
petizione,283
senese,283
ergastolo,283
ciampo,283
tabella,283
avvalere,282
sventolare,282
cancelliere,282
cooperativo,282
chiarimento,282
colomba,282
valenza,282
sotterraneo,282
differenziare,282
assise,282
champions,282
omonimo,282
incompatibile,282
quorum,282
montiano,282
troia,282
pirello,282
predisporre,281
aviv,281
sacerdote,281
promesso,281
somigliano,281
adoperare,281
contante,281
visco,281
ribellione,281
installazione,281
condivisibile,281
dismissione,280
rurale,280
stime,280
affascinare,280
enfasi,280
condizionamento,280
cauto,280
scandaloso,280
chitarra,280
imprevedibile,280
vangelo,280
sospeso,280
pittura,280
alluvione,280
educare,279
colossale,279
carceragli,279
edire,279
plastica,279
rispostare,279
laziale,279
scuro,279
down,279
erra,279
restituzione,278
mediare,278
messicano,278
renato,278
giampaolo,278
elevare,278
gabbia,278
articolare,278
seminare,278
lentamente,278
albo,278
mensa,278
perimetro,278
dono,277
censo,277
augusto,277
sbattere,277
amnistia,277
solitario,277
destare,277
visitatore,277
massima,277
rissa,277
negoziale,277
compromettere,277
dettagliato,277
incognita,277
ereditare,277
querela,277
adeguamento,276
afghanistano,276
infuriare,276
gand,276
aderente,276
reportage,276
rimarre,276
demagogia,276
cosi,276
soffiare,276
spinto,276
telefonino,276
schiavone,275
alemanno,275
ripercorrere,275
volle,275
patù,275
irrinunciabile,275
marocchino,275
alare,275
indetre,275
accaduto,275
mediatore,275
nigeria,275
pregiudiziale,275
nesso,275
australiano,274
piombo,274
hezbollah,274
concittadino,274
rovinare,274
usufruire,274
nastro,274
stupore,274
recessivo,274
inequivocabile,274
apportare,273
chio,273
manganello,273
custodire,273
ragazzine,273
logo,273
taglia,273
oblio,273
martina,273
vergognare,272
espellere,272
coltello,272
storo,272
applaudire,272
scalata,272
bretagnare,272
malare,272
fulvio,272
espansivo,272
fingere,271
crown,271
trento,271
decimo,271
sordo,271
tokyo,271
rimarca,271
scusare,271
nervoso,271
romeo,271
concentrato,271
interdizione,271
pescare,271
ignoranza,271
votante,271
madonna,271
moralità,270
delia,270
convoglio,270
significhere,270
naufragio,270
favoreggiamento,270
calcole,270
latte,270
settentrionale,270
ultras,270
intravedere,270
londinese,270
ambientalista,270
semplificare,270
proibire,269
board,269
gianluca,269
disertare,269
innalzare,269
laburisto,269
atipico,269
busi,269
scetticismo,269
paradigma,269
cassetto,269
sismico,269
baldaccio,269
violante,268
caritas,268
acceso,268
fico,268
pidere,268
bersone,268
spinello,268
brindisi,268
esenzione,268
bollando,268
raccomandare,267
diecimila,267
letale,267
proclama,267
vanificare,267
giordare,267
perseguitare,267
instabile,267
accorto,267
veneziano,267
equivalere,267
accento,267
specialista,267
trecento,267
unilaterale,267
moderare,267
echino,267
alternare,267
elettivo,267
egemonia,267
attrezzare,266
malè,266
ancona,266
sceneggiatura,266
invano,266
rispettoso,266
batman,266
liquidazione,266
asile,266
tattica,266
aggiudicare,266
ipocrisia,266
fortissimo,266
bibbia,266
presupposto,266
decesso,266
spaccatura,266
paritario,266
optare,266
longo,266
menzogna,265
ligure,265
allentare,265
corrispondenza,265
strato,265
tabacco,265
conciliare,265
paola,265
censurare,265
guerriglia,265
inganno,265
toso,265
pronunciamento,265
williams,265
garage,264
concretezza,264
appellare,264
convertire,264
lula,264
saga,264
insistenza,264
frazione,264
abbattimento,264
contrarre,264
debbio,264
allarmare,264
reattore,264
benvenuto,264
giurisdizione,264
precisazione,264
allineare,263
henry,263
stress,263
galtellire,263
cabina,263
ritorsione,263
respinto,263
argine,263
edoardo,263
allenamento,263
diocesi,263
assemblee,263
contribuzione,263
ansaldo,263
youtube,262
riversare,262
balla,262
solidità,262
colto,262
omissione,262
ipotetico,262
petto,262
incidenza,262
ghiaccio,262
battisto,262
attenuare,262
paladino,262
email,262
minatore,262
ridisegnare,261
raccolto,261
ferrero,261
descrizione,261
deludente,261
diktat,261
tribù,261
free,261
folk,261
piovere,261
maglietta,261
affidabile,261
vaccino,261
pare,261
treviso,261
micidiale,261
anticrese,260
smith,260
sarno,260
logistico,260
annuvolamente,260
gazzetta,260
accantonare,260
cenno,260
abrogare,260
vinile,260
spegnere,260
divergenza,260
bunker,260
esordire,260
tuonare,259
ciclismo,259
coperto,259
planetario,259
faticare,259
tracollo,259
dissesto,259
amnesia,259
emersa,259
arretrare,259
margherito,259
riqualificazione,259
revoca,259
arabia,259
economicamente,258
rimpasto,258
lift,258
curriculum,258
giglio,258
integralista,258
esposito,258
raffica,258
crano,258
schiena,258
cenere,258
smarrire,258
spessore,258
balzo,257
ponere,257
caio,257
salvino,257
estetico,257
sanare,257
cileno,257
succedare,257
lampo,257
aldino,257
avvento,257
flavia,257
scoglio,257
dimenticato,256
padovo,256
improprio,256
placare,256
cantautore,256
siriana,256
arroganza,256
vetrina,256
adeguatamente,256
park,256
mediobanca,255
normalmente,255
galera,255
unanime,255
offa,255
romeno,255
bill,255
avvertimento,255
allargamento,255
piagare,255
inutilmente,255
sfociare,255
disperdere,255
estrema,255
magazzino,255
contesa,255
arare,255
consolare,255
nostrano,255
gioiellino,255
grottesco,255
beneficiario,255
magro,255
incoraggiante,254
1982,254
biagio,254
transitare,254
apparizione,254
roso,254
1979,254
giustiziare,254
cavare,254
10mila,254
lacrimogeno,254
rallentamento,254
delhi,254
ilario,254
concretizzare,254
terre,253
giuliare,253
periodico,253
filtro,253
conveniente,253
eclatante,253
illustro,253
tecnicamente,253
benin,253
abba,252
orfano,252
chievo,252
ricovero,252
francoforte,252
lancia,252
fiorire,252
esteso,252
congiuntura,252
negazione,252
minorile,252
incaricato,252
commozione,252
atena,252
intermediario,252
carismatico,252
mandela,252
alterare,251
inclusione,251
bastone,251
coniuge,251
alessio,251
coetaneo,251
semplicità,251
colono,251
delio,251
carità,251
galassia,251
stendere,251
agroalimentare,251
camilla,250
simpatico,250
alludere,250
caduto,250
corona,250
pacco,250
risparmiatore,250
indimenticabile,250
cinismo,250
esagerare,250
goldone,250
sofisticato,250
introito,250
viareggio,250
volante,250
parroco,250
decidare,250
bonito,250
diamante,250
alimentazione,250
catanzaro,250
incompatibilità,250
transitorio,249
quantitativo,249
guasto,249
storace,249
spionaggio,249
ripartizione,249
frana,249
stamattina,249
mela,249
famigerato,249
stilare,249
costiero,249
didattico,249
intatto,249
polizza,249
bull,249
rimproverare,249
colasi,249
bronzo,249
magno,248
ribalta,248
condicio,248
vallo,248
eretto,248
assumare,248
afghanistanre,248
primaria,248
gromo,248
contemplare,248
rivalutazione,248
partenopeo,248
cervice,248
vicario,248
manipolazione,247
indipendentemente,247
garantito,247
propensione,247
assecondare,247
amichevole,247
tematica,247
scomparso,247
minaccioso,247
idem,247
saggezza,247
ridimensionamento,247
berlinguer,247
imprimere,247
faccendiere,247
paralisi,247
ingenuo,247
noema,246
alleggerire,246
marea,246
digerire,246
malo,246
dividendo,246
oltretutto,246
europarlamento,246
aggiunta,246
affascinante,246
militanza,246
bicamerale,246
costituzionalità,246
rincaro,245
infiltrare,245
100mila,245
aida,245
adsl,245
orribile,245
desidere,245
kamikaze,245
adir,245
rimbalzare,245
centomila,245
andreotti,245
smantellamento,245
tessile,245
robusto,245
gabriela,245
spiccare,245
abdur,245
financial,245
chicago,245
varietà,245
arduo,245
avvelenare,245
copenaghen,245
dibattimento,244
settangere,244
omologo,244
demolire,244
litigare,244
farmaceutico,244
rendare,244
sten,244
elogio,244
verrebbero,244
maltempo,244
furbo,244
volantino,244
rintracciare,244
spaventoso,244
ritrovamento,244
geografia,244
integrità,244
nazismo,243
memorabile,243
giacca,243
sanatoria,243
pesca,243
calpestare,243
alfredo,243
alfa,243
suggestivo,243
radicamento,243
bergolo,243
formulazione,242
svizzera,242
incursione,242
brown,242
castel,242
iniezione,242
ripetutamente,242
incasso,242
tradizionalmente,242
eolico,242
invio,242
cinico,242
nostalgico,242
imbarcare,242
perpetrare,242
transito,242
pianista,242
dicevare,242
tremendo,242
noir,242
copione,242
problematica,242
giovanninare,242
capolavore,241
1975,241
ironizzare,241
partorire,241
esplicire,241
turbare,241
sterile,241
nazionalista,241
sovraffollamento,241
visionario,241
south,241
alternanza,241
getto,241
perito,241
continentale,241
designare,241
dimissionario,241
garanto,241
codico,241
ankara,241
commemorazione,240
filiale,240
ambientare,240
indubbiamente,240
facciata,240
ancorare,240
accordare,240
vicesegretario,240
consueto,240
nuvola,240
budelle,240
corsia,240
indire,240
salvatato,240
affido,239
sigaretta,239
tranca,239
marittimo,239
espresse,239
adro,239
pizzo,239
strumentalizzare,239
rigettare,239
vetta,239
antropologico,239
infortunio,239
invernale,239
task,239
trio,239
radunare,239
vincolante,239
placido,239
navigazione,239
variante,239
pierluigio,239
aleeme,239
marciare,238
cancelleria,238
disputare,238
sconosciere,238
dama,238
infantile,238
narrativa,238
pecora,238
policlinico,238
tentato,238
calore,238
esplorare,238
asino,238
nick,238
elsa,238
redatto,238
riordino,238
vincare,238
equivalente,237
cola,237
ingrediente,237
statista,237
parentesi,237
calibro,237
individuazione,237
angoscia,237
ribellare,237
boris,237
impugnare,237
harry,237
saverio,237
politica|politico,236
definere,236
riscrivere,236
coll,236
irritare,236
egoismo,236
stravolgere,236
cristiani,236
microfone,236
trasferta,236
spiare,236
prevale,236
confcommercio,236
manette,236
saldare,236
steve,236
distruttivo,236
generalmente,236
andrebbe,235
dilagare,235
austria,235
ortodosso,235
adire,235
favorito,235
chiedare,235
bacheca,235
beirut,235
siderurgico,235
doccia,235
julian,235
software,235
assediare,234
ernesto,234
cartella,234
mezzanotte,234
piacenza,234
segmento,234
scalare,234
evadere,234
validità,234
spento,234
navigare,234
odioso,234
badante,234
sufficientemente,234
freud,234
vacca,234
centrocampista,234
studentessa,234
schulz,234
pano,234
1969,233
umiliazione,233
samio,233
1981,233
granata,233
giovanna,233
colpiscere,233
agganciare,233
vitalità,233
mass,233
potenziare,233
discreto,233
interpretativo,233
pescara,233
tali,233
1984,233
fiero,233
sindrome,232
infermiere,232
rovesce,232
controversia,232
intolleranza,232
laburista,232
brusco,232
strumentalizzazione,232
telegiornale,232
risolgere,232
sincero,232
dilemma,232
definitiva,232
paghare,232
irreversibile,232
accessorio,232
parrocchia,232
referente,232
giannino,232
ambrogio,232
apprendistato,232
vicepremier,232
minimizzare,231
padiglione,231
confinare,231
estremismo,231
attuativo,231
kermesse,231
infelice,231
sfondare,231
tangentopolo,231
anch,231
inchiodare,231
rumeno,231
tory,231
imprescindibile,231
vite,231
melone,231
ungaretto,231
punitivo,231
inerzia,231
rifinanziamento,231
inquietudine,230
shein,230
bice,230
producere,230
fisicamente,230
sobrietà,230
ristrutturare,230
argomentare,230
pasco,230
gais,230
erba,230
identitario,230
loco,230
emanuela,230
prevalso,230
paris,230
quantomeno,230
niccolò,230
diavolo,229
ampliamento,229
cubano,229
visivo,229
traverso,229
chirurgico,229
crac,229
costituzionalista,229
indignato,229
cinquecento,229
simpatizzante,229
frammentazione,229
dubitare,229
congregazione,229
calcistico,228
eguale,228
divo,228
riuscito,228
automaticamente,228
ratifica,228
battista,228
riferere,228
terrestre,228
equipaggio,228
armamento,228
insicurezza,228
violentare,228
nigeriano,228
vietnam,228
finlandese,228
abilità,228
ansio,228
discriminare,228
usato,228
sopralluogo,228
razionalizzazione,228
solenne,228
riscoprire,228
claudere,227
corda,227
correttamente,227
1967,227
spacciare,227
poker,227
sindacare,227
penetrare,227
acquirente,227
nessun,227
sanzionare,227
giurisprudenza,227
1973,227
clamore,227
estradizione,227
galdini,227
archiviazione,227
pensionabile,227
uninominale,227
esternazione,227
imperativo,227
algeria,227
compensazione,227
lussemburgo,226
piaciere,226
poggiare,226
compare,226
urss,226
materno,226
lare,226
orsù,226
avvolgere,226
spazzatura,226
preda,226
philips,226
montaggio,226
illudere,226
boston,226
rimonta,226
misero,226
alcol,226
incombere,225
allegro,225
contaminazione,225
piantare,225
pachistano,225
convenzionale,225
litro,225
scompare,225
alimento,225
leve,225
accostare,225
dialetto,225
influente,225
inefficace,225
abbiente,225
degenerazione,225
bombardare,225
ostruzionismo,225
vannino,225
preparato,225
aggiustamento,225
pirro,225
dirottare,224
puntualmente,224
compimento,224
risvolto,224
formato,224
turca,224
ballalo,224
stand,224
pizza,224
quinte,224
arretrato,224
glorioso,223
condividare,223
propagandistico,223
variare,223
etnia,223
scapolare,223
riaccendere,223
interim,223
commercialista,223
mossavo,223
trucco,223
disputa,223
spiraglio,223
soccorrere,223
ramon,223
audio,223
romantico,223
perplesso,223
democristiano,223
ineludibile,223
radioattivo,223
negato,222
bizzarro,222
annullamento,222
scavalcare,222
brunetto,222
pacifista,222
ferragosto,222
complimento,222
1987,222
tristezza,222
congelamento,222
apparecchio,222
indubbio,222
ridefinire,222
inefficienza,222
mentalità,222
myanmar,222
distorsione,222
antiterrorismo,222
aquitania,222
clino,222
inadeguatezza,221
scultura,221
creditore,221
scholz,221
visto,221
balletto,221
andremo,221
sparatoria,221
abitativo,221
fucile,221
fortunatamente,221
monopolio,221
love,221
cocaina,221
agitazione,221
versa,221
foggio,221
argomentazione,221
sudafricano,221
curatore,221
imputazione,221
prerogativa,221
lavare,221
doletto,221
patrone,221
mediobancare,220
trapano,220
ammirare,220
intensificare,220
stancare,220
apposta,220
schio,220
rincorrere,220
celare,220
incostituzionalità,220
cattolicesimo,220
catastrofico,220
1988,220
rimottere,220
sprofondare,220
johan,220
genocidio,220
élite,220
norvegese,220
birmania,219
urbanistico,219
finocco,219
battente,219
parrocchiano,219
discutare,219
nuoto,219
rigidità,219
passeggiata,219
soppressione,219
veduta,219
tematico,219
impoverimento,219
hall,219
occultare,219
500mila,219
risentire,219
boicottaggio,219
alquanto,219
compagine,219
esistenziale,219
adriatico,219
fallito,219
emblematico,219
migrazione,218
sacerdoto,218
rituale,218
innovare,218
satellitare,218
soleggiare,218
oslo,218
ufficializzare,218
tranquillamente,218
risuonare,218
maledetto,218
episcopale,218
inadeguare,218
tantum,218
riformisto,218
vorere,218
rielezione,218
presupposta,217
mirato,217
dolente,217
perdonare,217
sdegno,217
conservatrice,217
essen,217
serrato,217
partnership,217
generalizzato,217
mattone,217
retta,216
demografico,216
infezione,216
sirena,216
carriere,216
spietato,216
concernere,216
pavia,216
spicco,216
corde,216
uefa,216
bang,216
disarmo,216
mutazione,216
1976,216
egiziani,216
intervisto,216
stock,216
bellico,215
tribale,215
alias,215
cataldo,215
commissionare,215
flash,215
riferiscare,215
diere,215
innumerevole,215
pregio,215
accettazione,215
giovanissimo,215
barello,215
solitamente,215
grecare,215
daria,215
riequilibrio,215
indennizzo,214
razzolo,214
cordata,214
risanare,214
frustrazione,214
nordest,214
finito,214
pirateria,214
aggregazione,214
svolto,214
perno,214
onorario,214
danilo,214
siedere,214
sistematicamente,214
elso,214
spedizione,214
mister,214
facilità,214
alexander,214
cattedrale,214
ricapitalizzazione,214
listo,214
frutta,214
boccalino,214
roccaforte,213
preside,213
claudia,213
regolarità,213
considero,213
bandire,213
aggravante,213
varcare,213
ravenna,213
allentamento,213
appassionare,213
vignetta,213
sapre,213
rugby,213
vulnerabile,213
insinuare,213
cippo,213
targa,213
funebre,212
abisso,212
scortare,212
risarcire,212
trofeo,212
ungherese,212
aggressore,212
superstite,212
neoliberista,212
venturo,212
studentesco,212
tranquillità,212
brivido,212
pericolosità,212
uranio,212
pianificare,211
comun,211
1986,211
sacrosanto,211
sfogo,211
domenicale,211
liberisto,211
chris,211
bologno,211
bontà,211
riccio,211
ultimamente,211
dette,211
furioso,211
portoghese,211
ingaggiare,211
bluff,211
compiuto,211
interiore,211
scoraggiare,211
inciso,211
preferito,211
lince,211
avitola,211
antagonista,210
squalifica,210
oort,210
frequentazione,210
1974,210
cordone,210
riconversione,210
quotidianità,210
perverso,210
interferenza,210
classificare,210
cossiga,210
conduzione,210
cisl,210
numerico,210
mittente,210
contaminare,210
1000,210
conciliazione,210
inadeguato,210
mazza,209
epilogo,209
telematico,209
impotenza,209
vano,209
50mila,209
coma,209
duraturo,209
assomigliare,209
modenare,209
carlos,209
formalizzare,209
giustificato,209
emerito,209
ciclista,209
certosa,209
motivato,209
abbandonato,209
parlò,209
spogliatoio,209
dimora,209
cattedra,209
altare,208
informativa,208
matematico,208
contenitore,208
interminabile,208
metropoli,208
espressivo,208
igienico,208
scure,208
sella,208
cremona,208
bottega,208
scherzo,208
figa,208
drasticamente,208
secessione,208
griffo,208
lentezza,207
immaginazione,207
frontale,207
cinquemila,207
esodo,207
minoritario,207
ritardare,207
cilento,207
puramente,207
parlamente,207
sottoscrizione,207
accenno,207
dimette,207
debuttare,207
centimetro,207
conforme,207
livia,207
vine,207
parata,207
disabilità,207
recapitare,207
scaldare,207
aperti,207
ingerenza,207
ventiquattro,207
1970,207
velina,206
rappresaglia,206
mussaco,206
oggettivamente,206
sappiare,206
lesbica,206
pastorale,206
commosso,206
chimica,206
statistico,206
franca,206
ammonì,206
zingaro,206
carrozza,206
tifo,206
demolizione,206
finzione,206
infliggere,206
ricorrenza,206
magia,206
latitanza,206
comacina,206
curdo,206
lavorazione,205
obbligazione,205
fiom,205
arricchimento,205
pronuncia,205
rispondare,205
rina,205
agonia,205
manuela,205
deporre,205
agnese,205
rigorosamente,205
confezionare,205
riorganizzare,205
evacuare,204
interpellare,204
rosare,204
evolvere,204
autosufficienza,204
nono,204
1948,204
leggendario,204
sicilio,204
attivamente,204
trentino,204
aroma,204
gigio,204
duce,204
derivo,204
perdente,204
steven,204
ciao,204
edicola,204
inclusivo,204
devastazione,204
rottamazione,204
cupola,204
raduno,204
fido,204
testare,204
barile,204
implicazione,204
basilicata,204
fabbisogno,204
multimediale,204
girellone,204
unificazione,203
emigrare,203
irritazione,203
amor,203
spagnola,203
quell,203
svariato,203
ambulanza,203
ricevare,203
pentagono,203
distinguo,203
scempio,203
sfuggere,203
coloniale,203
ambiguo,203
economa,203
sorpasso,203
relitto,203
messero,203
para,202
raymond,202
venticinque,202
opaco,202
adattamento,202
raddoppio,202
tace,202
regino,202
doping,202
allestimento,202
caltanissetta,202
attrazione,202
umbrio,202
guru,202
molise,202
commando,202
algere,202
abbassamento,202
enormemente,202
acido,202
relegare,202
arancione,202
sistemico,202
evangelico,202
specificità,202
arturo,202
torri,202
affossare,202
ortonese,202
inedire,202
cene,202
pompu,202
larga,201
lieto,201
udine,201
20mila,201
sprint,201
delfino,201
fast,201
taxi,201
rammarico,201
fregare,201
susa,201
affollare,201
scalone,201
tracciabilità,201
intaccare,201
mugic,201
riassumere,201
importazione,201
muscolare,201
atletica,201
trincea,201
sapevamo,201
verticale,201
colpere,200
aung,200
kafka,200
luminoso,200
affresco,200
vinto,200
cricket,200
ayatollah,200
ballerino,200
porgere,200
movente,200
suicidare,200
mimmo,200
ospedaliero,200
faso,200
appropriato,200
liberato,200
malinconico,200
pina,200
sviluppato,200
parto,200
penalizzazione,200
vago,200
annone,200
soprintendenza,199
portale,199
emigrante,199
comunico,199
scarcerazione,199
ranger,199
intrappolare,199
strutturare,199
sciolgere,199
http,199
apprezzabile,199
falla,199
cava,199
corano,199
ingiusto,199
denominare,199
finlandia,199
improvvisato,199
thriller,199
leopoldo,199
accanimento,199
barzelletta,199
islamista,199
sofà,199
raie,199
grotta,199
portante,199
iphone,199
polverino,199
meridione,198
cinquantina,198
pulsione,198
azionare,198
culminare,198
barro,198
feria,198
impotente,198
200mila,198
cortina,198
oman,198
riproduzione,198
nervosismo,198
piscina,198
contabilità,198
manica,198
peggior,198
commissariare,198
delegittimazione,198
lauro,198
superiorità,198
articolazione,198
celeste,198
molo,198
soccorritore,198
algerino,198
panda,198
avvenuto,198
immateriale,198
istatre,197
irriducibile,197
1985,197
voluto,197
partecipato,197
ridure,197
italico,197
kosovo,197
pannello,197
schiavitù,197
mediorientale,197
indecente,197
guant,197
namo,197
sciente,197
pape,197
vena,197
caporale,197
stamano,197
cronico,197
emirato,197
tocco,197
sconcertante,197
corleone,197
bitto,197
urto,197
ventura,197
riprodurre,197
sfratto,197
olocausto,196
altresì,196
1978,196
particella,196
kong,196
sposo,196
prorogare,196
breccia,196
colorare,196
jonadi,196
umbria,196
sentimentale,196
vienna,196
sgravo,196
chitarrista,196
decedere,196
deposizione,196
totalità,196
libretto,196
innanzi,196
extremis,196
poggio,196
tranquillizzare,196
essenza,196
1500,196
sonore,196
spargere,196
solita,196
scoria,196
sottratto,196
stagnazione,196
filorusso,196
postazione,195
scintilla,195
silenzi,195
superficiale,195
offshore,195
monologo,195
card,195
1968,195
fossa,195
corporativo,195
affidabilità,195
risorgimento,195
norvegia,195
inghilterro,195
pestaggio,195
goccia,195
angelare,195
bruto,195
lunghezza,194
leggermente,194
einstein,194
tigre,194
diffamazione,194
francisco,194
mondiali,194
avallare,194
lucidità,194
fondante,194
tardivo,194
irrilevante,194
concetta,194
fratellanza,194
tormentato,194
mascherare,194
miope,194
prendare,194
forno,194
distributore,194
grandissimo,194
resistente,194
eutanasia,194
ebook,194
ultima,193
francare,193
bisognoso,193
ripetare,193
conteggio,193
apartheid,193
francescani,193
prossimità,193
approfondimente,193
aliquoto,193
odissea,193
terres,193
bagaglio,193
aspro,193
malore,193
bestia,193
adorare,193
velivolo,193
triennale,193
macroeconomico,193
provocatorio,193
motto,193
subentrare,193
inaspettato,193
buffalo,193
lame,193
parigino,193
tunisi,193
ladri,193
spinoso,193
intervallo,193
manodopera,192
carmen,192
sfumatura,192
palinsesto,192
raramente,192
congedo,192
distare,192
infrastrutturale,192
scapito,192
punteggio,192
sobrio,192
diga,192
viaggiatore,192
stigmatizzare,192
disperare,192
casso,192
tirrenico,192
nanda,192
epicentro,192
link,192
feroci,192
insofferenza,192
trovato,192
fernando,192
sinai,192
presumere,192
apple,192
carmelo,192
svilitoto,192
sconcerto,191
pessimismo,191
affrettare,191
insediamente,191
automobilista,191
degna,191
strapotere,191
fuso,191
ingoia,191
pericolosamente,191
rinvii,191
esponere,191
galla,191
incrociato,191
discriminatorio,191
ventenne,191
ripulire,191
rileggere,191
fifa,191
addison,191
fabia,191
rappresentatività,191
scese,191
taluno,191
bredere,191
benigni,191
bolzano,191
attrarre,191
vissuto,190
1945,190
emancipazione,190
limpido,190
illegalmente,190
acquisito,190
comunicativo,190
riesco,190
insolito,190
ettaro,190
baby,190
approfondito,190
icona,190
giungla,190
suddetto,190
bundesbank,190
bunga,190
medicinale,189
prim,189
affittare,189
ripetono,189
sbilanciare,189
sterminio,189
terminale,189
convergere,189
grana,189
veronese,189
angeletta,189
dispiegare,189
piombino,189
femminista,189
impasse,189
quotare,189
sabina,189
mentire,188
atroce,188
ming,188
rimpatrio,188
cartellone,188
sceneggiatore,188
vergine,188
trafficante,188
insufficienza,188
traumatico,188
friuli,188
palmo,188
1983,188
sventare,188
integrante,188
anglosassone,188
transatlantico,188
accessibile,188
dose,188
aggravato,188
300mila,188
pomodoro,188
zingaretto,188
distrettuale,188
appropriare,188
praticabile,188
avanzamento,188
disgrazia,188
eone,188
vogliano,188
geopolitico,188
autocorrezione,188
giampiero,187
anagrafico,187
racchiudere,187
asco,187
josé,187
specializzazione,187
punk,187
chiudare,187
acuire,187
siriare,187
espressi,187
30mila,187
tessere,187
foglia,187
dispersione,187
prostituta,187
privatizzare,187
ingoiare,187
sfidante,187
elia,186
agile,186
combustibile,186
strana,186
ghetto,186
pagato,186
clero,186
potenziamento,186
sterline,186
miss,186
veterano,186
duno,186
gratuitamente,186
butto,186
covo,186
imitare,186
assunte,186
debora,186
eludere,186
parero,186
falcinello,186
discografico,186
scrutinio,186
ragion,186
modem,186
cassano,186
zampa,186
scodellato,186
reputazione,185
parcheggio,185
americo,185
occhiale,185
1943,185
pannella,185
manipolare,185
scioperare,185
macchinario,185
pompa,185
valigia,185
morsa,185
polito,185
eleno,185
installare,185
lungimirante,185
interferire,185
manifatturiero,185
galles,185
balcone,185
assistire,185
venezuela,185
impoverire,185
bonea,185
anagrafe,184
controparte,184
ragioneria,184
plastico,184
linux,184
torturare,184
predicare,184
alfiere,184
colletto,184
brillare,184
altrettante,184
cere,184
dubai,184
calunnia,184
ecologista,184
setto,184
suora,184
fumare,183
narratore,183
gradimento,183
yamaha,183
palestra,183
primissimo,183
addizionale,183
gonfiare,183
inquinante,183
muros,183
sofferto,183
corale,183
tronchetto,183
dintorno,183
dozzina,183
emigrato,183
rivincita,183
eritrei,183
manco,183
vette,183
sofia,183
efficacemente,183
mirco,183
riservatezza,183
armonia,183
cassintegrato,183
manifesta,183
sgomento,183
autonomamente,183
trano,183
disavanzo,183
psichico,182
vicedirettore,182
libare,182
dere,182
rapidità,182
quattordici,182
equiparare,182
derogare,182
destabilizzare,182
quantificare,182
progettazione,182
attentamente,182
exif,182
catalano,182
macro,182
imprigionare,182
casella,182
oltranza,182
fiumicino,182
persistente,182
rievocare,182
freccia,182
garantere,182
reclutare,182
chilare,182
fondere,182
esecutore,182
demagogico,182
autobiografia,182
bandito,182
assessorato,182
nora,182
funzionalità,182
aleppo,182
tire,181
impietoso,181
lunare,181
monaldo,181
handicap,181
guerriero,181
spiazzare,181
completamento,181
edward,181
sponsorizzare,181
scartare,181
roano,181
razzisto,181
mansione,181
staffetta,181
stringente,181
autostradale,181
consueta,181
guerrigliero,181
scozzese,181
simonare,181
collegato,181
quartetto,181
coltivazione,181
malaffare,181
scorciatoia,181
femmina,181
novara,181
yanukovich,181
risollevare,180
uccello,180
rossoblu,180
fontana,180
freddezza,180
fugare,180
disparità,180
giudicato,180
fertile,180
inventore,180
peppino,180
bicchiere,180
quaderno,180
agibilità,180
lorenza,180
beccare,180
osvaldo,180
paesaggistico,180
king,180
sottrare,180
babbo,180
mercante,180
regolatore,180
fiorello,180
pragmatico,180
riscaldamento,180
adolescenza,180
presentere,180
constatazione,180
cardine,180
andata,180
marocco,180
grosseto,180
esentare,180
palazzina,180
ottanta,179
giulietta,179
diramare,179
lustro,179
esitare,179
oligarchia,179
umile,179
rigo,179
monico,179
cos',179
geronzio,179
leopardo,179
biden,179
accisa,179
anonimato,179
abrogazione,179
risveglio,179
scorretto,179
5mila,179
partitura,179
petra,179
manciata,179
arbus,179
regnare,179
branco,179
palude,179
risolto,179
pray,179
omogeneo,179
affiorare,179
negativamente,178
reno,178
fantasioso,178
dano,178
accorciare,178
svanire,178
assist,178
gordon,178
1960,178
prerogativo,178
rocca,178
cumulo,178
fattispecie,178
gabriele,178
ella,178
combinazione,178
bollo,178
fosco,178
pronostico,178
residenziale,178
reazionario,178
boicottare,178
fibra,178
gerra,178
pianura,178
eccolo,178
apprendimento,178
laccio,178
innegabile,178
prosit,178
voarr,178
serrare,178
rodare,178
darwin,177
idealo,177
follo,177
riscattare,177
centenario,177
stuprio,177
susseguire,177
riscossa,177
contagiare,177
sblocco,177
barone,177
prosa,177
north,177
ossessivo,177
accare,177
indulto,177
perlomeno,177
esclusiva,177
risolutivo,177
ribattezzare,177
andré,177
affliggere,177
consuetudine,177
electrolux,177
complementare,177
finte,177
impressionare,177
ripagare,176
sonia,176
difficilissimo,176
muscolo,176
propore,176
esultare,176
incriminare,176
macigno,176
ingannare,176
colorato,176
boero,176
supervisione,176
renault,176
master,176
lodare,176
1944,176
ailare,176
forlì,176
sodalizio,176
accadde,176
attivazione,176
pedofile,176
qualitativo,175
soggettivo,175
elisabetto,175
macchiare,175
delirio,175
confisca,175
mire,175
investere,175
svantaggio,175
antonia,175
pendolaro,175
denunciano,175
disturbare,175
scambia,175
aggrappare,175
seppe,175
sconvolgente,175
mariare,175
eroico,175
palio,175
stringento,175
missiva,175
traditore,175
ricandidare,175
ipotizza,175
delrio,175
silvare,174
filmare,174
fischiare,174
esire,174
abbigliamento,174
stralcio,174
ardente,174
rinvenere,174
design,174
delicatissimo,174
lacerazione,174
ines,174
palesemente,174
creditizio,174
paragonabile,174
esplode,174
incastrare,174
idrogeologico,174
bastere,174
sigillo,174
solista,174
tangibile,174
pochissimo,174
passeggiare,174
speculare,174
plenum,174
intrattenere,174
difatti,174
immediare,174
crocetta,174
fotovoltaico,174
capodanno,173
risvegliare,173
retromarcia,173
latina,173
cipro,173
speaker,173
reclutamento,173
partecipativo,173
irresistibile,173
spaccio,173
subordinare,173
iniquo,173
pianoforte,173
recinto,173
raffaella,173
piombare,173
riproponere,173
farcela,173
mazzo,173
indiscusso,173
vecchiaia,173
prolungato,173
vitalizio,173
autoreferenziale,173
condominio,173
bravere,173
coreano,172
kenya,172
condivido,172
giovinezza,172
decadere,172
credo,172
seccare,172
varco,172
gregoria,172
ipoteca,172
montecare,172
provo,172
sfascio,172
sommario,172
rispecchiare,172
uniforme,172
assistenziale,172
conosciuto,172
dosa,172
start,172
front,172
metallo,172
raccordo,172
arretramento,172
peculato,172
baracca,172
alma,172
inseguere,172
veleni,172
sostenuto,172
guardiano,172
occupante,172
necessitare,172
1972,172
tauro,172
speculatore,172
interazione,172
piana,172
sepolto,171
febbre,171
saviano,171
disumano,171
estinzione,171
agliana,171
stroncare,171
occulto,171
richiesto,171
portone,171
delegittimare,171
tempistica,171
plurale,171
chirurgo,171
repressivo,171
pulire,171
vaso,171
football,171
bresciano,171
malavita,171
bellissimo,171
valentina,171
uniscere,171
microsoft,171
china,171
abituale,171
johnson,171
ricognizione,171
conclave,171
vettore,171
investitura,171
body,171
inaffidabilità,171
oneroso,171
batterio,171
crociera,170
basta,170
umanitare,170
vocale,170
galliano,170
smaltire,170
quotato,170
premettere,170
satanico,170
doppietta,170
esasperare,170
vicenza,170
arder,170
journal,170
indiscriminato,170
concita,170
sampdoria,170
cardiaco,170
fautore,170
elisabetta,170
minimamente,170
aggregare,170
riequilibrare,170
culturalmente,170
posizionare,170
benedizione,170
riso,170
femminicidio,170
strauss,170
arenzano,170
contrariamente,169
bioetica,169
distratto,169
danimarca,169
check,169
beatles,169
incinto,169
sbandierare,169
doha,169
commuovere,169
porzione,169
infante,169
gore,169
federalista,169
pluralità,169
suscito,169
analogia,169
pelo,169
moon,169
bank,169
associazionismo,169
garibaldo,169
istruttoria,169
arruolare,169
cosenza,169
avvicinamento,169
bussola,169
fisiologico,169
elettricità,169
forestale,169
sintetico,169
accorpare,169
ovvia,169
nazionalismo,169
mosaico,168
instaurare,168
mogadiscio,168
intergovernativo,168
somalo,168
discendere,168
paventare,168
sorrentino,168
beat,168
sicura,168
comunione,168
bacio,168
riedizione,168
attivismo,168
cerebrale,168
volgare,168
cimentare,168
elettrodomestico,168
abrado,168
1977,168
raio,168
riemergere,168
ottico,168
islanda,168
ingiustificato,168
centrocampo,168
casale,168
continuire,168
attitudine,168
lidio,168
riconferma,168
valuta,168
contrapporre,168
soddisfacente,168
sant,168
allontanamento,168
sudanese,168
sabrina,168
sinodo,168
gaucho,167
eric,167
ricucire,167
astensionismo,167
distrutto,167
nativo,167
ricondurre,167
inammissibile,167
vicesindaco,167
dettato,167
incendiare,167
silvestro,167
nominale,167
vivace,167
pregiudicato,167
antonino,167
campare,167
barocco,167
prefigurare,167
reuchlin,167
fuoriuscita,167
angeletto,167
sussistere,167
loden,167
portuale,167
caricala,167
schettino,167
industrializzato,166
traghetto,166
imperatore,166
comparsa,166
saere,166
regolarizzazione,166
mediamente,166
chiamparino,166
strega,166
honda,166
immobilismo,166
distrazione,166
stimole,166
notificare,166
sinergia,166
torta,166
tobia,166
tank,166
chiete,166
pataro,166
sodale,166
mile,166
prosecuzione,166
fiscalità,166
2017,166
provato,165
fellini,165
intrattenimento,165
lealista,165
fune,165
tramontare,165
dedizione,165
avanzata,165
islamabad,165
polso,165
ripresentare,165
bente,165
rotondo,165
penoso,165
spaziare,165
convento,165
cera,165
faticosamente,165
marrone,165
luccio,165
inne,165
antisemitismo,165
quarantenne,165
riciclare,165
trauma,165
marce,165
pontida,165
remunerazione,165
nicare,165
retroscena,165
bracciante,165
gita,165
cattaneo,165
obbedo,165
fedelissimo,165
terma,165
croato,165
venditore,164
psicologia,164
espressamente,164
suno,164
epidemia,164
compilare,164
sequestrato,164
fantascienza,164
brembilla,164
cala,164
assenso,164
estrazione,164
monica,164
servitore,164
apprezzato,164
sinceramente,164
aggio,164
inspiegabile,164
diliberto,164
salva,164
alter,164
impazzire,164
sfornare,164
carduccio,164
eroina,164
multo,164
comprensivo,164
tubo,164
aggettivo,164
fermamente,164
cozza,164
cartere,164
kant,164
electron,164
quarantina,164
pettino,164
baldezza,164
20091,163
nascente,163
magnate,163
restringere,163
discarico,163
festività,163
balzare,163
snodo,163
crolla,163
establishment,163
selettivo,163
collocamento,163
conducere,163
agnelli,163
avolo,163
socialdemocrazia,163
armadio,163
decollare,163
giovannare,163
mosco,163
interattivo,163
rimpatriare,163
requisitoria,163
interrotta,163
greggio,163
digiuno,163
attentatore,163
zelanda,163
utenza,163
christopher,163
fallo,163
monello,163
passante,163
rato,163
trainare,162
balia,162
cospicuo,162
gradualmente,162
serbatoio,162
obamo,162
tese,162
rancore,162
retrocessione,162
tenace,162
sgombero,162
sociologo,162
contrada,162
pedaggio,162
ciclone,162
leaguere,162
roccia,162
frodo,162
qualifica,162
sensibilizzazione,162
costoro,162
reagan,162
estraneità,162
intervistato,162
plausibile,162
compatibilità,162
impopolare,162
appropriazione,162
sessualità,162
toto,162
streaming,162
flotta,161
calamità,161
vendicare,161
risarcimente,161
console,161
addare,161
esista,161
stupido,161
invia,161
ghana,161
fermata,161
colf,161
itinerario,161
magistrale,161
esule,161
nascosti,161
avverso,161
parcheggiare,161
stoppare,161
collano,161
sottovalutazione,161
nomado,161
afroamericano,161
inatteso,161
carisma,161
benetton,161
western,161
apere,161
pepe,161
cecchino,161
consorte,160
intonare,160
ribadisto,160
marinaio,160
insidioso,160
arso,160
erotico,160
restante,160
faida,160
affanno,160
cross,160
accolgere,160
michelangelo,160
volgarità,160
prepotenza,160
martello,160
errato,160
done,160
eccome,160
pesaro,160
1962,159
copiare,159
allevatore,159
maccarello,159
inquieta,159
terrorizzare,159
cosimo,159
mola,159
topo,159
corposo,159
ingaggio,159
impiccare,159
amoroso,159
associativo,159
prefazione,159
francoforta,159
noioso,159
imam,159
omelia,159
scelto,159
autorizzato,159
divertimento,159
prontamente,159
animazione,159
riabilitazione,159
cavour,159
baciare,159
natalizio,159
magreb,159
cosicché,159
esplicitare,159
taylor,159
slittamento,159
imprevisto,159
stangata,159
impennata,158
razionalità,158
deterioramento,158
emigrazione,158
batta,158
tout,158
controproducente,158
avana,158
rispedire,158
ferocia,158
pontificio,158
ferma,158
esitazione,158
esente,158
paterno,158
depistaggio,158
ostentare,158
soleggiato,158
ingombrante,158
pensabile,158
edificare,158
emorragia,158
lamento,158
ezio,158
divulgare,158
bale,158
nefasto,158
tullio,158
materializzare,158
alife,158
rafforzato,158
contestualmente,158
meneo,158
appla,158
manchere,158
straccio,158
neutrino,158
unesco,158
contendente,157
ingegneria,157
savona,157
indiscutibile,157
riprova,157
civo,157
giuramento,157
espositivo,157
paesino,157
gemini,157
agie,157
routine,157
intimidire,157
bordare,157
danaro,157
spaccato,157
radiazione,157
flac,157
inerme,157
sospiro,157
falsità,157
indebolimento,157
timbro,157
imbattere,157
chuck,157
pianificazione,157
liverpool,157
definito,157
ribattere,157
virginia,157
bios,157
arenare,157
fasullo,157
newyorchese,157
condone,157
perfezione,157
mortificare,157
fiduciario,157
precisamente,157
ollo,157
immettere,156
xenofobia,156
furore,156
pregiudicare,156
laos,156
equilibrare,156
donatore,156
lassù,156
aera,156
volata,156
cristianesimo,156
giordania,156
dopodiché,156
parare,156
rimborsare,156
meritevole,156
fossile,156
merlone,156
candidata,156
orologio,156
benito,156
missino,156
colpevolezza,156
regressione,156
improntare,156
slalom,156
seicento,156
democraticamente,156
negoziabile,156
rado,156
teologia,156
sborsare,156
buongiorno,156
selezionato,156
crack,156
pece,156
qatar,156
morare,156
perquisire,156
eurotower,156
bolare,156
cengere,156
soap,155
sacchetto,155
caino,155
indio,155
smascherare,155
sciagurato,155
naufrago,155
seta,155
calabro,155
disinnescare,155
erario,155
saldamente,155
sila,155
rivivere,155
sistemazione,155
antidoto,155
proceno,155
proliferazione,155
reintegrare,155
cancellerio,155
leggo,155
incomprensione,155
cardino,155
olmo,155
ario,155
blackout,155
pavimento,155
condotto,154
manzo,154
manifestazionere,154
agghiacciante,154
abbado,154
appetito,154
mantra,154
none,154
addensamento,154
apostolico,154
multietnico,154
utri,154
cardinal,154
tempestivo,154
tracciato,154
nazionalisto,154
logorare,154
tavolino,154
pantaleo,154
denso,154
crociata,154
info,154
retro,154
reperto,154
geminare,154
usura,154
innovatore,154
futurista,154
virgilio,154
composto,154
notiziario,154
pendente,154
maresciallo,154
bipolare,154
stabilmente,154
nano,154
sebastian,154
delicatezza,154
polemizzare,154
peschereccio,154
hamilton,154
sobborgo,154
segueao,154
marxista,153
risolvare,153
beatrice,153
scontento,153
montante,153
collusione,153
immortalare,153
inopportuno,153
vocabolario,153
slam,153
graziare,153
procedurale,153
improvvisazione,153
prasso,153
targare,153
vizioso,153
retributivo,153
pile,153
senatrice,153
declassamento,153
ruggero,153
natalia,153
illustrazione,153
gratiare,153
temporaneamente,153
affettuoso,153
insidia,153
postare,153
fiorito,153
costitutivo,152
iberico,152
microfono,152
pietroburgo,152
aggressività,152
depor,152
notevolmente,152
ovale,152
dappertutto,152
inoltrare,152
combinato,152
unificare,152
ammalare,152
inarrestabile,152
scenografia,152
sassuolo,152
atletico,152
inesorabile,152
federconsumatore,152
giovanotto,152
sostanzioso,152
infondato,152
branca,152
appieno,152
permanere,152
stratega,152
moody,152
rebus,152
tesseramento,152
tassista,152
motovedetta,151
negoziatore,151
etere,151
pongano,151
fratini,151
aussina,151
anteprima,151
lomé,151
posteriore,151
pacificazione,151
risentimento,151
mase,151
partitico,151
integralmente,151
azzeramento,151
estratto,151
rinviato,151
abbreviare,151
espandere,151
costretre,151
grano,151
domina,151
localizzare,151
mammut,151
rinaldo,151
concettuale,151
imbrodolo,151
rassegnazione,151
veicolare,151
sudamericano,151
cante,151
erico,151
fanetto,151
invecchiare,151
secca,151
gelido,151
tripoli,151
cesena,151
stante,150
nube,150
birmano,150
orecchio,150
1961,150
incantare,150
rimpianto,150
coppo,150
assolino,150
frangia,150
affondo,150
repentaglio,150
pantalone,150
santuario,150
patire,150
campeggiare,150
allerto,150
specializzare,150
rima,150
domino,150
monumentale,150
competitore,150
cartellino,150
islamisto,150
rehn,150
davido,149
auro,149
giacché,149
clemente,149
3mila,149
cittadina,149
carente,149
ambire,149
panino,149
nozione,149
crudeltà,149
giocattolo,149
avellino,149
obiettare,149
stage,149
subalterno,149
spalancare,149
coach,149
volire,149
fermento,149
farina,149
baratto,149
indebito,149
ispirato,149
innestare,149
show,149
sgrave,149
cordiale,149
elogiare,149
ecclesiale,149
cessazione,149
greenpeace,149
adoro,149
college,149
lunghissimo,149
etero,149
entrambo,149
rino,149
15mila,149
assangere,149
sartre,148
propriamente,148
molla,148
maiale,148
emarginare,148
bivio,148
mugello,148
risonanza,148
emissario,148
frenetico,148
agare,148
ventennale,148
puzzle,148
obbligato,148
bilanciare,148
congiunturale,148
teresa,148
sorvegliare,148
meditare,148
grare,148
ciglio,148
varsavia,148
campanello,148
tolgere,148
aurelio,148
presumibilmente,148
oltralpe,148
arnese,148
dorato,148
congo,148
satira,148
paternità,148
lacuna,148
architettonico,148
lessico,148
controtendenza,148
rubrico,148
dimezzamento,148
mitt,148
fukushima,148
riconore,147
eleganza,147
pierferdinare,147
divorare,147
cronisto,147
connettere,147
ancelotto,147
vere,147
sospese,147
federa,147
gobi,147
citato,147
telefonia,147
pudore,147
improvvisare,147
attilio,147
banchetto,147
incessante,147
aspra,147
telespettatorio,147
stracciare,147
agro,147
attendibile,147
capite,147
cambare,147
siciliare,147
ripetizione,147
radar,147
temuto,147
deviazione,147
container,147
annamario,147
profeta,146
jonathan,146
occupere,146
mischia,146
basco,146
federar,146
spartire,146
parallelamente,146
scorporo,146
entourage,146
sussurrare,146
cacciatore,146
scenico,146
intercettato,146
sandra,146
gilio,146
siam,146
angelina,146
incredibilmente,146
morbido,146
immergere,146
sapiente,146
rossetto,146
valentia,146
special,146
alessia,146
partare,146
brina,146
zucchino,146
marineo,146
tere,145
puntualizzare,145
nadia,145
confortare,145
pongere,145
campionare,145
prestanome,145
lesivo,145
asie,145
rimpiazzare,145
acaro,145
possibilmente,145
forcone,145
risalto,145
ritagliare,145
idolo,145
ventesimo,145
rione,145
fondamentalismo,145
capillare,145
audiovisivo,145
riassetto,145
scandalizzare,145
delocalizzazione,145
dicere,145
originalità,145
sfogliare,145
barbaro,145
durissimo,145
wojty,145
venutare,145
grigia,145
motogp,145
lacerare,145
archeologo,145
e-mail,145
trapianto,145
spartizione,145
ellenico,145
segueapag,145
immondizia,144
organizzira,144
capizzone,144
cognitivo,144
affettivo,144
sipario,144
distintivo,144
officina,144
commesso,144
previo,144
detentivo,144
discusso,144
prere,144
sinonimo,144
bernardina,144
malta,144
maggior,144
tournée,144
riscuotere,144
paghere,144
utilizzazione,144
spalto,144
spoglio,144
strevo,144
convincimento,144
mono,144
verre,144
mantovano,144
capolino,144
satin,144
coffe,144
supporter,144
romagnolo,144
imprenditoria,144
prolungamento,144
basic,144
orale,144
drone,144
pascal,144
affiliare,144
embrionale,144
nomination,144
ancorché,144
endina,144
herman,144
birignai,144
ricreare,143
satirico,143
levante,143
stilistico,143
israelo,143
barbarie,143
ombrello,143
calde,143
harem,143
deviare,143
mullah,143
soggettività,143
150mila,143
giare,143
reticenza,143
calmare,143
concomitanza,143
eterogeneo,143
pensatore,143
gradino,143
bompietro,143
rinare,143
federcalcio,143
vistoso,143
teologo,143
metamorfosi,143
illustre,143
ammirazione,143
tristemente,143
arbitrale,143
almo,143
barbera,143
allegare,143
pseudo,143
umiliante,143
pantano,143
vagare,143
lievitare,143
remoto,143
mantengere,143
andina,143
esattezza,142
dimentico,142
sorvolare,142
ultrà,142
rivestire,142
stentare,142
vega,142
donald,142
commovente,142
rubinetto,142
molestia,142
bronco,142
beare,142
muovare,142
riserbo,142
ronaldo,142
gasolio,142
sforzare,142
chef,142
fiaba,142
aosta,142
calci,142
cartolina,142
litorale,142
armata,142
debitore,142
aerala,142
caratteristico,142
disabile,142
atteggiamente,142
tendenziale,142
cannabis,142
ventimila,141
triplo,141
riprese,141
accreditato,141
scuderia,141
sparse,141
battesimo,141
nomine,141
discoteca,141
vilnius,141
prelato,141
nedo,141
sfumare,141
dietrofront,141
polare,141
casalingo,141
tasto,141
finere,141
fortunare,141
infondare,141
convocato,141
reggino,141
assurdità,141
impedere,141
ungheria,141
bruciato,141
cirillo,141
berno,141
senegalese,141
disimpegno,141
occasionale,141
supplenza,141
montevarco,141
pittella,141
horror,141
fluido,141
mclaren,141
disinteresse,141
germano,141
civica,141
rifornimento,140
vare,140
radiofonico,140
fuorviante,140
barcellono,140
gomorra,140
battezzare,140
accurato,140
sgomberare,140
1947,140
armstrong,140
imponere,140
disk,140
sopruso,140
alleviare,140
parso,140
supremazia,140
dedicato,140
redattore,140
scacchiere,140
carfagna,140
somministrare,140
astro,140
restaurare,140
libera,140
moderazione,140
cenare,140
tevere,140
iridium,140
censimento,140
sembrere,140
ospitalità,140
denominazione,140
2018,140
nario,140
profezia,140
automatismo,140
rapitore,140
assestare,140
distributivo,140
memorandum,139
altissimo,139
scoop,139
seul,139
ordinato,139
baronato,139
sopravvissere,139
ducato,139
deportare,139
individualismo,139
nuto,139
soffio,139
concentramento,139
pacificamente,139
arcipelago,139
mirko,139
cresciere,139
muso,139
subalternità,139
brutalità,139
epico,139
globalizzato,139
fisica,139
antonietta,139
capeggiare,139
divenere,139
villagare,139
precauzione,139
zucchero,139
bloccano,139
teclo,139
osama,139
mostruoso,139
sorpreso,139
redditività,139
cavo,139
zanè,139
telemeccanica,139
elefante,139
intoccabile,139
mercenario,139
hans,138
simbolicamente,138
sfiduciare,138
raidue,138
sciolto,138
bassa,138
atterrare,138
continuazione,138
badare,138
schifo,138
bada,138
cavaco,138
pretestuoso,138
florida,138
raiuno,138
mapello,138
kyoto,138
insegnamente,138
lascere,138
shopping,138
annesso,138
riassunto,138
garda,138
inciucio,138
amen,138
sufficienza,138
lancetta,138
giurato,138
coatto,138
sbando,138
ikea,138
penultimo,138
fermere,138
informato,138
probatorio,138
riempie,138
moretto,138
subordinato,138
40mila,138
drammaticità,138
sbaglio,138
sciolre,138
foggia,138
percorribile,138
scaduto,138
mancavare,138
ustica,138
inale,138
pensionamento,138
additare,138
aiello,138
sconfessare,138
bergamasco,138
concludare,138
aviazione,138
rompuy,138
istamina,138
granché,137
ring,137
rovescia,137
creatore,137
lgbt,137
play,137
estrarre,137
ricalcare,137
targato,137
canton,137
embargo,137
televisore,137
unitariamente,137
orsùe,137
anticresi,137
1964,137
screditare,137
allusione,137
ayas,137
crudo,137
smetta,137
mischiare,137
tamo,137
gasdotto,137
belgrado,137
ringraziamento,137
santiago,137
cravatta,137
precedentemente,137
giuseppa,137
polmone,137
breda,137
smart,137
lapo,137
montano,137
patente,137
barletto,137
coperta,137
spartiacque,137
corno,137
pontificato,137
assange,137
novello,136
incrocio,136
ipad,136
scave,136
veglia,136
milito,136
defezione,136
ispiratore,136
costanzo,136
fondamentalisto,136
tago,136
ennio,136
innovative,136
programmato,136
sommato,136
vasca,136
naufragare,136
rialzare,136
liberalizzare,136
bile,136
eloquente,136
laterale,136
malcontento,136
ricattare,136
suddividere,136
diciassette,136
sicché,136
ingroia,136
antieroe,136
presunzione,136
impraticabile,136
bulgaro,136
catastale,136
volpe,136
manchare,136
trastevere,136
riunito,136
parallela,136
cerner,136
sacrifico,136
consolato,136
vico,136
clone,136
raitre,136
bettina,135
feeling,135
inte,135
indugio,135
omicida,135
quadrare,135
serenamente,135
preventivamente,135
rogatoria,135
precoce,135
artificio,135
schumacher,135
rivalità,135
buso,135
mazzette,135
reinventare,135
posa,135
scardinare,135
tenacia,135
infrangere,135
canarino,135
indebitato,135
dividire,135
sensibilizzare,135
lavarello,135
gaetano,135
focalizzare,135
farcia,135
irresponsabilità,135
vagliare,135
dirompente,135
concorde,135
decente,135
vegetativo,135
trae,135
autodeterminazione,135
discredito,135
necrologia,135
30226100,135
quiz,134
aggiustare,134
marchetto,134
cheto,134
spregiudicato,134
ingiustamente,134
bocciato,134
dapprima,134
discrezionalità,134
accuso,134
sganciare,134
contemporanea,134
cassetta,134
retribuire,134
invidia,134
pareggiare,134
antigovernativo,134
cucire,134
trionfare,134
utilizzato,134
mandanto,134
intransigente,134
apparivo,134
brevetto,134
simulazione,134
degenerare,134
circoscritto,134
cosciente,134
rozzo,134
scozia,134
aspira,134
deflazione,133
migratorio,133
legiferare,133
tonnellato,133
allah,133
ardo,133
andreare,133
convivente,133
scovare,133
cortesia,133
avverre,133
salsa,133
abbondante,133
divano,133
naif,133
scarcerare,133
eritreo,133
imma,133
appeal,133
riferivare,133
berlingo,133
plebiscitario,133
operatività,133
antisismico,133
sound,133
alessandria,133
perenne,133
funzionante,133
medievale,133
postumo,133
proclamazione,133
colo,133
rimessa,133
iniquità,133
papandreou,133
sussidiarietà,133
consigliera,133
ildo,133
appositamente,132
maltese,132
sottrae,132
alienazione,132
premiato,132
furio,132
satine,132
clientela,132
strepitoso,132
ricevuta,132
mandante,132
cocker,132
nicoletto,132
pala,132
gaffe,132
battuto,132
calcagna,132
ringrazia,132
ossessionare,132
bico,132
humour,132
ostia,132
cuoco,132
asfalto,132
tibetano,132
mone,132
ardito,132
grato,132
university,132
fronda,132
fiare,132
paiono,132
ideatore,132
novella,132
omnibus,132
gelato,132
micca,132
sciagura,132
bersanare,132
supplementare,132
preferibile,132
alamene,132
lasa,132
edda,132
divino,131
postmoderno,131
gotto,131
dublino,131
peculiare,131
egidio,131
aero,131
calidaro,131
veronico,131
anomalo,131
esaltante,131
1971,131
assistita,131
donato,131
disinvolto,131
fatidico,131
omertà,131
vetio,131
uruguay,131
piacevole,131
mozart,131
licenziato,131
truccato,131
parlato,131
idealmente,131
diaspora,131
venete,131
ello,131
trilogia,131
agrigento,131
truffo,131
giacere,131
afferrare,131
norris,131
astronauta,131
meteo,131
immaginabile,131
disfatta,131
attrezzatura,131
incandescente,131
neda,131
latto,131
clarence,131
cognato,131
puglio,131
eliso,131
bottino,131
illuminato,130
vesuvio,130
comincio,130
sovrintendente,130
tanti,130
severità,130
eire,130
neonazista,130
avventurare,130
curzio,130
bufala,130
sgombrare,130
elvetico,130
focus,130
settecento,130
fondamente,130
outsider,130
lamia,130
persistere,130
sorridente,130
indegno,130
trionfale,130
colazione,130
ance,130
concione,130
brand,130
dovunque,130
addestrare,130
eccessivamente,130
proponire,130
robbio,130
indeciso,130
ricomporre,130
vulcano,130
1963,130
ladro,130
sovranazionale,130
faraone,130
molotov,130
mousa,130
convulso,130
straordinariamente,130
jobs,130
prospero,130
unificato,129
polis,129
jones,129
distaccare,129
teatrino,129
botto,129
perù,129
insostituibile,129
promere,129
guarire,129
tinta,129
consolazione,129
avvertere,129
melo,129
cerchare,129
tromba,129
ottimistico,129
sondare,129
madio,129
ruffino,129
tacco,129
incitare,129
istinto,129
compaiere,129
conoscitivo,129
inverosimile,129
illuminante,129
noia,129
riconoscibile,129
cittadella,129
insistente,129
oppongere,129
melodia,129
ilaria,129
nocivo,129
canonico,129
prematura,129
deportazione,129
ammissibile,129
voragine,129
aizzino,129
lido,129
bellano,129
tarcisio,129
coreografia,129
allestente,129
scudiero,129
aggiornato,129
marginalità,129
marcato,128
mezz',128
trattenuto,128
georgia,128
mariano,128
divulgazione,128
incolumità,128
concluso,128
slot,128
lamberto,128
gionare,128
corrare,128
beccante,128
discrezione,128
bettino,128
craxi,128
donnas,128
colonizzazione,128
figuraccia,128
saccho,128
buca,128
milare,128
calavino,128
rappresentere,128
mortalità,128
obsoleto,128
monarchia,128
carrello,128
biblico,128
fotogramma,128
trascrizione,128
assaltare,128
orso,128
siccità,128
istruttorio,128
dualismo,128
tossicodipendente,128
densità,128
democristiare,128
dorsale,128
medioevo,128
rossano,128
rifinanziare,128
ashton,128
tirreno,128
artigianale,127
suprema,127
mulino,127
user,127
quattrocento,127
petrosa,127
lecco,127
musical,127
irene,127
erre,127
minerale,127
significativamente,127
disperatamente,127
fermato,127
immagare,127
depressivo,127
somministrazione,127
tantissimo,127
scampo,127
aguzzo,127
razionalizzare,127
alzheimer,127
sire,127
enunciare,127
gilberto,127
dieta,127
valente,127
timone,127
umanistico,127
farsa,127
inteso,127
radicato,127
tormentone,127
bangkok,127
intermediazione,127
imponibile,127
inimmaginabile,127
miscela,127
sherpa,127
rispolverare,127
mestra,127
telemann,126
score,126
musa,126
passività,126
alieno,126
circostante,126
orchestrare,126
tifoseria,126
immancabile,126
daily,126
cantù,126
allegato,126
odiato,126
intimare,126
olivetto,126
coinvolgare,126
emanazione,126
riconsegnare,126
rimontare,126
viterbo,126
sciire,126
stralciare,126
vertiginoso,126
lapidazione,126
inusuale,126
broker,126
lungi,126
inserto,126
condizionale,126
lussuoso,126
padrino,126
cofondatore,126
memoriale,126
xenofobo,126
amara,126
dolo,126
laguna,126
arezzo,126
platone,126
cristallo,126
procreazione,126
amar,126
liquidatore,126
oppressione,126
abitato,126
contraccolpo,126
vittorioso,126
shirt,126
stanchezza,126
emozionare,126
brade,126
lampada,126
tilt,126
allargato,126
somiglianza,126
lodè,126
giorgia,126
accorpamento,126
katia,126
allea,126
pervenere,126
falzes,126
haram,126
raffigurare,125
briccico,125
lanka,125
addestramento,125
trovata,125
lemare,125
impartire,125
sanguinario,125
ciano,125
sete,125
carmine,125
locazione,125
culo,125
manoscritto,125
lesbico,125
plebiscito,125
evacuazione,125
praga,125
tenente,125
messaggero,125
umbro,125
banalità,125
gentilone,125
benevento,125
preferenziale,125
batosta,125
1957,125
galileo,125
celi,125
magistero,125
generalizzare,125
ascanio,125
cucinare,125
neutralizzare,125
linfa,125
sottoposto,125
sisto,125
confederante,125
pluriennale,125
maestà,125
intenzionare,125
crepe,125
villetta,125
cisterna,125
auspico,125
casertano,125
riparazione,125
redigere,125
carmela,125
peculiarità,125
annui,125
psichiatra,125
ostinare,125
retrospettiva,125
camorristico,125
game,125
aggregato,125
andesite,125
boko,125
querello,124
ridefinizione,124
raffineria,124
disney,124
bipartare,124
alia,124
jorge,124
motociclismo,124
conforto,124
chiude,124
truccare,124
stuprare,124
aleggiare,124
tredicesima,124
oliviero,124
rottamare,124
gestionale,124
virginio,124
negoziazione,124
orbita,124
conflittuale,124
inceneritore,124
orto,124
clamorosamente,124
spezia,124
quadra,124
tonino,124
stomaco,124
marini,124
espediente,124
accampare,124
decollo,124
stoccolma,124
avvelenato,124
ariel,124
occhiello,124
britannica,124
dialettico,124
giacimento,124
zagabria,124
inasprire,124
chieto,124
scotta,124
ottuso,124
mangare,124
protettore,124
tris,124
populisto,124
2mila,124
locro,124
jacques,124
sabine,124
seguedallaprimao,124
vincenzore,123
general,123
nettezza,123
binetto,123
smarrimento,123
struggente,123
lettino,123
deregulation,123
arbitrario,123
fanatico,123
gualtiero,123
valter,123
festeggiamente,123
incognito,123
nervo,123
cirello,123
dilagante,123
sciascia,123
rossello,123
istruire,123
accadare,123
model,123
recidivo,123
ambulante,123
ibrahim,123
paga,123
igiene,123
pedace,123
teorizzare,123
ibrahimovo,123
inconsapevole,123
doso,123
maxi,123
ortodossia,123
sofferente,123
amplificare,123
drammaturgo,123
tobio,123
intensivo,123
osteggiare,123
proposto,123
tabulato,123
michel,123
vantaggioso,123
tibet,123
immorale,123
color,123
tesoretto,123
morello,123
propositivo,123
segretezza,123
aratore,123
strangolare,123
bombare,123
tablet,123
trota,123
padronale,122
catalogna,122
cubi,122
buenos,122
pilotare,122
intascare,122
liso,122
segreterio,122
meandri,122
immigrare,122
napoletare,122
gelosia,122
giunto,122
perire,122
lucrare,122
5000,122
united,122
comprendare,122
ubriaco,122
indigeno,122
25mila,122
conflittualità,122
woody,122
breguzzo,122
introdotre,122
urla,122
emiliare,122
mistico,122
fastidioso,122
ovadia,122
assistare,122
schiera,122
esponenziale,122
mastella,122
connotato,122
discere,122
accompagnamento,122
prigionia,122
depotenziare,122
strettissimo,122
cino,122
emozionante,122
detassazione,122
fatturazione,122
scontrino,122
masie,122
greca,122
scarico,122
filiare,122
superfluo,122
fulmine,121
limare,121
fata,121
vicolo,121
pianto,121
annoverare,121
fide,121
periodicamente,121
magazine,121
inclino,121
vagone,121
penetrazione,121
centriro,121
finanziatore,121
dedire,121
allungamento,121
bancomat,121
trovere,121
volkswagen,121
invitato,121
ipocrita,121
blair,121
crocifisso,121
patetico,121
vincitrice,121
tenerezza,121
machiavello,121
tram,121
stupratore,121
utilizzabile,121
patriottico,121
amsterdam,121
accente,121
trimestrale,121
connotare,121
siede,121
appare,121
conoscente,121
bernato,121
trascurabile,121
sottrazione,121
bobino,121
surplus,121
potire,121
sparizione,121
turbolenza,121
dazio,121
verdura,121
tandem,121
scorgere,121
guanto,121
inerente,121
disegnatore,121
biondo,121
meravigliare,121
imola,121
molecola,121
trasparenti,121
standing,121
indebire,121
educaticela,121
filare,120
tradotto,120
globo,120
confudere,120
boomerang,120
bernese,120
sfare,120
lario,120
tragitto,120
gilda,120
combattivo,120
sciocchezza,120
doloso,120
indiana,120
frenata,120
spugna,120
sentenziare,120
incrinare,120
otterre,120
lima,120
pomeridiano,120
fortune,120
lana,120
pollo,120
improduttivo,120
precondizione,120
calvino,120
arcega,120
target,120
rush,120
migratore,120
copyright,120
rinnegare,120
angelico,120
genovare,120
sleale,120
caotico,120
zavorra,120
nordico,120
spianare,120
anacronistico,120
attentare,120
eden,120
gazprom,120
femminismo,120
inerto,120
antifascismo,120
achilla,120
presagire,120
castagneto,120
progredire,120
arrampicare,120
1959,120
busto,120
junior,120
lungimiranza,120
autocritico,120
maxiemendamento,120
zaio,120
infernale,120
harvard,120
rodriguere,120
ventuno,120
400mila,120
illusorio,120
defunto,120
caltagirone,119
infranto,119
nordcoreano,119
accingere,119
amareggiare,119
scalpore,119
cazzo,119
riattivare,119
rieleggere,119
analitico,119
ingenuità,119
rabbino,119
becco,119
datare,119
corruttore,119
rodolfo,119
giornato,119
incoronare,119
sovversivo,119
nordafricano,119
birra,119
lizza,119
rotazione,119
cargo,119
cratere,119
costola,119
foza,119
dovevamo,119
scheletro,119
lenin,119
rimpiangere,119
chiesre,119
inascoltare,119
bussare,119
robot,119
sceicco,119
letre,119
vezzo,119
svincolare,119
costituzionalmente,119
condire,119
giorgiare,119
lucca,119
lussemburghese,119
nascare,119
becera,119
1966,119
paglia,119
bresciare,118
orizzontale,118
glia,118
pugile,118
insuccesso,118
pregiato,118
colombiano,118
tombale,118
inesorabilmente,118
storto,118
djokovic,118
mercantile,118
evincere,118
svendere,118
trovo,118
insensato,118
fondale,118
miracoloso,118
menzionare,118
cesso,118
perbene,118
univoco,118
agevole,118
bluo,118
paggio,118
scheggia,118
tanta,118
immissione,118
coppola,118
famigliare,118
reggente,118
ampiezza,118
sincera,118
slovenia,118
asprino,118
neutrale,118
dibattere,118
rinascimento,118
lunga,118
davo,118
acustico,118
rapito,118
complicazione,118
modenese,118
orbo,118
folto,118
miriam,118
conduce,118
avvocatura,118
incassi,118
baluardo,118
predisposto,118
tremonto,118
tango,118
nepe,118
celeberrimo,117
carnefice,117
mania,117
alluminio,117
setaccio,117
verbo,117
lettuccio,117
obbedire,117
calza,117
liberia,117
incardinare,117
maranello,117
incongruenza,117
timidezza,117
riposare,117
iceberg,117
pagano,117
salvador,117
credente,117
borso,117
eccedere,117
miraggio,117
simulare,117
incombente,117
coca,117
comacino,117
gergo,117
priori,117
simona,117
stregare,117
partes,117
corporazione,117
irripetibile,117
sincerità,117
confessionale,117
attratto,117
sensibilmente,117
riassume,117
registrato,117
vile,117
biodiversità,117
pneumatico,117
psicologo,117
scorcio,117
partecipò,117
rico,117
mozzarella,117
corrispettivo,117
roteale,117
sfilata,117
caricatura,117
pacato,117
prenotare,117
satanica,117
pinochet,117
conformità,117
limbo,117
camper,117
conferimento,117
gommone,117
giuliani,117
forfait,117
ricollocazione,117
disaffezione,117
scalfalo,117
controllata,117
emergenziale,117
libertario,116
roosevelt,116
gang,116
terendere,116
alpina,116
interinale,116
procedare,116
triangolo,116
affiliato,116
ameno,116
responso,116
pugni,116
spagno,116
rabat,116
prescelto,116
carnevale,116
sostitutivo,116
distorto,116
immore,116
discendente,116
hinterland,116
tradure,116
inasprimento,116
eleonora,116
gemma,116
satem,116
ratio,116
tozzo,116
autogol,116
mutilazione,116
incurante,116
fabbricato,116
tito,116
pessimista,116
squallido,116
svantaggiato,116
finirebbe,116
fortezza,116
bollente,116
temù,116
eticamente,116
commistione,116
cono,116
prematuro,116
concia,116
superficialità,116
lasso,116
interagire,116
hurre,116
governatrice,116
boato,116
accanire,116
scellerato,116
arretratezza,116
ammortamento,116
finari,116
country,116
arbitrato,116
alleggerimento,116
sospesa,116
elettronica,116
baviera,116
ballerina,116
sosterre,116
induzione,116
commemorare,115
ripescare,115
autenticità,115
pellegrinaggio,115
artiglieria,115
rinforzare,115
interista,115
agguerrito,115
inquieto,115
borbone,115
friulo,115
venture,115
salere,115
celestino,115
interverre,115
stampato,115
recluso,115
tragicamente,115
enfatizzare,115
esorcizzare,115
apice,115
resoconto,115
condoglianza,115
considerevole,115
testimonial,115
capitanare,115
napoleone,115
furgone,115
spicciolo,115
musico,115
fassare,115
crotone,115
strumentalmente,115
passerella,115
banteng,115
sublime,115
giotto,115
profetico,115
scampare,115
tramutare,115
allen,115
costantino,115
intendare,115
patriarca,115
applicabile,115
arvier,115
1200,115
stregua,115
bangladesh,115
reiterare,115
adige,115
repentino,115
fernandel,115
inaudito,115
elisa,115
originare,115
morando,115
gabello,115
lucchetto,115
esplorazione,115
percento,115
attenuante,115
esaurimento,115
marte,115
capua,115
atmosfere,115
mirabile,115
adottato,115
miso,115
semestra,115
regressivo,115
mutato,115
indignalo,115
scacciare,114
reagita,114
arcaico,114
mite,114
petroniano,114
evoluto,114
anomala,114
disappunto,114
maltrattamente,114
utopia,114
ivano,114
avvincente,114
chioso,114
sgradevole,114
friulano,114
commissaria,114
videogioco,114
volevamo,114
roll,114
bega,114
poderoso,114
gratitudine,114
zitto,114
comparso,114
ritocco,114
logistica,114
indelebile,114
eccidio,114
separatista,114
forobe,114
efferato,114
porteere,114
omero,114
autobiografico,114
riscrittura,114
violino,114
itro,114
uragano,114
1953,114
strutturato,114
icone,114
cantina,114
verere,114
sbarrare,114
tutore,114
marianna,114
serial,114
moralmente,114
inghiottire,114
know,114
demandare,114
pisana,114
emarginazione,114
stivale,114
residuale,114
aneddoto,114
inscenare,114
adito,114
secolare,114
europeismo,114
rese,114
detrai,113
contestatore,113
rivoluzionare,113
verissimo,113
avorio,113
sradicare,113
asticella,113
cristian,113
schizzare,113
boia,113
ararat,113
catanese,113
verosimilmente,113
lavo,113
dissoluzione,113
rolling,113
singapore,113
persa,113
ventisetta,113
perfezionare,113
vanno,113
cieli,113
pervenire,113
affollato,113
piccolissimo,113
frammentare,113
ambasciare,113
fiere,113
sacca,113
marsiglia,113
brecht,113
reintrodurre,113
ecosistema,113
piergiorgio,113
duale,113
leggina,113
esotico,113
pistoia,113
orsa,113
hansen,113
prese,113
lenzuolo,113
marmo,113
abbinare,113
istruttore,113
corteggiare,113
vacillare,113
miserabile,113
chino,113
retroattivo,113
élita,113
disseminare,113
differenziato,113
canna,113
stellare,113
ammiraglio,113
compattezza,113
stremare,113
patrizio,113
ambedue,113
semi,113
manageriale,113
fondativo,113
alale,113
designazione,113
ripiegare,112
sony,112
opposte,112
schiller,112
pedro,112
vincent,112
macelleria,112
esordiente,112
illimitato,112
imbarazzare,112
tabellone,112
ritrae,112
mitigare,112
servare,112
notorietà,112
astronomia,112
poster,112
cattiveria,112
rivisitazione,112
virare,112
afflusso,112
sgarbo,112
riconosciuto,112
cessate,112
didattica,112
perdurante,112
filippine,112
collisione,112
gianluigio,112
rifondare,112
antologia,112
proibito,112
miccia,112
squalificare,112
frantumare,112
mantova,112
burma,112
andrew,112
torare,112
igor,112
sfogare,112
cavaliero,112
invalidità,112
jeep,112
missionario,112
velenoso,112
grammo,112
visibilmente,112
ritrarre,112
sortire,112
institore,112
assordante,112
controllore,112
cuor,112
kazako,112
estese,111
monoposto,111
razzistare,111
nutrito,111
opportunamente,111
ceppo,111
incoraggiamento,111
effe,111
calais,111
nullo,111
quest,111
1955,111
covare,111
thyssenkrupp,111
attare,111
tifare,111
legaccio,111
travestire,111
distinti,111
contemporaneità,111
litigio,111
dogma,111
verifico,111
maiore,111
clemenza,111
accertato,111
trentamila,111
antisommossa,111
gestiscire,111
ladrone,111
strozzare,111
cerchia,111
thailandia,111
ehud,111
brutalmente,111
animatore,111
dirigenziale,111
derubricare,111
rivalutare,111
maine,111
diano,111
capitalizzazione,111
single,111
luis,111
riuscita,111
pallido,111
olimpiadi,111
implacabile,111
masque,111
potabile,111
griglia,111
amanda,111
accorrere,111
rinviabile,111
riconsiderare,111
plenario,111
riproposizione,111
fermat,111
infermiera,111
vivevare,110
alone,110
amburgo,110
pregresso,110
amos,110
epopea,110
implicitamente,110
culmine,110
stonar,110
svaria,110
clou,110
spontaneamente,110
auge,110
detrito,110
tabloid,110
masso,110
latitudine,110
afgano,110
conformismo,110
dislocare,110
perentorio,110
marinella,110
farso,110
terrazza,110
tulio,110
scaffale,110
risata,110
narcotraffico,110
scordare,110
unicamente,110
dura,110
capitalistico,110
sciare,110
fittizio,110
antisindacale,110
ostare,110
confortante,110
umanesimo,110
festivo,110
velare,110
sponsorizzazione,110
applaudere,110
avvantaggiare,110
sussulto,110
lemio,110
spiritualità,110
potrare,110
visionare,110
brianza,110
invariare,110
acceleratore,110
furbetto,110
frosinone,110
adriana,110
prare,110
maya,110
esasperazione,110
bertone,110
pompiere,110
addebitare,110
interlocuzione,110
reportagere,110
notoriamente,109
fantomatico,109
meramente,109
mascherato,109
fischio,109
tano,109
eugenia,109
campa,109
albert,109
aeronautica,109
equipe,109
adriano,109
ricollocare,109
abilitazione,109
inique,109
marchare,109
neoliberismo,109
coeso,109
fruire,109
oltreoceare,109
importantissimo,109
cesara,109
erode,109
fannullone,109
tiziano,109
proteina,109
pallare,109
poliziesco,109
porporato,109
manicomio,109
progressisto,109
eroga,109
annoderò,109
plodio,109
risalente,109
artefice,109
atomo,109
unghia,109
riscossione,109
ferreo,109
line,109
polverone,109
inefficiente,108
pubblicato,108
baseball,108
munizione,108
granato,108
columbia,108
silente,108
sabotaggio,108
invasivo,108
sfortunato,108
rabbioso,108
ausilio,108
alain,108
galleggiare,108
domicilio,108
promettente,108
savino,108
mattanza,108
radiotelevisivo,108
affamato,108
latero,108
fazzoletto,108
chiamarono,108
batto,108
carrara,108
allevamento,108
sentare,108
bottone,108
intrigo,108
stortura,108
freschezza,108
gerardo,108
coronare,108
delinquente,108
inquietare,108
stimato,108
sassario,108
antidemocratico,108
fabbricare,108
cullare,108
incredulo,108
scolpire,108
prevedare,108
london,108
annodare,108
orma,108
collegiale,108
grattacielo,108
cacciata,108
bloomberg,108
illegittimità,108
spungere,108
cilindro,108
carbonio,108
pressante,108
istigazione,108
rossini,108
aizzo,108
deposto,108
moccolo,108
perdurare,108
causale,108
rovesciamento,108
valutario,108
atterre,108
trono,108
barroso,108
verosimile,107
indicativo,107
inaugurale,107
berlinese,107
plaus,107
illuminazione,107
allertare,107
esaltazione,107
toscare,107
dilettante,107
danzatore,107
pronuncare,107
enza,107
annegare,107
gruppetto,107
audience,107
sconforto,107
editing,107
bolognare,107
dici,107
cooperare,107
nordovest,107
interrotto,107
processione,107
modella,107
educatore,107
indigesto,107
mariangela,107
agra,107
enos,107
accarezzare,107
furbizia,107
redino,107
datato,107
ricercato,107
orrendo,107
sopprimere,107
posticipare,107
costanza,107
dizione,107
save,107
fraternità,107
impeccabile,107
biscotto,107
insanguinare,107
spogliare,107
radicalità,107
beppino,107
4mila,107
alterazione,107
puccino,107
biologia,107
megafono,107
ecologia,107
borgiallo,107
barletta,107
risultanza,107
imbarazzanto,107
podestà,107
sovrapposizione,107
ungherio,107
annidare,107
timoshenko,107
debacle,106
gates,106
indebitare,106
rincorsa,106
catherina,106
cortese,106
cassonetto,106
mazzini,106
quali,106
governato,106
1965,106
leso,106
dritta,106
consiliare,106
corridore,106
infame,106
asciutto,106
bambina,106
lungomare,106
esercitazione,106
teologico,106
drogare,106
irrimediabilmente,106
immere,106
jugoslavia,106
confesso,106
controcorrente,106
nottata,106
ricomposizione,106
scaletta,106
scomodare,106
poetica,106
mores,106
apostolo,106
consacrare,106
utopio,106
ostinazione,106
lattiero,106
avversione,106
cota,106
caporalato,106
antenna,106
mitra,106
rettifica,106
riconoscenza,106
angelus,106
risso,106
duetto,106
genitale,106
candela,106
caere,106
insoddisfazione,106
aggravio,106
concorrenziale,106
rajoy,106
aditolo,106
gianpaolo,106
karma,106
goto,106
amatacela,106
capriccio,105
espiatorio,105
colmo,105
invecchiamento,105
geminie,105
respintare,105
abele,105
fans,105
disinvoltura,105
controvere,105
ragionevolezza,105
ricordere,105
altolà,105
liberio,105
ventilare,105
mannaia,105
bardo,105
silvano,105
lapide,105
1950,105
600mila,105
politecnico,105
dipanare,105
sinfonico,105
porcato,105
click,105
infastidire,105
plurimo,105
miele,105
binomio,105
acciaieria,105
xenofoba,105
camillero,105
angelettare,105
marsala,105
tronco,105
sproporzionato,105
adriatica,105
conterre,105
wolfgang,105
rianimare,105
trattativo,105
stoccaggio,105
riduttivo,105
vincenza,105
tantissima,105
tardare,105
fardello,105
infarto,105
tesserato,105
cole,105
escamotage,105
promosso,105
erariale,105
kart,105
sciite,105
limni,105
bombar,105
discussa,105
glenire,105
unitamente,105
accese,105
insidiare,105
aggiotaggio,105
tenebra,105
cada,104
siderurgia,104
paro,104
metal,104
bravura,104
santità,104
adolfo,104
genero,104
decenza,104
stone,104
travolgente,104
confidenza,104
pezza,104
oscillare,104
papale,104
amazon,104
pineto,104
manlio,104
eccetera,104
terziario,104
violo,104
servo,104
appesantire,104
maligno,104
irrazionale,104
affar,104
fomentare,104
approntare,104
bosso,104
farino,104
scomodi,104
posare,104
chopin,104
pollica,104
puntualizza,104
arrogante,104
dilatare,104
miriade,104
penalmente,104
sionista,104
purezza,104
proves,104
florido,104
correlare,104
gelare,104
trivellazione,104
boccio,104
petroliera,104
lascito,104
festino,104
bardello,104
ovare,104
matassa,104
underground,104
primavere,104
unitaonline,104
casalduno,104
penso,103
bestseller,103
identikit,103
pubblichiamo,103
sismi,103
esta,103
caloroso,103
casino,103
depenalizzazione,103
scimmia,103
bacare,103
scafista,103
ferruccio,103
tollerabile,103
brace,103
sovrastare,103
abbare,103
atalanta,103
scalfa,103
snodare,103
precludere,103
tralasciare,103
pedagogico,103
rinascere,103
mondezza,103
uffizio,103
erosione,103
pontificia,103
furibondo,103
strino,103
esiguo,103
tentennamento,103
1946,103
nolo,103
amento,103
attestato,103
personalizzato,103
scalario,103
ventaglio,103
dallas,103
insospettabile,103
1956,103
capellino,103
neutralità,103
boneo,103
trasformismo,103
servirebbero,103
cauzione,103
bielorussia,103
connivenza,103
jersey,103
accusatorio,103
enea,103
verze,103
quindicina,103
capofila,103
salento,103
monal,103
credire,103
proficuo,103
fere,103
corvo,103
mogherino,103
statutario,103
padoan,103
bonsai,103
sapiens,102
demone,102
regolarizzare,102
applicato,102
sequestratore,102
plauso,102
colombia,102
toronto,102
unicef,102
nine,102
culla,102
livornese,102
traiettoria,102
alitalare,102
apparse,102
shanghao,102
rovescio,102
horn,102
appetibile,102
bullo,102
sovente,102
azeglio,102
comminare,102
battare,102
rivolgare,102
oltraggio,102
adempiere,102
stringe,102
licio,102
reggina,102
gela,102
rifiere,102
incompiuto,102
atout,102
cinare,102
sebastiano,102
olivier,102
pentire,102
sperato,102
abbondantemente,102
introducere,102
sorteggio,102
budapest,102
dance,102
catasto,102
sconcertare,102
tennista,102
disaccordo,102
momentaneo,102
cecenia,102
idratazione,102
loredano,102
oscillazione,102
ante,102
1929,102
ribaltone,102
caldeggiare,102
nilde,102
inondare,102
sterminato,102
galare,102
orleans,102
empirico,102
tormentare,102
murge,102
andini,102
solennemente,102
misurazione,102
tecnocratico,102
raggiunto,102
cesarò,102
arenala,102
chela,101
canaro,101
palliativo,101
tonina,101
innamorato,101
materialmente,101
nunzio,101
equazione,101
tenaglia,101
distogliere,101
declassare,101
fondalino,101
elizabeth,101
deviato,101
tagliente,101
raggruppare,101
coso,101
albertina,101
lotteria,101
predere,101
abortire,101
serpente,101
ignobile,101
bongiorno,101
dismisura,101
ottocentesco,101
drammaturgia,101
calendarizzare,101
socioeconomico,101
riaprere,101
studiano,101
infuocato,101
esasperato,101
doppiare,101
ventre,101
armeno,101
contrassegnare,101
biscione,101
minerario,101
oltrepassare,101
malinconia,101
fascio,101
cassaforte,101
spiccano,101
coniglio,101
ipotizzato,101
cineasta,101
vittore,101
sana,101
esonero,101
originariamente,101
generano,101
democrito,101
roder,101
torgere,101
discusse,101
intimidatorio,101
disdetta,101
eurostat,101
candido,101
circuì,101
ergei,101
salatito,101
eterologo,101
colonialismo,100
pantheon,100
insider,100
caravaggio,100
appurare,100
esortazione,100
bondo,100
conteso,100
romanista,100
moltiplicazione,100
soddì,100
yacht,100
etichettare,100
catanio,100
premiazione,100
invettiva,100
travagliato,100
aura,100
gesuita,100
ripartere,100
bacchetta,100
peloso,100
ricchissimo,100
eque,100
controriforma,100
arsenal,100
operante,100
grandioso,100
arcobaleno,100
calvario,100
inca,100
calvo,100
1954,100
augurere,100
spietare,100
simonetta,100
morgan,100
fungere,100
monopolo,100
involontario,100
folgorante,100
californiano,100
menù,100
togato,100
collezionare,100
interdetto,100
potentissimo,100
cadenza,100
disattendere,100
humus,100
specialistico,100
ripropone,100
juncker,100
pretendire,100
rimasre,100
riempiere,100
autosufficiente,100
spiacevole,100
deterrente,100
ballata,100
boccata,100
oltreché,100
green,100
caruso,100
cape,100
anselma,100
3000,99
setta,99
cappella,99
provvidenza,99
stipare,99
michelle,99
ancare,99
guardiola,99
dinastia,99
categorico,99
1958,99
deduzione,99
mater,99
kurdistan,99
dispensare,99
arrabbiato,99
inaugura,99
esprimo,99
cedolare,99
masi,99
metallico,99
crociato,99
strascico,99
alae,99
fossato,99
broncone,99
apocalittico,99
apprendista,99
cosmico,99
accuratamente,99
metodologia,99
collante,99
spezzone,99
com',99
spiego,99
faldone,99
orio,99
calcare,99
focolaio,99
steppa,99
conteggiare,99
dannato,99
antidoping,99
diploma,99
indolore,99
trentennio,99
scatenato,99
capitalista,99
tornere,99
apprensione,99
thiago,99
mattia,99
popoloso,99
iraqo,99
intoppo,99
ahimè,99
accostamento,99
legittimamente,99
vela,99
marra,99
traghettare,99
ru486,99
monaca,99
desiderato,99
floc,99
fanciulla,99
dismesso,99
titolarità,99
fusco,99
scagionare,99
reinserimento,99
pulsante,99
gravoso,99
ammorbidire,99
cernobbio,99
genoma,99
manifattura,99
carnet,99
kitsch,99
compressione,99
acro,99
aristo,99
tirocinio,99
laccale,99
shalabayere,99
vernice,98
piramide,98
capitaneria,98
chiere,98
disponere,98
addis,98
novo,98
vulnerabilità,98
scout,98
agitato,98
pioniero,98
stanford,98
corollario,98
fiabe,98
maneggiare,98
superato,98
delizioso,98
chiesta,98
retroattività,98
nipponico,98
lombarde,98
caimano,98
collaboratrice,98
specialità,98
dotato,98
preso,98
perseguitato,98
editorialista,98
contado,98
patteggiamento,98
perpetuare,98
parmigiano,98
municipalizzata,98
ciccio,98
afilla,98
gesta,98
scandinavo,98
allestito,98
declinazione,98
pian,98
tenero,98
bosniaco,98
dichiarato,98
oxfam,98
affaristico,98
sforare,98
raffreddare,98
balcano,98
incominciare,98
desolante,98
ecologio,98
beniamino,98
hawaii,98
strevere,98
alamaro,98
mollo,98
sconsigliare,98
deliberazione,98
sgravio,98
consapevolmente,98
manovrare,98
corredare,98
interessamento,98
riferibile,98
progettuale,98
romney,98
sirte,98
istinte,97
emendare,97
pandemia,97
rotondi,97
sparata,97
proseguere,97
scivolone,97
rivoltoso,97
affrontere,97
egemone,97
figuro,97
patronato,97
diluire,97
gradone,97
nina,97
delirante,97
harare,97
convalidare,97
accollare,97
lello,97
risalita,97
rimando,97
emblema,97
depositato,97
orologeria,97
tempestivamente,97
confido,97
250mila,97
rivolge,97
sopravvento,97
proletario,97
quattromila,97
soro,97
accorato,97
sporcare,97
detrattore,97
disgregazione,97
farglio,97
concepito,97
compiacere,97
legalmente,97
rammentare,97
torrente,97
ammissibilità,97
confezione,97
agiio,97
riunificazione,97
dotto,97
ercolino,97
rimaarr,97
stasi,97
usher,97
infiammare,97
onestamente,97
tratteggiare,97
violenta,97
saccheggio,97
volontariamente,97
fitzgerald,97
coltura,97
dylan,97
fruttare,97
democratica,97
frettoloso,97
prospettivo,97
cubo,97
scleroso,97
ohio,97
grinta,97
invitano,97
scossone,97
donzello,97
alcunché,97
dinamismo,97
basilare,97
donadone,97
geometria,97
salvifico,97
personalismo,97
stringire,97
valutere,97
spoglia,97
rayman,97
teseo,97
promozionale,97
guerina,97
scola,97
ramadan,97
tiepido,96
riavviare,96
biga,96
morde,96
congruo,96
approvvigionamento,96
brez,96
scapolo,96
ungere,96
sequela,96
schiarita,96
labbra,96
tuffo,96
racket,96
sferrare,96
primare,96
ottenuto,96
gogna,96
sminuire,96
piceno,96
latinoamericano,96
allevare,96
lincoln,96
millenno,96
chierre,96
sandrare,96
titanic,96
forcing,96
sovra,96
volutamente,96
notaio,96
fisionomia,96
collabora,96
sabotare,96
assolto,96
rotella,96
irraggiungibile,96
eduardo,96
tormento,96
rame,96
bulgario,96
arro,96
arrangiamento,96
continuere,96
pensavamo,96
proliferare,96
immatricolazione,96
avvertono,96
avvertimente,96
nokia,96
pordenone,96
scendare,96
indetta,96
atrano,96
torro,96
nientemeno,96
pienotto,96
arancia,96
vendolao,96
jeso,96
demanio,96
leasing,96
spese,96
1938,96
rognone,96
imparzialità,96
strema,96
samuele,96
demaniale,96
rere,96
mediano,96
intervenuto,96
sonorità,96
borsone,96
scurito,96
samo,96
imperversare,96
twittere,96
personalizzazione,96
consultivo,96
spiacere,95
capro,95
usum,95
coperte,95
rigenerazione,95
incompetenza,95
agosta,95
carcerato,95
tamil,95
necessitano,95
torbido,95
intimità,95
serpeggiare,95
imitazione,95
antino,95
fuggono,95
marciapiede,95
ledere,95
pecorella,95
spoleto,95
reprimere,95
partenariato,95
coltellata,95
logoramento,95
gustare,95
ardara,95
full,95
internazionalizzazione,95
fulcro,95
chiameresta,95
8mila,95
laurentino,95
soldino,95
rossellare,95
contrastante,95
compassione,95
appannaggio,95
retrocedere,95
chat,95
dizionario,95
umido,95
solferino,95
virgola,95
teramo,95
rimpatro,95
dacia,95
parodia,95
bugiardo,95
salvacondotto,95
avidità,95
coniare,95
ruino,95
conservatorismo,95
armatore,95
inesauribile,95
samuel,95
divampare,95
flore,95
strenuo,95
riecheggiare,95
erigere,95
inta,95
crescendo,95
vibo,95
designato,95
pierpaolo,95
contrattare,95
casualmente,95
choè,95
simbolica,95
beatificazione,95
arrangiare,95
truman,95
permettare,95
sgarbi,95
supplemento,95
jacopo,95
anticostituzionale,95
prelieve,95
spericolato,95
illuso,95
acronimo,95
asinaia,95
alao,95
piglio,95
samsung,95
dimettare,95
maastricht,95
cliché,95
tesore,95
stupidità,95
configurazione,95
sepoltura,95
ricompattare,95
candidere,95
snello,95
bavarese,95
contropartita,95
cerchere,95
disarmare,95
sprigionare,94
prospetto,94
gonfio,94
etiopia,94
benefico,94
troupe,94
frizione,94
decoro,94
laggiù,94
gradito,94
traino,94
stento,94
qatare,94
fotocopia,94
imperdonabile,94
elusione,94
stravagante,94
qualificante,94
mastro,94
rivisitare,94
ambrosiano,94
ritoccare,94
eudoro,94
insetto,94
misericordia,94
costretto,94
anca,94
talorare,94
bakù,94
cospetto,94
confinante,94
olga,94
bosone,94
annunziato,94
rincarare,94
spacciatore,94
sottomarino,94
temibile,94
donate,94
bonificare,94
sinagoga,94
sienare,94
doors,94
xxiii,94
suez,94
profeto,94
cintura,94
acciaro,94
petardo,94
adelco,94
contraddittore,94
ineccepibile,94
riavvicinare,94
esulta,94
cucino,94
variabilità,94
artico,94
ritmico,94
estromettere,94
missilistico,94
impresentabile,94
facendolo,94
contingenza,94
taiwan,94
sussistenza,94
elargire,94
illazione,94
amministrativa,94
daccare,94
rimodulazione,94
votere,94
revisore,94
bolerini,94
fumogeno,93
hippy,93
annientare,93
lamentela,93
viscere,93
chirurgia,93
presentatore,93
tobago,93
modellare,93
acquea,93
sarcasmo,93
seimila,93
endemico,93
invidiare,93
abate,93
briciolo,93
chilooetro,93
assolo,93
irreparabile,93
piazzetta,93
versato,93
partecipo,93
piangono,93
traversata,93
paride,93
anse,93
dandy,93
suisio,93
sorretto,93
bellocchio,93
feudo,93
addormentare,93
giurisdizionale,93
diciannove,93
baldassarre,93
scalfire,93
preconizzazione,93
rights,93
minuscolo,93
gota,93
snobbare,93
metto,93
intendire,93
affinità,93
patata,93
cartina,93
correlazione,93
bevanda,93
lehman,93
bulgaria,93
strisciante,93
rachele,93
ripartenza,93
denice,93
turo,93
metterla,93
pretendare,93
fissazione,93
ironio,93
agevolato,93
dottorato,93
uble,93
tecno,93
antiveggenza,93
natalizia,93
cognomo,93
governane,93
enne,93
cinzia,93
hubble,93
fungo,93
ricandidatura,93
ordire,93
charlia,93
barbero,93
racconti,93
fioravante,93
luciare,93
disorientare,93
democratizzazione,93
transessuale,93
soffitta,93
modernizzare,93
imperfetto,93
falcamo,93
obbedienza,93
predisposizione,93
arpa,93
statura,93
arrancare,93
insaputa,93
cuccia,93
cremonese,93
tirrenica,93
liscio,92
garofano,92
trading,92
impiantare,92
enciclopedia,92
haaretz,92
invariato,92
comitare,92
ascoltatore,92
giovan,92
tengare,92
batterista,92
galdinare,92
arazzo,92
rovinoso,92
denno,92
catai,92
sestro,92
impastato,92
garzaire,92
newyork,92
massoneria,92
watch,92
plateale,92
offuscare,92
colpevolmente,92
esequie,92
eretico,92
consuntivo,92
immune,92
approvato,92
abitualmente,92
rimbalzo,92
antonietto,92
ergere,92
opacità,92
scalzare,92
passero,92
benedii,92
pedale,92
ambrare,92
sedicente,92
12mila,92
ponente,92
smarcare,92
fumata,92
dicevamo,92
monia,92
riescare,92
hockey,92
martinello,92
tornado,92
inconcepibile,92
transnazionale,92
legato,92
rire,92
scranno,92
idrocarburo,92
civitavecchia,92
vissere,92
volfango,92
vibrante,92
maturazione,92
lettare,92
bonifico,92
sottopore,92
motu,92
liturgia,92
pienezza,92
acquedotto,92
mariastella,92
rivisto,92
mediocre,92
carretta,92
passerare,92
ballottaggo,92
banana,92
supercoppa,92
cofinanziamento,92
avrere,91
inagibile,91
infangare,91
bruneo,91
ruba,91
svolgare,91
razione,91
scottante,91
isabellare,91
barace,91
toccante,91
accelerato,91
notifica,91
samar,91
indulgenza,91
onirico,91
gina,91
fondamentalmente,91
ambulatorio,91
cervo,91
ufficialità,91
oltranzista,91
juve,91
recentissimo,91
nonna,91
abere,91
monastero,91
claudiare,91
menare,91
irragionevole,91
disprezzare,91
soprintendente,91
amai,91
contrappese,91
geometrico,91
perpetuo,91
rifornire,91
strale,91
esonerare,91
calcestruzzo,91
amica,91
alvaro,91
60mila,91
isolano,91
fasta,91
potessero,91
approssimativo,91
qual,91
roger,91
chiacchierare,91
raggruppamento,91
cogna,91
aggancio,91
pillo,91
chalet,91
marcone,91
crescire,91
shell,91
gemelle,91
ineluttabile,91
irricevibile,91
sinfonia,91
ricettazione,91
slow,91
immensa,91
addossare,91
affino,91
separatamente,91
riscoperta,91
traspare,91
monace,91
orfeo,91
fume,91
fabiano,91
annetto,90
tratti,90
sudest,90
barga,90
ferimento,90
dismettere,90
urlo,90
schiacciante,90
noce,90
polvero,90
70mila,90
udire,90
forzista,90
pressanto,90
disonesto,90
ovazione,90
procinto,90
carneficina,90
tiburtina,90
cire,90
ultime,90
ignaro,90
prenotazione,90
esca,90
assurda,90
scottare,90
barbo,90
ateo,90
patteggiare,90
seduzione,90
inconfondibile,90
anomale,90
costruiscere,90
provocatore,90
basile,90
immane,90
cancellato,90
tiziare,90
oppio,90
latta,90
disparato,90
cameriere,90
sedare,90
moscere,90
capienza,90
tagliato,90
neutro,90
commercializzazione,90
budello,90
zaccaria,90
austis,90
fiammingo,90
urgere,90
tiranno,90
liberalismo,90
patrick,90
ristorazione,90
diossina,90
pakistano,90
effimero,90
mitologia,90
malico,90
nerazzurra,90
westerwelle,90
ammassare,90
cigni,90
graphql,90
citarista,90
mais,90
sventura,90
scarsità,90
rachela,90
posizionamento,90
questionario,90
nutrizione,90
vampiro,90
cavillo,90
valentinare,90
invalicabile,90
interloquire,90
alato,90
inadempienza,90
ammodernamento,90
esultanza,90
carcerazione,90
tottenham,90
penelope,90
caterinare,89
atrocità,89
beneficenza,89
monetaria,89
tonfano,89
modus,89
dorare,89
golf,89
curato,89
carovana,89
saharare,89
attendibilità,89
specificamente,89
violentemente,89
dedurre,89
abbondanza,89
omettere,89
sposato,89
montalcino,89
lontananza,89
bridge,89
viatico,89
sahara,89
adagiare,89
demo,89
ambiare,89
bassissimo,89
compiaco,89
disfare,89
jessica,89
muratore,89
inconscio,89
inseguimento,89
sciito,89
tute,89
valzer,89
mistificazione,89
vagamente,89
quinquennio,89
lavorato,89
allorché,89
olierò,89
plaudere,89
adam,89
introdotta,89
attaccamento,89
incorporare,89
vacante,89
siglato,89
autobomba,89
ragionevolmente,89
smorzare,89
neofascisto,89
casinò,89
gandhi,89
sposa,89
dettagliare,89
stravolgimento,89
reciprocamente,89
svendita,89
iconare,89
novecentesco,89
doues,89
arrivato,89
crocevia,89
avendolare,89
ineleggibilità,89
giochino,89
denominatore,89
spalmare,89
bernino,89
rocchella,89
inflessibile,89
square,89
eterosessuale,89
kaiman,89
mucchio,89
disobbedienza,89
riesumare,89
trust,89
indicibile,89
vortice,89
jintao,89
wimbledon,89
comparare,89
alitino,89
scooter,89
ascensore,89
predetto,89
ludovico,89
incriminazione,89
lambro,89
camicetta,89
partecipata,89
motors,88
incompleto,88
diabolico,88
cicchire,88
incatenare,88
disattenzione,88
sortita,88
preghiere,88
frequentatore,88
ecumenico,88
affogare,88
saigon,88
libraio,88
lambire,88
protettivo,88
clorico,88
sindaca,88
arato,88
premito,88
cavallino,88
investigazione,88
godimento,88
abilmente,88
altura,88
cretino,88
olino,88
filmo,88
sollecito,88
scippo,88
succo,88
immutato,88
laces,88
telex,88
scrivare,88
vissure,88
1949,88
intrinseco,88
presentato,88
tirar,88
sordina,88
multare,88
rampollo,88
fandango,88
statuetta,88
frustrare,88
rigetto,88
manila,88
campanile,88
luciana,88
consesso,88
inflitto,88
hobby,88
buonismo,88
1952,88
degradare,88
pressare,88
attribuisce,88
personalistico,88
sessantina,88
sceneggiare,88
aleggio,88
maometto,88
anzio,88
pascolo,88
juventino,88
amatoriale,88
marcella,88
marescialle,88
agrario,88
stremo,88
vegetale,88
cerino,88
osamare,88
cancan,88
sciitare,88
autoritare,88
approda,88
hostess,88
informatica,88
auspichare,88
propulsivo,88
rimettare,88
marijuana,88
zampino,88
calibrare,88
lirica,88
annoso,88
avviato,88
ravvicinare,88
nulo,88
tronto,88
poor,88
fuggere,88
schiantare,88
crollato,88
ostinato,88
account,88
pecoraio,88
fruizione,88
buffone,88
metafisico,88
parentela,88
scientifica,88
pigiatone,88
secessionista,88
detentore,88
ravaglio,88
locomotivo,87
opinionista,87
vanità,87
decifrare,87
marchigiano,87
pretendente,87
squisitamente,87
buonsenso,87
capolinea,87
2500,87
trinitario,87
rossa,87
veronica,87
straziante,87
contemporanee,87
ravvicinato,87
danneggiato,87
menzione,87
brusca,87
colare,87
insolvenza,87
rolare,87
gregario,87
sudore,87
tafferuglio,87
tamponare,87
consolo,87
trionfante,87
secret,87
pragmatismo,87
artefico,87
tendenzialmente,87
inco,87
cannone,87
bagarre,87
superbo,87
indisponibilità,87
dissero,87
costere,87
portato,87
svolre,87
jennifer,87
gramsci,87
gabon,87
eletta,87
issare,87
ininterrotto,87
corsetto,87
statta,87
iniqua,87
evocativo,87
pronosticare,87
second,87
infinitamente,87
pertino,87
euforia,87
scommesse,87
promulgare,87
rivitalizzare,87
bolivia,87
antiriciclaggio,87
atelia,87
cosma,87
scultore,87
diffidare,87
laudere,87
impadronire,87
pubblicizzare,87
richiamira,87
agonistico,87
negro,87
cooperante,87
collera,87
basilea,87
assisi,87
portatile,87
ictus,87
pizzico,87
plusvalenza,87
afillo,87
grosse,87
brillii,87
beccuzzo,87
amadeo,87
nunzia,87
ingovernabilità,87
lobbista,87
apprezza,87
deteriorare,87
scrabble,87
f-35,87
solenno,86
mattutino,86
risolti,86
rinforzio,86
gramscare,86
pupillo,86
finanzia,86
dunia,86
opponere,86
istruito,86
sottotitolo,86
spione,86
aureo,86
siracusa,86
romanziere,86
disincanto,86
entusiasmante,86
aizzare,86
conciare,86
rosi,86
placer,86
frano,86
agostina,86
geneticamente,86
dosso,86
prevista,86
preavviso,86
attrico,86
eretta,86
fabbro,86
nazionalizzazione,86
valdese,86
riflettare,86
manfrede,86
nide,86
iniettare,86
primitivo,86
farmacisto,86
infamia,86
tumultuoso,86
documentato,86
riacquistare,86
galtellì,86
dock,86
ciampino,86
penalista,86
metano,86
imprevista,86
linda,86
allerta,86
dichiaratamente,86
teocratico,86
magnitudo,86
giova,86
valico,86
rimasero,86
occhiata,86
fraudolento,86
ilenia,86
totem,86
ravvisare,86
zurigo,86
vaccinazione,86
guarnello,86
desaparecidos,86
spengere,86
fabbricazione,86
autoritarismo,86
senior,86
fato,86
particolarità,86
lazzaro,86
ventidue,86
amone,86
smottamento,86
grossa,86
dilaniare,86
morosità,86
tatticismo,86
chierico,86
salentino,86
preparatorio,86
federare,86
immunitario,86
psichiatria,86
pollare,86
contraffazione,86
cesenare,86
dissipare,86
roland,86
guarguaglino,86
arsa,86
mistura,86
incorrere,85
publio,85
bici,85
estetica,85
bullismo,85
splendore,85
topolino,85
bace,85
toyota,85
stillicidio,85
prosperare,85
reddire,85
inclinazione,85
retto,85
avido,85
rilettura,85
resoconte,85
emersione,85
faraonico,85
rianimazione,85
presiedutare,85
ambientalisto,85
determinere,85
aerare,85
carife,85
corresponsabile,85
amedeo,85
intricato,85
visconte,85
negligenza,85
intransigenza,85
comprimere,85
emesso,85
graffito,85
planck,85
schianto,85
infiltrato,85
preparativo,85
sospettato,85
infinita,85
vicepresidenza,85
tripla,85
incivile,85
reggia,85
sterminare,85
estensore,85
negri,85
insembre,85
becero,85
bonello,85
partitile,85
adela,85
coreografo,85
patologico,85
fellino,85
recitazione,85
fuorigioco,85
taccuino,85
cito,85
chiese,85
sentere,85
woodcock,85
graz,85
chiodio,85
convalida,85
apocalisse,85
giovenco,85
fognario,85
garbo,85
affisso,85
alcolico,85
supposto,85
vinte,85
eredita,85
miliband,85
paragrafo,85
arianna,85
imparziale,85
pestare,85
moltitudine,85
maledizione,85
raddrizzare,85
lovero,85
adamare,85
comicità,85
800mila,85
populistico,85
ercole,85
macello,85
maserato,85
diabete,85
prologo,85
children,85
urbinato,85
detengere,85
cocente,85
crocettare,85
abbonamento,85
voga,85
agorà,85
confindustriale,85
assone,84
renata,84
asserragliare,84
cantore,84
falcidiare,84
anteriore,84
ghiaione,84
termo,84
spauracchio,84
giustizialista,84
suddito,84
mucca,84
macinare,84
malese,84
vigoroso,84
avvalorare,84
cellio,84
formaggio,84
arroccare,84
energico,84
troverere,84
genitoriale,84
erno,84
impantanare,84
emolumento,84
retaggio,84
colla,84
nitido,84
conoscare,84
vecchia,84
partecipe,84
insignificante,84
inosservare,84
prosperità,84
dimezzato,84
variegare,84
lievemente,84
pseudonimo,84
andy,84
adama,84
straccione,84
imperante,84
deputare,84
assaggio,84
unto,84
contraddire,84
contestuale,84
cece,84
modificato,84
nadiare,84
famigliario,84
abortivo,84
inverso,84
pentimento,84
stagno,84
trattore,84
mamelo,84
meritocrazia,84
bebè,84
incendiario,84
sporgere,84
contraddistinguere,84
anders,84
intentare,84
tolto,84
ignorante,84
ibis,84
ferie,84
inutilità,84
sante,84
oscillo,84
adira,84
ritrovo,84
generalista,84
candidabile,84
rigenerare,84
differenziazione,84
plasmare,84
implicito,84
urgentemente,84
siciliere,84
corruttivo,84
implicire,84
fegato,84
orbace,84
paternopolo,84
indicizzazione,84
proietto,84
bino,84
sarah,84
delibere,84
hassio,84
tesco,84
accumulato,84
carlare,84
ilcommento,84
fuciliere,84
bilanciamento,83
deprimere,83
petrello,83
domare,83
riferendoso,83
imperiale,83
signorino,83
sagome,83
fuorilegge,83
suino,83
telegraph,83
senonché,83
aggiungare,83
insicuro,83
stimo,83
incidare,83
indo,83
celebrità,83
meridiano,83
oratorio,83
fiaccolato,83
implosione,83
vessazione,83
1951,83
diversificare,83
applicativo,83
annoiare,83
biografico,83
giudicante,83
dulia,83
immerso,83
tendone,83
impaurire,83
bono,83
prepotente,83
abare,83
primopiano,83
sfregio,83
sfuggono,83
ingiustificare,83
cementare,83
eccentrico,83
batter,83
fortino,83
sbarazzare,83
bila,83
gallino,83
look,83
stemperare,83
museale,83
oppresso,83
antenato,83
estradare,83
dies,83
bersagliare,83
incanto,83
appenninico,83
sudafrico,83
staso,83
nizza,83
colon,83
procedire,83
separatisto,83
affollano,83
segregazione,83
chinare,83
tariffario,83
polla,83
scomunica,83
aggredito,83
unilateralmente,83
presero,83
rovente,83
campus,83
figurativo,83
radicalismo,83
apparecchiatura,83
comprere,83
ritocchio,83
contiguità,83
trave,83
suscettibile,83
arrecare,83
dicevo,83
affo,83
svantaggiare,83
nocciolo,83
introduttivo,83
falsificare,83
disagiato,83
zenit,83
mutuare,83
allein,83
collezionista,83
scalzo,83
irrevocabile,83
liberatorio,83
annessione,83
movimentazione,83
coprifuoco,83
stranamente,83
azionale,83
sorpassare,83
multiculturale,83
pdoggiare,83
vicinissimo,82
indetto,82
bambola,82
viziare,82
licia,82
anticorpi,82
velatura,82
sassolo,82
ester,82
fatturare,82
respingimento,82
fabriano,82
subappalto,82
gestazione,82
preferere,82
ambientazione,82
balilla,82
tappare,82
stanare,82
esile,82
abrogativo,82
mirano,82
affrancare,82
casetta,82
forzoso,82
italianità,82
infinire,82
casomai,82
scomparse,82
cornale,82
papabile,82
burocrato,82
antiberlusconismo,82
inquinato,82
fondello,82
driver,82
itinerante,82
teorema,82
imbroglio,82
martirio,82
vincio,82
montalbano,82
mancante,82
finn,82
suffragio,82
antropologia,82
triplicare,82
risato,82
viabilità,82
soffitto,82
millimetro,82
duca,82
baraco,82
ermanno,82
comparazione,82
nuvolosi,82
acere,82
raggiungibile,82
pirandello,82
trampolino,82
nazifascismo,82
ammalato,82
cerco,82
falde,82
tuareg,82
adulterio,82
eietto,82
antecedente,82
ferrere,82
inglobare,82
militarmente,82
alpine,82
condizionato,82
pochissime,82
portatrice,82
utro,82
dettame,82
manipolo,82
coordinato,82
polverine,82
bloccate,82
arbitrio,82
acclamare,82
niccolare,82
omesso,82
guam,82
scivoloso,82
arcangelo,82
frittella,82
avversare,82
asfittico,82
redina,82
irrealistico,82
adare,82
insuperabile,82
decaduto,82
sacralità,81
office,81
avventuroso,81
presi,81
brone,81
trattenimento,81
snaturare,81
danzare,81
avallo,81
prosciogliere,81
scrutare,81
isabello,81
quindicenne,81
cascina,81
alatame,81
acato,81
poveraccio,81
contraddistinto,81
spoletto,81
dispiaciere,81
ricetto,81
cugina,81
scippare,81
maestranza,81
ducare,81
miamo,81
statico,81
bartolo,81
riconosco,81
esternare,81
fatalità,81
livido,81
rivolgono,81
dedica,81
diagnosticare,81
giure,81
zoccolo,81
attraente,81
cream,81
inadatto,81
resurrezione,81
workshop,81
investente,81
cecità,81
traume,81
erica,81
bandierina,81
celebrano,81
venute,81
interministeriale,81
ottimale,81
piacimento,81
accusatore,81
involuzione,81
discostare,81
divina,81
lucente,81
pallottola,81
ascia,81
erogato,81
seriale,81
gianrico,81
traballante,81
stimolante,81
camo,81
frequentemente,81
diluvio,81
fatiscente,81
matrimoniale,81
gestivare,81
fenice,81
attrattivo,81
cracking,81
2050,81
martoriare,81
frangente,81
categoricamente,81
abete,81
malamente,81
nicolò,81
alano,81
medicare,81
tania,81
bersele,81
sindone,81
autosufficiere,81
compartecipazione,81
celere,81
morgana,81
ceramica,81
lunghissima,81
pervere,81
generalità,81
trasloco,81
milva,81
samaro,81
cozzo,81
contabilizzare,81
baconiano,81
baco,81
adempimento,81
grugliasco,81
esigente,81
gubbio,81
apuano,81
fukushimo,81
avitolo,81
listello,80
discale,80
spiegel,80
servile,80
riappropriare,80
politologo,80
attestamento,80
truccho,80
anatema,80
ruvido,80
arrone,80
varzo,80
disso,80
sfavorevolo,80
poema,80
opportuna,80
assimilare,80
ibrido,80
tizio,80
abbonato,80
decurtazione,80
urbanistica,80
insistare,80
portico,80
salato,80
indonesia,80
rammaricare,80
suscire,80
scoprare,80
ritornello,80
casalinga,80
inizare,80
salaria,80
scadente,80
ripercorre,80
risibile,80
mantello,80
realizzato,80
molteplicità,80
divinità,80
insormontabile,80
appaltare,80
criminalizzare,80
ferraris,80
materasso,80
suggellare,80
antisemito,80
praticante,80
albertino,80
ecuador,80
haifa,80
diedero,80
acre,80
irlandendere,80
diminuì,80
incontrollabile,80
benita,80
mordere,80
olivo,80
conda,80
ritenuto,80
filiano,80
pallino,80
lagarde,80
pack,80
ragioniere,80
ottomila,80
tanzania,80
gioire,80
remake,80
autodifesa,80
scorciatoie,80
ipotecare,80
celtico,80
tirannia,80
minere,80
capiscare,80
rivo,80
facilitazione,80
livio,80
stoffa,80
inderogabile,80
impetuoso,80
rodata,80
dogana,80
spendina,80
altoforno,80
avvolge,79
bioetico,79
rene,79
prince,79
resecare,79
groviglio,79
marziano,79
implementare,79
world,79
offerto,79
bloccata,79
ingranaggio,79
collecchio,79
presenziare,79
cortocircuito,79
iowa,79
celesto,79
bancare,79
sfidanto,79
tiziana,79
80mila,79
capisaldi,79
nomenclatura,79
corrompere,79
cremasco,79
disastrato,79
sacre,79
braccetto,79
iseo,79
esoso,79
iorio,79
accusato,79
misfatto,79
tempestività,79
infierire,79
tata,79
allarmo,79
dittatoriale,79
consapevolezzare,79
francescanio,79
preparatore,79
capitalizzare,79
rastrellare,79
masai,79
aster,79
sassofonista,79
evocazione,79
wemby,79
miopia,79
meditazione,79
preservativo,79
crepuscolo,79
adottivo,79
impossessare,79
hill,79
imbrigliare,79
ascoltato,79
sessant',79
criminoso,79
ping,79
affronto,79
campiello,79
arnad,79
qualsivoglia,79
aspramente,79
trentennale,79
trucidare,79
matteotto,79
ritirata,79
indisponibile,79
oculare,79
mercurio,79
riduca,79
auspicato,79
collaborativo,79
sfoderare,79
provvista,79
belisario,79
informatire,79
manterre,79
tipicamente,79
viviana,79
residue,79
congegno,79
diniego,79
vien,79
cullo,79
porno,79
indivisibile,79
telemeccanico,79
causo,79
escere,79
addensare,79
filippina,79
farmacologico,79
skype,79
scelgere,78
densa,78
servere,78
messo,78
illustratore,78
strumentazione,78
rubato,78
saliente,78
avvistare,78
fashion,78
sopportabile,78
aspo,78
1941,78
insistire,78
sprezzante,78
satirare,78
manna,78
coredo,78
chieder,78
disinteressare,78
susseguirso,78
ingrano,78
assemblare,78
comino,78
inconcludente,78
ribatta,78
enormità,78
giovano,78
andrò,78
giancarlo,78
positività,78
ingorgo,78
bering,78
liceale,78
dissolvere,78
incappare,78
chetare,78
boves,78
prepensionamente,78
rispore,78
gridano,78
gire,78
insegno,78
sare,78
palmare,78
progettualità,78
labirinto,78
estemporaneo,78
perennemente,78
dottoressa,78
magnete,78
espropriare,78
tortuoso,78
reps,78
puntellare,78
dissimile,78
autovettura,78
rimosso,78
sfasciare,78
antireligioso,78
scolare,78
coefficiente,78
rousseau,78
referto,78
moreno,78
meli,78
iroso,78
1940,78
monticello,78
consacrazione,78
incalcolabile,78
utilizzatore,78
osservanza,78
volturno,78
mansuè,78
apologia,78
atlante,78
bracciolo,78
avatar,78
condensare,78
sensato,78
pecuniario,78
tino,78
conseguimento,78
arteria,78
farfalla,78
inchiostro,78
carbonia,78
bassetto,78
spegnimento,78
enciclica,78
potter,78
muover,78
approvante,78
cesario,78
zelo,78
dianare,78
relazionale,78
balivo,78
computo,78
priebo,78
severare,78
gheddafo,78
compratore,77
tonfo,77
cechov,77
berlina,77
diseguale,77
connotazione,77
milena,77
bruciante,77
respiratorio,77
ingrossare,77
raffinare,77
scientificamente,77
simeone,77
steward,77
bastione,77
nicchia,77
pertinente,77
trichet,77
bruscamente,77
ospedaliere,77
omaggiare,77
louis,77
giornaliero,77
inconciliabile,77
disgusto,77
onorificenza,77
affannare,77
clara,77
precetto,77
forzisto,77
inneggiare,77
assoli,77
meditato,77
presuppone,77
suite,77
vanto,77
garantiscare,77
svuotamento,77
frate,77
localizzazione,77
adiacente,77
sentito,77
impermeabile,77
persistenza,77
victoria,77
legalizzazione,77
congiura,77
leggare,77
direttorio,77
censire,77
dubbia,77
ruspa,77
centralismo,77
avanza,77
falsificazione,77
lucas,77
assiso,77
socialisto,77
progressiva,77
terribilmente,77
accaparrare,77
granitico,77
ultimare,77
pollico,77
bona,77
incollare,77
bordello,77
labile,77
obiettore,77
modestia,77
calogero,77
pago,77
acritico,77
lukashenko,77
burro,77
eccezionalità,77
albrire,77
raiano,77
brigaglio,77
banchina,77
tridimensionale,77
incredulità,77
nobiltà,77
pegno,77
nominato,77
balcanico,77
sultano,77
spiccato,77
1936,77
rapportare,77
sloveno,77
deindustrializzazione,77
erroneamente,77
palpabile,77
avio,77
carla,77
sassolino,77
naturalezza,77
giorgetto,77
impegnato,77
studiere,77
realizzabile,77
durissime,77
dirimere,77
landa,77
rada,77
lottizzazione,77
affinare,77
moire,77
racco,77
sodare,77
egida,77
crociere,77
banconota,77
raccomandi,77
tudisco,77
ricavo,76
luson,76
castiglione,76
imperniare,76
tuffare,76
protesi,76
disillusione,76
sodo,76
azionariato,76
continuativo,76
quattrino,76
squillo,76
murdoch,76
schivo,76
estere,76
decapitare,76
bionda,76
umorismo,76
esilarante,76
modico,76
imputabile,76
oligarca,76
faver,76
genuino,76
zittire,76
pogrom,76
diametralmente,76
rechare,76
sisifo,76
propone,76
carestia,76
subendo,76
keniano,76
spallata,76
servilio,76
aristocratico,76
esco,76
steinbr,76
cabaret,76
screening,76
diretti,76
risucchiare,76
sopraffazione,76
abusivismo,76
tina,76
perlopiù,76
sturzo,76
giovanissima,76
erro,76
morris,76
riconquista,76
spregiudicare,76
questiona,76
schiare,76
robin,76
contrasta,76
panso,76
intensamente,76
bestemmia,76
nuoro,76
occupire,76
clientelare,76
sconfinare,76
ripudiare,76
lettere,76
teoricamente,76
crociare,76
maldestro,76
psichedelico,76
drivo,76
miliare,76
contagioso,76
gioacchino,76
brunello,76
riguadagnare,76
condannano,76
bernare,76
mazzetta,76
strutturalmente,76
dipendare,76
rassegnato,76
tecnocrazia,76
credenza,76
fading,76
rally,76
protestante,76
inviolabile,76
torchio,76
conoscitore,76
mise,76
fabbrico,76
watt,76
smarrito,76
lampante,76
ingegno,76
prospettere,76
atalantare,76
sintese,76
portere,76
ferrarese,76
peste,76
eneide,76
mcdo,76
rema,76
casey,76
cementificazione,76
nerina,76
preporre,76
goldman,76
sachs,76
circolante,76
franare,76
velleità,76
scattere,76
chiodo,76
damocle,76
power,76
genziano,76
redistribuire,76
pilla,76
bernini,75
riduce,75
sciame,75
fattoria,75
spasso,75
alchimia,75
consumismo,75
piena,75
uscari,75
maroni,75
prema,75
dolcezza,75
indipendentista,75
alloggiare,75
linciaggio,75
raikkonen,75
evolutivo,75
faenza,75
aletto,75
referendare,75
piaccia,75
jazeera,75
edge,75
fatalmente,75
onnipotenza,75
arthur,75
vinti,75
stralci,75
sfoggiare,75
irlando,75
intriso,75
affluire,75
annuncare,75
rimodulare,75
senegal,75
paganello,75
capovolgere,75
tastiera,75
stones,75
pink,75
rumoroso,75
montale,75
digita,75
lungamente,75
sfrenato,75
scarpone,75
accoltellare,75
nipotino,75
macabro,75
saccheggiare,75
smuovere,75
edificante,75
desideroso,75
briciola,75
monda,75
convogliare,75
informatore,75
agevolmente,75
ferretto,75
sexy,75
slegare,75
centravanti,75
altero,75
dissidio,75
mongolico,75
armonizzare,75
buste,75
grimaldo,75
rasserenare,75
terziare,75
educaticelo,75
selva,75
fraterno,75
cautelario,75
traducere,75
accadimento,75
rapinatore,75
carosello,75
vecchione,75
insignire,75
predellino,75
camorrista,75
grammatica,75
inondazione,75
infedele,75
baricentro,75
assoldare,75
dota,75
dinosauro,75
variamente,75
bagnare,75
internalizzazione,75
sedicenne,75
accezione,75
hobbit,75
indiscriminare,75
baldo,75
accluso,75
domini,75
raccomande,75
dara,74
moralista,74
fanciullo,74
mortaio,74
ridiscutere,74
vedovo,74
farmacista,74
madone,74
sparato,74
prostituire,74
ingrassare,74
agere,74
futile,74
delta,74
signorina,74
banalmente,74
ricoverato,74
manu,74
macchione,74
guardo,74
scarica,74
impalcatura,74
cieca,74
ferrone,74
brindare,74
terrificante,74
ponzale,74
impastare,74
variegato,74
allodola,74
riviera,74
finalisto,74
palmiro,74
esorbitante,74
reintroduzione,74
ammenda,74
assogliere,74
appor,74
bruce,74
sociologia,74
recita,74
giordano,74
spronare,74
chiudono,74
memore,74
verificabile,74
neon,74
offese,74
esproprio,74
totalitario,74
spal,74
sdoganare,74
sconvolgimento,74
bollino,74
equiparazione,74
trentenno,74
garden,74
attraere,74
snocciolare,74
possente,74
oasi,74
venduto,74
alcool,74
decrescita,74
leggoo,74
mathi,74
mons,74
atterraggio,74
marker,74
moore,74
scarsamente,74
cameriera,74
decentramento,74
settemila,74
enrique,74
touca,74
adamo,74
svalutare,74
affore,74
cappa,74
degradante,74
corredo,74
fiji,74
simboleggiare,74
insorgere,74
riprovare,74
ascolo,74
recuperato,74
uniformare,74
sessantotto,74
tabaccare,74
interpellanza,74
recedere,74
appiccare,74
jeff,74
europeisto,74
insinuazione,74
maleo,74
zeus,74
luigio,74
attualizzazione,74
pire,74
scrupoloso,74
camonica,74
sottratta,74
inferiorità,74
papavero,74
frantumazione,74
alonso,74
primopiare,74
ornagli,74
comunemente,73
goffredo,73
malformazione,73
faoo,73
dopodomano,73
ramala,73
farmacie,73
eredere,73
lucano,73
camuffare,73
maoisto,73
appennino,73
sfore,73
armonizzazione,73
accomodare,73
geloso,73
reiterato,73
cader,73
este,73
condo,73
amleto,73
vapore,73
normalizzazione,73
quieto,73
sciocco,73
khartoum,73
stranezza,73
manifatturiera,73
sidney,73
emancipare,73
compire,73
lendere,73
coordinata,73
erasmus,73
mariella,73
calmo,73
propenso,73
diffido,73
commissariale,73
murale,73
allarmismo,73
graio,73
autocritica,73
stucco,73
osannare,73
dazione,73
proibizione,73
discussi,73
alterno,73
enclave,73
puntualizzazione,73
pamphlet,73
avvia,73
avverare,73
progressione,73
scarseggiare,73
dasà,73
campagno,73
matita,73
anglicano,73
bernardino,73
princere,73
terzino,73
risente,73
cridere,73
picchetto,73
tampone,73
accada,73
marziale,73
stoccarda,73
rolo,73
balzello,73
difendare,73
ripianare,73
midollo,73
pervasivo,73
medusa,73
propagare,73
windows,73
incensurato,73
contrabbasso,73
scioccante,73
sforbiciata,73
piazzato,73
perdono,73
andora,73
teca,73
disfacimento,73
bucare,73
soprannominare,73
annunziare,73
reciprocità,73
space,73
gonfaloniero,73
fobia,73
clown,73
scottanto,73
contaminato,73
fidato,73
bufalino,73
discipline,73
responsabilmente,73
lorenzina,73
nonna|nonno,73
lorenzin,73
mediatale,73
enigma,72
raffaello,72
malto,72
esine,72
scavo,72
4000,72
infettare,72
professoressa,72
sedile,72
puntiamo,72
integralismo,72
debellare,72
antipatico,72
ilio,72
robrire,72
assomiglia,72
berzo,72
polveriera,72
incare,72
beve,72
samoa,72
cresta,72
aspi,72
farge,72
balistico,72
ebraismo,72
flaminio,72
alveo,72
privazione,72
incipit,72
giuridicamente,72
apparrere,72
sistina,72
esse,72
padrona,72
1942,72
deliberatamente,72
niue,72
ariano,72
impreso,72
rivelatore,72
apparve,72
attanagliare,72
spaventato,72
sharp,72
fanatismo,72
predicatore,72
drogo,72
beato,72
distendere,72
vinicio,72
arrede,72
autogoverno,72
cannataro,72
edicolao,72
dissociare,72
trincerare,72
inattivo,72
riprendare,72
giuslavorista,72
cementano,72
gradualità,72
realista,72
gramsco,72
cibale,72
opportunismo,72
enigmatico,72
cocktail,72
elider,72
volgario,72
ruanda,72
metter,72
mietere,72
ammonimento,72
tartaruga,72
frigorifero,72
prescritto,72
veritiero,72
rosanna,72
morbo,72
demonizzare,72
prediligere,72
ronaldinho,72
spielberg,72
scampato,72
terminal,72
deprimente,72
vessillo,72
evanescente,72
falce,72
rovigo,72
promuovare,72
deregolamentazione,72
sottostare,72
adepto,72
astone,72
smentito,72
sottosuolo,72
guevarare,72
facto,72
colorado,72
turbolento,72
locato,72
festeggiano,72
giochare,72
passivamente,72
iaea,72
potestà,72
feretro,72
castellammare,72
appostare,72
ricci,72
bear,72
pediatrico,72
ventimiglia,72
giampa,72
serina,72
ciononostante,71
dimaro,71
1933,71
reinvestire,71
favorita,71
panama,71
congeniale,71
cascata,71
emme,71
carezza,71
toccò,71
intifada,71
estenuante,71
malumoro,71
imperia,71
porro,71
eccoci,71
tacciare,71
sentir,71
catalogare,71
plus,71
volantinaggio,71
garantista,71
cofanetto,71
drappello,71
senz,71
corista,71
tiratore,71
atta,71
trasposizione,71
pazzesco,71
sarcastico,71
quaranto,71
otre,71
tonco,71
reims,71
ventisei,71
quest',71
salvato,71
xenofobi,71
neuro,71
spray,71
achea,71
alfabeto,71
aubry,71
corresponsabilità,71
elette,71
decurtare,71
lapidario,71
concertane,71
organigramma,71
albano,71
aggravamento,71
incisione,71
oratore,71
talpa,71
impazzito,71
basterebbero,71
oxford,71
anticamera,71
amministrato,71
legalizzare,71
concertare,71
osceno,71
sottomettere,71
prodigo,71
terraferma,71
ristagno,71
abbozzare,71
british,71
morbillo,71
rettificare,71
multilaterale,71
rampante,71
riccarda,71
consensuale,71
cinquantamila,71
rapinare,71
ricare,71
nilo,71
1600,71
ereditario,71
sottraere,71
comincire,71
geddo,71
aloso,71
lavagna,71
petronà,71
chirac,71
affardella,71
carno,71
lumo,71
brooklyn,71
musso,71
scomposto,71
calce,71
mosse,71
stazionare,71
stalla,71
stoccare,71
taggio,71
risare,71
ingrare,71
diana,71
giannantonio,71
lauto,71
zaino,71
antigua,71
indovinare,71
sontuoso,71
ammortizzare,71
riqualificare,71
stadium,71
realisticamente,70
santi,70
trionfa,70
atmosferico,70
ininterrottamente,70
fender,70
corner,70
catalane,70
divorziare,70
tosta,70
chelidre,70
vene,70
pierfrancesco,70
dovizioso,70
ricambiare,70
duecentomila,70
bozzo,70
rasmussen,70
gremire,70
crucis,70
ispettivo,70
pansa,70
assa,70
esistire,70
freddare,70
ordinativo,70
deformazione,70
irriverente,70
torrido,70
trentacinque,70
eurolandia,70
malaria,70
accettere,70
effettuato,70
tritolo,70
magda,70
godo,70
adii,70
dodicesimo,70
accidentale,70
socialità,70
burrascoso,70
touco,70
entere,70
termometro,70
riino,70
frontex,70
malesiano,70
sapone,70
controffensiva,70
abbaiare,70
sgretolare,70
spirae,70
organdi,70
acerra,70
accelero,70
rincara,70
grinza,70
imprecisato,70
esperta,70
depresso,70
convinte,70
avare,70
nuotare,70
rinegoziare,70
creditrico,70
incluso,70
menu,70
crinale,70
merino,70
felicemente,70
deborah,70
intrusione,70
brave,70
sproporzione,70
anarchia,70
universalistico,70
educato,70
proterre,70
spero,70
chiarere,70
folgorare,70
segnato,70
briga,70
conquistato,70
proseguimento,70
pragare,70
iglesias,70
onde,70
esaustivo,70
volano,70
replicano,70
guizzo,70
ligurio,70
brescio,70
poligono,70
cronologico,70
bucarest,70
mercare,70
illustrato,70
redio,70
quintetto,70
franchigia,70
accogliente,70
indumento,70
contestano,70
zappo,70
addire,70
cristoforo,70
sanguinare,70
notabile,70
predominio,70
alitale,70
desertificazione,70
accattivante,70
utilizza,70
bozzolino,70
divergente,70
costellazione,70
cadde,70
steccato,70
bombola,70
superman,70
matthew,70
traslocare,70
considerato,70
ripetitivo,70
trascorso,70
miracolosamente,70
inceppare,70
edmore,70
saldatura,70
reimpianto,70
rimasto,70
natalità,70
sostenare,70
65mila,70
celleno,70
grama,70
appia,70
copto,70
convergente,70
preliere,70
rigorista,70
cottanello,70
achillo,69
dimostrativo,69
deflagrare,69
xenofobe,69
ricavato,69
amministro,69
infettivo,69
frammentato,69
riferendosare,69
valletta,69
prosciutto,69
insanguinato,69
velleitario,69
desta,69
password,69
mazara,69
oliva,69
spin,69
assolve,69
onofrio,69
impunito,69
collegialità,69
aprirebbe,69
perseguimento,69
barale,69
elea,69
assia,69
coccio,69
gianpiero,69
melodico,69
intessere,69
addur,69
emano,69
unicità,69
manico,69
antare,69
imbastire,69
geologico,69
imbarazzato,69
lottano,69
elemosina,69
natan,69
michigan,69
manicomo,69
restaurazione,69
flero,69
rigare,69
narcoso,69
contraltare,69
alzato,69
mastroianni,69
editorio,69
assillo,69
raimore,69
abbonamente,69
impreparare,69
aude,69
riscaldare,69
epos,69
empatia,69
orco,69
1924,69
propagandare,69
delicare,69
riabilitare,69
decano,69
omologazione,69
mariso,69
mappatura,69
incriminato,69
bruna,69
ospire,69
claire,69
oscurità,69
lombardio,69
specifica,69
agiato,69
capì,69
malavitoso,69
rivoltare,69
adempimenti,69
sentivare,69
intestino,69
comunicatore,69
6mila,69
ufficioso,69
squarciare,69
fallace,69
stavre,69
smisurato,69
gomito,69
adibire,69
mastra,69
rai3,69
ricapitalizzare,69
telefonicamenta,69
sviluppano,69
dirittura,69
imbottire,69
lesinare,69
incroco,69
andana,69
solitaria,69
conclamato,69
figurina,69
incarnazione,69
arasso,69
avversaria,69
zagrebelsky,69
baffone,69
fiaccolata,69
impropriamente,69
puzza,69
allocazione,69
trapiantare,69
stuart,69
residuare,69
possiedono,69
cirenaica,69
scrobogno,69
infestare,68
acare,68
sceriffo,68
armonico,68
paolini,68
saggia,68
robi,68
appiattire,68
zante,68
beckham,68
isare,68
affermato,68
sembianza,68
scott,68
mandello,68
tirato,68
marrazzo,68
acne,68
tagliola,68
snob,68
legittima,68
esimere,68
zuckerberg,68
smacco,68
ibera,68
raffronto,68
appuntare,68
decretazione,68
pulitzer,68
conferente,68
ecomafia,68
sanzionatorio,68
verdone,68
vele,68
protezionismo,68
steinmeier,68
improvvido,68
censore,68
sfigato,68
astronomico,68
esprima,68
remota,68
raggiunte,68
salpare,68
ricompensare,68
ricostruere,68
rastrellamento,68
sporadico,68
coraggiosamente,68
forgiare,68
woods,68
bollato,68
corporale,68
psica,68
moltiplicatore,68
vulgata,68
eccedenza,68
incondizionare,68
girandola,68
incoerente,68
positire,68
distensione,68
assembleeo,68
cerchiato,68
pola,68
disertore,68
rispettere,68
feriale,68
nevicata,68
newton,68
neoeletto,68
jiabao,68
discapito,68
eclettico,68
ingiurre,68
preconcetto,68
bottazzo,68
prateria,68
alienare,68
corricela,68
imperiali,68
latera,68
indisturbare,68
asprio,68
arese,68
galletto,68
fideiussione,68
restauratore,68
rivendere,68
ricostituire,68
fucilare,68
intralciare,68
rode,68
coabitazione,68
idraulico,68
merda,68
inaffidabile,68
spintare,68
trasfertare,68
sterilizzare,68
pallavolo,68
antichità,68
petruzzella,68
moravia,68
capone,68
bizzarra,68
bortolo,68
graticola,68
sparsa,68
olimpia,68
brevemente,68
retrovia,68
ratee,68
water,68
alfonsare,68
sebenico,68
bibita,68
austero,68
intrapreso,68
sommozzatore,68
sansone,68
piccione,68
garros,68
medium,68
giuseppino,68
staglio,68
misurata,68
dumping,67
identificato,67
indistinto,67
labbro,67
pattugliamento,67
attrezzo,67
incuriosire,67
soprano,67
gerusalemme,67
votò,67
scarno,67
ovviare,67
micaela,67
tornaconto,67
imperio,67
disgraziato,67
areno,67
enna,67
diesel,67
assoggettare,67
filippino,67
fotografa,67
mutamente,67
baiso,67
epurazione,67
mensilità,67
contenure,67
arido,67
help,67
mezza,67
alzo,67
egea,67
extracomunitario,67
sottolineatura,67
chic,67
abnorma,67
gliela,67
appendice,67
quoziente,67
arpione,67
fusano,67
brevissimo,67
lire,67
minsk,67
pettegolezzo,67
propugnare,67
brandire,67
palazzetto,67
partitodemocratico,67
invidiabile,67
eritrea,67
betta,67
duccio,67
ragazzina,67
pendenza,67
dibattire,67
lanzillotto,67
perversa,67
veridicità,67
7mila,67
inadempiente,67
produre,67
puzzare,67
1921,67
incentivazione,67
pioniere,67
dettoce,67
piaga,67
edema,67
pila,67
pessima,67
precursore,67
approssimazione,67
addolorare,67
maltrattare,67
misurato,67
nevicare,67
bellavista,67
risi,67
modulare,67
lastrico,67
weimar,67
sassare,67
giustizialismo,67
tonno,67
angloamericano,67
tropicale,67
giubbotto,67
ludico,67
conversare,67
bidone,67
primordiale,67
aperitivo,67
maghetto,67
sudditanza,67
astore,67
attribuere,67
bonato,67
timo,67
contere,67
riavere,67
operatorio,67
amelia,67
iridare,67
segrate,67
costrizione,67
scioccare,67
scommettitore,67
industrializzazione,67
esigibile,67
radioattività,67
delimitare,67
tegola,67
previe,67
ristrettezza,67
giove,67
aukland,67
montanario,67
insurrezione,67
ingrandimento,67
diurno,67
tereso,67
shaker,67
antigas,67
cognizione,67
sedurre,67
caccio,67
istituzionalizzare,67
margaret,67
brivio,67
anonymous,67
calve,66
immortale,66
obitorio,66
1930,66
oleg,66
petrolchimico,66
debbono,66
conducente,66
allegria,66
spalletto,66
martoriato,66
tacciire,66
pesantezza,66
gonfiato,66
cucciolo,66
valorizzatore,66
empitocelo,66
fascinoso,66
instancabile,66
sedicento,66
brianzolo,66
capare,66
annullo,66
autografo,66
argo,66
districare,66
vivacità,66
attendevare,66
unicio,66
agibile,66
montana,66
1937,66
vodafone,66
eternità,66
deragliare,66
raso,66
chare,66
riannodare,66
prendersela,66
obbligatorietà,66
connubio,66
radiografia,66
raccontavare,66
display,66
ricacciare,66
leila,66
bilobo,66
stipula,66
potentato,66
paradisi,66
aumentato,66
deliberato,66
sulaimo,66
ritrattare,66
maggioritaria,66
curiosamente,66
direre,66
antigone,66
reagisce,66
eco',66
estimatore,66
parentale,66
compiutamente,66
riunitare,66
prediletto,66
abdusso,66
destabilizzante,66
progettista,66
eolia,66
financo,66
beante,66
reputare,66
farad,66
violano,66
psichiatro,66
attenuazione,66
genialità,66
portoghesi,66
ispra,66
nominativo,66
unisono,66
insistentemente,66
indugiare,66
attrito,66
documentale,66
stragista,66
incastro,66
prosciugare,66
annibale,66
ideologo,66
strizzare,66
asprezza,66
triestino,66
carentino,66
codificare,66
oria,66
inciampare,66
cesura,66
silo,66
impoverito,66
caracas,66
pizzetto,66
stralco,66
apicale,66
beole,66
cruento,66
contromisura,66
opposta,66
demetrio,66
sottostante,66
fogna,66
decorrere,66
aldilà,66
percussione,66
multipla,66
cinematografia,66
presumibile,66
fanalino,66
discrimine,66
dubbioso,66
mesola,66
sessista,66
devoto,66
petroliero,66
lealisto,66
bordolesi,66
bahrein,66
mirandola,66
rottamatoce,66
scrobognare,66
patriottismo,65
rovesciato,65
agnare,65
cappotto,65
ispanico,65
adiro,65
patrocinio,65
ipotizzabile,65
temperare,65
rimorchiatore,65
pianello,65
aeroportuale,65
sconfortante,65
betlemma,65
downing,65
viscerale,65
vale,65
schiere,65
peone,65
bordata,65
volute,65
reggimento,65
texano,65
incontrovertibile,65
ponderato,65
thatcher,65
lancare,65
smeraldo,65
press,65
antirazzista,65
tenera,65
quotidianamento,65
tara,65
cinquina,65
faie,65
tettare,65
chiesero,65
individualista,65
converge,65
delinquenza,65
impore,65
infedeli,65
700mila,65
vancouver,65
benevolo,65
pauroso,65
appaia,65
maniacale,65
immediatezza,65
economics,65
tornasole,65
sperimentato,65
oligarchico,65
collage,65
concordo,65
isabella,65
liguro,65
raggiungare,65
cerotto,65
gotico,65
universalità,65
insensare,65
preludere,65
discriminatore,65
zanzara,65
comprendente,65
crono,65
camp,65
pensante,65
cirino,65
johann,65
malcostume,65
degenerativo,65
notazione,65
barno,65
placet,65
partitino,65
addentrare,65
sintetizza,65
palendere,65
recensione,65
duliare,65
sovrintendenza,65
mediocrità,65
paolino,65
chiamato,65
rimpiante,65
tutelato,65
meritato,65
basico,65
minimale,65
entrato,65
pervadere,65
assemblaggio,65
scontentare,65
transcendere,65
concede,65
battito,65
ritenevare,65
ponare,65
potito,65
eroismo,65
millenario,65
argon,65
malnutrizione,65
nova,65
negoziante,65
puntino,65
anaciclico,65
ventilato,65
tributare,65
intimorire,65
spieghere,65
neurone,65
puttano,65
vaga,65
webex,65
schermaglia,65
bojano,65
adendolo,65
adempimente,65
vagante,65
irrisorio,65
gregge,65
sparo,65
patrimone,65
eversione,65
gabbanella,65
celebrativo,65
invocazione,65
trinità,65
polder,65
nevralgico,65
deontologico,65
propedeutico,65
supporre,65
camino,65
smamma,65
occupy,65
riot,65
comandi,64
diversivo,64
sfruttato,64
corporativa,64
lavorio,64
percepito,64
semplicistico,64
perorare,64
snellire,64
meteorologico,64
azzeccare,64
audace,64
profano,64
autonomista,64
arcano,64
ossessivamente,64
andretta,64
alberghiero,64
monopolista,64
allarmato,64
tamburio,64
inosservato,64
torsione,64
thailandese,64
falsare,64
svilire,64
depurare,64
gratuità,64
spola,64
eufemismo,64
spregio,64
sottrattere,64
riconvertire,64
nairobi,64
joyce,64
alaio,64
impeachment,64
confindustrio,64
auspice,64
prater,64
erger,64
ribadito,64
imprendere,64
persero,64
consultore,64
schiero,64
ferrari,64
creato,64
guarigione,64
moralismo,64
catapultare,64
iridato,64
tario,64
precipizio,64
diffamatorio,64
savoia,64
episcopato,64
lewis,64
incuria,64
soprannome,64
traduttore,64
caraibico,64
massonico,64
espone,64
indù,64
palombo,64
rappresentato,64
impersonare,64
adonia,64
accumulo,64
carissimo,64
entramba,64
inquisire,64
lefebvriano,64
sonda,64
macere,64
hurrà,64
autenticamente,64
pira,64
disarmante,64
passionale,64
eccetto,64
pedagogia,64
indebitamente,64
padovano,64
anastasia,64
rosaria,64
accanì,64
recinzione,64
recidere,64
malesia,64
doganale,64
congiunzione,64
pontino,64
committente,64
anidride,64
socializzazione,64
guidale,64
1935,64
gabanello,64
impossibilitare,64
casolare,64
coincidente,64
decisi,64
incontrollato,64
moltissimo,64
catello,64
geometra,64
allegramente,64
wikipedia,64
ossa,64
sketch,64
governatorato,64
palace,64
1939,64
febbrile,64
irpeirf,64
vetrata,64
statuale,64
tappo,64
sgradito,64
alexandra,64
discuttere,64
rinuncio,64
elitario,64
anglo,64
plico,64
barbaresco,64
loreto,64
cluster,64
contrapponere,64
bacole,64
involontariamente,64
immobilità,64
lealmente,64
schizofrenico,64
commercializzare,64
vorticoso,64
arizona,64
decalogo,64
ribaltala,64
acciaierie,64
redditizio,64
fissato,64
addebito,64
toppa,64
concettare,64
scelsi,64
nule,64
destituire,64
scafo,64
chiederemo,64
immersione,64
ingrosso,64
dirimente,64
formica,64
risconto,64
emiciclo,64
placa,64
implementazione,64
pussy,64
falerio,63
psico,63
somaliare,63
ione,63
antagonismo,63
spregiudicatezza,63
commere,63
asma,63
milire,63
aspettavamo,63
camerunese,63
accecare,63
proverbiale,63
preposto,63
artigianato,63
magrebino,63
noleggio,63
sarde,63
cineteca,63
depistare,63
fanfano,63
abdicare,63
burgos,63
osaka,63
cedro,63
ficcare,63
milanista,63
perseguibile,63
illecitamente,63
soccombere,63
ostico,63
declamare,63
brodo,63
sigillare,63
ridicolizzare,63
biondi,63
remore,63
remare,63
santone,63
alata,63
triplice,63
tollerante,63
addenso,63
acconsentire,63
persuasivo,63
predatore,63
sospinto,63
ottimizzare,63
viviano,63
dimagrante,63
incarcerare,63
sudare,63
fantasista,63
riassorbire,63
charter,63
indebolito,63
aberrante,63
sorreggere,63
denigrare,63
bassotto,63
giustificabile,63
minacciato,63
ripropore,63
templio,63
nascondare,63
vissute,63
gobbo,63
seppo,63
siare,63
modificazione,63
annacquare,63
lucro,63
psicologi,63
bossolo,63
esagerato,63
rovello,63
emerga,63
trapanese,63
morboso,63
cianciare,63
sbotto,63
emozionale,63
disdegnare,63
indifendibile,63
nicolare,63
barco,63
scoccare,63
fiutare,63
accumulazione,63
rivalsa,63
islandese,63
stampella,63
pesere,63
fratricido,63
classificazione,63
malefatta,63
preludio,63
foce,63
dilatorio,63
espiare,63
incolmabile,63
capretto,63
merire,63
crepa,63
palloncino,63
omogeneità,63
saharo,63
christine,63
abilitare,63
rosato,63
telo,63
travagliare,63
isso,63
adrio,63
bovine,63
svignale,63
stoner,63
azzurre,63
sanctus,63
illimitare,63
salasso,63
sorgente,63
prevalgere,63
autunnale,63
cospirazione,63
coniugale,63
nesta,63
bidello,63
frettolosamente,63
casier,63
sversamento,63
ergo,63
lanciai,63
cardo,63
reiterazione,63
qualunquismo,63
camerino,63
mcxxi,63
ipofillo,63
eccitare,62
massicciamente,62
nore,62
mentano,62
laureo,62
evaporare,62
edificazione,62
astrazione,62
obiettivamente,62
quindicimila,62
nile,62
guado,62
palesare,62
paladina,62
riscosso,62
barbiero,62
nanno,62
discrezionale,62
lusinga,62
fara,62
teppista,62
lara,62
douglas,62
apra,62
maggiorenne,62
magnum,62
compianto,62
azzone,62
peck,62
scissionista,62
incappucciato,62
vicole,62
decentrato,62
contrappone,62
bisogna,62
imare,62
turbamento,62
sessualmente,62
inquadratura,62
riallacciare,62
tunisina,62
autoptico,62
beethoven,62
macché,62
conseguentemente,62
provere,62
immacolato,62
insire,62
ossequio,62
rivolere,62
vaio,62
mariuccia,62
turbo,62
lacerante,62
deflagrazione,62
eresia,62
radune,62
insensibile,62
fumoso,62
coerentemente,62
lituano,62
ricader,62
professionistico,62
concedare,62
banditalare,62
appassionante,62
alibo,62
ebay,62
zuma,62
pabloe,62
cenerentola,62
clientelismo,62
cosmo,62
accampamento,62
infamante,62
genesi,62
scommesso,62
16mila,62
degradato,62
settario,62
dissentire,62
calco,62
perdo,62
sacrificale,62
unanimo,62
cartellina,62
egoistico,62
terremotare,62
alluvionato,62
agone,62
fattivo,62
reclusi,62
vimercare,62
giona,62
belve,62
assaporare,62
contraffatto,62
sovrapporre,62
higgs,62
hacking,62
disfunzione,62
grimaldello,62
magra,62
trentaquattro,62
corpus,62
sica,62
cupi,62
quinquennale,62
scherno,62
bernate,62
indur,62
radicalizzazione,62
obbligatore,62
solidarizzare,62
dialogante,62
speso,62
alfred,62
fuoriuscire,62
barcellonare,62
talentuoso,62
market,62
pochezza,62
nazifascista,62
destabilizzazione,62
virtualmente,62
giostra,62
pote,62
multiplo,62
gladiatore,62
bhutan,62
monzese,62
interpol,62
bustaia,62
campanio,62
civismo,62
accentuato,62
coccodrillo,62
annamariare,62
magnetico,62
ansioso,62
ritardato,62
sollevazione,62
raccoltare,62
nandare,62
tenutasi,62
autocertificazione,62
cumulare,62
allestì,62
aradeo,62
carteggio,62
recepì,62
trofia,62
romneyo,62
5stelle,62
istamino,62
governano,61
imbrattare,61
lemano,61
cultore,61
geopolitica,61
1300,61
accetta,61
bocciano,61
rinsaldare,61
cocco,61
sembrerebbero,61
deformare,61
sceglia,61
uncino,61
illiberale,61
gera,61
travalicare,61
scorporare,61
azzoppare,61
progressività,61
semplificato,61
ritrovere,61
fondamentalista,61
zecca,61
audi,61
concessionaria,61
affezionare,61
occupavare,61
genericamente,61
remunerare,61
baschio,61
violato,61
batch,61
allineato,61
volessero,61
forca,61
stata,61
insoddisfatto,61
assiduo,61
sfila,61
sovvertire,61
sommere,61
spareggio,61
adombrare,61
inseparabile,61
belo,61
fante,61
bayrou,61
narcisismo,61
bagliore,61
adolf,61
totalitarismo,61
personalissimo,61
reperimento,61
saraceno,61
dissennato,61
bielorusso,61
amministra,61
venezuelare,61
ebro,61
evocato,61
riconciliare,61
tenta,61
johnny,61
congolese,61
tutù,61
rividere,61
tingere,61
prognosi,61
mate,61
intercontinentale,61
cent,61
almirante,61
operoso,61
ironicamente,61
sales,61
usere,61
caraibo,61
sopire,61
interlocutorio,61
disavventura,61
indenna,61
bacerà,61
aggiustamere,61
knox,61
sollecire,61
nutrere,61
sopperire,61
sostentamento,61
percepibile,61
scintillante,61
brigatista,61
siemens,61
omologare,61
inamovibile,61
corradina,61
avviò,61
babila,61
ercolano,61
puntualità,61
morbida,61
ionico,61
inerte,61
pallacanestro,61
costituito,61
condonare,61
impeto,61
inconfessabile,61
victorio,61
assungere,61
vajont,61
vantere,61
divenute,61
boro,61
meccano,61
tonare,61
battello,61
boiler,61
assimilabile,61
ricattabile,61
pale,61
demarcazione,61
gioioso,61
gerarchico,61
malinteso,61
orgogliosamente,61
stabio,61
asimmetria,61
escogitare,61
santanchè,61
guatemala,61
bassista,61
impunemente,61
patton,61
massiccia,61
movimentare,61
baronare,61
arcade,61
saggista,60
pigrizia,60
demonizzazione,60
estrello,60
intasare,60
atala,60
andazzo,60
anfo,60
trasferere,60
gobo,60
professare,60
egizio,60
nilla,60
divenuto,60
pieve,60
bastardo,60
galimberto,60
invalida,60
psicofisico,60
sirio,60
mortificazione,60
decader,60
istantanea,60
parlo,60
chimi,60
europarlamentario,60
diversificazione,60
leonard,60
fore,60
singolarmente,60
davis,60
baharain,60
iniziato,60
fruttuoso,60
supplente,60
disinformazione,60
garantismo,60
ovverosia,60
vessare,60
fratellino,60
stuolo,60
carlino,60
emblemo,60
velato,60
litigioso,60
attacca,60
glio,60
bagnato,60
trazione,60
confermo,60
consortere,60
gareggiare,60
floyd,60
marzio,60
corone,60
pacca,60
rozzare,60
barricare,60
abeto,60
rallegrare,60
esagerazione,60
cattedre,60
novero,60
boutade,60
meriterebbe,60
inning,60
escludore,60
polemicamente,60
pulce,60
esondare,60
videro,60
epifania,60
aggius,60
producare,60
asettico,60
grone,60
promesse,60
trimestro,60
priore,60
alpinista,60
sgradire,60
bacon,60
protestavare,60
sprovvista,60
redistribuivo,60
disorientamento,60
retroguardia,60
sami,60
eroso,60
impazzare,60
spinato,60
silurare,60
dispiegamento,60
anagno,60
traboccare,60
crasi,60
detonatore,60
ventata,60
estirpare,60
inattività,60
arienzo,60
rilevamento,60
carbonico,60
immobilizzare,60
responsabilizzazione,60
bellino,60
abilitato,60
familiarità,60
suarez,60
gorizia,60
stanley,60
mazzata,60
confidenziale,60
niet,60
inscindibile,60
cucchiaio,60
finanziariamente,60
picasso,60
incanalare,60
moabo,60
facente,60
benestante,60
reed,60
dada,60
medioevale,60
rampa,60
liliana,60
fecondo,60
gentilmente,60
turing,60
litania,60
barchino,60
braga,60
vigna,60
creo,60
pappato,60
civata,60
irreale,60
assestamento,60
clericale,60
tesoriera,60
cacciabombardiere,60
sociologico,60
preteso,60
equamente,60
cosentare,60
rilancare,60
consere,60
secolarizzazione,60
moncherino,60
ferra,60
squarcio,60
espletare,60
gonnellino,60
autismo,60
joachim,60
jinping,60
debitorio,59
rudimentale,59
stiva,59
1919,59
fioretto,59
predico,59
direbbero,59
allagare,59
sostanziare,59
desirée,59
sottosegretaria,59
scrittricelibero,59
insanabile,59
schizofrenia,59
distrarre,59
fabiare,59
editto,59
areo,59
vedersela,59
lozza,59
confezionato,59
arrigo,59
sottendere,59
tedere,59
servitù,59
chimera,59
inalterare,59
montanello,59
migrare,59
amazzonia,59
frantume,59
globalizzare,59
seccamente,59
manichino,59
ceduto,59
captare,59
istruttivo,59
exploit,59
ciclico,59
honduras,59
stritolare,59
adite,59
mouse,59
ripreso,59
vivaio,59
incerte,59
arignano,59
reperibile,59
sbarcano,59
diciottenne,59
cesto,59
incalzante,59
devozione,59
chiacchierata,59
consultabile,59
limitrofe,59
ambo,59
scalfaro,59
persuasione,59
stonare,59
oncologico,59
inia,59
pirato,59
applere,59
egeo,59
incoscienza,59
imbracciare,59
inumare,59
assalire,59
guardavare,59
rimarrare,59
cazzuola,59
taro,59
navigatore,59
barbone,59
melodramma,59
madison,59
amario,59
appese,59
lontanamente,59
cuoio,59
salvere,59
spetto,59
alaso,59
carino,59
lillo,59
lungho,59
finanziarizzazione,59
nicolino,59
sdraiare,59
smettare,59
gandolfo,59
patrio,59
congratulare,59
tivolo,59
norberto,59
polire,59
sfamare,59
melania,59
compattare,59
invasore,59
fedina,59
pietrista,59
vitto,59
occhietto,59
dakaro,59
innesco,59
incondizionato,59
minuzioso,59
scioperano,59
muggia,59
cammello,59
sconvolto,59
antipatia,59
cosco,59
pluralista,59
generosamente,59
ribaltamento,59
consentì,59
cafasso,59
ispezionare,59
rompe,59
affarista,59
pubblichere,59
rider,59
irridere,59
piduista,59
deplorare,59
battaglione,59
perfido,59
accodare,59
torrenziale,59
ridotta,59
leucemia,59
sensore,59
parlamentino,59
interconfederale,59
invincibile,59
affissione,59
marcio,59
reggiare,59
sabrinare,59
partìre,59
prototipo,59
libiare,59
taipeo,59
scolo,59
accompagnatore,59
proust,59
credare,59
wanda,59
ducale,59
ferroso,59
talkie,59
invalso,59
maggiordomo,59
massello,59
intrigante,59
haitiano,59
concordiare,59
qatarlo,59
cospicui,59
interforze,59
enrica,59
avetrana,59
alexis,59
guaitoso,59
nettuno,58
ivare,58
coperturare,58
sole24ore,58
dimesso,58
buenoso,58
triveneto,58
grazioso,58
agivo,58
dominanto,58
albino,58
trafiletto,58
monopolizzare,58
pacere,58
inalienabile,58
privatistico,58
calisto,58
neil,58
essa,58
eccelso,58
schiaffore,58
rischiavare,58
cadetto,58
paniere,58
erchia,58
avvitare,58
rotolo,58
vedrebbe,58
lazzo,58
antropologo,58
distaccato,58
aventino,58
cristallizzare,58
imperdibile,58
incazzare,58
noma,58
coffa,58
esercento,58
ethos,58
fedelissimie,58
interesso,58
vece,58
ritroso,58
medea,58
sola,58
bellicoso,58
antipode,58
abire,58
filiberto,58
rinegoziazione,58
fratta,58
briciole,58
mihajlovic,58
diagnostico,58
monferrato,58
storiografia,58
simo,58
riaffiorare,58
romolo,58
entravare,58
nottetempo,58
candore,58
slavo,58
affievolire,58
rientrere,58
marsilio,58
clooney,58
praticato,58
fattibile,58
bretone,58
guerro,58
intravvedere,58
federer,58
robusta,58
esportatore,58
velocizzare,58
beffardo,58
pezzetto,58
riporre,58
difeso,58
dircene,58
pertinenza,58
scoppolo,58
anconare,58
olimpo,58
prepotentemente,58
nicholas,58
matte,58
orizzonti,58
ustione,58
fiorano,58
antonare,58
nuca,58
dantesco,58
achille,58
antisemita,58
residence,58
consuete,58
soffocante,58
boot,58
classista,58
marocchina,58
yemenita,58
gospel,58
arbore,58
digitalizzazione,58
istore,58
gagliardo,58
batista,58
telegramma,58
parlante,58
ingannevole,58
sbrigativo,58
kalashnikov,58
meschino,58
scelgare,58
indichare,58
lady,58
ripartare,58
valgere,58
permangere,58
fattibilità,58
louisiana,58
sforamento,58
favoloso,58
diva,58
tradotre,58
insostenibilità,58
salernitano,58
sembreere,58
sbocciare,58
aizzace,58
frontalmente,58
superpotenza,58
mercificazione,58
sfigurare,58
ingeneroso,58
momentaneamente,58
ripiegamento,58
compostezza,58
campanella,58
pompe,58
paradigmo,58
insaputo,58
metallurgico,58
galvano,58
volatilità,58
pierangelo,58
sigmar,58
giolitto,58
connettivo,58
monasterace,58
magna,57
dogmi,57
pedalare,57
aperre,57
investigare,57
ortofrutticolo,57
rouge,57
1926,57
barackobama,57
partecipavare,57
sinaie,57
donatello,57
balordo,57
nascoste,57
raia,57
apprezzo,57
demordere,57
rientrano,57
prolusione,57
puntere,57
sero,57
osseina,57
spettrale,57
innocuo,57
empolo,57
intimamente,57
pattuire,57
protervia,57
swing,57
bozzetto,57
scotland,57
accudire,57
persico,57
visuale,57
cappio,57
santino,57
rinascimentale,57
latente,57
coesistenza,57
alejandro,57
colere,57
gestere,57
altoparlante,57
vegliare,57
ripubblicare,57
insabbiare,57
accogliare,57
cosima,57
segretamente,57
pillare,57
immuno,57
rielaborare,57
foglietto,57
sfregiare,57
rintuzzare,57
orchestro,57
proto,57
pizzeria,57
svastica,57
vienere,57
mediatica,57
stoccata,57
spostato,57
laser,57
sommo,57
spezzatino,57
ceceno,57
bacco,57
tempia,57
poro,57
concere,57
nona,57
mostravare,57
gignese,57
putiferio,57
chiacchiericcio,57
attere,57
piovasco,57
irrompe,57
emarginato,57
tossicodipendenza,57
donatella,57
scettica,57
riavvicinamento,57
indefinito,57
platealmente,57
bypassare,57
pagella,57
subdolo,57
arnaldo,57
succettere,57
sentì,57
votato,57
resuscitare,57
accoppiata,57
risorgere,57
pacare,57
liberty,57
brada,57
fogh,57
vido,57
senzatetto,57
irrilevanza,57
bloccar,57
canio,57
simon,57
indosso,57
avvisaglia,57
diventino,57
torpore,57
barattare,57
gradevole,57
spropositato,57
passim,57
ingiustificabile,57
riflessivo,57
cappuccio,57
camillere,57
optino,57
burlando,57
sbriciolare,57
tubercolosi,57
inveire,57
abissale,57
gangster,57
canestro,57
elvira,57
improponibile,57
eluso,57
ammettare,57
cogente,57
bigo,57
riproduttivo,57
oscuramento,57
calmierare,57
6000,57
spiazzante,57
gelatinoso,57
dopotutto,57
apprendare,57
contraccezione,57
demagistris,57
aguzzare,57
semestrale,57
cinghia,57
lelio,57
blue,57
incontenibile,57
riguardere,57
neurologico,57
allergia,57
mazzetto,57
laudato,57
allineamento,57
oglio,57
divaricazione,57
araba,57
truffare,57
crespio,57
pantera,57
pani,57
rizzato,57
cambiasso,57
ennahda,57
teorica,56
umiliato,56
scatolone,56
leon,56
maryland,56
mentare,56
defiscalizzazione,56
cortometraggio,56
infinità,56
decimare,56
edito,56
staffa,56
provvidenziale,56
impattare,56
smalto,56
gutenberg,56
braccare,56
persuadere,56
arretra,56
annusare,56
sermone,56
gonna,56
prodezza,56
adolescenziale,56
lungometraggio,56
janeiro,56
incinte,56
idrante,56
fiaccare,56
presupporre,56
mole,56
pazzia,56
reticente,56
aratisi,56
cazzare,56
calabresi,56
preconfezionato,56
farsene,56
spazia,56
comprese,56
difensiva,56
collinas,56
imbavagliare,56
azzeccato,56
anard,56
rispettabile,56
ventotto,56
capestro,56
immobiliarista,56
fiorente,56
dado,56
ragno,56
marxismo,56
palombella,56
acca,56
polveroso,56
manio,56
fulmineo,56
epica,56
algido,56
fazioso,56
pettine,56
dispaccio,56
piersilvio,56
golpisto,56
sveglia,56
vergato,56
flauto,56
patriarcale,56
scare,56
ballottagge,56
1800,56
porcia,56
suggerere,56
chiarella,56
disgelo,56
banner,56
gravitare,56
lugano,56
destituzione,56
prolifico,56
grossolano,56
contraddicere,56
tagal,56
emergare,56
mantovare,56
royal,56
spirare,56
generatore,56
preventivare,56
futano,56
vascello,56
convincare,56
olbia,56
patriote,56
notae,56
arpo,56
rilassare,56
soppiantare,56
carrefour,56
sperpero,56
philip,56
guineo,56
sfrattare,56
gerrere,56
11mila,56
antitrustre,56
mulo,56
salacità,56
severamente,56
condizionano,56
nessi,56
netta,56
guzzante,56
animalista,56
sentano,56
candidamente,56
gare,56
rullo,56
deficitario,56
coco,56
bagnole,56
borgata,56
ipod,56
lode,56
annualmente,56
giornaliere,56
velletro,56
accoglimento,56
sfatare,56
recriminazione,56
attinente,56
relazionare,56
accolto,56
tenutoso,56
indigenza,56
devastato,56
folklore,56
credenziale,56
alala,56
perturbazione,56
tripletta,56
depositario,56
sollecita,56
mandarino,56
mann,56
arrembaggio,56
fonda,56
destrutturazione,56
mentore,56
attorniare,56
assalitore,56
acta,56
galateo,56
chicco,56
patriota,56
cioccolato,56
stilista,56
quarte,56
sostengo,56
wayne,56
iper,56
schumann,56
archeologia,56
lotus,56
clegg,56
orosiano,56
brilliamo,56
omniroma,56
sibilare,55
piera,55
asfissia,55
duellare,55
vulcanico,55
frugare,55
sfumato,55
impenetrabile,55
peon,55
sovvenzione,55
aieta,55
apollo,55
cedrone,55
aeronautico,55
clint,55
rupert,55
messinscena,55
attecchire,55
volenteroso,55
vicentino,55
futura,55
avello,55
agroalimentaro,55
indicato,55
impassibile,55
center,55
lituania,55
galdinie,55
eurodeputare,55
slovacco,55
anteporre,55
vespare,55
corna,55
decima,55
ceda,55
inflitte,55
ersilia,55
dicendoso,55
barman,55
rotore,55
vergare,55
fiela,55
epiteto,55
mele,55
rievocazione,55
angusta,55
omofobiare,55
telecomando,55
chienes,55
meriterebbero,55
invadenza,55
glaciale,55
collettivamente,55
istintivo,55
anthony,55
esprettere,55
abraham,55
lutero,55
spremere,55
avvilente,55
siberia,55
nefandezza,55
pasticciaccio,55
costosissimo,55
udio,55
bancarella,55
percosso,55
1925,55
emigri,55
luccare,55
lembo,55
tana,55
tafano,55
cade,55
listone,55
puntavare,55
scodare,55
risultavare,55
collaudato,55
principessa,55
anda,55
comodità,55
legislaturo,55
sesta,55
emotività,55
soddisfa,55
scaffalo,55
emiro,55
denigrazione,55
acerbo,55
relativismo,55
esondazione,55
formalità,55
bahamas,55
albore,55
crema,55
devolution,55
caviglia,55
vintage,55
reintegrazione,55
franchezza,55
analfabeta,55
geneso,55
sceneggiato,55
astuzia,55
conseguere,55
lessicale,55
studentere,55
anta,55
yankee,55
bottiglione,55
serre,55
demenziale,55
deceduto,55
colpaccio,55
esorto,55
stratagemma,55
inducere,55
consentirebbero,55
belluno,55
diverre,55
colonizzare,55
profit,55
hitchcock,55
soglio,55
schegge,55
astrofisico,55
antibiotico,55
percorrire,55
esborso,55
incamminare,55
nient',55
accaddere,55
carolina,55
limatura,55
legione,55
arrampico,55
temporanee,55
41bis,55
polarizzazione,55
ravvedimento,55
affamare,55
borsino,55
giungare,55
cobrare,55
surrogare,55
includare,55
denunciato,55
pretesta,55
sergente,55
accomodante,55
sfaccettatura,55
raffreddamento,55
festoso,55
stagista,55
scaricabarile,55
pacifismo,55
redivivo,55
sommovimento,55
ankaro,55
bettencourt,55
spingare,54
briccica,54
morra,54
sudcoreano,54
amalfi,54
tonio,54
ferraio,54
tredicenne,54
eastwood,54
propongo,54
armalo,54
aduna,54
vittimismo,54
tota,54
pitt,54
verro,54
nancy,54
albergatore,54
incontestabile,54
clic,54
cavolo,54
intare,54
carletto,54
irrobustire,54
tento,54
soppresso,54
gliel',54
scaraventare,54
ingigantire,54
panello,54
oggettività,54
cartacea,54
offeso,54
incoerenza,54
invero,54
accerchiare,54
allucinante,54
mantenuto,54
coltre,54
concepimento,54
impor,54
fiocco,54
serviere,54
zombie,54
mestre,54
rifilare,54
ranno,54
ofofe,54
cloro,54
futurismo,54
sentinella,54
esclamare,54
inorridire,54
catodico,54
ragnatela,54
sedicesimo,54
asimmetrico,54
brigato,54
dominatore,54
ombrellone,54
baltico,54
piazzamento,54
tangenziale,54
scandagliare,54
terze,54
scurita,54
guidato,54
cinghio,54
burattino,54
devote,54
faglia,54
detestare,54
gaffa,54
rimprovero,54
gechi,54
colase,54
rivolgire,54
vallare,54
calano,54
rifuge,54
differire,54
maraini,54
benestare,54
racimolare,54
evangelizzazione,54
dimessi,54
baia,54
alterità,54
incantesimo,54
reggiano,54
squadrone,54
classificato,54
ottemperare,54
aggiudicazione,54
nubifragio,54
orientato,54
interezza,54
pompare,54
mediana,54
esistito,54
pedone,54
semantico,54
prospetta,54
monarchico,54
indipendentisto,54
combine,54
burkina,54
neozelandese,54
blindatura,54
todare,54
siderale,54
adeguatezza,54
fulminante,54
compiacento,54
massone,54
araco,54
larghissimo,54
iglo,54
edimburgo,54
gonnello,54
produrrebbe,54
falò,54
cloud,54
huffington,54
locatello,54
seria,54
promulgazione,54
pietoso,54
andai,54
redenzione,54
bevilacqua,54
fervore,54
bigotto,54
prematuramente,54
avutoglio,54
ringrazare,54
morfasso,54
comprato,54
discriminante,54
parsa,54
garantirebbe,54
oscene,54
dovre,54
discount,54
semel,54
preesistente,54
difficoltoso,54
kazaki,54
sforbiciare,54
desolato,54
egemonico,54
fluviale,54
rappresentavare,54
sprecato,54
segregare,54
mirabella,54
barbarico,54
ribatte,54
prefabbricato,54
amatissimo,54
ragusa,54
violinista,54
parvenza,54
regimi,54
brembata,54
ardeatina,54
devolvere,54
ricreazione,54
tartassare,54
camerone,54
foxconn,54
macroeconomice,54
passionaria,53
capra,53
fierare,53
grappolo,53
superfice,53
paca,53
contropiedere,53
pareggo,53
marchiare,53
caratura,53
ritto,53
utero,53
roccioso,53
revisionismo,53
irido,53
ragazzare,53
centralissimo,53
brad,53
diserzione,53
contrattacco,53
sciita,53
sottostimare,53
quadriennio,53
iride,53
senna,53
inaccessibile,53
spariscono,53
arbitrare,53
scivolo,53
prodare,53
dealà,53
abato,53
gentilezza,53
ammorto,53
polline,53
gettonato,53
rispettosi,53
spalleggiare,53
vuelta,53
scranne,53
curda,53
lasciavare,53
golia,53
dispiace,53
macroscopico,53
rotonda,53
inode,53
pensionamente,53
stars,53
turbativa,53
abbi,53
tato,53
lampadina,53
vaccinare,53
individuato,53
svernare,53
nuocere,53
transalpino,53
rimangiare,53
sapientemente,53
disservizio,53
aringa,53
alighiero,53
virtuosismo,53
inficiare,53
imperniato,53
dispotico,53
correrà,53
90mila,53
tradito,53
appannare,53
ferocemente,53
firmato,53
basterebbe,53
istigare,53
grottere,53
ricezione,53
gorgo,53
amazzone,53
oliver,53
rosora,53
resterebbero,53
trinitaria,53
vivamente,53
nola,53
autonoma,53
contrastano,53
cavalier,53
radical,53
coalizzare,53
dovessare,53
mostrato,53
sottomissione,53
bigio,53
riparto,53
sahariano,53
proibitivo,53
inchinare,53
flebile,53
metaforico,53
perugino,53
assagliere,53
drammatizzare,53
autotrasportatore,53
mondere,53
fuoriclare,53
alessandrino,53
telefoto,53
dovessimo,53
marginalizzazione,53
cameraman,53
malapena,53
abbico,53
architrave,53
crea,53
traliccio,53
provvisoriamente,53
internato,53
nostrum,53
poppa,53
35mila,53
kevin,53
contessa,53
cucito,53
egualitario,53
favorevolmente,53
agna,53
provider,53
rischierebbero,53
pariolo,53
gentiluomo,53
locarno,53
kuiper,53
intemperanza,53
insospettire,53
rassicura,53
ginnastica,53
laconico,53
analizzato,53
zeppa,53
tosto,53
generalizzazione,53
birmingham,53
schedare,53
contato,53
giacobino,53
caldissimo,53
android,53
bashir,53
lenza,53
infere,53
impennare,53
mantovo,53
egre,53
frigo,53
calerò,53
percepiscere,53
abbaglio,53
madia,53
caporalmaggiore,53
estonia,53
invalsi,53
werther,53
decadimento,53
bitly,53
recepimento,53
lecce,53
afte,53
avvengere,53
nunzi,53
gramo,53
everest,53
pavese,53
feticcio,53
imminento,53
120mila,53
estinguere,53
stellato,53
5xmille,53
controbilanciare,53
sanctorum,53
consiliario,53
ablyazov,53
sicare,52
afghare,52
fluente,52
chiesto,52
sfruttatore,52
inaspettare,52
etneo,52
ebrea,52
mutande,52
trecentomila,52
spente,52
idoneità,52
locare,52
balena,52
autistico,52
ruga,52
tramandare,52
filastrocca,52
persiano,52
scrollare,52
prerogative,52
asserire,52
ruppe,52
durallumino,52
filologico,52
morgano,52
arri,52
crane,52
1915,52
estendare,52
naturalistico,52
gildo,52
tramare,52
colgere,52
scema,52
rostagno,52
meticoloso,52
universalmente,52
flirtare,52
costellare,52
caslino,52
magistralmente,52
martellare,52
burrone,52
fruibile,52
serrata,52
twill,52
peugeot,52
annotazione,52
detassare,52
parrucchiere,52
wars,52
claudiogandolfi,52
detener,52
nathan,52
lectio,52
malversazione,52
arella,52
novarare,52
modera,52
bookmaker,52
verginità,52
gabbiano,52
bernard,52
sottobanco,52
donatellare,52
bagnolo,52
sputare,52
recupera,52
sordità,52
elastico,52
inaspettatamente,52
deli,52
irrompere,52
tempismo,52
affidere,52
diffidente,52
prevaricazione,52
costruito,52
innervosire,52
tranquillizzante,52
esaurito,52
intel,52
vedre,52
bestiame,52
comprensibilmente,52
schivare,52
sognatore,52
esplorativo,52
pedofilo,52
perego,52
reversibilità,52
inducono,52
bobbio,52
merì,52
vandalico,52
schedatura,52
compiare,52
maltrattamento,52
congelato,52
tranello,52
moggio,52
illuminismo,52
inibire,52
gastronomico,52
1920,52
avamposto,52
gherardo,52
nebuloso,52
carriola,52
coopera,52
ottemperanza,52
concessionario,52
aderenza,52
sottratre,52
castagna,52
rude,52
cccl,52
buia,52
insofferente,52
senno,52
breme,52
restaurato,52
volatile,52
station,52
biologo,52
tridente,52
alabarda,52
psicoanalisi,52
francobollo,52
piccino,52
pennacco,52
geddare,52
umanamente,52
sveglio,52
nosocomio,52
gora,52
possessore,52
inumano,52
metastream,52
avvelenamento,52
geronimo,52
scelgo,52
rizzare,52
tajano,52
1928,52
messinese,52
spartito,52
bicocca,52
settennato,52
pizzicare,52
nienti,52
young,52
terzietà,52
divisivo,52
manifestavare,52
vetriolo,52
penny,52
filosofa,52
facchino,52
latrina,52
urdu,52
1934,52
bosisio,52
banario,52
arba,52
ancestrale,52
discordia,52
uscito,52
costringare,52
assonanza,52
copertire,52
roccaforta,52
ultraconservatore,52
esploratore,52
ospitante,52
entusiasmare,52
socrare,52
cuce,52
azzolino,52
todi,52
tesoreria,52
saura,52
minato,52
annina,52
pesantissime,52
tarantolo,52
busco,52
scoperchiare,52
over,52
egro,52
ancoraggio,52
espongere,52
gambero,52
snowden,52
accaddo,51
antipasto,51
stufo,51
protendere,51
oscurato,51
bargere,51
scoppito,51
squalo,51
giunte,51
hanoi,51
insisto,51
vegas,51
cinquantenno,51
sepolcro,51
equipaggiare,51
cagno,51
veemenza,51
ingerire,51
germare,51
scorribanda,51
leaderismo,51
coppe,51
zaira,51
18mila,51
precipire,51
tumorale,51
spavento,51
infuocare,51
coglione,51
ghigno,51
assistono,51
investito,51
indifese,51
canduccio,51
sincere,51
portabandiera,51
baone,51
elle,51
acquistato,51
interdipendenza,51
squadrista,51
rimbore,51
tabula,51
schizzo,51
branda,51
disincentivare,51
escludo,51
mauritania,51
ginecologo,51
ardore,51
giurre,51
kaczynski,51
benguo,51
gaia,51
ineffabile,51
eguagliare,51
ministre,51
appiccicare,51
gibbo,51
capa,51
ragionato,51
radire,51
politicizzato,51
sangallo,51
1931,51
dilazione,51
deliro,51
storiografico,51
compra,51
rimarere,51
gadget,51
matero,51
pattugliare,51
borneo,51
cesareo,51
settoriale,51
torno,51
spring,51
prosegue,51
rimarrebbe,51
angelica,51
vendicativo,51
videoconferenza,51
cesarina,51
poveretto,51
fossare,51
contino,51
fondatezza,51
bilbao,51
artificialmente,51
guidone,51
producano,51
altamura,51
sorprendentemente,51
sbornia,51
analogico,51
vicissitudine,51
misteriosamente,51
barlume,51
quadratura,51
ventunesimo,51
coltivatore,51
natio,51
corazzata,51
indecoroso,51
reggire,51
sean,51
nume,51
saletta,51
inciampo,51
assomigliano,51
maestria,51
trito,51
chiacchiera,51
giochetto,51
sfacciato,51
urtare,51
impegnere,51
disordinato,51
allestimente,51
ciampi,51
bredo,51
condure,51
economo,51
adesivo,51
capomafia,51
esiziale,51
opus,51
ingabbiare,51
jenne,51
talentare,51
settantina,51
docile,51
dopodomani,51
cinta,51
urbanizzazione,51
salvagente,51
riavvio,51
oliare,51
intossicare,51
sottintendere,51
accora,51
350mila,51
cromatico,51
quote,51
petrolifera,51
eseguirsere,51
diligente,51
inqualificabile,51
uscivo,51
riordinare,51
antitetico,51
shuttle,51
darglio,51
zone,51
costui,51
inconsueto,51
rotolare,51
furibore,51
kahn,51
bastonare,51
derubare,51
vettel,51
tarquinio,51
decorrenza,51
contraente,51
iena,51
tumulto,51
baresso,51
armonista,51
atroci,51
annale,51
doppiamente,51
vigilante,51
cassone,51
indubbia,51
stupida,51
seducente,51
agognato,51
ottaviano,51
futuribile,51
gestibile,51
allegre,51
semaforo,51
natolo,51
gestaccio,51
ripiombare,51
cornello,51
individualità,51
chiosare,51
impopolarità,51
vesuviano,51
gaulle,51
idioto,51
santanché,51
cologno,51
ingovernabile,51
commisurare,51
distintare,51
rateizzazione,51
solvibilità,51
aduno,51
guerino,51
tsipras,51
hollywoodiano,50
duettare,50
bitta,50
1917,50
scacchiera,50
riace,50
trailer,50
infortunare,50
copernicano,50
prefettizio,50
boxe,50
marzabotto,50
abusa,50
legnino,50
impalpabile,50
teenager,50
pubblichare,50
disgustoso,50
andria,50
button,50
westchester,50
evire,50
soggezione,50
morente,50
invalidi,50
keith,50
contagocce,50
controllabile,50
srotolare,50
onorabilità,50
maghetta,50
espugnare,50
pentagere,50
ligabue,50
fertilità,50
diciamolo,50
assassinato,50
psicologicamente,50
sappada,50
rigorismo,50
sfido,50
rumo,50
banalizzare,50
solire,50
letterale,50
miniseria,50
cerimoniale,50
liba,50
bipartitismo,50
scaligero,50
cotto,50
macchinazione,50
munire,50
mississippi,50
singhiozzo,50
manufatto,50
pelugo,50
nazio,50
trasgressione,50
fontanella,50
confcooperativo,50
maltrattato,50
rivolo,50
riposizionare,50
fantasy,50
franz,50
gettato,50
malizioso,50
fierezza,50
prire,50
mugugno,50
lasciato,50
cometa,50
asello,50
hashish,50
dentale,50
batture,50
contra,50
inevasa,50
tatuaggio,50
avviira,50
coltivato,50
rabbrividire,50
arabiya,50
gianna,50
olbiare,50
oculato,50
valsa,50
prospettato,50
artificiero,50
talenta,50
rieducazione,50
transenna,50
bimba,50
istituzionalizzazione,50
rubi,50
ramasso,50
turare,50
desiderano,50
confino,50
rischere,50
deteriore,50
stamattinare,50
integro,50
liberatore,50
vincita,50
falcare,50
dimmi,50
inquisito,50
marcire,50
valso,50
fatidica,50
autarchico,50
addietro,50
ternano,50
tesserare,50
molecolare,50
daccapo,50
persecutore,50
riformistare,50
occultamento,50
alìe,50
ritenuta,50
sottobosco,50
interrotte,50
riguarda,50
incensurare,50
mitologico,50
compulsivo,50
campobasso,50
perl,50
eneare,50
piccinina,50
iraniare,50
database,50
annunzio,50
sottotetto,50
passaparola,50
rossinare,50
marginalizzare,50
armani,50
disoccupare,50
schiacciato,50
cowboy,50
suddiviso,50
rispuntare,50
repello,50
galuco,50
mettevare,50
firmataria,50
proporzionalità,50
relatività,50
trentadue,50
rendire,50
keniana,50
ambasciato,50
rimorso,50
smussare,50
zelia,50
clientelario,50
crosta,50
annata,50
prostituto,50
covi,50
adolescenti,50
habitat,50
biomassa,50
preziosissimo,50
capere,50
polidoro,50
chitarro,50
vastissimo,50
discepolo,50
fotoreporter,50
pollaio,50
gonfaloniere,50
sanguigno,50
1923,50
intervearr,50
idealità,50
mancone,50
angusto,50
spiegabile,50
malaysia,50
lina,50
astaco,50
wisconsin,50
hague,50
picchiata,49
detraere,49
finestrino,49
innaturale,49
brigante,49
irrigidimento,49
impigliare,49
simulacro,49
requiem,49
penalizzante,49
distensivo,49
gero,49
fior,49
degnare,49
praso,49
isterico,49
barella,49
squallore,49
eccezion,49
mcdonald,49
cagnolino,49
caustico,49
traversa,49
stanziato,49
imito,49
variopinto,49
internauto,49
serare,49
chiusa,49
ferrario,49
malabo,49
gattopardo,49
riterre,49
attualizzare,49
virga,49
diatriba,49
stracquadanio,49
meter,49
pilotato,49
affilare,49
commerce,49
civita,49
patrocinare,49
numericamente,49
cristinare,49
carrubi,49
completezza,49
1914,49
rocchio,49
foga,49
delusa,49
vibrare,49
indissolubile,49
amiens,49
boolo,49
timidamente,49
isida,49
abramo,49
ammiratore,49
recessire,49
timoroso,49
invadente,49
caricaturale,49
inventivo,49
antiberlusconiano,49
germoglio,49
barclays,49
togo,49
feudale,49
violentissimo,49
zeppo,49
resistono,49
terminere,49
ruggine,49
letterato,49
farto,49
attaccato,49
libio,49
irrigidire,49
chip,49
bidente,49
fargli,49
larghissima,49
impropria,49
indettare,49
indifeso,49
forense,49
cooperativare,49
penn,49
reverendo,49
antisemitare,49
ciminà,49
intromissione,49
aulla,49
pinare,49
ammirevolo,49
aprare,49
dormitorio,49
inastase,49
querelare,49
egadi,49
acrobazia,49
sospirare,49
benevolenza,49
corrisposto,49
dolcè,49
deleterio,49
poche,49
indigente,49
protestanto,49
compensativo,49
contropiede,49
piovano,49
sfortuna,49
dimostro,49
pedio,49
mignolo,49
accusandolo,49
grembo,49
mancini,49
giubileo,49
picciotto,49
avvitamento,49
tatto,49
inox,49
irrimediabile,49
caucaso,49
venare,49
immergilo,49
macerare,49
dormivare,49
tamaro,49
innovativa,49
stucchevole,49
corsaro,49
morre,49
don',49
sabea,49
cotone,49
abolì,49
rana,49
hilbert,49
incitamento,49
poté,49
apecchio,49
realpolitik,49
penetrante,49
risalgore,49
intermittente,49
55mila,49
congratulazione,49
conduttorio,49
peggiora,49
palazzolo,49
marcatamente,49
bado,49
squilibrato,49
confluenza,49
satrapo,49
pochino,49
copioso,49
riverberare,49
connettività,49
ottantina,49
ciuffo,49
rovere,49
addolcire,49
spartaco,49
acconto,49
flamino,49
corroborare,49
distribuiscere,49
monocratico,49
treve,49
scodato,49
aiutino,49
vigliacco,49
poetessa,49
solidario,49
pianolo,49
interscambio,49
stagnante,49
omofonico,49
posticipo,49
fiscella,49
contrade,49
dileguare,49
arguto,49
strazio,49
pompon,49
aliante,49
teff,49
dina,49
debbo,49
amaramente,49
bonaccino,49
dribblare,49
bonificio,49
pozza,49
ripropongire,49
aldilàre,49
glissare,49
costituirebbe,49
abramovich,49
incontrastato,49
infallibile,49
fisicità,49
spulciare,49
melina,49
modero,49
malgoverno,49
bistro,49
bandiero,49
zaccherone,49
gatta,49
convenzionare,49
ciclabile,49
alda,49
comparativo,49
carsico,49
orvieto,49
iacopo,49
benigno,49
anchina,49
sabrino,49
invertere,49
canonizzazione,49
testuale,49
interbancario,49
alimonia,49
alsaziano,49
montillo,49
pakistana,49
mesolo,49
ricongiunzione,49
annientamento,48
ottimizzazione,48
massimizzare,48
borghesi,48
sadico,48
bengue,48
devolere,48
recludere,48
estro,48
marc,48
descritto,48
lamiere,48
precipitoso,48
intransigento,48
febo,48
inutilizzare,48
sgambetto,48
ferrucciare,48
spera,48
subari,48
caratteriale,48
costellato,48
delto,48
normalizzare,48
amorale,48
insistito,48
editor,48
triei,48
pollice,48
ossatura,48
bellusco,48
agno,48
osbore,48
committento,48
pandora,48
riammettere,48
allibire,48
lacune,48
dimorare,48
fagiolo,48
conciliante,48
riformulare,48
videogame,48
carrozzone,48
finivare,48
profuso,48
chiameresti,48
scollamento,48
accogliire,48
ucna,48
orazio,48
matilde,48
adere,48
antistante,48
industrializzare,48
pornografico,48
incorniciare,48
psicoanalista,48
tonalità,48
mondano,48
molestare,48
specco,48
ricompensa,48
architettare,48
scanner,48
erto,48
tinare,48
gaietto,48
hilton,48
briglia,48
sulmona,48
rubini,48
flamenco,48
svuotato,48
solcare,48
camilleri,48
sellerio,48
postino,48
serranda,48
glamour,48
stridere,48
schifezza,48
cantieristica,48
minimum,48
dettano,48
pittorico,48
necton,48
torace,48
suzuki,48
montatura,48
abatino,48
heisenberg,48
affrettato,48
vilipendio,48
leghare,48
iniziativo,48
inarrivabile,48
retrospettivo,48
losco,48
pungere,48
moggo,48
terence,48
preclusione,48
guscio,48
rama,48
tredicesimo,48
perseverare,48
compresenza,48
boole,48
doble,48
louvre,48
baruzzo,48
rivera,48
terrazzo,48
fiancheggiatore,48
alzata,48
budda,48
contundente,48
merenda,48
rosse,48
consumato,48
fedelmente,48
apporre,48
bignardo,48
coagulare,48
bandi,48
vigilantes,48
merlino,48
inestimabile,48
consumistico,48
lucina,48
poligraficio,48
forbice,48
spaghetto,48
euforico,48
piovra,48
spopolare,48
sognante,48
avvicendamento,48
ammantare,48
confermativo,48
provveditorato,48
sviare,48
compilazione,48
prudentemente,48
rivole,48
persia,48
colletta,48
napolere,48
marchese,48
consentito,48
griffe,48
bravissimo,48
bonobi,48
lipare,48
sbirro,48
ceriano,48
fusta,48
focale,48
travestimento,48
inginocchiare,48
colluttazione,48
gagare,48
ambra,48
bilance,48
ideal,48
obesità,48
battagliero,48
cale,48
casualità,48
testualmente,48
sbiadito,48
ostiense,48
blackrock,48
stagliare,48
trasfigurare,48
obbligatoriamente,48
ingrato,48
bianchino,48
ulster,48
lontanissimo,48
mendeliano,48
ideologicamente,48
costato,48
nautico,48
comi,48
attuala,48
banderai,48
orchestrale,48
giacchetto,48
animano,48
montreal,48
scoraggiato,48
provochere,48
sottoscrittore,48
contea,48
sfortunare,48
rottame,48
santadi,48
reattivo,48
prestatore,48
foibe,48
crucco,48
schedale,48
flottala,48
desistere,48
redditometro,48
ryan,48
mormone,48
spicolare,48
bittare,48
shutdown,48
riccione,47
margere,47
apripista,47
radei,47
fatalismo,47
accreditamento,47
indago,47
riunificare,47
giuliana,47
bettolino,47
rudolf,47
spianata,47
hangar,47
tritacare,47
bolognetta,47
assortito,47
utopiao,47
gabbano,47
montevideo,47
raccomandato,47
paloma,47
ardue,47
avvezzo,47
prigioniera,47
felipe,47
quindicesimo,47
attendare,47
snellimento,47
golpista,47
cronometro,47
pensere,47
sarto,47
saracinesca,47
trombettista,47
bizzarria,47
sfollare,47
rimboccare,47
ciriaco,47
rilecco,47
capita,47
national,47
anelare,47
estare,47
clandestinamente,47
rubere,47
azzaro,47
inafferrabile,47
riammissione,47
smistare,47
spranga,47
stufa,47
spinte,47
emulare,47
disarmato,47
deità,47
titola,47
probe,47
convenere,47
1927,47
garbare,47
avvertenza,47
nuvolo,47
indissolubilmente,47
dillo,47
particolarizzazione,47
irrituale,47
sifone,47
cittadine,47
trentasei,47
sottosviluppo,47
surrogato,47
controindicazione,47
coretto,47
mujaheddin,47
recesso,47
rigidamente,47
carretto,47
munito,47
raccontato,47
combattare,47
impaccio,47
riformulazione,47
chiosa,47
testardo,47
vedrete,47
buttiglione,47
ognuna,47
prettamente,47
contenuti,47
marene,47
massimofranco,47
subere,47
inattendere,47
contraddetto,47
trentenne,47
dacca,47
checché,47
angoscioso,47
rigurgito,47
sterlina,47
dicotomia,47
spunta,47
isolotto,47
corazza,47
scemare,47
balene,47
allacciare,47
conquirre,47
lentare,47
uganda,47
detective,47
alcare,47
revival,47
airbus,47
ardere,47
bernarda,47
inconfutabile,47
spasmodico,47
saper,47
astare,47
osservato,47
stradina,47
abusato,47
drenare,47
celibato,47
accurare,47
debian,47
neofascista,47
fraintendere,47
comparabile,47
refrattario,47
megare,47
parassito,47
decorso,47
ventitré,47
colin,47
arabico,47
osar,47
salamandre,47
inconsistenza,47
norare,47
capogiro,47
portella,47
ginestra,47
espatriare,47
chiazza,47
isile,47
finirebbero,47
gabino,47
altalenante,47
raffinatezza,47
oscura,47
immolare,47
trafugare,47
diligenza,47
eneo,47
feole,47
cavarsela,47
legga,47
evasa,47
ragionamente,47
farraginoso,47
spicca,47
segare,47
inculcare,47
atterrano,47
monarca,47
brunettare,47
imbrogliare,47
automezzo,47
adorno,47
cher,47
fioccare,47
egualmente,47
dannare,47
rimpallo,47
fidanzare,47
comodamente,47
alfabetizzazione,47
affollamento,47
scaglione,47
giorgionapolitano,47
cenzo,47
tempestoso,47
accantonamento,47
presentabile,47
incedere,47
sanatorio,47
lunino,47
santinare,47
vacco,47
berlinghe,47
interculturale,47
poltritevele,47
community,47
ceramo,47
serenare,47
pedinamento,47
berardo,47
poggioreale,47
hardware,47
santine,47
sollevato,47
strevare,47
ricettivo,47
riassunte,47
pensionare,47
imprettere,47
errante,47
scalinata,47
rial,47
seveso,47
woodstock,47
pappare,47
accadrebbe,47
malmenare,47
compone,47
inventato,47
stente,47
cliffo,47
ghiotto,47
tecnologicamente,47
1911,47
reni,47
sfuggente,47
anale,47
outlook,47
fesso,47
corretta,47
stellario,47
astensionista,47
bonaventura,47
esautorare,47
cipriani,47
taddea,47
cardinalizio,47
indico,47
polpetta,47
riesumazione,47
inconsistente,47
bartolomeo,47
blackberry,47
sterling,47
marciano,47
discredire,47
adduca,47
gratterio,47
subbuglio,47
incamerare,47
quark,47
2019,47
cécile,47
eccola,46
ceca,46
storcere,46
dilapidare,46
germanico,46
scansione,46
sciarpa,46
grafica,46
paracadute,46
ipso,46
assicurato,46
sparuto,46
spendibile,46
intrecciato,46
nazionalistico,46
massaggio,46
alfio,46
meritorio,46
scoprere,46
arno,46
pediatra,46
galimberte,46
edipo,46
inutilizzabile,46
consulto,46
giuda,46
bimi,46
catalizzare,46
predica,46
cliccare,46
capezzale,46
dolomito,46
salvabile,46
provi,46
alabama,46
conclusasi,46
disorientato,46
peruviano,46
frequentato,46
ghezzo,46
fritto,46
autolesionismo,46
gonfalone,46
individualmente,46
orologo,46
frenesia,46
urina,46
collana,46
irriconoscibile,46
albergare,46
lacrimo,46
operande,46
ricompare,46
peer,46
caloria,46
infortunato,46
remote,46
botteghino,46
triade,46
tacito,46
disumare,46
bulgare,46
figaro,46
sbeffeggiare,46
incrollabile,46
nouvelle,46
1922,46
imbarco,46
stordire,46
speravare,46
punga,46
morrison,46
deutsco,46
invalidare,46
degenza,46
nascer,46
partecipere,46
lettero,46
allere,46
trentesimo,46
fecore,46
fini,46
mussare,46
galleggiante,46
innamoramento,46
diversificato,46
contengare,46
stanle,46
doorso,46
giuro,46
conformare,46
golden,46
borgogna,46
certificano,46
colata,46
abbattare,46
lampedusano,46
sbandierato,46
diventere,46
proiettato,46
rinfacciare,46
deforestazione,46
genoano,46
curo,46
corro,46
sintomatico,46
spenda,46
straziare,46
gendarmeria,46
affetta,46
inanellare,46
riconvocare,46
volterra,46
scere,46
duopolio,46
rapare,46
colre,46
inviso,46
sprovveduto,46
butta,46
pallina,46
prodigare,46
intervistatore,46
discrepanza,46
perversione,46
onto,46
convochare,46
gabarra,46
crudezza,46
desiderata,46
aragonese,46
panoramico,46
ricomprendere,46
laudare,46
adina,46
abbacco,46
viviare,46
retata,46
avventare,46
moab,46
aquilare,46
fidano,46
accorse,46
incassato,46
siringa,46
cappellano,46
quito,46
dischetto,46
emily,46
graditare,46
migliorativo,46
gaudio,46
ansar,46
impropro,46
accorgare,46
casare,46
triangolazione,46
congruità,46
vasari,46
consolatorio,46
ignorato,46
commiato,46
francofortere,46
dracula,46
allergico,46
baronzio,46
carreggiata,46
fabius,46
comportamentale,46
ristretta,46
confutare,46
bacchetto,46
-'93,46
emigrai,46
bond,46
porterebbe,46
dorso,46
nicea,46
sfuma,46
balenare,46
consistare,46
ricredere,46
nascosta,46
dimenticanza,46
progressistare,46
municipalità,46
motta,46
pessinetto,46
bica,46
decremento,46
anfiteatro,46
vertere,46
valvola,46
penitenziaro,46
maschere,46
biancone,46
didascalia,46
goffo,46
rimpinguare,46
disgregare,46
aderere,46
creere,46
italrugby,46
campionario,46
plotone,46
neorealismo,46
salernitana,46
ripercuotere,46
buscema,46
turn,46
ruberio,46
vanessa,46
alesino,46
atalanto,46
insoddisfacente,46
cavalcata,46
salso,46
autocorrezionere,46
beaso,46
oggettino,46
performing,46
seguea,46
infusione,46
cicatrice,45
folgore,45
tornasso,45
utilissimo,45
temperamento,45
opinar,45
barbiere,45
usanza,45
punteggiare,45
renon,45
fumante,45
crosetto,45
debuttante,45
amatore,45
rombare,45
sfrenare,45
vante,45
niton,45
impunire,45
infiamma,45
sfilza,45
metastase,45
coffo,45
fetore,45
piacciare,45
estinto,45
motorino,45
tannae,45
dintorni,45
gesso,45
concitato,45
angra,45
decapitazione,45
cassaintegrato,45
emolo,45
diplomato,45
mutilare,45
gallia,45
sconfinato,45
metrare,45
blogspot,45
figlioletto,45
pezzetta,45
irpinia,45
canovaccio,45
ciare,45
gordonare,45
benpensante,45
pierino,45
manfred,45
temare,45
sbrigare,45
relazionismo,45
tetro,45
georgiano,45
roberta,45
barare,45
reinterpretare,45
detenuta,45
factor,45
bretton,45
spegna,45
quarantacinque,45
accolre,45
socia,45
rovento,45
feto,45
pennine,45
bravissima,45
pathos,45
sottofondo,45
gaeta,45
nando,45
echeggiare,45
filomena,45
foraggiare,45
avversità,45
finalista,45
diccene,45
slovacchia,45
sfitto,45
benjamin,45
pedonale,45
settecentesco,45
antisommossare,45
cuscinetto,45
documentarista,45
estenuanto,45
uniformità,45
welfare,45
serge,45
attrezzato,45
leggetere,45
indigeribile,45
parve,45
microcircuito,45
adwords,45
tolstoj,45
ripudio,45
cispe,45
luras,45
irregolarmente,45
maiuscolo,45
ricostituzione,45
attengere,45
rovereto,45
asinello,45
paraguay,45
risogliere,45
figuriamoci,45
evitere,45
attutire,45
antimissile,45
fervente,45
unitaria,45
sabino,45
predominante,45
ripare,45
doppia,45
avvoltoio,45
scoppiato,45
dacco,45
pungente,45
omeno,45
adista,45
tartaglia,45
cadente,45
entusiastico,45
panacea,45
nous,45
engels,45
ammodernare,45
bordeaux,45
ricomincare,45
scimpanzé,45
whisky,45
alifeo,45
biodo,45
radium,45
scomporre,45
jasmine,45
inspiegabilmente,45
carnale,45
propizio,45
sfacelo,45
nicosia,45
attribuibile,45
cortona,45
tecnicismo,45
fire,45
togliare,45
economio,45
imminenza,45
parterre,45
mattatore,45
parker,45
germo,45
germana,45
acheo,45
neoo,45
avverrebbe,45
supermarket,45
cicala,45
panoramica,45
cascare,45
vagheggiare,45
ricordiamoe,45
atella,45
carota,45
barzamino,45
eruzione,45
suonato,45
caramella,45
effettività,45
incirca,45
papera,45
petrare,45
virato,45
qualitativamente,45
automobilismo,45
vendolare,45
gargnano,45
sfavore,45
simultaneamente,45
convitato,45
incontrollare,45
sensuale,45
esigibilità,45
ghano,45
paramilitario,45
tulliano,45
onnipresente,45
sostenitrice,45
drammaturgico,45
parzialità,45
senile,45
trequarto,45
amaranto,45
masticare,45
reagitare,45
desolazione,45
gianclaudio,45
distorsivo,45
asciutta,45
pulmino,45
stanotto,45
meina,45
palischermo,45
aliquotare,45
nespolo,45
destre,45
presupponere,45
ovvietà,45
oceanico,45
alfabetico,45
contrappore,45
arcibaldo,45
cigno,45
giuso,45
badia,45
sgonfiare,45
fartare,45
impresso,45
sintonizzare,45
sopratutto,45
peperone,45
pornografia,45
trittico,45
storica,45
aquino,45
gippone,45
fondiario,45
vichy,45
dolorosamente,45
demagogo,45
sussidiario,45
krill,45
catone,45
rinunce,45
bundesliga,45
scettro,45
incantato,45
irrealizzabile,45
ansale,45
squilibrare,45
innocui,45
incapiento,45
arsenico,45
proseguare,45
cottarello,45
ottenimento,45
mortificante,44
bombardiere,44
eliminato,44
mariagrazia,44
maniere,44
guadagnato,44
8000,44
avvertare,44
malcapitato,44
h1n1,44
invischiare,44
implorare,44
cappellino,44
moio,44
julia,44
nevrotico,44
ossimoro,44
adorato,44
saltato,44
repubblichino,44
schiarite,44
sbaragliare,44
yitzhak,44
american,44
ivrea,44
mincio,44
gestito,44
rimarginare,44
denigratorio,44
distorta,44
arnoldo,44
carrellata,44
remunerativo,44
macis,44
stratosferico,44
blasonato,44
addolorato,44
vollero,44
identificabile,44
insolitamente,44
evacuato,44
abusivamente,44
ciclicamente,44
yard,44
ripassare,44
mauriziare,44
strappato,44
centralista,44
onnipotente,44
atelier,44
riciclo,44
emozionato,44
caimare,44
fascinazione,44
agiare,44
beneficare,44
solidaristico,44
playboy,44
infetto,44
eccitante,44
giubilo,44
durevole,44
proselite,44
teor,44
propiziare,44
stimano,44
squalificato,44
inequivocabilmente,44
riesaminare,44
obamere,44
eseguito,44
cozzare,44
confusa,44
clare,44
byron,44
totto,44
eccezionalmente,44
cattolica,44
vocabolo,44
cortigiano,44
sgominare,44
polmonare,44
rettilineo,44
ardire,44
seneca,44
benestanto,44
dian,44
sovere,44
transfert,44
erma,44
toltare,44
tifa,44
bombai,44
chicca,44
candida,44
cambiale,44
carrozzerio,44
raccapricciante,44
batavia,44
ermere,44
parido,44
correlato,44
estensivo,44
bazar,44
neno,44
discernimento,44
impresario,44
diseredato,44
arnhem,44
prevedibilmente,44
scivolamento,44
celerità,44
aere,44
antincendio,44
tradizionalisto,44
cuffia,44
dargli,44
imboscato,44
bacucco,44
procurato,44
centra,44
impallidire,44
sbancare,44
lariano,44
cagnotto,44
yemenito,44
ottavio,44
intensa,44
gnocco,44
popolato,44
cialtrone,44
deragliamento,44
enunciazione,44
esportato,44
crocefisso,44
sismo,44
concludire,44
diffusamente,44
gallese,44
canaglia,44
willy,44
interfaccia,44
acie,44
imbattibile,44
statalismo,44
pittsburgh,44
espore,44
approvvigionamente,44
tessitura,44
deferimento,44
balneario,44
tappezzare,44
confidente,44
pedine,44
cranio,44
silea,44
scansare,44
trascendere,44
vergandolo,44
gogò,44
limo,44
buffa,44
bonucci,44
tallone,44
rilassato,44
borselli,44
pesanto,44
castelli,44
dica,44
bormio,44
riutilizzare,44
mascherina,44
anarco,44
coinciso,44
macbeth,44
trattazione,44
ricevimento,44
bowling,44
fragoroso,44
capocannoniere,44
virale,44
mezzale,44
scommetta,44
entrambe,44
poggare,44
giravolta,44
litiga,44
esulto,44
rossonere,44
python,44
sicario,44
scarsissimo,44
restyling,44
anninare,44
sessantenne,44
diradare,44
sagoma,44
disintegrazione,44
bagatella,44
perseguere,44
precisato,44
ottavia,44
limone,44
pennsylvania,44
dialettale,44
marasma,44
quercia,44
sospingere,44
vaffa,44
paritetico,44
disgustare,44
esiliare,44
radiare,44
confederatine,44
ugolina,44
monicello,44
affianchare,44
indeterminatezza,44
alcatel,44
harris,44
eurodeputata,44
verifichare,44
decimale,44
bilancino,44
bucato,44
reggare,44
vicepresidento,44
astona,44
churchill,44
tutt',44
autofinanziamento,44
tragicomico,44
favolo,44
malestro,44
increscioso,44
georgofilo,44
compresso,44
campane,44
figo,44
chiomonte,44
melilli,44
ibidem,44
pascicelo,44
calciare,44
galatasaray,44
rottamatole,44
khodorkovsky,44
brinis,44
arrandello,44
condizionala,44
propulsore,43
riutilizzo,43
generis,43
tirrena,43
sevizia,43
fondatrice,43
zeitung,43
siviglia,43
newsweek,43
nordamericano,43
cingalese,43
assiria,43
osteria,43
natività,43
urbino,43
picca,43
sassoli,43
papi,43
torturatore,43
dimore,43
sparigliare,43
accortezza,43
charlotte,43
considerevolo,43
percore,43
ingombro,43
imbecille,43
istantaneo,43
bifuno,43
laurina,43
radioso,43
leggibile,43
scoprio,43
rondere,43
furente,43
unanimemente,43
daere,43
ferroviere,43
gioiellie,43
circoscrivere,43
cripta,43
solano,43
accanito,43
sfacciare,43
panettone,43
uria,43
rinfocolare,43
unificante,43
dafne,43
culpa,43
folclore,43
configgere,43
mausoleo,43
caposele,43
bonario,43
petrella,43
riscritto,43
scarpare,43
bolognino,43
maliano,43
macomer,43
sbere,43
desiderabile,43
menso,43
divorziato,43
apng,43
cohen,43
fotter,43
titano,43
confetto,43
paesagge,43
alpe,43
illinois,43
archiviato,43
benzinao,43
aguzzino,43
preferibilmente,43
diffusore,43
artificioso,43
anzitempo,43
baracco,43
suggerivo,43
costiere,43
happening,43
contorto,43
osano,43
battibecco,43
parroce,43
dolere,43
stangare,43
ratto,43
cerchiare,43
vestere,43
sottopagato,43
disintegrare,43
losanna,43
dispendioso,43
mottare,43
rimasta,43
mitragliatrice,43
straripante,43
mccarthy,43
financa,43
ridistribuire,43
mancò,43
vaccaro,43
dragone,43
barometro,43
stregone,43
berna,43
durevolo,43
reatino,43
spendare,43
deturpare,43
shake,43
manetta,43
compromissione,43
contrabbando,43
riciclato,43
athos,43
ringraziamente,43
mandamento,43
bancaccia,43
seoul,43
bracco,43
ricoperto,43
saccare,43
beneficiano,43
2030,43
riprocesso,43
scrivo,43
conclusosi,43
percepisce,43
riccardare,43
rinforzo,43
1400,43
reprimenda,43
minimalismo,43
acclarare,43
commemorativo,43
religiosità,43
intersecare,43
pinacoteca,43
carona,43
raditi,43
incolto,43
comica,43
liberte,43
sprezzo,43
troncone,43
pirotecnico,43
coproduzione,43
gonars,43
constare,43
plesso,43
soggiornare,43
contradode,43
midere,43
chiarissima,43
favo,43
spezzato,43
scampolo,43
magi,43
inferocito,43
tessero,43
irrecuperabile,43
assorbimento,43
fosso,43
delineale,43
subordinazione,43
vastità,43
intralcio,43
cesarino,43
melissa,43
pubertà,43
controproposta,43
alerei,43
avvicendare,43
novartis,43
alalo,43
lottizzare,43
draconiano,43
arcuaio,43
vietato,43
avessimere,43
galere,43
moena,43
babele,43
permissivo,43
onlus,43
predisponere,43
pericolosissimo,43
callo,43
allagato,43
morricone,43
9mila,43
ischia,43
borro,43
abbondare,43
laila,43
caschetto,43
interroga,43
annotto,43
login,43
mccartney,43
attributo,43
falca,43
richiedare,43
winston,43
centrifugo,43
binomi,43
frittata,43
opinabile,43
nazionalizzare,43
denominato,43
roth,43
svista,43
metare,43
strido,43
prioritariamente,43
assunse,43
macero,43
zattera,43
applicabilità,43
transfugo,43
pupo,43
noverino,43
boehner,43
decisionismo,43
caldes,43
comitiva,43
nord-est,43
godi,43
sottoponere,43
ingessare,43
depardieu,43
greci,43
gigi,43
pagavare,43
cedare,43
cheryl,43
arellano,43
utah,43
essenzialità,43
beast,43
porcela,43
verhofstadt,43
deputazione,43
amalia,42
assolere,42
criminalizzazione,42
roboante,42
spendire,42
gancio,42
ordì,42
iver,42
principato,42
ambigua,42
distrutte,42
celebrato,42
boliviano,42
proscenio,42
difettare,42
tant',42
brio,42
mortuario,42
guglielma,42
derivazione,42
marcere,42
suocero,42
avvalso,42
lecire,42
jane,42
herpes,42
brando,42
idiozia,42
tornante,42
figurante,42
sottoscrivo,42
guazzetto,42
palazzone,42
parallelismo,42
comprensorio,42
frammentario,42
babysitter,42
ricongiungere,42
disincentivo,42
escursione,42
diciassetto,42
mediale,42
spiritoso,42
taco,42
mancia,42
roca,42
setacciare,42
inossidabile,42
assottigliare,42
nuccia,42
opposre,42
pazza,42
mostruosità,42
flaibare,42
fosforo,42
pigro,42
polverizzare,42
brembo,42
essendocare,42
consegnato,42
sagrato,42
pablo,42
confartigianato,42
attesissimo,42
dalia,42
stravolto,42
pranzare,42
riaffacciare,42
nuovissimo,42
locandina,42
biancheria,42
arrogare,42
ridire,42
parasubordinato,42
sega,42
aureliare,42
dottoresso,42
tagliando,42
rivelere,42
sommergere,42
carpo,42
sciatore,42
ingrid,42
melboure,42
intollerante,42
abiura,42
montenegro,42
microcosmo,42
afelio,42
cresciuto,42
dinnanzi,42
magnifica,42
orzo,42
papato,42
ciampare,42
piacentino,42
intrattiene,42
scherzi,42
fornello,42
inappropriare,42
incauto,42
passibile,42
yahoo,42
sfotto,42
radiohead,42
oppressivo,42
antitese,42
orgia,42
convincento,42
sovversione,42
download,42
accorgersene,42
eduard,42
immaginifico,42
diremo,42
scudere,42
qualunquista,42
indette,42
amandare,42
brigo,42
invadono,42
tassativo,42
raffinatissimo,42
chiarissimo,42
brillano,42
antronare,42
appiglio,42
raccolgare,42
selvagge,42
urlato,42
escursionista,42
criptico,42
titubanza,42
usuale,42
acerrimo,42
incompetente,42
amba,42
dimenticatoio,42
oriano,42
abbo,42
moviola,42
dissuadere,42
sommira,42
funesto,42
mcchrystal,42
legna,42
matebook,42
corciare,42
insipienza,42
streep,42
riaffermazione,42
cicale,42
mailing,42
superbie,42
statalista,42
fidanzata,42
dancia,42
infaticabile,42
guastare,42
confermato,42
velere,42
champagna,42
rosselline,42
friedrich,42
convintamente,42
sorridenta,42
rassegno,42
filate,42
salda,42
esaù,42
ghisa,42
inutilizzato,42
frizzante,42
ispettorato,42
abbandone,42
canino,42
citigroup,42
rivendico,42
rai1,42
manina,42
infelicità,42
senare,42
presenteremo,42
pellicano,42
malvivente,42
ultimativo,42
cooptazione,42
incognite,42
bosch,42
guinness,42
contatore,42
piegato,42
miseramente,42
decorare,42
protrare,42
risaltare,42
olla,42
carceriero,42
lugare,42
ausiliario,42
flagranza,42
ernia,42
danneggiamento,42
nomignolo,42
duttilità,42
cavace,42
tenacemente,42
arai,42
errare,42
anselmo,42
salesiano,42
fuggitivo,42
dore,42
primeggiare,42
martine,42
analfabetismo,42
multiforme,42
incalzo,42
vaghezza,42
fondue,42
coinvolgente,42
sbandamento,42
giocata,42
cupertino,42
blasto,42
fondanto,42
violoncello,42
xvii,42
edmondo,42
giovanardo,42
incagliare,42
igienista,42
vargas,42
nardello,42
trascendenza,42
salvatare,42
mella,42
susannare,42
sterilizzazione,42
bongos,42
abolir,42
componentistica,41
lungotevere,41
assistenzialismo,41
forio,41
inuma,41
cinquantenne,41
decorativo,41
silenziosamente,41
ricongiungimento,41
papo,41
nullità,41
patrono,41
prudenziale,41
gustoso,41
siparietto,41
crista,41
connivente,41
agguare,41
convulsione,41
occorrenza,41
crude,41
lineamento,41
peto,41
truffaldino,41
lupetto,41
castigo,41
cermes,41
nocerà,41
fecondare,41
indro,41
giuslavoriste,41
napole,41
impallinare,41
compromettente,41
pedina,41
dicitura,41
mormorare,41
traballare,41
svario,41
locere,41
desto,41
sonetto,41
marilena,41
manifestamente,41
maturato,41
oppor,41
ridisegno,41
raptus,41
affannoso,41
figliolo,41
piave,41
sospensiva,41
camionista,41
leitmotiv,41
bonaparte,41
favere,41
hertz,41
imbarbarimento,41
ammarare,41
ostinatamente,41
azionisto,41
riformatrico,41
tossicologico,41
indesiderato,41
riducare,41
danneggiano,41
nozze,41
propensio,41
ipocrite,41
terry,41
presuntuoso,41
capovolto,41
assodare,41
altalena,41
voltafaccia,41
sfoggio,41
overdosa,41
carrozzeria,41
armonioso,41
ridda,41
incosciente,41
riina,41
asiago,41
lloyds,41
influenzale,41
funestare,41
svettare,41
13mila,41
magni,41
coadiuvare,41
schierato,41
bottaio,41
gambino,41
osanna,41
oliverio,41
trib,41
uccisero,41
rasoio,41
autogrill,41
mutilato,41
editare,41
mesto,41
lolo,41
siniscalco,41
agazio,41
addurre,41
innervare,41
nencine,41
collaudare,41
province,41
inapplicabile,41
lievo,41
elisabettare,41
ordinazione,41
lipsia,41
famigliaro,41
sessantamila,41
schoenberg,41
pacificare,41
attardare,41
evenienza,41
correntista,41
indure,41
intendiamoe,41
astere,41
matera,41
eccepire,41
dogmatico,41
tariffare,41
campionessa,41
disc,41
skytg24,41
gato,41
galattico,41
strare,41
eppura,41
esalazione,41
nego,41
parolaccia,41
marescialli,41
terremo,41
proteso,41
contromossa,41
balsamo,41
ranocchio,41
vistosamente,41
ottangere,41
inascoltato,41
prontezza,41
asociale,41
narcisistico,41
difese,41
fervido,41
avaro,41
viaggare,41
moralistico,41
cronologia,41
centralizzare,41
road,41
valre,41
giudiziale,41
intimidatore,41
predone,41
viii,41
incurabile,41
ammanettare,41
aberrazione,41
kosovaro,41
allettare,41
sottufficiale,41
campeggio,41
antrona,41
manganellare,41
irritante,41
canterbury,41
plutonio,41
insigna,41
plusvalore,41
tentacolo,41
riluttanza,41
elargizione,41
criticamente,41
preterintenzionale,41
plenipotenziario,41
prestato,41
appellativo,41
dissequestro,41
pulitala,41
panna,41
tabellino,41
fornito,41
martellante,41
solleticare,41
pessimistico,41
indulgere,41
130mila,41
apprezzere,41
franceschiniano,41
brasilia,41
maggiorazione,41
collassare,41
nirvana,41
parlamentarismo,41
sarte,41
guardian,41
comprimaro,41
irrazionalità,41
pascige,41
baratta,41
provetta,41
parkinson,41
sostare,41
grumo,41
diffudere,41
sconfessione,41
deperimento,41
lucidamente,41
strutturazione,41
coprere,41
assassina,41
inciviltà,41
banksy,41
ricere,41
demoscopico,41
gelese,41
detectivo,41
guccio,41
lombarda,41
ingiurioso,41
scabroso,41
cooptare,41
relax,41
tecnocrato,41
inoppugnabile,41
quarantotto,41
governassimo,41
impensierire,41
tancrede,41
sabatinare,41
sperperare,41
illogico,41
fernare,41
agato,41
caprone,41
geologe,41
soia,41
quid,41
pancione,41
carugato,41
velocissimo,41
adendola,41
europeizzazione,41
assemblamene,41
seguedallo,41
abitavare,40
vaticana,40
distribuito,40
utilmente,40
rifatto,40
accidentato,40
patina,40
stico,40
lobbia,40
coccolare,40
echare,40
airone,40
tube,40
davino,40
mallo,40
franchising,40
avendolo,40
basaglio,40
eteo,40
prodigio,40
undicesimo,40
acetino,40
stupito,40
milenare,40
almè,40
loach,40
impugnazione,40
olivia,40
affollatissimo,40
stele,40
scorrettezza,40
parcella,40
etiope,40
lasciandolo,40
amando,40
annaspare,40
lungaggine,40
imeno,40
apolitico,40
desso,40
perugio,40
judo,40
anticipatamente,40
angosciare,40
malafede,40
pesarese,40
pregevole,40
incolpare,40
falsariga,40
fatima,40
crevalcore,40
macchinista,40
confraternita,40
pene,40
carrubo,40
scandisce,40
magneto,40
minuscola,40
proiettore,40
monitor,40
domattinare,40
figiana,40
timothy,40
salvòre,40
tarantello,40
angelici,40
yang,40
celesta,40
debitamente,40
classica,40
corrosivo,40
refe,40
scio,40
slavina,40
azzera,40
laicismo,40
rasentare,40
mentalmente,40
linguistica,40
carrè,40
defilare,40
garbato,40
avendoe,40
predilezione,40
nordoccidentale,40
zafferano,40
attiguo,40
capsula,40
cuscino,40
maschilismo,40
circostanziare,40
propinare,40
bieco,40
giocavare,40
indebolere,40
oortre,40
diciottesimo,40
dovizia,40
smania,40
ammazza,40
1912,40
madrina,40
scatenò,40
affettuosamente,40
alpignano,40
prebenda,40
tribune,40
peggiorativo,40
nomade,40
romanzesco,40
massino,40
lastra,40
andro,40
elga,40
profonda,40
veemente,40
delazione,40
ségolèna,40
miceli,40
mccain,40
pipì,40
stere,40
metabolizzare,40
responsabilizzare,40
emiedrico,40
risicato,40
sardegno,40
selvatico,40
sgombere,40
pupi,40
totalizzante,40
sacerdozio,40
tira,40
luogotenente,40
geologo,40
crispino,40
sierra,40
aronne,40
vademecum,40
colge,40
anticomunista,40
stalliere,40
liam,40
armamentario,40
solone,40
matricola,40
discutendo,40
evaso,40
dividare,40
camere,40
beatore,40
giocoso,40
panco,40
manomissione,40
raffinazione,40
fissi,40
plenaria,40
ricomincia,40
sociologi,40
pedinare,40
narrante,40
aneto,40
sibillino,40
iscritte,40
concorsuale,40
vladimiro,40
sconfinamento,40
ruffrè,40
intestazione,40
equilibrismo,40
insolire,40
maestoso,40
capivo,40
cimico,40
ricreativo,40
pretendono,40
intavolare,40
divergere,40
cles,40
gargare,40
unare,40
dimentichare,40
spagnare,40
cecilio,40
doro,40
predestinato,40
equivalento,40
contrabbassista,40
costituzionalismo,40
leprire,40
gustavo,40
deterrenza,40
fiasco,40
mummia,40
sedimentare,40
disio,40
notarile,40
rapidissimo,40
propendere,40
tero,40
deutschland,40
episodico,40
conclamare,40
decrescente,40
vitro,40
incassa,40
cerine,40
glasso,40
sciupare,40
bridgestone,40
ammaino,40
seclì,40
levata,40
subaltere,40
alstom,40
centralino,40
pasteur,40
vittoriano,40
intenzionale,40
diffondare,40
maso,40
visi,40
disarticolare,40
lavaggio,40
smemorato,40
appoggare,40
confermere,40
rombo,40
pellicolo,40
cinica,40
telenovella,40
sciorinare,40
compiacimento,40
abbagliare,40
nisseno,40
spaesamento,40
sfuggita,40
sostenire,40
marzano,40
spaccaturo,40
marciapiedio,40
siluro,40
pennello,40
finezza,40
averglio,40
rinato,40
banditalo,40
rivenditore,40
professionalmente,40
prim',40
cassiere,40
idealista,40
sundance,40
colera,40
quintale,40
sgorgare,40
cannabinolo,40
disteso,40
ornare,40
suffragare,40
evitabile,40
eneidere,40
carpi,40
liegio,40
sorridento,40
nenno,40
curno,40
fronteggiano,40
campale,40
confortevole,40
prada,40
caucasico,40
mastodontico,40
giambattista,40
conduttrice,40
fluidità,40
fantascientifico,40
buffet,40
odor,40
anticasso,40
comparsi,40
ortica,40
armatura,40
ingestibile,40
sperequazione,40
ilvo,40
mezzaluna,40
lloso,40
giovannangelo,40
gianicolo,40
rigoristo,40
schmidt,40
sebastopolo,40
compravendito,40
esteriore,40
ollandevere,40
fonsai,40
birignaio,40
fiskalpakt,40
fattezza,39
siffatto,39
noemi,39
discendono,39
armistizio,39
berkeley,39
usuranto,39
faccione,39
rimorchio,39
poltrono,39
incisività,39
bidonì,39
contese,39
distrira,39
coercitivo,39
dick,39
guadagna,39
cielare,39
crere,39
elettoralistico,39
fiorenzo,39
fagocitare,39
pillar,39
barzio,39
arroganto,39
sbiadire,39
berretto,39
lasceremo,39
lirio,39
fiavè,39
tollerato,39
fica,39
rafael,39
glasgow,39
brillantemente,39
apiro,39
spieghare,39
manovalanza,39
mangia,39
ormone,39
difedere,39
indegna,39
fugo,39
pupazzo,39
arola,39
titanico,39
bancone,39
cavetto,39
compro,39
pontiero,39
parquet,39
groppone,39
nerve,39
sfidere,39
appaiare,39
antoniano,39
agliano,39
lufthansa,39
colludere,39
panzone,39
rimango,39
sproporzionare,39
alitalo,39
smobilitare,39
medole,39
fischietto,39
macabra,39
cambogia,39
lionello,39
impedì,39
recrudescenza,39
precauzionale,39
dubire,39
sessino,39
1908,39
fuoriuscito,39
succhiare,39
militarizzazione,39
stornare,39
romenare,39
spettacolarizzazione,39
sciamano,39
riottoso,39
elevatissimo,39
bazooka,39
scolarizzazione,39
lunario,39
semina,39
omano,39
asservire,39
istitutivo,39
capivare,39
goal,39
clarare,39
coronamento,39
fraudolente,39
sventurato,39
videoclip,39
designer,39
aieto,39
berò,39
lilla,39
darci,39
riuscivo,39
lagere,39
franklin,39
chiuro,39
beinette,39
1909,39
ostracismo,39
dietrologia,39
scompaiere,39
vegetazione,39
giacchetta,39
murray,39
calcetto,39
reaganre,39
indistintamente,39
cinicamente,39
import,39
controcultura,39
telero,39
appartare,39
sporcizia,39
sociopolitico,39
zimbabwe,39
depredare,39
maglio,39
trasparire,39
grezzo,39
rerre,39
scherma,39
moderatismo,39
emotivamente,39
indisturbato,39
consegnano,39
estinte,39
accantonato,39
inclinato,39
infamo,39
narcotrafficante,39
rimescolare,39
occorrare,39
pattere,39
airlines,39
scelga,39
circostanziato,39
unipol,39
granaglia,39
avvertito,39
occupi,39
barenboim,39
concesso,39
mutante,39
allucinazione,39
checco,39
rica,39
ritaglio,39
tazza,39
lodevole,39
flora,39
bollento,39
gozzo,39
blocchare,39
sacrosantare,39
nemesi,39
trattoria,39
accademice,39
convivo,39
quart,39
mortara,39
antoniare,39
cage,39
camario,39
rodrigo,39
zeppelin,39
ostentazione,39
wilders,39
visualizzare,39
browser,39
roveto,39
leccese,39
bernanke,39
tondello,39
facoltoso,39
centrodestrare,39
yves,39
squillare,39
epurare,39
contrastato,39
micro,39
sensare,39
omissis,39
partilo,39
collaudo,39
congiungere,39
mugliere,39
espatrio,39
limoncello,39
extraparlamentare,39
sentore,39
pozzaglio,39
acquazzone,39
augurano,39
neanderthal,39
siepe,39
trentatré,39
pregiudizialmente,39
nitida,39
dora,39
tibetare,39
botte,39
paralizzante,39
lenzuola,39
insinere,39
danio,39
perfezionamento,39
artefatto,39
bassano,39
voglio,39
classo,39
fiancata,39
stiglitz,39
sfortunatamente,39
contestualizzare,39
segnaletico,39
affianco,39
ricostruiscere,39
pasquino,39
surclassare,39
mimetico,39
evans,39
fucina,39
sperone,39
sguazzare,39
avvocare,39
gramse,39
imprendibile,39
azzardato,39
congettura,39
acri,39
coperchio,39
carso,39
germogliare,39
portaborse,39
troncare,39
ombelicale,39
lasare,39
magnificamente,39
stano,39
mogia,39
validare,39
sigmare,39
penitenza,39
urbanista,39
ultradestra,39
marinare,39
slittamente,39
ciee,39
magagna,39
ballotto,39
gettone,39
artois,39
difendeva,39
capriccioso,39
lanetta,39
bora,39
scontrano,39
strabiliante,39
gallone,39
gigantografia,39
usai,39
hobsbawm,39
albarello,39
natia,39
aniello,39
rissoso,39
risorgimentale,39
pulpito,39
sirtore,39
epidemiologico,39
discontinuo,39
rubacuori,39
carcassa,39
vivibile,39
riappare,39
biologi,39
farage,39
electric,39
cantala,39
frodare,39
filctem,39
antiaereo,39
2423,39
moavero,39
gusta,38
coesistere,38
implodere,38
commilitone,38
reticolo,38
difettoso,38
betto,38
1932,38
summa,38
arca,38
videocamera,38
augusta,38
coendere,38
nascito,38
1918,38
mimo,38
ingenerare,38
attila,38
esaltano,38
inedia,38
calzare,38
benefattore,38
crossi,38
difere,38
crescenzio,38
addomesticare,38
chiariscere,38
tempere,38
virulenza,38
denotare,38
deplorevole,38
giandomenico,38
politichese,38
impiccagione,38
ammanco,38
ammorbidimento,38
scompiglio,38
playstation,38
jazzisto,38
celso,38
sopravvalutare,38
trino,38
passeggio,38
impositivo,38
bolo,38
belize,38
trafila,38
sconsolato,38
rivendicativo,38
monto,38
sento,38
imeneo,38
extraeuropeo,38
sadowa,38
bamako,38
radicalizzare,38
livore,38
postere,38
ottone,38
semafore,38
accapo,38
bestiale,38
litico,38
ristampare,38
implicano,38
cita,38
timers,38
barreto,38
schietto,38
succube,38
cecoslovacchia,38
assenteismo,38
mutua,38
burano,38
geithner,38
andavamo,38
eversire,38
intrinsecamente,38
vague,38
reception,38
arresta,38
iconoclasta,38
boriagliele,38
rilento,38
venerare,38
nordafricana,38
gemer,38
mane,38
disponare,38
sperduto,38
cognata,38
capitolina,38
garzante,38
gramsciano,38
densare,38
edere,38
internare,38
lottizzato,38
pietanza,38
sindacalismo,38
distanto,38
magicamente,38
argilla,38
penuria,38
lapidare,38
accorare,38
aggiustamenti,38
malizia,38
aprilia,38
ericsson,38
puzzato,38
faldante,38
fiammata,38
centralizzazione,38
economist,38
israeliare,38
falsamente,38
corposa,38
thao,38
incastonare,38
tomo,38
luana,38
affiggere,38
watson,38
designatore,38
accoppiare,38
bisca,38
grilletto,38
reggono,38
trascina,38
ronald,38
sorto,38
intendimento,38
manovratore,38
chimo,38
scaricabile,38
autrico,38
costruare,38
estraere,38
ecatombe,38
stimabile,38
sottocultura,38
nascondiglio,38
interconnessione,38
etrusco,38
rimanevare,38
befana,38
foreign,38
esplicare,38
retribuito,38
ghiacciato,38
redde,38
guasta,38
cartaceo,38
rispettosa,38
ramassa,38
brandt,38
navarro,38
defilato,38
siedare,38
capovolgimento,38
dilatazione,38
infimo,38
egnare,38
smog,38
flai,38
facinoroso,38
condor,38
14mila,38
cambridge,38
indiscreto,38
schiappo,38
bendare,38
aspe,38
arrinire,38
servilismo,38
caldaia,38
contraddittoria,38
opportunista,38
acer,38
carmiare,38
cannibale,38
postbellico,38
bini,38
locomotiva,38
angosciante,38
doppiezza,38
dovettero,38
mattatoio,38
ebbrezza,38
aviere,38
mercatino,38
geert,38
beduino,38
esequia,38
apparecchiare,38
stallone,38
santificare,38
luterano,38
interventismo,38
ritualità,38
macerio,38
equivalgere,38
gaio,38
confusionale,38
pretese,38
zelante,38
contratti,38
decomposizione,38
socioculturale,38
blando,38
forge,38
sorvegliato,38
ryanair,38
irpino,38
parassitario,38
alee,38
orpello,38
decido,38
inventario,38
nepotismo,38
muretto,38
reunion,38
fienile,38
patinato,38
diagonale,38
biomedico,38
ortaggio,38
barbaccia,38
arre,38
benedire,38
cereale,38
minimalista,38
mecenate,38
candelotto,38
eritre,38
rispondente,38
ateniese,38
peccatore,38
verno,38
mancherebbero,38
immutabile,38
impasto,38
inglorioso,38
amendola,38
3500,38
insorgenza,38
disperrere,38
isbn,38
raccogliare,38
1700,38
fiacco,38
saggiamente,38
bolivar,38
dacio,38
pischello,38
osala,38
ascrivibile,38
scialuppa,38
stil,38
sopraffare,38
spacco,38
cibare,38
braccialetto,38
dominiare,38
sputo,38
involucro,38
benna,38
buchetto,38
aveve,38
pacifisto,38
ipnotico,38
falcho,38
gioiosa,38
dormivo,38
inferire,38
beringre,38
edulcorare,38
irrefrenabile,38
adorino,38
mante,38
simoncello,38
suocera,38
svoltare,38
bonuccio,38
pentola,38
benedetta,38
intendevare,38
alacremente,38
carlotta,38
trent,38
citata,38
trattenuta,38
pratese,38
malevolo,38
riformatrice,38
pitto,38
stentato,38
pretere,38
ispire,38
analogamente,38
andesire,38
sciacallo,38
nutrizionale,38
taciere,38
polemizzo,38
quindicennio,38
quadralo,38
dettovi,38
salvaguardato,38
virginialore,38
inalterato,37
stracolmo,37
trionfatore,37
corazzare,37
castellare,37
scomunico,37
pittoresco,37
mattinato,37
radere,37
ferguson,37
circeo,37
motocicletta,37
autorevolmente,37
graffo,37
quirino,37
tacitare,37
basilio,37
elmetto,37
aiolo,37
gemella,37
cadore,37
sadismo,37
ludo,37
appannato,37
cigliè,37
cunere,37
condottiero,37
castrista,37
evasivo,37
miles,37
house,37
trasversalmente,37
maleodorante,37
perdire,37
inefficacia,37
occupo,37
specchietto,37
indecenza,37
nevoso,37
bengalese,37
complimentare,37
aborigeno,37
piomba,37
closet,37
indulgente,37
dinamo,37
svoltosi,37
dionigi,37
fiancheggiare,37
inflazionistico,37
ragas,37
chiarano,37
ballarcisi,37
inchino,37
mieli,37
banato,37
palazzinaro,37
stratificazione,37
ginare,37
agglomerato,37
etto,37
falange,37
crede,37
scortese,37
estorto,37
contavare,37
regna,37
afflitto,37
serafino,37
fiorenza,37
copulare,37
flipper,37
manifatturiere,37
assola,37
immano,37
dive,37
etile,37
ciclistico,37
portandolo,37
gioielleria,37
venezuelano,37
prostitere,37
pesticida,37
latitare,37
filiere,37
narrato,37
abbraccire,37
garzo,37
tarare,37
caveau,37
inaudita,37
percorrer,37
rotocalco,37
strattonare,37
chiaroscuro,37
sopraggiungere,37
indiziare,37
maglione,37
contrattaccare,37
ugandese,37
scolario,37
cimento,37
condominiale,37
godibile,37
vicecapo,37
rattristare,37
rivolto,37
cominciavare,37
vandale,37
maridere,37
manto,37
segretariato,37
costituere,37
correa,37
vilma,37
commessare,37
trascrivere,37
funger,37
dispotismo,37
verve,37
genetica,37
violentatore,37
segrere,37
emisfero,37
ipetro,37
madame,37
altruismo,37
indefinire,37
permeare,37
inquinatore,37
rondine,37
bandolo,37
disciolto,37
ribera,37
pranzi,37
presepe,37
platinio,37
pazientemente,37
telecom,37
rudere,37
tessitore,37
contiguo,37
perequazione,37
processore,37
rafsanjane,37
incrociano,37
macino,37
confartigianare,37
ascoli,37
versus,37
distesa,37
coese,37
esplodeo,37
sicre,37
immutare,37
deprecabile,37
appagare,37
carcero,37
riportato,37
pubblicizzazione,37
specchiare,37
teorio,37
saggiatore,37
sfiancare,37
buie,37
extraconiugale,37
scalpo,37
nigeriare,37
assolute,37
penne,37
politicità,37
replay,37
aretino,37
intitola,37
alan,37
annettere,37
ambientalismo,37
telaio,37
merceo,37
toner,37
melma,37
tuteli,37
scenda,37
intraprendente,37
australiare,37
giacinto,37
calendarizzazione,37
omino,37
arrendetto,37
inconsapevolmente,37
bonare,37
maretta,37
inazione,37
quare,37
disinteressato,37
solaro,37
proscioglimento,37
rimore,37
pericolante,37
triodo,37
bulla,37
forzatamente,37
faziosità,37
officiare,37
innesto,37
terzetto,37
apertissimo,37
colleferro,37
burton,37
independent,37
androne,37
cipriota,37
azzerato,37
implicita,37
prosieguo,37
facenti,37
parrocchiale,37
giaco,37
ilde,37
comore,37
terrestro,37
supposizione,37
avvilire,37
aristocrazia,37
dimezzo,37
matere,37
consiglia,37
nausea,37
prodigioso,37
notissimo,37
karakiri,37
caracalla,37
lettone,37
margotto,37
reggae,37
barista,37
moscovito,37
cristallino,37
cappe,37
esuberanza,37
obbligazionario,37
scindere,37
indiscriminatamente,37
mera,37
ferere,37
nevada,37
salema,37
decadente,37
compassionevole,37
invitala,37
tolosa,37
ascendente,37
aggiorno,37
acrobatico,37
destine,37
luandare,37
aspettativo,37
svelamento,37
ignude,37
penta,37
laicale,37
settentrione,37
idealismo,37
svuoto,37
avario,37
causalità,37
pronunciamente,37
assillare,37
diminuito,37
pomezia,37
titanio,37
provinciare,37
fornivare,37
giubbe,37
vendemmia,37
paganino,37
mubarak,37
piemontesi,37
limito,37
disgiunto,37
pretoriano,37
crisafullo,37
bacolo,37
enele,37
annaliso,37
lucrezia,37
alberale,37
giacimelo,37
gervaso,37
marzia,37
manduria,37
orba,37
leopolda,37
antimero,37
granare,36
bagattino,36
esbore,36
showgirl,36
sabbi,36
signora,36
pone,36
aerale,36
festante,36
vashem,36
spencer,36
fiabesco,36
prossimamente,36
esitano,36
economic,36
fauna,36
lusinghiero,36
fucilazione,36
lifting,36
clessidra,36
vole,36
taormina,36
reinsediamento,36
chiamarire,36
villare,36
ramiro,36
pianificato,36
mutanda,36
carter,36
descrittivo,36
funzionere,36
rimborre,36
fallita,36
agonizzante,36
piare,36
pallo,36
scienziare,36
temerario,36
dosare,36
inabissare,36
devianza,36
cosette,36
gladi,36
cogno,36
keplero,36
tenare,36
superstizione,36
longevo,36
irida,36
principesso,36
abolitare,36
congiuntamente,36
suadente,36
trolley,36
filippini,36
porco,36
concepibile,36
incire,36
mirabolanto,36
springsteen,36
puntato,36
incontrere,36
astronave,36
zare,36
investo,36
profetizzare,36
dimostrere,36
basaglo,36
mussoliniano,36
punibile,36
sposta,36
dentare,36
stufe,36
giusi,36
denota,36
dissente,36
cunevo,36
partere,36
fessura,36
fingire,36
moderatamente,36
retroterra,36
economica,36
nerio,36
insorgono,36
partitocrazia,36
particolarismo,36
somala,36
vitello,36
cervantes,36
aviario,36
sceso,36
allegrio,36
protegge,36
bissau,36
linciare,36
balmonte,36
corallo,36
accresciere,36
drogato,36
cantino,36
annuvolamere,36
pronunciò,36
ammirato,36
progressirre,36
contenire,36
arbitrariamente,36
venditare,36
svolgevare,36
scegliare,36
22mila,36
drake,36
scenografico,36
criticabile,36
convertere,36
taormino,36
apologo,36
anice,36
tonello,36
prime,36
rintracciabile,36
dimessosi,36
allagamente,36
calice,36
sostituere,36
mafiosità,36
bevere,36
quage,36
travolto,36
biondino,36
varato,36
oscenità,36
stuzzicare,36
scrissero,36
oddo,36
milosevic,36
carnia,36
piccato,36
organde,36
opportunistico,36
alasi,36
scatenante,36
entroterra,36
atona,36
drop,36
rimangare,36
ginecologi,36
fantasticare,36
gibson,36
simbologia,36
innescere,36
caltanissetto,36
andreotto,36
monfalcone,36
raffigurazione,36
atavico,36
scalpitare,36
millantare,36
omegare,36
transalpine,36
lisciare,36
costringendolo,36
flagello,36
derivata,36
trainante,36
trentenna,36
lime,36
accadure,36
900mila,36
salariato,36
centocinquanta,36
inguaiare,36
cubitale,36
stio,36
titolato,36
argino,36
forbes,36
quentin,36
buonuscita,36
congedare,36
ragionier,36
cipriano,36
risoluto,36
sofisticare,36
gabrio,36
ramificazione,36
ritraere,36
proponente,36
indifferenziato,36
melchiorre,36
caciotte,36
elvia,36
rimpolpare,36
ravvivare,36
oltremodo,36
miopio,36
sieropositivo,36
condirettore,36
costeggiare,36
risanerò,36
sbrogliare,36
concorrare,36
destrutturare,36
trionfalmente,36
reagere,36
mala,36
meritata,36
comincere,36
gaeto,36
pierare,36
depp,36
falda,36
defunte,36
sostengare,36
cinepresa,36
ulissa,36
caprio,36
zari,36
similare,36
noro,36
arto,36
lobo,36
oresta,36
mancheere,36
gazzella,36
carato,36
abnorme,36
quadriennale,36
elfo,36
amichevolo,36
italiota,36
tradere,36
ippodromo,36
reclamo,36
ammainare,36
ardaro,36
delittuoso,36
arano,36
contrare,36
giudico,36
clientele,36
costituìre,36
gazza,36
alza,36
generice,36
accresciuto,36
congegnare,36
inviolabilità,36
cagliaritano,36
musicalmente,36
dipietro,36
compiacente,36
quantificabile,36
incombenza,36
sornione,36
baudelaire,36
roco,36
interregionale,36
corsica,36
aedo,36
werner,36
allietare,36
riassunzione,36
corrisporre,36
fiuggio,36
capannello,36
accensione,36
santander,36
proletariato,36
mete,36
poso,36
ormonale,36
isole,36
erodiano,36
vorre,36
robe,36
sinteso,36
gambizzare,36
stazzema,36
podice,36
affondamento,36
impongere,36
converrebbe,36
unicum,36
binasco,36
banchista,36
cardinaliziare,36
asini,36
diaria,36
petrarca,36
giustiniano,36
sestetto,36
capria,36
alitiare,36
declinante,36
background,36
ricaduto,36
formalizzazione,36
totalizzare,36
silicone,36
sbafo,36
orsola,36
transgenico,36
eievere,36
ulisse,36
fulco,36
diarchia,36
pristina,36
stampante,36
eraldo,36
festeggia,36
intestato,36
ginecologia,36
tricarico,36
misurabile,36
logge,36
dinastico,36
sorgenza,36
inidoneo,36
garanta,36
tatticamente,36
azzurrino,36
attraversamento,36
allai,36
apoteoso,36
cenge,36
giachetto,36
bassiano,36
rottamatola,36
ferraglio,36
gianroberto,36
smarano,36
maio,36
sovrapponere,35
corporeo,35
predire,35
cimino,35
passerello,35
28mila,35
articolo21,35
pappano,35
porca,35
ospitale,35
affettività,35
erika,35
stemma,35
proporzionalmente,35
sgangherato,35
rocchello,35
colombiare,35
ripor,35
balneare,35
andato,35
sottoscala,35
precaria,35
commare,35
appresare,35
assure,35
favoritismo,35
sovraesposizione,35
approssimare,35
precipitosamente,35
intengere,35
sergere,35
vivido,35
terza,35
frecciata,35
macchinisto,35
vigiliare,35
piolo,35
neonazisti,35
magma,35
vana,35
pedroso,35
bissare,35
code,35
maniero,35
indirizzato,35
etiopo,35
abeba,35
pappagallo,35
afroamericare,35
gorilla,35
intuito,35
peripezia,35
gallare,35
vigileremo,35
scantinato,35
lauregno,35
risicare,35
forto,35
precostituito,35
inanello,35
eterodosso,35
afflato,35
dimensionale,35
avventuriero,35
insulta,35
aspettere,35
entrante,35
frastornare,35
scalatore,35
ombelico,35
stupendo,35
settantenne,35
allarghare,35
primogenito,35
enfatico,35
risto,35
caparbio,35
discrete,35
ironiare,35
pluralistico,35
stael,35
salisburgo,35
miserevole,35
assiepare,35
preponderante,35
accagliai,35
ragazzini,35
fieri,35
esimo,35
sfrangio,35
fulminare,35
andano,35
addome,35
imbrodoli,35
patere,35
sospettoso,35
combina,35
alternato,35
estrapolare,35
tradizionalista,35
strillare,35
direggere,35
deportate,35
brigare,35
stravaganza,35
direzionale,35
antistorico,35
lunghissime,35
sonoramente,35
cantautrice,35
scenografo,35
confindustriare,35
smithre,35
segnatamente,35
rutigliare,35
ortodottere,35
eccolare,35
lasagna,35
umidità,35
piacevare,35
dedico,35
ubaldo,35
smembramento,35
raccoglitore,35
criro,35
leccare,35
secondere,35
civice,35
tolgo,35
resterà,35
russell,35
estromissione,35
realizzere,35
vercello,35
fraintendimente,35
consenziente,35
sproposito,35
desertico,35
politkovskaja,35
viver,35
rendicontazione,35
biografo,35
casistica,35
squassare,35
guidere,35
stacco,35
intramontabile,35
smodato,35
liquida,35
elasticità,35
verbalmente,35
sherlock,35
incompiere,35
conico,35
civetta,35
bernesco,35
attonire,35
calderona,35
insegnato,35
cinematografo,35
godetto,35
invocato,35
decretato,35
allocare,35
sparito,35
divora,35
airways,35
taglare,35
pesto,35
surriscaldare,35
carbona,35
soprassedere,35
autoritratto,35
grattacapo,35
arrivarono,35
iniziazione,35
villano,35
passa,35
vivibilità,35
fellone,35
intergenerazionale,35
scommere,35
sfacciatamente,35
goffredare,35
abbozzo,35
demenza,35
scappatoia,35
oreste,35
greve,35
stufare,35
provengere,35
prosindaco,35
brenta,35
riposto,35
codicillo,35
state,35
engineering,35
innesta,35
darebberare,35
arala,35
ultimissimo,35
petrino,35
mogli,35
coscia,35
criticato,35
camico,35
sionismo,35
sennò,35
bolscevico,35
safario,35
azzarde,35
strategicamente,35
indoor,35
sfondamento,35
paypal,35
ostina,35
fatebenefratello,35
locar,35
picchio,35
gioielli,35
dominazione,35
surroga,35
vigila,35
scrutatore,35
port,35
catechismo,35
ceffone,35
randage,35
supervisionare,35
sfrecciare,35
mezzora,35
irreperibile,35
pendico,35
risarcitorio,35
pasticciato,35
tosca,35
circondariale,35
professoressare,35
madras,35
vignettista,35
oristare,35
annan,35
muraglia,35
impazienza,35
annunzi,35
abbassato,35
filt,35
destrare,35
bembo,35
irrilevanto,35
rodato,35
qualvolta,35
otranto,35
stragi,35
alitare,35
quadrante,35
cronisti,35
danna,35
degnamente,35
svuota,35
precocemente,35
udito,35
regredire,35
balestrino,35
divertito,35
festeggere,35
dislocazione,35
buddisto,35
bartolini,35
affidato,35
rompicapo,35
rispondenza,35
prestabilito,35
xviii,35
contemperare,35
intangibile,35
caminetto,35
indecisione,35
pigiatee,35
sudorientale,35
corsare,35
platino,35
uliano,35
asportare,35
rinverdire,35
server,35
neruda,35
scalino,35
provincialismo,35
battire,35
quiete,35
malfunzionamento,35
dimensionamento,35
spargimento,35
risolvibile,35
delors,35
sciacalle,35
tavolazza,35
pong,35
redford,35
fotografano,35
linosa,35
colonizzatore,35
gladio,35
vedrebbero,35
gendarme,35
cabale,35
bencivenno,35
guitto,35
cerreto,35
bonsao,35
grappa,35
terzare,35
2022,35
ambrogetto,35
percolato,35
maggioritaro,35
pinostoppon,35
navono,34
boccetta,34
lucillo,34
egual,34
supplire,34
esattoriale,34
gaffo,34
calandre,34
musicalità,34
walt,34
180mila,34
distanziare,34
avida,34
seguare,34
aerea,34
niellino,34
sgretolamento,34
spettere,34
rohrwacher,34
milionaria,34
equivocare,34
venturino,34
osta,34
prece,34
distrugge,34
viziato,34
depenalizzare,34
impercettibile,34
marme,34
bendato,34
strenuamente,34
conditare,34
spintone,34
maiuscola,34
diventerebbero,34
proselitismo,34
nichilismo,34
forare,34
brema,34
acciuffare,34
politicanto,34
genesio,34
indispettire,34
amazzonico,34
reagito,34
dicesse,34
brenna,34
uber,34
idiota,34
globe,34
accasciare,34
calcino,34
inusitato,34
dileggiare,34
verzo,34
localmente,34
scrittricere,34
legislativa,34
malaga,34
rand,34
aplomb,34
stese,34
riesci,34
ambrosini,34
director,34
attraccare,34
castrazione,34
disvalore,34
capanna,34
giganteschio,34
naturalizzato,34
grandeur,34
provincie,34
pera,34
dedito,34
calendaro,34
essi,34
corana,34
neuroscienza,34
rinuncere,34
scopergere,34
stura,34
scelsero,34
derrata,34
burkino,34
lunaro,34
paravento,34
loca,34
fassa,34
epigone,34
sbottare,34
manifestaziorre,34
carnico,34
abnegazione,34
sinistrare,34
argentare,34
medicalmente,34
bela,34
sherry,34
intervengare,34
diciassettesimo,34
sorrento,34
ottantenne,34
altere,34
nostalgio,34
incessantemente,34
galvanizzare,34
pagliaccio,34
gudo,34
condivise,34
imparo,34
decorazione,34
isernia,34
caporedattore,34
busso,34
cote,34
irino,34
truce,34
trevigiano,34
scientology,34
elettoralmente,34
prefiggere,34
consistire,34
pixar,34
pappone,34
recriminare,34
femministe,34
riconoscente,34
natural,34
danzante,34
bravasi,34
galilei,34
oleodotto,34
mergo,34
villeggiatura,34
militarizzare,34
repubblicare,34
telefona,34
pivetto,34
termale,34
politicizzazione,34
saggiare,34
brennero,34
meneghina,34
licenzia,34
zeno,34
polarizzare,34
provengare,34
monografia,34
rimuove,34
sfiduciato,34
bizantino,34
irrispettoso,34
mozambico,34
prospettano,34
svago,34
vetero,34
travisare,34
cespuglio,34
31enne,34
irretire,34
lucania,34
progettato,34
trovassero,34
cospicue,34
ernst,34
landolfo,34
basetta,34
cantello,34
montalo,34
risulterebbero,34
coinvolga,34
ararglico,34
quao,34
rarissimo,34
coppolo,34
vercelle,34
marionetta,34
lume,34
pionieristico,34
trend,34
alino,34
avvii,34
abituato,34
rifletterere,34
quarantennale,34
aprite,34
desmond,34
tutu,34
maiare,34
sciogliare,34
astono,34
2025,34
ornatore,34
andrio,34
spicchio,34
afoso,34
barzellette,34
istitere,34
apollinare,34
martella,34
venatura,34
fotocopiare,34
zoppo,34
ignaziomarino,34
voluta,34
galluccio,34
lore,34
intricare,34
bengala,34
significhare,34
sovrapprezzo,34
lapis,34
satana,34
conduttura,34
neutra,34
fiuto,34
integra,34
annebbiare,34
django,34
lontane,34
barbato,34
disattese,34
fregeresta,34
etichettatura,34
bouquet,34
indiziario,34
ipermercato,34
silius,34
aulico,34
accantonamenti,34
sauber,34
compiaciere,34
astravere,34
forsennato,34
ciaccio,34
sincronizzare,34
assuefazione,34
deriso,34
platire,34
enego,34
arrestere,34
stufire,34
strettoia,34
spenti,34
accessibilità,34
segnalo,34
lorda,34
pelare,34
fortissima,34
aspromonte,34
eritere,34
lievito,34
delizia,34
azzurra,34
gastronomia,34
disuso,34
saturo,34
milio,34
voghera,34
cronaco,34
psicoso,34
protezionistico,34
bingo,34
misano,34
intensificazione,34
alternano,34
dissacrante,34
manga,34
fieramente,34
blandire,34
autofinanziare,34
guarino,34
ometto,34
realizzo,34
soppesare,34
massicce,34
confrontere,34
coreografico,34
spazzaturo,34
nordista,34
dopare,34
palare,34
avancia,34
fisarmonica,34
mico,34
chiama,34
siringatene,34
luccicante,34
agnolotto,34
grancassa,34
marro,34
samuello,34
provvisionale,34
carl,34
ndranghetista,34
inestricabile,34
protese,34
argano,34
ressa,34
spuntato,34
rospo,34
acclamazione,34
arrotondare,34
impaziente,34
pallet,34
chiarello,34
folco,34
clarinetto,34
velluto,34
vociferare,34
mondializzazione,34
sudovest,34
meritocratico,34
mana,34
stizza,34
agazzano,34
musicare,34
iolandare,34
sopravanzare,34
musi,34
cappo,34
depuratore,34
personalizzare,34
filippico,34
depurazione,34
sico,34
suspense,34
movimentato,34
restringimento,34
roisan,34
berillo,34
deteriorato,34
moto2,34
ormeggiare,34
proibizionismo,34
bristol,34
riascoltare,34
smistamento,34
faust,34
avvolgente,34
vallone,34
ciliegino,34
danubio,34
nicoloso,34
sapero,34
sdoppiare,34
implemente,34
sondaggisto,34
eietti,34
covano,34
controfirmare,34
inattesa,34
senatrico,34
avaria,34
infondere,34
rinuncare,34
stridente,34
antisemire,34
immancabilmente,34
rore,34
esteriorizzare,34
giacenza,34
uruguaiano,34
riparlare,34
accentrare,34
anelito,34
pigliar,34
accettato,34
specificatamente,34
palladio,34
enko,34
intossicazione,33
imprudente,33
gerino,33
distillare,33
sconcio,33
sconsiderato,33
barandomo,33
differito,33
eternamente,33
shakespeariano,33
aggiungi,33
ritrasporto,33
cofano,33
grando,33
rilancere,33
palato,33
faula,33
barete,33
vegare,33
dorio,33
blasfema,33
crivellare,33
verano,33
indicavare,33
deboral,33
salimelo,33
grader,33
preminente,33
corteggiamento,33
interposta,33
reazionaria,33
bimo,33
sviscerare,33
mammifero,33
neste,33
glorio,33
bertinotto,33
ricollegare,33
estremisto,33
ingegnoso,33
pinerolo,33
cerro,33
binare,33
ileana,33
permessi,33
presule,33
gemellare,33
etna,33
internazionalmente,33
verdicci,33
contumacia,33
sfrontatezza,33
alvo,33
elsinkivere,33
testato,33
diversissimo,33
costreggere,33
purgatorio,33
fluttuante,33
spontaneità,33
atelio,33
fantino,33
egregiamente,33
encomiabile,33
torah,33
palasport,33
trequartista,33
yehoshua,33
azza,33
riparatore,33
mimetizzare,33
insigne,33
dentista,33
nicaragua,33
sbalordire,33
calabra,33
pavone,33
introvabile,33
cimolais,33
ottusità,33
stringato,33
nuoce,33
apri,33
irresponsabilmente,33
falciare,33
discordante,33
stefaniare,33
afterhours,33
distrare,33
zampini,33
granaiolo,33
imperialismo,33
fendere,33
simbolismo,33
romaeuropa,33
temevare,33
torà,33
alfiero,33
frastuono,33
ubalda,33
cede,33
ingiuria,33
prelà,33
eccitazione,33
socializzare,33
napo,33
ammiraglia,33
spropositare,33
bulimia,33
martinetto,33
insorge,33
ristoratore,33
prega,33
carbonizzato,33
ponendoso,33
concertato,33
corradine,33
taggia,33
concitare,33
ricucitura,33
stupefatto,33
garantisto,33
lionel,33
convingere,33
colonnina,33
delinquentio,33
globalmente,33
trasformino,33
catalizzatore,33
inverare,33
naufragato,33
consorteria,33
illuminista,33
mach,33
manama,33
riverso,33
eurostar,33
solennità,33
gavetta,33
disgiungere,33
scavalca,33
circe,33
colluso,33
gongolare,33
adagio,33
sauris,33
lacunoso,33
grafia,33
mauritano,33
catino,33
attestazione,33
inquadramento,33
felino,33
originaro,33
esterrefatto,33
ritegno,33
heinrich,33
notturna,33
cartacee,33
fioritura,33
chiedergli,33
fair,33
ponderare,33
accuratezza,33
esaudire,33
lesmo,33
privilegiira,33
macchietta,33
immodificabile,33
sfortunata,33
steccare,33
saudire,33
avventore,33
inalare,33
colmere,33
abbagliante,33
calia,33
procrastinare,33
impediscano,33
ilor,33
linearità,33
maputo,33
schifoso,33
inattendibile,33
filato,33
alito,33
fognare,33
fantoccio,33
forre,33
saetta,33
stanislao,33
associa,33
irremovibile,33
tamburo,33
rionale,33
cicogna,33
popolarissimo,33
spontanea,33
padronanza,33
accado,33
macellaio,33
oppressore,33
piccone,33
deducibilità,33
provocatoriamente,33
letterina,33
risolve,33
gelmino,33
chioma,33
lardo,33
dimissionaro,33
contralto,33
lorello,33
pedana,33
alimentarista,33
ammonizione,33
prius,33
penalizzano,33
stamana,33
stela,33
conformista,33
deboro,33
intercorso,33
sfiorato,33
curio,33
armenia,33
combutta,33
gulag,33
cannavaro,33
deprere,33
solidarismo,33
accusò,33
usciremo,33
occhiuto,33
giovamento,33
ammacco,33
pinguino,33
aureliano,33
cromito,33
politicizzare,33
rimanare,33
modica,33
ricattatorio,33
flaubert,33
concessionare,33
sosterrà,33
centino,33
shunt,33
biomedicale,33
sedotto,33
grata,33
iconografia,33
artifico,33
ipre,33
tante,33
annuire,33
brevettare,33
giudichare,33
preconizzare,33
riferare,33
assetato,33
suso,33
artù,33
perde,33
impreciso,33
protrarre,33
laborioso,33
frusta,33
selvaggiamente,33
milazzo,33
irta,33
fiala,33
reddituale,33
trasportatore,33
millesimo,33
valoroso,33
altarino,33
diffamare,33
bendi,33
ballottaggi,33
saturazione,33
controllanto,33
sovraccarico,33
cameristico,33
fregata,33
traghettatore,33
volevare,33
tabe,33
stantio,33
pozzuolo,33
ammesso,33
ruthre,33
ampolla,33
deliberativo,33
pediatro,33
maschilista,33
silenziare,33
accogliento,33
amena,33
furlano,33
bacchettare,33
retrivo,33
vedrere,33
macho,33
prosaico,33
soffiata,33
raggirare,33
petrolo,33
lucroso,33
lancinante,33
consociativo,33
lanusei,33
opuscolo,33
orosiani,33
assentare,33
ticino,33
domingo,33
reding,33
pongono,33
lungaggino,33
bloccaco,33
territorialmente,33
agriturismo,33
simun,33
malerbo,33
figino,33
inattese,33
dolevere,33
seppia,33
matador,33
affittuare,33
apprendimente,33
amputare,33
rurre,33
palin,33
inattaccabile,33
azzere,33
limitata,33
canfora,33
abasia,33
decoroso,33
trivulzio,33
rivedre,33
introduca,33
produca,33
deepwater,33
sottano,33
algoritmo,33
anulare,33
cerniera,33
staffan,33
riuso,33
combustione,33
attese,33
tortora,33
deflazionistico,33
sconfiggile,33
giovannina,33
casapound,33
innervosir,33
serinare,33
nomura,33
xxxe,33
istaminare,33
cibaci,33
piccante,32
chiarezzare,32
congenito,32
perseveranza,32
vigilato,32
cazzuolo,32
nordorientale,32
vicinato,32
brandeburgo,32
ferroviero,32
cisterno,32
squale,32
lilia,32
plancia,32
giustifico,32
rudo,32
alana,32
resina,32
almese,32
istallo,32
caraibica,32
orrido,32
inserito,32
lainata,32
americare,32
inaccettabili,32
paraggio,32
mentere,32
sottovalire,32
filmico,32
calzino,32
maledire,32
lamente,32
accolito,32
videosorveglianza,32
galoppante,32
nadal,32
seicentomila,32
duttile,32
clonazione,32
vincitrico,32
photo,32
alese,32
cercasi,32
bogotà,32
pelosi,32
abaco,32
ospizio,32
pilone,32
sbaraglio,32
telescopio,32
monco,32
baio,32
suppone,32
osannino,32
facciamolo,32
querelle,32
apparre,32
predicazione,32
stressare,32
arioso,32
otis,32
davida,32
frankfurter,32
mette,32
assediato,32
nauru,32
prostata,32
accusavare,32
sassaiola,32
vessatorio,32
precostituire,32
ratisbona,32
antidepressivo,32
imballaggio,32
arricchiscere,32
forziero,32
camice,32
vingere,32
vertigine,32
complemento,32
sconquasso,32
soffocamento,32
garlasco,32
blera,32
fittizia,32
orcone,32
pacatezza,32
idroelettrico,32
avvire,32
rufo,32
cordare,32
cervellone,32
pirati,32
retrocesso,32
interrare,32
indomito,32
coautore,32
auri,32
teodoro,32
vanni,32
riluttante,32
imbroglione,32
santina,32
dribbling,32
piove,32
banalizzazione,32
ilare,32
accorge,32
sterzata,32
contrariare,32
spalancato,32
torreggiaco,32
rifacere,32
scandinare,32
informe,32
story,32
riarmo,32
laion,32
avvertivo,32
cambieranno,32
supposta,32
acciso,32
corporativismo,32
disamina,32
iperbolico,32
turnar,32
popolano,32
camerato,32
attendista,32
scope,32
pestato,32
caritatevole,32
esausto,32
intentato,32
sospendare,32
veroneso,32
modernissimo,32
astinenza,32
postuo,32
luchino,32
cagliari,32
rinomato,32
affibbiare,32
finanziato,32
foggiano,32
infermeria,32
bordelli,32
riconnettere,32
irpefre,32
lascino,32
frequentavare,32
moderatore,32
multiutility,32
reggiseno,32
gamberone,32
aronare,32
ioduro,32
finanzino,32
naturalismo,32
incautamente,32
vanity,32
registrere,32
salonicco,32
distruvere,32
1900,32
praticabilità,32
splendente,32
loquace,32
tripudio,32
stravinto,32
pervicace,32
rai2,32
influsso,32
presagio,32
sventrare,32
lorettare,32
ufficializzazione,32
glauco,32
abboccare,32
obolo,32
drammatizzazione,32
olierare,32
conducare,32
virile,32
rimarrebbero,32
hamburger,32
vetusto,32
fraseggio,32
ricarica,32
baro,32
legittimato,32
tullo,32
slang,32
oscillante,32
cosacco,32
malora,32
balcani,32
pensoso,32
maura,32
leghirre,32
obliquo,32
rovescere,32
paventato,32
fisiologia,32
polmonite,32
meda,32
zappa,32
funambolo,32
riabbracciare,32
sporto,32
ubso,32
villo,32
microspia,32
giustino,32
domo,32
diciannovenne,32
fruitore,32
computare,32
scandalistico,32
dirotto,32
quirico,32
terrone,32
doroteo,32
applichare,32
aguzzante,32
piccare,32
desii,32
barra,32
canile,32
sberleffo,32
pierrere,32
lasciapassare,32
standovo,32
tifone,32
ottimamente,32
morante,32
ponzio,32
ambientato,32
acquiescenza,32
volla,32
nagasaki,32
autosospendere,32
prefissare,32
postar,32
manipolato,32
contrabbandare,32
campetto,32
delicatissima,32
diciassettenne,32
laceranto,32
castelnuovo,32
gmail,32
accoglare,32
premeditato,32
girato,32
pennetta,32
francis,32
dogo,32
camozza,32
sibare,32
eccido,32
sussurro,32
incetta,32
17mila,32
cacce,32
deadline,32
fuorché,32
estremistico,32
anatomia,32
centralistico,32
rocambolesco,32
sampietrino,32
anemico,32
accidentare,32
recapito,32
macchinoso,32
intridere,32
ilarità,32
generato,32
istituzionalmente,32
paramilitare,32
iconografico,32
adunar,32
tengere,32
arrendare,32
termolo,32
utopico,32
astana,32
liceità,32
prender,32
accasare,32
molisano,32
bubbone,32
sonic,32
youth,32
umanista,32
liliano,32
riappropriazione,32
resipiscenza,32
picchiato,32
capofamiglia,32
maremma,32
soderbergh,32
gilè,32
pomello,32
piantagione,32
parsimonia,32
suddivisione,32
esulare,32
sabaudo,32
obiettività,32
contuso,32
rielaborazione,32
bacie,32
compromette,32
dottrinale,32
registratore,32
disastrare,32
romanesco,32
rodero,32
giamaicano,32
requirente,32
buddha,32
frustata,32
saltere,32
favelas,32
allendere,32
baccello,32
imperfezione,32
natante,32
piccine,32
lapsus,32
democraticità,32
fuoriere,32
montilla,32
rateo,32
pavarolo,32
salvezzo,32
neolaureato,32
psicodramma,32
straccia,32
desio,32
tatiano,32
burattinaio,32
sballo,32
piastrella,32
infedeltà,32
ineliminabile,32
adolescento,32
antonomasia,32
succursale,32
dimostreere,32
montecchio,32
presse,32
pérez,32
27mila,32
incoronazione,32
fresa,32
braies,32
immotivare,32
improrogabile,32
abradimi,32
accatastare,32
incartamento,32
moroso,32
supponere,32
sommariamente,32
deferire,32
taverno,32
susseguere,32
consone,32
lagunare,32
tacono,32
defibrillatore,32
eldorado,32
gianluco,32
spettanza,32
cimiteriale,32
stucchevolo,32
capeno,32
tocchere,32
impiota,32
retrai,32
neymar,32
tarantola,32
samaras,32
nervino,32
drappo,31
esplicativo,31
consortire,31
sensazionale,31
schiavismo,31
arroccamento,31
trombone,31
autotrasporto,31
autoproclamato,31
corsivo,31
poggire,31
cristianità,31
meravigliosamente,31
pennellata,31
decantare,31
duplicazione,31
penitenziaria,31
recluta,31
legionario,31
calotta,31
antiacne,31
bete,31
ristoro,31
agnellare,31
anfratto,31
cheney,31
elisia,31
lesionare,31
sondrio,31
riposizionamento,31
reimpiego,31
persecutorio,31
lancere,31
aromare,31
pierangela,31
galeotto,31
naviga,31
tendente,31
rotole,31
autolesionista,31
zena,31
boccale,31
guance,31
lavatrice,31
ipotetica,31
ponticello,31
conseguito,31
quantistico,31
penalità,31
spino,31
ermeto,31
apprere,31
preselettore,31
buddista,31
valverde,31
paranoia,31
venerabile,31
attonito,31
piropo,31
ingenuamente,31
cubatura,31
multicolore,31
centa,31
angore,31
comperare,31
alternere,31
foriero,31
corrida,31
avessare,31
scibile,31
dimagrire,31
condere,31
taglieggiare,31
stizzito,31
salomone,31
reprobo,31
salino,31
inserzione,31
dissonante,31
bastonata,31
imprevedibilità,31
misa,31
tosa,31
malco,31
finanzare,31
osservo,31
null',31
sbucare,31
validazione,31
operavare,31
correntisi,31
diventato,31
mattare,31
gufe,31
cavalese,31
rainews24,31
traere,31
pierre,31
lumicino,31
inscrivere,31
sovrintendere,31
dinamitardo,31
pigliare,31
scomunicare,31
indigene,31
sommatoria,31
riverre,31
pergere,31
dovevo,31
micron,31
rouletto,31
franchismo,31
parafrasare,31
chiassoso,31
starace,31
interposizione,31
magistrare,31
lampione,31
cruiser,31
religiosa,31
sensualità,31
borgomastro,31
romena,31
cacarella,31
sepino,31
biglia,31
fuggiasco,31
frascato,31
acquifere,31
monoreddito,31
accattone,31
gradinata,31
librario,31
tinte,31
campegine,31
cordialità,31
organizzatrice,31
macerata,31
utensile,31
foster,31
terriero,31
simposo,31
riscontrato,31
eversiva,31
impervio,31
calzone,31
nascituro,31
preannunciato,31
spiccio,31
farabutto,31
pennetto,31
impellente,31
focolare,31
bisessuale,31
fuie,31
inserisconore,31
popolarismo,31
gravido,31
incide,31
sarere,31
lusinghiere,31
magliaro,31
graffiante,31
mescolanza,31
salvini,31
invitire,31
mascalzone,31
trivella,31
aderisco,31
pixel,31
lacero,31
celentano,31
comode,31
assembramento,31
multiplex,31
superere,31
cova,31
angolare,31
jugoslavo,31
dome,31
keniota,31
libertino,31
direvere,31
prefissato,31
trattase,31
panasonic,31
natron,31
traglia,31
politologico,31
galoppare,31
bastassero,31
caratterizzazione,31
neoclassico,31
monetina,31
ellisso,31
frediano,31
averò,31
solto,31
parlavo,31
cornicione,31
isteria,31
formello,31
delaware,31
comincino,31
cosmetico,31
dattiloscritto,31
cerda,31
straordinarietà,31
usar,31
tendare,31
cromosoma,31
logore,31
lamiera,31
moralizzazione,31
soldone,31
inaudire,31
litigiosità,31
carare,31
benintendere,31
coreografa,31
civare,31
contraccettivo,31
ancor,31
contrappeso,31
poetesso,31
affiliazione,31
perlustrare,31
felicissimo,31
sotterrare,31
informatizzazione,31
classificatore,31
cruente,31
spender,31
accerchiamento,31
commensale,31
rimanenti,31
avendone,31
prevenere,31
cabotaggio,31
recensire,31
disilluso,31
raschiare,31
civilizzazione,31
nondimeno,31
versace,31
gargallo,31
antiproiettile,31
sconsolare,31
inducare,31
uilm,31
goethe,31
premare,31
novantesimo,31
chiostro,31
marchingegno,31
ghigliottina,31
alfonsoe,31
vegetariano,31
oppone,31
bellare,31
autoregolamentazione,31
entrere,31
abdicazione,31
confermire,31
sbarrato,31
imperizia,31
rosalba,31
consigliabile,31
cranico,31
normandia,31
cunicolo,31
inopinatamente,31
fotomontaggio,31
infiammabile,31
terrorizzato,31
life,31
inclinare,31
insultante,31
galimberti,31
pilato,31
elaborato,31
soffrare,31
cinquantesimo,31
tagliere,31
geograficamente,31
valer,31
cogestione,31
discografia,31
invaso,31
autocensura,31
factore,31
vibrazione,31
gagarin,31
siracuso,31
comparato,31
piazzola,31
ridevare,31
infrante,31
bulldozer,31
paribus,31
apatia,31
ingiunzione,31
antinucleare,31
lena,31
botanico,31
rifinitura,31
marcatore,31
sanremese,31
associated,31
controcampo,31
sceneggiata,31
teutonico,31
pensai,31
rage,31
corazzato,31
riprovazione,31
avvenuta,31
cinefile,31
fiammetta,31
asciugare,31
leitmote,31
pedo,31
mentitoglio,31
avvogliere,31
vinci,31
menzionato,31
fiammingare,31
antieuropeismo,31
giogo,31
bollore,31
misurano,31
avena,31
localismo,31
chiglia,31
consonanza,31
tascabile,31
benefica,31
sabatina,31
tradottare,31
malasanità,31
priebe,31
xiii,31
sederino,31
accusatoria,31
presenterò,31
sopravvenienza,31
contrapposta,31
proporzionato,31
bowl,31
insensibilità,31
megalopolo,31
emergenze,31
negatività,31
camionetta,31
salume,31
giussano,31
pensionata,31
corra,31
bure,31
fattuale,31
monetizzazione,31
alberai,31
provveditore,31
alcione,31
quantificazione,31
poliboro,31
lionella,31
cernia,31
valutativo,31
alcamo,31
tristano,31
20125,31
antonis,31
breivik,31
agrosistema,31
gialloroso,30
sfilano,30
vestaglia,30
riletto,30
trasformato,30
postfazione,30
palazzotto,30
nuora,30
accidentalmente,30
proiettano,30
operistico,30
vendare,30
asfissiare,30
autoironia,30
ricongiungimente,30
cominciarere,30
navicella,30
gangle,30
viotto,30
profanare,30
orson,30
welles,30
belloccio,30
invidere,30
mitica,30
maiolichino,30
navigato,30
disdettare,30
offerente,30
ammiccamento,30
fanfare,30
blasfemo,30
nepal,30
rafia,30
disgelare,30
cinger,30
bimestre,30
connecticut,30
discendenza,30
montedinove,30
forestiero,30
ritrattazione,30
fragore,30
diffondersi,30
maquillage,30
aerino,30
mexico,30
arredamento,30
topless,30
uscio,30
perenna,30
greto,30
guardòre,30
scipione,30
olimpionico,30
ricciarello,30
chiuderare,30
anticrimine,30
riferitare,30
quattordicenne,30
bicio,30
vieno,30
impressi,30
lassismo,30
scappatoie,30
impacchettare,30
stravincere,30
valdo,30
promiscuità,30
bloccò,30
addotto,30
schiodar,30
serpentone,30
soffocano,30
sgocciolo,30
amenità,30
paradigmatico,30
fusa,30
ostativo,30
imparentare,30
reuchle,30
requisire,30
gioielliere,30
colpiscore,30
ridiventare,30
arendt,30
liano,30
cruccio,30
sgranare,30
settantamila,30
bire,30
pessime,30
jwst,30
viadotto,30
1913,30
dostoevske,30
paurosamente,30
tenendoso,30
indeterminare,30
timoniere,30
enclisi,30
scricchiolio,30
minoritare,30
tempra,30
sopportazione,30
pernacchia,30
ceceni,30
lugubre,30
zione,30
colorito,30
elmo,30
cistico,30
dilazionare,30
gpsre,30
autostima,30
perone,30
travaso,30
catalogazione,30
inquisizione,30
stanziamentio,30
dissare,30
piedistallo,30
remissione,30
smorfia,30
specula,30
assimilazione,30
prelevato,30
risorto,30
riscontrabile,30
neonata,30
vocare,30
palazzaccio,30
altoatesino,30
mesotelioma,30
galline,30
trotto,30
bardolino,30
fillon,30
messianico,30
interpersonale,30
brigida,30
classifico,30
escoriazione,30
espressionista,30
levatura,30
tuono,30
dimestichezza,30
udina,30
pinna,30
raccattare,30
michelin,30
fumettista,30
sottovoce,30
arruolamento,30
patriarco,30
adagia,30
virulento,30
ritornere,30
esemplificare,30
comunanza,30
controne,30
allusivo,30
acume,30
aeroplano,30
sceglire,30
toilette,30
egade,30
benda,30
caiolo,30
oulx,30
araldo,30
restituito,30
irrequieto,30
anestesia,30
inquisitore,30
femminilità,30
correvere,30
legamento,30
rinvigorire,30
catia,30
spondare,30
cassere,30
moribondo,30
anita,30
lavorino,30
altario,30
finivere,30
lovere,30
tusk,30
comandamento,30
compiacenza,30
movimentista,30
sangiovanne,30
turbina,30
gialloblu,30
abbinamento,30
pelliccia,30
irritato,30
protette,30
monetizzare,30
enel,30
facciale,30
starare,30
dodicenne,30
cautelativo,30
brigatisto,30
spandere,30
similitudino,30
belloccia,30
tinello,30
sembrerebbe,30
scrigno,30
impietosamente,30
spavaldo,30
culinario,30
reid,30
pallottolo,30
brocco,30
poverissimo,30
assolti,30
divagazione,30
teulada,30
controcanto,30
profume,30
interessa,30
fuoriclasse,30
filarmonica,30
autogestione,30
sospetta,30
imposto,30
draga,30
interruppe,30
offrano,30
spadroneggiare,30
cinigiano,30
torturato,30
gameto,30
naturo,30
arricchito,30
giocato,30
picche,30
damaso,30
division,30
sonos,30
proposizione,30
reclame,30
medina,30
gerarco,30
triumviro,30
conosco,30
docenza,30
nutrimento,30
foschia,30
bina,30
separarso,30
telefonicamente,30
versatile,30
puntiglio,30
infilzare,30
sancere,30
caposaldo,30
autoriforma,30
centralizzato,30
ammaccare,30
scellerare,30
rimostranza,30
insperato,30
paternalismo,30
eolino,30
saliere,30
commettare,30
elusivo,30
viceré,30
avocare,30
scendire,30
dimetro,30
schiave,30
bullone,30
farfallo,30
tega,30
mussi,30
grog,30
inconveniento,30
sacrale,30
riproducere,30
visivamente,30
virilità,30
donorire,30
riconsiglio,30
ricamare,30
operator,30
fertilizzante,30
arrena,30
ingarbugliare,30
presidiato,30
patacca,30
scarlatto,30
vinco,30
abolere,30
ore21,30
ripeto,30
passamontagna,30
quagli,30
piogge,30
chiedico,30
immensare,30
sdrammatizzare,30
mutolo,30
contador,30
tombo,30
viareggino,30
invenduto,30
marzocco,30
conscio,30
iberista,30
arcinoto,30
postume,30
raggiro,30
kirghizistan,30
fortissimamente,30
40enne,30
chiasso,30
spendo,30
flegreo,30
sbarro,30
primaverile,30
troverebbero,30
rettere,30
storiella,30
porterare,30
ralingar,30
borgarello,30
catturato,30
dovrei,30
monteverdo,30
stereotipato,30
suffrago,30
renderebberare,30
jazzista,30
asprare,30
casato,30
perse,30
impreziosire,30
liberticida,30
videla,30
strozzo,30
eclissi,30
trionfalismo,30
distintamente,30
camorristo,30
fonderia,30
demonio,30
comunisto,30
antiquato,30
amalgamare,30
scrutino,30
antro,30
federalisto,30
bifronte,30
blasfemia,30
intellettualmente,30
catilina,30
safena,30
coniolo,30
converso,30
scongiuro,30
selene,30
identificativo,30
teatrante,30
wehrmacht,30
fluire,30
cista,30
exit,30
immesso,30
carpire,30
cassaco,30
babau,30
catherine,30
tanno,30
capitalisto,30
tymoshenko,30
intrigare,30
store,30
poliedrico,30
colei,30
talpe,30
ritrosia,30
acchiappare,30
aggiusre,30
rendicontare,30
aziendare,30
lasco,30
stereoscopico,30
contrastanto,30
hampshire,30
rispetta,30
bosforo,30
censorio,30
ariccia,30
scanzonato,30
invasi,30
paritaria,30
24ore,30
stalingrado,30
sting,30
conficcare,30
tebaldo,30
indugi,30
tondo,30
detectiva,30
anticipiamo,30
paulo,30
aversa,30
redattare,30
individualistico,30
erminia,30
fallout,30
scompaginare,30
deflattivo,30
gobare,30
pagatore,30
speranzoso,30
multiculturalismo,30
broccolo,30
ineleggibile,30
cinquantenario,30
trasbordo,30
difettosissimo,30
panciotto,30
ferratela,30
rinominare,30
andatolo,30
fondatila,30
duetta,30
renania,30
cibernetico,30
ruta,30
speziale,30
riassorbimento,30
eleggibilità,30
cokeria,30
islamismo,30
giovina,30
victor,30
gauck,30
metodologico,30
ternana,30
orazione,30
idalio,30
venicelo,30
frondisto,30
alatito,30
ddeutsca,29
paracadutista,29
optato,29
indecifrabile,29
cangiante,29
ammasso,29
giudichere,29
erminio,29
arrivedere,29
yale,29
segna,29
nepalese,29
sottolineato,29
agitatore,29
resistire,29
detector,29
secolario,29
scienziata,29
sacramento,29
venuti,29
incolpevole,29
cenacolo,29
almiro,29
efficientamento,29
slum,29
stilisto,29
ramaglia,29
turrito,29
turba,29
buere,29
sanguinante,29
sottratte,29
ascrivere,29
settantesimo,29
apaca,29
preferì,29
quattordicesimo,29
rodaro,29
barrage,29
filotea,29
disonorare,29
provine,29
oliera,29
sfugge,29
inseguitore,29
muraglio,29
perder,29
contravvenere,29
colta,29
aggirano,29
concepì,29
chicchessia,29
regolato,29
parre,29
sahib,29
brigando,29
ricusazione,29
indifferibile,29
sciarpe,29
permanentemente,29
marmellata,29
dissanguare,29
giustiziato,29
nazifascisto,29
arcidiocesi,29
variale,29
iguana,29
esacerbare,29
lynch,29
guardingo,29
astronomo,29
contentare,29
avvolto,29
ibrahimovare,29
ceder,29
correggio,29
vassalli,29
foxe,29
assegnano,29
anticoncezionale,29
riff,29
spilla,29
lang,29
atteggiare,29
barbatella,29
abbandonere,29
convissere,29
triesto,29
paranoico,29
minnite,29
mode,29
zulu,29
rinfrescare,29
minnesota,29
caglio,29
furtare,29
cataclisma,29
cagliare,29
rock',29
prosegretario,29
ammiccare,29
degenere,29
lesa,29
sonaglio,29
lanzi,29
detta,29
rarità,29
fiesole,29
roseo,29
padrono,29
monitorato,29
arguzia,29
ottomano,29
sfaldamento,29
nutrivare,29
strumentalità,29
duellar,29
alaire,29
lella,29
apparivere,29
abdusse,29
bicentenario,29
mostrere,29
cristiare,29
preparere,29
fallaco,29
annapaolare,29
fustigatore,29
introdure,29
sorgare,29
sterilità,29
guinzaglio,29
circuire,29
espianto,29
insano,29
apostrofare,29
luttuoso,29
pollino,29
novemila,29
patchwork,29
audacia,29
ecumenismo,29
riuniscare,29
druso,29
lodovico,29
dependance,29
casacca,29
premurare,29
rosee,29
sciacallaggio,29
esulre,29
supereroi,29
siegfried,29
carissima,29
situa,29
32enne,29
felpa,29
subivare,29
mediocro,29
burrasca,29
invalido,29
insopprimibile,29
urbo,29
pittrice,29
foriere,29
sperdere,29
compendio,29
spinoza,29
gratificare,29
adone,29
same,29
manuele,29
ruggente,29
granza,29
steso,29
lanfranco,29
redditizia,29
versatilità,29
califfato,29
sferzante,29
raccordare,29
liscia,29
erroneo,29
vorrare,29
dakar,29
sceme,29
stendardo,29
dieter,29
domaso,29
composito,29
podere,29
barnfield,29
contribuiscare,29
dinamicha,29
navarra,29
crespi,29
campiono,29
interiorità,29
rarefatto,29
piacque,29
training,29
vertiginosamente,29
inimicizia,29
fattasi,29
espletamento,29
rancoroso,29
presiede,29
larry,29
indenne,29
surrettiziamente,29
innocue,29
scomposizione,29
sostitere,29
disagiare,29
sosia,29
attico,29
plasticamente,29
imperare,29
avatare,29
capii,29
scomposta,29
smetto,29
indie,29
antropologi,29
galleggiamento,29
ermare,29
indole,29
emulazione,29
cavato,29
longa,29
aliena,29
pericolosa,29
mimare,29
ottare,29
intuibile,29
demoniaco,29
sostantivo,29
viennese,29
serratura,29
nudità,29
ruperto,29
torio,29
alternarso,29
amicone,29
regalia,29
migro,29
epistolare,29
kaiser,29
smembrare,29
frac,29
savina,29
connetto,29
librar,29
tatuare,29
accompagno,29
orine,29
dissonanza,29
svariare,29
attino,29
perforare,29
saltuario,29
moscovite,29
leder,29
palestre,29
approdano,29
charlio,29
comare,29
issi,29
valeriano,29
imitatore,29
nutrita,29
mercé,29
metodista,29
firmo,29
mandi,29
tracimare,29
diffonde,29
calcinaccio,29
leghiamo,29
minale,29
tabacca,29
gallina,29
twilight,29
supervisore,29
catullo,29
tamtam,29
jefferson,29
bisco,29
focio,29
centi,29
tangentopoli,29
cavia,29
marginalmente,29
contemplazione,29
voleeva,29
imposo,29
disconoscere,29
ovidio,29
nicoletta,29
folletto,29
promotrico,29
terracino,29
modifichare,29
pepino,29
bonzi,29
linguista,29
argina,29
prepotento,29
buoi,29
espiatore,29
rispondevare,29
anatolia,29
teodora,29
sondino,29
sydney,29
boccaccio,29
agiresto,29
consentirglio,29
efferatezza,29
alce,29
frustare,29
paparazzo,29
foia,29
paniero,29
accidento,29
invogliare,29
esuberante,29
capalbio,29
torcia,29
siluramento,29
macchinetta,29
sprovvisto,29
buttafuore,29
serva,29
manforte,29
pardon,29
dissipazione,29
binagli,29
conci,29
ridistribuzione,29
montiero,29
quaresima,29
firmamento,29
bondeno,29
considerere,29
esister,29
codardo,29
salivare,29
salsiccia,29
nissan,29
renale,29
freudiano,29
incartare,29
prenderselare,29
emersere,29
contraerea,29
discettare,29
setola,29
convertito,29
scandinavia,29
diletto,29
falcinelle,29
ranch,29
villino,29
condare,29
annamaria,29
irrompa,29
abitabile,29
dispario,29
insussistenza,29
spolpare,29
migliorato,29
padore,29
ermetico,29
ginecologa,29
contenibile,29
disincantato,29
riflusso,29
spalletta,29
contributore,29
dogmatismo,29
abazia,29
gerardare,29
fattivamente,29
adornare,29
accorpamente,29
moncare,29
insù,29
vira,29
interrompe,29
avance,29
drink,29
impaurito,29
naoto,29
riguarderebbero,29
origgio,29
laurino,29
sovraffollare,29
faticano,29
merina,29
cazzotto,29
dicasi,29
limire,29
staliniano,29
flaminia,29
pungolo,29
insurrezionalista,29
dicomano,29
scommetto,29
ibla,29
bilanciato,29
bacillo,29
reso,29
valgare,29
stilizzato,29
beta,29
bustarella,29
gasso,29
intravede,29
cellere,29
surrealista,29
venuto,29
bipartitico,29
orbito,29
partano,29
adducere,29
calzatura,29
dipartimente,29
salgario,29
politicante,29
nitore,29
boniface,29
costermano,29
chiedio,29
cappuccetto,29
vari,29
oceania,29
prevarre,29
cimitere,29
borghetto,29
dresano,29
aurora,29
amicare,29
iolanda,29
bardelli,29
burbero,29
sunnire,29
concistoro,29
zucchina,29
simmetrico,29
bordano,29
spacchetta,29
mollere,29
patogeno,29
dimostrerebbero,29
boezio,29
girasole,29
mavì,29
decado,29
gabriello,29
fornero,29
datavato,29
pitonessa,29
magnare,28
desistenza,28
mundi,28
antimateria,28
cacchione,28
tornello,28
valletto,28
urbe,28
benservito,28
intonazione,28
sparge,28
beneplacito,28
definiscare,28
baccante,28
nureci,28
veronicare,28
sauro,28
dilano,28
billy,28
battistina,28
distinguare,28
estorsore,28
boscone,28
leninista,28
fugace,28
bisturo,28
darebbero,28
svilimento,28
rutto,28
parlavamo,28
perugina,28
accalcare,28
rinascente,28
ridimensionato,28
interna,28
squisito,28
genera,28
passasse,28
cinise,28
avresta,28
warren,28
mazzuolo,28
chere,28
sfruz,28
lenire,28
esiguità,28
scaramuccia,28
ciecamente,28
ipermercare,28
irradiare,28
barbaramente,28
tartassato,28
padella,28
carialo,28
psichedelica,28
miliardaria,28
pico,28
scopa,28
ripe,28
ugolini,28
neghare,28
rossella,28
annovera,28
strumentista,28
arengo,28
togliaggere,28
canaria,28
tonico,28
dambel,28
oberare,28
procacciare,28
neivo,28
agrodolce,28
medicine,28
convince,28
ipnotizzare,28
trabocchetto,28
idrogeno,28
ustionare,28
suukyi,28
raccoglimento,28
ambiento,28
lainare,28
formalismo,28
flag,28
fascistone,28
redere,28
organicamente,28
ripido,28
squadernare,28
edgare,28
diplomare,28
macedone,28
gorare,28
perlustrazione,28
rosalia,28
farci,28
stralunato,28
lettonia,28
fluttuazione,28
sovvenzionare,28
separatela,28
issopo,28
peacekeeping,28
svogliere,28
clementina,28
costello,28
durre,28
verare,28
micco,28
muove,28
contribuari,28
psicofarmace,28
leandro,28
discriminato,28
spasimo,28
cognare,28
nascenta,28
scuolabus,28
arde,28
disparte,28
costretti,28
schedo,28
ideologismo,28
digitare,28
approfitto,28
spudorato,28
premuroso,28
chiacchierato,28
scuolo,28
orfare,28
famigerare,28
fesa,28
delinquento,28
bertolt,28
narra,28
learco,28
antea,28
elvetica,28
immotivato,28
inesperto,28
artegna,28
irrisolvibile,28
varesino,28
econome,28
abilire,28
21enne,28
repressare,28
giovanangelo,28
coppio,28
ricordavare,28
miopo,28
considere,28
scadre,28
verificato,28
tasta,28
micee,28
chilometrico,28
destinataria,28
inverre,28
scioltezza,28
multidisciplinare,28
alme,28
volumetto,28
maramao,28
attuabile,28
varre,28
costantina,28
settarismo,28
twist,28
lasciandoso,28
magnificare,28
escare,28
giustezza,28
vitiello,28
scià,28
imprenditorialità,28
affettare,28
viado,28
bignola,28
confinanto,28
conviene,28
omogenee,28
abroghere,28
frame,28
bagnine,28
cappellare,28
entertainment,28
bardosso,28
opificio,28
manganellata,28
fiorellare,28
sforza,28
shabab,28
sbilenco,28
repere,28
premiale,28
acutamente,28
dune,28
vandalismo,28
biffo,28
pede,28
bibliografia,28
odeon,28
cambro,28
rilere,28
preambolo,28
filigrana,28
cancerogene,28
giussare,28
padellaio,28
traversia,28
assaggiare,28
antidolorifico,28
wellington,28
bombo,28
spiro,28
mure,28
innocenzo,28
sceglie,28
silenzo,28
ivoriano,28
dignitosamente,28
intermittenza,28
cimare,28
disinvoltamente,28
oltranzisto,28
prelazione,28
noleggiare,28
comunichare,28
adirare,28
resero,28
oltraggiare,28
moresco,28
monotonia,28
funzionaria,28
riformo,28
ideazione,28
tornano,28
esordì,28
annichilire,28
dervio,28
gerarda,28
dettero,28
turbato,28
librino,28
immensamente,28
sovrastruttura,28
citofono,28
habitué,28
pigna,28
sena,28
mornico,28
quercio,28
cippe,28
idillio,28
ottusa,28
elsare,28
candio,28
raggiante,28
mazzocco,28
fidatissimo,28
amabile,28
sdegnare,28
longevità,28
tesserino,28
brufolo,28
intervallare,28
splendidamente,28
vittoriare,28
eminento,28
cinghiale,28
eolo,28
nodale,28
giudicano,28
poto,28
lamio,28
velata,28
yogurt,28
spaesare,28
bacchettata,28
barzotto,28
alghero,28
contropartire,28
meteora,28
canore,28
timbrare,28
halloween,28
egregio,28
cambierare,28
ammiccante,28
autoctone,28
immedesimare,28
faccetta,28
colorente,28
simonino,28
volontaria,28
letargo,28
sovraffollato,28
maledettamente,28
catione,28
bramma,28
anelano,28
bieno,28
impregnare,28
separate,28
minacci,28
parère,28
proverbio,28
faccendo,28
trasformere,28
gave,28
ritornano,28
berla,28
affermativo,28
percettore,28
aire,28
onorato,28
percepivare,28
subordina,28
chiedendogli,28
marginandole,28
ascendere,28
inoltrato,28
inimitabile,28
dialoganto,28
astuto,28
duisburg,28
terminologia,28
manovale,28
citrine,28
maestrale,28
stupidaggine,28
civate,28
rieducativo,28
riconsegna,28
maniaco,28
roulotte,28
rispondano,28
andrei,28
accentramento,28
invidioso,28
equidistante,28
solaio,28
patrico,28
ricordiamoci,28
taumaturgico,28
divaricare,28
ovulo,28
pienza,28
spensierato,28
diventi,28
dirigare,28
mannoia,28
borromeo,28
cornetto,28
festeggiamento,28
municipalizzato,28
maltolto,28
palau,28
padello,28
gelone,28
indovino,28
mirabello,28
diatribe,28
sovrapponibile,28
idra,28
parasse,28
tirannico,28
lobbistico,28
supera,28
consumò,28
demotivare,28
diciannovesimo,28
rinunciatario,28
falena,28
genico,28
professionismo,28
ineguaglianza,28
lede,28
pinnato,28
gelosamente,28
ristampa,28
trullo,28
canalizzare,28
imbuto,28
imponire,28
tecnostruttura,28
indesiderare,28
seppero,28
brogliaccio,28
maggiolino,28
gialle,28
anomia,28
vorace,28
portatrico,28
lemma,28
flashback,28
alfreda,28
erotismo,28
cero,28
petrio,28
mcconnell,28
mazzè,28
gestualità,28
annunciavare,28
guggenheim,28
continuato,28
granito,28
egemonizzare,28
medialo,28
pattugliamente,28
strategica,28
disapprovazione,28
ramificato,28
aloe,28
portino,28
disumanità,28
lanciato,28
spiazzo,28
eleggibile,28
tesissimo,28
deutsca,28
inferto,28
goffa,28
lunigiano,28
gallico,28
17enne,28
seehofer,28
raffico,28
collettore,28
deutsche,28
magnano,28
aspettavre,28
nocara,28
berlusconire,28
arredo,28
vedente,28
teresio,28
appiattimento,28
incorporazione,28
ricada,28
bertoluccio,28
tiberio,28
digitalizzare,28
canapa,28
elegia,28
veterinare,28
inesperienza,28
quaglia,28
verbania,28
tentere,28
elettromagnetico,28
crotonese,28
inastasi,28
cassandra,28
grattero,28
piea,28
chongqing,28
cartapesta,28
ricatti,28
copti,28
spuro,28
eravare,28
putrefatto,28
capofilere,28
specialistica,28
techeo,28
grida,28
scaglia,28
scoramento,28
rubate,28
adrian,28
richiamato,28
1861,28
lirismo,28
davidere,28
acaule,28
occupa,28
indeuropeista,28
erodono,28
attizzo,28
dettovo,28
giarrusso,28
filaio,28
edittare,28
ginevra2,28
alcidere,27
nerone,27
inneggiano,27
annegato,27
apaco,27
schematico,27
vocalità,27
torrentizia,27
salgere,27
divorzo,27
parabrezza,27
atos,27
proferire,27
bune,27
mendicante,27
runner,27
sabir,27
edificabile,27
zucca,27
romanzere,27
evito,27
inerma,27
picchiatore,27
pugilato,27
capitolare,27
restii,27
lateranense,27
ritrare,27
saltarello,27
cosetta,27
ragguardevole,27
postura,27
bagnante,27
chiedire,27
avamposta,27
calca,27
contrappunto,27
ridente,27
stremato,27
cavalcavia,27
deimos,27
apuare,27
tristezzare,27
latifondista,27
abbiare,27
45mila,27
estintore,27
presieduta,27
controllante,27
fendento,27
cosanostra,27
preistorico,27
pletora,27
elton,27
sugo,27
sfilacciato,27
vetto,27
mandira,27
extragiudiziale,27
sottovalere,27
dilatato,27
propongare,27
impiccato,27
allgemeine,27
clacson,27
accondiscendente,27
stragare,27
morivare,27
scrupolosamente,27
joan,27
fauce,27
abbronzato,27
equidistanza,27
panca,27
pervicacemente,27
sepolre,27
caspio,27
vinceranno,27
concludono,27
allore,27
divampa,27
1906,27
aitante,27
velocisto,27
spire,27
capilista,27
nuotatore,27
vietnamito,27
salomon,27
renda,27
pirare,27
meteorite,27
balano,27
eolica,27
goetha,27
timotea,27
pioppo,27
caletto,27
saudita,27
sociologa,27
spassoso,27
compaesano,27
rintanare,27
teme,27
nordeuropeo,27
potentissima,27
florina,27
sacrificato,27
lucciola,27
istintivamente,27
avveniristico,27
secretre,27
annegamento,27
graie,27
spigoloso,27
fiducie,27
dakota,27
precipua,27
scherzoso,27
emmanuela,27
imprinting,27
ruth,27
pignone,27
riattivazione,27
infro,27
righetto,27
floriano,27
lattina,27
georgere,27
restarere,27
ozioso,27
surrealismo,27
fenomenologia,27
machete,27
borsello,27
montello,27
vaca,27
concausa,27
spalare,27
airfrance,27
ripugnante,27
scrofa,27
lampedusare,27
ghiacciao,27
pesa,27
24enne,27
preve,27
spicciolata,27
medicai,27
agiscano,27
raddoppiato,27
puligere,27
cercato,27
spudoratamente,27
messolo,27
amarcelo,27
lito,27
ferrazzo,27
strisciare,27
sfaldare,27
vergogno,27
limitatamente,27
evitato,27
1860,27
componere,27
dindon,27
cracovia,27
griffato,27
panzer,27
fognatura,27
paramount,27
georges,27
preferivo,27
provino,27
gracile,27
souvenir,27
opuscole,27
weebly,27
traditare,27
larussare,27
robinson,27
ricattatore,27
normanno,27
rescissione,27
scalato,27
merare,27
decada,27
cordovare,27
ecocompatibile,27
cortigiane,27
stonato,27
alemanna,27
ostruzionistico,27
psicoterapeutico,27
lancaster,27
edita,27
nietzsco,27
scuolare,27
scaramanzia,27
additivo,27
ininfluente,27
costone,27
rimo,27
monolitico,27
canon,27
autodistruzione,27
pendolare,27
riaprare,27
apparentare,27
dopolavoro,27
birillo,27
illustrativo,27
salvò,27
cicerone,27
nitidamente,27
gonfiabile,27
vietnamita,27
leonardare,27
felpato,27
alternativamente,27
corato,27
svelta,27
piramidale,27
inopinato,27
finanzo,27
biotta,27
convenzionato,27
scotch,27
collondere,27
giraldo,27
onicoso,27
miniatura,27
basto,27
girardo,27
frustrante,27
crusca,27
450mila,27
galano,27
paco,27
concito,27
cogli,27
mozzare,27
desueto,27
anticonformista,27
volente,27
pugnalare,27
cordaio,27
purificazione,27
incomunicabilità,27
ivana,27
piffero,27
foligno,27
firth,27
pronunciato,27
prole,27
materio,27
insurrezionale,27
lockheed,27
ingozzo,27
pianistico,27
unilateralismo,27
intelletto,27
ammarato,27
charme,27
riaperto,27
ducati,27
risultante,27
preminenza,27
ammazzato,27
montino,27
fittize,27
sinodale,27
elidere,27
fillea,27
ceramico,27
poggiano,27
bambocciante,27
sempione,27
pagante,27
tuttofare,27
enunciato,27
compie,27
raccolre,27
allarma,27
aerospaziale,27
approfondere,27
lavatrico,27
elettro,27
biliardo,27
bonaccione,27
pizarro,27
parrucca,27
contrordine,27
cardè,27
soma,27
cimo,27
colonnare,27
sopito,27
svoltoso,27
suggeritore,27
carrù,27
chiosco,27
lapin,27
infra,27
postilla,27
comunicante,27
comfort,27
appostamento,27
votino,27
silverstone,27
ereditiera,27
quantitativamente,27
view,27
appesare,27
ursulo,27
sudista,27
trovarmo,27
inviò,27
devianti,27
massimalismo,27
decidemmo,27
becere,27
coloritura,27
accompagnato,27
distortare,27
benese,27
proseguo,27
240mila,27
indizione,27
sottoutilizzare,27
canolo,27
puntiglioso,27
bouteflika,27
adele,27
israeliane,27
parla,27
ammaliare,27
acciaierio,27
anacronismo,27
stonere,27
dopante,27
trasgressivo,27
oppie,27
restituiscere,27
ostento,27
oltremare,27
multisala,27
vattene,27
minestra,27
venivo,27
squallida,27
reperirere,27
leinì,27
portandolare,27
kofi,27
piene,27
mirca,27
damon,27
pullulare,27
imperverso,27
fragola,27
furteo,27
sentivamo,27
interverere,27
antiuomo,27
fiaccola,27
vecchietto,27
urticante,27
pretoria,27
nicolina,27
maggese,27
sbandare,27
riporto,27
dilettantismo,27
poolo,27
dolorosi,27
autodistruttivo,27
orda,27
passata,27
libération,27
frigoria,27
fernandere,27
sacrario,27
accorgimente,27
lavis,27
macrina,27
pannicello,27
laicato,27
soprintendento,27
abbonare,27
stoltenberg,27
uniscanore,27
applaudito,27
intonaco,27
gibilterra,27
ambivalenza,27
marsiglio,27
disegnato,27
castelluccio,27
quattordico,27
inettitudine,27
predicato,27
habitus,27
cianci,27
tg24,27
frontaliero,27
balocco,27
reinserire,27
possibilista,27
tranciano,27
aliantista,27
marta,27
imprenditrice,27
salmone,27
marmara,27
digressione,27
strofa,27
pariniano,27
orante,27
things,27
valloriare,27
mandere,27
eminenza,27
geddere,27
gastone,27
solerzia,27
cairare,27
infarina,27
filologia,27
calamaro,27
darare,27
comasco,27
premura,27
spallone,27
faccare,27
eucaristico,27
bureau,27
orango,27
richiudere,27
westfalia,27
nautica,27
riassungere,27
petroso,27
prepensionamento,27
leopardiano,27
cassaro,27
mobiliario,27
slip,27
anoressia,27
assurgere,27
autiere,27
sensoriale,27
tabaccaio,27
asfaltare,27
conservativo,27
eton,27
compresa,27
nardò,27
rousseff,27
motorio,27
predeterminato,27
villanovo,27
assisa,27
rigirare,27
ripescaggio,27
illudare,27
locuzione,27
sunderland,27
deprime,27
copertone,27
modernismo,27
capotasta,27
unificamela,27
proscrizione,27
battezzato,27
semiautomatico,27
mortis,27
donnell,27
tutorial,27
cyber,27
tellurico,27
caruccio,27
xxie,27
riconsiderazione,27
cela,27
dracma,27
auspicabilmente,27
monetarista,27
laprevere,27
trivandrum,27
sorbitolo,27
crimi,27
esplodare,26
chiarito,26
pocenia,26
raccomandata,26
pongare,26
nebraska,26
ninfeo,26
incancellabile,26
lissone,26
laude,26
rapace,26
pavarotto,26
romanticismo,26
gemonio,26
roseola,26
grinfia,26
paddock,26
staccato,26
strettare,26
sabbatico,26
maiorca,26
racchetta,26
ottuagenario,26
ambivalente,26
sindia,26
fuggi,26
buongoverno,26
accresciuta,26
quadretto,26
basino,26
food,26
christia,26
yoga,26
gainsbourg,26
badoglio,26
cassintegrare,26
vermont,26
scolaresca,26
velodromo,26
collino,26
molle,26
stupere,26
cooperatore,26
esordiento,26
patibolo,26
provochare,26
riconosciere,26
filologo,26
volger,26
reticento,26
twitch,26
fregatura,26
animatamente,26
sottoutilizzato,26
misere,26
dirette,26
curry,26
censurato,26
maffeo,26
caaf,26
baste,26
salame,26
labirinte,26
cocomero,26
alire,26
riete,26
tavoletta,26
microchip,26
canovo,26
capodanre,26
sgangherare,26
montone,26
rasato,26
lamentavare,26
nedda,26
impuntare,26
ritenendolo,26
aipac,26
lamare,26
gitano,26
fusina,26
hills,26
postulare,26
lorena,26
laicamente,26
innato,26
miller,26
simmetria,26
calcolato,26
meandro,26
scomparere,26
stalinismo,26
ribadiamo,26
mormora,26
scarpetta,26
milanisto,26
paganico,26
colma,26
scandito,26
beccario,26
abbordaggio,26
castelletto,26
solerte,26
antichissimo,26
stoccato,26
patrimonializzazione,26
fallere,26
timer,26
giornalmente,26
orrenda,26
disperante,26
sonora,26
producevare,26
oppore,26
volpi,26
depennare,26
riverbero,26
officino,26
ontologico,26
permeabile,26
ricca,26
apparentamento,26
micaelare,26
rimodellare,26
sirone,26
vediamo,26
pulviscolo,26
stale,26
usta,26
squalifico,26
amputazione,26
abela,26
oltraggioso,26
cosmopolito,26
corazziere,26
pacificatore,26
cabala,26
densamente,26
argomentato,26
polita,26
immanente,26
traumo,26
essai,26
partitocratico,26
inail,26
sapevare,26
elbano,26
inachio,26
disattivare,26
moria,26
endere,26
meschinità,26
sbarramente,26
tropico,26
luccicare,26
esser,26
piperno,26
coredere,26
omertoso,26
cofinanziare,26
giochere,26
incontaminato,26
villaga,26
tortare,26
frisala,26
indonesiano,26
avventato,26
celtio,26
messinesa,26
delinquenziale,26
torcere,26
temiamo,26
giunge,26
amorevole,26
parona,26
nereo,26
7000,26
pistoiese,26
ergastolano,26
quarantamila,26
soddisfacimento,26
ingegneristico,26
quagliacelo,26
girotondi,26
filmografia,26
dedicheere,26
silenziatore,26
okay,26
astanto,26
anitare,26
ceraiolo,26
concentrere,26
graduatorio,26
pattinaggio,26
sparì,26
saracino,26
intemperio,26
monale,26
papaleo,26
guccino,26
tuile,26
teleschermo,26
sinteticamente,26
blocca,26
disattesi,26
aperturare,26
cunningham,26
perdonanza,26
abbordabile,26
localizzato,26
diluì,26
centralina,26
afganistan,26
sdegnato,26
alaare,26
acate,26
orecco,26
vituperato,26
dileggio,26
inflitti,26
darei,26
arei,26
riscottere,26
barbuto,26
screditato,26
dille,26
pizzaiolo,26
incendiato,26
matematicamente,26
equivalenza,26
disonore,26
alluso,26
inversamente,26
fuoriclassa,26
jazzistico,26
quarantesimo,26
inserzionista,26
atlanta,26
minorità,26
stewart,26
penombra,26
esaminato,26
gentiliano,26
conformemente,26
itunes,26
avallano,26
metteranno,26
mortalmente,26
prescrittivo,26
crepuscolare,26
muse,26
multilateralismo,26
disparare,26
verma,26
chemioterapia,26
incolore,26
attirano,26
blinda,26
inesatto,26
sennòe,26
gong,26
sgarrare,26
strampalato,26
irrisogliere,26
sfinimento,26
guerrino,26
agata,26
guantone,26
respingare,26
goder,26
ascolana,26
minerva,26
verticistico,26
sottosviluppato,26
succede,26
ruffini,26
interpretato,26
valdagno,26
anatomico,26
iniquio,26
dodicimila,26
ciabattone,26
complicanza,26
operaia,26
notes,26
liechtenstein,26
sospensivo,26
degradazione,26
budellare,26
citere,26
lenta,26
stronzi,26
ombroso,26
razzia,26
espressionismo,26
esalar,26
bestino,26
maschilisto,26
propulsione,26
vivisezione,26
esecutiva,26
datane,26
tuona,26
compromessa,26
fugge,26
sferzato,26
parrocchiani,26
favole,26
uditorio,26
furlani,26
berluto,26
edilio,26
confluari,26
incollato,26
sovversivismo,26
abbai,26
pessimisto,26
forgere,26
aquilino,26
superabile,26
prometeo,26
refuso,26
disdetto,26
atacama,26
actionaid,26
meduno,26
sparpagliare,26
scomode,26
illeso,26
dissestato,26
valorizzo,26
gramscie,26
alloro,26
paderno,26
menade,26
casellario,26
pastello,26
miare,26
massenzio,26
rustico,26
anatra,26
inesistenza,26
sudato,26
tesser,26
erasmo,26
bettinare,26
miasmo,26
ganglio,26
ubbidire,26
amerigo,26
costrevere,26
mozzafiato,26
cucine,26
utilitario,26
sunday,26
render,26
disgraziare,26
debuttere,26
sciabola,26
genericità,26
monti,26
140mila,26
arma|arme,26
sconsigliano,26
sinergico,26
quattrocentomila,26
procaccino,26
didascalico,26
padare,26
eminente,26
alliere,26
trepidazione,26
dolcemente,26
incompleta,26
becchino,26
interconnesso,26
cestinare,26
opportunare,26
raccomandabile,26
anestesista,26
espositore,26
bolerinare,26
idilliaco,26
flexsecurity,26
astieno,26
afasia,26
dissolvimento,26
dissociazione,26
stallman,26
spinale,26
nazisto,26
seda,26
tonnellare,26
arellare,26
americana,26
interdipendente,26
insolvente,26
diocesano,26
sartorio,26
pergolese,26
maoista,26
bettola,26
rilke,26
orecchino,26
sconveniente,26
baito,26
stigma,26
grifone,26
lacerato,26
buddhista,26
faidare,26
votavare,26
scomparsi,26
agilità,26
riposta,26
buccia,26
biotecnologia,26
madamare,26
erbo,26
josm,26
acnere,26
commutare,26
dcxi,26
esaggere,26
verace,26
giosuè,26
ineluttabilità,26
logoro,26
masseria,26
sbraitare,26
calvare,26
salvinare,26
giovanardi,26
eterosessuali,26
benedice,26
massivo,26
insulso,26
realizzeremo,26
mendicare,26
claustrofobico,26
individuabile,26
oddio,26
canniccio,26
albera,26
torrazzo,26
osseo,26
coleman,26
morolo,26
frotta,26
neofascistare,26
cabra,26
considerevolmente,26
stabilito,26
assurde,26
fregiare,26
cetriolo,26
coinvolgento,26
flirt,26
rimare,26
horst,26
intercorrere,26
sentirme,26
rave,26
anticarro,26
music,26
alido,26
sbandato,26
guadagnino,26
rispolvera,26
sbalorditivo,26
scatolino,26
apatura,26
facoltativo,26
incrostazione,26
pipistrello,26
attanagliire,26
arino,26
fortunio,26
suspensa,26
ragioniero,26
oracolo,26
sgozzare,26
bano,26
scientemente,26
suor,26
lere,26
sparale,26
indisciplinato,26
zara,26
moltissimi,26
oregon,26
cellare,26
zoeggeler,26
drenaggio,26
opprimente,26
atrio,26
terracina,26
scaltro,26
quino,26
becchetto,26
indegnità,26
newey,26
piermario,26
matteuccio,26
decisore,26
cesta,26
contabilizzazione,26
mimosa,26
sirto,26
cagatolo,26
rubalcaba,26
santorum,26
zennaro,26
gambetto,26
tonijop,26
ilcaso,26
laminala,26
aggiungerà,25
santamaria,25
luxemburg,25
abbellire,25
amplissimo,25
irrealtà,25
parlino,25
calandro,25
carluccio,25
acquario,25
inviata,25
lanterna,25
lano,25
nazareth,25
stravolge,25
committenza,25
apriere,25
etano,25
olivetti,25
andriare,25
cingere,25
anticapitalismo,25
philadelphia,25
beatene,25
waterboarding,25
prescriggere,25
contezza,25
cristianare,25
salmour,25
assuefatto,25
pulcinello,25
proponevare,25
problematicità,25
berre,25
neonazisto,25
motonave,25
ubicare,25
sbracciare,25
imita,25
youdem,25
assodato,25
iermattina,25
pendolo,25
dissenziente,25
possibilirre,25
autogestire,25
sorellina,25
pecciolo,25
160mila,25
iene,25
scongelare,25
rappresentativa,25
agrigentino,25
unitarietà,25
pulsare,25
brics,25
tengire,25
secondino,25
tentano,25
banano,25
guastatore,25
tecnologo,25
accredito,25
prua,25
farere,25
contentino,25
velocista,25
esoterico,25
eccitato,25
muovendoso,25
phil,25
inappropriato,25
yaml,25
temposututte,25
insaziabile,25
unica,25
diligentemente,25
finivano,25
tripole,25
legnare,25
manomettere,25
razzirre,25
biancorosso,25
alezio,25
casaccio,25
larsson,25
archetipo,25
mappare,25
avvocata,25
percorrenza,25
sottogoverno,25
differenziata,25
javier,25
eritreare,25
elettricista,25
cleveland,25
appassionatamente,25
tesa,25
assale,25
frida,25
metodico,25
arameo,25
pallottoliere,25
merano,25
missoure,25
malcolm,25
impoverere,25
voterò,25
stiare,25
tambure,25
approde,25
adams,25
borbonico,25
naome,25
spostandoso,25
agonismo,25
vigevano,25
vorresti,25
berline,25
collier,25
baud,25
presuppongere,25
roman,25
dense,25
fudere,25
vittorina,25
merchandising,25
intestinale,25
sghembo,25
capostipite,25
lacciole,25
paletta,25
bistrattato,25
simulato,25
nicole,25
toccato,25
triumvirato,25
gingrich,25
avverto,25
impennato,25
consolante,25
cosenzo,25
maggiorento,25
ateismo,25
cambridga,25
prussia,25
cambiato,25
riprogrammare,25
colgiro,25
schwarzenegger,25
pompino,25
tiratura,25
mene,25
contusione,25
macchino,25
collaborazionista,25
michelo,25
inferocire,25
orca,25
imbiancare,25
flettere,25
kibbutz,25
ciadiano,25
nuda,25
spinare,25
militarista,25
baccio,25
inventiva,25
buvette,25
intermezzo,25
dotta,25
esponenzialmente,25
doppiaggio,25
supplicare,25
torrese,25
funaio,25
alante,25
tait,25
ultimi,25
equipaggiamento,25
delude,25
urino,25
damiana,25
intimidito,25
sperimentalismo,25
sabra,25
2100,25
esaurere,25
conterraneo,25
facilissimo,25
scrosciante,25
sganciamento,25
abroghare,25
talora,25
porcheria,25
groenlandia,25
pergola,25
movenza,25
steppare,25
albe,25
ultimato,25
braccato,25
malconcio,25
rovinosamente,25
elettroshock,25
lepri,25
sommersa,25
todt,25
flagellare,25
cascio,25
insperare,25
profondissimo,25
asterio,25
lungometragge,25
clonato,25
utopistico,25
riconoscibilità,25
padanare,25
slide,25
richare,25
medere,25
gratta,25
conguaglio,25
coacervo,25
curvatura,25
valigetta,25
zombia,25
charlton,25
gettonare,25
andriano,25
pupa,25
impareggiabile,25
pontificare,25
nonviolenza,25
tipografico,25
aggravo,25
laudo,25
irrompono,25
sviluppere,25
scrivente,25
23mila,25
veltro,25
urbanistice,25
onorio,25
pescaro,25
yorker,25
cicciotto,25
aderì,25
nugolo,25
retrogrado,25
artemisia,25
mitezza,25
anormale,25
dimagrimento,25
patagonia,25
crescare,25
casacco,25
barbare,25
salito,25
salatissimo,25
confratello,25
serenissima,25
cadbury,25
polarità,25
cachet,25
showman,25
dispendio,25
pigiama,25
tremendamente,25
cipolla,25
soprannaturale,25
corvino,25
christina,25
gittata,25
nolente,25
antidrogare,25
unifico,25
dominiato,25
visualizzazione,25
luigina,25
aalà,25
adempile,25
flaire,25
disturbato,25
ritirato,25
pennettere,25
2channel,25
semilibertà,25
bridges,25
fahrenheit,25
eterodiretto,25
federato,25
pivellino,25
porce,25
esprimevare,25
proteggare,25
marionette,25
bittaco,25
monocolore,25
stroncatura,25
pisello,25
nichilista,25
malandato,25
udinesa,25
serissimo,25
caseario,25
costò,25
assolato,25
liturgico,25
cartare,25
fenomenale,25
cuocere,25
appariscente,25
invisibilità,25
metropolito,25
barre,25
anarchismo,25
comprovare,25
affilato,25
partigiare,25
porterà,25
vota,25
pellico,25
temporalmente,25
siberiano,25
archivistico,25
spanna,25
white,25
spudorare,25
follare,25
cappone,25
pernotto,25
artiglio,25
discutiamo,25
fecondità,25
brno,25
trac,25
vertebra,25
iperbole,25
usurante,25
ribattino,25
trascinatore,25
antieroico,25
manterere,25
asservimento,25
molesto,25
apparere,25
gollista,25
togare,25
telone,25
fulham,25
savonare,25
orchestre,25
serse,25
caricatore,25
scostamento,25
evolere,25
sblocchare,25
vinsero,25
sessantottino,25
riepilogare,25
alar,25
estrattivo,25
gianmario,25
trenino,25
valley,25
gestapo,25
scatarro,25
insoluto,25
aurico,25
convincimente,25
anteponere,25
casotto,25
ambasciatrice,25
depauperare,25
conviviale,25
immaginato,25
socie,25
adagi,25
avvere,25
ascendenza,25
sebastiare,25
sagra,25
pistols,25
schubert,25
obbedere,25
invivibile,25
castle,25
gambizzazione,25
ernano,25
rotello,25
coercizione,25
asterre,25
caronte,25
sudcoreana,25
traiare,25
protrae,25
bolle,25
apertare,25
verva,25
abilissimo,25
viggiù,25
cinofilo,25
continare,25
imprecare,25
15enne,25
espiazione,25
riletturo,25
gianmaria,25
similitudine,25
dichiaro,25
montenegrino,25
bellamente,25
passatempo,25
nazional,25
segretare,25
riformisre,25
cusio,25
riscopertare,25
dissidenza,25
distingere,25
sanzionato,25
schr,25
brevità,25
filtrano,25
minaccio,25
integratore,25
permettevare,25
rudero,25
bidè,25
perca,25
titubante,25
ariete,25
alberico,25
zapato,25
virata,25
compassato,25
megafone,25
ittico,25
intravisto,25
fida,25
dugnare,25
fortificare,25
fiscalmente,25
vincolato,25
invitandolo,25
castellania,25
spurio,25
autocoscienza,25
esaltato,25
catalare,25
avvedere,25
sonante,25
tempestare,25
calante,25
saleme,25
stazza,25
fittissimo,25
selciato,25
dilla,25
appresso,25
graham,25
accudere,25
cartiera,25
battagliare,25
brussellese,25
massimale,25
tragga,25
ires,25
madagascar,25
atlanticare,25
premierato,25
erta,25
digeribile,25
discovery,25
economicità,25
welt,25
occhialetto,25
adempe,25
inesploso,25
incontrato,25
angioino,25
goloso,25
vivacchiare,25
scisso,25
limpidezza,25
immagazzinare,25
sfugga,25
baita,25
adrano,25
impervia,25
valicare,25
renzare,25
trait,25
auriga,25
amicale,25
ubriacare,25
potessare,25
enigmo,25
ortese,25
stuntman,25
canonica,25
soccorsi,25
marconi,25
ripenso,25
danila,25
didone,25
caratterizzante,25
parificare,25
abbazia,25
aprere,25
alcalino,25
mangimo,25
remora,25
inesistento,25
melassa,25
dissestare,25
rosea,25
comprenda,25
seminarista,25
alder,25
sondaggista,25
gagge,25
costrutto,25
centriste,25
naomi,25
rooney,25
reggenza,25
preoccupi,25
gisella,25
pardi,25
lascario,25
circoncisione,25
aielli,25
mughetto,25
gasbarro,25
giuseppinare,25
variegata,25
francofone,25
agugliotto,25
milite,25
contromanovra,25
mirna,25
fognino,25
mediasso,25
ereditato,25
mandala,25
eminentemente,25
webcam,25
braca,25
bastian,25
portaereo,25
nigelo,25
arpe,25
prospettico,25
andatovo,25
vacanziere,25
tripolare,25
manichei,25
guarii,25
padoano,25
cimaglio,25
gaspere,24
soffrivo,24
acquatico,24
sentirere,24
teolo,24
lucare,24
trentenire,24
bighero,24
decidessero,24
facciamoci,24
boutique,24
castellano,24
andaluso,24
antivirale,24
sbigottire,24
illusoria,24
ghiotta,24
beale,24
eseguono,24
altopiano,24
mastino,24
dimeno,24
capito,24
lepro,24
concitazione,24
calcolatore,24
babinsky,24
invitandole,24
criminogeno,24
sentivo,24
costituiscare,24
falcinelli,24
irenere,24
aguzzini,24
recuperabile,24
eschilo,24
trilione,24
irridente,24
compilation,24
satura,24
autoveicolo,24
scrittare,24
aggiungereo,24
bassifondi,24
formace,24
assago,24
riprovevole,24
trek,24
sentii,24
kindle,24
truffatoro,24
ostello,24
stello,24
garzone,24
anuro,24
esauriente,24
caparbietà,24
demiurgo,24
microcriminalità,24
infarcire,24
bengaleso,24
glacé,24
schiuma,24
unici,24
chiudire,24
pennarello,24
scivolata,24
combattevare,24
agognare,24
affrancamento,24
venticinquenne,24
freelance,24
pattugliatore,24
fremese,24
palmiere,24
giardiniere,24
sistematicità,24
pravo,24
discretamente,24
merck,24
ecografia,24
mettessero,24
sedizione,24
massi,24
sciatteria,24
emirates,24
stragismo,24
baffetto,24
amplificatore,24
violentato,24
microscopio,24
stieg,24
beverly,24
inesattezza,24
fattaccio,24
galilea,24
illese,24
emozionanto,24
regale,24
manre,24
aspre,24
psicoanalitico,24
vomito,24
sciopere,24
insensatezza,24
diramazione,24
anticipatore,24
incantevole,24
sinico,24
indiscutibilmente,24
scrire,24
assurdamente,24
industriare,24
iblare,24
condito,24
ginzburg,24
vello,24
meccanicamente,24
battevare,24
coranico,24
gemellaggio,24
antimaterio,24
fintanto,24
buttato,24
abbreviato,24
nicol,24
incentiva,24
esclusività,24
limpida,24
16enne,24
dissimulare,24
abnore,24
gordona,24
riesplodere,24
lesionato,24
conservo,24
logicamente,24
sdoppiamento,24
barcellonao,24
tenebroso,24
costituto,24
profittatila,24
cancella,24
non',24
ingrandire,24
accademio,24
temporeggiare,24
intercettabile,24
numerosissimo,24
nailon,24
collins,24
geco,24
strevi,24
afroamericana,24
boccino,24
kampala,24
librare,24
versailles,24
peggiorato,24
cotare,24
incesto,24
surf,24
strere,24
eroica,24
famosissimo,24
murare,24
orsino,24
invitere,24
basicò,24
usurare,24
edgar,24
tallin,24
cinisello,24
aido,24
rompono,24
turbativo,24
ragionieristico,24
impressionista,24
misera,24
contingentare,24
censurabile,24
moloc,24
tamburino,24
norimberga,24
turbinio,24
parlamene,24
ribes,24
kefir,24
efferare,24
tastare,24
nutro,24
esimese,24
riprodure,24
slamre,24
buttar,24
disordinare,24
incongruo,24
acutezza,24
tacchino,24
condurere,24
nigerio,24
surriscaldamento,24
dongiovanni,24
cenone,24
accline,24
astio,24
canne,24
deontologia,24
portamento,24
g-20,24
ecchimoso,24
roisanre,24
siculo,24
pattumiera,24
riri,24
parecchiare,24
assegnato,24
passerebbe,24
concerre,24
asolo,24
gianella,24
stakeholder,24
spillo,24
lezo,24
pulcino,24
impuro,24
zalone,24
boola,24
schedina,24
tullia,24
profanazione,24
controluce,24
nevicato,24
bigliettino,24
inpsre,24
filcams,24
calorosamente,24
kafkiano,24
sanato,24
catanzarese,24
logia,24
resistare,24
differimento,24
raguso,24
montanaro,24
redimere,24
sopravvivare,24
trentuno,24
esplicite,24
nonsenso,24
anticomunismo,24
temutissimo,24
evelino,24
moralizzatore,24
alessandrio,24
infausto,24
autocontrollo,24
fossòo,24
basilico,24
poture,24
cavea,24
tergiversare,24
coltro,24
coincido,24
inosservanza,24
burla,24
disinvolta,24
secchio,24
porsca,24
sardegnare,24
indomabile,24
discernere,24
raggelante,24
zeffirello,24
artare,24
vudu,24
sfuggento,24
stressante,24
ermeneutico,24
ibridazione,24
cestista,24
lapaglia,24
minareto,24
tahar,24
archivista,24
plasma,24
tirrene,24
etereo,24
nascondevare,24
sbalzare,24
ancia,24
repulisto,24
superficialmente,24
maurilio,24
tentavare,24
colonnelli,24
oppressa,24
chiudo,24
bitterai,24
mangano,24
provenza,24
ansaldobreda,24
comice,24
pasticca,24
copte,24
inciampa,24
agnosia,24
oscurantista,24
sguaiare,24
emergo,24
yukon,24
bruciapelo,24
vaccare,24
brawngp,24
stilettata,24
chiedergre,24
apposto,24
appaltante,24
regolamentato,24
aiola,24
usufruisce,24
dilungare,24
barracello,24
prevalgire,24
staticità,24
sedativo,24
filatese,24
svoltesi,24
brusson,24
incomodo,24
resistibile,24
dadini,24
indignano,24
cantastoria,24
appartengo,24
autonomere,24
cervi,24
benzema,24
29enne,24
dilare,24
raggiunsero,24
amichetto,24
clave,24
tosi,24
cocaino,24
zerbino,24
riempivare,24
volteggiare,24
didimo,24
pois,24
sbugiardare,24
veronesi,24
contenzione,24
esclamativo,24
ricopre,24
visino,24
alame,24
inguaribile,24
filiazione,24
vendibile,24
cannella,24
tonga,24
larico,24
sbrigativamente,24
ripercorso,24
annozero,24
limitrofo,24
profumare,24
malmesso,24
allignare,24
avviluppare,24
accra,24
bacia,24
stupidamente,24
planetaro,24
sansa,24
spodestare,24
liberatoria,24
sdoganamento,24
marinaro,24
silicon,24
anticlericale,24
baraccone,24
rosicchiare,24
stizzire,24
duellanto,24
buckingham,24
trascinante,24
ambone,24
diffusa,24
scuritare,24
suppletivo,24
malvagio,24
infibulazione,24
reprettere,24
caprinico,24
parimenti,24
cactus,24
reykjavik,24
cessato,24
malcelato,24
polista,24
ammorbare,24
vacare,24
elve,24
immagino,24
ventinove,24
herzog,24
loop,24
montopolo,24
pensierino,24
castione,24
seggiolino,24
irreprensibile,24
trasmettare,24
spartano,24
inopportunità,24
pastoia,24
plaudente,24
traggere,24
2800,24
agonizzare,24
saturno,24
doverosamente,24
afragola,24
beneficiato,24
giave,24
intercity,24
vitti,24
dichiara,24
trovai,24
riscoprere,24
evasi,24
programmaticamente,24
didier,24
lascia,24
disarticolazione,24
antropologicamente,24
wireless,24
maldestramente,24
distorcere,24
gere,24
pedigree,24
abbey,24
ricordato,24
centesima,24
mutevole,24
rincorre,24
agronomo,24
aceto,24
compositivo,24
sorvola,24
niro,24
denudare,24
sfrontare,24
pernicioso,24
inoffensivo,24
colorazione,24
diffusissimo,24
bruttezza,24
collodi,24
pardo,24
gonfia,24
addii,24
villavere,24
convenuto,24
carré,24
turchino,24
sopprime,24
marie,24
lusingare,24
metafisica,24
tripode,24
sollecitato,24
adunare,24
duplicere,24
beverino,24
nutello,24
augurabile,24
hannelore,24
kraft,24
occhialino,24
soprassalto,24
nestore,24
medire,24
cello,24
adelino,24
recife,24
airola,24
corretre,24
indiretta,24
imponderabile,24
meritere,24
combatte,24
agguerrire,24
consunzione,24
terna,24
dragomanno,24
cartuccia,24
farinello,24
copre,24
solitudino,24
confluiscere,24
natalina,24
scandivare,24
naio,24
gaber,24
violoncellista,24
sanre,24
affaticare,24
listare,24
molteno,24
antenore,24
malaugurato,24
scongere,24
salmo,24
madonnina,24
dovresta,24
divertento,24
tolgono,24
longonese,24
aziendalista,24
asseta,24
sagrado,24
sfiga,24
montaldo,24
ghibellina,24
calibrato,24
ignavia,24
boiardo,24
ingolfare,24
estrella,24
neologismo,24
pepa,24
parole,24
controbattere,24
adotto,24
uccidare,24
oncia,24
navetta,24
arlecchino,24
quattordicesima,24
meryl,24
rivivo,24
salazar,24
dissapore,24
problematice,24
polpo,24
palalottomatica,24
stevire,24
acquisere,24
ipotecario,24
paghino,24
spira,24
maggiorato,24
bolero,24
signorile,24
sgambato,24
grondare,24
sinuoso,24
romina,24
impreparato,24
viganò,24
perforazione,24
verbare,24
goodluck,24
raveo,24
bombasse,24
24mila,24
porpora,24
strozzatura,24
radio3,24
vecchiare,24
sile,24
idiosincrasia,24
saturare,24
aspirina,24
fumatore,24
bungere,24
mutualistico,24
caricalo,24
credio,24
merletto,24
manginobrioches,24
dodo,24
1848,24
perforino,24
rotzo,24
granduco,24
castellucci,24
carobbio,24
elencano,24
follower,24
dijsselbloem,24
mesenchimale,24
etihad,24
schiarì,23
napier,23
anversa,23
burundi,23
matrigna,23
amplare,23
metterei,23
panace,23
oore,23
debilitare,23
astruso,23
cassaforta,23
pierina,23
duratura,23
perseguare,23
brandy,23
item,23
spezzino,23
sauditare,23
instaurazione,23
blada,23
istallare,23
doppione,23
marileno,23
fanteria,23
debello,23
eligio,23
attacchare,23
tarantare,23
coque,23
democrire,23
asciare,23
francescanare,23
scolaro,23
torvo,23
font,23
lego,23
terzista,23
crampio,23
coimputato,23
giornalino,23
dormere,23
pellicole,23
tradìre,23
torso,23
trionfio,23
obietto,23
rendendolo,23
empatico,23
singolarità,23
divago,23
fruere,23
parlassero,23
maglioncino,23
ghiaia,23
salina,23
tappone,23
occorso,23
fondista,23
thatcheriano,23
tongare,23
170mila,23
troneggiare,23
snocciola,23
eliare,23
allargo,23
concomitante,23
acquio,23
popola,23
fotofinish,23
triturare,23
ribadite,23
vanire,23
maga,23
obbrobrio,23
apnea,23
profittare,23
sprazze,23
soldano,23
desolare,23
eversore,23
chirurgicamente,23
padovare,23
razzoli,23
crespo,23
brutta,23
odorare,23
soddisfatre,23
lorenare,23
dure,23
azzano,23
ciarpame,23
trascorsi,23
conoscevamo,23
bisognosi,23
escano,23
egra,23
doriano,23
ariosto,23
giusta,23
metaforicamente,23
pintura,23
gema,23
exploito,23
bisso,23
demjanjuk,23
sperimentatore,23
fiandre,23
risentito,23
imbroglo,23
banchino,23
avvalsi,23
sorbire,23
incredula,23
imbufalire,23
vesta,23
specificazione,23
schiamazzo,23
calliare,23
toscanino,23
scesa,23
mcxxio,23
1100,23
betulla,23
interfax,23
stelvio,23
fratturare,23
sacerdotale,23
sudoccidentale,23
spere,23
picconare,23
congedio,23
vendolo,23
complico,23
continuum,23
impieghare,23
4500,23
grottesca,23
franale,23
cerone,23
marilisa,23
frecciare,23
artificiosamente,23
statisticamente,23
ventilatore,23
geofisica,23
intermedia,23
grattare,23
cebire,23
soros,23
impiegano,23
vivai,23
definendolo,23
punere,23
benzone,23
brook,23
eleggare,23
andreis,23
inconveniente,23
castalde,23
alitalia,23
paoli,23
pontefico,23
secolarizzato,23
sonu,23
ascreo,23
morbidio,23
mappamondo,23
lodine,23
rimandato,23
epistolario,23
hollywoodiana,23
stuprato,23
immigrante,23
corion,23
monire,23
micromelia,23
figliol,23
lantere,23
rettifico,23
intrusivo,23
schiaffone,23
sulfureo,23
scandere,23
schiudere,23
eccia,23
estasi,23
burlare,23
sbirciare,23
malesco,23
ancella,23
ternare,23
risplendere,23
bancoposta,23
malfattore,23
dischiudere,23
fantasmagorico,23
bollano,23
adora,23
piovono,23
gnome,23
tatiana,23
opulenza,23
dona,23
guidatore,23
segnaletica,23
razziare,23
tolgare,23
asinare,23
toglierglio,23
cele,23
senaria,23
cartier,23
annunziata,23
dissolgere,23
pavido,23
rientrante,23
intercetto,23
orbello,23
group,23
striminzito,23
perseo,23
sistematala,23
verosimiglianza,23
antisociale,23
tropea,23
recalcitrante,23
separatismo,23
seguari,23
parcines,23
scesi,23
nobilissimo,23
agostano,23
riecco,23
annullato,23
2700,23
arrembante,23
guiano,23
ponevano,23
spaesato,23
adulta,23
untore,23
tossicità,23
incassò,23
vendetto,23
posseggono,23
eroine,23
giaccone,23
sradicamento,23
trascuratezza,23
travestito,23
adria,23
cerare,23
divisi,23
veno,23
sfangao,23
navigante,23
forbico,23
1901,23
ampezzo,23
chire,23
segnalavare,23
geraldo,23
atlantica,23
numerazione,23
immatricolare,23
caddero,23
cambia,23
amiotrofico,23
liquame,23
sottovalutato,23
ovvi,23
caravan,23
maretto,23
vigliaccheria,23
controfigura,23
ricaricare,23
jelloun,23
superflua,23
retti,23
pervasività,23
sovvertimento,23
molte,23
dinamite,23
caldamente,23
rapale,23
decostruzione,23
edmonda,23
waterloo,23
dimentichiamocare,23
possiedere,23
pulare,23
gabarro,23
infertilità,23
bailamme,23
incontrastare,23
spumante,23
recital,23
egoista,23
segnere,23
fantapolitico,23
bassura,23
ller,23
soldatine,23
polanski,23
sorso,23
bussero,23
barcamenare,23
straziato,23
disputato,23
deformato,23
enzima,23
imploso,23
parato,23
lubiana,23
imboscare,23
parossistico,23
gigantismo,23
trionfalistico,23
reietto,23
ferio,23
modestissimo,23
tornato,23
perseguito,23
leonarda,23
disarcionare,23
soave,23
pervenuto,23
ambiscere,23
restituiscono,23
palosco,23
polimere,23
demerito,23
elargito,23
accapigliare,23
dorotea,23
saziare,23
ricapitolare,23
santuccia,23
boccare,23
seui,23
reincarnazione,23
futurare,23
ghire,23
offrivo,23
rendendolare,23
tommasino,23
severe,23
sfibrare,23
cardiff,23
famelico,23
consentivo,23
deceda,23
stipendiale,23
convalescenza,23
affollata,23
contromare,23
sentimentalismo,23
egoistare,23
riprodotto,23
bernia,23
doratore,23
corrisposre,23
mettermo,23
minatorio,23
equiparabile,23
frantumato,23
criptare,23
suonavare,23
inalberare,23
masare,23
estroso,23
sommossa,23
oncologia,23
lusco,23
trasversalità,23
preannuncio,23
figgere,23
rifacimento,23
ruspante,23
metterare,23
ciminiere,23
ventunenne,23
grill,23
oristano,23
fortuito,23
quotidiana,23
dominico,23
tette,23
wallace,23
sorvolo,23
lentino,23
selleria,23
trare,23
tombino,23
arredare,23
facendoli,23
attribuivare,23
sollecitano,23
magneti,23
dine,23
vaticanista,23
segnalere,23
omofere,23
trasformista,23
belvedere,23
attinenza,23
castellane,23
incardine,23
restituiscare,23
universalismo,23
ozio,23
alzò,23
capacita,23
gassare,23
minor,23
sorbona,23
accetto,23
credibilmente,23
bagheria,23
scherzosamente,23
vincolate,23
ponzalo,23
quadrilatero,23
sullivan,23
jacob,23
aerodinamico,23
amale,23
garantivare,23
guthrio,23
canticchiare,23
tonale,23
teschio,23
trance,23
docere,23
giubbone,23
egna,23
bendit,23
babilonia,23
simultaneo,23
stratificare,23
commissare,23
diabetico,23
fornaio,23
trasmesso,23
antidiscriminatorio,23
attui,23
ineguale,23
pisare,23
appartato,23
gena,23
esistessero,23
lombardare,23
tanica,23
emidio,23
filadelfo,23
vistare,23
svolsero,23
ramoscello,23
trilaterale,23
immortalità,23
fedelissimi,23
orde,23
petrolifere,23
vivaco,23
espello,23
legalizzato,23
maneggio,23
parella,23
rivendica,23
curiosare,23
improcrastinabile,23
suggestiva,23
finalissima,23
forcaiolo,23
riassumibile,23
intensissimo,23
prenderanno,23
pizzicato,23
arzillo,23
frankenstein,23
trascritto,23
galoppo,23
tuto,23
troll,23
occasionalmente,23
agostare,23
fete,23
prefisso,23
spiazza,23
colgare,23
plaudono,23
agcom,23
caterino,23
ovile,23
risaputo,23
burocratica,23
migliorabile,23
cespito,23
affarismo,23
filtraggio,23
esausta,23
porticciolo,23
immoralità,23
morione,23
aeromobile,23
pausania,23
umoristico,23
fernanda,23
mcqueen,23
slida,23
ritorcere,23
teoretico,23
canotto,23
capitolinare,23
verificheremo,23
feccia,23
assembleare,23
forchetta,23
nascore,23
lisbono,23
starletta,23
piroetta,23
descrire,23
sorgi,23
sintedere,23
sudtirolese,23
montecristo,23
conformazione,23
gesualdo,23
troiano,23
erogo,23
decade,23
crogiolo,23
idolatria,23
sarong,23
terminato,23
gioconda,23
bottini,23
errere,23
partecipi,23
ballar,23
formico,23
breakfast,23
aracelo,23
tassativamente,23
dissesta,23
plano,23
pasquo,23
crodo,23
postindustriale,23
sottigliezza,23
inappellabile,23
allegoria,23
rodere,23
paria,23
alterato,23
stracciato,23
superg,23
bolognesi,23
parodo,23
flottiglia,23
rugge,23
sassofone,23
incipiente,23
performante,23
lievitazione,23
tardiva,23
ruolino,23
decisionisto,23
cesarare,23
farro,23
avanese,23
asserito,23
ostruire,23
billia,23
infischiare,23
imprudenza,23
cancerogeno,23
utilitaristico,23
carnici,23
infido,23
muffa,23
tamburello,23
serafico,23
zeta,23
slittino,23
aliquote,23
trafficare,23
istituere,23
ulderico,23
rabdomante,23
ascho,23
progressismo,23
calenda,23
ashley,23
diplomatica,23
capezzo,23
gelsomino,23
rossare,23
capirebbe,23
islamizzazione,23
barolo,23
ambre,23
prioritaria,23
monterosso,23
island,23
ronfanto,23
guerinare,23
gelsomine,23
segmentazione,23
salvatala,23
fave,23
papuano,23
chiauce,23
chiedilo,23
bardella,23
dismere,23
salvirola,23
monsignor,22
subirere,22
dimaggio,22
spirire,22
spruzzare,22
blasfe,22
note,22
scanso,22
impressionismo,22
veritiera,22
binarismo,22
dispore,22
dispiaciuto,22
ufficiosamente,22
dyson,22
eccone,22
parolina,22
azoto,22
aumentere,22
puntando,22
adirante,22
mirabilmente,22
distaccamento,22
integralisto,22
elemosinare,22
ramazzotto,22
rischare,22
pedagogista,22
osto,22
resia,22
patare,22
sopravvivo,22
internazionalizzare,22
moeno,22
pereto,22
ridimensionamente,22
lavanderia,22
sparagnino,22
ritravere,22
liana,22
monopolistico,22
harario,22
ridicola,22
serioso,22
sarroch,22
spiegamento,22
insonno,22
monegasco,22
ripetibile,22
incrocare,22
bonaro,22
saronno,22
sforzesco,22
razionalista,22
demotivazione,22
radi,22
ignota,22
beffo,22
ricusare,22
offrere,22
esattore,22
vando,22
silvestre,22
predatorio,22
canoa,22
arancio,22
sapo,22
estato,22
pentere,22
sommesso,22
ricicla,22
artisticamente,22
graffiare,22
sfinire,22
pontile,22
aleatorio,22
alesre,22
annato,22
medical,22
ricettare,22
antiabortista,22
potresti,22
catastrofismo,22
importato,22
leno,22
vignete,22
edemo,22
maldino,22
anelane,22
balzane,22
capiscere,22
sbilanciamento,22
stracittadina,22
manipolatore,22
disneyland,22
attempato,22
canzoniere,22
prue,22
cardiocircolatorio,22
sventolio,22
spiegato,22
insondabile,22
strapazzare,22
filobus,22
cozia,22
suire,22
riferito,22
clonare,22
teatralità,22
sinatra,22
scadimento,22
debolissimo,22
ascolti,22
macaria,22
assumei,22
kouchner,22
robertino,22
arricchere,22
convitto,22
pretto,22
arretramente,22
badge,22
collima,22
oppostere,22
vespaio,22
18enne,22
premeditare,22
colleziona,22
danny,22
attualissimo,22
1850,22
falliscere,22
utilizzavare,22
conclusa,22
montecatino,22
dorinare,22
portineria,22
confisco,22
castità,22
orfanotrofio,22
intellettivo,22
risotto,22
edonismo,22
magone,22
devils,22
nient,22
respirazione,22
castelfranco,22
migliora,22
accursio,22
rimanente,22
arriso,22
messe,22
riveste,22
mainardo,22
flebo,22
addì,22
paviare,22
distrofia,22
genealogia,22
bistecca,22
ramazza,22
tormenta,22
toshiba,22
basicare,22
caterpillare,22
seppur,22
futuristo,22
depero,22
pluviale,22
boschivo,22
csme,22
beautiful,22
ligi,22
regalino,22
scremar,22
proclivo,22
coazione,22
dimostrato,22
ulisso,22
fracasso,22
22enne,22
sannio,22
pascolare,22
schifa,22
scomparivo,22
dispute,22
assordanto,22
celio,22
dentiera,22
cnae,22
sciopera,22
spiaggiare,22
derogabilità,22
inesigibile,22
contrappasso,22
seguere,22
alasso,22
inizino,22
vitaliare,22
reversibile,22
beatificare,22
onanì,22
autorevolo,22
subissare,22
spike,22
calto,22
dandogli,22
rimescolamento,22
bema,22
danilare,22
luano,22
fitness,22
scorrazzare,22
creder,22
prostrare,22
antologico,22
schiavista,22
balcane,22
multimedialità,22
elencazione,22
sinare,22
incompetento,22
sospirato,22
incidentalmente,22
scorge,22
livingstone,22
deprecare,22
vivaldo,22
nalles,22
gary,22
abdure,22
esibito,22
celto,22
temperia,22
emico,22
afghana,22
promettare,22
simpatizzare,22
bulteo,22
uscivare,22
goleada,22
quartierino,22
lettrice,22
amplificazione,22
perequativo,22
piccoletta,22
emittenza,22
consentivare,22
antieconomico,22
sinistre,22
incline,22
managua,22
orgasmo,22
contestavare,22
farneticazione,22
impertinente,22
cimato,22
bigi,22
acclarato,22
intrepido,22
foresteria,22
pacello,22
indiare,22
uruguayano,22
bolgia,22
dosaggio,22
aratro,22
cinepanettone,22
dovette,22
turbine,22
acciai,22
pozione,22
soffice,22
premetta,22
buddare,22
deridere,22
guancia,22
pinuccio,22
doriana,22
pachistare,22
profetare,22
sfoltire,22
fabrizia,22
espressività,22
site,22
costruì,22
sgomentare,22
primariamente,22
pervicacia,22
impegnatire,22
galizia,22
capitolazione,22
geniaccio,22
brut,22
malefico,22
elettrone,22
agivare,22
mondovisione,22
grigiore,22
compromessare,22
mondanità,22
peregrino,22
nata,22
prescindono,22
eccellere,22
ernest,22
wolf,22
balestra,22
traccio,22
novak,22
rincuorare,22
sidone,22
misso,22
stefanio,22
vitivinicolo,22
cedola,22
universityo,22
ceprano,22
promossa,22
semplicissimo,22
opulento,22
finger,22
bizza,22
anione,22
ingegnare,22
sellare,22
coloratissimo,22
geofisico,22
ponderazione,22
sottopagare,22
tant,22
immoto,22
stipendiare,22
imbonitore,22
punibilità,22
filantropio,22
pericolanto,22
edulcorato,22
dardanelli,22
pinnare,22
aversano,22
canova,22
lavorarere,22
campato,22
nives,22
sedicenno,22
infausta,22
represso,22
italianissimo,22
speculario,22
ovadio,22
avvertì,22
bazzicare,22
astener,22
colorane,22
neopromossa,22
tantino,22
festinio,22
benne,22
massimamente,22
venizelos,22
farsesco,22
condom,22
corruttela,22
ineguagliabile,22
merz,22
sorteggiare,22
osere,22
stamane,22
brandere,22
perentore,22
aquilone,22
autoregolare,22
aumenteranno,22
smire,22
graffio,22
santificazione,22
hugh,22
segnalato,22
defenestrare,22
inviano,22
converre,22
lattea,22
annido,22
allegorico,22
fiorella,22
rutilante,22
uesto,22
nipotina,22
volumetria,22
scarichare,22
arrapi,22
ripresentere,22
diparte,22
deliziare,22
rosignolo,22
paganto,22
gallerio,22
stupiscere,22
sennare,22
caudillo,22
fenicio,22
inconsapevolezza,22
eclissare,22
intercedere,22
ricalcano,22
ditelo,22
anteo,22
bonaccorre,22
irruenza,22
bianca,22
furibiro,22
fidanzamento,22
civitare,22
napoletana,22
scalpare,22
nerissimo,22
basteranno,22
contorsione,22
purificare,22
traumatizzare,22
astano,22
fonico,22
cromwell,22
esposre,22
rossore,22
collinare,22
agrumo,22
legionare,22
incrinatura,22
alabamare,22
21mila,22
trasferito,22
bonobo,22
sostituendolo,22
ritenne,22
varesotto,22
sabba,22
invertito,22
psicoterapia,22
sposine,22
giullare,22
25enne,22
bersagliere,22
puritano,22
steinbeck,22
redentore,22
parallelere,22
fordismo,22
pasqualino,22
verifichere,22
rauschenberg,22
mettendolo,22
quieta,22
brado,22
dirompere,22
anpi,22
racho,22
carrarare,22
britanna,22
ripetitività,22
rimanda,22
zolla,22
seminale,22
onlina,22
angheria,22
conio,22
tornatore,22
misuro,22
collini,22
congrettere,22
acquifero,22
festine,22
faoe,22
tunisare,22
guardrail,22
manifestato,22
placca,22
abrasione,22
simpatica,22
interventista,22
transigere,22
corrispondare,22
confusamente,22
cookie,22
putine,22
rinvia,22
lobbie,22
medeare,22
canzio,22
intitolazione,22
stancamente,22
siderno,22
saliva,22
sorridire,22
coetanea,22
some,22
swift,22
arché,22
complottare,22
bigoncio,22
scimmiottare,22
lesso,22
levità,22
epodo,22
deflagrante,22
combaciare,22
macra,22
modanerò,22
immaturo,22
bine,22
dirottamento,22
maroso,22
sonata,22
costituenda,22
gambia,22
atlantare,22
discorrere,22
introiettare,22
punzecchiare,22
sguarnito,22
naviglio,22
gallery,22
giocatrico,22
brunellesco,22
interiorizzare,22
figlioletta,22
operino,22
oberto,22
pagherare,22
venticello,22
itinere,22
emblemare,22
monocola,22
75mila,22
attracco,22
matrico,22
abbattuto,22
infertire,22
orgogliosi,22
telecronista,22
oviedo,22
masserio,22
viterbese,22
malincuore,22
primogenita,22
courmayeur,22
rincorse,22
noncuranza,22
interdisciplinare,22
rinascito,22
rimanenza,22
oscurantismo,22
mondina,22
erasto,22
1870,22
purga,22
veleggiare,22
odessa,22
handicappato,22
amadio,22
erogante,22
multipolare,22
borussia,22
cetacei,22
riminese,22
ornetto,22
salvavito,22
imperviare,22
svegli,22
dilettare,22
conduca,22
nemese,22
denunciamo,22
richards,22
sibilla,22
soragare,22
scaramantico,22
sene,22
intenzionalmente,22
feisoglio,22
oriundo,22
bambine,22
scandiccio,22
alveare,22
estorcere,22
gammata,22
beccatello,22
brancaleone,22
guadalupe,22
crescenza,22
paradigmi,22
risma,22
melissare,22
assolvimento,22
irragionevolezza,22
trezzo,22
monismo,22
bellunese,22
canzonetta,22
ricomponere,22
quintessenza,22
oncologo,22
snaturamento,22
cave,22
modificabile,22
erette,22
gipsi,22
luxottico,22
luxottica,22
perticone,22
loren,22
dichiarere,22
miscuglio,22
balbo,22
atessa,22
dirigismo,22
lagna,22
combinata,22
carrozzella,22
cannonata,22
monsiu,22
chiedevamo,22
profonde,22
guamano,22
dilma,22
garre,22
deprivazione,22
gardare,22
registico,22
benigna,22
giravolto,22
express,22
pupilla,22
simbioso,22
2400,22
tennistico,22
difficilissima,22
signoria,22
criccare,22
sintagma,22
strafare,22
triplette,22
deprezzamento,22
gottare,22
quebec,22
politicismo,22
abbasso,22
telefonica,22
riccho,22
cancellere,22
cablo,22
stana,22
monteforte,22
tape,22
roda,22
polverizzazione,22
invarianza,22
eurofighter,22
secchia,22
probiviro,22
teatrine,22
rigone,22
difforma,22
aerospazio,22
baciamano,22
dottorandio,22
interparlamentare,22
iguano,22
esoleto,22
copta,22
eurocomunismo,22
ornaglio,22
floris,22
anticaste,22
ergile,22
evangelos,22
serravalla,22
spineto,22
outokumpu,22
messola,22
introdotte,21
lascio,21
abumazen,21
litica,21
sconsiderare,21
stilito,21
corrode,21
indagò,21
capriola,21
rizza,21
ringiovanire,21
cristianapulcinello,21
dostoevskij,21
incarno,21
sventola,21
accadano,21
nomadio,21
liaison,21
toyoto,21
danzatrico,21
patro,21
retrocettere,21
bacetto,21
antartico,21
aedi,21
affidandolo,21
effervescenza,21
compredere,21
nasi,21
spider,21
punito,21
popò,21
squillante,21
disponire,21
storiello,21
giardinetto,21
foulard,21
umbra,21
recettore,21
sopraffino,21
raspo,21
fanello,21
eclettismo,21
rispungere,21
motociclo,21
acuminato,21
irare,21
complimenti,21
stanca,21
signa,21
divenuti,21
accentuazione,21
fasci,21
begardo,21
trappole,21
percepere,21
problemino,21
civilissimo,21
ventitreenne,21
addensamente,21
appeso,21
evase,21
aurea,21
bertelo,21
svelto,21
ottengare,21
gandolfi,21
mediatrice,21
acconte,21
sedasta,21
brien,21
folta,21
viltà,21
effusione,21
rossonera,21
esaminere,21
ignare,21
bustina,21
comprovato,21
truffatore,21
viarv,21
pruriginoso,21
pigio,21
ficus,21
avidere,21
robertomarone,21
acciacco,21
alberaco,21
messia,21
breznev,21
estorsivo,21
disonestà,21
medito,21
maldipancia,21
ecologicamente,21
adorabile,21
castigare,21
stereo,21
portabilità,21
depistagge,21
certosino,21
dennis,21
impacciare,21
imperterrito,21
digiunare,21
petale,21
amoretto,21
friulie,21
tizianare,21
baden,21
interventisto,21
saarp,21
arroventare,21
1890,21
rivirre,21
garibaldino,21
sovrana,21
istituii,21
benedir,21
bandana,21
tentennare,21
definendola,21
estremità,21
balcanizzazione,21
rick,21
scenare,21
pinuccia,21
venticinquesimo,21
consociativismo,21
bevono,21
factotum,21
maturando,21
anticipò,21
devia,21
parlar,21
spionistico,21
traduttrice,21
sovvertere,21
laterare,21
ricondotto,21
incogliere,21
rivelarere,21
pecca,21
malignità,21
stratego,21
geremia,21
cash,21
sfocare,21
addiaccio,21
mozzo,21
backup,21
alaere,21
antefatto,21
nasale,21
nena,21
decentrare,21
asceta,21
filisteo,21
warner,21
mobilitato,21
east,21
marcorè,21
errar,21
tachismo,21
garfagnana,21
psicologio,21
confcommerciore,21
boria,21
bezzo,21
condurrà,21
gratificante,21
librerio,21
entusiasma,21
ispiratrice,21
marcel,21
sierro,21
sloggiare,21
masaniello,21
situo,21
sopracciglio,21
squadrismo,21
effrazione,21
maldiva,21
pocket,21
cooper,21
ipnoso,21
adelina,21
arrossire,21
limousine,21
campeggia,21
doppiopetto,21
fiammeggiante,21
sommessamente,21
cambogiano,21
omessa,21
esclusa,21
condanniamo,21
dimissionare,21
smeriglio,21
cherubine,21
live,21
monta,21
bernezzo,21
grandino,21
aduncare,21
recondito,21
genuinamente,21
wyoming,21
schematismo,21
seminterrato,21
intercessione,21
bordolese,21
depauperamento,21
imperioso,21
nicco,21
intuitivo,21
consumar,21
memorizzare,21
spingevare,21
modere,21
miniato,21
caparbiamente,21
lucchese,21
obbediscere,21
ondare,21
granbretagna,21
dettatura,21
rimodere,21
pillole,21
rieletto,21
scorto,21
comprimario,21
kubrick,21
sinibaldo,21
psicanalista,21
natta,21
avvenivare,21
pannoline,21
meticolosamente,21
datolo,21
dozzinale,21
riportavare,21
aggrovigliare,21
precedute,21
rosina,21
gerico,21
cassia,21
bancacciare,21
parasubordinare,21
indovinello,21
merone,21
digito,21
dibattuto,21
minimizza,21
involare,21
scogliera,21
juventina,21
giangiacomo,21
disboscamento,21
predefinito,21
abiurare,21
eloquio,21
coltrano,21
stanzetta,21
esercire,21
carbonizzare,21
garfagnano,21
areare,21
busho,21
aleggia,21
vezio,21
punico,21
montao,21
dirare,21
amuleto,21
eloquento,21
paterazzo,21
sanguino,21
costantinopoli,21
premesso,21
schifare,21
raffinata,21
reinvestimento,21
decantato,21
ematico,21
sarandon,21
strombole,21
distruttore,21
risultassero,21
barricato,21
ritrova,21
volessimo,21
aratolo,21
ibrida,21
dulio,21
ecclestone,21
27enne,21
riparlere,21
110mila,21
mirabolante,21
gira,21
assomigli,21
avvolre,21
central,21
emmabonino,21
diranno,21
ammette,21
alieni,21
indonesiare,21
urania,21
capetto,21
compravendire,21
muscoloso,21
nespoli,21
pilare,21
lepontine,21
aiare,21
evada,21
miracolato,21
collaudatore,21
svarione,21
matt,21
cost,21
bombardato,21
longare,21
transitoria,21
depotenziato,21
arcangeloo,21
dedichere,21
navigle,21
umilmente,21
seguo,21
rendi,21
scioglia,21
percossa,21
poltritevela,21
ubicazione,21
sconvogliere,21
tiptop,21
decodificare,21
cospirare,21
saggistica,21
dimettito,21
terminazione,21
allucinato,21
sfocato,21
sminare,21
anestetizzare,21
anhoè,21
blello,21
acuì,21
gravinare,21
cecoslovacco,21
identifico,21
tranciare,21
brizio,21
schiappa,21
perplessa,21
risalivare,21
ansante,21
baldassarrere,21
tassato,21
persuaso,21
connere,21
latifondo,21
rationem,21
sferzare,21
difformi,21
comire,21
kiwi,21
leganord,21
affamatore,21
affezionato,21
stabilizzatore,21
crismo,21
glielo,21
burlesque,21
profluvio,21
mestamente,21
ratzingeriano,21
percettivo,21
diplomazie,21
nibale,21
arzana,21
avverte,21
1910,21
bertilla,21
feedback,21
raggiunere,21
pubblicabile,21
urinale,21
capote,21
disattento,21
incolpevolo,21
rubira,21
lese,21
yoko,21
aveto,21
emule,21
arringare,21
vinello,21
mattonella,21
divearr,21
avanspettacolo,21
honorem,21
gruppuscolo,21
parafrasando,21
bojare,21
prenatale,21
richiederebbero,21
patia,21
godet,21
ghetta,21
pienone,21
finalizzazione,21
incenso,21
foracco,21
valdostano,21
fuio,21
disciplinato,21
maggiorare,21
fisac,21
chieve,21
sputnik,21
perfetta,21
suonere,21
eccole,21
languire,21
bolton,21
intendevo,21
portasse,21
fraintendimento,21
ginsberg,21
incultura,21
cohn,21
estraggere,21
ricollocamento,21
nacquero,21
misticismo,21
sortito,21
esposte,21
contesta,21
tecnicità,21
trascinamento,21
propaggine,21
pacatamente,21
zapata,21
regata,21
giallorosa,21
pressappoco,21
davanzale,21
jakob,21
italiana,21
kissinger,21
pomposamente,21
pentapartito,21
zegarelli,21
samare,21
angiò,21
apatico,21
fronzolo,21
meschina,21
verto,21
preliminarmente,21
bluesre,21
tesso,21
toare,21
intercorre,21
palmer,21
berlusconiano,21
sintattico,21
controparto,21
burare,21
roccolo,21
tedesca,21
amata,21
streetre,21
spasmo,21
acriticamente,21
guazzabuglio,21
redatre,21
vizietto,21
riccone,21
atterrire,21
intimazione,21
tradiscere,21
appollaiare,21
vergognosamente,21
compasso,21
pianerottolo,21
modernista,21
metrico,21
evangelista,21
accidente,21
destreggiare,21
nintendo,21
postal,21
manovre,21
derisione,21
rincorso,21
galantuomino,21
pagheranno,21
gialli,21
ricordiamolo,21
vuitton,21
incutere,21
giallista,21
trapasso,21
tribolazione,21
estone,21
nouveau,21
valenzio,21
preferirebbe,21
flagrante,21
fidesz,21
risentimente,21
veliero,21
priolo,21
virgoletto,21
lasciatece,21
azero,21
luidere,21
pubblicistica,21
scommette,21
bulli,21
monografico,21
galantuomo,21
transformers,21
alandone,21
aritzo,21
mayo,21
vocalist,21
entreere,21
bibliotecare,21
illegittimamente,21
rovistare,21
zuffa,21
speravamo,21
predisposta,21
calamita,21
mesetto,21
baghetta,21
termico,21
utilizzere,21
irrespirabile,21
alcazar,21
palaci,21
esasperata,21
palanco,21
acino,21
rispondento,21
addormentato,21
recepere,21
zappala,21
cioccolatino,21
diverbio,21
scalabile,21
energicamente,21
riprogrammazione,21
loreno,21
milicia,21
granaio,21
nietzsca,21
rutino,21
istallazione,21
ebola,21
documenta,21
svoboda,21
incito,21
riabilitativo,21
settorialo,21
autocratico,21
convertibile,21
zainetto,21
contraento,21
perfida,21
propria,21
ricomparsa,21
borgogno,21
confae,21
biblioteco,21
illusionista,21
lagnare,21
trapianti,21
fantozzo,21
samantha,21
chignolo,21
colpevolizzare,21
shrek,21
commentato,21
marchionne,21
degrada,21
valerò,21
susi,21
piacente,21
solarizzo,21
dimentichiamolare,21
subalternare,21
denazionalizzazione,21
scarse,21
arreco,21
sbavatura,21
prerequisito,21
rafforzerebbe,21
riportere,21
cado,21
lubrica,21
pentecostale,21
gesuito,21
capena,21
chiudevare,21
putignano,21
fattorino,21
condrò,21
volontarietà,21
andar,21
aglio,21
ippolito,21
afferente,21
svobodo,21
federcultura,21
rimette,21
bisarca,21
coerentemere,21
porcellum,21
sottaciere,21
trai,21
ringhiera,21
sentiremo,21
vespo,21
samara,21
semilavorato,21
morelli,21
ricomposta,21
antrodoco,21
curaro,21
interrompare,21
manierismo,21
newyorktimes,21
federalbergo,21
cherylo,21
disconoscimento,21
carbosulcis,21
gianola,21
grisou,21
inflazionere,21
adaway,21
regionalismo,21
maserare,21
marcotedesco,21
eterologa,21
marnetto,21
naturalista,20
resista,20
blockbuster,20
complicatissimo,20
riacquisto,20
subi,20
fiandra,20
disturbante,20
sopportato,20
redarguire,20
cacao,20
coree,20
rigoletto,20
sonny,20
barbina,20
trump,20
ambasciatricere,20
damma,20
oltreturre,20
palazzograziolo,20
shampoo,20
qualifico,20
palchetto,20
esplora,20
risposare,20
parino,20
mappi,20
apprettere,20
mondaino,20
presidentesso,20
stabilizzato,20
dedichare,20
falsato,20
28enne,20
corroso,20
posizionamente,20
progenitore,20
trasbordare,20
tempora,20
atterro,20
fornace,20
privatizzato,20
spigolo,20
ammirevole,20
svelgere,20
infuriato,20
angiolino,20
pressa,20
autoaccusare,20
opponevare,20
interattività,20
possiare,20
elce,20
dedalo,20
carucci,20
strip,20
borsetta,20
vecchietta,20
apparare,20
raimondo,20
cossutta,20
parificazione,20
svincolo,20
lanzo,20
smobilitazione,20
marsigliese,20
royalties,20
rape,20
gordiano,20
geodere,20
liquigas,20
agretto,20
mogol,20
conquisto,20
samba,20
polpaccio,20
aritmetico,20
ricono,20
geode,20
garavaglia,20
insorgo,20
bastiglia,20
caleidoscopio,20
andalusia,20
temporanea,20
malvagità,20
arrovellare,20
conan,20
frequenta,20
scollegare,20
alane,20
balzani,20
migrata,20
apre,20
imperialo,20
subliminale,20
insulgere,20
cristiere,20
astrai,20
disidratazione,20
poligrafico,20
freso,20
alereo,20
sottopasso,20
corrido,20
affrescare,20
storce,20
gavino,20
inerpicare,20
intellettualità,20
scorseso,20
abbinato,20
inservibile,20
riciclatore,20
obblighare,20
sorprese,20
zanicco,20
punch,20
preferare,20
mettire,20
shanghaio,20
onnivoro,20
bandone,20
tosse,20
analizza,20
compromessi,20
camillerare,20
attinger,20
attaccò,20
ipocritamente,20
aerazione,20
scricchiolare,20
ritraevano,20
emblematicio,20
doma,20
onerre,20
rettorato,20
nobilitare,20
cerignola,20
reflex,20
inflivere,20
prudere,20
mutualità,20
stolto,20
rumba,20
esitante,20
allungo,20
detrimento,20
ribellismo,20
manterranno,20
aiutateci,20
sospinte,20
arsella,20
asce,20
sancì,20
cavere,20
morbello,20
capisre,20
solidamente,20
scopro,20
pagno,20
modestamente,20
selz,20
libar,20
sostere,20
mestala,20
goliardico,20
fiorino,20
sindacalizzato,20
avila,20
ingiuste,20
assessora,20
joker,20
1916,20
cassio,20
calpesta,20
elleno,20
occhetto,20
stravoltare,20
colme,20
ucria,20
brasiliana,20
austrio,20
ruspe,20
affezione,20
newman,20
cubista,20
mitragliatore,20
capanne,20
sudamericare,20
tamara,20
puzzo,20
modulazione,20
reattività,20
sonare,20
congiurato,20
cifrare,20
carillon,20
adelfo,20
sinio,20
circolato,20
prestire,20
spinserere,20
celato,20
budrio,20
marmoreo,20
gravandolo,20
casone,20
marabotto,20
occore,20
alga,20
dormitore,20
cafone,20
capitolato,20
cosmopolire,20
straniante,20
impazzata,20
economicistico,20
rivotare,20
nebbioso,20
accingire,20
pavimentazione,20
genuinità,20
solvento,20
emmo,20
impresse,20
amarissimo,20
bolsi,20
chiamandolo,20
liquefazione,20
cingia,20
reiterata,20
riere,20
perdano,20
bertare,20
corinthians,20
chiamere,20
smagliante,20
pettina,20
azzecco,20
acerre,20
carole,20
aramene,20
antropico,20
franga,20
maleducazione,20
1904,20
acario,20
osato,20
elucubrazione,20
inevitabilità,20
wagon,20
addestratore,20
ripetitore,20
faeto,20
detre,20
malinconicamente,20
pretore,20
giurisprudenziale,20
ottomare,20
pretendevare,20
quarantennio,20
ebbare,20
gargano,20
tavolozza,20
sian,20
estenuare,20
natalino,20
calunnioso,20
visire,20
cacciatorpediniere,20
angelamerkel,20
spendaccione,20
riano,20
inesplorato,20
transfuga,20
nonchalance,20
cavata,20
meritavare,20
autoproclamare,20
infermità,20
arbusto,20
verticalizzazione,20
ischio,20
telespettatore,20
arae,20
giovacele,20
toglare,20
risolutore,20
beppeo,20
sciato,20
ercolo,20
treviglio,20
tracciabile,20
ideo,20
svenere,20
pallonaio,20
premeditazione,20
esagitato,20
destrezza,20
pazzesca,20
trasgredire,20
censito,20
telma,20
mecca,20
cinquecentesco,20
centrifuga,20
altroché,20
meticcio,20
rubino,20
confinato,20
farefuturo,20
raco,20
teleconferenza,20
boxer,20
materialità,20
perare,20
centravanto,20
venuta,20
animonare,20
gruzzolo,20
disorganizzazione,20
frazionare,20
chaplin,20
jarno,20
inseriscere,20
oceanica,20
saccardo,20
rebeccare,20
autodefinire,20
podi,20
magione,20
panza,20
pensato,20
maggiora,20
inespresso,20
suonatore,20
povera,20
arringa,20
rivendichare,20
prevaricare,20
lampeggiante,20
supinamente,20
chiederge,20
ramificare,20
indichere,20
zitta,20
linceio,20
bussere,20
cacca,20
apro,20
chiavetta,20
prevalgare,20
750mila,20
intercore,20
organicità,20
bernstein,20
rogna,20
colombiana,20
aliasre,20
addomesticato,20
menomare,20
conciliabile,20
straripare,20
fuoristrada,20
siroe,20
godesberg,20
riaperta,20
loano,20
loira,20
nicholson,20
sfortuno,20
castiglioncello,20
erotica,20
importatore,20
bassotti,20
decorosa,20
coglia,20
continuerò,20
jogging,20
bella,20
pancreas,20
wenders,20
miglioria,20
equino,20
godutone,20
affermere,20
infrasettimanale,20
formia,20
maquis,20
doyle,20
adente,20
appaiano,20
spolvero,20
civette,20
avversa,20
bluffare,20
splendere,20
indennizzare,20
lunar,20
telemaco,20
fischer,20
rieletta,20
complementarietà,20
scemenza,20
incorso,20
costruiscare,20
capilistare,20
autoregolazione,20
contestabile,20
rigoglioso,20
scesero,20
sottobraccio,20
intrufolare,20
jerzy,20
acquerello,20
coache,20
strampalare,20
ragiona,20
imbattibilità,20
senz',20
frato,20
carrelle,20
permea,20
burbo,20
ganga,20
mettevano,20
presunta,20
robo,20
spoliazione,20
mafiosi,20
impolitico,20
quattao,20
posi,20
sfrattato,20
kazake,20
attanaglia,20
accasar,20
piantonare,20
ugolino,20
imago,20
protocollare,20
mucco,20
aiuola,20
ademaro,20
microscopico,20
asola,20
santissimo,20
accecante,20
mimato,20
arcangeli,20
estroverso,20
logoff,20
mimma,20
stranissimo,20
pianosa,20
phylum,20
oasis,20
honduregno,20
nicodemo,20
inadempimento,20
mart,20
folcloristico,20
ormeggio,20
ippolita,20
cantuccio,20
orecchiabile,20
trasfusione,20
monitoro,20
tritone,20
millantato,20
queen,20
consorella,20
instillare,20
longone,20
luminosità,20
pontina,20
intano,20
sbarcato,20
mortifico,20
carrozzina,20
monile,20
rispondo,20
brucare,20
esto,20
disegnira,20
biglietteria,20
adrenalina,20
weber,20
abituo,20
pesta,20
calcutta,20
offrare,20
gorgone,20
brame,20
almanacco,20
graziello,20
occulta,20
abbordare,20
disposta,20
tizzone,20
abrader,20
succeduta,20
guidio,20
sciagurata,20
sbranare,20
composire,20
ronco,20
melanconico,20
centrato,20
farmacio,20
lappo,20
defraudare,20
sgombro,20
capifamiglia,20
geyser,20
centrismo,20
indistinguibile,20
costruiscono,20
faere,20
ibridio,20
baruffo,20
fatico,20
maremoto,20
benire,20
taglione,20
mercimonio,20
esprimare,20
avvertivare,20
omega,20
assicuratore,20
zita,20
performativo,20
tornerebbero,20
emergevare,20
cominciale,20
java,20
stero,20
capirebbero,20
militar,20
compatibilmente,20
balaustra,20
sprone,20
retoricamente,20
annetta,20
invettivo,20
solidalo,20
decantazione,20
acuii,20
affevere,20
boemo,20
infangamente,20
revoco,20
lance,20
intendiare,20
tumulare,20
accesa,20
disatteso,20
mitigo,20
tortorello,20
pensarere,20
calciomercato,20
atomica,20
scandalosamente,20
eclissa,20
imprecisione,20
rutare,20
desktop,20
supertestimone,20
calende,20
omissivo,20
controspionaggio,20
affossamento,20
intersessuale,20
onlino,20
bund,20
orlando,20
travolre,20
resso,20
deriverebbero,20
sosterremo,20
saro,20
urlavare,20
disfattismo,20
contraddittorietà,20
recintare,20
bestialità,20
voluminoso,20
insindacabilità,20
eccedente,20
agognata,20
papaio,20
necessita,20
mendace,20
rafa,20
loto,20
porleci,20
avveduto,20
tizzo,20
ridendo,20
aliene,20
maniace,20
redatta,20
bibliotecario,20
chiante,20
piacare,20
bracciale,20
gerhard,20
notabilato,20
relatine,20
orticello,20
destinato,20
ehilà,20
commerciare,20
corteccia,20
arasi,20
iattura,20
chiederare,20
fissione,20
baretto,20
trattienere,20
supermario,20
egiziane,20
hugo,20
archeologiare,20
ricambo,20
raccoglere,20
sobbalzare,20
fruscio,20
dimenticano,20
angiolo,20
infiammazione,20
analfabeto,20
somministro,20
ulrica,20
autodistruttiva,20
tufo,20
patiscere,20
liberticide,20
sarchio,20
pedonalizzazione,20
ospita,20
condanni,20
pomposo,20
rotterdam,20
palleggio,20
logicio,20
assumeere,20
wordpress,20
risposo,20
opere,20
rasoterra,20
apprende,20
smentite,20
edicolo,20
puntello,20
solerto,20
impiccio,20
tardivamente,20
promossare,20
piro,20
paesano,20
ritagliarre,20
grandemente,20
gassman,20
rapaco,20
comporterebbero,20
intravedono,20
rayon,20
profilattico,20
stanziale,20
autocrazia,20
cannibalizzare,20
collocato,20
trombo,20
albare,20
biro,20
ladra,20
formio,20
morivo,20
ciambella,20
civello,20
anelo,20
paralitico,20
neutre,20
centristo,20
corresponsione,20
comportino,20
tarpare,20
fragilissimo,20
mick,20
minuziosamente,20
intramoenia,20
nazzareno,20
salde,20
incancrenire,20
nefasta,20
inospitale,20
journalism,20
paleo,20
pentone,20
trattenure,20
girevole,20
molgora,20
vanone,20
allento,20
preferiere,20
imprimatur,20
alpini,20
fondiaria,20
elencando,20
tabello,20
canterino,20
esteticamente,20
precocio,20
doleggere,20
sana',20
cordova,20
spacchettare,20
rizzicone,20
informalmente,20
bonaccorso,20
sopravvenuto,20
riunere,20
basilicato,20
altisonante,20
compattatoce,20
nazarbayev,20
inchini,20
cablogrammo,20
spadaio,20
tarabello,20
padoa,20
meritatamente,20
eusebio,20
buccolo,20
invecchiato,20
gerinare,20
saetto,20
premessare,20
ribadare,20
cantorino,20
piazzolo,20
malvina,20
miniare,20
reviviscenza,20
2427,20
plinio,20
irrisoltare,20
verizon,20
stermino,20
vaccarellogiornalista,20
ofite,20
itre,20
irrobustimento,20
moscovico,20
bordighera,20
tgcom24,20
extravergine,20
ciarnello,20
bazzo,20
maruccio,20
caccialo,20
pontegge,19
finse,19
sociosanitario,19
mondragone,19
dimostravare,19
lane,19
traire,19
reclamizzare,19
trafitto,19
verdiano,19
spianato,19
ritmare,19
ultracinquantenne,19
roboanto,19
visito,19
cambiarere,19
desume,19
theodor,19
febbra,19
barattolo,19
danzatrice,19
purissimo,19
mastello,19
impagabile,19
cagliamone,19
maggi,19
panelli,19
patrigno,19
lustrino,19
sregolato,19
pasoliniano,19
officine,19
bernardare,19
compatriote,19
pubblicizzato,19
acese,19
montuoso,19
cruz,19
will,19
leggendare,19
sciorino,19
massese,19
saggistico,19
zampata,19
malèe,19
casareccio,19
adelasia,19
travaglo,19
camioncino,19
commossa,19
incesta,19
delira,19
caricato,19
aprirebbero,19
controinformazione,19
agir,19
audiovideo,19
allattare,19
ottocentomila,19
deficienza,19
sfrontato,19
camillo,19
indaghare,19
sobillare,19
sabotar,19
deraglio,19
macabre,19
guerrigliare,19
cancellata,19
gentleman,19
ficco,19
centovente,19
soqquadro,19
costituii,19
accavallano,19
fastoso,19
whirlpool,19
astenuto,19
cameretta,19
fumar,19
dettagliatamente,19
umiliano,19
giacer,19
braccino,19
escremento,19
infila,19
soppiatto,19
orbitare,19
simonedio,19
ornella,19
terlano,19
forziere,19
tagare,19
incomprensibilmente,19
delatore,19
polifonia,19
pechare,19
ragazzotto,19
scarpello,19
coeve,19
asburgico,19
trafugato,19
macedonia,19
commuove,19
epurale,19
attrattività,19
affascinato,19
avvenente,19
dimentichere,19
mediasse,19
docu,19
programmatore,19
toracico,19
soffro,19
marsica,19
affluente,19
canzoncina,19
dovrò,19
shirin,19
mettesse,19
ingordigia,19
romper,19
rubene,19
transire,19
azzannare,19
asiare,19
oretta,19
vivevano,19
osai,19
scorrevare,19
lumaca,19
iermattinare,19
andattere,19
alamario,19
dubito,19
undicesima,19
improvvisi,19
cammare,19
ecuadoriano,19
antinazionale,19
accludere,19
automa,19
gallura,19
confida,19
dragare,19
opinino,19
minacciosamente,19
focaccia,19
palaco,19
mastandreo,19
sostenure,19
fiammante,19
saline,19
ananas,19
43mila,19
regnante,19
dossena,19
sismografo,19
comparasta,19
ergeo,19
disquisizione,19
33mila,19
nielsen,19
vigorosamente,19
inerire,19
patricio,19
aromo,19
vogliare,19
soddisfattare,19
nazario,19
consultorio,19
inammissibilità,19
stappana,19
soubrette,19
bruttura,19
psicoterapeire,19
congloba,19
ferver,19
sommergibile,19
euler,19
battistare,19
ingruppo,19
spumeggiante,19
diafano,19
pantelleria,19
decisorio,19
cambiavare,19
41enne,19
catartico,19
schiettezza,19
laives,19
nevico,19
elettra,19
frasca,19
pentium,19
ventare,19
notorio,19
scientificità,19
annare,19
illumino,19
rievocato,19
pepato,19
falegname,19
accenna,19
origliano,19
abbandonò,19
messaggine,19
anteprime,19
fuggivare,19
semestralere,19
vertare,19
filarmonico,19
ripulsa,19
ripulitura,19
mostar,19
lametta,19
sgomitare,19
boscoreale,19
viavai,19
gobbe,19
ripropostare,19
ridefinere,19
ventiduenne,19
bryant,19
colabrodo,19
agguantare,19
carovita,19
impersonale,19
canale5,19
fotogrammi,19
attivissimo,19
mitigazione,19
rotabile,19
lesto,19
siciliana,19
erutto,19
beluscio,19
dadi,19
aiutante,19
cinquecentomila,19
indesiderabile,19
assorto,19
motociclista,19
ortles,19
tramonti,19
standardizzare,19
neurologo,19
esigue,19
fure,19
indistruttibile,19
rendendole,19
frastico,19
filmino,19
castano,19
ndranghetare,19
arrosto,19
dibattimentale,19
rapide,19
tobiare,19
malloppo,19
ionio,19
adalberto,19
acutissimo,19
sudamericana,19
ginnasta,19
langue,19
aberrare,19
idiocracy,19
interrogato,19
duilio,19
ligneo,19
riavvolgere,19
cinquantadue,19
meneghino,19
copertino,19
emimere,19
tributarista,19
nasdaq,19
aspire,19
moltiplicarso,19
orne,19
dialoga,19
anfetamina,19
fallico,19
ricadare,19
cantato,19
alluvionale,19
filmale,19
stipato,19
semivuoto,19
annapaola,19
riallineamento,19
respirere,19
denuncere,19
sforbiciato,19
futa,19
opponeva,19
avezzano,19
omnia,19
segreta,19
pragmaticamente,19
chiarare,19
forgiano,19
spaventosamente,19
sconnesso,19
banre,19
scaricato,19
adiconsum,19
normare,19
rollare,19
molino,19
redaente,19
apposizione,19
chiellino,19
bientina,19
impiegere,19
piovoso,19
amartya,19
cinigiare,19
ermanna,19
insinuante,19
peppare,19
technicolor,19
idioma,19
antimo,19
olare,19
unna,19
plotter,19
buonumore,19
casinare,19
sagge,19
subcontinente,19
stige,19
olmert,19
pentita,19
indiziato,19
vanna,19
tocquevilla,19
darwiniano,19
infedelo,19
sorellino,19
kerouac,19
fratellastro,19
calar,19
baccano,19
rifavere,19
cronache,19
5milioni,19
angustia,19
folgorazione,19
rimandano,19
allorquando,19
preservazione,19
azzurrere,19
assicuro,19
comprire,19
vantano,19
trafficato,19
sottoscrivare,19
volpo,19
applauditissimo,19
salvia,19
parolare,19
rifuggere,19
agnone,19
rivelatese,19
gramare,19
pescato,19
rasare,19
passeggino,19
indefinibile,19
rido,19
lanciatore,19
diplomaticamente,19
compiaciuto,19
fletter,19
dominiqua,19
veniero,19
marcellino,19
distribuere,19
rotte,19
leccere,19
fiorentina,19
deflusso,19
solliere,19
calzine,19
frivolo,19
autonomistico,19
latinare,19
muzio,19
leggevare,19
castrovillare,19
ripone,19
bittone,19
danielee,19
impongare,19
fondatile,19
solidissimo,19
sfarzoso,19
preci,19
faccendere,19
affrontato,19
hidalgo,19
agnostico,19
stilisticamente,19
imperialista,19
assennare,19
diarrea,19
mobilito,19
quadrimestre,19
alfia,19
infittire,19
prendeere,19
coltare,19
scoppola,19
cerimoniere,19
discriminanti,19
spietatamente,19
motociclisto,19
stabia,19
antropofobiare,19
spericolare,19
sbarchare,19
titanica,19
senesismo,19
noie,19
connaturare,19
virtualità,19
rilevantissimo,19
lancet,19
home,19
incommensurabile,19
governamene,19
farvela,19
asservitare,19
quantum,19
occorreere,19
lisergico,19
enricoo,19
girere,19
esperire,19
travolgono,19
camuffato,19
direbbe,19
aliare,19
perfettibile,19
camminata,19
32mila,19
cappuccino,19
creatrice,19
coabitino,19
mediato,19
calasso,19
metti,19
rano,19
passino,19
unitare,19
somatico,19
ribellano,19
ischemia,19
sdraio,19
rasa,19
pancrazio,19
evolvare,19
smerciare,19
difendevare,19
frullatore,19
assopire,19
giustifichare,19
curre,19
purista,19
attivindere,19
espandare,19
osio,19
feluca,19
direttissima,19
cortelleso,19
pomicino,19
malata,19
peccaminoso,19
raccomare,19
rossonerare,19
censare,19
bufale,19
campidano,19
dovrai,19
immemorabile,19
novant,19
massimizzazione,19
adelaide,19
memo,19
vanamente,19
debore,19
malconcia,19
sormontare,19
codazzo,19
inoltro,19
narratrice,19
supponenza,19
reliquia,19
macherio,19
repulsione,19
dittico,19
brama,19
pediatria,19
snobismo,19
girotondo,19
incestuoso,19
tufara,19
binago,19
abbarbicare,19
speditamente,19
capannellio,19
inflessione,19
cardedu,19
balduino,19
canonizzalo,19
opprimere,19
berbere,19
repentina,19
testosterone,19
politologio,19
revisionare,19
evangeliste,19
economi,19
sognato,19
inventa,19
riveduto,19
baritono,19
durò,19
incuneare,19
interrato,19
nutrare,19
19enne,19
presidere,19
giudaico,19
proverebbero,19
inconsueta,19
sottinteso,19
gridato,19
avvallare,19
gustav,19
moltitudino,19
marnino,19
vomitare,19
indifferentemente,19
ilda,19
vichingo,19
spinere,19
cirié,19
quine,19
mesta,19
sahariana,19
fucilata,19
congrui,19
umbre,19
cornacchia,19
plaudire,19
ammutinamento,19
falche,19
ascoltere,19
autodenunciare,19
condomino,19
arana,19
tizia,19
sape,19
smottere,19
letterman,19
transumanza,19
telenovello,19
perturbare,19
coop,19
contraddicire,19
torello,19
procacciatore,19
ributtare,19
neonare,19
minervino,19
raggranellare,19
scoraggiante,19
brabantino,19
simposio,19
apocalittica,19
voracità,19
dilettantistico,19
limitere,19
apparirebbe,19
lepontina,19
insito,19
balbettare,19
dolorante,19
grammaticale,19
stronzo,19
arsiè,19
gremito,19
scrematura,19
recapitato,19
bullonare,19
saffo,19
undicimila,19
accennato,19
ecci,19
ammucchiato,19
attenti,19
nike,19
ricomparire,19
varano,19
anticristiano,19
voterebbe,19
ostentato,19
configgono,19
laudario,19
sommità,19
severina,19
sottoposta,19
volgarmente,19
inferre,19
wolfsburg,19
biasimare,19
rumorosa,19
deprettere,19
urbana,19
poltre,19
contengere,19
spiragli,19
nascevare,19
tecnohospital,19
andirivieni,19
fluttuare,19
turato,19
pioniera,19
visitato,19
procederare,19
cammeo,19
mortadella,19
patito,19
reagiranno,19
attenuato,19
costringire,19
usurato,19
merceologico,19
colonialista,19
scopritore,19
vaglia,19
assioma,19
ippico,19
svagare,19
precoci,19
beolo,19
equipaggiamente,19
nanne,19
occhieggiare,19
arcigno,19
contrassegno,19
elogia,19
aiace,19
fidanzatino,19
colloquiale,19
assertivo,19
frena,19
svanitare,19
caligola,19
fobico,19
puntura,19
nauseante,19
affranto,19
amido,19
dortmund,19
accanita,19
1903,19
rinfusa,19
eroda,19
pensabilità,19
centurione,19
preparandoso,19
accorsa,19
continuarere,19
fieno,19
imolese,19
consortile,19
bolt,19
riallineare,19
miracolare,19
riveard,19
strapagato,19
levato,19
gogol,19
postulato,19
nardella,19
sposar,19
geisha,19
gerry,19
otterrebbero,19
consegnere,19
joplin,19
ferragostano,19
muoia,19
imbalsamare,19
gianetto,19
templare,19
ricevevare,19
correggare,19
zanna,19
clericalismo,19
psicanalisi,19
bislacco,19
chiarificazione,19
botricello,19
nocare,19
liane,19
fornari,19
gelide,19
condivisa,19
caverna,19
nasino,19
equestre,19
cisare,19
indebolita,19
arolare,19
scioperanto,19
presley,19
eppur,19
serbare,19
binoma,19
controvalore,19
cavalca,19
berbero,19
carbonare,19
penalizza,19
renna,19
alaco,19
ladislao,19
riadattare,19
novantenne,19
isight,19
gerarcho,19
smetter,19
perderebbero,19
ginepraio,19
lemia,19
carrai,19
orino,19
impaginare,19
betti,19
invire,19
bianconere,19
lufthanso,19
antine,19
1907,19
sauna,19
paralleli,19
allestere,19
asportazione,19
sincerare,19
prenderebbero,19
voterebbero,19
idrato,19
rimprovera,19
ampollina,19
incudine,19
introdotgere,19
zenone,19
capiamo,19
scuse,19
verdinare,19
defluire,19
gianluigi,19
strehler,19
doppler,19
schleswig,19
sollecitudine,19
sintassi,19
lodevola,19
carinare,19
appropriatela,19
botola,19
tramere,19
tele,19
oklahomo,19
commutazione,19
bunere,19
rainews,19
fidi,19
ravvedere,19
svicolare,19
superstrada,19
pontone,19
messere,19
euripide,19
polsi,19
predeterminare,19
celestina,19
arriverebbero,19
brenifier,19
camusso,19
farfaro,19
mercantilista,19
credieuronord,19
riclassificazione,19
pulimento,19
limpidamente,19
romanello,19
mattinale,19
procida,19
albisola,19
tripolitana,19
riffo,19
pagane,19
firewall,19
sciolga,19
spendingreview,19
casaleggio,19
insigno,19
angelociare,19
parlamentaria,19
monteroso,19
puzzanto,19
trierweiler,19
gchq,19
riagganciare,18
disuguale,18
capuare,18
fulgore,18
razzolare,18
capiente,18
heineken,18
troiai,18
pensino,18
dimezza,18
raffinerio,18
udere,18
trasmissibile,18
gambare,18
aliano,18
capirosso,18
accorso,18
bastato,18
roberts,18
bigame,18
bibbiare,18
diseguaglianze,18
forumre,18
tabucco,18
cercatore,18
facendoge,18
arroventato,18
sventrato,18
usci,18
catare,18
pornostar,18
roses,18
servendoso,18
indolente,18
contratta,18
impongano,18
preferirebbero,18
elegantemente,18
incubazione,18
alassino,18
primate,18
vorticosamente,18
dupont,18
cuto,18
iscrire,18
cubismo,18
addentro,18
definivare,18
cabano,18
inviterei,18
sarc,18
produciamo,18
inevasi,18
comprimo,18
chinone,18
exilles,18
traducare,18
sinfonica,18
neutralizzazione,18
strategare,18
rafforzere,18
marianne,18
baldassare,18
calpestato,18
sconquassare,18
marsciano,18
cucciandone,18
uccisere,18
amicis,18
indenno,18
massimod',18
controllavare,18
piagge,18
selzo,18
quinziano,18
asteno,18
bozzolo,18
credano,18
apolitica,18
peregrinare,18
ingordo,18
patty,18
lincei,18
tera,18
vociare,18
licare,18
ailano,18
ambretto,18
catastrofista,18
pretende,18
frasere,18
patriarcato,18
suicido,18
separabile,18
asserzione,18
aventiso,18
smuove,18
borsistico,18
contraggere,18
redazionale,18
adirato,18
aristotelico,18
cavità,18
cavalleria,18
movia,18
chiarificatore,18
illusionismo,18
1789,18
protratta,18
manifestira,18
dalila,18
caste,18
riguardante,18
meritevolo,18
folklorico,18
elargitore,18
gilliam,18
selezionatore,18
zina,18
ottantamila,18
ausope,18
improvvisa,18
rifuggire,18
milita,18
sollevòre,18
bonire,18
reverenziale,18
erogatore,18
bestemmiare,18
esibari,18
call,18
godano,18
pula,18
furgoncino,18
chilogrammo,18
vedetta,18
inuit,18
stilema,18
premono,18
nomino,18
norton,18
lurido,18
erezione,18
fucino,18
esibizionismo,18
tirata,18
anoressico,18
ammetta,18
bizzarre,18
optimum,18
rerum,18
speck,18
bottiglietta,18
cesio,18
estense,18
adenino,18
kigale,18
dateci,18
arraffare,18
bonaccore,18
ustico,18
pacifica,18
trincee,18
riformato,18
buffonato,18
rifar,18
alonte,18
rigidissimo,18
river,18
eurosport,18
vato,18
somarello,18
esanime,18
palazzochigio,18
plurisecolare,18
svelenire,18
villone,18
gecho,18
rimini,18
transfrontaliero,18
conserva,18
materico,18
inconsistento,18
revisionisto,18
iniziatico,18
dispersivo,18
gravissime,18
condiscendenza,18
versanto,18
crani,18
disabitare,18
seedorf,18
militarizzato,18
baricco,18
striscianto,18
agrare,18
mambo,18
amerio,18
debordare,18
vinta,18
immacolata,18
compostaggio,18
rientrato,18
powell,18
viscore,18
racines,18
indefesso,18
recavare,18
valango,18
pentolone,18
ortofrutta,18
tarlo,18
apulia,18
multato,18
estrada,18
spicciola,18
borlotti,18
friggere,18
gerre,18
inesplorare,18
adamantino,18
giga,18
imbottito,18
logorante,18
commessane,18
testimoniale,18
accavallare,18
strigliare,18
lasciai,18
fasciare,18
guade,18
vendire,18
molesta,18
bulletto,18
lastricare,18
ghiro,18
sessantesimo,18
cupezza,18
dualità,18
gianlucare,18
metterebbe,18
rimbrotto,18
profundis,18
ondeggiare,18
pulcinella,18
fissità,18
mutevolo,18
dispensa,18
cloz,18
franoso,18
davidemadeddu,18
scartamento,18
cario,18
divinare,18
riconduce,18
videocamere,18
kelly,18
golo,18
cominciai,18
arrugginito,18
giocatrice,18
insultano,18
trucchetto,18
ghiacciare,18
bisnonno,18
guaare,18
soviet,18
nomadismo,18
sabinare,18
dandone,18
fiatare,18
dipartita,18
riservatamente,18
lepanto,18
braccasta,18
modellino,18
mobiliare,18
adrianare,18
spalluccia,18
parleere,18
illecire,18
capitala,18
dongo,18
palestro,18
affida,18
spezzettare,18
urale,18
catenaccio,18
malthus,18
battuti,18
antilla,18
guamre,18
oppenheimer,18
bacereo,18
eleonorare,18
damine,18
barbania,18
piedere,18
ricarico,18
demolitore,18
musicologo,18
intraprendenza,18
interessantissimo,18
paludato,18
languere,18
usala,18
federatimico,18
linfoma,18
influenzano,18
bura,18
secolarizzare,18
imperturbabile,18
bighe,18
bernata,18
convalescente,18
isidora,18
viee,18
ruggito,18
stillo,18
decolonizzazione,18
angolino,18
deserta,18
benone,18
bicelo,18
asservito,18
razionalmente,18
risere,18
newt,18
distese,18
liberalità,18
confederato,18
ristagnare,18
ripartenta,18
marciume,18
longarone,18
astoria,18
leccio,18
vollo,18
ouverture,18
impressionato,18
affabile,18
triviale,18
alleve,18
tacente,18
materialismo,18
fiduciaria,18
fangoso,18
aggiramento,18
apparvero,18
lvmh,18
sprecone,18
avvarre,18
lerico,18
chiesetta,18
amedeore,18
stracci,18
manifestere,18
lavora,18
ripicca,18
besta,18
cuccagna,18
ghigliottino,18
atroco,18
probità,18
ritrovavare,18
rivestimento,18
emere,18
giardare,18
risa,18
cleto,18
giacomino,18
genetista,18
hopper,18
pesco,18
pennoncello,18
dolorosissimo,18
populirre,18
troveretere,18
sfilere,18
guilmo,18
argomentativo,18
designere,18
ricorse,18
rosberg,18
retare,18
repelli,18
cupire,18
cime,18
centauro,18
cercatale,18
rompicoglione,18
decure,18
cencio,18
stigia,18
benedettino,18
posillipo,18
omofobio,18
diossino,18
fatuo,18
pigiare,18
sputtanare,18
senziente,18
nottare,18
centrirre,18
addebite,18
zaha,18
scade,18
federalimentare,18
ilmilan,18
plagio,18
appendico,18
ipocrisio,18
allianz,18
flutto,18
eruppo,18
pastora,18
buonafede,18
doge,18
percorrare,18
intestina,18
meticciato,18
colombare,18
rosolino,18
riferisco,18
denuncare,18
scoprirono,18
curiale,18
taroccare,18
pennino,18
avero,18
myspace,18
aziendalizzazione,18
esssollecite,18
antonina,18
shogun,18
frutterò,18
stupidere,18
realizza,18
confermerebbero,18
poliziotta,18
colpirebbe,18
irrisore,18
visone,18
cristallina,18
aaliyah,18
spettacolarità,18
deducibile,18
calla,18
pacino,18
spartitorio,18
ricettario,18
invendere,18
insindacabile,18
rinvenuto,18
sindiare,18
rambaldo,18
calligrafia,18
superflui,18
condizionante,18
desdemona,18
malia,18
toledo,18
sgarro,18
ricercatrico,18
armassi,18
lanciarazzo,18
coldplay,18
illeggibile,18
attitudino,18
poltroncina,18
finimondo,18
minute,18
lucreziare,18
nervi,18
riemerso,18
valo,18
polpa,18
alasta,18
impedivare,18
ottaviare,18
adorazione,18
coroner,18
stupidaggino,18
astato,18
conoscevore,18
ciminiera,18
scorsa,18
castell,18
rubbia,18
certosina,18
durone,18
ignominia,18
remotare,18
sello,18
castelvolturno,18
brasa,18
cardalo,18
germe,18
torte,18
bienno,18
subdolamente,18
rimossare,18
istologico,18
patologica,18
blaterare,18
perdeere,18
umanissimo,18
trascendentale,18
ramones,18
eisenhower,18
massimalista,18
ricontattare,18
focoso,18
continua,18
paracaduta,18
rimbombare,18
stiglio,18
avercela,18
sharif,18
glebe,18
carniare,18
cadrebbe,18
inneggianto,18
palino,18
carrierismo,18
procaccio,18
spacey,18
melmoso,18
miscelare,18
porere,18
egualitarismo,18
taiwanese,18
fuorviare,18
nicoe,18
remo,18
psicologa,18
dicendogli,18
montereale,18
ringo,18
starr,18
angolazione,18
cotogno,18
liquore,18
divulgativo,18
marvel,18
troveremo,18
vendicatore,18
promo,18
dandoso,18
accusabilità,18
serrano,18
ridiscussione,18
lubriano,18
danzica,18
misconosciuto,18
vivaci,18
angosciato,18
endemia,18
pardio,18
sampietro,18
andriolo,18
madornale,18
stipe,18
materialista,18
2021,18
prolunire,18
zombo,18
mungere,18
poltronare,18
abbatta,18
trascurato,18
ricamo,18
melaneo,18
inseguita,18
arcobalenare,18
intensificano,18
ciarlatano,18
bovino,18
wittgenstein,18
pecco,18
rientravare,18
scontroso,18
inappuntabile,18
morterone,18
rossino,18
23enne,18
organizzavare,18
previsionale,18
bassezza,18
scolarità,18
concentrico,18
rassicurano,18
onnicomprensivo,18
sperabile,18
stronzata,18
riproposre,18
sottoterro,18
rufio,18
scalciare,18
vicariato,18
caard,18
ripensamente,18
solarino,18
psicotico,18
fatalistico,18
giallume,18
melotto,18
concare,18
ostino,18
fabre,18
salentina,18
virtuosità,18
calabriare,18
vince,18
armo,18
ripondere,18
ipotonia,18
vietere,18
corpetto,18
clausura,18
bulimico,18
vincola,18
marisa,18
stenella,18
arancini,18
svere,18
riluttanti,18
mangione,18
perfidia,18
renoir,18
pubblica,18
budere,18
cavallerizzo,18
zuppa,18
gerolama,18
castagno,18
pasdere,18
sfarinare,18
terme,18
sadale,18
gliele,18
turcare,18
surgelare,18
vuotare,18
vestigia,18
panamense,18
hibob,18
delinquenti,18
obsolescenza,18
disdire,18
imbuca,18
anotia,18
culminante,18
flacone,18
bordone,18
spegno,18
battiato,18
riaccendare,18
manca,18
fissa,18
dispere,18
sigaro,18
lunetta,18
alarico,18
gioachino,18
trovandoso,18
collegabile,18
cronologicamente,18
assommare,18
vanesso,18
cardano,18
bermuda,18
mezzodì,18
vacuità,18
stracolma,18
vigenza,18
premiata,18
tragtiere,18
vergace,18
disfattista,18
assera,18
senatoriale,18
magge,18
conchiglia,18
tastierista,18
usain,18
sbarrere,18
consumista,18
internal,18
pentare,18
incurio,18
orsetto,18
asperità,18
ruandese,18
cavano,18
26enne,18
moscatello,18
pellicare,18
urgentissimo,18
rivolgo,18
stupri,18
janis,18
percussionista,18
dimenare,18
ballano,18
imballare,18
bonifacio,18
baggio,18
senigallia,18
volendo,18
preferirei,18
pagliacciato,18
oracle,18
consequenziale,18
fasce,18
pacioso,18
estremizzazione,18
sufi,18
turpiloquio,18
sconre,18
riposgere,18
rischiarare,18
necropoli,18
baggiolo,18
amiltonvere,18
bisaccia,18
riquadro,18
manchevolezza,18
limitativo,18
farrow,18
conino,18
penalizzato,18
ardeatino,18
libra,18
unisere,18
indotre,18
azzo,18
testamentario,18
darto,18
privatamente,18
superstire,18
orice,18
smagliatura,18
infore,18
frenato,18
estravere,18
avellinese,18
esquire,18
novellino,18
affollo,18
pietrare,18
spensieratezza,18
osmoso,18
rigato,18
estensire,18
inghiai,18
assertore,18
apportato,18
tuvixeddu,18
mobian,18
capezzolo,18
dormiento,18
alassine,18
agitale,18
neoassunte,18
pizzale,18
traccheggiare,18
permetterebbero,18
tranco,18
ferale,18
esangue,18
paratia,18
ricattabilità,18
gate,18
avviamento,18
deschamps,18
immeritato,18
gallardo,18
casapesenna,18
immelma,18
ritrovamente,18
villanere,18
gerontocrazia,18
marcoventimiglia,18
iron,18
sacrosante,18
bussolo,18
acconciare,18
reincarico,18
festeggare,18
fallino,18
alimentira,18
schizzinoso,18
tarquinia,18
rasputin,18
transennare,18
ballotta,18
muriatico,18
svilitoti,18
schioppare,18
siero,18
corregga,18
rendito,18
mcdowell,18
mitragliare,18
nintere,18
ingessato,18
benedici,18
monotematico,18
gorgonzola,18
ricompore,18
stringare,18
auletta,18
intromettere,18
romafilmfest,18
monsone,18
isolazionista,18
demolere,18
rinvenire,18
bollitace,18
tobin,18
cucciace,18
vender,18
guanyu,18
zhou,18
disboscare,18
offlaga,18
proposgere,18
testardamente,18
zuccotto,18
directore,18
melancolia,18
parolise,18
sopa,18
lunigiana,18
balzagli,18
ricostruttivo,18
sistro,18
confedilizia,18
behring,18
jodorowsky,18
miracolistico,18
avarino,18
ciprioto,18
mediarire,18
esipo,18
campanellare,18
cavezzo,18
sanse,18
racca,18
segueda,18
nicolaluce,18
mcmanus,18
fitta,17
arizonare,17
pirandelliano,17
boutada,17
impostato,17
melomano,17
interruttore,17
assile,17
preoccupo,17
stornello,17
monoteiste,17
santare,17
gestiscono,17
acmi,17
mastandrea,17
costernazione,17
incerta,17
misurere,17
musulmana,17
indiviso,17
spingendolo,17
polonio,17
migrato,17
precisa,17
appellire,17
inezia,17
rodace,17
stauffenberg,17
crederglo,17
salilo,17
wonder,17
ancoragge,17
porsco,17
fausta,17
baraccopolo,17
kessisoglu,17
campanare,17
downre,17
stereotipe,17
allocco,17
molfetta,17
smoking,17
anticare,17
stangato,17
servigi,17
sgherro,17
allenre,17
parossismo,17
stravince,17
inebriante,17
fotografato,17
mortificato,17
errano,17
masciarello,17
rendevare,17
tacca,17
sabao,17
esprere,17
scomoda,17
regge,17
affrante,17
lavoretto,17
sterrato,17
millimetrico,17
celebrere,17
cannoniero,17
anticrendere,17
malgaro,17
proteo,17
lanciano,17
trucido,17
coalizzato,17
immobilista,17
darebbe,17
taoista,17
abitacolo,17
periferio,17
sfondio,17
empireo,17
vestivo,17
rené,17
osseinare,17
scuso,17
bonaria,17
mascara,17
riscrivo,17
trionfòre,17
contempli,17
preziodere,17
risoltare,17
servente,17
disobbedire,17
napoleonico,17
inchiodere,17
disimpegnare,17
candi,17
vicecomandante,17
peta,17
ulire,17
lainato,17
bomboletta,17
risposto,17
metterebbero,17
leonia,17
inflittaglio,17
pendio,17
opprimo,17
valtellina,17
duole,17
lupara,17
inottemperanza,17
ingiù,17
prepagato,17
maliziosamente,17
gitto,17
urtone,17
barricadiero,17
massini,17
interstizio,17
dilaniato,17
santhià,17
abdico,17
clinicamente,17
indurire,17
sbigottimento,17
inoculare,17
antologica,17
seducento,17
sirare,17
nardino,17
indicizzare,17
razionalismo,17
attuatore,17
stendhal,17
doppiamenta,17
infettato,17
bessude,17
anto,17
incontrao,17
controrivoluzione,17
etoe,17
illuministico,17
omaha,17
spocchioso,17
ancore,17
laboro,17
affidatario,17
fanna,17
sovrappongere,17
invadare,17
suggerivare,17
vulcanologiare,17
newsletter,17
costruere,17
viscido,17
lindo,17
nemica,17
asuno,17
fiorde,17
tovaglia,17
controprovare,17
professa,17
prorogabile,17
potevi,17
clapton,17
attizzare,17
debordante,17
perbenismo,17
disaggregare,17
volpone,17
lodato,17
scriteriato,17
evvivare,17
figare,17
betancourt,17
promuore,17
accompagnere,17
naziste,17
9000,17
funerario,17
veronare,17
nurallao,17
cartono,17
concretizzazione,17
autostrade,17
tenzone,17
raccoglia,17
diplomazio,17
36mila,17
alcolismo,17
sincretismo,17
inaridire,17
trainanto,17
dissertazione,17
tildo,17
magre,17
serialità,17
spiano,17
ricoprere,17
adisco,17
insabbiamento,17
14enne,17
soldare,17
bardaco,17
datazione,17
tendo,17
ripristare,17
contumelia,17
elica,17
bagagliaio,17
selce,17
figurazione,17
portasso,17
omeopatico,17
vagabondare,17
solierare,17
pagòre,17
voterare,17
agazia,17
glass,17
verme,17
callone,17
rocko,17
neofito,17
clava,17
adesco,17
giovedìre,17
topico,17
tirere,17
paesone,17
compiaciuta,17
scorrimento,17
nuorese,17
supino,17
devoluzione,17
ascogliere,17
scura,17
consumazione,17
subcultura,17
30enne,17
frantumi,17
vaffanculo,17
supplizio,17
dannazione,17
baronessa,17
marchigiare,17
scolarizzato,17
colossio,17
occhione,17
appaltatrico,17
nera,17
pignoramente,17
fionda,17
lunumba,17
cordato,17
scrivevare,17
cornuto,17
guada,17
valuteremo,17
facendogli,17
avvenisse,17
volvo,17
vivero,17
stelletta,17
corinna,17
ingiallito,17
rambo,17
fateci,17
nicchiare,17
rubicone,17
riguarderà,17
storio,17
spopolamento,17
dubitativo,17
ordino,17
rimae,17
2milioni,17
occorre,17
romanità,17
malinconica,17
abietto,17
impraticabilità,17
pregnante,17
mezzaroba,17
feconda,17
morta,17
manteno,17
risolta,17
zelaya,17
evidon,17
testicolo,17
progressive,17
picnic,17
ande,17
ridondante,17
ligio,17
speculativa,17
cagare,17
ermeta,17
asus,17
sita,17
ginecologico,17
tratgere,17
esangui,17
opinere,17
metropolitana,17
diffonda,17
pasticcione,17
sinistramente,17
gelata,17
governabile,17
bachelet,17
patteggiamente,17
frecca,17
teleutente,17
andalo,17
cospargere,17
federe,17
terranovo,17
scarcerato,17
anestetico,17
crudelmente,17
narcotizzare,17
coriandolo,17
ventoso,17
rettangolare,17
proporrò,17
altisonanti,17
potrestere,17
ciminno,17
concordere,17
bario,17
costrinsero,17
pineta,17
carnivore,17
leggendolo,17
terrebbe,17
editorialisto,17
4chan,17
pescarese,17
morfina,17
tenuto,17
sutura,17
riscalda,17
ricostruito,17
occorrerebbero,17
preistoria,17
paternalistico,17
primula,17
esonera,17
trapiante,17
agre,17
elimino,17
parcheggiato,17
arista,17
vertebrale,17
sortino,17
casablanca,17
meto,17
imolare,17
passant,17
surfista,17
spies,17
sottraggare,17
maleducato,17
sezza,17
diabolica,17
preferirebberare,17
vacillo,17
stagionalità,17
codificato,17
satirao,17
genese,17
cucinetto,17
buffon,17
altolocato,17
risistemare,17
soldatessa,17
autosospensione,17
rossinie,17
bretella,17
televisioni,17
malauguratamente,17
mortola,17
panchine,17
fremito,17
colosimo,17
veterinario,17
noam,17
chomsky,17
weil,17
deriveere,17
colato,17
raffrontare,17
braciere,17
inesausta,17
armenio,17
sterco,17
catamarano,17
cannole,17
amareggiato,17
sfavorevole,17
bachino,17
sinigallia,17
confar,17
orazi,17
calabrendere,17
berlusconismo,17
2200,17
seagal,17
enfatizzazione,17
incoraggare,17
brotherhood,17
lusitano,17
teleperformance,17
provocheere,17
liberiamore,17
retromarce,17
sfarzo,17
gattucci,17
fenico,17
bolzone,17
capiscano,17
ubriacatura,17
gliere,17
sostrato,17
ruggino,17
instancabilmente,17
stragisto,17
montese,17
cinquantenna,17
accordano,17
excursus,17
provocarere,17
fiammare,17
brunei,17
didaco,17
zebra,17
mensilmente,17
servito,17
lebron,17
canadendere,17
paullo,17
granada,17
ammaro,17
giuntare,17
zambia,17
provocato,17
becchi,17
malvolentiere,17
ermellino,17
aspettatevere,17
evader,17
richiederanno,17
benale,17
froce,17
ghiacciaio,17
epatite,17
provvisto,17
appannamento,17
abrre,17
sampdorio,17
virgin,17
caciotto,17
cyberpunk,17
pompaggio,17
fraine,17
incomparabile,17
sboccare,17
intrico,17
anch',17
borea,17
tramortire,17
garantari,17
parteggiare,17
liegi,17
opzionale,17
martoriata,17
transavanguardia,17
adeguar,17
profumatamenta,17
accingare,17
tamigi,17
nature,17
scrittrire,17
susseguente,17
sole-24,17
velocizzazione,17
ettario,17
sottomessa,17
fregio,17
intesasanpaolo,17
asciugamano,17
nasco,17
cassandre,17
consacrato,17
smontano,17
rigorio,17
legenda,17
sorel,17
melato,17
pensile,17
lapida,17
rigar,17
pinzo,17
pagò,17
fumagallo,17
piange,17
edvige,17
nostrana,17
sconcertato,17
affittato,17
soslo,17
foca,17
appaltanto,17
inceppato,17
preferivare,17
rospio,17
obadia,17
comparivare,17
antirazzismo,17
barbia,17
condividevare,17
illendere,17
modigliani,17
assicura,17
insoddisfattare,17
difendibile,17
buzek,17
etsy,17
fetale,17
cardiovascolare,17
cosse,17
caseggiato,17
quattroccho,17
commi,17
muoiano,17
premire,17
virtuosistico,17
consona,17
diocesare,17
lallio,17
nuziale,17
caudina,17
tendenzioso,17
mosdere,17
inseminazione,17
sublimare,17
feist,17
liberiano,17
terso,17
rilevere,17
glisso,17
registra,17
menoè,17
corriero,17
debbi,17
vialetto,17
evergreen,17
pettorina,17
accorgire,17
nuclearista,17
inconsapevolo,17
cremare,17
fintamente,17
bola,17
ammonere,17
bevuta,17
springfield,17
astorico,17
redine,17
urlante,17
13enne,17
cando,17
bisognerà,17
lamentazione,17
disfunzionale,17
42mila,17
bombaro,17
tacer,17
alatolo,17
idealizzare,17
premiala,17
pota,17
italianista,17
padroneggiare,17
salottino,17
nominalmente,17
mirandare,17
garantare,17
dicente,17
larghezza,17
porrebbe,17
sollazzo,17
setere,17
indietreggiare,17
tremendamenta,17
rischiò,17
slare,17
orchestrazione,17
ripetute,17
bigname,17
acrobata,17
cinefilo,17
onorata,17
baruffa,17
facesso,17
gallup,17
argomentano,17
convergare,17
affievolimento,17
incompiutezza,17
tinto,17
henri,17
depositere,17
confondare,17
intrapresa,17
greeicy,17
fritz,17
superavare,17
scroscio,17
ambigue,17
osservante,17
volubile,17
amace,17
risapere,17
cavallerio,17
esporrà,17
arcivescovado,17
uscissero,17
abbino,17
epifanare,17
contribuì,17
beffarda,17
chiediamoci,17
laino,17
spiazzato,17
stimanore,17
patrino,17
ministere,17
ermes,17
bravase,17
puma,17
sbronza,17
harper,17
disconore,17
falstaff,17
sopraggiunte,17
sefro,17
everyone,17
suzanne,17
cordialmente,17
napalm,17
mcluhan,17
telefonista,17
sudario,17
inviere,17
sementa,17
pallini,17
sottraendola,17
faido,17
trezzare,17
trench,17
arrese,17
desco,17
decrittare,17
metrovia,17
peci,17
appiare,17
diaframma,17
postumio,17
strangolamento,17
reclutatore,17
trasformandolare,17
platì,17
arbitrarietà,17
wowereit,17
instante,17
magmatico,17
allegrere,17
eteropolario,17
iconico,17
baule,17
riscaldato,17
cartelletta,17
sintasso,17
salutere,17
incontrario,17
durere,17
svignano,17
elvio,17
interroghare,17
doppiatore,17
biologa,17
accollo,17
sovrumano,17
appianare,17
perla,17
sopratutgere,17
globalità,17
intraprende,17
neorealista,17
spettacolino,17
bambù,17
bolletto,17
nevroso,17
empire,17
stantia,17
oltranzismo,17
escludente,17
sconcia,17
stormo,17
innominabile,17
rade,17
danneggere,17
detectivere,17
frullare,17
sostennero,17
caratterizza,17
zelig,17
ricciolo,17
turbata,17
maggiorenno,17
decise,17
voltaire,17
accertano,17
belinda,17
gonza,17
strangolato,17
digestione,17
immensità,17
beltrame,17
documentaristico,17
casanova,17
spensierare,17
vagito,17
robuste,17
giustiziero,17
angelinare,17
parassita,17
bevi,17
capacitare,17
divanetto,17
morere,17
ronzio,17
concatenazione,17
spifferare,17
simplicio,17
constante,17
coinvolgimente,17
licato,17
compassionevolo,17
highlander,17
think,17
moussa,17
aurelia,17
pontare,17
fadda,17
sventolavare,17
restio,17
risorgera,17
ideologiare,17
mobilire,17
gaffes,17
schermire,17
santini,17
protone,17
medicale,17
schermare,17
imbracalo,17
guevara,17
infergere,17
ripianamento,17
assicuravare,17
chenzia,17
supere,17
masochismo,17
decolla,17
binocolo,17
fiaccolare,17
distrure,17
forest,17
astrale,17
spallo,17
manomesso,17
winslet,17
dualistico,17
reame,17
malassar,17
1883,17
morfologia,17
surbo,17
cominciarire,17
calzante,17
afroamericani,17
lindsey,17
antone,17
del',17
dinamicità,17
favoleggiare,17
sceglio,17
impronunciabile,17
anziture,17
fiabere,17
confagricola,17
addettare,17
ragazzone,17
grintoso,17
esce,17
hosting,17
lisa,17
liofila,17
secessionisto,17
antillo,17
mitteleuropeo,17
affiancamento,17
indebita,17
contromanifestazione,17
baressa,17
livellamento,17
antiproibizionista,17
modeno,17
ostrica,17
vara,17
reintroducere,17
sataniche,17
tendina,17
sanguinato,17
approvi,17
ringiovanimento,17
reto,17
obbediento,17
distruggire,17
cateno,17
computino,17
pastorello,17
attraento,17
versetto,17
ipertrofia,17
neofita,17
editino,17
feuilleton,17
bruschino,17
silvana,17
bachmann,17
vivevamo,17
banjo,17
lichsteiner,17
arpino,17
completere,17
dignitario,17
divergento,17
scorsese,17
inconcludenza,17
arnaud,17
congegnato,17
bravata,17
tristissimo,17
scavallare,17
aerai,17
ferino,17
terrasino,17
microstoria,17
stratificato,17
sabotatore,17
tripartito,17
waters,17
sbilanciato,17
leonora,17
belare,17
teppismo,17
salgo,17
istallave,17
molestatore,17
dernice,17
cialtroneria,17
membrana,17
emorragico,17
banderas,17
ribare,17
solfe,17
carpentiero,17
chiedeere,17
baccherina,17
steffen,17
seibert,17
cappuccare,17
rupo,17
sego,17
orecchiare,17
svecchiare,17
forenso,17
irrigazione,17
nebbie,17
ravvisabile,17
schernire,17
egloga,17
uditare,17
panaraba,17
oppino,17
alsazia,17
abdicale,17
notaco,17
passerino,17
editta,17
ascaniodesanctis,17
salvaitalia,17
riorientamento,17
lapidar,17
trigilio,17
tripolarismo,17
eddo,16
trascendente,16
esorcismo,16
espelle,16
adattano,16
appaio,16
celermente,16
goncourt,16
narro,16
ribadiremo,16
zubin,16
mehta,16
divagare,16
rinvenimento,16
tracolla,16
tallonare,16
uzzo,16
bavagle,16
goffamente,16
illegittima,16
abilito,16
magnificenza,16
passavare,16
planare,16
urssre,16
tecnologare,16
parolino,16
bivacco,16
valutabile,16
spavalderia,16
casimira,16
5miliardi,16
tentenna,16
cumulabile,16
famigliola,16
integerrimo,16
sessanti,16
torturo,16
battitore,16
estremizzare,16
youngo,16
rodaggio,16
massacrante,16
rocare,16
gorle,16
distraere,16
risaia,16
sbruffone,16
barcollare,16
velinare,16
cubare,16
ominido,16
distrae,16
imboscata,16
ginnale,16
anteprimo,16
copernico,16
secondogenito,16
oltreoceano,16
tribuno,16
etologo,16
accendare,16
quarantena,16
buffett,16
capillarmente,16
aggiravare,16
inespugnabile,16
pappa,16
accrescimento,16
fanto,16
lawrence,16
gonzi,16
nanotecnologia,16
avariato,16
cumule,16
prosaicamente,16
rischiere,16
riprogettare,16
miro,16
elios,16
appetitoso,16
lamentano,16
tegucigalpa,16
orrere,16
valutino,16
terapiare,16
ricordatevi,16
subacqueo,16
mango,16
torgnon,16
gorno,16
gano,16
bacale,16
mansueto,16
dozzine,16
misoginia,16
ideato,16
polemista,16
sedevare,16
operaci,16
cande,16
smarcamento,16
attivedere,16
rivelato,16
compattamente,16
gilberta,16
cenadi,16
gazzarra,16
leano,16
cronacare,16
giordane,16
pungolare,16
pippole,16
triesta,16
tbilise,16
sessismo,16
sottomesso,16
eremo,16
sepogliere,16
rifiutarere,16
stevens,16
meriggio,16
labronico,16
codino,16
ghindo,16
alviare,16
venerazione,16
gentiliane,16
cavalletto,16
fantastica,16
rabbonire,16
peronista,16
claunere,16
indescrivibile,16
riuscì,16
franchisto,16
indonesio,16
bacchino,16
samaritano,16
vergo,16
fernandare,16
sulaima,16
celestiale,16
scavato,16
forsennare,16
sottotraccio,16
eurasia,16
appassire,16
imperscrutabile,16
nakba,16
scarpata,16
plateo,16
garbatamente,16
provvede,16
vivacissimo,16
rallentatore,16
derivere,16
ciuccio,16
cromire,16
collettino,16
mirren,16
rossellino,16
soste,16
fustigare,16
genia,16
leggevo,16
cianuro,16
canora,16
frego,16
clavicola,16
ricorrare,16
aggiustamente,16
sdraiato,16
betlemme,16
socchiuso,16
condanno,16
infinite,16
bardellano,16
orticaria,16
carey,16
mammario,16
antidrogo,16
sfasatura,16
enigmistico,16
antartida,16
desumibile,16
bendamo,16
cosciare,16
orfane,16
aretha,16
necrosi,16
legname,16
degenerato,16
nevere,16
monastico,16
orestere,16
scardina,16
tubercoloso,16
degustazione,16
inala,16
trattavare,16
revolver,16
talking,16
ravennare,16
casciare,16
rumenare,16
vivissimo,16
padroncino,16
giacimelare,16
ideologizzare,16
rapprese,16
stravogliere,16
swinton,16
tribolare,16
antirazzistare,16
vanvera,16
cheope,16
ergi,16
montalbare,16
efficacissimo,16
teorizzazione,16
visiera,16
sprizzare,16
disdicevole,16
ripugnanto,16
angstrom,16
cinse,16
incubare,16
diversissimi,16
losine,16
portiera,16
afgare,16
particolaristico,16
felicina,16
zorn,16
adamre,16
puntigliosamente,16
rompiscatole,16
reticolato,16
pirosseno,16
prenditoro,16
esecrabile,16
stupide,16
trentotto,16
ciclomotore,16
cercar,16
patema,16
bruciatura,16
borio,16
ininfluere,16
asserere,16
criticere,16
credete,16
banditismo,16
servissero,16
deponere,16
scollacciano,16
minuta,16
savana,16
panarcelo,16
ricopertare,16
outsourcing,16
malick,16
inconsulto,16
freezer,16
innare,16
soppressivo,16
infama,16
nitidezza,16
standardizzato,16
diabolicamente,16
agevolo,16
apertosi,16
spagnolare,16
fratturato,16
ingiurio,16
vivacemente,16
inibizione,16
arrangiatore,16
plere,16
roccare,16
immaginavamo,16
aggiungano,16
colpari,16
ammisere,16
nuance,16
aston,16
jaguar,16
strenna,16
acarpa,16
notevolissimo,16
ridestare,16
scaletto,16
massacrato,16
creta,16
cedente,16
politkovskaio,16
garibaldare,16
insolente,16
extraterrestre,16
cantinare,16
criticamere,16
cimente,16
anchorman,16
strabico,16
credulone,16
cossa,16
finiva,16
consegno,16
mantenare,16
charlie,16
metodica,16
pendevare,16
sentirte,16
invalidante,16
vadere,16
volpere,16
championship,16
ospitato,16
salvadanaio,16
parteciperare,16
centoun,16
revisionista,16
diavoleria,16
hirst,16
capitoline,16
carsolo,16
wagner,16
picchia,16
istigatore,16
asote,16
marane,16
ferrovie,16
zygmunt,16
farigliano,16
spettatrice,16
pete,16
definì,16
accia,16
forgia,16
adipe,16
placebo,16
ornamentale,16
lusaka,16
benevola,16
susane,16
smisurare,16
esploder,16
ininfluento,16
circoscrizionale,16
fastido,16
dimostrabile,16
piote,16
ricomprare,16
dissogliere,16
peana,16
gallerista,16
ottearr,16
allarmistico,16
eclatare,16
riapparire,16
stelline,16
burago,16
mutatis,16
delimitato,16
fantozzare,16
equilibrista,16
fervire,16
42enne,16
opposo,16
piromano,16
condivo,16
equido,16
aspettato,16
angola,16
assolare,16
ragazzetto,16
amplesso,16
potrere,16
comacchio,16
preordinato,16
silverio,16
cerdo,16
antagonistico,16
alienato,16
dispensatore,16
seviziare,16
goffredore,16
fake,16
domai,16
porcaro,16
sferza,16
attentissimo,16
traboccante,16
tondi,16
firmere,16
eccettuare,16
sgabello,16
finisco,16
spiffero,16
moldavia,16
abuserò,16
ciclopico,16
maldicenza,16
substrato,16
cifrato,16
conegliare,16
averso,16
capitanerio,16
beffardamente,16
bariano,16
evvivo,16
esonerato,16
stelo,16
1902,16
esplosire,16
strapuntino,16
copacabano,16
vinceere,16
lake,16
fisiologica,16
convincerme,16
rodrigue,16
medo,16
definibile,16
puntellar,16
crimo,16
gassoso,16
ciociaro,16
bikine,16
chinina,16
assolutismo,16
panne,16
derisi,16
svicola,16
arcola,16
privata,16
vinokourov,16
harvey,16
torretta,16
arrancano,16
aritmetica,16
montevarcho,16
albertre,16
pontifico,16
benedica,16
adiuvante,16
marriott,16
pescarolo,16
rozzezza,16
assennato,16
taddeo,16
riprendiamoe,16
neutrone,16
galliardo,16
puzzano,16
avvearr,16
evoco,16
validissimo,16
signorotto,16
cagionare,16
defungere,16
ostro,16
classicismo,16
1865,16
ururio,16
uditore,16
urio,16
delegata,16
perdessero,16
dolare,16
acilo,16
buffetre,16
bing,16
centellinare,16
circondario,16
incollo,16
abbigliare,16
insalato,16
registravare,16
sommerse,16
numerosissime,16
trasmettitore,16
connore,16
yukio,16
edonistico,16
pierantonio,16
ralingo,16
chieste,16
stecca,16
movimentismo,16
arabesco,16
arassi,16
lamentoso,16
buontempone,16
fantastice,16
temerare,16
ponza,16
pallanuoto,16
gravitazionale,16
brezza,16
plasticità,16
rondista,16
footing,16
tombe,16
vetrare,16
giustiziere,16
plafond,16
ribrezzo,16
esegeto,16
dean,16
cancellala,16
sofferenze,16
timide,16
caffetteria,16
starbucks,16
restituìre,16
plumbeo,16
buonuscito,16
gauss,16
bollette,16
chieso,16
spedere,16
farsee,16
trovar,16
blese,16
sfuggitare,16
malissimo,16
dentisto,16
random,16
vegeto,16
disabitato,16
muffo,16
essercene,16
labro,16
iscritta,16
tribolato,16
arona,16
capimafia,16
atteggio,16
organizza,16
intimista,16
ruvidezza,16
aquilanare,16
marchetta,16
autocarro,16
philharmonic,16
cubanare,16
effettuazione,16
baleario,16
nobiliare,16
incallito,16
noialtro,16
trombato,16
sottosopra,16
sandale,16
1889,16
mondi,16
defenestrato,16
borace,16
oscilla,16
magare,16
bidella,16
pipa,16
confederatina,16
burt,16
baserare,16
pattuito,16
controsenso,16
coinvolge,16
ventenno,16
mine,16
guttadauro,16
centrico,16
fagotto,16
prevaarr,16
inasprere,16
garfield,16
furtivo,16
moira,16
risolere,16
barbacciare,16
ghettizzare,16
zimbello,16
centocinquantesimo,16
magiaro,16
lavavetro,16
garofare,16
conservatrico,16
sicumera,16
cancellò,16
sileno,16
resterare,16
sommamente,16
eroicamente,16
giocoforzare,16
rete4,16
irreversibilmente,16
sballare,16
cecena,16
chiedetelo,16
partitella,16
avanguardista,16
confermavare,16
fotocamera,16
raffigurante,16
arridere,16
procreare,16
silp,16
marcomongiello,16
ridiare,16
virgolettato,16
extraterrestro,16
nonviolento,16
napolitare,16
rabbiare,16
trattere,16
miee,16
fermarire,16
ritirere,16
corrodere,16
bollire,16
brendan,16
sapessero,16
viviane,16
arpaio,16
caseificio,16
barnaba,16
goleador,16
sonar,16
aldine,16
opposero,16
daffare,16
avvalendoso,16
esplosi,16
oserei,16
revanscismo,16
trevisano,16
scannare,16
frattanto,16
fascetta,16
califfo,16
estivaglielo,16
gandine,16
capzioso,16
risalito,16
freddia,16
fiumana,16
concordemente,16
vagina,16
audaco,16
mordo,16
sciolse,16
nuvoletta,16
camerata,16
stimmare,16
sfracello,16
soggiogare,16
ghiai,16
euforio,16
bismarck,16
esguerra,16
buccino,16
smottamente,16
dissuasivo,16
patrie,16
europeizzare,16
esterare,16
credit,16
papaia,16
irreversibilità,16
rolando,16
idrografico,16
elettrice,16
prorogo,16
comandamente,16
giocoliere,16
stanzone,16
pallado,16
possedimento,16
rilevabile,16
easyjet,16
altipiano,16
giovanilismo,16
diventarere,16
manipolabile,16
nafta,16
modifico,16
commestibile,16
scomparve,16
corbellare,16
capotto,16
abbeverare,16
adatta,16
susta,16
spaventa,16
sillogismo,16
86mila,16
ticinese,16
sellino,16
ridateci,16
riformirre,16
ipocrito,16
suggestionare,16
corare,16
isaac,16
effervescente,16
malvago,16
aguzzine,16
giustificativo,16
termoelettrico,16
realisto,16
aspettarselo,16
encomio,16
raglan,16
sconfisse,16
issea,16
break,16
muoio,16
vegasre,16
radente,16
ammucchiare,16
debolmente,16
difformità,16
stordente,16
timida,16
stringa,16
ricordandoce,16
pudding,16
mottere,16
bazzotta,16
feste,16
sardare,16
ricorderere,16
govone,16
brigadiere,16
sagare,16
localistico,16
scoraggiamento,16
incante,16
beefheart,16
corre,16
esemplificativo,16
intruso,16
renaldo,16
raiare,16
47enne,16
promemoria,16
rinfrancare,16
liberticidare,16
carpentiere,16
crisma,16
eppoi,16
tensostruttura,16
berrà,16
fischiato,16
rilevato,16
urlanto,16
spogliarello,16
introspezione,16
fogge,16
cincinnato,16
aromatico,16
detronizzare,16
uccellino,16
resettare,16
insinuo,16
cementificare,16
usufruere,16
depositante,16
pacchia,16
loggere,16
astrattezza,16
cavicco,16
antonellare,16
risparmiato,16
brindisina,16
copule,16
farneticanto,16
pennese,16
rise,16
perifrasi,16
camping,16
ingannevolo,16
verga,16
attraggere,16
recetto,16
celestare,16
malauguro,16
trentare,16
polifonico,16
mascella,16
esopo,16
univocamente,16
gabrielo,16
giudittare,16
cacciavite,16
venditto,16
membra,16
incognire,16
manzoniano,16
taroccato,16
scoppiettante,16
cambi,16
rimonte,16
consci,16
geographic,16
guarisco,16
aruba,16
galante,16
clavo,16
mammone,16
libre,16
battagliera,16
gomitata,16
ridondanza,16
ripetuti,16
calipso,16
salga,16
pasquetta,16
moscerino,16
antiretrovirale,16
piovuto,16
tollera,16
himalaya,16
pasticciare,16
auguro,16
commonwealth,16
cordelia,16
ingranare,16
pradesh,16
opaca,16
inquinamente,16
pandolfi,16
cantaro,16
vermeer,16
fortunatissimo,16
affina,16
modernizzatole,16
aroldo,16
relato,16
autorevolissimo,16
sophio,16
vestale,16
seguita,16
legnano,16
gerarca,16
tragicità,16
gerinio,16
operetta,16
tassinare,16
freneticamente,16
burocratizzazione,16
donnino,16
urlatore,16
finissimo,16
busano,16
alseno,16
gettere,16
pagliacciare,16
barcellonese,16
urno,16
snack,16
puzzolente,16
sconquasse,16
minusvalenza,16
platano,16
19mila,16
riproposta,16
inconciliabilità,16
sbalzo,16
sognavo,16
rinchiuso,16
demografo,16
alida,16
parvenu,16
perimetrale,16
fiorare,16
meritoriamente,16
essendoso,16
caprera,16
biocarburante,16
mareggere,16
fruttifero,16
mississippo,16
comodino,16
alvee,16
appagante,16
rimpallare,16
piazzista,16
tillo,16
paoletta,16
nightclub,16
dominica,16
lecitare,16
quantifico,16
diciottenno,16
panorame,16
tangere,16
compiuta,16
salsomaggiore,16
implichare,16
prenderare,16
usualmente,16
edreams,16
nicolinare,16
proficuamente,16
seghare,16
bipolaro,16
domattina,16
elevazione,16
deprivare,16
odone,16
renderebbero,16
ribadere,16
nette,16
affastellare,16
timoshene,16
cirano,16
pallonetto,16
coordinazione,16
acrare,16
risistemazione,16
olezzo,16
ibridare,16
conferimente,16
madrileno,16
joint,16
fuco,16
tormente,16
ultim',16
assad,16
idonee,16
ininterrotta,16
scassare,16
casto,16
impreparazione,16
agirerre,16
abbattono,16
romagnola,16
lucasre,16
berardinello,16
allego,16
slealtà,16
terramaro,16
carlsen,16
eliseore,16
blufi,16
assegnatare,16
archetipio,16
eliana,16
tariffe,16
castellani,16
martinelli,16
antesignare,16
caparra,16
sacramente,16
saltar,16
pennone,16
nutre,16
frapporre,16
ovatto,16
infurio,16
tutankhamon,16
rompare,16
aggetto,16
candidaturo,16
oliato,16
rilevira,16
riportabile,16
baccanella,16
labario,16
rieducare,16
spadone,16
stefere,16
sloganre,16
produrrebbero,16
infastiditare,16
tarzan,16
rigata,16
manesco,16
ineguaglianze,16
legume,16
gocciare,16
caporosso,16
censita,16
seriare,16
azerbaijan,16
svignare,16
lerner,16
chiaucio,16
presenzialisto,16
proponibile,16
misurerare,16
tranche,16
notav,16
accenda,16
intelaiatura,16
risanatore,16
ristrutturato,16
quadrio,16
vanguard,16
locho,16
alessandrobovicello,16
ilcadere,16
digiovanne,16
sirianare,16
oppi,16
gerarchesca,16
datavata,16
yatseniuk,16
darwiniana,15
cattivissimo,15
intossicato,15
femore,15
pindarico,15
condizionatorio,15
carpiare,15
augé,15
approfonditare,15
fuggente,15
corolla,15
sansepolcro,15
espunto,15
trattino,15
bramosia,15
scalve,15
youku,15
tende,15
zeto,15
delmonare,15
brochure,15
dormo,15
talebane,15
preannuncia,15
risparmia,15
tempietto,15
imprimo,15
declinato,15
economistare,15
adoratore,15
produr,15
insulare,15
elido,15
mastico,15
attergata,15
bilateralità,15
bassissima,15
congestione,15
pampino,15
letterariamente,15
mozzato,15
arrere,15
stevia,15
1872,15
coesi,15
morder,15
socratico,15
trasformandolo,15
capirere,15
palmira,15
somalio,15
coll',15
neppur,15
iperbolo,15
piumine,15
giacobbe,15
babboo,15
imano,15
acremente,15
dprimo,15
bratislare,15
abbindolare,15
maltare,15
accorgimento,15
guardini,15
memorio,15
teenagere,15
sballato,15
casetto,15
rupe,15
transessualità,15
dolcetto,15
moldova,15
strambo,15
amalgama,15
cadano,15
lascerebbero,15
irmare,15
cervino,15
etnicità,15
propino,15
prestigiatore,15
maldestra,15
sgravare,15
verrare,15
sbuca,15
atetese,15
gismore,15
andirivieno,15
diagnostica,15
cannocchiale,15
sincronia,15
compì,15
amartyare,15
tailleur,15
ossezia,15
fulgido,15
fatelo,15
esegesi,15
rimere,15
rinnovere,15
laureante,15
derelitto,15
lasciasse,15
scosse,15
orchestrina,15
seeger,15
frapponere,15
frassino,15
vecchietti,15
seguirebbe,15
saramago,15
socrata,15
lavoravo,15
dimenticandoso,15
recordman,15
radiotelevisione,15
sfatto,15
struzzo,15
stirpe,15
apocalire,15
noria,15
dicesso,15
moschettiere,15
sumatra,15
creolina,15
deludo,15
osco,15
grembiulino,15
snap,15
birmare,15
lamere,15
monferrino,15
farfallina,15
necrologio,15
parlaio,15
grottescamente,15
indecisi,15
myung,15
solza,15
assedia,15
chiare,15
disilludere,15
fascare,15
sseldorfo,15
apodittico,15
saldezza,15
treguere,15
delegittimato,15
reimpostare,15
carabo,15
trasmere,15
corsara,15
olandere,15
auspicavare,15
quantomai,15
favolistico,15
boschetto,15
canottiera,15
aprirescere,15
adunata,15
ortodossi,15
winehouse,15
precongressuale,15
comparata,15
imponga,15
capotreno,15
squadraccia,15
ninare,15
faretto,15
spiderman,15
rannicchiare,15
compagnone,15
rivero,15
attuato,15
parlerare,15
shakira,15
nevicate,15
angiolina,15
passarere,15
laicisto,15
lettucci,15
lusiano,15
cumulativo,15
scisma,15
benemerito,15
nazionalsocialismo,15
dovessero,15
pogliano,15
asserine,15
cinquenne,15
retina,15
yunus,15
precipito,15
calcolatrice,15
fatterello,15
contingere,15
turale,15
bobre,15
ferdinand,15
concettualizzare,15
abominio,15
apostasia,15
giunco,15
accertarsi,15
fattoso,15
clip,15
risolre,15
paralizzato,15
imputa,15
level,15
sottosegretariato,15
geova,15
collateralismo,15
defenestrazione,15
svagato,15
ismaele,15
testardaggine,15
giada,15
chicagore,15
subappaltare,15
traverre,15
nazzaro,15
stringono,15
educame,15
metropolita,15
astice,15
luanda,15
transatlantica,15
conosciute,15
rapino,15
ossessionato,15
sprangare,15
addormentata,15
rincontrare,15
sobbarcare,15
confrontano,15
solistico,15
pampa,15
calvinista,15
diavolare,15
leana,15
avarizia,15
shinawatro,15
spiegargli,15
lenora,15
dole,15
medicalizzazione,15
spallare,15
incasellare,15
anticlericalismo,15
sordido,15
panathinaikos,15
rimasi,15
mixer,15
dissolto,15
sigillato,15
camara,15
reclamavare,15
saccaro,15
soppressio,15
confere,15
chierichetto,15
autenticamento,15
premonitore,15
sostituì,15
minigonna,15
seinfeld,15
boeme,15
wiesenthal,15
riapparso,15
federicare,15
reperibilità,15
simposi,15
interconfessionale,15
sigma,15
capofitto,15
coincidevare,15
brusio,15
rossastro,15
manmohan,15
singh,15
perbenista,15
prosperino,15
ossido,15
annunciatore,15
annoiato,15
multimiliardario,15
giannetto,15
bistra,15
dioniso,15
soliera,15
palpitante,15
sassofono,15
conturbante,15
caducità,15
riscritre,15
kermessa,15
accudimento,15
antivigilia,15
verbi,15
ammise,15
nixon,15
superba,15
contrappongere,15
nada,15
fetido,15
maiuscolare,15
fruibilità,15
avanzatissimo,15
mobilio,15
domandere,15
sospettabile,15
diabase,15
cuocare,15
impellento,15
marcatura,15
costituari,15
ricolmo,15
rubiera,15
sfoltimento,15
esageratamente,15
piantina,15
mescolato,15
damien,15
ginecologe,15
parsi,15
mezz,15
straricco,15
sparta,15
assolutorio,15
saponaia,15
accoppiamento,15
prefabbricare,15
montato,15
acetiare,15
istrionico,15
naturalizzazione,15
miguel,15
fidana,15
vezzoso,15
alamenere,15
angario,15
equivarre,15
cinsa,15
decalcato,15
ruscello,15
fesserio,15
alamelare,15
snervante,15
piuma,15
ronzare,15
tribere,15
rischiosità,15
borlotte,15
antiquario,15
valsi,15
narcisista,15
soggiornante,15
balestro,15
ustionato,15
sfreccerò,15
volatilizzare,15
todino,15
abbottonare,15
assisto,15
erere,15
germinale,15
chiappa,15
tumefatto,15
cornare,15
riducibile,15
brocca,15
antignano,15
scrittrico,15
irto,15
insediato,15
ordito,15
escludono,15
newyorchesi,15
trasferte,15
asfissiantire,15
usurpare,15
carasco,15
mimica,15
danario,15
fora,15
carniere,15
rechere,15
cubani,15
messinare,15
stravolgimente,15
riassure,15
fininvest,15
cristallizzazione,15
autogestito,15
informa,15
manciato,15
erve,15
richarlison,15
finiamo,15
vorrere,15
mussulmano,15
monsonico,15
giacciere,15
savio,15
condiziona,15
schiacciamento,15
soco,15
deborare,15
rifinire,15
trentacinquenne,15
paccottiglia,15
tosare,15
contravvenzione,15
frustrato,15
alesa,15
gemina,15
nanismo,15
imbecco,15
fauno,15
professoresso,15
asio,15
levo,15
quarantatré,15
relativizzare,15
zibaldone,15
pignoramento,15
conservato,15
sperre,15
predestinare,15
guardaroba,15
sincopare,15
stripes,15
rovete,15
ascere,15
burnus,15
anticipire,15
cannibalismo,15
bovina,15
contrappongono,15
pantomima,15
christire,15
jerevan,15
prevalga,15
intelligentemente,15
filma,15
adelma,15
accorciamento,15
scalpitante,15
scrive,15
chiameresre,15
neonatale,15
aiutace,15
poltrone,15
peregrinazione,15
conore,15
assolgere,15
rifluire,15
tagliatore,15
frumento,15
compore,15
bellone,15
zoppicante,15
mettiamola,15
brindisino,15
federativo,15
leonessa,15
pareggiano,15
mediacela,15
bianconerare,15
sviluppatore,15
cacciato,15
misconosciere,15
testate,15
seduttivo,15
nemee,15
centrafricano,15
incarnato,15
espenhahn,15
astrattamente,15
astengire,15
panahi,15
detersivo,15
superlativo,15
metronomo,15
tenerissimo,15
autoctonare,15
diffondono,15
adescare,15
hunziker,15
strapiena,15
belgo,15
passavano,15
illudiamocare,15
blackstone,15
lenticchia,15
leccone,15
stoico,15
inconsolabile,15
dissuasione,15
insedere,15
memento,15
tognazzo,15
samanthare,15
coniò,15
labbrare,15
forlivese,15
getta,15
viandante,15
tengano,15
folkloristico,15
spontaneismo,15
arcadio,15
attoriale,15
calidarere,15
mickey,15
vigliaccamente,15
palesi,15
usurao,15
allagamento,15
trangugiare,15
continuerebbe,15
calligrafico,15
vieto,15
operosità,15
abbina,15
incarcerato,15
riservista,15
eriger,15
piccoline,15
inoccupato,15
traducibile,15
inforcare,15
reducere,15
dc-9,15
avvicinavare,15
svelato,15
eccedutone,15
blastocista,15
cassiare,15
filantropico,15
giornalistica,15
bacasta,15
neozelandesi,15
ricalcolo,15
aulare,15
fantasmagoria,15
codardia,15
doriare,15
ossidi,15
camminato,15
caratterista,15
incontra,15
danneggare,15
accattonaggio,15
favara,15
quinta,15
self,15
sprofondo,15
intrattenitore,15
incantatore,15
croccante,15
disprezzabile,15
tenutosi,15
numano,15
omologa,15
narciso,15
ispira,15
tanztheater,15
capital,15
pregi,15
ristrette,15
proponendosi,15
unere,15
cazzata,15
baldanzoso,15
bancarottiere,15
fabrega,15
stinco,15
esigare,15
pacificato,15
chiana,15
anatroccolo,15
imbeccare,15
ficcante,15
uzbekistan,15
congrega,15
predominanza,15
ignarare,15
accaldo,15
guamaniano,15
whita,15
mercede,15
confucio,15
ritmica,15
good,15
reliquie,15
reinsediare,15
nonetto,15
perdonere,15
insultato,15
raspar,15
tesoriero,15
euridice,15
prodiga,15
bollito,15
amabilmente,15
onico,15
easy,15
temporalesco,15
sarta,15
barasso,15
incomplete,15
saladino,15
1905,15
bargo,15
menomale,15
faentine,15
vittorino,15
triangolare,15
servigio,15
provenere,15
solfa,15
bistrattare,15
conservatricere,15
attringare,15
spazza,15
demografia,15
indare,15
bardare,15
epilettico,15
bestiario,15
rarefazione,15
affaccendare,15
tantissime,15
tulipano,15
ripulito,15
aggredere,15
zoologa,15
adale,15
lanterno,15
crogiolare,15
ripensato,15
eterogeneità,15
lupa,15
paiere,15
clarino,15
ipetre,15
antropologica,15
disastrata,15
ribadì,15
ingloba,15
pieghare,15
cornetta,15
zonare,15
turtureo,15
colleghare,15
qualificano,15
enumerare,15
pretenzioso,15
mensola,15
adedere,15
ironica,15
russare,15
prolungata,15
saltimbanco,15
dominato,15
diluizione,15
camaleonte,15
pausinare,15
adguard,15
idroscalo,15
anastasio,15
vaguire,15
piume,15
comerio,15
degano,15
michelina,15
cicogno,15
cassero,15
premevare,15
orienta,15
traversare,15
menomazione,15
nickel,15
trottola,15
manipolatorio,15
ritirò,15
acuito,15
alletto,15
melazzo,15
kantiano,15
avanzamente,15
curante,15
ingarbugliato,15
tidal,15
perestrojka,15
friule,15
semiufficiale,15
preistorio,15
correità,15
biancare,15
petronio,15
rittana,15
ghiere,15
lardello,15
malaugurio,15
cline,15
galdino,15
pocho,15
aiuta,15
attendire,15
stordito,15
trasformandoso,15
assoggettamento,15
colandolo,15
malsano,15
ebbio,15
esiere,15
intempestivo,15
caprino,15
tariffo,15
acciaccare,15
impedirglio,15
usata,15
zanzibar,15
persiare,15
arrotolare,15
appezzamento,15
murata,15
veniale,15
stockhausen,15
broncho,15
famigerata,15
prostrazione,15
viri,15
gallucci,15
assiduamente,15
atea,15
monk,15
bolognetto,15
placcaggio,15
piadena,15
rigurgire,15
maore,15
godrano,15
lohengrin,15
affannosamente,15
ascii,15
studare,15
ranierare,15
specularmente,15
incrocere,15
bonzio,15
aragonare,15
misogino,15
presidiavare,15
avito,15
vlaams,15
pezzettino,15
gromore,15
pintore,15
verbalizzare,15
evadare,15
potresta,15
donorì,15
condensato,15
aussino,15
hyde,15
marame,15
richierre,15
monotono,15
allan,15
militere,15
calmierato,15
neoassunto,15
intraprendare,15
rotaie,15
volantinare,15
araso,15
tesorerio,15
infruttifero,15
viscoe,15
plotino,15
emirare,15
imprigionato,15
referee,15
leardo,15
reinvestere,15
facendoe,15
disincantare,15
sbadiglio,15
decotto,15
melanconia,15
terracotta,15
musetto,15
checkre,15
gradazione,15
timbrico,15
forga,15
riscrive,15
bizantinismo,15
cotanto,15
schiettamente,15
prontuario,15
rispettabilità,15
delon,15
posseduto,15
pinza,15
conquistatore,15
affronteere,15
psichice,15
paramedico,15
grauno,15
carto,15
hofmannsthal,15
cardiologo,15
sanzionatore,15
respinte,15
procuro,15
avvistamento,15
1899,15
crasso,15
salvae,15
ostetrico,15
traguardare,15
casalesi,15
pastorizia,15
invariabilmente,15
sostituibile,15
infastidito,15
dormiente,15
gonnella,15
regresso,15
zappino,15
asparagina,15
stacchare,15
baiocco,15
gaso,15
calunniare,15
adattabile,15
emergerebbe,15
canzo,15
susino,15
incenerire,15
handelsblatt,15
lucino,15
rusticano,15
scusante,15
compromettare,15
tunidere,15
polento,15
atomi,15
sfigurato,15
fogo,15
barbarossa,15
pivo,15
disinvolturo,15
mariolo,15
battocco,15
eticità,15
tremore,15
nettare,15
arabio,15
ancillare,15
mercuria,15
raccontarre,15
flavo,15
applo,15
giustina,15
scherzetto,15
bivaccare,15
quarantottoo,15
grandine,15
torce,15
echaurren,15
tunisinare,15
bellicone,15
delimitazione,15
arrossare,15
enuclear,15
crebbero,15
scorciatoio,15
mozzicone,15
portentoso,15
circolarità,15
raccolgo,15
diseducativo,15
corvetta,15
permettercelo,15
intangibilità,15
graduare,15
impiantistica,15
ranella,15
brignano,15
contestatissimo,15
fieristico,15
f-35e,15
decelerazione,15
cercai,15
sceneggiatrice,15
profondere,15
vitalismo,15
etilico,15
costiera,15
riempito,15
bronzato,15
fassina,15
pizzerio,15
85mila,15
erga,15
ripartente,15
elviro,15
basilario,15
sovrintendento,15
immemore,15
buddismo,15
maristella,15
risulta,15
trafford,15
tacitamente,15
raviolo,15
franchino,15
annue,15
granello,15
creerebbero,15
antiscientifico,15
studiato,15
vivremo,15
scoprii,15
rhoo,15
detraibile,15
autenticare,15
togli,15
carceraria,15
orge,15
fornitrice,15
incidentale,15
statizzazione,15
mcguinness,15
enoteca,15
dilani,15
prosecco,15
travolgare,15
antero,15
ipogeao,15
corrisposti,15
corrompe,15
fugacere,15
vitamina,15
sismologo,15
capillarizzare,15
inserere,15
riverito,15
malsana,15
infatuazione,15
mareo,15
sultanato,15
giovanneie,15
empia,15
pony,15
costellano,15
flottiglio,15
confidano,15
ostruzione,15
onesta,15
italare,15
caglia,15
commissiona,15
rimpicciolire,15
oriengere,15
sterzare,15
felicitazione,15
lievire,15
forceo,15
navigo,15
ricondure,15
fisk,15
atlantide,15
gollistare,15
intralce,15
viesta,15
thompson,15
ranocchia,15
seguitare,15
sforzandoso,15
ancio,15
orbetello,15
ianukovich,15
incallire,15
ovino,15
monastir,15
mettendolare,15
caldare,15
rischieremmo,15
sodio,15
superate,15
slogano,15
flettila,15
arnia,15
massacranto,15
innegabilmente,15
rosneft,15
ovattala,15
somigliante,15
dibatte,15
demente,15
insistono,15
racchiusa,15
jumbo,15
svenare,15
riaffiora,15
dindin,15
capeggio,15
rosetta,15
glada,15
abbatto,15
vilmo,15
busseto,15
gratificazione,15
curario,15
altissime,15
drammatica,15
erratico,15
usto,15
turnazione,15
terziarizzazione,15
meteorologo,15
ontario,15
condizionere,15
canicola,15
forsennata,15
itaca,15
valligiano,15
anghiare,15
ossola,15
crovare,15
petriolo,15
gravita,15
riprendiamo,15
ciclope,15
credeto,15
cautamente,15
bonellare,15
aggrappano,15
augura,15
obbligherebbe,15
bussa,15
cisco,15
corbello,15
decremere,15
infanticidio,15
gisela,15
montezemolo,15
extraterritorialità,15
scippio,15
grembiule,15
violerebbe,15
maristello,15
climatizzatore,15
altiforno,15
terreferme,15
salvagliele,15
continuiamo,15
replicabile,15
beassi,15
saccheggiatore,15
esportatrico,15
varenna,15
crutchlow,15
protestar,15
anzola,15
antiopa,15
rivolgimente,15
mirella,15
despota,15
occorrerebbe,15
sparar,15
spregelburd,15
eidon,15
theory,15
morsicato,15
cirenaico,15
trabzonspor,15
casona,15
doletti,15
afferire,15
concertatilo,15
frondista,15
shinzo,15
deliberante,15
dandino,15
formattatore,15
guaitosi,15
corrieredellasera,15
yellen,15
sloviansk,15
spocchia,14
concepivare,14
mondana,14
tosco,14
forfettario,14
amaco,14
floreale,14
risolutamente,14
canossa,14
amletico,14
impelagare,14
scommessare,14
fotogallery,14
antipopolare,14
tettoia,14
quand',14
edwards,14
autodromo,14
freedom,14
sfuggivare,14
incorporato,14
sottotere,14
oriolo,14
arenato,14
agonista,14
diamone,14
decibel,14
opel,14
facendosi,14
addotta,14
achei,14
conoscete,14
guardone,14
marcuccio,14
delineato,14
alludo,14
veline,14
traslare,14
aeralare,14
canee,14
bagnino,14
attivato,14
scalda,14
penalizzere,14
bramare,14
ascoltavare,14
ditto,14
berte,14
piazzamente,14
disfatto,14
sabeire,14
parloe,14
poligamia,14
hooligan,14
friedman,14
profumato,14
rilevatore,14
esedra,14
visibili,14
busse,14
grondante,14
campionissimo,14
sestriere,14
quassù,14
curricolo,14
bustone,14
nylon,14
giovine,14
prevalse,14
canavese,14
versere,14
martelletto,14
calcini,14
pettinare,14
ericre,14
regolere,14
appartenente,14
trentottenne,14
iggy,14
antenne,14
bell',14
naomo,14
fendo,14
girovagare,14
arcata,14
bestie,14
inre,14
correntemente,14
ardine,14
proda,14
missivo,14
marenzo,14
chetichella,14
blondia,14
interessavare,14
adulre,14
trambusto,14
flaccido,14
costitere,14
tirolo,14
ascella,14
giustifica,14
26mila,14
sunto,14
luminario,14
giovagli,14
goldfinger,14
estintare,14
bruciano,14
discrasia,14
ururo,14
corrurre,14
insonne,14
fredrik,14
gattino,14
birmana,14
casara,14
orwelliano,14
plumbea,14
sopraffatre,14
macario,14
isacco,14
israeliana,14
risoltere,14
serenza,14
benemerita,14
vitare,14
diametro,14
sintetizzatore,14
capovogliere,14
premiere,14
claustrofobia,14
scarre,14
utilitaria,14
entrai,14
lorenzino,14
dayan,14
preconfezionare,14
limaccioso,14
arduino,14
skinhead,14
agatina,14
immigrata,14
annodo,14
scie,14
spegnare,14
lisare,14
voyeurismo,14
psicopatico,14
ergare,14
basf,14
baileys,14
epistemologico,14
potenziato,14
discuterare,14
wright,14
trentottesimo,14
boyle,14
ministrare,14
gildare,14
waltz,14
38enne,14
ludibrio,14
sovrappeso,14
legandolo,14
rimanesso,14
distillato,14
sproloquo,14
continuerebbero,14
simonettare,14
chinio,14
ciba,14
ferrovio,14
formavare,14
pallavicino,14
dammi,14
semino,14
soffia,14
rilevòre,14
mandibola,14
sfrondare,14
aurare,14
convoco,14
geovare,14
collare,14
giovannie,14
salman,14
indubitabile,14
risorso,14
trentaduenne,14
seduttore,14
timedia,14
racine,14
argentario,14
cambiere,14
rovo,14
mance,14
giungevare,14
mariapia,14
donovan,14
feliciano,14
axelrod,14
negazioni,14
tinellare,14
istituito,14
dovevi,14
aumero,14
protestano,14
guaribile,14
tirrenare,14
erzegovina,14
misericordioso,14
analidere,14
caboto,14
pozzanghera,14
riaccompagnare,14
polizie,14
agitai,14
trovino,14
rivere,14
arnold,14
precipita,14
renditare,14
vescovare,14
romagnare,14
ideologizzato,14
beaubourg,14
cadute,14
biffi,14
pagheere,14
mattoncino,14
ruffiano,14
blanchett,14
potrete,14
strabismo,14
provavare,14
martinella,14
risulto,14
melbourne,14
inganna,14
declamato,14
stilizzazione,14
infallibilità,14
intervengire,14
fesseria,14
poligone,14
smalla,14
yahe,14
egno,14
incentivato,14
saresta,14
diamine,14
saltellare,14
indiavolato,14
pullulo,14
grant,14
trapiantato,14
pacione,14
oderzo,14
unionista,14
capopopolo,14
avevare,14
diname,14
telto,14
fosta,14
incompletezza,14
portello,14
daga,14
ghedine,14
airplay,14
coltivabile,14
pompilio,14
indagata,14
politi,14
picattere,14
pescia,14
segato,14
deposita,14
qaeda,14
fatichare,14
riinare,14
jonas,14
boccaglio,14
elibus,14
laburistare,14
tommadere,14
proclamato,14
trasudare,14
ambrogino,14
bituminoso,14
permessare,14
cardigan,14
infornata,14
campagnare,14
indagatore,14
dubino,14
venivamo,14
pellegrinaggo,14
estremio,14
citacene,14
sparto,14
affollavare,14
deall',14
spegne,14
governao,14
ortodossa,14
sciaccare,14
idolatrare,14
paludoso,14
bernadette,14
travasare,14
cedolino,14
evoluzionista,14
austen,14
assicurò,14
favoletta,14
dadaista,14
imbevere,14
morbosità,14
navata,14
infruttuoso,14
petroniani,14
minh,14
rettangolo,14
civilista,14
dopa,14
incitano,14
cassius,14
conobbero,14
gabarrare,14
smilitarizzazione,14
suscettibilità,14
bianzano,14
ologramma,14
ricompattamento,14
37mila,14
coltivo,14
sappare,14
alcara,14
falcinellare,14
velatamente,14
ventisettenne,14
mandolinare,14
ionica,14
acrilico,14
nadir,14
interfonico,14
rialzi,14
capano,14
teocrazia,14
indottrinare,14
opinare,14
sguaiato,14
combattività,14
vattimo,14
raffreddore,14
prosperano,14
banjul,14
loggione,14
ottunder,14
dissimulazione,14
parsimonioso,14
esiliato,14
uberto,14
sopracciglia,14
papilloma,14
condanne,14
squadristico,14
linceo,14
rutello,14
suggerireo,14
cartesiano,14
vendese,14
iniziatore,14
nazionalsocialista,14
tiravare,14
menzogno,14
acqui,14
brodolone,14
boemio,14
1888,14
oltremanica,14
capìre,14
intervennero,14
nomenclatore,14
tombola,14
1847,14
erboso,14
computerizzato,14
dicenso,14
allontanere,14
fondalare,14
specialissimo,14
termosifone,14
bagarino,14
stordimento,14
ignazia,14
mattarella,14
organicato,14
fiammella,14
vassoio,14
tiberino,14
obbligandolo,14
alatro,14
freeman,14
apolido,14
lagnanza,14
imbocco,14
baria,14
ogniqualvolto,14
scrutinare,14
infedelare,14
contropieda,14
samuraio,14
frenante,14
baglione,14
rodi,14
thom,14
yorke,14
titolone,14
materializzazione,14
canguro,14
ostetrica,14
risponderglio,14
contraccambiare,14
particolarissimo,14
paradisea,14
petulante,14
motoscafo,14
mello,14
stopper,14
scusere,14
fidelizzazione,14
registrira,14
unìre,14
congratula,14
trasformatore,14
magnolia,14
esperanza,14
invitavare,14
retromarcio,14
conquistere,14
inietto,14
bacchettone,14
gamia,14
gase,14
cominciarono,14
massimino,14
stellina,14
brechtiano,14
frustate,14
foggiare,14
polario,14
cambino,14
sottoscrire,14
accoppiamente,14
blasi,14
blasone,14
lamborghino,14
sciatto,14
paneuropeo,14
rose,14
beneficiaria,14
vetusta,14
battiamo,14
riel,14
aprioristico,14
abdica,14
raymonde,14
amstel,14
palombare,14
senales,14
stresa,14
percae,14
baca,14
guere,14
effettuere,14
difendiare,14
disunire,14
goffaggine,14
soluto,14
trillo,14
beffato,14
antinfluenzale,14
serenissimo,14
tappetino,14
acquistabile,14
dionee,14
mezzosoprano,14
dibatto,14
bobby,14
beninteso,14
siracusano,14
detengare,14
negletto,14
insonnia,14
denutrizione,14
aforismo,14
accetterare,14
sopravvissuta,14
monocorde,14
intrappolato,14
delinque,14
districo,14
millecinquecento,14
voglioso,14
amichevolmente,14
novizio,14
ottieno,14
sciaguratamente,14
sanmarco,14
seychelles,14
sempiterno,14
orbene,14
sugimoto,14
spregevole,14
enfaso,14
muta,14
rodia,14
linone,14
pende,14
icaro,14
ciliegina,14
isaia,14
arduare,14
turchese,14
neurale,14
battine,14
ruggerere,14
moriva,14
erbio,14
pomare,14
concludo,14
tubatura,14
economy,14
inedite,14
cosmonauta,14
championships,14
diverrà,14
sarda,14
scandalosa,14
sferzata,14
soddisfatta,14
esasperante,14
grore,14
impenitente,14
crudere,14
detonare,14
abolizionisto,14
molettere,14
case,14
sfolgorante,14
desistero,14
incazzato,14
antidroga,14
disconosciere,14
sfangai,14
montebelluno,14
bertinoro,14
sprezzantemente,14
terranova,14
riminio,14
sassarese,14
andine,14
chiamarere,14
malvagia,14
saporire,14
pachino,14
frugale,14
concordante,14
combattuto,14
assistira,14
metadone,14
lette,14
infuore,14
avventuro,14
pistoletto,14
monsare,14
ebollizione,14
rimesso,14
concilia,14
rombai,14
origina,14
preoccupatissimo,14
inghippo,14
shakespeariana,14
usignolo,14
sottilmente,14
irresistibilmente,14
porger,14
affiatato,14
idrio,14
lugubro,14
eto',14
tondino,14
vaarr,14
cassato,14
ideologica,14
avvolere,14
anticato,14
trascorrare,14
chetai,14
protestere,14
florilegio,14
introverso,14
clotildere,14
dirupo,14
cottole,14
autodidatta,14
pacchiano,14
datura,14
gamo,14
stola,14
sottolineavare,14
rioscuro,14
gastrico,14
orione,14
inconsciamente,14
sfavorito,14
tesimo,14
aficionados,14
ample,14
arrivaire,14
imprecazione,14
compassare,14
ornato,14
addobbare,14
rugbisto,14
atemporale,14
meneare,14
margo,14
passasso,14
munifico,14
oratoria,14
complessiva,14
svecchiamento,14
validamente,14
egregia,14
gipre,14
alleluia,14
roncola,14
partì,14
collinetta,14
osannante,14
tipografo,14
colino,14
fassbinder,14
duchessa,14
verificatoso,14
accetterebbero,14
flashbacko,14
gesticolare,14
manovrina,14
tesseramente,14
brachetto,14
arditare,14
vidare,14
abbronzare,14
crescerare,14
ripio,14
volero,14
coattivo,14
irreparabilmente,14
sulmonare,14
crioconservazione,14
lampadario,14
esplicita,14
farneticante,14
ammollo,14
sfoggia,14
giano,14
lucidare,14
scardinamento,14
obeso,14
arcigna,14
avore,14
rompighiaccio,14
dissolvo,14
rimiso,14
sfar,14
ruminare,14
battane,14
genocida,14
chitarre,14
marinonere,14
vodka,14
velio,14
imitativo,14
acerba,14
longere,14
contrastere,14
dividono,14
cagli,14
campicello,14
foresto,14
mazzolino,14
cammellare,14
ventiduo,14
involo,14
posticcio,14
beneventano,14
quoto,14
rivissere,14
celesti,14
carambola,14
faceto,14
malleabile,14
disavanzi,14
motorizzare,14
neshat,14
guez,14
improvvisatore,14
patriziare,14
goerno,14
strombazzare,14
salariare,14
agiatamente,14
evanescenza,14
afare,14
ribadirre,14
dalmato,14
scalzi,14
accondiscendenza,14
desumere,14
merylre,14
palazzoe,14
spingo,14
saltuariamente,14
ritornato,14
compromissorio,14
usuraio,14
detrarre,14
genietto,14
sezionare,14
regolo,14
efrem,14
eutelia,14
sfaccettare,14
pianico,14
derogabile,14
contrattualmente,14
biologicamente,14
posticcia,14
ruben,14
gigliola,14
frido,14
chiode,14
bonere,14
zavorrare,14
disamore,14
pictures,14
staffolo,14
giochiare,14
cantico,14
satire,14
piacciere,14
comprensibili,14
pericolosissime,14
completato,14
ruggire,14
coarre,14
pugliare,14
riscoperte,14
inseguitrice,14
caratterizzano,14
esauriscere,14
trainere,14
town,14
unitarismo,14
decana,14
stesa,14
castragli,14
inscenato,14
adiire,14
eco4,14
catasta,14
schiavizzare,14
rivelatrico,14
anticipa,14
pluridecennale,14
sgranato,14
formate,14
moribore,14
pienurre,14
cammei,14
sfondato,14
ponfo,14
masochista,14
carmee,14
stappare,14
davanzo,14
pedino,14
batteremo,14
disfa,14
pagheremo,14
incongrua,14
philippe,14
teorizza,14
durato,14
bucce,14
supermercare,14
tenutese,14
ingiustizie,14
concretizzere,14
carella,14
diffidato,14
offrirglio,14
attrire,14
romino,14
rarefatta,14
clerio,14
beto,14
numerario,14
bengodio,14
pianterreno,14
sfinge,14
anzare,14
votanto,14
remigio,14
ansie,14
oliveira,14
sublimi,14
cinetico,14
scellino,14
cristalleria,14
sfegatato,14
propagandista,14
ricoprono,14
addossa,14
avvicinandoso,14
hitleriano,14
cercase,14
posticino,14
mostaio,14
menelao,14
denuncio,14
emica,14
alloggiano,14
garantì,14
pirone,14
continuasse,14
cineasto,14
stalinista,14
adempo,14
reels,14
rotturo,14
sbucano,14
altitudine,14
cantonata,14
agresta,14
guazza,14
31mila,14
campionatura,14
aberraco,14
sparlare,14
soppesa,14
competare,14
sambuco,14
mollusco,14
umanizzare,14
pentolere,14
nocciolina,14
crepare,14
arta,14
nichi,14
idiomio,14
rispondire,14
barchetta,14
geografo,14
calura,14
concio,14
giorgione,14
schifano,14
dativo,14
ficare,14
giraffa,14
ammucchiata,14
inoccupazione,14
sprovvedere,14
sovraccaricare,14
cuomo,14
spartitraffico,14
cortonare,14
peluca,14
tossine,14
almea,14
cresci,14
settimanalmente,14
pargolo,14
scaturito,14
schiaffeggiare,14
salutario,14
acefalia,14
scatenamento,14
rimonto,14
strozzino,14
columbio,14
recherete,14
ascensione,14
rivitalizzazione,14
comunica,14
didatticare,14
accolgo,14
scrostare,14
lola,14
lineo,14
pilatesco,14
belluria,14
afghanare,14
continental,14
prestere,14
spiace,14
imbarazza,14
novato,14
rivincere,14
velleitaria,14
aneddotico,14
lavastoviglie,14
andatura,14
antignare,14
davare,14
popolino,14
groko,14
grok,14
brioca,14
polemizza,14
allibito,14
drivere,14
polisportiva,14
stellone,14
calzolaio,14
esitere,14
nigel,14
antesignano,14
rincorrevare,14
scaturiscire,14
riducendolo,14
santoro,14
sanctis,14
dimensionare,14
louise,14
sopravvalutato,14
bardò,14
sguinzagliare,14
settantadue,14
raziocinio,14
antidiscriminazione,14
camminavare,14
insulina,14
deperibile,14
umida,14
acero,14
toccavare,14
organizzarono,14
raisport,14
magnago,14
duolo,14
compardere,14
concordanza,14
ricordarcelo,14
prealpo,14
postmodernismo,14
livellare,14
anela,14
arresi,14
antiabortisto,14
unanimismo,14
trappolone,14
luiginaventurello,14
poliambulatorio,14
ingraziare,14
development,14
niello,14
irrogare,14
retroattivamente,14
tenure,14
traviata,14
struggimento,14
raggiunire,14
itale,14
appesantimento,14
dissolvire,14
giobbe,14
camerare,14
rimessione,14
plateau,14
paole,14
savonarola,14
riciclabile,14
consorziare,14
tapis,14
bennato,14
southampton,14
scontere,14
gabbare,14
elimina,14
presepe|allo,14
piacevolmente,14
nash,14
ovattato,14
convolare,14
diffore,14
iscrittare,14
costituivo,14
irrisione,14
austroungarico,14
bollate,14
caprinica,14
ladruncolo,14
formatosi,14
beige,14
deperire,14
acclamato,14
melaniare,14
movimentisto,14
mattio,14
denigratore,14
orsacchiotto,14
dimenticherò,14
espropriazione,14
metabolismo,14
radio24,14
loculo,14
indagho,14
maritare,14
oleoso,14
alleggerere,14
impolverato,14
brigagli,14
emergenzo,14
saprere,14
pomo,14
bacar,14
sollecitudina,14
cilindrata,14
seggiola,14
appaltatore,14
pagassero,14
cronicizzare,14
soverchiare,14
sabaudia,14
karolos,14
putativo,14
introduziorre,14
390mila,14
candelore,14
chiamiamolo,14
intercambiabile,14
sommerrere,14
pienotti,14
messino,14
impegnandoso,14
dosarlese,14
vanare,14
vancouvere,14
mastroluca,14
iniziere,14
quatto,14
catae,14
cace,14
notino,14
arabismo,14
salubrità,14
sottocosto,14
palingenesi,14
erpete,14
preselettoro,14
eticare,14
mitro,14
pacis,14
scorrevole,14
precipuo,14
oklahoma,14
regolativo,14
montebourg,14
mastercard,14
diverere,14
hereafter,14
successone,14
piattello,14
polaccare,14
aralare,14
auspicata,14
citizen,14
comprettere,14
prefettizia,14
abradi,14
dottrino,14
montatore,14
propagazione,14
eustachiare,14
prodromo,14
incondizionatamente,14
fiscalizzazione,14
camionisto,14
transalpina,14
lezzo,14
franzen,14
fotocamere,14
cinguettio,14
facilitatoce,14
bindello,14
maynard,14
emulo,14
miranda,14
miniere,14
santade,14
staraci,14
rinnovatore,14
ispano,14
surplusre,14
battistrada,14
matura,14
magrebina,14
mibac,14
irrealistica,14
chiederò,14
ironista,14
defiscalizzare,14
crossare,14
insolubile,14
oroscopo,14
terzi,14
oste,14
teneramente,14
aragona,14
anomalio,14
svantaggioso,14
avignone,14
ancere,14
ipertrofico,14
sturno,14
baker,14
bourgeois,14
birrario,14
fota,14
pensionando,14
bertinetto,14
compagina,14
aberra,14
pecorino,14
paliotto,14
buglione,14
strumentario,14
doglio,14
aolo,14
aeronavale,14
cumulato,14
piroscafo,14
impacciato,14
sfilacciamento,14
multitasking,14
innescato,14
istituzionalizzato,14
inestinguibile,14
denzel,14
agroindustriale,14
mettendoci,14
cartesio,14
pontassieve,14
ricorsivo,14
ballino,14
tuniso,14
denatalità,14
cedine,14
autolesionistico,14
flottante,14
2024,14
mariana,14
scilipoti,14
panarabo,14
slave,14
derapa,14
crebbi,14
nevo,14
susegana,14
lacrisi,14
gassato,14
licenziabilità,14
rodriguez,14
taccone,14
bombassa,14
scrovegne,14
dibenedetto,14
enav,14
flettina,14
birre,14
elencato,14
gemellina,14
yingluck,14
armageddon,14
collusivo,14
imposero,14
fassbender,14
morvillo,14
gaenswein,14
omogeneizzazione,14
finitala,14
selettività,14
valerioraspello,14
marcotedescare,14
ayrault,14
mariopulimante,14
severinare,14
dopiamoti,14
f2012,14
giuseppecaruso,14
iscriziorre,14
discensore,14
governasta,14
bertene,14
soffocato,13
austro,13
fonder,13
annichilimento,13
ventato,13
ammanettato,13
cittadinanzattiva,13
emblematica,13
abbellì,13
predominare,13
emettare,13
comproprietà,13
velino,13
avvenenza,13
portoricano,13
retrogusto,13
boicello,13
scagni,13
pandemico,13
apologete,13
settare,13
sergiomarchionne,13
preclusa,13
augere,13
camerlengo,13
desideravare,13
agroindustria,13
pattino,13
sevizio,13
scombussolare,13
scadenzare,13
poul,13
nyrup,13
salari,13
escavatore,13
chiarore,13
allunghare,13
rovesco,13
griffare,13
trentine,13
partigiani,13
portofino,13
potare,13
reiterabile,13
protocolla,13
gessato,13
taschino,13
sazio,13
vivisezionare,13
pettegolo,13
clina,13
sushi,13
cavendish,13
mentito,13
vedendolo,13
35enne,13
stupidare,13
filastrocco,13
bilotta,13
bungalow,13
bertolda,13
appartenire,13
petriano,13
giovanneo,13
pantani,13
sbattuto,13
acqueae,13
respinso,13
primatista,13
approssimativamente,13
amavare,13
competo,13
primordo,13
provvisorietà,13
fugar,13
milton,13
33enne,13
disgraziatamente,13
favorere,13
sentirebbe,13
approdere,13
permeabilità,13
filosoficamente,13
pomere,13
aspretto,13
nullaosta,13
protezionista,13
acura,13
casablancare,13
marinone,13
nonare,13
poltiglia,13
oziare,13
caudino,13
scurare,13
abbisognare,13
trinidad,13
liberalizzato,13
gelateria,13
accontentere,13
straits,13
arrivarere,13
sornionare,13
rubli,13
dribbla,13
radiologo,13
ghiandola,13
festeggiavare,13
maestrare,13
verdi,13
strillo,13
secondaria,13
arcilesbico,13
arcegare,13
manda,13
increspare,13
pagnotta,13
vestiario,13
dirimpettaio,13
contigue,13
assiduità,13
irrorare,13
obero,13
sentiere,13
affrontavare,13
nascessero,13
soda,13
legalitario,13
cardiochirurgo,13
swarm,13
lereazione,13
razzedere,13
emerire,13
mirto,13
union,13
etiopio,13
enciclopedico,13
paillard,13
scelgono,13
nicchio,13
antiguare,13
antistupro,13
tambura,13
reinfeldt,13
eloquenza,13
acerno,13
spappolare,13
300milioni,13
cataclismo,13
spudoratezza,13
regnanto,13
investitare,13
disgregato,13
giaeco,13
assetare,13
inalazione,13
murar,13
imbibir,13
retrobottega,13
foco,13
richiedevare,13
ghindando,13
audrey,13
corfù,13
civilizzare,13
fifty,13
majakovskij,13
moshe,13
chianocco,13
intristire,13
emmanuel,13
frenetice,13
marangone,13
scapestrato,13
adisso,13
degenerale,13
prone,13
palestrina,13
estromessa,13
pigliatutto,13
sfornano,13
sentitamente,13
affleck,13
affaccio,13
dustin,13
empolese,13
pakistanre,13
asserragliato,13
incappucciare,13
effige,13
canoro,13
fibbia,13
maschietto,13
esfolo,13
salgono,13
governavare,13
cronometrico,13
sottocommissione,13
sheraton,13
fargo,13
unanimi,13
tagliar,13
thai,13
vociante,13
gasparro,13
goodyear,13
tempestii,13
giuode,13
pronte,13
sregolare,13
fottere,13
cosao,13
biontech,13
grimes,13
1830,13
arrola,13
cruscotto,13
territorialità,13
ferisce,13
sapremo,13
salutano,13
taste,13
carre,13
mimesi,13
conciliabolo,13
lailare,13
pessimirre,13
vallario,13
ottudere,13
stranare,13
concettualmente,13
geometro,13
alterco,13
furberia,13
assumendosi,13
vagabondi,13
ridici,13
aviatore,13
ecologice,13
sviluppatoso,13
jesi,13
infatuare,13
compiace,13
scartoffia,13
aggrottagli,13
omologato,13
parello,13
cochabamba,13
urba,13
allegra,13
trevisana,13
ingurgitare,13
padron,13
adugliere,13
candiano,13
pugnale,13
massaia,13
aragosta,13
trentunenne,13
oleum,13
chiano,13
sciamanico,13
morandi,13
ribollente,13
pura,13
tollerabilità,13
diamoci,13
mancinare,13
volesso,13
sfuriare,13
svogliato,13
masnada,13
threadgill,13
duna,13
oskar,13
paghetta,13
larare,13
aventisi,13
bossico,13
ottenibile,13
volgire,13
glieli,13
attendibili,13
copenagheno,13
rovesci,13
mozzafiare,13
ammannito,13
sovrappiù,13
contrabbandiere,13
insignificanza,13
fasciatura,13
manulo,13
noiare,13
laue,13
ivoriare,13
angustiare,13
slovacchiare,13
quietare,13
coralità,13
vearr,13
corporatura,13
loko,13
notano,13
entriare,13
consollo,13
coseno,13
asteme,13
ocularo,13
terrence,13
pisacano,13
perdone,13
euello,13
trafelare,13
sgargiante,13
ozono,13
mollezza,13
economare,13
ventiquattrenne,13
formere,13
poroso,13
statalizzazione,13
reciso,13
celebriamo,13
pelliccione,13
ivonne,13
astrofisica,13
giovanno,13
side,13
incitazione,13
combattére,13
arda,13
cinso,13
violetto,13
sadomaso,13
fattaso,13
calamitare,13
suonarire,13
professo,13
unno,13
cartoncino,13
prestissimo,13
sconvoltare,13
aiutandolo,13
paesistico,13
sublimazione,13
pasticceria,13
accerto,13
clotilde,13
papete,13
bancho,13
trecentosessanta,13
tormentoso,13
nicchiaceli,13
corp,13
salgare,13
parlarono,13
vigno,13
ferrae,13
tente,13
lambente,13
taurino,13
pastone,13
michelino,13
cosparso,13
scrio,13
tramante,13
nguyen,13
deviante,13
felliniano,13
lindare,13
indorare,13
incrinato,13
clay,13
bavero,13
profittatore,13
powertrain,13
contrapposre,13
spolverare,13
viaggiante,13
developmentre,13
bette,13
caseifico,13
geotermico,13
collegialmente,13
averà,13
giacente,13
reclutato,13
operatrice,13
costarere,13
truffato,13
rettile,13
lumiere,13
signorine,13
involutivo,13
competer,13
pedissequamente,13
rominare,13
soffra,13
cortissimo,13
chiedendoso,13
1895,13
sconosciuta,13
familiarizzare,13
croviano,13
taciturno,13
calorio,13
fatevi,13
nenia,13
giubbetto,13
230mila,13
rescisso,13
spazioso,13
olimpiaco,13
1871,13
cutaneo,13
guastatoro,13
selfia,13
bisticcio,13
biologica,13
faciloneria,13
mitizzare,13
conciso,13
firefox,13
pilo,13
insista,13
solgere,13
atanasio,13
saragozza,13
vuelto,13
identicare,13
nocività,13
opio,13
risultere,13
anodo,13
inibitore,13
pirico,13
usalo,13
inviolare,13
rilascare,13
playback,13
sorseggiare,13
immuro,13
quagliariello,13
famigliari,13
podo,13
sessantasei,13
michaele,13
sylvester,13
streaking,13
scostante,13
rimbaud,13
larere,13
venanzio,13
celia,13
scalmanato,13
bullock,13
marion,13
diagnoso,13
caricalare,13
apprimere,13
rifletto,13
invasività,13
ausile,13
vania,13
immedesimazione,13
spreme,13
astraetelo,13
altezzoso,13
svevere,13
belletti,13
distratta,13
norimbergo,13
esecutività,13
ricordòre,13
prevedibilità,13
ovaia,13
prenota,13
parra,13
asmara,13
affardello,13
zolfo,13
insorgente,13
termitano,13
cariare,13
diporto,13
antagonistare,13
addensa,13
porter,13
amantea,13
sbagliò,13
sardonico,13
silone,13
personificazione,13
parassitismo,13
inscritto,13
bonfiglio,13
sgambettare,13
rapallo,13
court,13
azzecca,13
prospezione,13
irato,13
vescovile,13
ultracentenario,13
leonina,13
dimorate,13
desunto,13
carnoso,13
cembro,13
stagionato,13
formulato,13
affondato,13
nazi,13
ultraso,13
pronunce,13
rivare,13
effimere,13
purosangue,13
rifondere,13
alluce,13
inseguito,13
raccontabilità,13
tiggio,13
fese,13
doria,13
pulp,13
proibizionista,13
marchesino,13
destrorso,13
verse,13
piante,13
doni,13
stilizzare,13
antartidere,13
picara,13
affacciato,13
petrazzo,13
olimpio,13
palleggiatore,13
curabile,13
rivisitato,13
suppellettile,13
biondare,13
bandierabile,13
lesta,13
minimalisto,13
sorrisetto,13
tintoretto,13
dubbie,13
ellis,13
furteare,13
romanelli,13
compressore,13
condividiare,13
nicolosi,13
todini,13
aiuterebbero,13
spaziotempo,13
baccarine,13
fondarere,13
condimento,13
polio,13
soprannumerare,13
crescano,13
ditema,13
somiglia,13
leggiadra,13
incentivante,13
cornell,13
condussero,13
stritolato,13
precedettero,13
ileano,13
sequenziale,13
importanto,13
pelé,13
imputo,13
decrescere,13
perturbante,13
signorello,13
else,13
irenismo,13
consunto,13
sconclusionato,13
caldei,13
epidemico,13
spelling,13
360mila,13
convenzionalmente,13
imbandito,13
imbello,13
sovietica,13
interrompono,13
contratre,13
attuano,13
monstre,13
emerge,13
nordisto,13
vettere,13
nobildonna,13
partoritare,13
obbediente,13
rifiatare,13
vongola,13
porcino,13
difficilissimare,13
lattanti,13
diamo,13
irretroattività,13
spregevolo,13
tensionere,13
parrucco,13
puerile,13
saundra,13
settimio,13
cancellalare,13
50enne,13
allivello,13
andorra,13
gromare,13
abrada,13
istorio,13
sbloccato,13
libertinaggio,13
riscrirre,13
sofisticazione,13
sanatoriare,13
esibitare,13
corrosione,13
delucidazione,13
morio,13
aggiungerebbero,13
scollatura,13
sperticare,13
locomotore,13
filamento,13
stemprare,13
compìre,13
estratta,13
ribalre,13
intendano,13
appioppare,13
annoia,13
multimilionario,13
ponchiello,13
gigolò,13
excel,13
giornalaio,13
pariso,13
trasmigrare,13
stimolazione,13
parlata,13
ottusi,13
pacem,13
spazzar,13
balle,13
caute,13
abrade,13
disperde,13
lavanda,13
generativo,13
contena,13
bain,13
daone,13
aquilana,13
conoscevre,13
possedevare,13
betoniera,13
scarafaggio,13
cocteau,13
fatato,13
biodegradabile,13
elisio,13
manare,13
venite,13
beatitudine,13
entratura,13
raffazzonare,13
congenire,13
nubile,13
rivolgevare,13
criminologo,13
orsùo,13
medicino,13
zire,13
immondo,13
precipitato,13
estatico,13
acustica,13
elida,13
gorbia,13
travere,13
cattere,13
raffinerie,13
curatrice,13
vermut,13
accartocciare,13
cappelline,13
cerea,13
charlotta,13
ariana,13
abbao,13
picconatore,13
organizzere,13
rinuncire,13
dominano,13
sassata,13
facendocare,13
tastiere,13
sardine,13
cervellotico,13
lazise,13
caorso,13
gravida,13
everton,13
romanzare,13
lampare,13
ridisegnano,13
westerwello,13
statuina,13
cozzato,13
figliastro,13
saprà,13
elettoralistice,13
totalitaria,13
agisco,13
admeto,13
baffore,13
coltellare,13
chiarimere,13
babela,13
cancellierato,13
connessa,13
fatema,13
accatto,13
dosolo,13
fateve,13
penzolare,13
amorine,13
mezzi,13
lidl,13
distorce,13
beinetto,13
beltrama,13
ambientalistare,13
espulsi,13
garantirebbero,13
affe,13
dovresti,13
vaccinale,13
urinare,13
bibliofilo,13
1896,13
inflessibilità,13
romea,13
stragie,13
scheletrico,13
ignotare,13
oralmente,13
sedurvela,13
argere,13
scorpione,13
quarantadue,13
civilmente,13
albenga,13
abudere,13
lauda,13
ammobiliare,13
passionario,13
imbrunire,13
nicky,13
frizzanto,13
fabiola,13
riesploso,13
antirazzisto,13
tattile,13
impostore,13
antivirus,13
scappo,13
contini,13
consumavare,13
peia,13
temevamo,13
risiedare,13
cabrare,13
frinco,13
icono,13
stivo,13
dionigio,13
estrado,13
vicina,13
bertrandt,13
pellio,13
arrendevolezza,13
maccartismo,13
involontare,13
evaristo,13
archetto,13
destituito,13
colpiscare,13
colorire,13
basagle,13
parer,13
dominicano,13
palermitana,13
gigli,13
manifatturo,13
marcata,13
sferrato,13
pacar,13
ascrivo,13
smentivare,13
suissa,13
tiraturo,13
rimpastino,13
preventivabile,13
franciare,13
sigmund,13
decida,13
scucire,13
cosciento,13
guarnireo,13
alcida,13
interistituzionale,13
squero,13
negrar,13
frizzo,13
autocompiacimento,13
retere,13
ciarlone,13
timi,13
discuteere,13
ricevano,13
temperato,13
braco,13
soggiacere,13
gambo,13
tran,13
ledo,13
aggirabile,13
sensitivo,13
penalizzanto,13
batterico,13
somministrato,13
pognano,13
rainaldo,13
imprime,13
nonstop,13
dipinger,13
madrigale,13
groppo,13
larvo,13
tasco,13
pedi,13
presere,13
spargimente,13
cappelletto,13
avocazione,13
wood,13
veleggia,13
corbusier,13
lloyd,13
pigramente,13
twilighte,13
torrentizio,13
pendant,13
umorista,13
riacciuffare,13
benvenuta,13
villandro,13
scaglionare,13
giudicata,13
mato,13
cabro,13
chiv,13
preoccupata,13
beppo,13
zaccheo,13
torpignattara,13
pignatto,13
bobo,13
mitch,13
tarocco,13
sceglievare,13
bianzè,13
morgue,13
solee,13
servie,13
predispore,13
derubato,13
costruirere,13
contabilmente,13
rebecca,13
preselezione,13
scrutinato,13
similmente,13
intestatario,13
appartenuto,13
confermandoso,13
germaniao,13
trone,13
marengo,13
immaginavare,13
20th,13
century,13
cerinare,13
autoscatto,13
unario,13
travet,13
quarantenni,13
insignito,13
estrare,13
prokhorov,13
leda,13
byre,13
arcana,13
uniscare,13
amana,13
appai,13
comproprietario,13
risolte,13
rieto,13
asprire,13
facevare,13
dandocio,13
insegue,13
spedito,13
intimò,13
vinoso,13
scontrere,13
godre,13
illegittime,13
catalana,13
rifatta,13
tremenda,13
marittima,13
banalissimo,13
veterana,13
saettare,13
angolano,13
proseguivo,13
acropolo,13
bruttare,13
averto,13
superstizioso,13
vedove,13
curtis,13
troverai,13
aimone,13
bergman,13
caleidoscopico,13
zoom,13
poliomielite,13
rivaleggiare,13
archeologi,13
suites,13
motel,13
starfield,13
ginseng,13
ferlinghetto,13
anverso,13
cetra,13
iniqui,13
ebbro,13
italio,13
frusciante,13
eruttare,13
cassavare,13
psicanalitico,13
stago,13
risentere,13
robustezza,13
prorompente,13
sedico,13
ugnare,13
inviolato,13
chimone,13
resse,13
ammannire,13
afflittivo,13
montepulciano,13
regine,13
aerao,13
accusatrice,13
fermione,13
machine,13
parmense,13
ciliegia,13
inanimato,13
chiedessero,13
iodio,13
batteriologico,13
basketre,13
mariucciare,13
ambiguire,13
riottenere,13
insubordinazione,13
pensassimo,13
qualcoso,13
volfangare,13
sferra,13
centenaro,13
muratura,13
amalfitano,13
ndrangheto,13
centrosettentrionale,13
ibarra,13
stazionario,13
raggiunga,13
barcollante,13
contegno,13
tronfio,13
arra,13
tuone,13
bilingue,13
liquidano,13
autobotto,13
150esimo,13
malawo,13
altana,13
ostetricia,13
vedrei,13
natanto,13
tonante,13
volendolo,13
paperino,13
trattengere,13
biochimico,13
sempreverde,13
solletico,13
mazzuola,13
sporgente,13
replicante,13
macina,13
gutta,13
maturale,13
irrotto,13
domasi,13
burroughs,13
elabora,13
posero,13
1881,13
arietto,13
earth,13
volteggiano,13
baldanza,13
neofascismo,13
gestì,13
succio,13
discuta,13
purchessia,13
soccorre,13
crescevare,13
frignone,13
lovanio,13
aggrappato,13
ascetico,13
scirocco,13
diffida,13
pariga,13
arale,13
pifferaio,13
cresco,13
endo,13
molière,13
channel,13
stendare,13
giovannetto,13
brolo,13
sconfinata,13
proteggia,13
preme,13
dirce,13
cinegiornale,13
prediletta,13
presiedare,13
dottorare,13
rattrappire,13
impropero,13
vadare,13
contingentamento,13
contattato,13
colonnato,13
riassuntare,13
cuneese,13
castrare,13
scarpino,13
podesta,13
telespettatoro,13
ortopedico,13
corsico,13
vonn,13
cardare,13
minino,13
galaxy,13
soverno,13
falasco,13
finnico,13
baronetto,13
israela,13
matire,13
gareggare,13
intensifichare,13
estasiare,13
tendano,13
batteristo,13
shetland,13
pagherere,13
suola,13
elettromeccanico,13
magnone,13
solar,13
pantofole,13
bastia,13
collant,13
abanese,13
f-16,13
canzonetto,13
barrano,13
pezzare,13
coprono,13
grace,13
ispiravare,13
ventinovenne,13
avvieremere,13
gerarchiare,13
abusiva,13
prevertice,13
mormanno,13
rallegrere,13
carine,13
borchia,13
building,13
isoletta,13
subitio,13
corrispondevare,13
asfissiante,13
cupidigia,13
darwinismo,13
prestabilire,13
suggello,13
mughetti,13
guelfi,13
murario,13
abbuffata,13
scorrevolo,13
grossolanamente,13
toghe,13
parametrico,13
sseldorf,13
determinismo,13
capitalistica,13
garmin,13
settecentomilo,13
donnare,13
coinvolta,13
rigenerante,13
poll,13
procrastinabile,13
lambrusco,13
rilasciato,13
riandare,13
pomodore,13
sottovalutere,13
taccio,13
terrò,13
pomario,13
espanso,13
coscientemente,13
turchiare,13
invalidio,13
lauramatteucci,13
neoavanguardia,13
errani,13
esteriorizzato,13
imbandire,13
vidimare,13
stigmatizzazione,13
basagli,13
debbare,13
guadagnandoso,13
decadono,13
ipolidio,13
bistagno,13
risacca,13
vacue,13
groovy,13
dialisi,13
papero,13
senago,13
minuetto,13
dirozzo,13
rilassante,13
letterare,13
valsero,13
slittere,13
salivo,13
adulo,13
dormigli,13
ingiustificatamente,13
joule,13
combino,13
blanco,13
fallala,13
padreterno,13
boateng,13
milwaukee,13
dalmazio,13
avesta,13
bilinguismo,13
uopo,13
subentro,13
appiglo,13
incontraare,13
tentacolare,13
capriole,13
segnavare,13
gessico,13
afferì,13
mariarosaria,13
componevare,13
scolaretto,13
subisce,13
invase,13
cranica,13
disomogeneo,13
reinvenzione,13
arieta,13
cromo,13
pullover,13
pando,13
annarita,13
oscurantisto,13
teatralmente,13
benzopirena,13
enumero,13
martellato,13
girovago,13
costrittivo,13
convintare,13
portandole,13
ramos,13
cattolicità,13
accordino,13
mussoliniana,13
stick,13
griffa,13
bisenzioo,13
tipizzare,13
savonese,13
iniziassero,13
rarefattare,13
federalistico,13
3700,13
pontiere,13
precettare,13
cantar,13
riconosciuta,13
tornasse,13
bellagio,13
sanabile,13
stagnare,13
assurto,13
astrae,13
antagonisto,13
disputo,13
sopravvenire,13
imprevedibili,13
segnalamento,13
00spazio,13
sfasa,13
realizzatila,13
umanizzazione,13
mastrare,13
spadona,13
sgradevolo,13
preste,13
dragomanni,13
demoralizzare,13
amorevolo,13
maxe,13
farraginosità,13
sviamento,13
testone,13
2426,13
emendabile,13
sorgà,13
scempo,13
indivisibilità,13
bieca,13
dicaprio,13
bovario,13
ambientalmente,13
prisma,13
varesenews,13
dopodomanare,13
alluder,13
dializzo,13
compliance,13
abdel,13
belen,13
sous,13
licenziabile,13
basa,13
amandolo,13
carrosio,13
tenue,13
corrivo,13
ballet,13
mangino,13
campanaro,13
unitaonlinere,13
44enne,13
delillo,13
divegliere,13
codoli,13
riuscissimo,13
causi,13
numeratore,13
report,13
siriane,13
invertare,13
bredamenarino,13
plurinominale,13
impiantistico,13
balsamico,13
politologia,13
distinguibile,13
spaziante,13
godrebbe,13
scalcinato,13
ciarlino,13
lapressa,13
meclemburgo,13
caprarola,13
malus,13
durissima,13
katic,13
paracadutato,13
approcciare,13
corpaccio,13
cicciotello,13
ocelot,13
esodato,13
guindos,13
whitaker,13
bancaria,13
affile,13
altatensione,13
spending,13
malley,13
claudiosardo,13
iostoconlunità,13
alesassi,13
naftile,13
freganto,13
suzione,12
sebastiana,12
congare,12
2600,12
multirazziale,12
vischioso,12
ribesre,12
sottomare,12
clio,12
global,12
stappano,12
fontane,12
sfavorire,12
urbanizzato,12
concretissimo,12
thurman,12
distaccata,12
variato,12
traballo,12
semisconosciuto,12
nullatenento,12
chiesti,12
bordante,12
volley,12
cesellare,12
prendendosela,12
peregrina,12
buferare,12
ridle,12
glene,12
scarpinato,12
partinico,12
pretura,12
lava,12
1876,12
vaticinare,12
escludare,12
idaho,12
severissimo,12
sperere,12
instituto,12
rullare,12
svanito,12
copro,12
longeve,12
ampliano,12
mendoso,12
smascheramento,12
ludi,12
mural,12
cripto,12
proteico,12
vanitoso,12
nienta,12
bionico,12
inserite,12
cottura,12
eruppa,12
verone,12
riuscirebbero,12
mistica,12
agae,12
megalomania,12
chele,12
slim,12
accordato,12
linare,12
moldavo,12
ladre,12
garzella,12
ricordae,12
stakeholders,12
impermeabilità,12
sperimentalmente,12
muoiare,12
chiame,12
obbligazionista,12
prospera,12
mammella,12
orhan,12
pamuk,12
carcerare,12
stmicroelectronics,12
morfologico,12
cioccolare,12
tanna,12
scappatella,12
blatta,12
divisorio,12
mouso,12
guardaspalla,12
canberra,12
sporadicamente,12
saprebbero,12
nidi,12
gianfelice,12
disbrigo,12
sperma,12
charlotto,12
lirre,12
corriera,12
mchierici2,12
particolareggiato,12
ricomincere,12
indefinitamente,12
sostene,12
firenzo,12
bischetto,12
giostrare,12
collochere,12
egoisto,12
liturgio,12
multi,12
depeco,12
corporatire,12
ambrosie,12
moschettiero,12
ripasso,12
remissivo,12
cavallone,12
pollicino,12
ortolano,12
attardato,12
isolo,12
tbilisi,12
mitizzazione,12
spendibilo,12
alvina,12
piaggeria,12
sottoscrive,12
presidentessa,12
giunsero,12
benderà,12
tracotanza,12
apina,12
fumogene,12
incertare,12
baez,12
acire,12
sprinter,12
iscrivare,12
safinare,12
sannicola,12
supervisoro,12
vescica,12
squinternato,12
librone,12
infischiandosene,12
annuario,12
attribuiscare,12
esultante,12
agiografia,12
vedevare,12
rampo,12
ripercorrare,12
sballottare,12
refettorio,12
pistolero,12
capodimonte,12
vilipendere,12
altercare,12
titolere,12
29mila,12
procreativo,12
appestato,12
dentifricio,12
approvvigionare,12
pianoso,12
assegnatogli,12
intuere,12
bobina,12
giaccare,12
schleck,12
psicosociale,12
barricadiere,12
roteare,12
migliorativa,12
nascondino,12
prosopopea,12
6500,12
equare,12
riuscivamo,12
spazzino,12
1849,12
concertana,12
espropri,12
nibelungo,12
beccuzzi,12
accende,12
raccontarono,12
irrequiete,12
osserva,12
mordente,12
tonaca,12
asbesto,12
cipolline,12
obelisco,12
trevi,12
seduto,12
irina,12
invare,12
ghisalba,12
innovo,12
nascerà,12
paolinare,12
rinserrare,12
interrogo,12
sabare,12
tari,12
vallata,12
mercallo,12
nauseare,12
grossman,12
ecologisto,12
sessantenna,12
turner,12
tambre,12
eliminere,12
amhara,12
irruente,12
bigino,12
novarese,12
glore,12
bucale,12
rivedare,12
cavalletta,12
riapere,12
vaticare,12
evangelisti,12
scagnozzo,12
bollicina,12
clerico,12
sardista,12
democraziare,12
lacoro,12
rumorosamente,12
jules,12
magiare,12
originalissimo,12
accalorare,12
cinquantacinque,12
consiglare,12
obbiezione,12
affogo,12
abalietà,12
gravissimare,12
ryder,12
nascondendosi,12
giuslavoristo,12
libello,12
giacimele,12
dislocato,12
concime,12
berlutio,12
birbaccione,12
costernare,12
metere,12
cnbc,12
blindino,12
raffo,12
fincher,12
osservar,12
strumentalizzato,12
aizzato,12
finnre,12
beit,12
affermavare,12
inasta,12
tematice,12
altilia,12
cantabile,12
integri,12
collanina,12
tenaglio,12
fiumara,12
ortolani,12
facie,12
pernacchio,12
indottrinamento,12
crocifissione,12
dalmine,12
striscio,12
beneze,12
scenetta,12
ripieno,12
brividio,12
epigrafe,12
brindo,12
urticanti,12
carrellare,12
commessi,12
sparring,12
coriaceo,12
sodoma,12
bisetto,12
buonanotta,12
dimostrino,12
rimanessero,12
extraurbano,12
gaggere,12
veneziana,12
aprito,12
intenditore,12
insincere,12
semento,12
malignamente,12
summe,12
venato,12
estenuato,12
preordinare,12
intellighenzia,12
biscotta,12
castelverrino,12
discuto,12
ramare,12
piantone,12
comprio,12
suoneria,12
giovinazzo,12
rendendoso,12
stancacelo,12
bronzee,12
goya,12
854388,12
xbox,12
interregno,12
preoccupa,12
schmidheiny,12
prevarere,12
mondovì,12
subiscare,12
decisoro,12
normalissimo,12
demotivato,12
pattinare,12
arraffa,12
auster,12
biosfera,12
ganza,12
fortificato,12
altolocare,12
soverchiante,12
pagarere,12
lower,12
boema,12
tardone,12
ciocca,12
addestra,12
riuscii,12
videocassetto,12
trotzko,12
esalare,12
aditene,12
storno,12
montegranaro,12
controvoglia,12
inclusive,12
insiema,12
borderò,12
norberta,12
malatesta,12
gnoccare,12
scostare,12
nababbio,12
palazzochigi,12
prorogato,12
frapposta,12
partigianeria,12
malmenato,12
trekking,12
controreplica,12
terlizzo,12
processabile,12
baroncino,12
schedere,12
insabbiamente,12
metilparaben,12
tredicimila,12
automatizzare,12
viario,12
staffetto,12
malika,12
convochere,12
catastrofi,12
veterinaria,12
latenza,12
macheta,12
adulare,12
avvalgare,12
afone,12
nula,12
portavo,12
adottabile,12
gaudente,12
granelli,12
sopporto,12
interramento,12
fischiettare,12
nervosissimo,12
nutriente,12
socrate,12
twickenham,12
perloz,12
ferrigno,12
rasoiata,12
sguarnire,12
spiegheere,12
oriana,12
montgomery,12
4milioni,12
lavacro,12
vaginale,12
bocciofila,12
rifa,12
cardre,12
delano,12
ridotti,12
tagliano,12
capocciare,12
piao,12
governa,12
organizzo,12
recamo,12
thiese,12
cistica,12
scrima,12
vercellese,12
nicoede,12
rivendicato,12
duemilacinquecento,12
naturalizzare,12
appassionata,12
risanerare,12
appigliare,12
presepe|presepio,12
esercente,12
ascritto,12
elegiaco,12
sistemaco,12
gianguidare,12
gattuccio,12
thug,12
peio,12
ringhiare,12
sacrestia,12
torneere,12
paperine,12
riscritturo,12
autonomismo,12
usassero,12
esaminatore,12
proporzionare,12
segregazionista,12
crumiro,12
emolumente,12
gauguin,12
lavico,12
favilla,12
100milioni,12
inusitare,12
blindata,12
antisovietico,12
politkovskaya,12
annualità,12
cometare,12
pagodo,12
resecarre,12
nalle,12
2300,12
adolfa,12
denudo,12
pianeggianto,12
angelopoulos,12
rintocco,12
infervorare,12
espansionistico,12
longobardo,12
pivellina,12
cotillard,12
dilatino,12
colombine,12
friabile,12
caraffa,12
robbie,12
metallica,12
auguravare,12
castaldo,12
edenre,12
anguilla,12
ricalcolare,12
norcia,12
seguissero,12
boulez,12
lingeria,12
attenire,12
infondatezzo,12
ghermitore,12
lodomondadore,12
baritonale,12
grizzly,12
bearo,12
kristen,12
aureare,12
tutt,12
concire,12
ottimisto,12
benzinaio,12
autorizzatilo,12
bulle,12
bernhard,12
stao,12
castellaccio,12
notarbartolo,12
anfibi,12
istrumento,12
medagliere,12
suggerito,12
metallurgia,12
ricevitoria,12
pomaretto,12
importere,12
sciatterio,12
dissennare,12
intrattabile,12
chiedereo,12
irrigare,12
nereggiala,12
presentassero,12
resterai,12
tortellino,12
caterpillar,12
scrivevanore,12
cattocomunista,12
bozzone,12
gretto,12
letame,12
mirae,12
leggera,12
aiutarere,12
fotone,12
hekmatyar,12
rinchiusa,12
grossolare,12
ghepardo,12
bastimento,12
straniamento,12
marmaro,12
celtica,12
piovani,12
avvincere,12
mandore,12
brava,12
endurance,12
interago,12
salile,12
rapacità,12
investano,12
prive,12
umorale,12
ritengare,12
ossequioso,12
assunre,12
portogruaro,12
accademiare,12
epidemiologo,12
infrange,12
fedcup,12
acquarello,12
frastagliato,12
ribellire,12
coinquilino,12
pontinia,12
duplicare,12
abboccamente,12
inali,12
alburno,12
mettendoce,12
basire,12
unamuno,12
discolpare,12
veci,12
malnutrito,12
zinco,12
buffetto,12
kobayashi,12
epifani,12
randagio,12
passeranno,12
principesco,12
laconica,12
norvegesa,12
vetrinare,12
pennellare,12
newcastle,12
occhipinte,12
sciacquare,12
ursino,12
immiserire,12
adita,12
fluorescente,12
piangare,12
matasso,12
arnolfo,12
pato,12
innevato,12
danaroso,12
hatoyama,12
gluteo,12
italese,12
guastalla,12
resino,12
cremazione,12
presentandoso,12
devasta,12
blandicio,12
ambientaliste,12
besano,12
scasso,12
divaga,12
allaghare,12
privatissimo,12
parlandone,12
dimentichiamo,12
attendismo,12
essersene,12
abdichino,12
cadel,12
tagliira,12
ebsestere,12
riverniciare,12
cellina,12
afta,12
succubi,12
funzionavano,12
chiusero,12
assistenzialistico,12
appassionano,12
sopraffatto,12
leningrado,12
manzoniana,12
rondo,12
inneschio,12
affagotta,12
veranda,12
mimoso,12
rourke,12
fred,12
detentrice,12
risultarere,12
struscio,12
sponsorizzato,12
rilassatezza,12
pozzetto,12
liquidato,12
affiatare,12
predestina,12
pipetta,12
cleopatra,12
intonato,12
recitativo,12
rader,12
chiamateci,12
cobain,12
quarantaduenne,12
forzata,12
guarito,12
riaprari,12
tappezzeria,12
mafiosa,12
emacia,12
chiodi,12
piace,12
chilowatt,12
drammaturgiare,12
farmacologia,12
sniffare,12
reclusa,12
ausonia,12
stupefatgere,12
sfrutto,12
ripo,12
narico,12
laroma,12
climax,12
avvero,12
identifichare,12
sequenziare,12
elisire,12
zambrone,12
aviaria,12
portavalore,12
polivalente,12
persi,12
binale,12
mentita,12
23esimo,12
solzo,12
ignore,12
autodisciplina,12
rimpatriato,12
miano,12
libe,12
infisso,12
riservatissimo,12
bartale,12
sussistente,12
guardalinee,12
ritiratosi,12
melanesiana,12
lavinia,12
collimo,12
rabbinico,12
paracadutisto,12
purgatore,12
poemetto,12
fiche,12
escort,12
vederla,12
porpetto,12
domandano,12
foraggio,12
macellato,12
girevolo,12
decorato,12
scultoreo,12
maglietto,12
lévi,12
cisto,12
erodoto,12
comparvire,12
allaccio,12
dirimento,12
rotellina,12
pitale,12
cinzio,12
euroasiatico,12
metanolo,12
panchià,12
inessenziale,12
rateizzare,12
resteranno,12
dinasta,12
erigo,12
contestiamore,12
mostare,12
timor,12
toponomastica,12
detesta,12
iscrivo,12
dolcissimo,12
coppietta,12
fisarmonico,12
assicuratrico,12
orologi,12
ripugnare,12
gaggia,12
omanre,12
inavvicinabile,12
paccare,12
deforme,12
zazzera,12
bacato,12
denis,12
professorale,12
aeraco,12
camorro,12
ferri,12
mauritius,12
brenno,12
perorazione,12
sassone,12
vivacizzare,12
sciagurare,12
chiuderanno,12
baracchino,12
chiazzo,12
mazar,12
scialla,12
novantina,12
peperoncino,12
ultràre,12
intersezione,12
dominale,12
anglosassonere,12
acerrimi,12
socrato,12
distrattamente,12
nascondo,12
laro,12
fumato,12
sillaba,12
gioe,12
recalcitranto,12
sottraendolo,12
alisei,12
abilio,12
bagatto,12
geiger,12
trascinere,12
snobba,12
promottere,12
trasfigurazione,12
lepre,12
frenatore,12
annere,12
pubblicitaria,12
armonio,12
traspor,12
rincalzo,12
fioruccio,12
mitizzato,12
asolano,12
neurologi,12
puavere,12
landere,12
calcagno,12
conserte,12
ruzzolare,12
margheritare,12
naturalità,12
furbone,12
lazzaretto,12
imbarcato,12
canalizzazione,12
inclina,12
tergu,12
bonaccinio,12
autrice,12
chianco,12
hayden,12
frare,12
albatro,12
sbaglierebbe,12
domine,12
sexyre,12
pecorello,12
fracassare,12
inenarrabile,12
acquare,12
maccabei,12
criptato,12
ebano,12
canyon,12
prescindare,12
borgognone,12
malignare,12
marre,12
masao,12
etrurio,12
rinunciabile,12
acutizzare,12
addominale,12
videoarte,12
clelia,12
spacciandolo,12
invitante,12
lanciarono,12
colpirono,12
uboldo,12
proporremo,12
indecidere,12
fingono,12
facessare,12
conciatura,12
defezionare,12
naviganto,12
ermo,12
rollins,12
gioviale,12
celano,12
proverre,12
alte,12
eliminabile,12
chandler,12
spinosi,12
spallanzani,12
cortesemente,12
adrone,12
manterrebbe,12
compenetrazione,12
detestano,12
astenire,12
biblista,12
ripiano,12
falòe,12
spiccavare,12
ventilazione,12
pinco,12
bacinella,12
emporio,12
floriana,12
balbettante,12
regionalizzazione,12
straordinaria,12
preveggente,12
guardiare,12
statila,12
cartografia,12
emersero,12
scoprirere,12
marire,12
pirofile,12
ride,12
radiofonice,12
inavvertitamente,12
rosone,12
dylanre,12
disattesa,12
postiglione,12
ascese,12
gabbiotto,12
sentimentalmente,12
ubico,12
ellittico,12
appetire,12
ottenevare,12
ingentissimo,12
incipito,12
cristiane,12
intagliare,12
rispettato,12
imporrebbero,12
mollico,12
municipalizzare,12
traditrice,12
riappacificazione,12
sottoscritta,12
testimonia,12
robotico,12
robotica,12
dianna,12
chiatta,12
perle,12
aravo,12
spellare,12
wolfenstein,12
morin,12
imbattuto,12
mallare,12
faire,12
puritanesimo,12
inserviente,12
esibita,12
guarda,12
dirige,12
riconoscare,12
californiana,12
piota,12
inimicare,12
indisposizione,12
malanne,12
differita,12
vincevare,12
colonialisto,12
attratta,12
accasi,12
accaparramento,12
biscoggere,12
ubicato,12
astuta,12
cinefila,12
lectioo,12
lepra,12
carabina,12
affaticante,12
angolatura,12
accertere,12
ghezza,12
inconcludento,12
prenotato,12
weiwei,12
miyazaki,12
ardeatine,12
34enne,12
classicamente,12
avita,12
ammutolire,12
oprah,12
compravendite,12
collaude,12
edera,12
porchetto,12
ribollire,12
netro,12
cesaro,12
allieto,12
astioso,12
uliveto,12
psicopatologia,12
acquattare,12
creditizia,12
infertile,12
gould,12
carpenterio,12
raffa,12
lunaria,12
esisto,12
coupon,12
appaltato,12
sostenitrico,12
quinn,12
resistenziale,12
privilegare,12
serena,12
48enne,12
gyllenhaal,12
fiduciariamente,12
ugual,12
preventivato,12
depore,12
occultato,12
installato,12
guidi,12
alassi,12
fodero,12
diserto,12
castraglio,12
prepoter,12
assorbere,12
merendine,12
fortificazione,12
disposo,12
indistinte,12
consultino,12
primigenio,12
molleggiato,12
scostamente,12
piatta,12
secolarismo,12
sunnita,12
appestare,12
suburbano,12
inattuabile,12
cachemire,12
motivazionere,12
macuto,12
aanche,12
dissolvenza,12
apuana,12
1863,12
assero,12
erculea,12
ippica,12
balzelle,12
gandino,12
slovacca,12
chiavaco,12
chiedevo,12
mcgovern,12
asburgo,12
volpartele,12
chinino,12
veti,12
emigraire,12
sparatola,12
quaggiù,12
copular,12
lisbonare,12
intraprendento,12
abbassere,12
pluripremiato,12
airtags,12
lacchè,12
reedre,12
furiosa,12
muletto,12
legatore,12
rubavare,12
accuccio,12
arosio,12
circonvallazione,12
reintrodotto,12
guicciardine,12
tranvia,12
diabolicare,12
sellers,12
giovanilistico,12
formigone,12
corteggia,12
crollò,12
risparmare,12
ieratico,12
littorio,12
obbligazionare,12
emittentere,12
vissano,12
varesine,12
intruse,12
coincidare,12
monna,12
sarcofago,12
quaglio,12
esigerre,12
mafaldo,12
agropole,12
fragorosamente,12
pepare,12
alchemico,12
impercettibilmente,12
perenno,12
canizza,12
infittisce,12
glorificare,12
nettissimo,12
ricevente,12
vienare,12
succoso,12
pretecnologico,12
campar,12
componimento,12
biografio,12
freddino,12
descritta,12
proviamo,12
certifico,12
mercanzia,12
sortilegio,12
mussa,12
costernato,12
covace,12
parsare,12
concertatore,12
saluta,12
acciaccato,12
toccasana,12
picaresco,12
meltina,12
belligeranza,12
barbie,12
burcei,12
indifferenziare,12
inazzurro,12
moldare,12
meloni,12
musicho,12
rolex,12
aloisia,12
maestre,12
budget,12
nissena,12
stara,12
scappato,12
monolite,12
funambolico,12
riammesso,12
gratitudina,12
afgana,12
radio2,12
rudimento,12
cupa,12
sovrastimare,12
aver,12
cavolata,12
indira,12
postraumatico,12
conglomerato,12
multicanale,12
svalutato,12
cardiopalma,12
sfiorire,12
riconfigurare,12
risuonavare,12
traarr,12
benedicere,12
circospezione,12
apologetico,12
irlandare,12
bimano,12
oncologi,12
sognavare,12
espansionismo,12
distrattare,12
esigui,12
frecciatina,12
yuval,12
simmetricamente,12
nottingham,12
brente,12
ingermania,12
sfoglio,12
dichiarino,12
godei,12
manale,12
begonia,12
fiscalista,12
biore,12
inesausto,12
lindere,12
seppellere,12
millantatore,12
beaglio,12
tesse,12
disumana,12
vicequestore,12
pipatone,12
asfittica,12
rincorrersi,12
texane,12
pernotta,12
plant,12
californiare,12
appaltatrice,12
offro,12
arroccato,12
mareggiata,12
celerino,12
larusso,12
battaglio,12
scorretta,12
eloiso,12
asciane,12
cartagine,12
whitney,12
sfilacciare,12
carovano,12
deferito,12
aratese,12
obese,12
roald,12
schiarire,12
negre,12
crosby,12
plumbeoo,12
riflette,12
pubblicista,12
nosso,12
creazionismo,12
sparpagliato,12
differenzia,12
indipendentismo,12
nomadi,12
prendendoso,12
perverre,12
nyse,12
amilcare,12
tigna,12
polole,12
dentistico,12
avergli,12
petrolato,12
nutella,12
bottanuco,12
vampata,12
guascone,12
prescolare,12
avulso,12
doler,12
castore,12
spenderere,12
ghibellino,12
albione,12
rampe,12
ristampe,12
volontarismo,12
rogito,12
atteno,12
assorbente,12
paginetta,12
tesauro,12
interpellato,12
inconscia,12
incongrui,12
shinawatra,12
delfina,12
ruberia,12
osborno,12
garibaldine,12
ritmicamente,12
revocabile,12
correo,12
aratesi,12
riduzionismo,12
figuracce,12
hank,12
falsificato,12
realizzabilità,12
cdle,12
pensilina,12
antidatare,12
nefario,12
collettiva,12
smaliziare,12
recitante,12
nissenare,12
giverviaggi,12
scorza,12
panaco,12
amate,12
quintano,12
silicio,12
arcuao,12
lucertola,12
escherichia,12
capitombolo,12
aggrovigliato,12
parametrazione,12
1893,12
pantaleone,12
illimitatamente,12
evaporazione,12
illogica,12
trepidante,12
affiatamento,12
orecchione,12
cornico,12
bulgarare,12
empowerment,12
bernulfo,12
romanzato,12
viuzza,12
accumule,12
cromatica,12
venno,12
forar,12
estimo,12
aberro,12
clistere,12
uniscire,12
schuss,12
limitatissimo,12
bruci,12
prevanire,12
daru,12
aforisma,12
cisgiordano,12
tubazione,12
rivalutato,12
calcola,12
scafare,12
quarantuno,12
siglee,12
pagherebbero,12
isolazionismo,12
phobos,12
inchine,12
furibonda,12
cablogramma,12
panchino,12
avutela,12
montiere,12
nogaredo,12
graduato,12
anchinare,12
wertmuller,12
guardiane,12
scinda,12
allegrare,12
democrazio,12
essersela,12
aovere,12
anagraficamente,12
istriano,12
asturia,12
spingano,12
fadila,12
brillantezza,12
malianare,12
manovella,12
motivetto,12
adulale,12
sversamente,12
attanagliano,12
domenicano,12
pierfilippo,12
contornare,12
facendoco,12
abnormo,12
arabile,12
civettare,12
precariare,12
cesirare,12
viddalba,12
volperò,12
scollegato,12
morgex,12
nardare,12
sparsere,12
avetrano,12
inattuare,12
primogenitura,12
trasferiscere,12
ammaliante,12
appezzo,12
benzopirene,12
crediare,12
sottopassaggio,12
chimere,12
brigatismo,12
landino,12
cacofonia,12
ragusare,12
immaginaro,12
inconoscibile,12
semplifico,12
larva,12
monetarismo,12
tanatos,12
contribuisco,12
tabora,12
mezzadro,12
propalare,12
nutrivo,12
villesse,12
tindaro,12
preclusare,12
aritmia,12
clarinettista,12
rinuncino,12
incergere,12
troiare,12
largha,12
confrontavare,12
achee,12
sovradimensionare,12
qassam,12
corregge,12
sardismo,12
trigolo,12
cate,12
reintegrato,12
rochelle,12
parmigiare,12
cagnesco,12
arieto,12
filmore,12
permeato,12
aveno,12
balorda,12
occorrente,12
nunziatura,12
ricciuto,12
mengone,12
parafrasira,12
2026,12
pontey,12
scaturìre,12
simbolista,12
baressare,12
studiosa,12
propoarr,12
erare,12
elettere,12
grossetano,12
frascarolo,12
libdem,12
motiva,12
peppers,12
tenetto,12
pianare,12
gerusalemmo,12
scagli,12
datole,12
mali,12
carierò,12
strire,12
rappresento,12
alassio,12
soccorrono,12
analcolico,12
smiela,12
norbert,12
interrelazione,12
ferriera,12
sbozzolo,12
giudecca,12
bitter,12
visitabile,12
fabrice,12
bussoleno,12
circoscritte,12
giuntura,12
quartet,12
colpirebbero,12
cetrangolo,12
platonico,12
smarrere,12
meditativo,12
dominanza,12
ambio,12
fucsia,12
avvantaggare,12
proviamore,12
gancetto,12
autocorreziono,12
ellenista,12
scompigliare,12
decauville,12
unitaonlina,12
perdasdefogu,12
gaverno,12
surrettizio,12
tacque,12
donerò,12
uliare,12
volontaristico,12
posala,12
emendato,12
superperizia,12
appe,12
zegarello,12
fillion,12
ontano,12
sburocratizzazione,12
project,12
argenta,12
criminal,12
minds,12
pascigli,12
nuland,12
gonio,12
bacinetto,12
carnago,12
corbetta,12
ipertestuale,12
collocatoco,12
comunitarizzazione,12
nestlé,12
covandovo,12
tomahawk,12
exchangere,12
chiambretto,12
carlazzo,12
convenzionalità,12
nikkei,12
israelitico,12
orafo,12
susegano,12
aspie,12
guangcheng,12
scogli,12
seguedalla,12
manilo,12
filaare,12
stormirono,12
villamassargia,12
review,12
risanamente,12
aeroflot,12
negarit,12
galantinare,12
mitre,12
pryshchepko,12
00154,12
4555,12
7384,12
interpolo,12
annichilito,11
esorcista,11
angioletto,11
autoconservazione,11
8milioni,11
cioccare,11
bordar,11
annuere,11
qantas,11
nonè,11
scugnizzo,11
comparivo,11
babello,11
distrutti,11
romanza,11
proposire,11
ganda,11
esibizionista,11
bundesrepublik,11
portellone,11
kfor,11
divorzia,11
preghere,11
sestio,11
tragicomica,11
genuflessione,11
condividire,11
capranichetto,11
rivelatosi,11
bardellane,11
caprero,11
candidandoso,11
paciere,11
papare,11
salutiamore,11
ofelio,11
plurime,11
arzignano,11
extraterritoriale,11
sgridare,11
respingente,11
lochereo,11
sanzionabile,11
resnais,11
ghze,11
tarso,11
paas,11
scimmietta,11
cioccolata,11
impedari,11
resp,11
pdci,11
seguge,11
epurato,11
calzolai,11
convezione,11
coprotagonista,11
flickr,11
viga,11
rotaia,11
messenger,11
venturoso,11
ddeutsco,11
uscir,11
corino,11
bivo,11
enucleare,11
spondo,11
usco,11
iperattivo,11
esperimenta,11
sofisticatissimo,11
sceriffoo,11
oculatezza,11
usciere,11
tabaccheria,11
vittoriosa,11
legacci,11
mettendone,11
soul,11
funk,11
funo,11
congelatore,11
diaz,11
risino,11
luongo,11
crome,11
petroliere,11
morda,11
alqaeda,11
rauca,11
allentato,11
travalico,11
disinfettante,11
propagandere,11
infrarosso,11
riscatti,11
melandri,11
decapitato,11
proposero,11
progettisto,11
omicidi,11
corrisposta,11
sciamare,11
risposero,11
terrier,11
mussavo,11
decurtato,11
benevole,11
chate,11
pione,11
fortunata,11
moni,11
licata,11
incontinenza,11
pietrogreco,11
beatamente,11
rivelassero,11
felico,11
alunna,11
aumentavare,11
tagliamento,11
guarnigione,11
zaccario,11
ammoderno,11
curativo,11
imponevare,11
ginnare,11
ideologi,11
ecomafie,11
fertilizzare,11
ludwig,11
tempera,11
euripido,11
prosegua,11
comodato,11
finita,11
cadevare,11
franchista,11
caria,11
studiavare,11
ammaccato,11
fatevo,11
visura,11
furbescamente,11
cassaintegrare,11
subentrante,11
casellante,11
franceschine,11
ovule,11
sottozero,11
troviamo,11
ridicolmente,11
pipelina,11
prenda,11
marcherà,11
grafo,11
highway,11
partirere,11
papadopulo,11
ambulatoriale,11
concilianto,11
bagnaria,11
modernizzartico,11
celebro,11
salo,11
ferrato,11
fattorio,11
trasformatasi,11
trova,11
critichare,11
italiani,11
bussano,11
intrallazzo,11
rimanire,11
virno,11
stila,11
ovattare,11
h5n1,11
fantasmatico,11
geraldine,11
inguardabile,11
rufina,11
erudizione,11
pantaloncino,11
diversificira,11
fidandoso,11
ragazzaccio,11
trattasi,11
avvicendamente,11
itar,11
tass,11
company,11
delego,11
ricattato,11
piombato,11
pignolo,11
melenso,11
scomparrere,11
vaiolo,11
fistel,11
cccio,11
gongolano,11
slittano,11
pizzare,11
cedure,11
67mila,11
sparatolare,11
scerò,11
optò,11
diorama,11
punteggiatura,11
contravvenire,11
digo,11
ipermaggioritario,11
rushdio,11
cartonato,11
tagliabue,11
sbatte,11
stevere,11
obamare,11
pongo,11
scolorire,11
alfonsina,11
accozzaglia,11
redenso,11
stracarico,11
mendes,11
evidentissimo,11
lubrico,11
rauco,11
emmental,11
sconfinano,11
straparlare,11
tacire,11
fantomatica,11
ferve,11
stanotta,11
gappista,11
creto,11
finare,11
sinese,11
pistone,11
vigliaccata,11
christoph,11
minimizzo,11
cesello,11
prealpine,11
confortano,11
volonteroso,11
tumulazione,11
pettorale,11
walker,11
montalcare,11
meir,11
cerbone,11
circenso,11
attraversavare,11
innescòre,11
costosissima,11
pianola,11
guglielmoepifano,11
contraere,11
portassero,11
insicura,11
burocrate,11
tartario,11
moscato,11
certezzare,11
assunsero,11
postero,11
amharo,11
bros,11
svenire,11
cospiratore,11
monocoltura,11
civilizzato,11
hennessy,11
danilore,11
varchare,11
sradicato,11
antieroi,11
annerire,11
avvenutere,11
carlotto,11
ribatto,11
coscione,11
1884,11
alco,11
dépliant,11
bresciana,11
domiziano,11
dispregio,11
spilungone,11
xxiio,11
sconsigliabile,11
improvvidamente,11
erbaccia,11
epitaffio,11
accettino,11
giunre,11
presentimento,11
rescindere,11
percepisco,11
sepolgere,11
golese,11
ideinare,11
maurice,11
quintino,11
odino,11
innevare,11
defalcane,11
rottere,11
epsilon,11
chiariscano,11
patarino,11
dorina,11
smantellato,11
alagna,11
brezneviano,11
assista,11
pluriomicida,11
pitagora,11
entusiasticamente,11
riemersa,11
alexa,11
freddissimo,11
vola,11
bicollo,11
incallite,11
beccaria,11
valloriato,11
patatrac,11
peduccio,11
vestizione,11
torero,11
ponderoso,11
incerone,11
minaccare,11
svoltasi,11
azionariare,11
carotaggio,11
acetoso,11
pervaso,11
cingolo,11
sopravviva,11
berry,11
chiccare,11
innocentista,11
fozae,11
tuff,11
tornino,11
incustodito,11
trivolzio,11
dimere,11
ripetire,11
deferenza,11
bravato,11
elegantissimo,11
sfinito,11
insolere,11
isonzo,11
ghirlandino,11
turbinoso,11
ninna,11
amaie,11
tintura,11
collidere,11
sfioravare,11
questto,11
stabiese,11
simultanea,11
bruscare,11
nonio,11
conare,11
ventoe,11
interrotre,11
nattare,11
incendiano,11
saldato,11
baptista,11
classicità,11
legnata,11
nipota,11
funga,11
ayano,11
giramore,11
sfregare,11
mandiamolo,11
mahatma,11
esterino,11
cervere,11
apodi,11
vocina,11
scioperere,11
patinare,11
buonissimo,11
educatrice,11
fronde,11
teine,11
latito,11
malpagato,11
cannello,11
picchi,11
affittere,11
celeberrima,11
trace,11
legislaturare,11
monitora,11
broncare,11
abiuro,11
frontista,11
operativamente,11
pollock,11
apparari,11
praticità,11
clemere,11
svergognare,11
batosfera,11
raffale,11
assurdare,11
opinerà,11
passeere,11
eversionere,11
persepolo,11
isera,11
etimologico,11
geologia,11
consanguineo,11
cadenzare,11
birkenau,11
hunt,11
proconsolo,11
caposcuola,11
stagnone,11
sventato,11
prodotta,11
domizio,11
cresima,11
rioccupare,11
impedirre,11
chinnico,11
bastonato,11
studentesso,11
meningite,11
atino,11
newsom,11
invento,11
sovrapproduzione,11
accolgano,11
grettezza,11
maschista,11
eluda,11
mapo,11
zagnolo,11
riboccare,11
vertiginosio,11
rognoso,11
piagnone,11
deterso,11
pugnalata,11
corciano,11
iole,11
bardellino,11
idear,11
baronia,11
ossere,11
spacere,11
lanere,11
sannito,11
decimazione,11
cerdare,11
aladino,11
coinvolgi,11
predo,11
compagino,11
semere,11
sollevamento,11
prescritta,11
repentinamente,11
zitella,11
dacché,11
pamela,11
delicata,11
pastor,11
arrider,11
talebana,11
usufruiscere,11
conferisco,11
fantastici,11
suole,11
carburanto,11
fomentala,11
danneggiamente,11
eroder,11
candelina,11
pigiamare,11
daremmo,11
tester,11
taverna,11
sforamente,11
rosalina,11
johns,11
perry,11
irragionevolo,11
fuoricorso,11
antonione,11
centroafricano,11
oblò,11
alternatire,11
assumevare,11
spintonare,11
terzultimo,11
gregoriana,11
salt,11
etno,11
ghiottare,11
svelere,11
contage,11
tanfo,11
saldatore,11
gergeo,11
metterle,11
questko,11
nigeriana,11
nubifragi,11
annientato,11
accettassero,11
guarentigia,11
trabante,11
percolo,11
belar,11
contenente,11
temuta,11
frange,11
vasario,11
weltanschauung,11
centromeridionale,11
cadina,11
caare,11
imberbo,11
ariostesco,11
festeggio,11
approfonditamente,11
posizionato,11
univocio,11
cantastorie,11
concretare,11
1882,11
fulminanto,11
primeggia,11
dimorato,11
contribuito,11
pettini,11
egocentrico,11
carroponte,11
giustissimo,11
locanda,11
sabeao,11
interpretabile,11
anire,11
attorcigliare,11
rupia,11
trovavamo,11
giganteggiare,11
siris,11
mandria,11
attagliare,11
spengire,11
canaveral,11
strepitare,11
ottanti,11
ciliegio,11
pleonastico,11
vivrebbe,11
autoritratti,11
anobio,11
gollisto,11
assiduare,11
lavorere,11
corrucciare,11
cembra,11
ricchezzare,11
carver,11
baserò,11
defunse,11
coniugato,11
prendessero,11
ballato,11
riempiare,11
abolare,11
sotterfugio,11
anzia,11
attrattore,11
pasticco,11
bonificato,11
trifoglio,11
predefinire,11
ricevitore,11
riassegnare,11
alammo,11
amnistiare,11
donati,11
caposquadra,11
elisabettiano,11
lussureggiante,11
burke,11
isido,11
burlesco,11
distribuivare,11
reiteratamente,11
tetta,11
jafar,11
marginalizzato,11
forzere,11
unidirezionale,11
desaparecido,11
gianguido,11
licenzioso,11
forcello,11
fantastichino,11
riscaldamente,11
elettività,11
gurro,11
coordinatrice,11
nasare,11
fortunoso,11
mandata,11
alpinismo,11
strepitosa,11
interrogavare,11
erbè,11
chiediamo,11
rihanna,11
cosmologico,11
stradiotto,11
massaie,11
offuscere,11
pregiare,11
energumeno,11
imbellettare,11
irredimibile,11
trentaquattrenna,11
baccalà,11
filetto,11
cotta,11
ocra,11
sposto,11
zucchetto,11
nutrimente,11
riscuovere,11
deresponsabilizzare,11
romafictionfest,11
cleopatrare,11
microrganismo,11
eccio,11
favoritissimo,11
compiutezza,11
amministrativamente,11
brulicante,11
puttaniere,11
sarabanda,11
casermone,11
seminala,11
palinare,11
romanico,11
cocainare,11
tunica,11
parkison,11
insùe,11
mezzano,11
grossisto,11
passe,11
reputano,11
normanni,11
renella,11
lacorto,11
fregandosene,11
rinforzato,11
sincronizzato,11
cineoperatore,11
benedettoxvi,11
pescarare,11
mettendola,11
aizza,11
sospendono,11
allorio,11
probabilistico,11
mutere,11
coglare,11
perentoriamente,11
sventagliata,11
prepariamoce,11
scoprimmo,11
schermata,11
rientrerebbero,11
scoppiarere,11
ottantacinque,11
riproponibile,11
michelaccio,11
foscolo,11
divisore,11
essendoe,11
ligurare,11
contrito,11
attraversòre,11
soffermarme,11
cartongesso,11
torrette,11
disto,11
supportere,11
trentatreenne,11
ritenire,11
scapigliato,11
1894,11
incoraggiamente,11
etcina,11
decenna,11
barrar,11
redo,11
spacciato,11
anticasse,11
irradiala,11
propugnatore,11
euesta,11
distorcono,11
gioisso,11
nardi,11
figurato,11
emigro,11
riscoprono,11
graziella,11
provvidenzao,11
biocombustibile,11
rimbrottare,11
torres,11
demetra,11
barrere,11
pettinatura,11
fedelo,11
confidenzialmente,11
esiste,11
neverland,11
donnaiolo,11
aurorare,11
infanta,11
trasuda,11
nomea,11
otisre,11
suscitato,11
scodellare,11
biffa,11
oratino,11
rivelatasi,11
passionalità,11
innovatrico,11
lucco,11
cornelia,11
autotrazione,11
omerico,11
salutavare,11
minuzia,11
cremeno,11
manere,11
ululare,11
distrugga,11
lucere,11
quaccherismo,11
tardere,11
lazzarino,11
confessore,11
antibes,11
dimmo,11
gusco,11
varere,11
baionetta,11
lavandino,11
disperar,11
rinaldare,11
adisti,11
stacchio,11
versata,11
ardenna,11
riderre,11
altruistico,11
fiondare,11
sapa,11
valsesia,11
jodie,11
bognanco,11
mauriziore,11
depressi,11
giungo,11
20milione,11
cristianamente,11
scioglio,11
bragotto,11
peschiera,11
fidenza,11
ghiso,11
implacabilmente,11
interro,11
riepilogo,11
ricevetti,11
confrontabile,11
pugne,11
sensazionalismo,11
rivediare,11
onora,11
trasportato,11
sbilanciamoe,11
bollace,11
curvo,11
pallettone,11
graffianto,11
incubatole,11
buttere,11
harari,11
bigello,11
incensare,11
ghinda,11
rist,11
videartista,11
frustato,11
parigina,11
brillo,11
pedemontano,11
sandwich,11
onorifico,11
entrerebbero,11
convertibilità,11
moralizzatrice,11
vinceremo,11
tendopole,11
piedino,11
rioffrere,11
gelendere,11
brucana,11
emergire,11
discolpa,11
finoccare,11
ammonterebbero,11
ospedalierio,11
amio,11
partenopea,11
insaccare,11
terriccio,11
bimbetto,11
cosuccia,11
ofelimità,11
acattolico,11
perderanno,11
dietrologie,11
lasceere,11
rubine,11
dondolare,11
2040,11
calenzano,11
carolinare,11
amenpere,11
smorzato,11
annunciata,11
nervosamente,11
intendo,11
calzoncino,11
nuore,11
trascinandolo,11
fallare,11
intendesse,11
fisiologicamente,11
balestrerò,11
trincare,11
electro,11
najat,11
retico,11
amide,11
cartucce,11
miur,11
agriturista,11
rilancia,11
lafontaine,11
abbonaccio,11
oscena,11
cantario,11
snellare,11
incattivire,11
accomodamento,11
espander,11
adular,11
ampere,11
flussi,11
bogo,11
labonte,11
investe,11
pilar,11
felicito,11
satano,11
giallie,11
georg,11
trivellare,11
chinato,11
massimodemarzio,11
arenile,11
lastampa,11
umilio,11
sgobbare,11
donne,11
assurire,11
lucrativo,11
intervenisgere,11
andassero,11
talare,11
attire,11
imposgere,11
suppongo,11
reazionare,11
tommy,11
mclean,11
angelacamuso,11
gennara,11
casimiro,11
spinarello,11
reichstag,11
presumo,11
alacela,11
ouagadougou,11
palinuro,11
accanitamente,11
risponderebbero,11
maggiorenna,11
supereroe,11
brooks,11
adiposo,11
maltrattante,11
fingendoso,11
partendone,11
pelino,11
particolarissima,11
golpo,11
cauterizzazione,11
mongolfiera,11
weezer,11
produttrico,11
aleso,11
psicoterapeuto,11
ammaccace,11
fornisso,11
mariolino,11
ausiliare,11
lupus,11
invi,11
compresse,11
genomico,11
includa,11
stanziamente,11
strutturo,11
digerita,11
carcinoma,11
lucidissimo,11
slitto,11
spietatezza,11
negligente,11
disobbedienti,11
internamento,11
scafato,11
buster,11
ginnasio,11
pignorare,11
patteggia,11
patronale,11
affila,11
diluìre,11
flange,11
panzana,11
segantini,11
semicerchio,11
mousse,11
fornare,11
paranormale,11
magniloquente,11
repertare,11
sgomengere,11
grandiosità,11
diacone,11
stramba,11
idvi,11
scritturare,11
milza,11
centocinquantamila,11
resetto,11
ultrào,11
aggressiva,11
annessionismo,11
piacciono,11
condivide,11
siamese,11
prendiamoci,11
prestandomo,11
symantec,11
inferriare,11
laissez,11
tropeo,11
credevare,11
corporeità,11
ordalia,11
aberri,11
pence,11
cannoneggiare,11
epilessia,11
fabbricante,11
impiegata,11
oropa,11
deportato,11
caspire,11
dequalificazione,11
capofilo,11
cenni,11
udrai,11
280mila,11
censis,11
fegatello,11
olaf,11
verono,11
vitae,11
meridiare,11
avanzere,11
minestrone,11
intervistira,11
chioggia,11
narteci,11
cestello,11
guaritore,11
usurpatore,11
hayao,11
necroso,11
statutare,11
componibile,11
finalizzato,11
eddia,11
stampaco,11
corderia,11
riservere,11
interpretire,11
gadgetre,11
civetteria,11
sordare,11
artere,11
avvilito,11
simultaneità,11
menestrello,11
armano,11
proso,11
trasmetto,11
sgravi,11
manichea,11
calicetto,11
cpuo,11
repubblicagiorgionapolitare,11
avverbio,11
appagamento,11
sapri,11
scabbia,11
lanzio,11
gregoriano,11
svestire,11
sparere,11
prezzolare,11
songwriter,11
bisbigliare,11
intima,11
svaligiare,11
risparmierebbero,11
onoranza,11
accolsero,11
valvassore,11
disadattato,11
rimparre,11
ingelosire,11
riconoscimente,11
limitante,11
rumoreggiare,11
repubblico,11
elettrizzante,11
ristabilere,11
copricapo,11
rimarrà,11
girino,11
masnaga,11
fideistico,11
peculare,11
perderere,11
detergi,11
rothschild,11
psicoterapeuta,11
arcadia,11
rilascere,11
personare,11
acli,11
conce,11
riccare,11
lari,11
degage,11
fabulazione,11
bignamo,11
terio,11
giudea,11
tabellare,11
scheggiare,11
scremare,11
faleria,11
simorre,11
recensore,11
consentendogli,11
ristabilimento,11
offe,11
centrosinistro,11
risatina,11
fanere,11
trainer,11
trasforma,11
inattuale,11
genialmente,11
riparte,11
wilma,11
peninsulario,11
odontoiatro,11
quant,11
copiato,11
acce,11
ellroy,11
abdussa,11
intelvi,11
rumene,11
messer,11
rampino,11
canzonassimo,11
long,11
tavere,11
36enne,11
riassuntivo,11
agari,11
cambiar,11
conca,11
falegnameria,11
fremere,11
mostre,11
spopolo,11
entente,11
berg,11
pagliolo,11
speronare,11
ravalomanano,11
congiuntivo,11
espando,11
indelebilmente,11
indaco,11
profudere,11
genealogico,11
cantavo,11
invasato,11
magrissimo,11
disabituare,11
daciare,11
norah,11
granducato,11
fisioterapista,11
agliè,11
massacratore,11
ereditaro,11
piovevare,11
andarleci,11
mccartneyo,11
mentono,11
campanilismo,11
finardo,11
pedalata,11
tillon,11
binato,11
tommasa,11
assimilato,11
avizzano,11
frocio,11
37enne,11
anabolizzante,11
vitaliano,11
montecco,11
meinardo,11
figurone,11
bertino,11
lamo,11
annulla,11
disturbatore,11
arciere,11
fisioterapia,11
cronenberg,11
atrofia,11
associazionere,11
maccarelli,11
aiutere,11
manon,11
spruzzata,11
penultima,11
vergognosa,11
pescante,11
220mila,11
diane,11
riferivo,11
tene,11
alessandrare,11
scanna,11
ottusamente,11
andesito,11
golfi,11
gretole,11
stabilivo,11
reare,11
solitare,11
amorosa,11
morbidezza,11
grassello,11
controsoffitto,11
subordinata,11
neurochirurgia,11
seymour,11
affamo,11
tirocinante,11
frutteto,11
45enne,11
casaletto,11
persista,11
enogastronomiare,11
provvedare,11
fradicio,11
viottolo,11
pali,11
alcesta,11
elenio,11
ottennero,11
conterrebbe,11
lambretta,11
cobalto,11
marcial,11
rimaneggiare,11
sorpresina,11
1815,11
metallista,11
lautamente,11
individualizzare,11
autovalutazione,11
infondatezza,11
ritrasmettere,11
snella,11
autonome,11
vaporetto,11
5500,11
immigratorio,11
narcao,11
benny,11
riassumare,11
pareggia,11
aleandro,11
fumettistico,11
fanciullino,11
mozzarellare,11
berlinare,11
trasferitoso,11
odorine,11
ardentemente,11
guardavamo,11
esaere,11
trascrittere,11
antimeridiano,11
carugare,11
mistificare,11
delegittima,11
nazionalisti,11
larvato,11
vicendevolmente,11
borico,11
milieu,11
legazione,11
governò,11
malfamato,11
trombetto,11
attale,11
deostruire,11
sterilizzato,11
fraternamente,11
barbetta,11
8marzo,11
rinunziare,11
rainerio,11
parese,11
inevase,11
disattivazione,11
celero,11
gigantesca,11
parlotto,11
dahl,11
claro,11
danone,11
rembrandt,11
accasa,11
macinato,11
turandot,11
schiavistico,11
languore,11
monca,11
verrès,11
spergiurare,11
fogliare,11
raccontere,11
affidarglio,11
trachea,11
ibernare,11
interdire,11
protettorato,11
udrà,11
intraprese,11
sabbioso,11
compartimente,11
concentrarmo,11
armadietto,11
coordinamente,11
pacherò,11
prenditore,11
roach,11
certifica,11
sorprendare,11
furiosamente,11
borsalino,11
peninsulare,11
garcia,11
creativamente,11
ubuntu,11
datala,11
galletti,11
latticino,11
costruttivamente,11
compere,11
sequenziamento,11
ipse,11
piraterio,11
versavare,11
prorettore,11
dettoci,11
deflagra,11
filotto,11
salmond,11
degregorio,11
topografia,11
bavoso,11
interisto,11
crowe,11
sincronico,11
sabbath,11
bisio,11
avellano,11
applausometro,11
perenere,11
sgretola,11
vestfalia,11
preferita,11
nealà,11
accorre,11
diocese,11
spararglio,11
sabaudere,11
collabore,11
svila,11
orsini,11
adunanza,11
trasformo,11
incursore,11
protettire,11
125mila,11
vitella,11
spigliato,11
ostentatamente,11
bibliografico,11
crittografia,11
pirla,11
riscossi,11
prelibatezza,11
affine,11
cappellaio,11
facchinatato,11
2666,11
tourbillon,11
polifunzionale,11
radancio,11
parcellizzare,11
voltano,11
barbe,11
camerona,11
linoso,11
crescenzo,11
daiare,11
borbona,11
infrequente,11
militalo,11
betterhelp,11
cibernetica,11
iggsvere,11
adescante,11
rozza,11
realizzatore,11
decriptare,11
vinca,11
biogas,11
riassunre,11
integrandolo,11
consigliero,11
vuvuzelas,11
protratto,11
dimenticabile,11
centrocampisto,11
parsifal,11
elogiativo,11
difficilo,11
smettiamolo,11
filtra,11
gemellino,11
risire,11
albinoleffo,11
asettica,11
intitolato,11
annagraziare,11
selleck,11
gabella,11
situato,11
sostituari,11
gloriosa,11
unisco,11
incongruità,11
guarguaglini,11
canuto,11
scocciare,11
cinecittà,11
strutturalista,11
bennett,11
arricciolo,11
funivia,11
resare,11
broncio,11
knightley,11
venerando,11
massimalisto,11
aggiudicatario,11
captazione,11
brigitta,11
addetta,11
adottere,11
unzione,11
appariva,11
grisù,11
poppar,11
fittiziamente,11
rassodo,11
derivino,11
targhetta,11
burre,11
indispensabilità,11
portualità,11
angre,11
ribaldo,11
formuletta,11
simulatore,11
amicarello,11
robespierre,11
polverinare,11
zheng,11
vorremo,11
conosciamo,11
monovolume,11
sorreggono,11
frappongere,11
folclorista,11
casematta,11
psicotrope,11
ofelia,11
madiare,11
esporrebbe,11
dentario,11
marlon,11
parapiglia,11
patrica,11
venturello,11
bindo,11
binar,11
presuntivo,11
adalgiso,11
partigiere,11
picchiavare,11
usaid,11
deterre,11
gimignano,11
ferme,11
solleone,11
tolomeo,11
transazionale,11
rollino,11
deformabilità,11
pontificie,11
sopracitato,11
usufruito,11
unificamele,11
ildare,11
bibbiano,11
nascondano,11
automazione,11
escissione,11
portman,11
marica,11
carruba,11
gioiare,11
bodone,11
dipolo,11
premunire,11
avviamente,11
lenna,11
caafre,11
inesatta,11
riconquistato,11
strider,11
sottosistema,11
mitologio,11
zito,11
comunicatine,11
composita,11
elvirare,11
richiedano,11
susannacamusso,11
distinse,11
ripristinato,11
comportela,11
feticismo,11
difronte,11
term,11
insuccessi,11
dipendano,11
tifi,11
artur,11
arricciare,11
novolo,11
assillante,11
seder,11
allettante,11
esigo,11
griglio,11
calcisticamente,11
piccoletto,11
tirannide,11
irriducibilità,11
envia,11
selettivamente,11
sessantacinque,11
dialogico,11
moncherini,11
binarie,11
protestino,11
riconfigurazione,11
insistevare,11
ammettiamolo,11
preferirono,11
autoriale,11
raffiguro,11
votarono,11
berretta,11
ottave,11
peculiario,11
risposato,11
empiricamente,11
paludere,11
tipizzazione,11
programmabile,11
snobbar,11
coperture,11
campanilistico,11
fedain,11
deterministico,11
grotto,11
fincantiere,11
quadruplicato,11
correse,11
bertuccia,11
tagliavento,11
dedure,11
incallì,11
tettonico,11
aboliscere,11
proverbo,11
cassiera,11
irriformabile,11
laverao,11
aggiogherò,11
accusarono,11
nethanyahu,11
carambolare,11
effettuale,11
mitterrand,11
liberistere,11
blusotto,11
brioco,11
interconnesse,11
coorte,11
salatite,11
mignottocrazia,11
moneyball,11
maggioritare,11
millanteria,11
decidente,11
ctsassociazione,11
rimarcira,11
togliattare,11
scadenzario,11
rivendita,11
aberrato,11
cardiologia,11
canado,11
balzaglio,11
yoshihiko,11
cundaro,11
ridiscusso,11
sperabilmente,11
accidere,11
equitativo,11
moltiplicativo,11
introducare,11
whirpool,11
salmona,11
oligopole,11
restituere,11
thorning,11
esale,11
pulitura,11
alexandre,11
ilarye,11
treppiede,11
insalata,11
alchemicare,11
zucchini,11
eludibile,11
passos,11
indeuropeisto,11
potentemente,11
risano,11
jolandabufalino,11
cicaleccio,11
estrela,11
dissone,11
paletti,11
guadare,11
mongiello,11
ebert,11
common,11
colchoneros,11
mammole,11
spiccia,11
monocameralismo,11
girello,11
beneficerebbero,11
gutto,11
eurosur,11
praticantato,11
scadetto,11
donbass,11
correlatore,11
squinzie,11
montezemoliane,11
isdn,11
rommele,11
cacciala,11
moscovice,11
ndtv,11
instagram,11
unitala,11
reggi,11
laletterare,11
grillare,11
marcolombardo,11
burrine,11
alfiano,11
rideterminare,11
vismarare,11
ematino,11
nurago,11
vimercata,11
matteino,11
washingtonpost,11
ilnodo,11
mistral,11
wife,11
iostoconlunitare,11
taccola,11
anzidetto,11
copparo,11
yatsenyuk,11
valentano,11
ravae,11
prostituivo,11
bramatoso,11
occuperà,10
lappe,10
anni,10
evoluzionistico,10
1853,10
icapp,10
astrologico,10
languo,10
distrusse,10
racina,10
blare,10
anito,10
opinala,10
avidamente,10
camaleontico,10
settecencere,10
insedia,10
izba,10
ugando,10
ginnico,10
tamponamento,10
ambiguamente,10
accedire,10
provvidenzialmente,10
perditempo,10
tralascare,10
coltissimo,10
abarth,10
coboldo,10
mangiatoia,10
amama,10
baso,10
cusago,10
utilizzabilità,10
lumen,10
godettare,10
turbolente,10
brembillo,10
beata,10
bionaz,10
eglino,10
renitente,10
clusone,10
rettitudine,10
smentitare,10
incintare,10
cautelatire,10
sammarinese,10
virginiare,10
spirit,10
corrisponderebbe,10
carbonaro,10
alcaro,10
pese,10
lewinsky,10
like,10
ruttare,10
ruppero,10
bild,10
onesre,10
gemelline,10
aloisio,10
svettano,10
cristianapulcinellare,10
congedere,10
pratolino,10
trovi,10
educatamente,10
carello,10
premetto,10
cairano,10
eamnessere,10
cavò,10
quattrine,10
amarena,10
lincolnshire,10
decrere,10
estesa,10
congeda,10
1867,10
gibuto,10
matilda,10
azzerano,10
naturare,10
ferrar,10
netscape,10
opporremo,10
abbas,10
carnagione,10
ingolfamento,10
dana,10
curricolare,10
grandicello,10
puntire,10
trasimeno,10
toccanto,10
legifera,10
fiatone,10
best,10
nocco,10
teneteve,10
inmediooriente,10
trizio,10
acquisiscare,10
confederalità,10
facchinaggio,10
staccata,10
superbia,10
rimembranza,10
oreada,10
scoprono,10
fiammifere,10
faccina,10
duran,10
festosamente,10
supplico,10
cogne,10
barocchetto,10
tannamene,10
biopsia,10
razzismio,10
appartenare,10
arrampicato,10
sottrarrebbe,10
intendessero,10
figliola,10
colmabile,10
bettoline,10
anconetano,10
balera,10
poveretta,10
presepio,10
colorre,10
sperimenta,10
perdine,10
cinquantennale,10
altrettantare,10
filmai,10
aderare,10
parks,10
callaghan,10
masto,10
avire,10
dailye,10
battibeccare,10
tentone,10
temeraria,10
pennoncelli,10
diomira,10
sarare,10
urbanirre,10
accusano,10
amplo,10
svenimente,10
haasre,10
pletorico,10
parse,10
gironzolare,10
sottolineo,10
chiederere,10
rispettosamente,10
sostentare,10
mariste,10
gasare,10
felicitare,10
spulama,10
rinalda,10
reminiscenza,10
frottole,10
raccolsire,10
commediografo,10
dedicata,10
riservata,10
deletero,10
schiene,10
ludoteca,10
sveziare,10
maierà,10
spettinare,10
secchione,10
schizza,10
reuccio,10
alessare,10
vissugere,10
insedio,10
proporrà,10
figlioccio,10
pennacchio,10
aspiro,10
ignaziare,10
baloccare,10
calzaturiero,10
stako,10
trumanre,10
adulterare,10
isidoro,10
zucco,10
bentley,10
sylvia,10
putrido,10
diedo,10
trascinato,10
luzhkov,10
ricostruisce,10
carrelli,10
eminem,10
trascorsa,10
genuflesso,10
52mila,10
produrere,10
consegni,10
mckinsey,10
puntigliosità,10
stingere,10
sperando,10
abbrutire,10
ardare,10
directory,10
compaio,10
cobas,10
trafelato,10
sapesserare,10
39enne,10
vessatore,10
urei,10
giocoforza,10
bellissime,10
imbiancato,10
punterebbero,10
piuro,10
lucrezio,10
dormare,10
aiutavare,10
summers,10
decentralizzazione,10
garantirre,10
baldassarra,10
metamorfico,10
eclisso,10
saudade,10
armeni,10
seminarile,10
volato,10
track,10
bruttissimo,10
sarcasticamento,10
gechare,10
pfizer,10
avvolgore,10
virgolare,10
indaffarare,10
bersela,10
carmo,10
pazienzare,10
ucrio,10
garza,10
travertino,10
guarnire,10
verbano,10
odiatissimo,10
inde,10
militaresco,10
negherebbe,10
pietroo,10
ruffia,10
tomi,10
avvertita,10
paracadutare,10
rachidare,10
sicurare,10
punzecchiatura,10
manigoldo,10
dirigire,10
religionere,10
nutritivo,10
gemo,10
olire,10
srie,10
immacolare,10
commons,10
aspetti,10
astrattismo,10
incomprendere,10
stefan,10
ribellarere,10
diffama,10
monocultura,10
baggiani,10
acata,10
cavallaro,10
smettano,10
asperger,10
tartaro,10
malintenzionato,10
duchamp,10
arabiare,10
tetralogia,10
vent,10
diagramma,10
chievire,10
sfizioso,10
charlottere,10
soriano,10
vergognere,10
piercamillo,10
etiopico,10
undicenne,10
inorridito,10
reprimo,10
borsare,10
vandea,10
superquark,10
spiritico,10
terminologico,10
patentino,10
poverino,10
dicerio,10
disintossicazione,10
puntualizzo,10
mistice,10
lezioso,10
canea,10
introducevare,10
partila,10
infinitesimale,10
mircea,10
rozzamente,10
fredda,10
invincibilità,10
-'94,10
amoralità,10
vasta,10
malfermo,10
bipede,10
gambere,10
omene,10
olimpionica,10
contemperar,10
contestualità,10
societaria,10
perlo,10
owen,10
integre,10
impazzimento,10
prestante,10
risalgere,10
ezra,10
pound,10
uguccione,10
ginno,10
munì,10
ristrettissimo,10
firmeranno,10
scandalizzato,10
lucerna,10
cicca,10
enelre,10
benfatto,10
replicanto,10
azov,10
tazzina,10
procedio,10
naftalina,10
giudo,10
faedis,10
sudafricana,10
erodiare,10
icere,10
pagliarella,10
diseconomia,10
sbarcò,10
lancillotto,10
qcesto,10
furbesco,10
chiome,10
mando,10
principino,10
850mila,10
dubitere,10
nanna,10
bloom,10
comparabilità,10
branzini,10
statiunito,10
analgesico,10
smentì,10
43enne,10
68mila,10
logorroico,10
rifuggio,10
plare,10
televisiva,10
fetazione,10
1875,10
frusto,10
cadare,10
geniacci,10
fedifrago,10
nefandezzo,10
proletaria,10
pupe,10
osiamo,10
alcova,10
qualificabile,10
produttire,10
birba,10
filippare,10
azzuffare,10
sorellastra,10
chiamiamole,10
francasso,10
mancata,10
banchini,10
togliendolo,10
meccanismare,10
colante,10
cantùre,10
stradone,10
inzuppare,10
rallyre,10
fagiolino,10
congiurare,10
alletta,10
flamini,10
sorgevare,10
pascoliano,10
emir,10
ecowas,10
actina,10
stravolta,10
stridulo,10
vestitino,10
internazionalista,10
soddisfacere,10
denuncino,10
attrattare,10
svendite,10
pender,10
albonese,10
sindromo,10
alitalio,10
sedicenere,10
pluriaggravare,10
10milione,10
tartaglio,10
centroamericano,10
veruno,10
goriziano,10
intestatale,10
protratre,10
cinquant,10
sterno,10
divenivo,10
mantengare,10
carcare,10
navato,10
intercalare,10
biellese,10
tippie,10
uscirare,10
grigli,10
scanure,10
macchiaiolo,10
delare,10
1880,10
torna,10
usticare,10
incattivito,10
amerere,10
indossato,10
scrittrice,10
caprire,10
gondola,10
calirre,10
retroilluminazione,10
schalke,10
cortale,10
sofiare,10
sedizioso,10
cialtrona,10
serpeggiante,10
glasnost,10
avvicina,10
espiantare,10
reperte,10
incisi,10
divertare,10
frea,10
sviluppatase,10
originato,10
tremante,10
annia,10
chelone,10
assidere,10
magreglio,10
disadorno,10
aggrada,10
spermatozoi,10
palazzino,10
ripresero,10
mascherano,10
coabitare,10
casomarrazzo,10
luzzana,10
ammantino,10
cadi,10
vedder,10
sregolatezza,10
canottiere,10
marmi,10
metterebberare,10
pronipote,10
immessi,10
linneo,10
missa,10
armeggiare,10
disumane,10
giocoliero,10
presidentenapolitano,10
apprendo,10
irrevocabilità,10
inopportunare,10
avvi,10
dani,10
fighters,10
busillis,10
giura,10
contrariato,10
spiaggiato,10
fusto,10
pressappochismo,10
magnanimo,10
guineano,10
climatologo,10
neoliberisto,10
lappino,10
algia,10
ecoe,10
mediocri,10
masochistico,10
solidificare,10
keepass,10
gridere,10
abboccamento,10
bienna,10
portafogli,10
pieromarrazzo,10
copio,10
inquisitorio,10
varrà,10
sestaro,10
gianlorenzo,10
proporrare,10
disperdare,10
dormiere,10
vitantonio,10
ricordandone,10
museruola,10
requisitorio,10
scoperte,10
antropomorfo,10
maratoneta,10
formulo,10
maneggevole,10
dottoressare,10
praia,10
consimile,10
epoco,10
benvolere,10
internamente,10
amosre,10
barrare,10
capitoletto,10
praghese,10
consunte,10
strasciche,10
realmadrid,10
scatenere,10
incustodire,10
smontaggio,10
sbaglia,10
ratifichere,10
vignetto,10
41mila,10
descrivare,10
tenete,10
andrai,10
ascolare,10
pamelare,10
demarco,10
1835,10
sorpassa,10
succulente,10
cameragianfranco,10
bonomia,10
roccaraso,10
italiafutura,10
driva,10
opprime,10
indifendere,10
feroe,10
riforme,10
punteere,10
procurandogli,10
4x100,10
dimenticira,10
randagismo,10
muratame,10
deceduti,10
ethan,10
simbiosi,10
instradare,10
polinago,10
protestantesimo,10
statisticare,10
flexicurity,10
ricoperte,10
uila,10
doppiettere,10
vorreste,10
casina,10
cornelio,10
illustratrice,10
filosofale,10
miere,10
disqus,10
disorganico,10
canterello,10
calmere,10
calderonare,10
uresta,10
chigi,10
nascorre,10
divertitemene,10
sibile,10
pasquare,10
agostiniano,10
preveggenza,10
ostacolato,10
unendoso,10
pensar,10
lumiera,10
moby,10
nerbo,10
inzago,10
tecnologa,10
unilateralità,10
razzistico,10
gleba,10
novantamila,10
affiora,10
sottotenente,10
pubblicano,10
gavetto,10
propare,10
incassere,10
cocciuto,10
acco,10
detestabile,10
uniformemente,10
teramano,10
valtellinese,10
barzana,10
portarglio,10
savinare,10
damiare,10
definiva,10
diatribia,10
congressista,10
aeroplanino,10
soprannumero,10
fenicie,10
minacciandolo,10
decuplicare,10
willem,10
magnani,10
aromae,10
wilder,10
sibilo,10
adescamento,10
straripamento,10
cleopatro,10
geovisto,10
totalitare,10
isolante,10
acronico,10
sudafricare,10
lapidaria,10
indemania,10
vituperare,10
gliare,10
dorre,10
sennonché,10
dabbenaggine,10
ometere,10
malioso,10
aspare,10
inquadro,10
disorganizzato,10
condizionamenti,10
sconfortare,10
fabriziare,10
labirintico,10
capitana,10
amaglio,10
falerno,10
sidro,10
antirecessivo,10
allunaggio,10
leibniz,10
marpione,10
mostruosamente,10
sfregiato,10
proibitare,10
esacerbato,10
giuramente,10
anico,10
riverire,10
pollastro,10
mcnamara,10
xinhua,10
ibride,10
flussio,10
sagama,10
sardina,10
minacciò,10
equatoriale,10
austriaca,10
maestrina,10
1878,10
saliscendo,10
gorge,10
arealo,10
differenziano,10
passeggiavare,10
poteto,10
bimembrio,10
covino,10
albarn,10
impavido,10
telecomandare,10
olivere,10
brage,10
civilmenta,10
elaboratore,10
felpare,10
carogna,10
disabilitare,10
cinematograficamente,10
comporta,10
asana,10
sperimento,10
osata,10
incaglio,10
dispregiativo,10
adrenalinare,10
impalare,10
contingentato,10
chilowattora,10
iperrealismo,10
collaborato,10
biparti,10
darò,10
pitone,10
smilitarizzare,10
bafana,10
liberetà,10
marley,10
cambierebbero,10
saio,10
giuseppina,10
abrasa,10
considerino,10
leggevamo,10
ineluttabilmente,10
minima,10
respiratore,10
azzare,10
astema,10
asteroidio,10
waze,10
reingresso,10
trotzkista,10
politkovskayo,10
macco,10
giovearno,10
modelline,10
lanciamissile,10
liquefatto,10
purulento,10
cinidere,10
pronipoto,10
alaggio,10
ganghere,10
postconciliare,10
vitte,10
balzana,10
banchettare,10
sveltire,10
impregnato,10
psichiatrio,10
riducire,10
incubi,10
1874,10
sobriamente,10
baudrillard,10
tregue,10
preoccupandoso,10
scattato,10
autobombe,10
quai,10
mafie,10
aerar,10
affermo,10
ricino,10
apposire,10
mutismo,10
avellare,10
festiva,10
storie,10
qualificanti,10
slabbrare,10
oralità,10
ringalluzzire,10
scordiamoci,10
rivenduto,10
dealla,10
turturro,10
sottraendoso,10
amartene,10
spigare,10
samp,10
troppa,10
conceria,10
dintornio,10
sedimento,10
ridacchiare,10
andreina,10
giaculatoria,10
presulo,10
dimena,10
marico,10
mendelssohn,10
mandarono,10
pareccare,10
abilita,10
buzzo,10
slegato,10
eugenetica,10
nidiata,10
ciome,10
mostaccio,10
emmamarcegaglio,10
troviare,10
svastico,10
shazam,10
vobbiare,10
gargiulo,10
lorina,10
cucci,10
assopito,10
garetto,10
siderurgiare,10
biondissimo,10
ammansire,10
dispiegato,10
ricontare,10
pennia,10
disturbano,10
sacerdotessa,10
padovana,10
sentirce,10
apertasi,10
remunerato,10
predappio,10
sciolti,10
tifoserio,10
podologi,10
polarizzato,10
compartecipare,10
induno,10
ipocrire,10
leviatano,10
antifemminista,10
abnegare,10
alitai,10
brindello,10
esagero,10
accarezza,10
benderò,10
modale,10
roto,10
salaco,10
ceno,10
metaforica,10
slitta,10
sanmartino,10
galanteria,10
banditesco,10
ecologismo,10
premia,10
gassa,10
ceriare,10
connote,10
introspettivo,10
pelvico,10
adore,10
balneazione,10
lippa,10
evapora,10
fenicottero,10
turbante,10
identica,10
marin,10
rumorista,10
solvente,10
incrociatore,10
vertecchio,10
soporifero,10
mercanteggiare,10
sportività,10
baluffo,10
vacanziero,10
figuravare,10
incarcerazione,10
ansietà,10
ermeticamente,10
convergire,10
pendare,10
pigmento,10
clitoride,10
votarre,10
smercio,10
annerito,10
musco,10
magnetica,10
propagandato,10
condividendone,10
inestricabilmente,10
vane,10
bruscolino,10
formatore,10
elevere,10
allieve,10
schermato,10
packard,10
pezzetti,10
ghirigore,10
esercitato,10
sindacalirre,10
arbitraggio,10
luno,10
ablefario,10
dardanello,10
categorio,10
guglia,10
nuvolone,10
frammentarietà,10
tarantini,10
demano,10
epidemiologia,10
saleh,10
costruivo,10
tuba,10
strafalcione,10
ventottenne,10
rissosità,10
mediateca,10
liberace,10
adibir,10
cromosomico,10
valevare,10
cuno,10
riare,10
incorre,10
comacinare,10
usino,10
scateno,10
rote,10
occupiamoci,10
breviario,10
afferra,10
quattrocchi,10
calvarese,10
giudicandola,10
saltamartinare,10
migliaccio,10
airesre,10
spaziotemporale,10
dondere,10
vertigina,10
vortico,10
lavorassero,10
ovocito,10
intenzionalità,10
disubbidienza,10
affittuario,10
desdemono,10
disegnere,10
okapi,10
maxxi,10
gerolamo,10
thelonious,10
intenerire,10
saponaro,10
fragrante,10
cincischiare,10
serenoopoconuvoloso,10
trasecolare,10
indifesa,10
divertere,10
illich,10
calerà,10
istare,10
odontoiatrico,10
benevolente,10
eccentricità,10
scintillio,10
giaciglio,10
arrocco,10
averare,10
landau,10
ardenere,10
sospette,10
uscivano,10
papiro,10
improcedibilità,10
oyace,10
ballarciso,10
pres,10
consentere,10
opinionisto,10
twillre,10
cestino,10
rosamaria,10
accompagnavare,10
attende,10
domattino,10
jesolo,10
arcene,10
segretissimo,10
ululato,10
combinatorio,10
incompiuta,10
coincida,10
esprime,10
sbaglare,10
conferito,10
dave,10
emanuelo,10
colonico,10
premette,10
ristreggere,10
commercialmente,10
nana,10
profferita,10
esaurisce,10
imbeve,10
bulbo,10
oculario,10
alberato,10
frisonare,10
scrutine,10
giuliettare,10
riunivare,10
tiramolla,10
correvare,10
cavalla,10
sfizio,10
technology,10
ognissanti,10
pubblichino,10
nottato,10
uritani,10
preparino,10
fiale,10
umanitaria,10
calder,10
giallorottere,10
predella,10
sotterfuge,10
stupare,10
riducibie,10
gonnare,10
recisamente,10
dorma,10
logorato,10
brune,10
diretre,10
francolettere,10
clark,10
calimero,10
avventurismo,10
capireto,10
urbanizzare,10
disastrosi,10
pellegrina,10
cardiopatico,10
nominata,10
malvezzo,10
quesire,10
piagnucolare,10
probanto,10
bankitalia,10
public,10
sghignazzare,10
scopasi,10
taglino,10
onerosità,10
treccia,10
benchmark,10
agganciato,10
predoi,10
ondato,10
tornassere,10
scrivevamo,10
paraocco,10
girardare,10
ausiello,10
mediterranea,10
riservo,10
dimostra,10
valutato,10
notting,10
stringer,10
ammaestrare,10
indicandolo,10
lucetto,10
zhang,10
soddisfo,10
univare,10
carrozziere,10
compunto,10
gertrude,10
moraiolo,10
desinare,10
ellen,10
indisciplina,10
valchiria,10
poca,10
sottodimensionato,10
esperio,10
alleano,10
basano,10
propugnato,10
makhmudov,10
bottai,10
tanga,10
sonnifero,10
abbraccare,10
confidere,10
ignudo,10
mollemente,10
condolere,10
tragicommedia,10
avvenivano,10
abbondio,10
apprestere,10
anarchica,10
gentaglia,10
dilegua,10
colpivare,10
cavatore,10
lave,10
costringano,10
giannare,10
inattualità,10
turingia,10
ovra,10
capiredattore,10
sfogano,10
indicò,10
cattiverio,10
microelettronica,10
gamberetto,10
potatura,10
anticancro,10
buonasera,10
svolazzo,10
ardimento,10
piastra,10
braccia,10
laido,10
intestardire,10
esotica,10
isotope,10
emuli,10
avvertitare,10
overbooking,10
minibus,10
condrina,10
villetto,10
giudica,10
emanòre,10
resteere,10
sharing,10
fandonia,10
cimele,10
francore,10
unano,10
perivo,10
chions,10
spara,10
parliamoci,10
medola,10
letterine,10
disinfestazione,10
isinbayere,10
consob,10
divulgatore,10
agatha,10
interiora,10
cinguettare,10
prestine,10
ridicole,10
inano,10
domiziana,10
trasferitasi,10
vischiosità,10
sdegnosamente,10
emancipato,10
claore,10
sentinello,10
palpito,10
lumino,10
famma,10
salirono,10
medesima,10
porchetta,10
understatement,10
amarcela,10
nordafricani,10
straniera,10
stregonerio,10
ricomparrere,10
altr,10
dimostrarono,10
italice,10
pregustare,10
traggono,10
auspichiare,10
capoufficio,10
adisto,10
marche,10
anticorpe,10
pizzica,10
chiodato,10
elmette,10
discordare,10
diventeranno,10
aristofana,10
farebberare,10
temprare,10
esclamazione,10
abitabilità,10
prosodia,10
paleontologo,10
faule,10
indegni,10
papamobile,10
arsura,10
magento,10
rampolla,10
lamenta,10
persuasore,10
provvedi,10
arrido,10
minervare,10
polaro,10
richiamavare,10
combattentistico,10
terreo,10
panettiere,10
poggi,10
guglielminare,10
ciondolare,10
service,10
illasi,10
laose,10
razak,10
serbala,10
ossario,10
psicoanaliso,10
photoshop,10
favolosa,10
mariliso,10
interpellate,10
porano,10
mutuatario,10
incongrue,10
gabellino,10
settant',10
inghiottito,10
ateno,10
censimente,10
bombone,10
formalina,10
imbottigliare,10
provvido,10
magazziniere,10
polinesia,10
calmante,10
mestro,10
sagre,10
ventenna,10
vocalmente,10
controreplicare,10
oboe,10
bugiarda,10
visionaria,10
determinarere,10
lottavare,10
levigare,10
volga,10
regalere,10
spazzolare,10
spezie,10
organicare,10
rottamato,10
intruppare,10
comparvero,10
sbizzarrire,10
ospedalizzazione,10
esisterebbero,10
convulsa,10
archibugi,10
novare,10
peggiorere,10
ricavabile,10
mitraglietta,10
concerne,10
ripiego,10
esem,10
archeologa,10
orbare,10
maciel,10
succinto,10
perspicace,10
inorgoglire,10
giubbettino,10
incomprimibile,10
catanzarere,10
hurt,10
ricacci,10
mediagroup,10
interpreto,10
labiale,10
arante,10
lateranenso,10
maionese,10
incolume,10
coccia,10
petinare,10
picconato,10
brode,10
rahm,10
tarricone,10
oggigiorno,10
alberica,10
degenera,10
1820,10
scogla,10
impuntatura,10
materialistico,10
infortunistico,10
graziosamente,10
esulo,10
voyeuristico,10
onnipotento,10
nation,10
cubetto,10
coralmente,10
dircelo,10
inguaio,10
belva,10
eternata,10
barelo,10
improntato,10
sancirere,10
quadruplo,10
prevalsa,10
comatoso,10
padronato,10
perdetto,10
qualcos,10
libereere,10
accetterebbe,10
packagist,10
allibro,10
modern,10
esistenzialismo,10
cuccare,10
plurimi,10
albertare,10
incancrenito,10
esiger,10
isatinare,10
pelagio,10
20enne,10
riflettevare,10
chiamiamola,10
aiutira,10
cipria,10
stills,10
dormita,10
marcegaglia,10
bachelete,10
sopravvalutazione,10
citar,10
sonnare,10
boscaglia,10
peccioli,10
ottantesimo,10
neuroscienziato,10
cinte,10
castoro,10
incappo,10
voltagabbana,10
prodo,10
leonere,10
spiegelman,10
mesa,10
cannoniere,10
pedagogo,10
bidimensionale,10
euclideo,10
cineclub,10
inaccessibilo,10
falciace,10
abortito,10
pisciare,10
tepore,10
fuggito,10
partenopee,10
inedita,10
spengare,10
askatasuno,10
dispiego,10
1858,10
emigra,10
diodi,10
politeama,10
siringare,10
comprimibile,10
truculente,10
bendata,10
abbacino,10
divelto,10
spio,10
assidua,10
riferì,10
specchiato,10
superassero,10
ricadrà,10
epperò,10
plebe,10
antrace,10
mixa,10
birreria,10
utrecht,10
calcistica,10
tampono,10
leyen,10
trasporre,10
stellanello,10
reality,10
tendevare,10
piovare,10
tetra,10
riparatile,10
osannato,10
comparva,10
inauguro,10
occorro,10
teiera,10
giustapposizione,10
moderre,10
terrificare,10
immaginere,10
dimontezemolo,10
leggerissimo,10
calabre,10
illogicità,10
residuato,10
adattabilità,10
impicciare,10
eurasiatico,10
lanciatissimo,10
promanare,10
aprico,10
controdeduzione,10
granturco,10
carraro,10
bechtel,10
apparterrebbero,10
dinaro,10
sfiora,10
vegetariare,10
cerchino,10
dola,10
repressa,10
scorce,10
trafugamento,10
firmano,10
colpetto,10
accodo,10
interessata,10
meccanizzazione,10
sportivamente,10
cattrall,10
coraggiosa,10
serafini,10
dissentere,10
annidano,10
bacere,10
sacralizzare,10
robertocarnerere,10
alzere,10
casamente,10
stintino,10
cracker,10
infligge,10
audino,10
ghirlanda,10
scalpita,10
medagliato,10
irrequieta,10
invaghire,10
sulo,10
latrare,10
riceviamo,10
pronosticato,10
saletto,10
periodizzazione,10
palmierio,10
morari,10
cusare,10
porticina,10
giunio,10
prevala,10
subappaltatore,10
neuronale,10
tibia,10
feldmaresciallo,10
macellare,10
marginandolo,10
magnetismo,10
fleming,10
chiaretto,10
rimeditare,10
crociano,10
taiwane,10
elettrica,10
laver,10
dominere,10
fronteggiavare,10
immeritare,10
scriverare,10
delineo,10
aizzar,10
mirror,10
elettrizzare,10
annacquato,10
divento,10
esemplarità,10
traevare,10
automaticità,10
autolesionisto,10
pivot,10
lorenzano,10
detasso,10
zarina,10
disquisire,10
quantico,10
passio,10
carciofo,10
degenerativa,10
ritire,10
putignare,10
mieter,10
quantunque,10
specificira,10
vinicolo,10
fenerbahce,10
alii,10
triplicato,10
geroglifico,10
ciabatte,10
fattola,10
chiuda,10
sufjan,10
lasciasso,10
cretese,10
gros,10
malfatto,10
edinson,10
radioterapia,10
pelato,10
nannine,10
liberti,10
gioiosamente,10
seducire,10
inseguimente,10
taca,10
vagar,10
immaturità,10
mafalda,10
thrilling,10
pretendo,10
elettorare,10
paginetto,10
braccase,10
formarere,10
camelia,10
divellere,10
istantaneamente,10
brigantino,10
deficiente,10
corinare,10
fornivo,10
malintese,10
sbrano,10
provai,10
accagliae,10
settantacinque,10
decideremoe,10
reiterabili,10
bonucco,10
arsello,10
scienzo,10
odere,10
sentina,10
grame,10
pulizie,10
martho,10
rasserenamento,10
dorella,10
acculturato,10
cadmio,10
primissime,10
ritardano,10
peritale,10
pinello,10
pastrocchio,10
sottoccupazione,10
gianbattista,10
tempare,10
cefalù,10
decontaminazione,10
polaroid,10
numerare,10
filiberta,10
accrere,10
anonimamente,10
venerdo,10
politeamare,10
chansonnier,10
manutentore,10
ursula,10
doppietto,10
danielo,10
eldo,10
mendacio,10
assedo,10
evira,10
incalzanto,10
alemanni,10
arish,10
borghesio,10
invidiato,10
criceto,10
aspettavare,10
reggiani,10
pope,10
rista,10
zygmuntre,10
depurato,10
mondino,10
legavano,10
compaiare,10
diversione,10
ipalia,10
venatorio,10
cretto,10
bimotore,10
corpicino,10
rublo,10
magnus,10
piacentina,10
guerresco,10
casalgrandere,10
reinterpretazione,10
dasio,10
rasserenamente,10
campionamento,10
gramigna,10
figliuolo,10
esemplificazione,10
aporia,10
sfarinamento,10
sgusciare,10
supplento,10
rateazione,10
pezzato,10
poeticamente,10
sancirebbe,10
boys,10
governuccio,10
improvvidere,10
nassau,10
lacuno,10
haring,10
prevendita,10
ribadiscere,10
dombrosio,10
divampato,10
minierò,10
bramante,10
peace,10
vieniviaconme,10
nonnino,10
rubio,10
profittevole,10
spolverata,10
strapieno,10
sospettavare,10
autostop,10
compongere,10
facsimile,10
strozzato,10
caire,10
accettabilità,10
discrezionalmente,10
crescito,10
atere,10
colorere,10
antidiscriminatore,10
take,10
addestrato,10
verta,10
nevia,10
doramene,10
pasticcerio,10
duilia,10
saggere,10
ammontante,10
ultimatumo,10
range,10
behringer,10
collezionismo,10
giaffa,10
nahles,10
downgrading,10
zuppo,10
ortopedia,10
papasso,10
elly,10
investigato,10
vellutato,10
beppegrillo,10
caccare,10
assenzi,10
catalogabile,10
protestato,10
ardimentoso,10
rimandere,10
arretrano,10
perpetuazione,10
colano,10
insapere,10
impedìre,10
sgomberato,10
pagar,10
taluna,10
cesenatico,10
sottotraccia,10
graphe,10
villeggiante,10
barbabietola,10
confutazione,10
canonizzo,10
oligarco,10
impercorribile,10
cavallai,10
bergamoo,10
balbuziente,10
demonizza,10
novellaro,10
resilienza,10
emergerebbero,10
pellizzano,10
consumatrico,10
taciuto,10
scombinare,10
aviero,10
spago,10
matrimone,10
manicomi,10
sospenda,10
risollere,10
scompaiono,10
afagia,10
ridurrebbero,10
mongardino,10
motivazionale,10
profittevolo,10
casalgranda,10
acronica,10
casba,10
agnellino,10
blanchard,10
alcolista,10
rabicano,10
follemente,10
multidimensionale,10
risolutezza,10
buccinasco,10
bellomo,10
4300,10
abbonala,10
attillo,10
ritenendolare,10
rassegnere,10
gentilesco,10
antoniane,10
sanamente,10
garantivano,10
camudere,10
qualunquisto,10
casciano,10
cascamo,10
cantor,10
giffords,10
isnardo,10
cinguettii,10
réclame,10
rimanerre,10
plasmo,10
inagibilità,10
americanista,10
spiazzamento,10
tolone,10
eliminira,10
borgognare,10
england,10
austerity,10
kloso,10
repsol,10
beotica,10
nordeuropea,10
derogo,10
prevalevare,10
montezemoliano,10
pensassero,10
giaglione,10
montebuono,10
iaconare,10
golene,10
carisio,10
tempistico,10
investindustrial,10
rgen,10
brevettabilità,10
accoglia,10
ingentissima,10
bardonecchia,10
scambiato,10
alabarde,10
basito,10
precompilare,10
bernine,10
roselo,10
causato,10
nichilistico,10
istintività,10
endeavouros,10
biblioiatrico,10
yachimovich,10
gaudioso,10
mandevilla,10
capovolre,10
anatocismo,10
avogadro,10
dormiglio,10
adamitare,10
immaterialo,10
solvere,10
marxiano,10
imbalsamato,10
pistorius,10
tommasi,10
1897,10
lebbroso,10
adamito,10
agazzino,10
vannevar,10
ginevrino,10
archivia,10
miniaso,10
assicurandotare,10
vallaud,10
educante,10
panaio,10
biparo,10
ottimato,10
financialtimes,10
understanding,10
beacelo,10
monetar,10
loglio,10
crowdfunding,10
giovanniapag,10
ingenire,10
arsenio,10
galea,10
scarborough,10
medichino,10
magagno,10
bolerine,10
catacomba,10
marciatore,10
èsemplice,10
èutile,10
tataro,10
corbellino,10
genziana,10
vanninare,10
razionalizzato,10
mucchetto,10
lozzo,10
wsbk,10
raddrizzamento,10
prione,10
magherno,10
urdangarin,10
shevardnadze,10
mazzagatto,10
mangustarisk,10
benemerire,9
italpetrolo,9
maligni,9
sensile,9
claudicante,9
chapter,9
latamente,9
gabbino,9
abusai,9
gittare,9
sdogano,9
milly,9
saakashvile,9
contraddetta,9
cilecca,9
comportante,9
procedesse,9
comandanto,9
esaminano,9
sintomatologia,9
scorre,9
ufficiare,9
andrewre,9
cossignano,9
carpione,9
ingelosì,9
manualmente,9
torcicollo,9
focalizzazione,9
seriazione,9
rivedano,9
etimo,9
1862,9
considera,9
bolzanino,9
carpiano,9
berretti,9
spogliarellista,9
chiamassero,9
disegnino,9
tersità,9
logorio,9
locatario,9
dandolo,9
adula,9
menefreghismo,9
calvene,9
anticristo,9
tornito,9
sonntag,9
valchirio,9
balbetta,9
flae,9
animaletto,9
antitumorale,9
distonia,9
plaude,9
strapiombo,9
entrate,9
araucano,9
valverdo,9
inquilina,9
aprilio,9
casilino,9
versino,9
manicheo,9
applicherebbe,9
sorvegliano,9
cute,9
agiscere,9
rattoppo,9
anco,9
vernio,9
rimborsi,9
investari,9
discontinue,9
variety,9
aaretzvere,9
capanno,9
sottopone,9
stressato,9
incolpo,9
lacca,9
gramsce,9
tramandato,9
truffati,9
cobra,9
centralinista,9
scatenarire,9
ripulsare,9
promezio,9
rugbista,9
cantona,9
giudicandolo,9
tortello,9
gabbana,9
spinire,9
sorare,9
mussoliniare,9
rivieraschio,9
suzanna,9
animala,9
bordolano,9
pimpante,9
spostavare,9
sestino,9
medicea,9
graia,9
imbrattato,9
moltiplicato,9
inveisce,9
mcewan,9
sessantacinquenno,9
tavullia,9
farli,9
fingitore,9
stride,9
aseità,9
goffredere,9
omone,9
frontespizio,9
acile,9
screzio,9
finge,9
larussa,9
utopista,9
veloco,9
impedendogli,9
toccano,9
cattiva,9
enuncio,9
fulmina,9
perdetelo,9
rena,9
vuoti,9
nsis,9
aiutiamolo,9
kirsten,9
dunst,9
furfante,9
georgiana,9
staere,9
imagna,9
virgoletta,9
negavare,9
prola,9
ricordarselo,9
varzare,9
benino,9
compendiare,9
calloso,9
sofocle,9
mista,9
petrone,9
ricaccio,9
ricardo,9
esportabile,9
soppriro,9
belluccio,9
caccere,9
lars,9
requisizione,9
disaccordi,9
elabore,9
sterminatore,9
abrae,9
viole,9
cercas,9
chiameremo,9
rotaio,9
donata,9
indimostrabile,9
villinio,9
cusano,9
esercitino,9
riprodottare,9
marguerite,9
divine,9
batalo,9
frema,9
impera,9
insozzare,9
renderge,9
partitone,9
infarino,9
berta,9
tutere,9
penosamente,9
scomparvero,9
donchisciottesco,9
pedula,9
escrescenza,9
cannoniera,9
amala,9
lazzarone,9
mossero,9
bruca,9
canadesi,9
grossomodo,9
mapplethorpe,9
irredentista,9
rinomare,9
protrattosi,9
ferragamo,9
agilmente,9
soggettivismo,9
percentualmente,9
abbronzatura,9
amareggia,9
rendo,9
illegittimi,9
mantena,9
aclu,9
subsonica,9
fredde,9
piaggio,9
dimorai,9
partii,9
vestitare,9
disguido,9
abominevolo,9
adidas,9
inscena,9
lindsay,9
cesarismo,9
lacgil,9
foratase,9
conficcato,9
ventenire,9
lunatico,9
votarire,9
orrendamente,9
controlla,9
evidenziavare,9
eguaglia,9
pamplona,9
imprevedibilmente,9
blinkist,9
incontrerò,9
farcire,9
disfacere,9
schopenhauer,9
tech,9
discorsivo,9
baleniera,9
garretto,9
inapplicato,9
mcmix,9
decentemente,9
capitol,9
taccare,9
rivoluzionar,9
rollo,9
fottuto,9
congoleso,9
arrabbiano,9
venda,9
spiato,9
bastiano,9
sottospecie,9
statuo,9
assorbare,9
inattendibilità,9
sieno,9
stazio,9
roggere,9
inizieremo,9
appoggiato,9
skateboard,9
collia,9
beatlesre,9
improbo,9
normalizzato,9
razzie,9
diroccato,9
siglano,9
inespressivo,9
cassinello,9
pater,9
quindicinale,9
brevettato,9
occhiolino,9
eutanasio,9
gazzo,9
discretamento,9
influirare,9
buriana,9
poseidone,9
labilità,9
adopera,9
lencio,9
arear,9
prussiano,9
travisamento,9
matta,9
sterrare,9
inghiotto,9
vigliaccherio,9
schiaffino,9
stefanacone,9
importa,9
huckleberry,9
aderii,9
invulnerabile,9
messaggino,9
strong,9
scacchista,9
sborsato,9
bruco,9
cocuzzare,9
scrivemmo,9
dour,9
pomeridiare,9
autoptice,9
short,9
spalle,9
numerosità,9
inchiodato,9
presentire,9
espunte,9
abarico,9
malridotto,9
vagente,9
strabiliare,9
marsalis,9
clavicembalo,9
prelude,9
sagliere,9
bruma,9
sopravvissuti,9
aumenterare,9
ripongere,9
autovelox,9
sessantadue,9
prevaricatore,9
primarie,9
autoconvocare,9
prestampato,9
rende,9
trascorire,9
sfuriata,9
albiolo,9
tristo,9
effigia,9
reagiscare,9
rimuginare,9
controinterrogatorio,9
scuderio,9
carina,9
lenoro,9
sciara,9
scilla,9
cariddi,9
strumentare,9
ammirevola,9
silloge,9
scevro,9
scampagnata,9
alterano,9
boreale,9
500milioni,9
farre,9
enunziante,9
ricettacolo,9
germinare,9
mantella,9
cornere,9
lachiesa,9
pillino,9
ingrigire,9
aspiravare,9
svendire,9
tuvalu,9
preindustriale,9
industrialismo,9
osservò,9
cercavo,9
patronare,9
eremita,9
papaconstantinou,9
rilettare,9
ripeso,9
multimedia,9
rincasare,9
nazisti,9
chiarificatrice,9
arrigare,9
environmental,9
bucolico,9
rassicurato,9
interamericano,9
confermarere,9
fatina,9
domatore,9
saporito,9
langarole,9
daul,9
stazionamento,9
neghino,9
nonnulla,9
turkmenistan,9
ripetuta,9
èuna,9
nordafricare,9
istrione,9
fasanellare,9
legatissimo,9
scricchiola,9
maestrino,9
corinto,9
silicato,9
dissequestrare,9
smemorare,9
madrepatria,9
franceschini,9
luminaria,9
bombolo,9
maleficio,9
rimuovare,9
mirò,9
lavapiatto,9
rifugiòre,9
fornaco,9
sconvolsero,9
fola,9
protraggono,9
supponente,9
dionisiaco,9
anodare,9
aratura,9
selvatica,9
molisare,9
ghiera,9
meritoria,9
atrocemente,9
costatazione,9
monterotondo,9
sperduta,9
calamai,9
centripeta,9
strapare,9
cimate,9
fornovo,9
lottere,9
modigliano,9
cipollato,9
tortolì,9
riproduce,9
volevre,9
tenessero,9
signorilità,9
sarcasticamente,9
villico,9
jarmusch,9
genovendere,9
termica,9
rimpiattino,9
mugolino,9
trasposto,9
rossana,9
assiderare,9
alluvionare,9
arrangiato,9
praticavare,9
progettavare,9
trattiene,9
pdre,9
bufalini,9
condannabile,9
dimentichiamolo,9
concertaco,9
bandinello,9
congressi,9
trentanovenna,9
maialino,9
strafottente,9
malocchio,9
multiplio,9
thierry,9
gravame,9
accade,9
movimenta,9
parrebbero,9
acanto,9
traendone,9
colpirere,9
rosito,9
sforano,9
presenzialista,9
porcata,9
meschine,9
mobilita,9
raccontire,9
claretto,9
nazirre,9
grondano,9
vegliò,9
guaglione,9
sgobbo,9
canneto,9
annoda,9
soleo,9
strafottenza,9
bacchettato,9
terapeuto,9
giallorimore,9
gaming,9
naldo,9
traversato,9
gridar,9
alatolare,9
sopprettere,9
sapor,9
scomputo,9
sacrilegio,9
riacquista,9
puglianico,9
schneider,9
solstizio,9
samuela,9
ipovedente,9
santis,9
mississipo,9
simione,9
afide,9
credetema,9
attribuito,9
manipola,9
ritentare,9
repressive,9
diccio,9
ermelline,9
maguire,9
mulligan,9
permafrost,9
ninnananna,9
esplorato,9
sottoterra,9
1869,9
varcore,9
fisarmonicista,9
romana,9
paturnia,9
scoprirai,9
mancanto,9
aventiniano,9
meridionalista,9
posato,9
trapassare,9
scista,9
vampiresco,9
pattinson,9
tirerà,9
claunesca,9
defuntare,9
ciotola,9
dichiarata,9
galeoto,9
serato,9
galoppa,9
diglio,9
cosentine,9
relativista,9
denuclearizzazione,9
pigra,9
pessina,9
sarso,9
domandina,9
ebete,9
stream,9
gasdotti,9
gramre,9
sottotitole,9
unari,9
bambolotto,9
buratto,9
civilistico,9
esortano,9
scompaie,9
vennare,9
screzo,9
distrutre,9
latouco,9
brucere,9
edittale,9
galo,9
affaccire,9
bonaccia,9
svaniscire,9
ciecare,9
cadre,9
esalo,9
mirante,9
comuno,9
barde,9
dulbecco,9
magona,9
complottasta,9
fargliela,9
tarda,9
palavo,9
cliccato,9
dicendomio,9
heath,9
ledger,9
redatte,9
studentato,9
inidoneità,9
trascrivo,9
ciottole,9
anticipere,9
antoniettare,9
yucatan,9
aziona,9
fisichella,9
biage,9
scrissi,9
spacciandosi,9
caprare,9
permetterselo,9
consolatore,9
controfirma,9
dogarto,9
irascibile,9
vagabondaggio,9
ammoniscere,9
mixare,9
falsetto,9
attestavere,9
rullino,9
turpe,9
interfacciare,9
glaciazione,9
faraere,9
scopello,9
finestrone,9
scolpito,9
bendar,9
sperlonga,9
disfida,9
allacciamento,9
vasetto,9
elidetto,9
posporre,9
inopinare,9
cassese,9
circumvesuviana,9
insula,9
entomologo,9
aeronautiche,9
scassato,9
riprovere,9
inverecondo,9
denutrire,9
proviare,9
virulente,9
civetto,9
antistanto,9
omofonice,9
giancarloruggiero,9
positivismo,9
acidolo,9
circondato,9
terento,9
adeguire,9
bricolage,9
cubico,9
conteno,9
pennare,9
deniro,9
pappalardo,9
fissile,9
ipertensione,9
trasformistico,9
tenerselo,9
html,9
parevano,9
triro,9
recentissima,9
accendino,9
multiplare,9
draconiane,9
severissime,9
logitech,9
belucistan,9
finanziabile,9
smagliere,9
iscrivendoso,9
acquista,9
furtivamente,9
grisùo,9
mazarare,9
burbe,9
impudico,9
strutta,9
privatizza,9
suppla,9
dipartire,9
sfruttavare,9
primazia,9
bilanciamente,9
intranet,9
imporglio,9
moniare,9
sommerge,9
bilocale,9
constatere,9
sciolta,9
corporee,9
mordicchio,9
montiare,9
bassare,9
proletarizzazione,9
riconoscessero,9
frasario,9
grossolana,9
inibito,9
voltolino,9
areamene,9
novelli,9
fanfara,9
sentimene,9
atomizzazione,9
ridge,9
ruggiero,9
richmond,9
sbattezzo,9
pantomimo,9
brizzolato,9
avvocatessa,9
previamente,9
salassare,9
piromane,9
aneurisma,9
borioso,9
accheto,9
polese,9
amatriciana,9
disorganizzare,9
sommar,9
scapi,9
naturno,9
felicire,9
raffare,9
guastafesta,9
microonda,9
quallo,9
amichetta,9
sonnacchioso,9
consuma,9
distribuivo,9
negozietto,9
bradipo,9
binamo,9
scompartimento,9
filmetto,9
sovrapposto,9
garno,9
protagonedere,9
buonarrota,9
decresco,9
serenoopoconuvolososu,9
pregnanza,9
berge,9
carnicino,9
strizzatina,9
brure,9
attesi,9
fugante,9
scialonare,9
magic,9
inaco,9
parideo,9
uccidendone,9
iacchetto,9
bentornato,9
foucault,9
fidata,9
pressingo,9
intervia,9
mitocondriale,9
ricompaiire,9
lontana,9
immediata,9
cellino,9
imbalsamatore,9
chryslero,9
reintegra,9
laicista,9
placenta,9
ippolire,9
sillabe,9
bugno,9
addettere,9
avilla,9
otro,9
rilegge,9
sfuggì,9
inneggiavare,9
motrice,9
cecina,9
inquina,9
significante,9
autorizzatile,9
dolcissima,9
scopare,9
discutiamone,9
erudito,9
spillare,9
indossere,9
pellerossa,9
coinvolti,9
vigilanzo,9
vogliamo,9
parafulmine,9
calata,9
sociedad,9
bilotto,9
mancina,9
diminutivo,9
telematicamente,9
amomo,9
intemperia,9
concessionaro,9
robinhood,9
mitraglia,9
guglielmetto,9
sfumano,9
nega,9
risporre,9
gozzare,9
osoppo,9
nomenclaturo,9
eccella,9
regala,9
cessere,9
bigatto,9
catapecchia,9
ricompensato,9
insaccano,9
festo,9
artificiere,9
grossolanità,9
appiedare,9
affacciavare,9
recidiva,9
rampogna,9
sfavillante,9
corpulento,9
fatah,9
buchetta,9
venne,9
patitare,9
coibentazione,9
schematizzare,9
dominavare,9
strout,9
discorre,9
toledere,9
dispettoso,9
barbarosso,9
sollevò,9
rane,9
insediò,9
esanguire,9
boroneddu,9
econoe,9
sembrino,9
darsena,9
commore,9
disseminato,9
persecutivo,9
percepari,9
rifarei,9
potevare,9
ibrahimovi,9
modugno,9
lascivo,9
pecunia,9
ammetto,9
mittelfest,9
elargere,9
disinfettare,9
pagandolo,9
crespare,9
colorante,9
collocata,9
cordolo,9
scalzano,9
anteguerra,9
lamatura,9
rizzante,9
bambolina,9
strigliata,9
ipparco,9
canoso,9
mescolamento,9
tralascio,9
regolata,9
emenda,9
puntarere,9
mcconaughey,9
bulinista,9
piacevolmento,9
besson,9
coartare,9
schiodare,9
amae,9
storta,9
all',9
uccidendolo,9
antimilitarista,9
1887,9
porare,9
ascario,9
redattrico,9
drogba,9
pioltello,9
lentissimo,9
sentirebbero,9
pressapochismo,9
semiotica,9
mantenure,9
telelavoro,9
spineo,9
chao,9
eufemia,9
talea,9
ariere,9
gigliato,9
ricordira,9
iperprotettivo,9
dietetico,9
pipe,9
invader,9
intervenivo,9
componentistico,9
risorgente,9
sformare,9
ricondurrere,9
nefandità,9
architetta,9
disintossicare,9
introdottere,9
mistificatore,9
barbario,9
abbrutimento,9
blackre,9
montaione,9
pandemonio,9
concentriamocio,9
riuscitissimo,9
sanitaria,9
somigli,9
mazzettino,9
altruista,9
esano,9
gerarchice,9
strida,9
regare,9
sposi,9
arignare,9
pensatoio,9
34mila,9
immago,9
3300,9
lusingaco,9
sportellino,9
renaissance,9
terrapieno,9
transoceanico,9
rammentano,9
niki,9
sedendoso,9
dislessia,9
bolseno,9
alegre,9
mahler,9
lichtsteiner,9
scendevano,9
vantaggiosi,9
tildere,9
casaccare,9
facendone,9
ginnastico,9
aprioristicamente,9
ventotene,9
abnega,9
fulmicotone,9
steppe,9
inevasere,9
shorter,9
rodrre,9
cangiamente,9
omimere,9
liono,9
tossina,9
robaccia,9
allucinare,9
saponetta,9
zquez,9
parolin,9
vuota,9
cipe,9
imponenza,9
padru,9
dopocena,9
epigono,9
inabissato,9
bargello,9
colesterolo,9
musiche,9
basere,9
monoteismo,9
diade,9
residua,9
contendevare,9
farce,9
codificazione,9
ciccia,9
amintore,9
cagnoline,9
faticosissimo,9
avano,9
subfornitura,9
porcellino,9
celane,9
incaponire,9
stanzi,9
catrame,9
ecuba,9
frivolezza,9
tipone,9
resuscitato,9
manicomiale,9
macadam,9
edicolante,9
vincolangere,9
etsyre,9
antifascisto,9
lizzo,9
evelinare,9
frastornato,9
beccasso,9
condonato,9
spariscire,9
telecomandato,9
brillantissimo,9
tariffazione,9
opulente,9
officiante,9
fotoromanzo,9
abruzzesa,9
ablefaria,9
prede,9
colico,9
stabiare,9
inaccettabilità,9
ponna,9
accede,9
bacchetti,9
mettiamoe,9
viaggiavere,9
seppellito,9
pressburger,9
spinsero,9
zapatero,9
zaghloul,9
squagliare,9
action,9
dprorio,9
custodivo,9
reintrodure,9
beotico,9
dissocare,9
ore23,9
dissi,9
antimperialista,9
visceralmente,9
nannino,9
porcellana,9
sdolcinato,9
dicco,9
ventro,9
apogeo,9
contadina,9
spagnole,9
schifacare,9
bidonvilla,9
coinvolgevare,9
latitanto,9
subappaltatrico,9
roncà,9
britanni,9
andrologare,9
patino,9
fusine,9
staccino,9
custodiscere,9
pentodi,9
meleto,9
vedevamo,9
possidente,9
innovato,9
vilmente,9
trascorre,9
guappo,9
visir,9
vieni,9
superò,9
credulità,9
riemere,9
scompenso,9
armoniosamente,9
indicere,9
bolide,9
informatizzare,9
collettivismo,9
rattoppare,9
discordanza,9
filantropo,9
industrioso,9
donnina,9
diciamocire,9
misconoscere,9
dittare,9
rttemberg,9
lande,9
panzano,9
spriro,9
sudo,9
oriure,9
occulti,9
abbacinare,9
lasciarglio,9
compositrice,9
amaca,9
distruggare,9
travoltare,9
meticolosità,9
wired,9
crino,9
abbrivio,9
espertissimo,9
militaristo,9
palatino,9
chiamerei,9
divene,9
arraffato,9
campoformio,9
vessatoria,9
annota,9
quarantenna,9
ridefinisce,9
buccere,9
lumaco,9
violetta,9
rotativa,9
boare,9
passeggera,9
simonetto,9
paravicino,9
farisei,9
correttore,9
neelie,9
altano,9
unity,9
speculere,9
gestari,9
angusti,9
monossido,9
mirre,9
insalare,9
felpe,9
offenda,9
offendare,9
commiserazione,9
dedotto,9
crescentino,9
massacra,9
scacchistico,9
gemere,9
aggregativo,9
rispecchiamento,9
coreografie,9
etichetto,9
pinnulo,9
autocompattatore,9
rieta,9
mitchell,9
meinare,9
suol,9
ungo,9
sbottonare,9
bienne,9
armeria,9
scissa,9
volanda,9
sunna,9
disapprovare,9
pendii,9
acireale,9
cairotio,9
sbarcavare,9
comincerei,9
sigli,9
argentato,9
thabo,9
mbeki,9
oratare,9
fidelizzare,9
ferno,9
sterpaglia,9
fugacemente,9
levere,9
spietata,9
testacoda,9
pastoso,9
alliot,9
vestivare,9
calunniatore,9
esprimeere,9
fermanello,9
melodrammatico,9
capisci,9
appresta,9
calcolabile,9
privilegiando,9
deloitta,9
fremente,9
guardarono,9
berlingueriano,9
raddoppo,9
myanmare,9
doppiette,9
interpretere,9
ispettorare,9
tradotti,9
gemmare,9
sarca,9
promemorio,9
vaguo,9
conteggiato,9
propendono,9
prosciugamento,9
berlal,9
accampa,9
vannare,9
animatrice,9
manifestarere,9
impedito,9
escutere,9
tornai,9
riaffidare,9
dumenza,9
dessert,9
serpeggia,9
erigi,9
flesso,9
intelligenta,9
passeggiato,9
spingendolare,9
rivede,9
condoleezza,9
chiamante,9
destituitare,9
piangevare,9
rossellini,9
burlone,9
oscenamente,9
squarciagola,9
finanziando,9
1877,9
laghetto,9
babilonese,9
nutra,9
accusandola,9
cavale,9
incinta,9
superiora,9
montamelo,9
berkshire,9
annuvolamento,9
affidavare,9
domma,9
finiscano,9
impedirere,9
acquoline,9
hoèo,9
sinapsi,9
arabi,9
italicare,9
vigneto,9
edmund,9
lignaggio,9
dizzy,9
martinelle,9
espungere,9
analistare,9
golosità,9
carmiano,9
viceprefetto,9
corallino,9
cinquantacinquenne,9
ranica,9
solere,9
sersa,9
ninfa,9
tornarsene,9
adorante,9
determino,9
taorminare,9
sbanda,9
mediterranee,9
sazia,9
pennuto,9
umana,9
calorico,9
disgregante,9
elidio,9
scalpellino,9
fuare,9
feticista,9
grondone,9
crematore,9
evado,9
piva,9
eufemisticamente,9
erpico,9
principiante,9
eliambulanza,9
craige,9
venter,9
dadio,9
guarrella,9
juliette,9
esprit,9
sebelius,9
indegnamente,9
ludmillo,9
annessionista,9
travestere,9
belvì,9
smentisco,9
1879,9
rossiniano,9
cottimo,9
albani,9
venefico,9
definivo,9
abbonda,9
aureola,9
sciatta,9
dislivello,9
sbadato,9
trasferitosi,9
ture,9
colleghere,9
concordatario,9
pianoro,9
sfigare,9
anemia,9
litigavare,9
consecutiva,9
silicano,9
midi,9
cristicco,9
paganesimo,9
cronachistico,9
cuculo,9
determinata,9
zooprofilattico,9
bromuro,9
stendi,9
meridionalismo,9
godare,9
godard,9
prurito,9
capillarità,9
scalpitano,9
partorita,9
brain,9
adottarere,9
veccho,9
rivisgere,9
stravedere,9
pongire,9
aiutatema,9
subitaneo,9
stereotipare,9
seminuda,9
cristiccare,9
ofida,9
eforo,9
neilre,9
sconvolsa,9
giudizioso,9
cucitura,9
alettone,9
storicizzare,9
rispettorre,9
radon,9
ingenerale,9
cercassero,9
oldman,9
escandescenza,9
bentornare,9
smemoratezza,9
teano,9
schenire,9
triestare,9
bonariamente,9
fujimore,9
condannandolo,9
femminilizzandone,9
damaschare,9
erpeto,9
gallere,9
largheggiare,9
tolda,9
girls,9
dispiacero,9
telmo,9
funambolismo,9
costerebbero,9
unirere,9
venticinquemila,9
najib,9
convivevare,9
merrill,9
assegnatario,9
scarsissima,9
beana,9
schiava,9
efficientismo,9
ammattire,9
pancotto,9
scricchiolo,9
barlumo,9
imperterrire,9
accoltellato,9
trasmettiare,9
notata,9
brucella,9
primitivismo,9
scavalco,9
opportunisticamente,9
georgetown,9
taglierà,9
trere,9
rilegare,9
alienante,9
monoparentale,9
parigare,9
caratterizzavare,9
merluzzo,9
marlene,9
radio1,9
cecima,9
blua,9
scialbo,9
ligia,9
colbacco,9
inferti,9
baraccopole,9
pente,9
esserino,9
manino,9
ipetrale,9
questuanto,9
separio,9
miragge,9
facciamola,9
lamberta,9
stringevare,9
44mila,9
dissetare,9
sospira,9
parodiare,9
amassimo,9
cabile,9
perdonano,9
smorzo,9
rifiutavare,9
elbanare,9
degento,9
estupiscsere,9
fottila,9
arreda,9
imperversano,9
avvicinabile,9
barcea,9
coscienzioso,9
disponevano,9
cinquantennio,9
consigliavare,9
salottiero,9
goldoniano,9
onorere,9
frigorifere,9
rufus,9
beckett,9
imprenditorio,9
inserivare,9
biberon,9
provatolo,9
rodriguire,9
ipotermia,9
autoambulanza,9
oltremanico,9
vecchissimo,9
distrutta,9
apponere,9
santuzza,9
produssero,9
divulgativare,9
imparere,9
issai,9
pietismo,9
anatomopatologo,9
lapidio,9
spettatrico,9
aiere,9
spogli,9
watts,9
gerlare,9
assoluta,9
golda,9
intravirre,9
determine,9
marchesa,9
rolls,9
royce,9
appassito,9
andremmo,9
appartengere,9
nevrosi,9
vicious,9
megafere,9
incostante,9
modestino,9
loiano,9
badilone,9
concorrenzialità,9
cresce,9
imbracala,9
predispostere,9
bischero,9
inferriata,9
ridley,9
galiziano,9
vertigino,9
boscoso,9
beach,9
dulie,9
consentare,9
soffuso,9
amiro,9
baraka,9
rimpiazzo,9
libererare,9
alimentere,9
fulvia,9
pergamena,9
lincio,9
fragranza,9
pclitico,9
trentatrée,9
ricurre,9
partono,9
exor,9
asinella,9
filmira,9
ripiegato,9
ingratitudine,9
indussero,9
luminare,9
tillie,9
glie,9
sessantaquattro,9
horizonte,9
votarere,9
avariare,9
contrattempo,9
discrimina,9
sconfino,9
seicentesco,9
chiarivare,9
rimediabile,9
ripalta,9
nominalistico,9
rinvenuta,9
lavoce,9
fiennes,9
giorgino,9
inabissamento,9
tregenda,9
legano,9
bitonto,9
gambale,9
uterino,9
biscottere,9
traoré,9
scarnificare,9
paradisiaco,9
polacca,9
abortare,9
wilcock,9
esoterismo,9
cuoca,9
dislessico,9
mercantilistico,9
usandolo,9
1797,9
eugenetico,9
malfa,9
mobilitere,9
mettiamoci,9
aridità,9
ingarbugliata,9
equivalgo,9
transitoriare,9
economicismo,9
peserebbero,9
cumino,9
metanizzazione,9
reimpiegare,9
pascasio,9
iperborea,9
belligerante,9
voglere,9
temporaneità,9
blindano,9
svolazzare,9
imboccato,9
laterano,9
1898,9
learning,9
armone,9
salvamuro,9
intronare,9
aumente,9
giordana,9
brunico,9
doppiogiochista,9
pretenda,9
vivendo,9
wagneriano,9
salimelio,9
organica,9
ottawa,9
bizantine,9
amaronare,9
piegano,9
culturo,9
preziosissima,9
scurite,9
osavare,9
petroleum,9
nikon,9
ginnerà,9
ammuffito,9
decongestionare,9
frenello,9
tranviero,9
scopriremmo,9
riproducibile,9
capocomico,9
bellide,9
atonare,9
elettrodotto,9
giaguaro,9
annullamente,9
barbaricino,9
ragade,9
capoverso,9
paternalistica,9
irrigidimente,9
autoradio,9
sgretolere,9
contumace,9
xxiv,9
comprendiare,9
eremito,9
ripetiamo,9
stregato,9
nuragico,9
mecenatismo,9
esteriorità,9
bombere,9
dispone,9
dissotterrare,9
chiedendoglo,9
gabbione,9
natixis,9
sanfrè,9
svolere,9
dogere,9
forrest,9
gump,9
vedase,9
ahmed,9
avanguardio,9
inghiottere,9
pampers,9
gazzettino,9
trasmissivo,9
furbastro,9
avitare,9
baleno,9
taccia,9
subita,9
dugenta,9
tiroide,9
salumeria,9
consumatasi,9
recala,9
proficua,9
tavolata,9
oronzo,9
severa,9
commendatore,9
osatelo,9
lorenzinare,9
moltiplicarsi,9
beola,9
annullòre,9
acquistere,9
verremo,9
ammontere,9
granaiola,9
ritenare,9
bifase,9
scrivento,9
spartiscere,9
cosmologia,9
endolo,9
plaid,9
falsificira,9
universal,9
minaso,9
vampire,9
localizza,9
petting,9
riacutizzare,9
freddamente,9
diaspore,9
pomigliare,9
pedulo,9
definirono,9
obera,9
evidenziato,9
sagacia,9
dilungere,9
corina,9
contropelo,9
spiga,9
sporcaccione,9
instrada,9
muffola,9
condenso,9
perentorietà,9
frazionamento,9
carceriere,9
possegga,9
zille,9
arrampicatore,9
righettare,9
climatizzazione,9
montai,9
intersoggettivo,9
plagiare,9
aeere,9
merende,9
anticonformismo,9
formigine,9
passassero,9
cattività,9
scialo,9
consonante,9
animosità,9
dobermann,9
falchetto,9
bisente,9
eleano,9
mortifero,9
proterva,9
chiauci,9
minzolino,9
vicoli,9
disumanizzazione,9
preghare,9
babbuino,9
divienere,9
eviterebbero,9
confluere,9
volantinaggi,9
abriolare,9
starnazzare,9
stranito,9
essendovare,9
seminatore,9
pluri,9
affarone,9
basae,9
bisognasse,9
preposta,9
documentata,9
appuntato,9
quarantaquattro,9
biasimo,9
insuperato,9
carioco,9
emanassero,9
pellizzare,9
obeli,9
belgioioso,9
filtrante,9
transenne,9
ripropongare,9
fascere,9
ledare,9
terapista,9
postarciso,9
carpazi,9
spicola,9
riscrire,9
diventandone,9
bacheco,9
ostra,9
piazzo,9
sonnellino,9
declassato,9
rigolo,9
gestuale,9
tatuato,9
achillire,9
mandorla,9
ostini,9
pervade,9
biffereo,9
pisanare,9
verbitsky,9
capoccione,9
toloso,9
esemplifico,9
potessi,9
alere,9
drudere,9
smobilizzo,9
ansiogeno,9
rogge,9
anacaprio,9
paternostro,9
procido,9
ricoprivare,9
acidità,9
xabi,9
comma22,9
molare,9
pudico,9
gobiare,9
inneschere,9
baraonda,9
saltamartino,9
sagace,9
saxo,9
caseare,9
commentabile,9
parricidio,9
protrarsi,9
azzoppato,9
lancire,9
progenie,9
rifiutato,9
internazionalismo,9
panther,9
camma,9
piovuta,9
aldobrare,9
sigint,9
aizzale,9
gennarare,9
incotto,9
ideona,9
transitivo,9
vagonata,9
accelerata,9
bracconiere,9
cividale,9
aggiustamentie,9
agricolturare,9
regionalizzare,9
ascolano,9
orlovsky,9
libi,9
scafa,9
modificativo,9
formalizzato,9
londono,9
adenina,9
riuscirebbe,9
cerale,9
aggregante,9
dannatamente,9
natalie,9
scoprari,9
caramello,9
protesgere,9
grippo,9
cristoforetto,9
divare,9
tagliavare,9
improba,9
doglianza,9
aronofsky,9
enzimo,9
giovere,9
mcneill,9
borsisto,9
paliero,9
sprinters,9
pulsazione,9
persuase,9
miragli,9
delimitano,9
matteorenzi,9
modernamente,9
poarr,9
sappiano,9
avvengire,9
annulli,9
ascolteremo,9
chelare,9
proporremere,9
evolutive,9
farcee,9
reggano,9
pollame,9
cervicale,9
mura,9
idealistico,9
lezioncina,9
chemioterapico,9
1891,9
scommettare,9
orient,9
alfeo,9
rarissima,9
inflazionare,9
scopriare,9
ritengere,9
quadrino,9
peacekeeper,9
offra,9
commetta,9
acquaviva,9
ripescato,9
foiba,9
karate,9
ceffo,9
pigri,9
riconducere,9
lumet,9
statuizione,9
cuciere,9
arroccio,9
continuassero,9
sagria,9
tima,9
smembrato,9
ruoti,9
natascia,9
equanimo,9
lacciolo,9
vedrò,9
uzbeko,9
raggelare,9
premonizione,9
alcoa,9
2435,9
ledono,9
velleitarismo,9
mankell,9
casaro,9
gabaglio,9
secessionismo,9
involuto,9
cavazione,9
aperra,9
leggibilità,9
ragù,9
imbella,9
ingessatura,9
pigmalione,9
radicchio,9
radura,9
catch,9
funzionino,9
gonade,9
aulettare,9
incisivamente,9
martinare,9
sistemica,9
rappresentassere,9
ferragonere,9
moma,9
malagiustizia,9
soffriva,9
premorto,9
recitato,9
smielo,9
presentino,9
elettrolitico,9
bradley,9
sfilzare,9
mozza,9
cattolicissimo,9
ottenendone,9
voterà,9
accise,9
cospardere,9
farglielo,9
istingere,9
macchiasi,9
fattizio,9
cadena,9
surgelato,9
balbe,9
adottino,9
concettualizzazione,9
osiris,9
sordio,9
scadrà,9
congruenza,9
anisia,9
poliedro,9
consuelo,9
restia,9
ravennata,9
barbacano,9
pinturicchio,9
sfibrante,9
rivoltante,9
semplicismo,9
idonea,9
allontanato,9
rivesto,9
concederà,9
leverkusen,9
vigilire,9
passepartout,9
incidono,9
laerru,9
compaiono,9
stessa,9
referea,9
canapo,9
paperina,9
visare,9
book,9
garantiscere,9
cicloturismo,9
poste,9
tergetto,9
tutta,9
totalizzazione,9
1859,9
prosecutore,9
socchiudere,9
pipetto,9
cancellòre,9
mangana,9
pateracchio,9
implicato,9
gallarata,9
carrozzine,9
astorio,9
avveleno,9
rivuole,9
camerale,9
indifferere,9
disapplicazione,9
proporziona,9
ballatoio,9
faustre,9
tuato,9
fiordalisi,9
research,9
ernestare,9
baccherino,9
spagnuolo,9
salate,9
bordino,9
pierluca,9
denuda,9
stacciale,9
consentirere,9
tatasteelchess,9
dissoluto,9
dolby,9
astrusa,9
assennante,9
ciociara,9
borchiare,9
esige,9
traono,9
litre,9
sottacere,9
minetto,9
awards,9
liberistico,9
articolo18,9
voragino,9
aprendolo,9
osborne,9
solfrizzo,9
bazzecola,9
fabiolare,9
ballarare,9
bellore,9
cumberbatch,9
concertatila,9
rosaliare,9
ricostruttore,9
affascinanto,9
alberatoci,9
sastro,9
dumas,9
mentalist,9
municipalismo,9
rifugiatosi,9
ridà,9
paracelso,9
vissuta,9
restino,9
cristallografia,9
rating,9
vimercato,9
berlusconiana,9
dicire,9
nottola,9
lasciatecientrare,9
vivessimo,9
gioielliero,9
ciabatta,9
dele,9
italiote,9
sopraggiunto,9
stephenson,9
assumire,9
ballabile,9
appaiato,9
villabata,9
baronetti,9
mother,9
uditivo,9
eurobond,9
ingestibilo,9
errabonda,9
oleo,9
cozzassero,9
escarine,9
precompilato,9
stabilita,9
vitivinicole,9
eritree,9
pianeggiante,9
excludendum,9
alcarare,9
ossida,9
vessel,9
reperito,9
giocheremo,9
ornae,9
birignao,9
velleitari,9
abramio,9
stravolre,9
cauzionale,9
paganizzo,9
scompaia,9
aberdeen,9
monreale,9
riproposte,9
considerandolare,9
etanolo,9
eugeniao,9
amazoirn,9
cyberbullismo,9
ponzano,9
castiglia,9
rudezza,9
singleton,9
gardenia,9
agliacea,9
finitima,9
breia,9
bipartito,9
baracchi,9
valutatore,9
detti,9
nonsolo,9
belao,9
geocentrismo,9
udaltsov,9
mustre,9
maialini,9
salvatila,9
lehotska,9
ilcorsivo,9
placo,9
universalizzazione,9
yousafzai,9
lignano,9
tuffatore,9
baglio,9
acceco,9
ascaniodere,9
buttarono,9
radcliffa,9
cimavo,9
iostoconlunito,9
raspanto,9
elektra,9
416-ter,9
yair,9
lapid,9
schlein,9
shalabayevo,9
yelemessov,9
saccomanni,9
barcano,9
ostassi,9
mecone,9
bange,9
ilcdr,9
rigalleggio,9
saffiro,9
mentitore,8
consideravamo,8
chiara,8
imprimare,8
apodo,8
laureale,8
ponteggio,8
mangusta,8
mortae,8
sceriffore,8
qualcosina,8
tematizzare,8
piattezza,8
afasico,8
facendoci,8
commerzbank,8
slargo,8
palestino,8
tassinario,8
oppose,8
parallelare,8
geminiano,8
carradine,8
schemino,8
guttenberg,8
maccheronico,8
simpaticissimo,8
agroindustrio,8
foppapedretto,8
esigevare,8
sfora,8
avvinto,8
proverare,8
costumista,8
saltamartine,8
balcanizzato,8
bizzoso,8
nito,8
parassire,8
semola,8
italianieuropeo,8
buzzone,8
divisare,8
suggerirebbe,8
patato,8
6milione,8
ruare,8
incaco,8
eisner,8
attestandoso,8
spezzettamento,8
processomills,8
ingerenzare,8
risalirebbero,8
fascistizzazione,8
avanscoperta,8
clickre,8
convitare,8
iraniana,8
mckay,8
steamer,8
lesbicare,8
vescicola,8
sublimo,8
incenerimento,8
pansare,8
atterrere,8
aprilia2,8
euroma2,8
tusciare,8
peruviana,8
mazziere,8
gattopardere,8
cronica,8
accorserare,8
mills,8
mugolo,8
atte,8
emaciato,8
mondadori,8
manganellato,8
infelicemente,8
pedalatore,8
inchioda,8
induttivo,8
ufficia,8
sminamento,8
vibrato,8
rigiocare,8
falk,8
siamesi,8
filago,8
truccatore,8
isabel,8
maleducare,8
plebiscire,8
feliciare,8
dispera,8
localistica,8
affaticato,8
rupestro,8
bastardi,8
forzosamente,8
rangere,8
frusciare,8
campbell,8
cacciò,8
riconoscendonere,8
filomeno,8
dissacrazione,8
sviene,8
desinato,8
creanza,8
mogle,8
perdurano,8
comportandoso,8
dimorino,8
traversone,8
sabbio,8
sabei,8
sprazzio,8
norica,8
predestino,8
appio,8
galileiano,8
edgo,8
rappacificazione,8
calzolaire,8
zaffiro,8
procace,8
fotocopiatrice,8
rimboccarre,8
scherza,8
melare,8
ammutinato,8
decisionista,8
cilindrato,8
precettazione,8
auspica,8
lieberman,8
empo,8
attaccarono,8
maturino,8
canicolo,8
fatare,8
barabba,8
civil,8
narcos,8
fendente,8
opia,8
incorruttibile,8
cantiamo,8
tritare,8
succeda,8
posatissimo,8
70enne,8
trier,8
apocalisso,8
ghigliottinare,8
annora,8
sacrilego,8
magnifice,8
sgretolato,8
raccapriccio,8
falangista,8
etnomusicologia,8
guidar,8
terracqueo,8
vomire,8
gustavina,8
ebreare,8
volavere,8
ghindare,8
quaid,8
vezzeggiare,8
nicaraguense,8
impiegatizio,8
combatto,8
nobilmente,8
lavoretti,8
interiorizzazione,8
nordcoreare,8
totalitariare,8
almanaccare,8
creme,8
todd,8
bisacca,8
imire,8
paravente,8
snodi,8
cementificio,8
ripulere,8
primadonna,8
presidentee,8
stupisco,8
nonviolentao,8
innovano,8
passerotto,8
incrocia,8
cupamente,8
sericino,8
sognavamo,8
latire,8
portacontainers,8
arrotolato,8
portomarghera,8
cultural,8
numeriche,8
convire,8
cadette,8
torico,8
lepage,8
intercontemporain,8
ricuperare,8
rimargino,8
investirere,8
eurovisione,8
sfottere,8
ciccione,8
ideai,8
ichino,8
cristiana,8
lussuria,8
sprechare,8
affievolere,8
camomilla,8
bambole,8
costavare,8
tarantella,8
fiumicare,8
terminalo,8
guglielmino,8
oppoarr,8
magnasciutto,8
valutatire,8
tarantina,8
fratto,8
sampierdarena,8
etologia,8
rondone,8
campion,8
lenny,8
mariah,8
botulino,8
pitare,8
riamare,8
bourbon,8
autodenuncia,8
pesavare,8
lavoravamo,8
coordinere,8
intralcare,8
cato,8
euclide,8
dorno,8
carone,8
trevigiare,8
title,8
deroghe,8
frainteso,8
chiestare,8
chiedendonere,8
abbandonarere,8
aerato,8
croll,8
rimane,8
ceppalone,8
cedue,8
stame,8
ingiustizio,8
squaw,8
timbra,8
bertolotto,8
sbaraccare,8
irresolubile,8
geremio,8
causidico,8
millenaria,8
sparrere,8
obice,8
emine,8
premetre,8
biografica,8
bracciamole,8
riportandole,8
copritore,8
lebbra,8
pegola,8
recintato,8
acheno,8
aderirere,8
datar,8
ordinatamente,8
femministo,8
carema,8
giubilare,8
aggiustato,8
mogge,8
aristeo,8
assocare,8
accase,8
coloristico,8
transfrontaliere,8
randere,8
budelli,8
friulani,8
salge,8
poliico,8
sediolo,8
censivo,8
squattrinato,8
prevede,8
equipaggiato,8
dovemmo,8
tonte,8
spavalderio,8
bariletto,8
brockhaus,8
boneare,8
notato,8
nillo,8
crispare,8
sussiego,8
confrontiamoci,8
appao,8
contromosso,8
pietroso,8
cartaccia,8
narice,8
compromere,8
apparsi,8
dalmare,8
aussinare,8
abdulmutallab,8
deplorazione,8
dalmina,8
iutificio,8
meridionalistare,8
urauchio,8
wigan,8
ridonerò,8
daalà,8
stupidi,8
pistoiare,8
pedante,8
verticalmente,8
stoke,8
boxino,8
capostazione,8
cannoncino,8
ecstasy,8
benedì,8
viva,8
sprona,8
vercelleso,8
ricalchare,8
institorio,8
latifondio,8
sgolare,8
bricciche,8
violere,8
remissività,8
dolciume,8
cucchiaino,8
fasciato,8
atollo,8
anomaliare,8
inderogabilmente,8
corrette,8
modellere,8
arboreo,8
consolle,8
marketingre,8
cremascare,8
picconata,8
cimbergo,8
monouso,8
olei,8
cissone,8
zizzania,8
predichere,8
aderirà,8
coccardo,8
anatomicamente,8
periodare,8
fanatica,8
alleno,8
pausino,8
trasmettevare,8
torea,8
consumatosi,8
arreno,8
edonista,8
papua,8
ramasse,8
agave,8
trappolo,8
riprendo,8
henin,8
batté,8
ticare,8
pacellare,8
ternio,8
varcano,8
babbi,8
land,8
aggettivazione,8
accusire,8
corinzio,8
capigliatura,8
occuparmo,8
gradisca,8
rudio,8
porcare,8
vocazionale,8
alligatore,8
boccherino,8
pannolino,8
perizie,8
supergigante,8
castigliano,8
usurpazione,8
ineguagliato,8
quarantasettenne,8
spersonalizzazione,8
eruppe,8
3400,8
riproporrebbe,8
vignare,8
1571,8
farsere,8
divore,8
sigourney,8
insulario,8
impunita,8
iproblema,8
intimidiscere,8
incingere,8
samario,8
tiger,8
telepredicatore,8
appoggiò,8
biotecnologico,8
ragado,8
corporativare,8
cauterizzare,8
lookre,8
coppi,8
lampeggiare,8
incorrare,8
incuriosito,8
islamica,8
casseforte,8
centigradio,8
motoristico,8
consecutio,8
imprudentemente,8
acqueo,8
normodotato,8
infoltì,8
spataro,8
mccrystal,8
tailandese,8
uniteve,8
verboso,8
ricordò,8
atterrane,8
barackobamare,8
inventere,8
nire,8
verrai,8
parlere,8
intone,8
dicace,8
ambita,8
subasta,8
1892,8
brandina,8
stigmatizza,8
respinti,8
giacarta,8
spiere,8
serpentine,8
discolo,8
malawi,8
livrea,8
barandomio,8
indolenza,8
passò,8
prodromico,8
luare,8
sculettare,8
fremer,8
corsarare,8
perdura,8
tassametro,8
vambre,8
strabilianto,8
antifumo,8
avvocatesso,8
basi,8
mummificare,8
codare,8
sagrestia,8
bardatura,8
rassomigliare,8
quire,8
assicurativa,8
sconfivere,8
ascoltandolo,8
inseriscare,8
aspri,8
rivolsero,8
matrona,8
sporca,8
privere,8
emetico,8
scardino,8
irriguardoso,8
lanare,8
change,8
subiscere,8
scottere,8
gestante,8
telefonato,8
imperatrice,8
diremmo,8
disterò,8
comparativamente,8
berlacone,8
bovisio,8
parolacce,8
sconosciire,8
lanzafama,8
trequarti,8
scialba,8
detraio,8
placcare,8
66mila,8
toglie,8
tranquillanto,8
aspa,8
aurismo,8
monotona,8
badminton,8
veneti,8
gragnano,8
rifkin,8
bacioterracino,8
poode,8
peno,8
piergiovanna,8
concretezzare,8
manchego,8
battistero,8
camiciare,8
farciare,8
annega,8
sincopato,8
grey,8
lusitare,8
sproloquio,8
molgo,8
drittare,8
190mila,8
astronauto,8
esci,8
fabiana,8
mendelo,8
alzore,8
goriziare,8
ultraottantenno,8
inframmezzare,8
guardarmo,8
damare,8
storacere,8
esteriare,8
avvinghiare,8
apertoso,8
lagno,8
idvn,8
zappare,8
cavala,8
maggia,8
vagheggiato,8
orientativo,8
saltavare,8
ranieri,8
vessato,8
scariolo,8
bruciore,8
cotonella,8
cervetere,8
rinoceronte,8
elenchare,8
libertare,8
fortezzo,8
pieghevole,8
iozzello,8
omedere,8
autoritaria,8
attingare,8
determina,8
ideocrazia,8
menar,8
annalisa,8
sconsolante,8
rialto,8
denunciarere,8
gulbuddin,8
involontaria,8
vanolo,8
immagina,8
terminator,8
geverno,8
datana,8
stravolgare,8
accoltellamento,8
coronato,8
duchere,8
57mila,8
stupende,8
castrato,8
rinaldogianolare,8
consociato,8
cipiglio,8
elettrificare,8
ovalano,8
piarre,8
gazzetto,8
resi,8
50enni,8
polistirolo,8
rapo,8
congiuntare,8
campae,8
maremmano,8
contemplato,8
chiamerò,8
riconfermano,8
pensiare,8
veglione,8
ciciliano,8
solisto,8
tetraplegico,8
poule,8
guarare,8
eusanio,8
esumare,8
affermi,8
appenode,8
melme,8
compoarr,8
terrare,8
soffo,8
accampere,8
rimboschimento,8
atteggiamenti,8
tiraggio,8
gabbioneta,8
puntamento,8
bindi,8
radiografare,8
igliano,8
bastoncino,8
aderiscare,8
sondere,8
tolemaico,8
mirere,8
trapattone,8
issa,8
inevaso,8
barbablù,8
geminiare,8
fiocchio,8
gannett,8
safina,8
issime,8
facendoso,8
adagiato,8
depravazione,8
270mila,8
sceglere,8
argia,8
72enne,8
giamaico,8
appennine,8
playlist,8
indegnare,8
analiticamente,8
vicecoordinatore,8
bestione,8
lucilla,8
bipolarità,8
tartufo,8
normativamente,8
quant',8
pinzi,8
etimologia,8
dirglielo,8
denunciante,8
letojanne,8
ufficializzere,8
antitossino,8
dirvela,8
riusciretere,8
categoriale,8
mocassino,8
rischino,8
gendare,8
riapprovare,8
robicheaux,8
alimentavare,8
profusa,8
afflosciare,8
spiazzanto,8
montiana,8
erich,8
gotham,8
delinquono,8
rallentato,8
formoso,8
bollandolo,8
alleere,8
sedimente,8
sentissero,8
malelingua,8
bissane,8
correttezzare,8
comicamente,8
buone,8
ammoniaca,8
havere,8
collaborira,8
reeves,8
tavella,8
preponderare,8
mangao,8
manierista,8
creolo,8
cascato,8
abituarre,8
stoicamente,8
jenna,8
becker,8
avitecio,8
abolizionista,8
ossidrico,8
margini,8
20miliardi,8
silver,8
parapetto,8
certaldo,8
lesosi,8
lesoso,8
yamanaka,8
pluripotento,8
aspirapolvere,8
consuocero,8
camposanto,8
sorveglia,8
angoscianto,8
infermo,8
cilindrare,8
ottene,8
tiramisùo,8
cotte,8
fusello,8
altimo,8
cinisi,8
mara',8
cherubini,8
antisocialista,8
quatta',8
poli,8
cancellalo,8
anziare,8
linkedin,8
passatista,8
milord,8
altino,8
capissero,8
niardo,8
precipite,8
ferace,8
rotondità,8
epidemio,8
esposo,8
sciantisi,8
into,8
massimare,8
saffico,8
esaudere,8
contendare,8
bruttino,8
mostaia,8
cogestire,8
spartare,8
lezio,8
moscovita,8
imbarca,8
catulo,8
pregandolo,8
sbarchere,8
cesellato,8
4miliardi,8
chiamerebbero,8
servi,8
bicolore,8
economiagiulio,8
preconcetta,8
capraro,8
emaco,8
silhouette,8
brulicare,8
indebolirebbe,8
contace,8
crio,8
sevendere,8
sandinista,8
incandescenza,8
vaiare,8
attendevano,8
friulana,8
sbieco,8
enumere,8
cooder,8
fela,8
sapienziale,8
fetente,8
calcia,8
spiantato,8
impure,8
burocraticamente,8
medica,8
disseppellire,8
riapparizione,8
macellazione,8
erodine,8
gray,8
giono,8
temperino,8
sensibilo,8
aranci,8
spiega,8
zoppa,8
presagere,8
sampras,8
assenteista,8
webdav,8
profuga,8
tracotante,8
napoleonere,8
perdonerebbero,8
disomogeneità,8
rufinare,8
anish,8
scajolo,8
coccarde,8
rime,8
goliardia,8
legnago,8
barbanera,8
simpaticamente,8
chickre,8
riprendevare,8
rastrelliera,8
cucciare,8
capostipito,8
aggressivare,8
stupì,8
settebello,8
baron,8
riconoscano,8
trasfusionale,8
inabilità,8
ctbt,8
milutinovic,8
acidulo,8
graziellare,8
alacre,8
orga,8
crescione,8
aorta,8
cattolicissima,8
umare,8
replichare,8
anatomio,8
posticipato,8
profilassi,8
rifrazione,8
animalare,8
tradivo,8
itterico,8
tramontato,8
equanime,8
annegano,8
orbitale,8
ricordiamo,8
gangi,8
pretta,8
ghisare,8
zarista,8
camigliare,8
esentato,8
eluder,8
pietrelcina,8
carono,8
flautista,8
saccato,8
immarcescibile,8
scomparsare,8
achillere,8
apotema,8
bugio,8
postmoderna,8
ritrasportare,8
annogere,8
arene,8
emergenzare,8
antigienico,8
tifoserie,8
mangere,8
scongelamento,8
guerrafondaio,8
sepolturare,8
carrellio,8
giroe,8
carentare,8
benevolmente,8
rimmel,8
riscare,8
videofone,8
bazzecole,8
macedono,8
adunato,8
fertilizzazione,8
inoperoso,8
notifico,8
passamontagnare,8
perverse,8
rimpastare,8
guinea,8
amino,8
librettista,8
latro,8
rabbonì,8
glebeo,8
incrire,8
cogliare,8
ramanzina,8
albareto,8
mestieranto,8
40esimo,8
confidavare,8
scire,8
assatanato,8
calamonace,8
mnemonico,8
insoddisfatre,8
deriverare,8
ricordandoglo,8
trippa,8
contribuirebbero,8
letiziamoratto,8
calabrone,8
virtuosamente,8
opti,8
confa,8
cormano,8
laureata,8
tolentino,8
goldberg,8
baritere,8
presentante,8
oltrepassano,8
fortuire,8
sismologa,8
cpue,8
incavolare,8
epigere,8
bendo,8
femorale,8
tieni,8
arts,8
pezzento,8
archè,8
regalar,8
camminatore,8
abilitante,8
meravigliato,8
attrezzano,8
fossombrone,8
interpiano,8
murano,8
riesumato,8
attivistare,8
opprettere,8
antisolare,8
lenone,8
scorrare,8
avvalgere,8
trombe,8
mefitico,8
pendolarismo,8
eneido,8
bertolaso,8
entrire,8
agonizzo,8
coniglione,8
oleario,8
dilettantesca,8
tocquevillo,8
siltia,8
canti,8
nter,8
grass,8
spruzzo,8
perdutamente,8
celebra,8
scollare,8
bildt,8
quarantasei,8
accigliare,8
oriento,8
nazedere,8
ovvire,8
sottovalutò,8
nadine,8
gordimer,8
sintetizzato,8
orbiter,8
gracchiare,8
crawl,8
intrattenevare,8
aulo,8
luciferine,8
cnel',8
ferdinandocasino,8
rieti,8
informatissimo,8
imbranato,8
bitte,8
fettine,8
stilo,8
menagramo,8
prezzare,8
clorici,8
riedire,8
rifugge,8
morigerato,8
schlumpf,8
condannire,8
scurrile,8
simultaneare,8
claunesco,8
fisicare,8
leggerare,8
parecchia,8
valsio,8
stenre,8
iare,8
anticamerare,8
trattabile,8
eccelse,8
gradisco,8
capisaldo,8
fondisto,8
nasconderebbe,8
incontaminare,8
mercificare,8
coprari,8
nidificare,8
distinte,8
ronde,8
ratatouilla,8
operatine,8
patacco,8
contronere,8
scarabattolo,8
immalinconire,8
astolfo,8
beluga,8
tentarere,8
guardandolare,8
petina,8
cesia,8
confare,8
depravare,8
amorevolmente,8
segui,8
autosufficiento,8
articolista,8
sessare,8
dominiata,8
conculcare,8
ausiliaria,8
tondio,8
itinerare,8
eremoe,8
potrò,8
piere,8
giallino,8
allegretto,8
sostituiscare,8
estendibile,8
gelasio,8
crossre,8
strette,8
conoscevare,8
accorsere,8
ralf,8
sfogatolo,8
strummer,8
copertare,8
nottolino,8
edvino,8
lavello,8
pdco,8
monofamiliare,8
oriere,8
attivòre,8
intercapedine,8
ontologia,8
pallore,8
christie,8
debitare,8
nazionalizzato,8
astonare,8
siringo,8
gufetto,8
gateau,8
provvidere,8
lune,8
caratterizzato,8
patrioto,8
arrogo,8
proporere,8
cyberspazio,8
volre,8
potentino,8
accasato,8
esercitarere,8
partecipassero,8
mugabe,8
crescerebbe,8
ematomo,8
aviano,8
commediare,8
spagnoletto,8
vicesegretari,8
parabolare,8
cupere,8
biancorosse,8
intubare,8
sopranazionale,8
turpo,8
valgano,8
salvai,8
irresolutezza,8
scrivevo,8
perfezionista,8
bomporto,8
alicia,8
accapponare,8
eunice,8
scavezzo,8
scartato,8
amano,8
occuperanno,8
comunardo,8
calato,8
soporifera,8
pants,8
idratare,8
ventotena,8
segnala,8
sorrisino,8
impostura,8
dialoghere,8
sachsenring,8
ribaltamente,8
evidenzia,8
epatico,8
trias,8
unicare,8
carciofe,8
librerie,8
gionata,8
maree,8
allenato,8
finanziata,8
chiwetel,8
ejiofor,8
stampatello,8
scaduti,8
macao,8
sacramentale,8
abortista,8
tartaglione,8
perdito,8
incitavare,8
riaggregare,8
vampira,8
necesse,8
barretta,8
scarsa,8
riponere,8
compitino,8
sentireare,8
celebrale,8
rivolgimento,8
immigra,8
ritroverere,8
cumiano,8
osre,8
gioiscere,8
trasognare,8
cicciolo,8
contenessero,8
bifore,8
carpaccio,8
assembleia,8
tremolante,8
venerato,8
induista,8
congestionare,8
colaco,8
xxii,8
comandato,8
idria,8
verticalizzare,8
elevatore,8
1593,8
ostica,8
esvaniscsere,8
malvivento,8
convivio,8
civilistice,8
ceppa,8
murphy,8
silvioberluscone,8
esplicitato,8
smisurata,8
innaffiare,8
corteggiatore,8
subacqueio,8
douban,8
guyana,8
koons,8
dannino,8
citrullo,8
abbiosciare,8
godrare,8
eolicare,8
passeggere,8
affarino,8
iraniane,8
arriccare,8
recalcitrare,8
parmalat,8
senesi,8
precede,8
morrissey,8
affaire,8
centravante,8
strappa,8
immaginativo,8
sferisterio,8
daverio,8
zelmira,8
alberello,8
endomene,8
contagare,8
artistica,8
consoli,8
cosmopolitico,8
plexiglas,8
calvizie,8
finisca,8
trattandolo,8
canaletto,8
trecentesco,8
spaziace,8
priapo,8
sovrabbondanza,8
sempia,8
racchiusare,8
sancito,8
disistima,8
rancio,8
volgo,8
vissero,8
omere,8
arditezza,8
immischiare,8
portoscuso,8
aeratina,8
carolare,8
havel,8
respire,8
tirano,8
indemoniato,8
affluiscono,8
destagionalizzato,8
susto,8
conoscibilità,8
giurì,8
cairota,8
sciovinista,8
descrivevare,8
valuto,8
immatura,8
dardo,8
caccamo,8
farcelare,8
lottiamo,8
coccola,8
ciaccone,8
coppiare,8
amnesiare,8
piccolezza,8
alfonsa,8
estetista,8
59mila,8
resosi,8
persistare,8
pisso,8
appoggere,8
carrère,8
patologio,8
consociare,8
rimbalzato,8
riappaiere,8
gallego,8
scricchiolante,8
cenerentolo,8
aidare,8
mongolo,8
captain,8
agiterò,8
cingolato,8
bistrare,8
impogere,8
spiedo,8
raze,8
garye,8
khadzhikurbanov,8
dzhabrail,8
apripistare,8
assomma,8
fraintesa,8
dahrendorf,8
hano,8
oligarchica,8
adattere,8
commette,8
vaporoso,8
spigola,8
scillo,8
impegnatissimo,8
pube,8
spettante,8
palloncinare,8
nixos,8
scaramazza,8
risorgare,8
rimbombo,8
ciconio,8
adirala,8
linfocito,8
travolga,8
stilemio,8
ballabio,8
demistificare,8
prosperi,8
lakers,8
mundie,8
olgo,8
appartengare,8
sospesi,8
anfibio,8
rachi,8
list,8
rivola,8
tonto,8
disgrazie,8
mazzin,8
ganare,8
partoriente,8
effimera,8
mattiniero,8
paesana,8
cacchio,8
penitenziale,8
elkann,8
commediante,8
cancellatura,8
esclama,8
simpatie,8
aykroyd,8
quadri,8
38mila,8
paroliere,8
degradio,8
libido,8
turinge,8
armanda,8
refurtivo,8
francois,8
dilettantesco,8
cantastorio,8
abaneso,8
badiotto,8
chinaglio,8
sonnolento,8
compivare,8
rodano,8
consacra,8
pannolone,8
bondi,8
dorassa,8
trattata,8
eurocontrol,8
qualeo,8
quassio,8
caporione,8
beatty,8
introire,8
alina,8
acciare,8
barni,8
follonica,8
sostituendolare,8
porcile,8
barattole,8
ardea,8
arandone,8
pennivendolo,8
ettolitro,8
eschimese,8
compattatore,8
immondezzaio,8
dolorosa,8
definiscere,8
probi,8
edison,8
prattere,8
alanno,8
deformo,8
semestro,8
boli,8
raiway,8
crebberare,8
lusiadio,8
garfunkel,8
mettessimo,8
ammaina,8
losangeles,8
muezzin,8
risparmiere,8
punchingball,8
seniores,8
riattaccare,8
egee,8
suppa,8
stipulazione,8
mobilissimo,8
pitta,8
partecipino,8
algebrico,8
espatriato,8
razzidere,8
rictus,8
1812,8
apparecchia,8
alimoniare,8
useremo,8
olistico,8
bartolino,8
orchidea,8
susine,8
riforniscono,8
riempimento,8
mascolinità,8
budino,8
tenuo,8
cipresso,8
hergé,8
trascino,8
scheggere,8
occuparcene,8
esogenio,8
sottotracciare,8
appuntito,8
orsare,8
ieterno,8
inverte,8
tillia,8
bramente,8
asciuttare,8
preposte,8
edolo,8
averno,8
samantho,8
agirono,8
brucia,8
formulauno,8
reclure,8
astenure,8
vibonato,8
aggraziato,8
stazzo,8
divelgere,8
traumatizzato,8
carrarmato,8
riproposti,8
minutaggio,8
installatore,8
langua,8
trasformabile,8
rocard,8
declassificare,8
canevare,8
rettitudina,8
ubriachezza,8
travolge,8
fruttivendolo,8
bayern,8
fabula,8
challenger,8
ellire,8
massmediatico,8
spuntire,8
disfarsene,8
millenove,8
fioco,8
roulotta,8
febbro,8
62enne,8
tipetto,8
bomboniere,8
bastarda,8
trepida,8
entrerebbe,8
pillolo,8
field,8
poldo,8
ciabatto,8
zittito,8
bancale,8
carenare,8
gremita,8
finanzi,8
verismo,8
giuseppevespo,8
fonone,8
anurio,8
infertare,8
pompeiano,8
tonfio,8
voilà,8
allontano,8
contorcere,8
subo,8
infornare,8
bucaniero,8
controllere,8
sambo,8
classere,8
compost,8
illiceità,8
basamento,8
belligeranzo,8
risanato,8
percepiscano,8
polesine,8
beglio,8
mariarire,8
bandierino,8
tucul,8
ripaghare,8
scaricavare,8
conciliativo,8
ventiquattrore,8
portopalo,8
decedute,8
orfanello,8
ornamento,8
scrissare,8
scaturo,8
compiervico,8
valuteere,8
rincarano,8
agamia,8
valanere,8
autografare,8
scoraggare,8
ferriere,8
diparto,8
didietro,8
antonelliano,8
programmaci,8
650mila,8
fiorono,8
decaduta,8
gionato,8
indirette,8
islandare,8
limoncelli,8
itaco,8
delicatamente,8
toglio,8
divoratore,8
teniare,8
circonvenzione,8
detraibilità,8
riconoscendolo,8
autoconvocato,8
rinnova,8
cernita,8
livermore,8
tollerere,8
razionare,8
costruisce,8
luiga,8
must,8
invalidazione,8
ideali,8
disgelano,8
ansimare,8
diffidere,8
dirigista,8
amerete,8
fascisto,8
boccheggiante,8
piccionaia,8
dubat,8
danneggeere,8
ravanello,8
teleguidato,8
noleggiatore,8
precluso,8
romanizzare,8
barracano,8
esibivare,8
fortissime,8
spine,8
ininterrottare,8
birazionale,8
teti,8
valloriata,8
disinteressere,8
seamus,8
cipollare,8
premiante,8
varira,8
savoiare,8
osimo,8
arcare,8
spadaccino,8
udente,8
acrobato,8
checcare,8
hornby,8
disti,8
istoriata,8
comprendevare,8
villaputzu,8
accettavare,8
herbie,8
regalità,8
sinonimi,8
culminato,8
barry,8
induisto,8
atavismo,8
matrimonialista,8
arruolano,8
fotosintesi,8
resisto,8
sampan,8
cimelio,8
livreo,8
panfile,8
museum,8
oxforde,8
redare,8
convivare,8
garbagnate,8
gaetana,8
fustigazione,8
occam,8
neurologia,8
maupassant,8
pipare,8
superlavoro,8
turbino,8
musulmare,8
acacia,8
rendendola,8
zarathustra,8
disamorare,8
comminato,8
diciassettenire,8
assiomatico,8
avversato,8
sbriciolamento,8
spettacolarizzare,8
ultimazione,8
vecchiotto,8
plancton,8
mon810,8
azerbaigian,8
sergia,8
affissare,8
teda,8
incalzano,8
blasonare,8
aranciera,8
radiotre,8
ultravioletto,8
accertarire,8
agendo,8
comunichere,8
contraddistingere,8
boxeur,8
giocarselare,8
lamparo,8
modifichere,8
storming,8
arcego,8
arrerre,8
dandoe,8
nervatura,8
ripiccare,8
hongkong,8
dirigono,8
avvenute,8
sproloquiare,8
maritao,8
ponsacco,8
pesantissimi,8
deliziosamente,8
lassista,8
orinare,8
scioltare,8
calidari,8
coibentare,8
pavidità,8
nevroe,8
fiduciosa,8
neuropsichiatro,8
icse,8
bonzo,8
umanoido,8
impenetrabilità,8
limbada,8
foliazione,8
bocchare,8
buoio,8
stavare,8
grisaglia,8
cardiochirurgia,8
malaparte,8
poliuretano,8
stoviglia,8
poitier,8
santagare,8
farri,8
palizzi,8
cricco,8
classismo,8
gazzaniga,8
avene,8
connectice,8
missionaria,8
etnicamente,8
discese,8
penitente,8
ricevendone,8
quantare,8
sosterrare,8
allattamento,8
producire,8
tremito,8
dicemmo,8
impegna,8
colgo,8
craig,8
esigento,8
funziona,8
formulario,8
imbianco,8
uisp,8
prizzo,8
prematurare,8
rosei,8
disperire,8
riparabile,8
litigante,8
muretti,8
connery,8
spegnevare,8
rivesgere,8
profusione,8
acetico,8
istruere,8
classificata,8
rosettare,8
musicologico,8
abeta,8
cune,8
cancellierare,8
sbagliando,8
faunistico,8
naufraga,8
eleggire,8
loreo,8
dequalificare,8
ubbidienza,8
chiamatelo,8
contempere,8
flottalare,8
svolga,8
cipriane,8
sostituta,8
denunziare,8
matignon,8
theresare,8
beccò,8
curvare,8
incolla,8
frammentino,8
acuiscere,8
adelfia,8
sutherland,8
divinis,8
fumogena,8
guastere,8
proibere,8
supero,8
pensavo,8
venditrico,8
divisibile,8
scarpetto,8
armerio,8
smentiscere,8
lazzare,8
ridiscesa,8
vasa,8
neli,8
ariannare,8
acconciatura,8
oricello,8
maieutico,8
ventitreesimo,8
piazzettare,8
calavare,8
arrivale,8
viluppo,8
necrofilia,8
evoca,8
trafalgare,8
sferruzza,8
discendare,8
negus,8
marmotte,8
inappellabilità,8
montefano,8
accore,8
sciarro,8
curatela,8
neonatologia,8
essendoco,8
marinerio,8
detraire,8
consegnerare,8
nadio,8
stronzio,8
coricare,8
legittimante,8
conosce,8
gérard,8
immaginateve,8
curino,8
approfittere,8
iura,8
consequenzialità,8
idrovore,8
giudicabile,8
furbacchione,8
mabhouh,8
juniore,8
campagliene,8
rispondessero,8
incorreggibile,8
portsmouth,8
arrechare,8
palomo,8
garantiscono,8
volcker,8
incompreso,8
terapeuta,8
approfondimere,8
rodo,8
eccomare,8
antiguo,8
emerger,8
propedeutica,8
tattere,8
insipido,8
recuperere,8
temile,8
senale,8
agiscare,8
ingaggiato,8
bellolo,8
zootecnico,8
pleistocene,8
referenza,8
estraniare,8
stivare,8
potevo,8
reggevanore,8
lanoso,8
pasciceli,8
mecenato,8
sbrigatire,8
moncherine,8
caribù,8
iprite,8
amplino,8
aggiunsero,8
carloforte,8
convenivo,8
seguendolo,8
genet,8
madreperla,8
rapì,8
ponto,8
boscaiolo,8
perl',8
slovena,8
disertere,8
indigo,8
rispettiva,8
compensato,8
spiegarglio,8
talaltro,8
pandispagno,8
plausibilità,8
ripugnanza,8
schedato,8
internodi,8
inebriare,8
corpora,8
trarrà,8
stie,8
impedissero,8
convertendo,8
divulgato,8
giocherellare,8
taurianova,8
ventiseienne,8
transattivo,8
marchiano,8
zelbio,8
francofono,8
contrattura,8
fracassi,8
taurare,8
bacone,8
scusanto,8
balbettii,8
trifone,8
andinare,8
reagente,8
estetizzante,8
christa,8
pastasciutta,8
taurina,8
attendevamo,8
saprio,8
duplicato,8
vermiglio,8
chiendere,8
determinerebbero,8
percolare,8
buggiano,8
petro,8
porgono,8
paglierinare,8
lanciaio,8
girolare,8
verdiare,8
3600,8
stilettare,8
sordomuto,8
stentoreo,8
vucinic,8
magnifici,8
sifilide,8
itterbio,8
forzo,8
pallavolista,8
tonna,8
astiene,8
rimediato,8
ematoma,8
preferiva,8
epifanio,8
capitalizzo,8
lagunario,8
sostituìre,8
giacobinismo,8
finitudine,8
mule,8
classi,8
ukulele,8
usurario,8
doposcuola,8
biffane,8
travesta,8
assidue,8
parèpier,8
briaglia,8
scalea,8
fantapolitica,8
innovatire,8
sgozzato,8
villanesca,8
bigia,8
scanderebech,8
bravare,8
controreplico,8
voleranno,8
bagnasciuga,8
sfruttandonere,8
cursore,8
gerano,8
abissino,8
proseguito,8
colonizzato,8
malcelare,8
onzo,8
giarole,8
inchinano,8
gattopardesco,8
federalistare,8
estrinsecare,8
frangere,8
favella,8
riapra,8
deteriorarsi,8
cislago,8
potetto,8
sbertucciare,8
sostearr,8
conquistarono,8
cavana,8
milano2,8
rapa,8
ricostituente,8
martinica,8
nazionalistica,8
giamaica,8
brioso,8
sfigo,8
anci,8
celebrata,8
garbuglio,8
chiederre,8
rimedia,8
ciclicità,8
refluo,8
turnista,8
balestriero,8
azimut,8
delibero,8
novant',8
allucinatorio,8
porcilaia,8
dicano,8
ispiratissimo,8
vejare,8
bazzotto,8
autocrato,8
infiammò,8
adobe,8
strabuzzare,8
partente,8
marmolada,8
orno,8
ancorato,8
arrapo,8
acrere,8
stoppato,8
allei,8
usuraco,8
inveae,8
bellicista,8
armalare,8
giornaletto,8
escussione,8
anglofono,8
ronzino,8
gasato,8
contribuirà,8
baccherinare,8
rioccupazione,8
greensill,8
cementar,8
diserbante,8
ricasco,8
paesare,8
entusiase,8
darren,8
esplico,8
chieda,8
verte,8
globalizzazionere,8
scamo,8
vendemmiato,8
pastificio,8
sepp,8
bardellare,8
monopolisto,8
ricondotte,8
labico,8
tintinnio,8
congrue,8
affettato,8
catatonico,8
bitetto,8
torsello,8
pelago,8
agnano,8
osservòo,8
caviale,8
contropiedio,8
ripartivare,8
sibillo,8
vila,8
moratorio,8
invisi,8
yeonpyeong,8
barela,8
aerovironment,8
fregole,8
tornerere,8
185mila,8
sembrire,8
comprendano,8
pinella,8
prevalsare,8
guanciale,8
aliro,8
centre,8
valdesi,8
scannatoio,8
asciace,8
dispiaciire,8
sottolinea,8
imbonire,8
odialo,8
concesio,8
pollini,8
gondoliere,8
puttanata,8
analoga,8
ellenistico,8
debba,8
provengono,8
bacquie,8
molecolaro,8
rastrello,8
disattentare,8
insurrezionalismo,8
arringo,8
stioo,8
metanodotto,8
that,8
spiacevolo,8
probante,8
cicatricio,8
concepiscere,8
perdizione,8
striano,8
bardot,8
antinomia,8
madamo,8
cupolone,8
carena,8
leninre,8
controversa,8
crespire,8
abroga,8
succitata,8
mettimelo,8
conobbio,8
limitatezza,8
mirale,8
coccole,8
lessi,8
arcado,8
villaricca,8
albi,8
andrere,8
caravaggesco,8
leterma,8
vallona,8
francofire,8
ralph,8
stiller,8
sfasciacarrozza,8
fosbury,8
batosto,8
equivoca,8
volge,8
novena,8
ambente,8
attentere,8
osteolisi,8
settembrina,8
brancolare,8
neoeletta,8
cormac,8
imperitura,8
patatina,8
interiorizzato,8
marma,8
maldivo,8
rivierasco,8
roburre,8
coldiretto,8
leonio,8
sprofonda,8
dicendolo,8
preoccupiri,8
ttgen,8
bogogno,8
burco,8
seminudo,8
pappe,8
passale,8
debolo,8
curling,8
depredazione,8
ciane,8
impermeabilizzazione,8
marcelo,8
playground,8
burocratese,8
formulere,8
confezionamento,8
ineludibilo,8
alatone,8
rallo,8
62mila,8
gerarchicamente,8
antinere,8
qualcun,8
nerboruto,8
rasi,8
taio,8
seguirebbero,8
carriole,8
prospiciente,8
manchino,8
buna,8
favoriscare,8
obbiettare,8
picchiò,8
diocesana,8
anteponicele,8
sosterrebbe,8
venosta,8
complemente,8
coesivo,8
ingenuare,8
necessitato,8
narrativamente,8
furoreggiare,8
simula,8
spallato,8
bolso,8
esclusi,8
incettere,8
radite,8
puparo,8
avente,8
dolciario,8
crivello,8
elettrare,8
ripopolare,8
ergea,8
bilatere,8
affidandone,8
semiotico,8
chiarino,8
dinamiche,8
ricascare,8
osservabile,8
autto,8
staliniana,8
estromesso,8
belluscoonu,8
francescantonio,8
contrizione,8
scambiandolo,8
granelline,8
sequestrarere,8
risalitare,8
riferii,8
goduto,8
convivialità,8
preraffaellito,8
decideere,8
legee,8
lamentato,8
maratone,8
sciistico,8
policentrico,8
tardivare,8
ferragli,8
captato,8
vivaddio,8
deprecato,8
animalità,8
sottintese,8
landare,8
mumblemumble,8
antirugo,8
srotola,8
allestiscire,8
instillo,8
botanice,8
incombono,8
udisso,8
zawahiro,8
libanesa,8
dujardin,8
pleurico,8
obli,8
espediento,8
esotismo,8
cariatida,8
acquavire,8
contenuta,8
manovrabilità,8
bormida,8
hare,8
alcoltest,8
plutocrazia,8
personalista,8
bendino,8
ninetto,8
vidal,8
rifiutandoso,8
interrompa,8
faccende,8
austere,8
boriale,8
asserimene,8
salatire,8
crozza,8
leonello,8
formigli,8
grullo,8
attimi,8
carida,8
traducibilità,8
propellente,8
playmaker,8
riscritgere,8
endogeno,8
guercino,8
smacchiare,8
peritola,8
infiochire,8
malefica,8
satisfiction,8
dermatologico,8
ugualitario,8
maglie,8
massimiliare,8
sovrabbondante,8
estigarribia,8
volessi,8
predizione,8
finalismo,8
respinta,8
palizzo,8
maglificio,8
varedo,8
scompostare,8
caditoie,8
ridiscendere,8
ininfluenza,8
omonimia,8
truscia,8
politeismo,8
efsf,8
federatole,8
ischemico,8
désir,8
calmierante,8
congiunturo,8
archimedere,8
fiba,8
graffa,8
acrobare,8
riformistico,8
medicalizzato,8
sovrapposta,8
microeconomico,8
sublocazione,8
ciserare,8
cavalesa,8
annoto,8
pescanta,8
insussistente,8
siim,8
ogiva,8
inflattivo,8
adinolfi,8
murazzo,8
138mila,8
donacelo,8
occupabile,8
studentare,8
leaguire,8
chastain,8
declamazione,8
torchiare,8
decalitro,8
sociologicamente,8
abriolo,8
fonde,8
degasperiano,8
forda,8
autosospeso,8
petretto,8
criptoportico,8
nereggiano,8
accredire,8
geologa,8
capitoto,8
peplum,8
stagionatura,8
elisoccorso,8
servano,8
scriptum,8
assalento,8
seneco,8
finmeccanica,8
dronero,8
weibo,8
risocializzazione,8
retrodatare,8
ipogea,8
interrurre,8
bombasso,8
vacatio,8
redento,8
afro,8
presentandolo,8
incontrerebbero,8
cardellino,8
acromasia,8
xxxii,8
mcbridere,8
ambeduo,8
maps,8
riassaporare,8
raicinema,8
sosteniare,8
papuare,8
tarzo,8
nuccio,8
sbafi,8
orgiastico,8
erbario,8
masry,8
teclare,8
nerolo,8
nainggolan,8
tibaldo,8
coppella,8
populedere,8
neoliberalismo,8
cristino,8
comignolo,8
akbaruddin,8
diuno,8
sottoprodotto,8
edificatore,8
grillino,8
vincenzocassibba,8
conil,8
animoso,8
sostituito,8
reteimprese,8
liberandole,8
stormirere,8
procederre,8
rigorosissimo,8
cartigliano,8
cadevo,8
baldezzo,8
biancadigiovanne,8
grassare,8
biografa,8
piovetto,8
transatine,8
5103,8
eterogenese,8
nordsjaelland,8
stupidico,8
eccezionalissimo,8
jamie,8
significatività,8
mezzina,8
neurotrasmettitore,8
moto3,8
finitezza,8
gassana,8
cesano,8
sopraggiunta,8
interagere,8
mercantilisto,8
muone,8
amatacelo,8
retrovirus,8
lucyre,8
rannicchiarce,8
schladming,8
uvette,8
eutimia,8
ciadiane,8
estrelare,8
cantile,8
unipolsai,8
mattinae,8
andreole,8
telenove,8
dolire,8
imbriglio,8
spergiuro,7
dignitosi,7
quado,7
darwe,7
fin',7
attua,7
abacuc,7
gualtiera,7
avornello,7
quoti,7
trastullare,7
profilino,7
averglielo,7
torbiera,7
tradita,7
sotomayor,7
parafatamelo,7
degnissimo,7
divismo,7
settecentomila,7
riconoscesse,7
pazzare,7
ungi,7
gragnola,7
esiguere,7
ewan,7
ricostruì,7
ricollegabile,7
stipulato,7
oziale,7
filocomunista,7
nucetto,7
recanato,7
poggiolo,7
indossa,7
stridento,7
tarallo,7
famiare,7
ardilo,7
trabia,7
tonere,7
volenterosi,7
compilato,7
disciogliere,7
monoteistico,7
vanesio,7
scansafatico,7
bloccherebbe,7
farmaceutica,7
coimputare,7
informere,7
locatore,7
gravante,7
prendendolo,7
nuotata,7
sottilizzare,7
mendosa,7
fard,7
ricadrebbero,7
rotondere,7
smettiamola,7
rimbalzira,7
apparterre,7
noemare,7
irrispettosi,7
assatanare,7
rassegne,7
bertabello,7
sula,7
campagli,7
lisbonao,7
azalea,7
triestina,7
piccini,7
nullatenenti,7
distruggevare,7
disegnavare,7
impoverite,7
trine,7
primomaggio,7
restituivare,7
popcorn,7
brillantezzo,7
sucre,7
badiota,7
negatire,7
freschissimo,7
proposi,7
assorbento,7
alcoliste,7
dassault,7
permiano,7
vate,7
cavalcato,7
esentante,7
prepuzio,7
inquadrato,7
ultrasettantenne,7
contribuirare,7
profumeria,7
pasqualina,7
iliana,7
letterarie,7
nientedimeno,7
appure,7
stufi,7
corrispostare,7
riscossare,7
insistette,7
millanta,7
carnegie,7
lauree,7
dissacrare,7
blasfeme,7
scolarizzare,7
dissociato,7
mcewane,7
quadruplicare,7
miraglio,7
guaina,7
telare,7
mugugnare,7
centralmente,7
terenzo,7
azovre,7
avalla,7
tensia,7
riorganizza,7
stoe,7
rodeo,7
bauladu,7
2060,7
dialetticamente,7
manovrabile,7
biade,7
pericolose,7
farka,7
touré,7
britney,7
aggiunge,7
tagesspiegel,7
sparegge,7
letizio,7
prenderti,7
accoccolare,7
anarchiare,7
inusualmente,7
cenade,7
bigiante,7
wasm,7
mona,7
ripartito,7
vladivostok,7
enfatizzato,7
sistemato,7
marxisto,7
diceria,7
frequento,7
orazia,7
confusionario,7
perkins,7
mattacchione,7
nerviare,7
cateto,7
gradatamente,7
grume,7
infischiandoe,7
uggioso,7
rarissime,7
taglieggiamento,7
ebuttarsere,7
inviperire,7
piccanto,7
campagnolo,7
managerialità,7
egeao,7
manubrio,7
maraino,7
nefando,7
sorgeranno,7
cenetto,7
thaire,7
siviglio,7
corregionale,7
riuscirei,7
savoio,7
6mesi,7
veniare,7
pausare,7
introdussero,7
muffi,7
idealizzato,7
azionato,7
cambogiare,7
pedare,7
sorico,7
redmond,7
parnasso,7
devozionale,7
ancheggio,7
fulbright,7
comparatistico,7
mammolo,7
eterni,7
nemorino,7
edili,7
mezzadria,7
vegetare,7
caraunità,7
bramoso,7
guarderò,7
maltrattamere,7
ritrattere,7
disseminazione,7
erigente,7
montecarotto,7
balzar,7
svegliere,7
inapplicare,7
sbuffare,7
goliardata,7
rospe,7
trasgressore,7
indovinato,7
modice,7
1845,7
tarvisio,7
apprezzatissimo,7
nordamericare,7
royale,7
contagiato,7
macdonald,7
ninfomane,7
rawalpindo,7
bulldog,7
blogger,7
vedetto,7
spiritualmente,7
amadeus,7
ensemble,7
professionirre,7
redattrice,7
dispensere,7
rinsavire,7
chetino,7
comporrare,7
usuro,7
gismondo,7
puzzate,7
antenata,7
amatissima,7
tamia,7
sembro,7
calumet,7
win9x,7
gabellare,7
campaci,7
sacrificabile,7
albergere,7
bacchettere,7
millenni,7
isterismo,7
riconoscerglio,7
prosperoso,7
ramona,7
psicologare,7
sparivare,7
mangiavamo,7
febbricitante,7
sanna,7
lanoro,7
aggettivare,7
teologica,7
brancola,7
roddare,7
scioperiamo,7
sazietà,7
perfezionismo,7
2miliardo,7
fasciste,7
costruiremo,7
assumerebbero,7
globes,7
lasseter,7
arrabattare,7
copiosamente,7
duecentocinquantamila,7
scismatico,7
mancherai,7
particolo,7
presago,7
wrestling,7
offuscamento,7
giunere,7
fossilizzare,7
gettavare,7
effettuavare,7
dovero,7
bevo,7
effettui,7
vignettisto,7
espressa,7
interdisciplinarità,7
giporno,7
tenevo,7
picare,7
rachida,7
favoreggiatore,7
sottopor,7
putsch,7
dipartimentale,7
cimai,7
paternalistice,7
vicepreside,7
pomarance,7
rogers,7
ramaglio,7
sincronizzazione,7
tipicità,7
silla,7
serdiano,7
motorine,7
vocione,7
scenata,7
tiranneggiare,7
risuscitare,7
accinso,7
ilministro,7
uffa,7
discuteranno,7
martellamento,7
autonomio,7
provincere,7
ciarliero,7
yahoore,7
potessimo,7
future,7
scarlett,7
johansson,7
alec,7
appunta,7
riconducibilità,7
aguzza,7
disapplicare,7
erme,7
evita,7
notariato,7
divenendone,7
ottempero,7
esplodessere,7
youssou,7
istituì,7
murga,7
dandole,7
scelleratezza,7
tonificare,7
ebbeno,7
gruppuscole,7
eccocio,7
transitore,7
tagiko,7
coniglietto,7
volpino,7
amalteo,7
antirivoluzionario,7
smosso,7
vultura,7
penitenziari,7
bintray,7
tiado,7
peruviare,7
subiaco,7
postdatato,7
mansuère,7
profumatamente,7
preoccupere,7
fedorare,7
pcimo,7
accostato,7
genovesi,7
dov',7
invoco,7
afghanistane,7
chiederebbero,7
americanismo,7
scuoto,7
molga,7
montelepre,7
celebravare,7
capobanda,7
gobba,7
cuffietta,7
ideologio,7
scippato,7
chattare,7
risentimere,7
covato,7
cassaforto,7
guerrigliera,7
assorbito,7
diesa,7
saltello,7
torvajanica,7
andreaorlare,7
massaggiare,7
limoncelle,7
apiroe,7
stereoscopia,7
infreddolito,7
antimafiare,7
aquitanio,7
autostimo,7
gongolo,7
emulativo,7
mancio,7
muggiò,7
resiste,7
soffrirere,7
disinvesto,7
deificare,7
filcem,7
panificatore,7
31maggio,7
provenzale,7
approvo,7
prescelta,7
velista,7
diciamocelo,7
divengare,7
anticipata,7
diroccare,7
maseru,7
gabellante,7
fronzoli,7
scampar,7
riportino,7
palpitare,7
ilota,7
piane,7
gallipolo,7
mannello,7
bisello,7
sapessimo,7
ghirbo,7
ricominciamo,7
stinto,7
ateleta,7
accuratissimo,7
succedersi,7
elfi,7
justine,7
1350,7
trionfere,7
zhejiang,7
ripresentato,7
grondaia,7
zonzo,7
additino,7
cominciassero,7
4mesi,7
decisiva,7
inamovibilità,7
cartona,7
davamo,7
documentatissimo,7
pacchiare,7
impasta,7
adepta,7
branzine,7
medicazione,7
quadrupedi,7
dimostrerare,7
gradivare,7
ileo,7
ammonte,7
elazione,7
maledette,7
cinquantatré,7
cablare,7
oppostare,7
retore,7
funzionato,7
operarono,7
probatori,7
protrarrà,7
commendevole,7
concettere,7
infarcito,7
arengario,7
paesaggisto,7
tonalismo,7
brunevere,7
preallarme,7
persuasi,7
osteggiato,7
nevrotica,7
mostrarere,7
egista,7
molfetto,7
sparirono,7
pezzale,7
obbligazionisto,7
bottegare,7
immagazzinamento,7
leonino,7
ortografia,7
altrovere,7
copenaghenre,7
edotto,7
arabare,7
casalbore,7
intimiare,7
traslazione,7
ilei,7
teledistribuzione,7
agraria,7
bisceglia,7
merendo,7
arrondissement,7
talentuosa,7
pensavare,7
chirale,7
quadrumano,7
periziare,7
irriferibile,7
emanato,7
chiariscare,7
emerse,7
rigonfiamento,7
traiettorio,7
pecorellare,7
singhiozzare,7
stanzino,7
maturandi,7
disinvolgere,7
fermassero,7
insapore,7
accendore,7
buick,7
trovandolo,7
moggare,7
accentura,7
ufficializza,7
ostracizzare,7
sigario,7
domato,7
illusi,7
200milioni,7
colpare,7
marjana,7
dispongare,7
cambiassero,7
luparo,7
spedizioniero,7
portai,7
rincore,7
lodèo,7
malandrino,7
sismicità,7
destituita,7
rinnegato,7
crisalide,7
doherty,7
boere,7
levitico,7
ureo,7
comandate,7
pentagramma,7
globulo,7
rifatte,7
divisionismo,7
popolavare,7
lottarere,7
adultero,7
slavofobia,7
generalisto,7
cretare,7
sumo,7
precotto,7
sotterfugi,7
regolar,7
badile,7
impadroniscere,7
augurale,7
erbe,7
gremitare,7
cronometrare,7
bilare,7
anere,7
venutase,7
bacione,7
divide,7
campeggiavare,7
cineforum,7
rifiutò,7
muovessero,7
sfasciato,7
riteniamo,7
litvinenko,7
laden,7
austera,7
imbestialire,7
pagherò,7
arcigay,7
alateci,7
primattore,7
brasiliare,7
urge,7
stroncira,7
affondere,7
contudere,7
concepere,7
subirebbe,7
viciname,7
deputa,7
comignoli,7
gratuire,7
percorribilità,7
downstream,7
svolgessero,7
udegiovannangelo,7
immaginavano,7
facci,7
ricordarge,7
retino,7
figliare,7
guadagnar,7
banchisto,7
luigia,7
ricognitivo,7
anatomy,7
rimetterebbe,7
votivo,7
eddie,7
mondadoriano,7
centosedico,7
bibiano,7
terroristica,7
incistare,7
avvallo,7
sbilancio,7
hitleriare,7
rimetta,7
ruotavare,7
incornare,7
cosmogonia,7
spiegata,7
affondi,7
suicidatoso,7
scedere,7
esplogere,7
paramano,7
lagrecia,7
bomboniera,7
polsino,7
occupata,7
natica,7
diciannovenno,7
scatenanto,7
tera',7
febbrilmente,7
trentanovere,7
celebrante,7
detonazione,7
introduttiva,7
dubitavare,7
dimagrino,7
richardson,7
monopolizzato,7
millibar,7
impone,7
immettare,7
graduatorie,7
diavoli,7
ufficiosi,7
frisia,7
snidare,7
atlere,7
raptors,7
giallio,7
etnologo,7
strutturalismo,7
predare,7
seguirono,7
adulterato,7
saputo,7
lanettare,7
passammo,7
ambi,7
tremae,7
avanzavare,7
soppalco,7
depone,7
tanico,7
ilministrogiulio,7
ilary,7
fissere,7
stancacelare,7
esibì,7
cascino,7
carbonella,7
cicere,7
pddario,7
glossa,7
nonviolente,7
votiamo,7
maldine,7
parevare,7
accorassi,7
tentata,7
sfiguro,7
conselice,7
rischiòre,7
rida,7
appreso,7
scaleno,7
storcei,7
definisco,7
minala,7
statemene,7
rivincire,7
ridur,7
esultato,7
papisto,7
enzocosta,7
beneventere,7
sindacalmente,7
sorridevare,7
risolvo,7
fujitsu,7
qlella,7
zuccherificio,7
ammarino,7
cassel,7
appiolo,7
condizionino,7
abenzio,7
magnitudine,7
casertare,7
citire,7
motivandolo,7
fideliare,7
immaginaria,7
anhoèare,7
cimole,7
deposire,7
infanere,7
evasio,7
esistenzialista,7
stratos,7
elevatissima,7
contrattato,7
insoddisfatta,7
trentanovesimo,7
mbondo,7
funesta,7
cercace,7
complottasto,7
tacciono,7
interlocutrice,7
assolre,7
rovinato,7
illiberalità,7
originalissima,7
madrilena,7
vangare,7
pueblo,7
fabbricabile,7
contorcimente,7
bamboccio,7
vegliardo,7
scaltrezza,7
plurienne,7
francomarino,7
crocerossa,7
dogio,7
redigente,7
ugolo,7
idiote,7
crostaceo,7
overdose,7
uscano,7
zigomo,7
ostarmele,7
calamire,7
barole,7
avveniristica,7
uxorio,7
organetto,7
forcella,7
dirvelare,7
catode,7
raccare,7
multatocio,7
sgraffignare,7
psoriasi,7
accadico,7
canterare,7
federasse,7
ricomponibile,7
finimondare,7
encomo,7
vorrai,7
deformante,7
moltissima,7
oscuramente,7
panche,7
ottiene,7
complicata,7
stupenda,7
tripletto,7
rate,7
picciolo,7
favorivare,7
strenuare,7
aggirato,7
illusore,7
nens,7
comoda,7
berchidda,7
recipiente,7
duronia,7
arischio,7
biossido,7
malaguto,7
esploe,7
inducendolo,7
coniughare,7
laburismo,7
commuovire,7
estesso,7
incolte,7
scivola,7
ricomincio,7
biondina,7
vampato,7
paracarro,7
bracere,7
riproduttore,7
nullatenente,7
legista,7
votae,7
imponeva,7
meteore,7
azteca,7
iliade,7
ernesta,7
analogare,7
animalesco,7
paratissima,7
chianno,7
sindacalizzazione,7
dialoghare,7
mosto,7
sorpassato,7
malcelata,7
partecipatissimo,7
malumori,7
chiamando,7
diffusasi,7
goard,7
randellare,7
strio,7
agambene,7
bevitore,7
posterità,7
calaze,7
cauta,7
avezzare,7
surfer,7
snoopy,7
gallettare,7
aure,7
paudere,7
giulietto,7
resistettere,7
riattraversare,7
sombrero,7
asteroide,7
simbolizzare,7
languido,7
ripetutere,7
spostandoe,7
melegnano,7
autobombo,7
chiatto,7
affascina,7
cacio,7
paccheggere,7
bambolo,7
amplificano,7
spinre,7
coadiuvato,7
roddick,7
fecio,7
volugere,7
sfracellare,7
ripensira,7
etilene,7
riconducare,7
italiamario,7
mettiamo,7
simonecollino,7
prayre,7
prominente,7
purpureo,7
traccare,7
orgando,7
campanila,7
sedermo,7
tadao,7
alberghiere,7
115mila,7
sorveglianto,7
chiederselo,7
gemine,7
imposa,7
quand,7
appesa,7
carroll,7
anabolizzanto,7
ultrasuone,7
berono,7
disobbediente,7
galliani,7
shaw,7
rettamente,7
miserio,7
pertugio,7
meticcia,7
dominion,7
sope,7
svante,7
insopportabilmente,7
alesi,7
logora,7
17esimo,7
bottegaio,7
ameirn,7
irving,7
intervenirre,7
lene,7
militaristare,7
riprendessero,7
irriducibilmente,7
botswano,7
genetisto,7
travolti,7
cinquantaquattro,7
esauriento,7
squartare,7
anelato,7
abbordo,7
corifeo,7
voluttà,7
scaturari,7
phelps,7
fenditura,7
risarcitoria,7
panicati,7
rispettavare,7
costringevare,7
redense,7
filibusta,7
rilevo,7
timpano,7
progredito,7
bucherae,7
parlova,7
passeggiano,7
millimetrica,7
scartabellare,7
boicottere,7
nazionalmente,7
calderole,7
greengrass,7
viggo,7
mortensen,7
duvall,7
soffiò,7
esterne,7
chiederei,7
imbecillità,7
cintola,7
consociata,7
upre,7
mede,7
longiano,7
avvenuti,7
sgrammaticare,7
paesaggista,7
collochare,7
eppuro,7
vesprio,7
diparta,7
edipico,7
ectoplasma,7
pagliacciata,7
ridiscuttere,7
riposi,7
supporta,7
rafare,7
fruttuosa,7
almamegrettare,7
lacino,7
mortaro,7
sottaciuto,7
goodman,7
succedevare,7
concentrerare,7
elessero,7
aranza,7
riattire,7
munente,7
aggiungevare,7
amanuenso,7
assistevare,7
dentiere,7
trasportabile,7
covent,7
chick,7
divertivo,7
anteposta,7
bento,7
sacha,7
apprese,7
sctp,7
denuclearizzare,7
ottantadue,7
spossare,7
scialacquare,7
trasformassero,7
scombinato,7
torrione,7
chiarellare,7
anticipatrice,7
sensibilissimo,7
rivelandoso,7
mestatore,7
interessere,7
ossea,7
estella,7
nascondevano,7
cavilloso,7
ingabbiato,7
liberandoso,7
mazzare,7
affidandoso,7
levòre,7
professionalizzare,7
pecorare,7
7miliardi,7
bombolotto,7
pignorato,7
mississipi,7
smista,7
fluttere,7
maneggia,7
condimo,7
caco,7
safeno,7
imbroccare,7
egalitarismo,7
vandano,7
servitare,7
salinario,7
peronismo,7
prezzolato,7
stanzia,7
guair,7
accalcano,7
fosca,7
arresero,7
bracciare,7
ribellò,7
estrosi,7
talamo,7
rivellino,7
ottantotto,7
sabotino,7
290mila,7
captai,7
gras,7
cortocircuite,7
ospito,7
conservere,7
tagliatini,7
letino,7
reclinare,7
beava,7
beauvoir,7
collego,7
producesse,7
paginone,7
ciondolo,7
monumentalità,7
sbarazzino,7
equatore,7
derisorio,7
cesana,7
caratterizzarere,7
autodafé,7
autodeterminare,7
astuccio,7
alleggeriscare,7
localisma,7
bidona,7
apparsa,7
51enne,7
affettere,7
fosforata,7
delirare,7
gioa,7
luando,7
telekom,7
newco,7
calmiere,7
ingentilire,7
osteoporoso,7
saggistare,7
vacanto,7
indurimento,7
trapassato,7
ridio,7
notariare,7
formalistico,7
sedentario,7
trovano,7
pogno,7
tackle,7
paganelli,7
ruvo,7
retropalco,7
immersa,7
sclerosi,7
regredere,7
orta,7
patrii,7
vellere,7
gige,7
pregrere,7
monarco,7
aragli,7
bizzarri,7
loredare,7
fimeuilm,7
aerobus,7
citatissimo,7
occhino,7
gentilo,7
avant,7
erseppresentere,7
porremo,7
ribbentrop,7
dirai,7
osca,7
divisero,7
formatese,7
francescare,7
esare,7
consentendole,7
psicopatologico,7
realizzavare,7
riferiscore,7
gaiare,7
addebire,7
suda,7
rendiamone,7
commossare,7
maronita,7
trentaseienne,7
espressero,7
ninno,7
squadracca,7
collegavare,7
aanco,7
carn,7
cambieremo,7
tenendolo,7
ciuco,7
tabellina,7
ubriacante,7
boccaccesco,7
apontino,7
slivere,7
giardinaggio,7
potendolo,7
incontentabile,7
duevilla,7
terremotate,7
allaga,7
rituffare,7
sentendomo,7
evelina,7
schnabel,7
miliario,7
arcato,7
squattrinare,7
festicciola,7
dispieghare,7
vivesse,7
semidistrutto,7
cruna,7
scandinavere,7
wishful,7
prontissimo,7
lobbisto,7
getterebbe,7
barnabao,7
salvale,7
coagulo,7
pernottamento,7
fuggo,7
ordinarietà,7
pilotaggio,7
descrivo,7
mortaretto,7
costolo,7
creassero,7
aiutiamo,7
tagiki,7
uzbeki,7
ovada,7
postai,7
badereo,7
tirò,7
animar,7
contira,7
fotogenico,7
dolosamente,7
scontrarere,7
affrontabile,7
caldura,7
germanista,7
innocua,7
porcelline,7
romain,7
osalare,7
navigabile,7
abbandonirò,7
discute,7
denudato,7
sciolge,7
fanaleria,7
malio,7
margina,7
somie,7
bellissima,7
riconobbe,7
trascritta,7
anticongiunturale,7
pescheria,7
baluginare,7
gravo,7
collegandolare,7
entracque,7
annodi,7
concavo,7
edifico,7
fascicole,7
sentirei,7
affluento,7
larichiesta,7
appozzo,7
quattrocentesca,7
oggiconnoi,7
simonere,7
capitribù,7
aride,7
verificatosi,7
positivista,7
sdama,7
scordo,7
esisterebbe,7
supplere,7
biomeccanico,7
cadilo,7
inchiodo,7
vanifichare,7
commuovare,7
19esimo,7
tedoforo,7
raccontassero,7
incaprettare,7
durarere,7
macacho,7
butterino,7
treia,7
cardinalizia,7
geme,7
energica,7
reità,7
abulico,7
lanciafiamma,7
ammodo,7
bamboletta,7
declinano,7
facilitinare,7
pediatrio,7
spassa,7
contadinare,7
pennasilico,7
gianellare,7
operere,7
alessano,7
ludovica,7
enfaticamente,7
cariddo,7
spostandolo,7
spunte,7
ostensione,7
abbandonino,7
caldi,7
ammaccatura,7
arenatosi,7
verificarono,7
mandando,7
adduttore,7
sfascare,7
massignano,7
malanno,7
leonella,7
palazzomadama,7
riducendonere,7
elettrotecnico,7
onassis,7
perbeno,7
maculi,7
classificabile,7
soio,7
scopriremo,7
veggente,7
pearson,7
dite,7
sative,7
invidio,7
denunciavamo,7
tossicomane,7
renderanno,7
vego,7
diabeteitalia,7
48588,7
count,7
ferla,7
nations,7
zecchino,7
scommettevare,7
presento,7
impaginazione,7
rifecere,7
approvasso,7
polisportivo,7
smentisca,7
uscii,7
rocchetta,7
connettore,7
vivano,7
ruotante,7
diapason,7
sottofore,7
obbligata,7
serialre,7
reclamato,7
anestetizzato,7
pynchon,7
potugere,7
cianfrusaglia,7
insignitare,7
alluda,7
radioattiva,7
impulsivo,7
litighare,7
omicido,7
divertiti,7
applichere,7
lottatore,7
ballarcidere,7
amarcelare,7
crandola,7
strinato,7
obliterare,7
cencioso,7
tunico,7
tarja,7
halonen,7
treviero,7
allumina,7
rispeccare,7
conoscitivare,7
abbadia,7
culatello,7
dentato,7
ripromesso,7
opto,7
dicendomi,7
ciurma,7
missarglio,7
bollicine,7
indecidibile,7
reeve,7
riletta,7
terrorizzante,7
iperreale,7
bundeswehr,7
interrogatore,7
riutilizzabile,7
salivere,7
indore,7
tassabile,7
laniero,7
uilcom,7
polissena,7
avvantaggiato,7
sentivre,7
ciste,7
muliebre,7
anko,7
orosco,7
bruge,7
faraire,7
folgorato,7
agape,7
altidona,7
comodare,7
gretare,7
ghettizzazione,7
appalgere,7
viscoso,7
gingillo,7
elesse,7
disgiunte,7
preziosità,7
protestatario,7
soino,7
vincesse,7
brandente,7
topere,7
goebbels,7
aderirono,7
desiderosa,7
capipopolo,7
consumata,7
freere,7
benemerenza,7
ladispolo,7
rinvigorito,7
disinformare,7
alligna,7
odoardo,7
appoggeranno,7
carolyn,7
sbuffo,7
raccontarere,7
confederare,7
sgominato,7
centenaria,7
insorre,7
sottostimato,7
dirigo,7
arrotino,7
yonhap,7
dissenteria,7
63enne,7
pluto,7
schiattare,7
aggiungiamoe,7
1milione,7
apporte,7
francae,7
fiatmirafiore,7
santonare,7
stadere,7
santona,7
corporation,7
coniugo,7
torma,7
baracelo,7
respinsero,7
rappresenta,7
topare,7
shakee,7
lotterio,7
osasso,7
palina,7
3200,7
frequentatrice,7
barulla,7
clav,7
rivendichere,7
elevamento,7
everything,7
imbucato,7
servane,7
montepasco,7
striminzire,7
thailandiare,7
accudito,7
coesionere,7
presenteere,7
zenare,7
definiamo,7
risolverebbero,7
considerandole,7
quantificato,7
branagh,7
scorbutico,7
2042,7
1826,7
benedite,7
rocchetto,7
brodino,7
finiresta,7
orse,7
ventottesimo,7
soufflé,7
spessissimo,7
cirare,7
cerbero,7
ululante,7
piango,7
ripassata,7
menzognero,7
cirillico,7
incontrala,7
cenerentolare,7
salvatrice,7
cormare,7
ciacci,7
inflazionato,7
legifero,7
competitiva,7
election,7
seppi,7
lamentere,7
alberona,7
ucla,7
8500,7
creditorio,7
xeres,7
argentine,7
cenesello,7
antares,7
begare,7
agiatezza,7
denegale,7
insegua,7
incastonato,7
lavativo,7
desolatamente,7
conla,7
congressional,7
carneade,7
adultere,7
opine,7
verdesco,7
nichelino,7
episcopo,7
aggallo,7
costellino,7
configurabile,7
contraddistingue,7
azzurrare,7
parametrire,7
ambiguere,7
fotocopio,7
chiediare,7
vacui,7
irrire,7
interpretavare,7
segregato,7
abbacinante,7
superfetazione,7
perquisita,7
superminimo,7
tibullo,7
demma,7
lavarsene,7
turkmeno,7
nasetto,7
agisso,7
cagnetta,7
zapare,7
falesia,7
tronfia,7
interventistare,7
accadevare,7
xxvi,7
panoramice,7
tentao,7
fuliggine,7
strombolio,7
stagna,7
tratteggiato,7
riempì,7
alpo,7
scoordinare,7
eliminatorio,7
gipare,7
scassinare,7
quarantunenne,7
alberese,7
balda,7
euanfo,7
agresto,7
sopraelevazione,7
lavavare,7
coere,7
distolgere,7
occulgere,7
boicottato,7
amaltea,7
flaei,7
adoravare,7
roseto,7
policromia,7
ripetére,7
baciatore,7
spedì,7
supercoppare,7
cassinare,7
pollina,7
gemito,7
acinoso,7
gomitolo,7
scodella,7
bevente,7
lascire,7
baeldung,7
tamburi,7
malvista,7
rimandavare,7
stirpa,7
blusa,7
varna,7
scongiurio,7
oaso,7
graffire,7
oates,7
pattinatrice,7
daino,7
calcestruzzi,7
ripostiglio,7
dickinson,7
impropri,7
parastato,7
bascapè,7
pervasa,7
epopeo,7
educa,7
caposelo,7
gavettone,7
alzano,7
baccanale,7
messicana,7
vacuo,7
compio,7
mestruale,7
precampionato,7
licopeno,7
libo,7
penningere,7
osammo,7
udivare,7
venoso,7
elettrocardiogramma,7
ritorco,7
divincolare,7
interpretandolo,7
meretricio,7
contentissimo,7
guardato,7
eseguari,7
pessano,7
canalone,7
direzionare,7
ammaestramento,7
pugna,7
afflittare,7
gitana,7
daccio,7
townshend,7
autonomisto,7
pettinato,7
indigestione,7
crudela,7
serendipità,7
degente,7
cornalire,7
filologicamente,7
borgare,7
asare,7
digerito,7
festaiolo,7
trascuro,7
dreamworks,7
pita,7
sommore,7
irrigidiscere,7
antey,7
rialzato,7
gustave,7
anticonvenzionale,7
rilevantissima,7
pesavo,7
leonida,7
afrodisiaco,7
accantonatare,7
ricandida,7
azzardino,7
strofinare,7
tocca,7
lampio,7
statuine,7
spacchare,7
cronistorio,7
seguitissimo,7
strepito,7
blackwater,7
riabituare,7
accademismo,7
accendevare,7
stoppia,7
cassiano,7
virilmente,7
tribalismo,7
poltronere,7
parèiso,7
galalito,7
borsaio,7
smagrito,7
emoglobina,7
assumano,7
telecronaca,7
sturm,7
sontuosamente,7
tombare,7
riconobbero,7
collegno,7
patrioti,7
strillone,7
alfabetizzato,7
massiva,7
forlìo,7
beneamato,7
resuscire,7
zioai,7
essenre,7
interroghere,7
laureande,7
barocchismo,7
jare,7
malevola,7
terni,7
divorano,7
matriarca,7
carboncino,7
cossovo,7
rimodernare,7
univ,7
asimmetrio,7
demolitrice,7
riappacificare,7
celerio,7
sospettosi,7
estetismo,7
aperta,7
cittadello,7
solidaria,7
twin,7
arteficere,7
bottegaie,7
partia,7
secentesco,7
lazisa,7
flaminare,7
sally,7
sismologia,7
presenzialismo,7
telegenico,7
reggiocalabria,7
ripulita,7
combaco,7
dench,7
grandinata,7
crematorio,7
litoraneo,7
emetta,7
primi,7
penalizzo,7
incantevolo,7
autotutela,7
assettare,7
tanaro,7
ecru,7
derogano,7
vejjajivo,7
benvista,7
machiavellico,7
fondiare,7
repressi,7
ignominioso,7
collaborazionismo,7
incombare,7
accompagnatrice,7
decidevere,7
dividendi,7
recepiscare,7
interloquere,7
arenoso,7
sgangherata,7
sessantennio,7
ghostbusters,7
cerile,7
indeggere,7
baggiana,7
crossmedialità,7
configura,7
peserebbe,7
adelgardo,7
ultraottantenne,7
gimcana,7
tonaco,7
spinacelo,7
uttar,7
autoreta,7
ambiziosissimo,7
discreta,7
fukuyama,7
lutazione,7
manarese,7
solea,7
architravo,7
moltiplica,7
poderosa,7
cagna,7
animona,7
confacente,7
temporalità,7
archibuge,7
sospere,7
avvilimento,7
ashkelon,7
velario,7
fumone,7
proprietaria,7
protezionisto,7
potercela,7
atrofizzare,7
borat,7
valicho,7
piaco,7
garbinio,7
scrostato,7
netflix,7
grazio,7
solite,7
procediamo,7
ponga,7
farraginosa,7
treguare,7
emile,7
formichina,7
vicegovernatore,7
bisanzio,7
commissionino,7
azzerere,7
sbrindellato,7
occhialerio,7
antiquare,7
giovani,7
agirebbero,7
petalo,7
frontaliere,7
spremuta,7
tundra,7
tripartizione,7
applico,7
partio,7
bolscevismo,7
nasci,7
ricombinare,7
indussere,7
raccontata,7
jackman,7
vanessare,7
lomelino,7
controversi,7
cope,7
mignon,7
fittare,7
legnetto,7
irrevocabilmente,7
dissento,7
ritenre,7
conservò,7
provvidenzialistico,7
repressire,7
rosaro,7
labaro,7
evoluzionismo,7
produttivamente,7
decubito,7
prizzare,7
indagina,7
preavvertire,7
quanuto,7
rase,7
galeone,7
murato,7
macchinosità,7
micromega,7
coinquilina,7
propositore,7
alteo,7
sottoponare,7
celibe,7
bevila,7
marcetello,7
barbados,7
voluttuario,7
sapessare,7
eurosia,7
remana,7
pegaso,7
prosciolti,7
galero,7
microampera,7
aiuterai,7
finiamola,7
medicato,7
arruffato,7
combattire,7
svitare,7
strass,7
piazzaaffario,7
raddoppiere,7
riducendola,7
circumvesuviano,7
bisognerebbe,7
sanremesi,7
affettire,7
impressionere,7
sopportere,7
1851,7
furre,7
pedissequa,7
decompressione,7
barala,7
conglomerata,7
rocambolesca,7
brezzo,7
testimonierebbero,7
giudeio,7
liquefare,7
relationship,7
ifil,7
bacala,7
lavanderio,7
carugo,7
miscredento,7
sharia,7
restaurire,7
puttaniero,7
manifestatasi,7
boriata,7
apprezzamentare,7
cavallero,7
arancino,7
feltra,7
sampdoriare,7
ibero,7
regalavare,7
autosufficienti,7
tossire,7
scempiaggino,7
sicure,7
rabberciato,7
mandatario,7
malvestito,7
vellutare,7
bordato,7
emoticon,7
shantung,7
figc,7
bocciardo,7
vitelli,7
aquara,7
oaggio,7
probabilissimo,7
infiammato,7
popòre,7
mazarese,7
ritrire,7
lessero,7
agliare,7
mirello,7
dormentisi,7
affardellare,7
sincrono,7
costar,7
valgo,7
parolaio,7
pentagone,7
permettessero,7
acrile,7
cronicamente,7
trionfi,7
benedeggere,7
fanfaro,7
convinsero,7
fatemie,7
catastrofisto,7
cantieristico,7
commessano,7
scarcera,7
carenno,7
transo,7
carnevalesco,7
divinamente,7
nullafacente,7
incontravamo,7
tabuccare,7
batterare,7
tolta,7
piovvere,7
adottabilità,7
lasciame,7
rivinto,7
teffre,7
traducendolo,7
divulga,7
tremagli,7
ritessere,7
compor,7
incontravo,7
preziosissime,7
idalina,7
sepolcrale,7
assiepato,7
convocherare,7
idio,7
mazzuole,7
cric,7
paleolitico,7
uffo,7
mistificato,7
sospevere,7
imparai,7
pelletteria,7
circospetto,7
leggeretere,7
oziace,7
ritrovata,7
rosicare,7
partoriscere,7
sognere,7
collocabile,7
aleggare,7
limitrofare,7
consecutivamente,7
agenzio,7
elesso,7
grossissimo,7
zoppicare,7
bypass,7
sosteniamo,7
rispettandone,7
fruga,7
camerunare,7
benra,7
estensibile,7
macule,7
pochissima,7
impieghere,7
acculturare,7
profondi,7
atomizza,7
altra,7
sontag,7
vinila,7
deprezzare,7
18esimo,7
rappresentassero,7
escavazione,7
provoco,7
tradizionalismo,7
terrei,7
silometro,7
adalrico,7
aggeggio,7
confarvico,7
smobilizzare,7
spintarella,7
tolre,7
nunziare,7
patate,7
ricaard,7
derek,7
nicasio,7
ripercuotare,7
centocinquangere,7
chico,7
buarque,7
xiio,7
assembleario,7
laminazione,7
finanze,7
cpubiblico,7
battigia,7
agiere,7
pocooparzialmentenuvoloso,7
archetipico,7
fervetto,7
incroe,7
mediooriente,7
accolgono,7
pubblici,7
correr,7
supplica,7
denunci,7
stilla,7
predestinazione,7
ombrellino,7
ingoi,7
tresca,7
somaticio,7
italiarazzismo,7
stravinso,7
tarato,7
prugna,7
saggisto,7
lovecraft,7
timoteo,7
incantamento,7
madrelingua,7
apico,7
vibrafono,7
orbe,7
preoccupavare,7
scarsezza,7
raggiungerebbero,7
agendare,7
dodga,7
trasformasse,7
rompa,7
collagnare,7
ghermire,7
sventurare,7
deduco,7
rigorirre,7
glbt,7
presunte,7
saggezzo,7
marianere,7
bersagliato,7
armonizzato,7
dietologo,7
smilzo,7
assottigliamento,7
armassare,7
settembrino,7
rendeere,7
snobistico,7
petrina,7
stoker,7
glassa,7
soggettiva,7
discenda,7
animalismo,7
pentamero,7
ivancimmarusta,7
cimice,7
augurarmo,7
defamation,7
bollò,7
festeggiò,7
approfondisce,7
cantonale,7
costaglio,7
monolito,7
frasco,7
venero,7
antisequestro,7
chese,7
regalarere,7
ardese,7
rometto,7
figliastra,7
1864,7
nefare,7
contemperamento,7
decidete,7
rigidezza,7
escludevare,7
aronno,7
emerico,7
sgarbare,7
tranviere,7
dargliela,7
girata,7
antisofisticazione,7
costatare,7
strettissima,7
esimio,7
adotta,7
cremo,7
nosocomo,7
ulricho,7
manfredio,7
glaucoma,7
bombetta,7
entusiasto,7
pudicamente,7
sfornato,7
industro,7
basata,7
algebra,7
contrabbattere,7
scorticare,7
fallica,7
temo,7
montecassino,7
allineo,7
suggerirglio,7
pervasiva,7
platt,7
chiedendogre,7
desister,7
efisio,7
panchinaro,7
anarcoido,7
aidone,7
espn,7
tabernacolo,7
spregiudicatamente,7
smeralda,7
preavvisare,7
strattone,7
belante,7
lavato,7
percepite,7
sollecitamente,7
mondani,7
tiradritto,7
direte,7
redditizie,7
spontanei,7
riformedere,7
cumano,7
irrogazione,7
brokeraggio,7
predispongire,7
agiografico,7
abbcamo,7
ciprio,7
finemente,7
sibillina,7
comparere,7
matrigno,7
zootecnia,7
boccioni,7
argenteria,7
sblocchere,7
fiommaurizio,7
attacchere,7
frazionato,7
indisciplinare,7
pazzio,7
fermiamocare,7
notore,7
reperiscere,7
mitragliata,7
inapplicabilità,7
reificazione,7
passone,7
isolde,7
leggiadro,7
abbaiato,7
pascicele,7
tognozzi,7
pontello,7
giusy,7
metterglio,7
youtuba,7
fracassato,7
bacile,7
visa,7
adulazione,7
incidentalità,7
semente,7
condivettere,7
meier,7
eltimo,7
disinteresso,7
pentotal,7
cospira,7
riterrei,7
cabloo,7
immanuello,7
digestivo,7
icore,7
fuggirono,7
prosciolto,7
gruppoalbatros,7
almare,7
percepare,7
viziosi,7
adulatore,7
maciullare,7
videlare,7
raparcisi,7
sgocciolare,7
malnare,7
rumorosi,7
sgombre,7
teen,7
bische,7
levone,7
duplico,7
distrarrere,7
fusovo,7
preponderanza,7
anticolo,7
sceranno,7
filastroccare,7
applebaum,7
rimoto,7
brembato,7
nocchiero,7
ancono,7
spendaccionere,7
menopausa,7
parmenso,7
vispo,7
furbetta,7
inventavare,7
mazziero,7
scioccato,7
prolungere,7
altea,7
scriba,7
duravare,7
svanere,7
ilire,7
voltagabbano,7
marebbe,7
inviavare,7
smithfield,7
ouattara,7
pistoleso,7
parastatale,7
anagramma,7
astuzie,7
potersela,7
niellare,7
dinoccolato,7
brunetti,7
chiacchierone,7
bustaio,7
obbligazionaro,7
giovannino,7
papillon,7
incubatrice,7
serrate,7
flemma,7
semianalfabeta,7
squartatore,7
demento,7
centinaiare,7
piamente,7
euro2012,7
matrizzo,7
merdare,7
buzzato,7
ternane,7
attrare,7
siltio,7
acefalo,7
misantropo,7
copialo,7
patrona,7
netturbine,7
ansimante,7
palleggiare,7
pianismo,7
spaccone,7
bucere,7
abeliano,7
deliquio,7
ardant,7
pippo48,7
pliniano,7
sottoproletariato,7
pauli,7
carly,7
4700,7
svitato,7
dottrinario,7
peppa,7
lapido,7
ohibò,7
cupole,7
grumes,7
petty,7
mattere,7
nvidia,7
interessamente,7
episodicamente,7
policiclico,7
tamburare,7
atlantic,7
strangola,7
irica,7
esondo,7
transacelo,7
propagandisticamente,7
europeano,7
squarcino,7
baciucchio,7
bisonte,7
fruttere,7
cinturino,7
uniare,7
barrai,7
torneremo,7
balconata,7
certifichare,7
56enne,7
romee,7
compromettire,7
critire,7
palinata,7
frusinate,7
gotti,7
dolorosare,7
antiquariato,7
eliano,7
femmineo,7
boemia,7
trasmisere,7
strigliato,7
gravitante,7
acaricido,7
diaoyu,7
esplicitazione,7
sciabolata,7
tracciante,7
acapulco,7
padove,7
montemure,7
onno,7
ultrasre,7
presieduto,7
silicoso,7
seppellimento,7
algoritmi,7
ripercorsa,7
ambare,7
chimare,7
manovro,7
sarti,7
soncino,7
iker,7
casillas,7
migliarino,7
orlantisi,7
orgoglioe,7
cloruro,7
vicinare,7
placida,7
chayanna,7
disdicevola,7
antidatato,7
cespi,7
anacleto,7
rievocativo,7
untuoso,7
differibile,7
cedire,7
refrontolo,7
pregiudizievole,7
ditino,7
adorna,7
champagne,7
1856,7
mazzato,7
timbrica,7
cozie,7
anchine,7
fidere,7
spettavare,7
matvejevic,7
disgelando,7
latinense,7
postato,7
ricandidato,7
gear,7
todo,7
autarchia,7
espa,7
nuraghe,7
nissenio,7
apparo,7
nvidio,7
louisa,7
sancisce,7
inneschare,7
ricalibrare,7
arcadere,7
perugini,7
alamare,7
grecanico,7
msolto,7
bavaglia,7
mielosa,7
refoulement,7
stekelenburg,7
tratterre,7
costituendo,7
marcellaciarnello,7
calmiera,7
camigliano,7
vigliacchio,7
policrome,7
bisetta,7
bechico,7
antelio,7
oppositrice,7
place,7
sinché,7
vanvero,7
viro,7
contrattasta,7
olimpiare,7
elogiano,7
cartucca,7
emaciare,7
decifrazione,7
conterare,7
bagnomaria,7
riprodovere,7
ramazzare,7
ingolosire,7
roentgen,7
incupire,7
ripudiato,7
mongolia,7
ardenza,7
risortare,7
ricordarsene,7
sorsero,7
scalero,7
impermeabilizzare,7
sferzanto,7
ahram,7
orientire,7
rimborsa,7
sostitutire,7
sorre,7
norvegeso,7
sakinehmohammade,7
rigonfiare,7
motopeschereccio,7
chioccia,7
marzolino,7
riammessi,7
rabelais,7
amnio,7
miopi,7
stamperia,7
alberare,7
troie,7
cetaceo,7
presentiamo,7
usufrutto,7
merana,7
frusinata,7
collider,7
sistematizzazione,7
provocatoria,7
matas,7
fiancato,7
pistolotto,7
scoutismo,7
beltramo,7
1250,7
cannonare,7
demeritare,7
pragmatista,7
leganordumberto,7
esagerire,7
rimproveravare,7
abbiao,7
permetterebberare,7
ingiallire,7
carneficine,7
bot',7
bacillare,7
moderna,7
deepl,7
indolcì,7
raccontavo,7
mascolino,7
storicismo,7
marae,7
imbonito,7
suardi,7
sessantuno,7
polignano,7
accolte,7
èstato,7
musichetta,7
neocapitalistico,7
cartignano,7
piovire,7
ingombrare,7
autoctono,7
locasciullo,7
estratti,7
stoma,7
costituirebbero,7
acarugare,7
agnizione,7
polpettone,7
azzimo,7
addizione,7
preservato,7
dilmo,7
liberino,7
retrospettivamente,7
scomparvere,7
260mila,7
distruttrice,7
accettarere,7
consentiere,7
riemersione,7
lebbrosario,7
aiellare,7
xinhuo,7
cignone,7
segmentare,7
birichino,7
deriveapprodi,7
astenito,7
decretino,7
ultranovantenne,7
religiosamente,7
scultrice,7
price,7
scriptare,7
gattopardismo,7
disperdire,7
caglino,7
sotteso,7
volitivo,7
sostituiranno,7
smesso,7
mostriamo,7
preoccupò,7
salutistico,7
colloca,7
leghi,7
costner,7
tamikrest,7
pronuncio,7
informavare,7
concettualizzato,7
opartc,7
scatolo,7
procedibilità,7
regga,7
riattizzare,7
convinzionere,7
eseguibile,7
wever,7
metteremo,7
tramortito,7
bbso,7
caduchio,7
bitangente,7
morbide,7
manrico,7
tallona,7
banchine,7
calandra,7
deplorevolo,7
mestizia,7
regressivare,7
antoni,7
attalo,7
granellino,7
trigesimo,7
potée,7
insediatosi,7
work,7
caprese,7
mecco,7
1701,7
smaere,7
fumisteria,7
insubria,7
troio,7
traggare,7
cloco,7
auspicavamo,7
mercantilo,7
preferivere,7
consigliato,7
bisbetico,7
tutelaro,7
sconnettere,7
sbarcarire,7
melisso,7
favorirere,7
sigismondo,7
nichilisto,7
carboidrato,7
gillard,7
alchimista,7
tacquero,7
corruccio,7
pakhtunkhwa,7
medoro,7
diamogli,7
tratteggiano,7
rosenkranz,7
assisterere,7
ispiratrico,7
angariare,7
radezza,7
allontanerebbe,7
fasto,7
fonteno,7
fettuccine,7
pepsico,7
scomodissimo,7
contrabbare,7
appesantiscere,7
nascondi,7
aall',7
dubitano,7
metastasio,7
boccanegra,7
seguendonere,7
parlamentarista,7
catetere,7
simmetrio,7
magrezza,7
terragno,7
incastrato,7
ashqelon,7
vittoriosamente,7
chiedendone,7
ritroverebbero,7
giolittismo,7
stalinisto,7
pcarco,7
1857,7
tirante,7
minimizzazione,7
venditrice,7
labrador,7
controvento,7
malmessa,7
fervida,7
restrittiva,7
assolutizzare,7
imitano,7
valutandone,7
magenta,7
inneggia,7
serate,7
concittadina,7
numerato,7
ottimisticamente,7
covone,7
segmentato,7
carbonara,7
deindustrializzare,7
arrolare,7
svincolato,7
intendiamoci,7
offrì,7
proustiano,7
sbagliano,7
minie,7
freo,7
schienale,7
ippopotamo,7
radiologico,7
sobbarcarsi,7
pascicelare,7
cannibalizzandone,7
inguine,7
conteggiira,7
scalfito,7
crudelere,7
pranza,7
sturaro,7
parafo,7
motorizzazione,7
raffaelo,7
lenola,7
ryabkov,7
fiumane,7
bernina,7
chiedendoge,7
piagnisteo,7
sofismo,7
artisto,7
scrittoio,7
salvifica,7
deduttivo,7
coalizzo,7
evidenziòre,7
comparrere,7
muore,7
revanscista,7
contrazionere,7
gheddafiano,7
mandurio,7
predeterminazione,7
autoriduzione,7
solluchero,7
sottosviluppare,7
brume,7
multimedio,7
curdare,7
laverai,7
ersilio,7
percuotere,7
storicità,7
monty,7
ruge,7
origliare,7
efficientissimo,7
pluripregiudicato,7
palme,7
iperrealista,7
decollere,7
confesercento,7
rainbow,7
gestivo,7
urgenzo,7
drizzare,7
golem,7
percorre,7
emolitico,7
sereni,7
scaard,7
470mila,7
cresi,7
gheddafare,7
cavase,7
7607,7
beltà,7
vespuccio,7
salirebbe,7
unchained,7
tridimensionalità,7
inflazionisticare,7
esplosività,7
imitato,7
interoperabilità,7
giammarinaro,7
prammatica,7
gestirebbe,7
nikos,7
ajaccio,7
pensierinire,7
arcelormittal,7
sfuggito,7
szymborska,7
catinella,7
evaporato,7
zeitgeist,7
trapelato,7
reitera,7
struggento,7
alatila,7
nemici,7
deportati,7
dimubarak,7
riunitosi,7
renaud,7
compagnare,7
abitano,7
ampelio,7
calamitalo,7
metalmeccanica,7
assiomo,7
ipata,7
cercarere,7
grecale,7
brandito,7
leninismo,7
agopuntura,7
controvoglio,7
combinatoria,7
mimetismo,7
barrett,7
metodologicamente,7
bunire,7
340mila,7
bassiare,7
domestica,7
lattare,7
rimordo,7
sicurtà,7
decideremo,7
pontassuglio,7
abolivare,7
mitile,7
alitro,7
zuccherato,7
beccogiallo,7
facilitere,7
gridasi,7
disarcionato,7
ambir,7
dissolutivo,7
ribeiro,7
barlettare,7
ghalioun,7
agatangelo,7
rifacciare,7
biacco,7
populisticare,7
manfrina,7
judere,7
cheterare,7
populistica,7
investare,7
climalterante,7
ellare,7
vittuone,7
mellita,7
propata,7
fabregare,7
sopravviarv,7
governar,7
godrebbero,7
aerassi,7
5x1000,7
aulica,7
monzeso,7
14esimo,7
meccanicistico,7
casalbuttare,7
spagnoli,7
mutasso,7
proficui,7
sarago,7
perversare,7
380mila,7
costruttrico,7
acquo,7
ingaggo,7
tipsarevic,7
tardona,7
opportunisme,7
porcellare,7
assemblearismo,7
creaturare,7
shechtman,7
consolidamente,7
correttere,7
sostalo,7
risposi,7
trovatore,7
2023,7
visdomino,7
permettersela,7
godrà,7
gantz,7
funicella,7
compari,7
1844,7
bronzare,7
ecarté,7
transitato,7
porvi,7
costituitidere,7
oligopolistico,7
tondelli,7
bandio,7
boio,7
proveniere,7
listelli,7
santinie,7
raggiustamento,7
arida,7
friedkin,7
deficienti,7
mugnaie,7
begolo,7
ciclica,7
essencire,7
rarduino,7
sliggere,7
insilare,7
irrequietezza,7
dicillo,7
affaticamento,7
riscritta,7
manualità,7
schiva,7
rette,7
raccolserare,7
blindatissimo,7
stevenson,7
taglieere,7
errabondare,7
beatolo,7
governire,7
mancarere,7
mcdonalds,7
molosso,7
svegliato,7
nazca,7
bagnoli,7
eidonre,7
anorare,7
infermieristico,7
sovraintendere,7
armerò,7
graffar,7
bardineto,7
lukoil,7
luso,7
puntinato,7
golenale,7
standardizzazione,7
retrocedesta,7
ariamone,7
oppiacee,7
introduzionere,7
delinei,7
sottovalutatile,7
mediala,7
sottoscritre,7
fibrosi,7
lattico,7
micheleciliberto,7
truffaut,7
spiegherebbero,7
coercitire,7
siberiare,7
salimelare,7
teak,7
hibakusha,7
agiire,7
manterrebbero,7
deflazionare,7
battilano,7
riproduca,7
barbecue,7
scalfisce,7
expenditures,7
conquisa,7
colga,7
preferiscare,7
potasso,7
jannacci,7
morella,7
rarefatte,7
revocato,7
basista,7
merolo,7
uccellaccio,7
troneggia,7
scevra,7
taglieggiato,7
choère,7
forlimpopole,7
professorone,7
suppletiva,7
bambara,7
affinamento,7
marcantonio,7
industrialmente,7
rivedibile,7
calendere,7
mistificatorio,7
mercantilismo,7
anciare,7
zuccho,7
christophe,7
datanto,7
ilruolo,7
borgia,7
serenella,7
linney,7
contenutistico,7
lastoria,7
luhrmann,7
equipollente,7
inventandoso,7
daltrey,7
antipatiare,7
modificabilo,7
ecciu,7
materani,7
spetterebbero,7
ragguaglio,7
hauser,7
preesistere,7
abbinante,7
sandy,7
columbo,7
corporativisma,7
annifa,7
burger,7
amerà,7
crocetto,7
montevecchia,7
lasfido,7
gonnesa,7
arredamente,7
initalio,7
selena,7
faymann,7
atomizzato,7
vittorioemiliano,7
esternalità,7
pronuncere,7
grandis,7
thaek,7
mozzale,7
indito,7
talidomide,7
ilporcellum,7
gilletta,7
lessicalizzare,7
rientrino,7
ecosì,7
iperdemocrazia,7
interporlo,7
penalistico,7
tirino,7
tolokonnikovare,7
nerbato,7
accannello,7
arquetta,7
piombifere,7
cerete,7
acroe,7
andreazzolo,7
bovo,7
exupéry,7
casillo,7
rigenerativo,7
your,7
premium,7
datavate,7
arseno,7
haus,7
bitcoin,7
nocerina,7
pitonere,7
gianrobrire,7
federarciso,7
pdmenoelle,7
oneratone,7
edice,7
preincaico,7
salvacela,7
idroliso,7
garbavo,7
democratellum,7
comandire,6
giuntino,6
pianore,6
etra,6
bussai,6
gazzettiere,6
1840,6
ninfee,6
lorella,6
staro,6
gibuti,6
scaglio,6
reginetta,6
affermativamente,6
router,6
attribuendolo,6
sbigottito,6
congerio,6
premorgere,6
asfissiato,6
empiare,6
antepongire,6
zadia,6
presidenoè,6
bardato,6
46mila,6
istillare,6
elaterina,6
scricciolo,6
belletto,6
scalvo,6
sinistrorso,6
salomonico,6
accucci,6
schiacciata,6
ambrosia,6
limana,6
tabi,6
vitellone,6
tufello,6
pugilistico,6
apposita,6
premurato,6
post-11,6
1885,6
condi,6
monarchio,6
conoscetere,6
presidiaso,6
decettere,6
pesato,6
conciario,6
fruttò,6
mediarono,6
palpebra,6
39mila,6
attualissima,6
meridiana,6
trombetta,6
furberio,6
checca,6
impalmare,6
veliniare,6
intaccano,6
siriani,6
hadetto,6
accomandante,6
ritraggere,6
schiodo,6
toboga,6
antropomorfa,6
lemuro,6
filogenetico,6
anticorpo,6
idare,6
mustacchio,6
masera,6
bisentino,6
riomaggiore,6
cisti,6
quattordicenni,6
anticantisi,6
olbio,6
littore,6
colpivo,6
marsale,6
incontrollata,6
buena,6
inspiegare,6
assistenzialista,6
aduli,6
zoologico,6
notizio,6
rafforzò,6
straw,6
pinguo,6
licenziamere,6
sommergare,6
bloc,6
incatenato,6
basilicagoiano,6
galgare,6
evie,6
kiarostamo,6
michelangiolesco,6
barbuta,6
plum,6
lambiccare,6
strepire,6
referenziale,6
rusticare,6
monio,6
cemente,6
asproe,6
panamericana,6
enre,6
assicurere,6
fascisteggiante,6
cuoricino,6
preferenzo,6
strode,6
requia,6
rabobank,6
accesero,6
arcilesbica,6
alluma,6
bocciante,6
sbarre,6
docco,6
sorda,6
erbetto,6
ruandare,6
rossoblure,6
accomiatare,6
quandoso,6
deangelis,6
dame,6
barione,6
yudhoyono,6
diteci,6
salutamelo,6
demagogicamente,6
macrocosmo,6
frontone,6
segate,6
chitarrone,6
risorge,6
cucente,6
montavare,6
temao,6
schioppo,6
trovarto,6
spectore,6
speco,6
anarcoinsurrezionalista,6
mammografia,6
impadronere,6
raccattato,6
abasiira,6
rispondiare,6
jannaccio,6
benedempere,6
arruolato,6
brutalizzare,6
pesos,6
ibridere,6
subiremo,6
negarere,6
178mila,6
igloo,6
brettere,6
spinger,6
campeggiano,6
intriganti,6
detroit,6
palpeggiare,6
storpio,6
collido,6
tetesdebois,6
frosone,6
adendoto,6
liberties,6
protuberanza,6
complicate,6
carene,6
trentasettenne,6
brecciolino,6
rimetto,6
inconfessato,6
infilere,6
peligno,6
tarante,6
digire,6
sorrido,6
antisismica,6
incocco,6
antoniettire,6
crimeo,6
pretestuosità,6
yourcenar,6
concisione,6
parèse,6
akamai,6
calidarare,6
morbidare,6
natatorio,6
ragionavare,6
abilo,6
transistor,6
scandalosamengere,6
erogatrice,6
asciavo,6
conclama,6
edificato,6
collaudi,6
tienare,6
brocardo,6
preterre,6
abollo,6
verdastro,6
modare,6
sottogenero,6
dice,6
sloveniare,6
ammorbidito,6
sostituivare,6
benson,6
camoo,6
settima,6
63mila,6
sospettere,6
valalla,6
pigolo,6
accenni,6
oltremisuro,6
incontrarere,6
tehrik,6
feudalesimo,6
bellimbusto,6
cominciasse,6
riproducibilità,6
venivare,6
poltronissimo,6
folare,6
acrebbs,6
blandere,6
mitragliere,6
avventurista,6
consensualmente,6
esultano,6
sovranazionalo,6
berlusconizzato,6
glorificazione,6
linoni,6
annoi,6
interne,6
lasciatema,6
insicuri,6
cecimo,6
rodello,6
brahmani,6
arriva,6
sorridare,6
loie,6
imprigionamento,6
ventiduesima,6
impregilo,6
siere,6
collettivizzare,6
sudio,6
indifferento,6
barrito,6
dirgliee,6
caratterino,6
rivoltella,6
offriamo,6
eleganto,6
erectus,6
latita,6
futuristico,6
dolmen,6
galileore,6
specola,6
lesbismo,6
discuter,6
almere,6
3milioni,6
localine,6
coevo,6
portishead,6
omni,6
tecnologice,6
puntellamento,6
assuma,6
necrore,6
maiorcare,6
dietrologico,6
bauxite,6
riprovevolo,6
assare,6
mariaroso,6
montagge,6
britten,6
lasciatelo,6
pieraldo,6
cisal,6
unia,6
invitata,6
coccarda,6
raffigurato,6
gurdjieff,6
crepitio,6
preoccuparto,6
autocistere,6
montane,6
contraddicono,6
acquavivo,6
aequo,6
circumnavigazione,6
ammazzavare,6
quartucciu,6
intensifichere,6
manismo,6
casalmoro,6
montmartre,6
refezione,6
storge,6
ilmondodel,6
raider,6
deleteria,6
carcerae,6
parlando,6
sintetizzabile,6
diverse,6
mezzojuso,6
catario,6
affannosa,6
mangeremo,6
penda,6
paglierine,6
tome,6
larussia,6
fendenti,6
1415,6
erbare,6
ventiseiesimo,6
sconfiggare,6
fortilizio,6
pardare,6
ratta,6
novata,6
mandandolo,6
frangetta,6
fichu,6
dedichinore,6
comboniare,6
renitenza,6
mangiatore,6
next,6
influiscare,6
fondata,6
plummer,6
allappa,6
spanò,6
dividerare,6
contrattacca,6
giornataccia,6
panciuto,6
portammo,6
archimeda,6
tuare,6
dandovi,6
arrivata,6
infestazione,6
eluano,6
neill,6
bacherà,6
udile,6
1776,6
suli,6
incombe,6
divinatorio,6
impresare,6
multe,6
roddino,6
cinquantasei,6
avvicare,6
chiameredere,6
terencere,6
sfrutta,6
lefigaro,6
sapernede,6
sfasato,6
rimpiango,6
epitaffo,6
caricaturista,6
racconteremo,6
shaka,6
utilizzandolo,6
bimembro,6
ritualmente,6
spuntavare,6
mossave,6
circondavare,6
batacchio,6
insolenza,6
svestito,6
esonere,6
esibere,6
granassi,6
casentino,6
incontrandolo,6
tirchio,6
romagno,6
erigerai,6
sbugiarda,6
zayn,6
forde,6
psicolabile,6
viglia,6
domandi,6
narcotico,6
250milioni,6
rotolanto,6
fantaccino,6
friso,6
charlize,6
theron,6
energetica,6
ridetto,6
racalmuto,6
rimasuglio,6
apprendono,6
scelba,6
fiscello,6
assolvare,6
redi,6
raion,6
fronzoe,6
replichere,6
capoccia,6
vengo,6
allampanato,6
nouakchott,6
continuatore,6
scomodere,6
porcellina,6
autotassare,6
versamere,6
scompore,6
consentissero,6
antinfortunistico,6
leggerere,6
varendere,6
automatica,6
messineso,6
costruita,6
incisiva,6
modestare,6
ermetismo,6
pepi,6
ottantuno,6
scaccio,6
mathworld,6
microbo,6
fagagna,6
nildere,6
cantica,6
supererebbero,6
grossista,6
cincin,6
brullo,6
coordina,6
stira,6
illudevare,6
dedicavare,6
accontentato,6
tecnocrare,6
neonazismo,6
medicabile,6
epicità,6
fordo,6
ricadute,6
studiante,6
uilp,6
coinvolsero,6
auguriamocare,6
cappucci,6
natire,6
biscaglia,6
vederselo,6
lagnascare,6
dimoro,6
grigiare,6
risalentere,6
messicare,6
430mila,6
aggiusta,6
meccanizzato,6
squallide,6
sfiatato,6
etiopiare,6
fomentatore,6
tauromachia,6
concrea,6
schizoido,6
ritchie,6
stocco,6
gangsterismo,6
vincenzina,6
digitalizzato,6
demanda,6
cooperato,6
trattarere,6
consola,6
sbandieramento,6
voterei,6
accorgerere,6
rispettabilissimo,6
sussiegoso,6
incoraggiato,6
docufiction,6
rimandi,6
limerie,6
fatta,6
fornetto,6
dedicandoglio,6
discreditare,6
inesplicabile,6
affratellare,6
defilé,6
pantare,6
sedimentato,6
indocinese,6
calmata,6
caudine,6
mellifluo,6
sfangare,6
caratteraccio,6
carogno,6
5738d,6
reticolare,6
scosto,6
pompea,6
coppare,6
accendire,6
adulaio,6
giramondo,6
recante,6
significatire,6
parrucchiera,6
calcolatrico,6
disegnata,6
petrodollare,6
palle,6
collazione,6
infico,6
cofirmatario,6
mariangelo,6
edgarda,6
promuoviare,6
proditoriamente,6
ciri,6
acquasanta,6
mettevamo,6
talla,6
dormito,6
cloca,6
cavagnolo,6
corteare,6
partizione,6
barrateco,6
accumula,6
impongo,6
beae,6
capta,6
bricioe,6
incalza,6
assiderato,6
peggioramente,6
erudire,6
videoteca,6
sott,6
agrore,6
olismo,6
reinhardt,6
urue,6
comunicavare,6
unguento,6
caforio,6
accrescerere,6
achiria,6
vigorosa,6
comete,6
beghina,6
teleobiettivo,6
elisir,6
golfista,6
ceduo,6
statuetto,6
scervellato,6
dormiveglia,6
andalusare,6
ricordiamocelo,6
veleso,6
revò,6
gloriosamente,6
argente,6
zidano,6
bijou,6
erranza,6
oleopolo,6
abiezione,6
messianismo,6
rescissorio,6
25milione,6
sclerotico,6
francescane,6
adulaco,6
crostare,6
esperanto,6
mesero,6
mutezza,6
aggiunsa,6
alesare,6
disinformato,6
tomase,6
rieletti,6
himalayano,6
40milione,6
2miliardi,6
comio,6
confinamento,6
gelose,6
ventisette,6
parano,6
gelidamente,6
gratifica,6
immobilizza,6
dentatura,6
baldacchino,6
legginare,6
addolora,6
falsa,6
slavine,6
cugnolo,6
rammenta,6
pedatore,6
comò,6
porfirio,6
pavio,6
imbrattamento,6
fitina,6
affidatogli,6
allarmista,6
esplodente,6
bendatare,6
anonimare,6
eelissere,6
pregevoli,6
macabri,6
assurtare,6
traffica,6
stradine,6
replicazione,6
apostrofò,6
psichicamente,6
navalmeccanico,6
auser,6
neurolettico,6
valmontone,6
phillips,6
gaelico,6
contrappendere,6
conterebbero,6
mezzegra,6
accorire,6
stortare,6
tobey,6
pessimi,6
canicattì,6
imbrogli,6
circonda,6
matusa,6
terenzio,6
bonza,6
emblematicare,6
effigiare,6
direi,6
intelligence,6
callista,6
riterrebbe,6
collimare,6
predispone,6
clementa,6
fasulli,6
agordo,6
truck,6
volt,6
subare,6
spinace,6
commendato,6
tramontano,6
rimangano,6
pubbico,6
mccoy,6
applauditare,6
cancelo,6
copra,6
rileggo,6
pubblicavare,6
cascine,6
ansarre,6
tokelau,6
ventino,6
inoffensive,6
decurtate,6
rivestare,6
pestilenza,6
candelora,6
roncaro,6
zingarello,6
andreas,6
mangime,6
congeli,6
neva,6
preparo,6
veloso,6
provassimo,6
quant'e,6
scorno,6
riservatezzare,6
sontuosa,6
pianeto,6
sorniona,6
rabbiosamente,6
pregna,6
sanpietro,6
calcinare,6
benedettini,6
piccioli,6
incorniciato,6
averle,6
serpeggianto,6
crudelire,6
ingerì,6
confluivare,6
commiare,6
credevo,6
indomire,6
plebeo,6
varcòre,6
triciclo,6
leguleo,6
assoldato,6
ricerco,6
cheta,6
fermateve,6
quintare,6
andhra,6
schaub,6
scialle,6
pedate,6
candire,6
dioramare,6
simala,6
ideò,6
elide,6
redurre,6
ricotta,6
caldaio,6
fedro,6
bellinzago,6
makeba,6
monacale,6
motorhome,6
carlsberg,6
arrivederci,6
erodo,6
impacchino,6
cocuzza,6
eliot,6
motti,6
coniglia,6
guerreggiare,6
riscoperto,6
declamaglielo,6
gallipoli,6
funzionò,6
concedendoso,6
fungire,6
saperre,6
abasie,6
amasso,6
abusante,6
proclamano,6
flou,6
regolabile,6
santambrogio,6
gilbertare,6
cilicio,6
immatricolato,6
compatta,6
appoggiandoso,6
sparviero,6
dema,6
scalze,6
individualizzazione,6
mcchrystale,6
finalizzatole,6
grigiastro,6
menisco,6
touch,6
accovacciare,6
bieticola,6
sorgo,6
butch,6
preromantico,6
nevio,6
moco,6
lapalissiare,6
padane,6
gruista,6
fordista,6
patriotico,6
collusere,6
caorre,6
marcetta,6
cippare,6
battimano,6
divertivare,6
letteraria,6
eccovo,6
quincy,6
improprietà,6
gramsciare,6
presidenzialista,6
igino,6
commottere,6
oppongare,6
scimmiotto,6
timidissimo,6
permettermi,6
conteo,6
racchiusi,6
acciottolo,6
fondame,6
ruspale,6
intemerata,6
baraglio,6
vaduz,6
abolito,6
scopertamere,6
abbandona,6
collocire,6
gregore,6
punì,6
gioela,6
apparissero,6
codesta,6
rimestare,6
adeliare,6
ottantaquattrenne,6
bberluscone,6
farrell,6
triage,6
bombardier,6
sbriciolato,6
argentiero,6
impomare,6
esagitare,6
augusteo,6
abbellimento,6
fastidiosamente,6
sconvoltao,6
nitrare,6
estera,6
ostermeier,6
ambientata,6
diapositiva,6
reinterpreto,6
soliloquio,6
rubano,6
fermerare,6
mergere,6
contrappuntare,6
capannore,6
risieda,6
autografe,6
cottage,6
apocrifo,6
alimentato,6
biorizzazione,6
auspichere,6
parabolico,6
marmellato,6
cartellonistica,6
conseguo,6
pagliuzza,6
attualo,6
nozionistico,6
ipocriti,6
autofinanziato,6
renettare,6
accinse,6
gigliolare,6
inarcar,6
interministerialire,6
presstv,6
calamitoso,6
dedere,6
rifugiata,6
vocato,6
felicere,6
maccabeio,6
trinacria,6
uscore,6
precisò,6
dovare,6
agghindare,6
gridavare,6
fintantoché,6
selettiva,6
tariffato,6
moderatola,6
ardita,6
umettino,6
vittimizzazione,6
averge,6
presenzia,6
lacultura,6
intuiscere,6
imbambolare,6
nominere,6
60enne,6
ponge,6
beppare,6
levriero,6
assecondato,6
percahoè,6
assiste,6
borgognoni,6
turcologo,6
maizena,6
iosa,6
mastellare,6
carneada,6
reggianare,6
avoca,6
coletta,6
cinciare,6
direttola,6
scalari,6
focalizzato,6
nemo,6
bolognendere,6
stigmata,6
raisat,6
scarsio,6
ambivo,6
obbligò,6
mitsubishe,6
appiccicoso,6
disarmanto,6
ricopro,6
valerioroso,6
shinyare,6
pluripotente,6
velasco,6
dovi,6
precorrere,6
paglierino,6
aggrega,6
glutine,6
diadere,6
molisana,6
tartare,6
mondare,6
mortare,6
apertissima,6
dafoa,6
piombine,6
geldof,6
swarovski,6
pavloxid,6
incontinente,6
cassar,6
mascheramento,6
schierò,6
1750,6
senofonte,6
lasciandone,6
sunnare,6
ritagliira,6
texare,6
antifona,6
intaccato,6
colombe,6
gama,6
accontentiamoce,6
anziato,6
ripropostere,6
abbona,6
beffere,6
erodare,6
partari,6
servii,6
espansiva,6
scontire,6
somaro,6
costruttiva,6
pomerania,6
poconuvolososututte,6
doga,6
telegrafo,6
antioco,6
dappoco,6
racchiudo,6
inclusiva,6
odiano,6
teherande,6
intricata,6
traforo,6
shields,6
ideano,6
aviotrasportare,6
borbottare,6
vina,6
speravere,6
andassimo,6
cupe,6
attravere,6
rinunciato,6
verificatore,6
ideata,6
istituiscire,6
pensateci,6
bocciantisi,6
borges,6
stonatura,6
randagia,6
cannare,6
alcolizzare,6
rapsodia,6
gerusalemmere,6
papalina,6
vietcong,6
tennero,6
ponessero,6
conserveranre,6
urgono,6
consuntare,6
polenta,6
tesseramenti,6
autoesaltazione,6
antimeridionalismo,6
vicedirettrice,6
benvenure,6
unodei,6
televendire,6
scordano,6
sfuggare,6
cerillo,6
sacchi,6
altuccio,6
serracchiano,6
bisbiglio,6
eriberto,6
pernottare,6
cosina,6
susannaturco,6
perdemmo,6
marachella,6
divenissero,6
afonare,6
savane,6
castigatore,6
eassere,6
deragliato,6
gergho,6
trinello,6
stolida,6
rigenerato,6
aggredì,6
inaugurano,6
camperre,6
baleare,6
coesa,6
petronilla,6
presbiteriano,6
rivette,6
ru-486,6
battesimale,6
raccontarla,6
lordare,6
fonema,6
everett,6
ringhioso,6
firmina,6
dorian,6
altissima,6
atesine,6
gleneagles,6
referte,6
emettitore,6
ventimilare,6
affrontasse,6
leonardesco,6
mitraglietto,6
fateo,6
cartonare,6
fiasca,6
coscrizione,6
agonizzanto,6
quirinabile,6
debita,6
gianandrea,6
collegiata,6
inverosimiglianza,6
concilare,6
mason,6
autologo,6
informalità,6
carrùre,6
estemporaneità,6
lunarto,6
estae,6
rifaccere,6
paracadutirre,6
camicino,6
immaginatevi,6
ntefering,6
sportellata,6
pireneo,6
auricolare,6
concertista,6
ottantenno,6
attraversata,6
impensato,6
bruciavare,6
predente,6
affrontassero,6
lombo,6
ferendolo,6
graceland,6
imbevuto,6
cooperere,6
pervenute,6
nurburgring,6
psicanalisto,6
sfidato,6
nereto,6
adduce,6
gloriare,6
concimare,6
bareggio,6
tossicomania,6
disarmonia,6
fiscalisto,6
magio,6
gassificatole,6
minante,6
portando,6
bragg,6
aede,6
abbrivo,6
incrociavare,6
univere,6
erbato,6
ricercano,6
rubae,6
sfolgoranto,6
aedere,6
legnoso,6
barrichello,6
presentai,6
olivesi,6
aruaco,6
zampe,6
mandò,6
sigurgo,6
sacerdotesso,6
scopino,6
statto,6
campioncino,6
centroamericana,6
scongiurato,6
stropicciato,6
baluba,6
interverremo,6
pandare,6
autorimessa,6
fraternizzare,6
portavare,6
magniloquenza,6
sentirsee,6
staino,6
gees,6
fornirglio,6
espella,6
reagivare,6
fosforescente,6
oltretomba,6
afrodire,6
alesar,6
colpiremo,6
scaccare,6
savonarolo,6
codicetto,6
eradicare,6
meritore,6
monado,6
impegnarono,6
futilità,6
condiscendente,6
tettuccio,6
fermire,6
equanimità,6
cartografo,6
specchievere,6
sessa,6
millenarista,6
gamete,6
supina,6
vadim,6
eterogenea,6
andreo,6
antropocentrico,6
marginio,6
deflora,6
strabere,6
palischerma,6
socialdemocrazie,6
correggo,6
borgosesia,6
palagano,6
alserio,6
utopica,6
valzerre,6
proficue,6
oligo,6
cocciuta,6
astengare,6
testimoniere,6
brago,6
croissant,6
silviere,6
uscendo,6
ilgiornale,6
cassie,6
dirama,6
tentore,6
alfonsino,6
racchettone,6
rincoglionire,6
coltivavare,6
giratario,6
effimerare,6
missare,6
qualifichare,6
costringendoci,6
sequestra,6
biuto,6
riapproprire,6
rapsodico,6
vegeta,6
svelano,6
chiedendoco,6
laglio,6
portauova,6
sociosanitare,6
ricciere,6
lecchese,6
priscilla,6
buzzare,6
borraccia,6
cerchione,6
richiamere,6
lampone,6
pipilotto,6
circensire,6
alunni,6
emmanuelo,6
orrendere,6
combatta,6
casermetta,6
acchire,6
30milione,6
asciato,6
previdere,6
sennore,6
smaccatamente,6
illusa,6
capisce,6
bomboletto,6
rosolia,6
influenzi,6
mentì,6
centocinquantare,6
compartecipe,6
rileggare,6
fermiamoci,6
xantoma,6
martellotto,6
favignana,6
ripa,6
sarsina,6
corrotte,6
esogeni,6
aiolare,6
biscere,6
cominciamo,6
uscivere,6
attestamente,6
giardinare,6
accusabile,6
salico,6
proseguivare,6
miniaturizzare,6
accomandita,6
zampillo,6
ciclamino,6
diffondevare,6
intemerato,6
oleato,6
calcutto,6
tesina,6
scompostamente,6
manato,6
persone,6
scoppiavare,6
gentere,6
alenire,6
cortigiana,6
soulsavers,6
maschilità,6
immanetto,6
calcagnare,6
bianconerao,6
schiangere,6
zvonarere,6
sussurra,6
fumosa,6
perfezionato,6
edith,6
rompiballo,6
impacchettato,6
spaccò,6
prelere,6
dichiarativo,6
partirò,6
originalmente,6
consento,6
presentatrico,6
marilù,6
crucole,6
bantu,6
assembleo,6
svogliatezza,6
audiore,6
matriosca,6
onna,6
usurpatoro,6
formatidere,6
capitanata,6
eurojust,6
carlozzo,6
intimorito,6
armonisto,6
sovrimpressione,6
penire,6
megafe,6
giunti,6
macine,6
immunizzare,6
reclondere,6
rifocalizzare,6
aggiudicato,6
ricavandone,6
ribaditare,6
diamond,6
immanevere,6
lanato,6
provenga,6
pretattico,6
errane,6
ieratica,6
fiotto,6
teppistico,6
scendevere,6
patteggiato,6
terraccia,6
mariapiare,6
istillo,6
gasi,6
penzolone,6
ribattuta,6
convenuti,6
attendente,6
smontato,6
amplia,6
rimandabile,6
riconvocazione,6
attacchino,6
traumatica,6
afflizione,6
ritrattato,6
tetragona,6
incrostare,6
scolaretta,6
ferrarista,6
cite,6
tinteggiare,6
borsate,6
vise,6
geometrio,6
stagisto,6
patimente,6
appagata,6
manifesti,6
ricorda,6
farinaccio,6
definari,6
meyer,6
convesso,6
meneguzzo,6
alloggare,6
periodicità,6
occorrevare,6
scovato,6
pollre,6
alienabile,6
avono,6
avella,6
nascendo,6
guardassere,6
lacinia,6
parossistica,6
postulazione,6
qualificativo,6
dashiell,6
incontrarre,6
kathmandu,6
derubrico,6
centrodestro,6
ventila,6
bompietrare,6
cern,6
arzilla,6
peacereporter,6
ipotizzere,6
aggiungereare,6
echenoz,6
genola,6
implichio,6
moratto,6
romulea,6
inchina,6
mettemmo,6
chiamandolare,6
vagabondo,6
cristallizzato,6
igliare,6
slanciare,6
smuovare,6
sopravvissero,6
pizio,6
tolga,6
tornerescere,6
ammina,6
spezzo,6
indocina,6
ermafrodito,6
marita,6
foresterio,6
ventola,6
artigianalmente,6
venturare,6
pilatesca,6
ragazzetta,6
robbia,6
abbuffare,6
arcinazzo,6
disidratare,6
alzai,6
indaffarato,6
comenso,6
tormentire,6
lavia,6
12esimo,6
teora,6
ingrossano,6
traggire,6
cagnara,6
alambicco,6
vascolare,6
convincendolo,6
congestionato,6
cornovaglia,6
problemine,6
interverranno,6
abbracciano,6
egyptair,6
scottano,6
settantare,6
coinvolte,6
goduria,6
dimissiona,6
chan,6
mengere,6
neolaureare,6
construction,6
creavare,6
sciancato,6
ballista,6
contropartite,6
gilde,6
discre,6
testina,6
gelida,6
aggiustano,6
pulì,6
poppare,6
omologabile,6
tumefazione,6
debilitato,6
monista,6
brigantinare,6
arboscello,6
pagamene,6
rifiorire,6
riuscirere,6
addentare,6
esalto,6
orre,6
poce,6
milledue,6
gravagnuolo,6
verheugen,6
lewandowski,6
parrella,6
fettina,6
bombino,6
insostituibilità,6
canevario,6
ingegnerio,6
pelata,6
sissignore,6
traballere,6
manchestere,6
maiere,6
vitrociset,6
grassante,6
leghistare,6
cianotico,6
ontologicamente,6
recidività,6
raggrumare,6
pervertito,6
gaviale,6
castani,6
alatale,6
tubre,6
emanerò,6
poliglotto,6
cariocare,6
bole,6
trasformativo,6
bustarello,6
orfana,6
competitire,6
saprare,6
indipendentiste,6
europeistico,6
savare,6
sparaniso,6
naypyidaw,6
rotante,6
under,6
raffredda,6
spirano,6
superbamente,6
3miliardi,6
teutonica,6
inveere,6
serico,6
contenesso,6
snam,6
reintroducare,6
perdevare,6
sacerdota,6
sanguinosa,6
schierarere,6
ciclostilato,6
chopinre,6
callisto,6
conselicere,6
marvin,6
gaye,6
supersano,6
banchetta,6
ispirarere,6
strategy,6
pistolettata,6
occhialone,6
subdole,6
organizzatrico,6
condove,6
prosciugato,6
emigrarere,6
partivamo,6
frottola,6
decoratore,6
daewoo,6
lamentire,6
azzerino,6
ubica,6
bombarda,6
rognonare,6
cancelletto,6
mettercela,6
vertova,6
aggrappandoso,6
signare,6
cordo,6
sartoria,6
sarentino,6
intese,6
friulare,6
cineprese,6
invitino,6
permettendogli,6
foxp2,6
cospicuere,6
perdonato,6
cavallini,6
commino,6
striare,6
protere,6
baffuto,6
spazzere,6
misterare,6
graficamente,6
bornago,6
iperuranio,6
pargere,6
iniettato,6
venia,6
fischo,6
pinault,6
garro,6
56mila,6
rhodes,6
riusco,6
ferentino,6
mothman,6
perfora,6
algerina,6
turgido,6
ulassai,6
divello,6
mostrassero,6
epistemologia,6
notire,6
monastra,6
prematrimoniale,6
doodle,6
genuro,6
scortesa,6
vulgato,6
effigio,6
bronzea,6
posteggiare,6
airolare,6
immaginavo,6
cagione,6
ricupero,6
corsetti,6
carlson,6
vietio,6
ripide,6
boario,6
copista,6
osservavo,6
verniciare,6
ilva,6
norina,6
evening,6
fidavare,6
insufflare,6
boudoir,6
rivoltegli,6
dadaismo,6
bonapartisto,6
svoltiso,6
pronta,6
apparta,6
stabat,6
nauto,6
italiere,6
barbatello,6
emozionanti,6
birbare,6
domandando,6
diedare,6
14mo,6
rolandgarros,6
piombò,6
cremia,6
trao,6
moscheo,6
avambraccio,6
livornesa,6
sottolineaturare,6
rompete,6
zampato,6
amplissime,6
cavalleresco,6
stanchare,6
sbattire,6
simpatizza,6
turbolenta,6
concentro,6
viare,6
giocale,6
affaccere,6
arcaismo,6
buglio,6
succulento,6
sbroccare,6
licinio,6
affere,6
incrina,6
grandiosa,6
percepì,6
nuvoletto,6
gomire,6
cicloturista,6
lacasa,6
arrolano,6
dibattare,6
aveha,6
storpiare,6
marineria,6
numeraro,6
maledettare,6
imbattuta,6
monotone,6
marmotta,6
neretto,6
sporre,6
americanizzazione,6
arello,6
uffare,6
avile,6
suddire,6
riformatemico,6
montefare,6
inseguare,6
garantisco,6
abrogato,6
ueato,6
melillo,6
angiare,6
disomogenee,6
ciglièo,6
fiorellino,6
graffita,6
avvera,6
degennaro,6
numana,6
chine,6
centocinquanta'o,6
ginocchiare,6
convengono,6
arrotondamente,6
gallore,6
presentatosi,6
antepone,6
fesre,6
trasferibile,6
ossificare,6
scomponere,6
cucinello,6
estratre,6
scenica,6
impagliato,6
imbianchino,6
basandoso,6
clarenzio,6
sebastie,6
espropria,6
stazionavare,6
proverà,6
australe,6
3e32,6
vatto,6
salniie,6
salvagento,6
impazza,6
lievità,6
cortocircuire,6
celtics,6
poliziare,6
dongiovanno,6
azzeccatissimo,6
magliare,6
alfi,6
raymoe,6
conservativa,6
pachidermico,6
amarare,6
comicare,6
paridere,6
oxfordshire,6
capellone,6
collide,6
quarantanove,6
castelfiorentino,6
penserebbero,6
lesotho,6
fibrillo,6
appiccato,6
tredicenere,6
superuomo,6
gillespie,6
sostituiscere,6
ammere,6
riprodotre,6
lattere,6
partecipattere,6
laurentiis,6
basinger,6
solleticano,6
sospetgere,6
baccellone,6
millenaristico,6
professi,6
megrahi,6
decrittazione,6
coprivo,6
fregaccio,6
montagnoso,6
rompo,6
rifinitore,6
garbala,6
monocromo,6
pokerista,6
microblogging,6
catarroso,6
talaltra,6
merde,6
termopile,6
esofago,6
riudere,6
gervasio,6
tazio,6
nuvolare,6
silvere,6
vezzeggiativo,6
travolsa,6
staatsoper,6
discorrendo,6
omonima,6
benitare,6
avenere,6
bevevano,6
spreca,6
ideologa,6
intestatare,6
ecce,6
meritavamo,6
spezzere,6
carolre,6
-'70,6
dimanhattan,6
galleristo,6
dodecafonico,6
trastullo,6
bianchetto,6
quercino,6
aterballetto,6
emendatila,6
mimetizzato,6
soprannominato,6
onnipresenza,6
provae,6
telecamero,6
cortinare,6
fanne,6
surfing,6
astrologi,6
fioronare,6
5milione,6
geraco,6
areca,6
polpettina,6
ossesso,6
baccare,6
autoscontro,6
malformato,6
logopatia,6
reca,6
scaccia,6
malintendere,6
unisce,6
piacevolezza,6
piscia,6
squadriglia,6
torturavare,6
inere,6
pouf,6
domasio,6
propagando,6
arriccio,6
unificatore,6
incisere,6
rooseveltiano,6
farindola,6
fermentare,6
demoscopici,6
libidine,6
finestrella,6
sputtanamento,6
preconizzante,6
vaghe,6
sconce,6
convoglia,6
ingiusre,6
deperimente,6
scendo,6
benvenire,6
metratura,6
mangio,6
rampantismo,6
meridionalisto,6
satrapia,6
anticattolico,6
obbedari,6
ghibli,6
interessasse,6
pomelli,6
sagro,6
putrefazione,6
pontido,6
utopiere,6
parrocchianare,6
violaceo,6
ghengo,6
spesero,6
yemenite,6
desistire,6
ridotre,6
carbura,6
facendola,6
cismontano,6
sanguinosamente,6
dalmazia,6
provarere,6
strapaese,6
satriare,6
farmacologo,6
svolgeremo,6
malleabilità,6
mendico,6
ficcanaso,6
governance,6
18mesi,6
caneo,6
calderolo,6
antifono,6
smaccato,6
trivialità,6
augustinare,6
professor,6
vogare,6
pescaia,6
teleguidare,6
sgraziato,6
libellula,6
melodioso,6
allampanare,6
subconscio,6
puntatina,6
riscoprano,6
pantofola,6
magneta,6
obliquamente,6
cronicità,6
missouro,6
sarcedo,6
spiegae,6
urinario,6
bastogne,6
dormiva,6
adecco,6
avanzire,6
sabee,6
riapparsa,6
siedano,6
scarta,6
nazimonale,6
meltino,6
cadaverinare,6
amarte,6
imprimono,6
scampagnare,6
finanziano,6
aste,6
navighare,6
understatementre,6
dunio,6
sussidiaria,6
abbandonassere,6
rinnegano,6
inguaiato,6
doppo,6
iperproteico,6
laccare,6
affianchere,6
philharmoniker,6
galbiato,6
paragonato,6
focalizzandoso,6
albicocca,6
teismo,6
piumato,6
viminale,6
furetto,6
macrino,6
allestii,6
finitura,6
stuzzicadento,6
nababbo,6
frondere,6
lumezzana,6
valdiere,6
agustawestland,6
cherosene,6
protestarere,6
gaudenzio,6
palombaro,6
condoleezzo,6
consiglierare,6
morico,6
notista,6
permesse,6
divoro,6
cormorano,6
moralizzare,6
mauromasi,6
localizzata,6
barante,6
altavilla,6
eccello,6
distonico,6
rimpatriata,6
costretgere,6
novantanove,6
rawls,6
livida,6
quarantasette,6
devastatore,6
calere,6
parca,6
grossolani,6
indistintare,6
allacciato,6
morituro,6
torra,6
credeteci,6
finiranno,6
ripromettare,6
riunivo,6
morrò,6
entrassero,6
eritropoiese,6
bharatiya,6
janata,6
poliziottare,6
imporere,6
dipendentiso,6
peluco,6
annotato,6
obsoleta,6
trancio,6
malpagare,6
preparata,6
districa,6
imran,6
antiterroristico,6
stringerglio,6
intervenissero,6
strepto,6
ciana,6
esegeta,6
fulgida,6
erwin,6
gettarere,6
calzamaglia,6
complessa,6
animista,6
pomeridiana,6
rianimatore,6
ottenute,6
elfico,6
unghiato,6
detenge,6
113mila,6
becerume,6
promettento,6
socialirre,6
intercomunale,6
espulgere,6
quarantacinquenne,6
diffamato,6
ansai,6
interclassista,6
uttare,6
barzellettiere,6
ginetto,6
ammarere,6
ceste,6
endoscopico,6
combriccola,6
byte,6
ragiere,6
portatoco,6
dimezzano,6
degollado,6
filettino,6
innalzere,6
ubriacone,6
relare,6
limonaia,6
trarere,6
goletta,6
cernierare,6
destar,6
deglutire,6
tonacone,6
globule,6
sfuso,6
fiocare,6
piccole,6
creazionista,6
soffiavare,6
vicendevole,6
nafte,6
vera,6
sovrattassa,6
tilla,6
altoatesine,6
personalistica,6
egisto,6
scissioni,6
aggredendolo,6
sapremmo,6
lavezzo,6
avidare,6
rendila,6
pattern,6
qualcun',6
antananarivo,6
segnalatore,6
contemplativo,6
persono,6
dissacratorio,6
marinetto,6
50milione,6
falsario,6
liberalizzartico,6
cavolfiore,6
evocavare,6
polke,6
boldone,6
tubetto,6
velico,6
tarozzo,6
stenografico,6
definendole,6
visibilio,6
bilbolbul,6
tengo,6
insalubro,6
pesciolino,6
epistola,6
chiamerestare,6
tiberina,6
accettasse,6
contraffare,6
clivo,6
nolare,6
franta,6
amblare,6
brevo,6
risalivo,6
curanto,6
portorico,6
serro,6
uzbeka,6
ricordarto,6
mausolei,6
anatre,6
nascondendoso,6
dirienzo,6
lidere,6
tico,6
arancinare,6
comics,6
estinta,6
flamanvilla,6
inappagare,6
acerenza,6
riveduta,6
shoccare,6
manifestassero,6
rapprendere,6
stoice,6
arderico,6
minniti,6
istitutrice,6
autolimitare,6
sessantacinquenne,6
pollack,6
circense,6
poteve,6
raccontino,6
accumulavare,6
intoccabilità,6
addure,6
galenico,6
pietrone,6
gana,6
smodare,6
provocante,6
ready,6
bruciacchiato,6
reza,6
riformatorio,6
demagogica,6
innsbruck,6
fidanza,6
premiò,6
uccidiare,6
kapuscinski,6
uscendone,6
anforare,6
costarica,6
osidda,6
stipendiato,6
subumano,6
dovesesi,6
rinviere,6
scopriere,6
alcaldo,6
aldina,6
bluetooth,6
montagnola,6
affaccare,6
classicissima,6
spargi,6
adeguere,6
lottizzatore,6
soprannumerario,6
controperizia,6
raglio,6
egoirre,6
amado,6
urgese,6
divorante,6
osservavare,6
sagomo,6
stender,6
guerrigliere,6
bandono,6
jhumpa,6
pauperismo,6
duecentocinquantare,6
madido,6
faccine,6
expo2015,6
31marzo,6
sindacalistare,6
antiestetico,6
appropria,6
560mila,6
impedirglielo,6
attraversato,6
soppendere,6
italaip,6
fiesola,6
blandi,6
sopprere,6
thyssenkruppre,6
bocciolo,6
allente,6
smash,6
11marzo,6
tirapiedo,6
stupidata,6
aborre,6
frittura,6
abbande,6
riportandolo,6
cavenago,6
condizionatore,6
fatalista,6
sirleaf,6
gruzzoletto,6
pessimistica,6
depistino,6
abbere,6
riscrittare,6
estasiato,6
tisano,6
abolisce,6
teno,6
concentrire,6
collerico,6
beffe,6
fugato,6
edificatorio,6
mimetica,6
superiorare,6
modesta,6
2010-,6
trucidato,6
tulliani,6
acconsente,6
comunello,6
asfitticare,6
campestre,6
trattativista,6
skopje,6
rimovibile,6
ultrasettantenno,6
rilurre,6
teniamoci,6
preferirere,6
beigere,6
feco,6
generosae,6
troverei,6
fidateve,6
superdotato,6
generalissimo,6
rischiosissimo,6
permettendoci,6
accompagneere,6
coabitano,6
smaliziato,6
theft,6
prestanza,6
compattira,6
bistecco,6
pastiglia,6
raspa,6
adidasre,6
sonnecchiare,6
spiccatamente,6
frieden,6
stimavare,6
salamare,6
diocleziano,6
esone,6
zuccheroso,6
databile,6
scontano,6
bookcrossing,6
transit,6
accelerano,6
mieloso,6
narcisi,6
emanuel,6
risolva,6
collocavare,6
andatevene,6
connivento,6
accattivare,6
ghezzare,6
gramsciana,6
megalomane,6
partecipiare,6
attene,6
sinnai,6
cardinali,6
peakfinder,6
acazio,6
orobico,6
muovessere,6
accertino,6
inelegante,6
sema,6
infantilizzazione,6
cuneesa,6
calzettone,6
amenza,6
saltò,6
aiutato,6
ratifichare,6
filardo,6
accoglie,6
seguiranno,6
cacicco,6
risposere,6
elitaro,6
mantellina,6
recanare,6
distraggere,6
borsine,6
marxiare,6
elino,6
respiravare,6
campeggare,6
statuire,6
strattona,6
roste,6
gerolare,6
suspicione,6
oase,6
isotta,6
brutte,6
asmatico,6
bikino,6
indurrere,6
bavagliare,6
lenovo,6
espropriato,6
arguire,6
centone,6
sottoste,6
mota,6
umbertino,6
lubrificante,6
riponare,6
rinvigoritare,6
gekko,6
scapaccione,6
strilla,6
onnipotenti,6
oleastra,6
mormorii,6
sotterraneamente,6
policentrismo,6
massenzia,6
verdini,6
spirio,6
brevettabile,6
venila,6
federarcisi,6
ansala,6
slego,6
slovene,6
480mila,6
ruttere,6
centina,6
salgado,6
vecchina,6
velaccio,6
reporterre,6
astigiano,6
barcollo,6
abusò,6
senzi,6
shinawatrare,6
costumare,6
parietto,6
smaglianto,6
ortomercato,6
macroeconomia,6
entomologia,6
mesopotamico,6
arar,6
epidermico,6
malanimo,6
malanimi,6
faraonica,6
riuscite,6
depere,6
irachene,6
ezia,6
promisero,6
ricadre,6
signoreggio,6
ornamente,6
danzanto,6
strombazzato,6
emessa,6
tentorio,6
crédit,6
vivre,6
demagogici,6
teorizzato,6
montserrat,6
baleniere,6
imac,6
cimatore,6
rometta,6
giocarsela,6
ispessì,6
mcxxo,6
mugghia,6
sferrere,6
concorda,6
dottorale,6
partecipando,6
zoggia,6
cicchere,6
ultimissima,6
idrovora,6
chiacchieratissimo,6
uguagliare,6
barrino,6
grammatico,6
arnault,6
ardaule,6
transistore,6
svenduto,6
risentare,6
inemendabile,6
biscottiro,6
ppubblico,6
egocentrismo,6
privilegiata,6
gareggiano,6
pataccare,6
puzzone,6
algerio,6
indissolubilità,6
spalma,6
faringe,6
faringere,6
stampatore,6
casasco,6
internazionalità,6
avvertirire,6
strame,6
sacrilega,6
infierere,6
incontravare,6
assiro,6
ingeborg,6
centodieci,6
mehmanparast,6
glossario,6
soverchio,6
zuccone,6
astina,6
opinato,6
soccombente,6
rimborrere,6
parentado,6
notai,6
modulato,6
semifinalista,6
angoscino,6
ilparlamento,6
prenderselo,6
ameliare,6
cerimonioso,6
veduto,6
permissivismo,6
infranre,6
disumanere,6
apositare,6
beone,6
salassato,6
fedelissima,6
elere,6
invaghito,6
radiologia,6
fibrome,6
predazione,6
reintrodoggere,6
silhouetto,6
complicherebbe,6
sbarazzina,6
bocchello,6
abbonamere,6
pazientare,6
piccolissime,6
diciamo,6
libriccino,6
voip,6
inizia,6
sorellanza,6
virginale,6
partirono,6
41-bis,6
riscontrere,6
perceziorre,6
telematiche,6
trottare,6
suicidandoso,6
canta,6
montagnolo,6
proclamire,6
strapagare,6
cantabilità,6
terroso,6
agrumeto,6
enon,6
imbruttire,6
imbattire,6
malaysiano,6
malaysio,6
emergessero,6
nicoletscere,6
sortare,6
comprensibilità,6
aisone,6
54enne,6
traballa,6
angloamericana,6
amarra,6
orripilante,6
paiare,6
divaricato,6
campagnole,6
bradbury,6
escludano,6
attaccabile,6
stoppano,6
dipignare,6
analizzo,6
riversere,6
brezzante,6
incitace,6
scherzio,6
nascar,6
rotturare,6
sbare,6
vittimare,6
creatasi,6
tirannosauro,6
demolì,6
cadessero,6
ritira,6
girai,6
finocchio,6
manichee,6
mancano,6
ginocchia,6
conceggere,6
edicolanto,6
intasamento,6
rivalire,6
bistrato,6
rafforzino,6
bigliettaio,6
jenno,6
fraser,6
vincolano,6
bufalo,6
decorre,6
duras,6
cotogna,6
escludendolo,6
centotrentare,6
ignave,6
stacchere,6
realizzata,6
devoluto,6
specioso,6
fallacia,6
ricucere,6
sainte,6
concupire,6
chiffere,6
ossequiare,6
necrologi,6
devolvina,6
microfonico,6
interpello,6
proorio,6
sfiducio,6
gassano,6
discutete,6
taobao,6
riducevare,6
perderemmo,6
pistolere,6
infilata,6
succederebbe,6
toscaneggio,6
bollere,6
moccia,6
triboniano,6
tatangelo,6
orietta,6
compaesare,6
emiliaromagna,6
bisestile,6
recassero,6
terzomondista,6
achirio,6
tamarare,6
metterselo,6
soffico,6
negligé,6
albedo,6
portabagagli,6
frontalino,6
fest,6
acquolina,6
creeere,6
trepuzzo,6
siviere,6
annosa,6
madridista,6
invariante,6
marchino,6
morosa,6
augurandoso,6
cpanel,6
lubumbashi,6
maenza,6
dirigevare,6
moedo,6
pisolino,6
volumone,6
adempiare,6
rimproverandolo,6
farsela,6
rabberciare,6
tienimena,6
settennale,6
narratila,6
corroborante,6
incoraggio,6
tirone,6
magdo,6
zarevic,6
auletto,6
marciscere,6
ecclesiologia,6
stria,6
matthau,6
sollo,6
unplugged,6
fiumaro,6
azzardi,6
nominandolo,6
shareholder,6
accolire,6
rugosa,6
ambretta,6
surriscaldato,6
dibattono,6
almenno,6
alzar,6
decretane,6
repubblicagiorgionapolitano,6
credenzierio,6
ostammo,6
autostradere,6
riformiste,6
delimire,6
girardot,6
falconara,6
tiepidamente,6
installa,6
condizionatile,6
scaffalatura,6
mafio,6
ingroiare,6
alassane,6
pistolese,6
sbiadita,6
cable,6
drena,6
mobilizzazione,6
tenterà,6
malefatto,6
casanovare,6
incagliate,6
aggressivamente,6
disponevare,6
temente,6
caldeo,6
pianete,6
guardandolo,6
rivendicavare,6
plausibilmente,6
traggo,6
managing,6
wunderkammer,6
ramano,6
omologante,6
albisolare,6
condonerai,6
dirigistico,6
vous,6
statalizzare,6
riconvertito,6
cesarinare,6
sommerdere,6
pontifica,6
pretestuosamente,6
addivenire,6
nascoso,6
pettinella,6
paralizza,6
preoccupatare,6
ecare,6
gravere,6
irriso,6
sfociarono,6
falloso,6
lilliput,6
51mila,6
allettere,6
diffamatoria,6
sprofondano,6
accentrato,6
ospitavano,6
pecioso,6
sappo,6
saldere,6
restaurant,6
imbufalito,6
ascensionale,6
parliamone,6
estemporanea,6
impartere,6
sacrifichere,6
distratti,6
danneggiamenti,6
installano,6
affidataria,6
fiorentare,6
bazzuto,6
microbio,6
novantenno,6
digitato,6
ciure,6
nanogrammo,6
neutralizzato,6
duchesse,6
bardar,6
retrogradere,6
fustigo,6
recezione,6
sovrasta,6
delmona,6
politologa,6
cameruno,6
tradisce,6
tovagliolo,6
ascoltavo,6
renne,6
militavare,6
distinguire,6
mandrillo,6
polipo,6
omovere,6
rendendone,6
scalisa,6
intergalattico,6
suggestivamente,6
giorgiao,6
valorizzira,6
croci,6
elvis,6
azzarda,6
diventar,6
faccino,6
spavalda,6
timpare,6
sandler,6
capostruttura,6
farfugliare,6
ammortizzabile,6
andalusa,6
occidentalizzare,6
rimasticare,6
areale,6
aderivare,6
scode,6
risolvire,6
sorvegliante,6
subculturo,6
garbale,6
reindirizzare,6
lide,6
frigido,6
macerato,6
spentosi,6
muddy,6
ipossia,6
chea,6
2029,6
schiaccia,6
stantibus,6
miliciare,6
incazzatura,6
strapazzo,6
erogabile,6
risolverà,6
pianire,6
pianificatore,6
spendano,6
geologica,6
dannosa,6
sonnolenza,6
spiattellare,6
tristare,6
facilonerio,6
castare,6
mediamarkt,6
vittare,6
dichiarante,6
massaggiatrice,6
intercetta,6
dittaturo,6
particello,6
dispensatrice,6
centralisto,6
spuntino,6
redditare,6
motocicletto,6
raccontarcelo,6
assolutistico,6
panfilo,6
pdpresidente,6
policromo,6
elegga,6
finirere,6
chinar,6
ondoso,6
spaccata,6
suscitavare,6
logare,6
attesare,6
chiarissimao,6
said,6
pronosticabile,6
come',6
cool,6
luttazzare,6
eccedare,6
420mila,6
panetto,6
accanere,6
avevere,6
sbandata,6
celavare,6
adonio,6
portavamo,6
cagalare,6
accedare,6
ricollocabile,6
rivesta,6
pascere,6
zigzag,6
informandolo,6
caballero,6
vigliare,6
beelusione,6
arcada,6
metteteve,6
catenella,6
profeticamente,6
woerth,6
covala,6
visre,6
assumessero,6
ammennicolo,6
raccontabile,6
sabbiatura,6
mascolinismo,6
nicoline,6
broccare,6
assessorare,6
ammanre,6
freme,6
mcafee,6
commissionato,6
triple,6
migliorino,6
adultera,6
sodomia,6
bechica,6
invadire,6
idricio,6
celta,6
ossimore,6
conseguivare,6
otterere,6
martellata,6
ripassato,6
ligabua,6
class,6
oribi,6
christiano,6
disinvedere,6
rieccolo,6
interposto,6
italian,6
puniscere,6
annua,6
banditiglio,6
digerente,6
ipertesto,6
pressore,6
precocità,6
evangelizzare,6
facore,6
maoismo,6
inceppino,6
chiffon,6
cossovara,6
peacelink,6
sintetizzo,6
scaglionato,6
derapato,6
chiarì,6
porcellini,6
ferite,6
emergency,6
collettivizzazione,6
sunno,6
casinista,6
rosye,6
filoso,6
marciale,6
martedo,6
filippinare,6
presaadente,6
1799,6
miniteo,6
blastico,6
tritatutto,6
acquiescento,6
emanuere,6
turano,6
gazzarro,6
legend,6
scontentezza,6
granchio,6
prisco,6
malmstr,6
porciare,6
automatizzato,6
ricordandolo,6
denunciandone,6
universalista,6
frasetta,6
interrompire,6
53enne,6
magliara,6
musorgskij,6
bovere,6
sacrifici,6
criticatissimo,6
opero,6
odano,6
abbacini,6
colpiranno,6
sinfonietta,6
cospare,6
baggianata,6
interponere,6
brubeck,6
gregory,6
cispadana,6
mattatrice,6
arricchìre,6
avigliare,6
envio,6
maramaldeggiare,6
solitaro,6
manfredere,6
mezzanto,6
decontestualizzare,6
procedeere,6
lagnoso,6
ridice,6
mezzuccio,6
stropicciare,6
lavorante,6
rateale,6
bravissime,6
materiace,6
underwood,6
tabacchina,6
principare,6
crepaccio,6
coinvolgerebbe,6
industrial,6
interporre,6
piercare,6
affannato,6
bollettare,6
giochicchiare,6
imbattare,6
propiziatorio,6
polpastrello,6
hannibal,6
4200,6
vederto,6
banare,6
propaggina,6
ricotto,6
sbadigliare,6
microambiente,6
obnubilare,6
avviavare,6
badala,6
ricavi,6
docbook,6
eristico,6
emblematicamente,6
mibistro,6
tranciante,6
plato,6
aggiudichere,6
appiano,6
ritta,6
briccarello,6
hamsik,6
ciriello,6
costringerebbe,6
incappa,6
imprenditricere,6
convengo,6
infudere,6
pollicare,6
ripropodere,6
valorizzere,6
sportiva,6
sceltare,6
algoso,6
pievano,6
conferme,6
unifica,6
affermatoso,6
disinibito,6
resistevare,6
riuscendoce,6
mentivo,6
rutte,6
retrocessi,6
privatezza,6
arrugginire,6
irruento,6
galleggare,6
waterhouse,6
shoah,6
riclassificare,6
tornassimo,6
interludio,6
ammaestrato,6
contabilizzato,6
ruzzante,6
jewel,6
polesano,6
meso,6
100autori,6
educanda,6
tiratissimo,6
savia,6
128mila,6
laminatoio,6
strube,6
facilitatole,6
razionamento,6
flemmatico,6
tastino,6
g8-grandllo,6
ragnone,6
bearsela,6
chiamateli,6
melzo,6
parèbidente,6
artemisiare,6
variopintare,6
riceverebbero,6
inurbare,6
gradevolezza,6
endino,6
nefanda,6
contener,6
aggi,6
anticonformisto,6
provetto,6
1550,6
esteta,6
complichare,6
univocità,6
alita,6
ambia,6
gutturale,6
francofonare,6
carniero,6
tartufi,6
fungino,6
probativo,6
ventiquattresimo,6
flebilmente,6
zerozerocinque,6
sociosanitaria,6
rinunzia,6
aletterò,6
scoppiere,6
soppore,6
euganeo,6
southre,6
luccichio,6
trovandola,6
prepotere,6
mischiato,6
isotto,6
sfaccettato,6
inumanità,6
vetrine,6
conoide,6
stuzzicante,6
spogliato,6
autolesivo,6
maccherone,6
licenzare,6
perda,6
atalantino,6
romanisto,6
qualo,6
georgianne,6
cercatisi,6
acrimonia,6
adibito,6
mettiamocare,6
pivellinare,6
approfittavare,6
liquirizia,6
contingire,6
milanre,6
astratta,6
provence,6
introducono,6
sposteranno,6
autoanalisi,6
promontorio,6
fioriere,6
sole24,6
riproducare,6
siviero,6
radicondolo,6
inabitabile,6
immetta,6
tiresia,6
ottura,6
fissavare,6
semplicisticamenta,6
collone,6
deneuve,6
albertinare,6
blocchetto,6
faresta,6
prelibato,6
desocratico,6
scoscese,6
spano,6
accertabile,6
perbacco,6
tabla,6
aprivo,6
feudataro,6
centravare,6
nievo,6
giammai,6
fungibile,6
apotropaico,6
scioperi,6
anatro,6
invitiare,6
morettio,6
stereotipi,6
bimestrale,6
summo,6
flan,6
urne,6
darsela,6
criminogene,6
cartire,6
inglobi,6
origlio,6
parimo,6
apositano,6
bastante,6
arteofe,6
meninge,6
caletta,6
videoproiezione,6
impietrito,6
dream,6
egon,6
racconterò,6
autodefiniscere,6
biscarto,6
vitalistico,6
passatello,6
fidar,6
eyjafjallajokull,6
aguzzano,6
preoccupateve,6
androgino,6
impoarr,6
calandri,6
impaccatore,6
fuggivere,6
ricordino,6
trasognato,6
boff,6
diventerebbe,6
mulatto,6
corradino,6
iranico,6
montelli,6
ridistribuere,6
escusso,6
smanettare,6
imbarbarire,6
agiscile,6
sfiancato,6
premierare,6
nazionalpopolare,6
sualà,6
filorussare,6
guariscare,6
tenenza,6
autotue,6
tiritera,6
arricco,6
déjà,6
solforoso,6
deregolamentare,6
urlano,6
postdatare,6
moggere,6
fiancheggiamento,6
declattere,6
garitta,6
rivolgetevi,6
violarono,6
rimella,6
raffazzonato,6
amniocentese,6
esclusero,6
fayette,6
dragala,6
palae,6
spadello,6
corollare,6
sforna,6
sapido,6
stirare,6
ingestione,6
martora,6
rosoliare,6
filorure,6
trentunesimo,6
vedendole,6
ingrandimente,6
intricatissimo,6
faithfull,6
dragalo,6
lamino,6
triathlon,6
conclude,6
pontremolo,6
ignara,6
lasceremere,6
erevere,6
malnutrire,6
camionco,6
turbanto,6
rudiano,6
impattante,6
apostato,6
ricopiare,6
aspetterei,6
capolona,6
indola,6
diodato,6
lancetto,6
serino,6
avure,6
elogiato,6
piletico,6
allungato,6
pardito,6
rimuore,6
ripiegamente,6
arrabbiatissimo,6
schemo,6
appagaco,6
toccanta,6
zodiaco,6
operaismo,6
ameglia,6
intrinseca,6
solertere,6
federatile,6
carovitare,6
incasello,6
datemi,6
multipartitismo,6
chiedevre,6
lateralmente,6
rahman,6
scindibile,6
risiedevare,6
aspettiamoci,6
drammaturgare,6
gelidio,6
arcus,6
macroscopice,6
plachare,6
carismo,6
cadenzato,6
frastuere,6
cherubino,6
rotulo,6
avvierebbe,6
solidalmente,6
rotariano,6
smetteranno,6
taccagna,6
scabro,6
riscore,6
tamura,6
deificazione,6
truculento,6
èpiù,6
supercarcere,6
dimenticavamo,6
detestato,6
essendoci,6
uremico,6
pompato,6
cibore,6
eddare,6
pepale,6
varrebbero,6
sessantottesco,6
alienasso,6
eponimo,6
aurorale,6
gallarare,6
addita,6
rilancinare,6
intercordere,6
copi,6
verucchio,6
1886,6
cadaverico,6
sprigiona,6
cabrato,6
cortellendere,6
dicono,6
15-m,6
gufo,6
cappare,6
sfarmela,6
sedimentazione,6
villanella,6
lessing,6
dissolvare,6
ripetente,6
illiro,6
liberatrice,6
chiane,6
attenzionere,6
cablassi,6
ramengo,6
orbitanto,6
trattenne,6
quadriglio,6
vengare,6
giocabile,6
estremistica,6
prismatico,6
procurandoso,6
assestato,6
centko,6
previdente,6
scaliso,6
pianissimo,6
triplere,6
decretere,6
serigrafia,6
ribattezzato,6
lazzato,6
areamelare,6
baricella,6
ragionatore,6
descrittare,6
cameristica,6
agito,6
ribolle,6
fattagli,6
glicemia,6
macchinismo,6
mercificato,6
camusa,6
squarciato,6
organolettico,6
allevamente,6
proiettivo,6
dispiegarsi,6
testuggine,6
selvaggi,6
berezovsky,6
caratteristo,6
ettajdid,6
rubye,6
puttana,6
arcaica,6
moltitudini,6
spizzichino,6
asserina,6
rumoreggia,6
conterebbe,6
vallere,6
retrovisore,6
ingmar,6
scaturiscere,6
fisher,6
airolo,6
unabomber,6
politio,6
granoturco,6
soubretta,6
carrettiere,6
demarca,6
complottismo,6
tranciane,6
idoneere,6
possessivo,6
library,6
carmina,6
ramstein,6
presieda,6
cop17,6
adottasse,6
tiburtino,6
mahfouz,6
ministerpr,6
sident,6
anticasto,6
truffaldine,6
sconveniento,6
dirittare,6
intesta,6
yimou,6
ordinariamente,6
vanificazione,6
italy,6
farmaciare,6
irisbus,6
paveso,6
aspettandoso,6
dodd,6
suicidere,6
autorizzativo,6
restituendocare,6
debire,6
ringalluzzito,6
stanchere,6
mugnaio,6
albana,6
lavorerare,6
giuste,6
illiquidità,6
invasare,6
sgonfiamento,6
benedict,6
ioduragli,6
greenstream,6
stroncando,6
bucciantino,6
stagnanto,6
decalcale,6
supermassivo,6
piggere,6
inastino,6
nichel,6
rigoristare,6
tescare,6
utilitarista,6
collocandolo,6
bayer,6
lastricato,6
maledicere,6
caduca,6
egualitaro,6
ferdinandare,6
fermina,6
gaussiano,6
tifano,6
rafforzamente,6
inscrittare,6
aiutamo,6
banfio,6
marginandoli,6
alberatoco,6
ginevrine,6
centrere,6
octavia,6
gauweiler,6
francobolla,6
asprere,6
colpevolisto,6
ingloriosamente,6
caduco,6
tecnocrazie,6
stimolira,6
temina,6
perdendoso,6
protomoteca,6
balzage,6
deberlusconizzato,6
calmieratore,6
intimistico,6
acuere,6
ridore,6
federatolo,6
lupesco,6
scilipotismo,6
presumare,6
insacca,6
belace,6
antipolitico,6
rapidissimamente,6
culi,6
svalutaziono,6
icloud,6
dianto,6
rodendo,6
vegliano,6
cerchiasta,6
autosospese,6
arciprere,6
trampolo,6
tripolitano,6
alsaziare,6
giavazzo,6
federo,6
unitevi,6
anticasta,6
romance,6
bavetta,6
cicoria,6
osterio,6
ridarebbe,6
facondo,6
sgk1,6
evidenziano,6
sussistare,6
scadranno,6
anticoncorrenziale,6
invochere,6
caritativo,6
appetibilità,6
parlereo,6
vuote,6
riformire,6
radicalizzato,6
mattarellum,6
libaneso,6
contribua,6
pasciglio,6
bracina,6
psicologica,6
solleciteremo,6
orbitante,6
sospesosi,6
cannoneggiamento,6
osane,6
davere,6
formicaio,6
ordare,6
correndone,6
acquoso,6
esime,6
dreyfus,6
bisignano,6
gassace,6
mussala,6
trascolorare,6
iscrivibile,6
provolone,6
sattere,6
soffrirebbero,6
autocrate,6
sobre,6
manzoniare,6
verticalità,6
casazza,6
capivamo,6
vergognarsene,6
granerò,6
minoritaria,6
concrere,6
muonico,6
storiografo,6
tomista,6
scrivevano,6
decentralizzare,6
bozzolante,6
pateticamente,6
malasorte,6
incertezzo,6
astutamente,6
estrapolazione,6
anchilosato,6
pregiudicherebbe,6
stivaletto,6
cooperativistico,6
garganico,6
talmud,6
disfatte,6
eustachia,6
spartivare,6
manicheismo,6
microgramma,6
orafe,6
versale,6
olivicolo,6
olimpismo,6
criminologia,6
telexre,6
sottrarce,6
osarere,6
riggere,6
gagà,6
crivellato,6
candeline,6
merlare,6
lillipuziano,6
judt,6
paraffina,6
skymed,6
sfacciataggine,6
bilderberg,6
accordere,6
invoca,6
mobilizzare,6
suturare,6
ricomposto,6
iperinflazione,6
usmano,6
suffisso,6
scattane,6
sostatovo,6
ripromettere,6
socialnetwork,6
mcenroe,6
odontoiatra,6
oligopolio,6
fidale,6
virgulto,6
animarere,6
celo,6
palingenetico,6
perseguivo,6
adireo,6
lucilio,6
2112,6
esautoramento,6
petroldollario,6
tagliaferro,6
buonabitacolo,6
anticavato,6
quiescenza,6
panetterio,6
vibrafonista,6
sbilanciamoci,6
gallurese,6
attero,6
chimero,6
salvaguardano,6
isaio,6
riaggiustare,6
lasse,6
corrisposgere,6
cedino,6
imballano,6
spingerebbe,6
mummificazione,6
trarrebbero,6
prescrirre,6
modernizzatoce,6
enigmi,6
fittamente,6
ntara,6
polkere,6
modernizzarote,6
convulsi,6
sollecitavare,6
respirre,6
susseguivare,6
ridolfo,6
adelo,6
fiaccole,6
extrascolastico,6
sievert,6
costruivare,6
irma,6
monosillabo,6
sciantosa,6
concertino,6
armaiolo,6
impersono,6
colzano,6
applaudite,6
cattedratico,6
addobbi,6
teleriscaldamento,6
speditezza,6
sistematizzare,6
gramola,6
mandate,6
curatissimo,6
scannellaco,6
nocumento,6
1821,6
approfondiscare,6
impugnato,6
uruguayare,6
interpartitico,6
alfero,6
autonoleggio,6
sotheby,6
federarono,6
critello,6
ricadrebbe,6
sannicandro,6
fregato,6
gerarchio,6
ruiz,6
espio,6
adamire,6
epitome,6
autorizzo,6
gilead,6
f-15,6
ergine,6
apparentamente,6
grottino,6
smettiamo,6
prostituivere,6
nostalgicamente,6
accompagnarono,6
programmatica,6
cavezzoo,6
autodidatto,6
metheny,6
rigante,6
massimomarnetto,6
ghirlandaio,6
lannino,6
agrosistemare,6
aspetteremmo,6
canchere,6
simbiotico,6
sperimentere,6
deregolare,6
scanalanto,6
mordace,6
touraine,6
fotis,6
spinola,6
dreamliner,6
astila,6
sparatore,6
moines,6
esortativo,6
anacronistica,6
reteimpresa,6
benzene,6
giannettare,6
chelo,6
ultraleggero,6
trarrare,6
anticargli,6
franchigiare,6
salaheddin,6
oswald,6
sporadica,6
arrandelli,6
petrillo,6
vetturino,6
varchio,6
affama,6
coniato,6
cuggiere,6
eutera,6
rosta,6
giardinello,6
cardamene,6
tagicco,6
computazione,6
olof,6
petkovic,6
ladifendere,6
metabolico,6
ittahadeya,6
steinbruck,6
lochi,6
foxx,6
micheleprospero,6
alatomi,6
zampone,6
aderendo,6
gigetta,6
ladrocinio,6
defeco,6
stornaro,6
panta,6
esogeno,6
ammarano,6
altatensionere,6
condita,6
pesantissima,6
sabbiadoro,6
lorisparpinelre,6
dovese,6
tempest,6
chiauco,6
sinottico,6
135mila,6
paracela,6
arcidiace,6
sdrammatizza,6
decelerar,6
pensatrico,6
paralimpiadi,6
96mila,6
degenero,6
caolini,6
esibizionistico,6
aleatori,6
pinte,6
portaaporta,6
multiformo,6
mangiacelo,6
ferocio,6
shah,6
pdmenoella,6
agglomerare,6
conl',6
ulito,6
ruditosello,6
endorfine,6
five-0,6
accantonamente,6
beataglio,6
azhar,6
rure,6
bisbiglia,6
europeana,6
euro9,6
fiscalcompact,6
tecnocratica,6
foreste,6
oculo,6
sopravvenere,6
borgna,6
sharaawy,6
lasciassimo,6
messolare,6
internò,6
pietroburghese,6
concedibile,6
ciminna,6
cerando,6
imperlo,6
cooperace,6
riverenza,6
inerziale,6
stracca,6
disalvo,6
ildossier,6
quirinaria,6
beblawi,6
trevino,6
miniamone,6
saettia,6
mibact,6
sicke,6
stragiudiziale,6
capriano,6
narendra,6
fregante,6
flaviana,6
russatone,6
mh17,6
mussolina,6
soprannazionale,5
sheinbaum,5
generò,5
deutsches,5
accessoriare,5
deruba,5
diavole,5
demoniace,5
gregaria,5
lussazione,5
intingere,5
restioo,5
cittadinanzattivo,5
sudcoreare,5
paperare,5
querelato,5
malonno,5
natico,5
comanda,5
aleggiavare,5
autorizzere,5
accettasso,5
cagliaritana,5
sciantidere,5
irachena,5
avigliano,5
cosimocito,5
laburisre,5
risuonano,5
sovversiva,5
lunotto,5
generalemine,5
comandio,5
carabine,5
spiccò,5
garzole,5
irrintracciabile,5
houso,5
lustrare,5
annunciazione,5
protesteere,5
transare,5
cartografico,5
assodo,5
moltiplichere,5
predittivo,5
abbaiale,5
bardellana,5
vespro,5
lattiginoso,5
bastanza,5
chetale,5
guiso,5
cellola,5
nasce,5
aggiunso,5
striptease,5
pachistane,5
uccidendola,5
lasciarma,5
imballo,5
granduca,5
riviero,5
sartia,5
rutherford,5
occase,5
qualchee,5
taciute,5
leggerissima,5
limanare,5
sigaretre,5
comunella,5
deretano,5
culturismo,5
recaio,5
looping,5
infantilmente,5
brawn,5
discendano,5
buttavare,5
urlandoglio,5
aritmeticamente,5
steinbrueck,5
pezzettare,5
fornita,5
espor,5
folkre,5
donchisciotte,5
teorizzatore,5
iperbarico,5
mantenendone,5
disarticolato,5
espressiva,5
leadpr,5
trombonista,5
rilassamento,5
moscio,5
ciacre,5
sussurrato,5
bucchero,5
prevenuto,5
sonnambulismo,5
psicoanalitica,5
sancare,5
aramaico,5
prabhakaran,5
stabila,5
fiammale,5
pedalo,5
astrologia,5
taroccate,5
mckiernan,5
vasconcelos,5
stronzato,5
nomee,5
arrostamo,5
impasticco,5
abriola,5
collocandola,5
ratifico,5
800milioni,5
rimimore,5
fregarsene,5
sgambettere,5
omogeneizzare,5
dimero,5
ausone,5
garland,5
rodale,5
sfiatare,5
stenso,5
colza,5
svenuto,5
dionisio,5
ultrasessantenno,5
tambureggiante,5
rajapaksa,5
sprofore,5
gozzovigliare,5
tragicamere,5
fondina,5
itacese,5
scruto,5
imputata,5
irano,5
inaccettabilmente,5
rivendichiare,5
autogeno,5
contestata,5
ultrasessantenne,5
gettata,5
tetris,5
evidentissima,5
loppa,5
studiarire,5
vaste,5
tavoliere,5
riaccogliere,5
diarreo,5
siderea,5
trasformavare,5
nidil,5
sottopancia,5
robertsre,5
misconosciuta,5
folata,5
posticipe,5
manderanno,5
pagaio,5
giornalisto,5
induce,5
anitrere,5
cavallucci,5
beceramente,5
graffitace,5
vernacoli,5
riassettare,5
equa,5
disopra,5
indebitandoso,5
speculativare,5
andante,5
istant,5
camorre,5
documentabile,5
semiologo,5
colloquiare,5
campagnola,5
tonde,5
impegnativa,5
alpette,5
evviva,5
soprintendere,5
cielre,5
deprivato,5
deflettere,5
rivai,5
musicassetta,5
marezza,5
sireno,5
diagrammala,5
reumatismo,5
raspare,5
autoferrotranviero,5
gonfiere,5
neocolonialismo,5
dolci,5
incredule,5
sbiancare,5
transiberiano,5
matildo,5
rotativo,5
scattante,5
masaccio,5
scappamento,5
orribilmente,5
noemo,5
conseguibile,5
mingere,5
moraleggiante,5
confondevare,5
continuativamente,5
tuere,5
contiguere,5
centuriono,5
incasinare,5
danubiare,5
mortifere,5
fiorivare,5
silhouetta,5
feritare,5
convengano,5
giravamo,5
1809,5
valutavare,5
uesta,5
decreta,5
quandolo,5
mutandina,5
00tennis,5
montespertolo,5
crosso,5
taliban,5
offertagli,5
metronomi,5
laurinare,5
dolomire,5
lacchiarello,5
guillem,5
sasha,5
lionese,5
ripartì,5
testolina,5
sushio,5
isolai,5
violenzare,5
inscatolare,5
hongkonghese,5
disconnessione,5
mascalzonato,5
reintrodurrebbe,5
fallisco,5
cerve,5
impura,5
deliberata,5
antoniani,5
fregola,5
subentrere,5
capiere,5
inginocchiato,5
sopraddetto,5
esterre,5
inferenza,5
sardege,5
olimpe,5
sbatto,5
diverto,5
attraversere,5
aleggo,5
aquiliano,5
newtre,5
inviatagli,5
20maggio,5
tincone,5
canzonatorio,5
altalenare,5
chiavenna,5
precipiti,5
annullò,5
padro,5
burocratizzato,5
svalire,5
richiama,5
anticipi,5
mattana,5
genoare,5
ascoltabile,5
lucasfilm,5
abracadabra,5
riferita,5
asuoavviso,5
yeti,5
slato,5
dirottala,5
zerbo,5
erompere,5
lessare,5
dirimpetto,5
contade,5
carrey,5
alacrità,5
tridentino,5
brandine,5
riaperte,5
fuorvianto,5
inclassificabile,5
spasmodicamente,5
galeano,5
rachido,5
akihito,5
bonanni,5
digione,5
tomb,5
illumina,5
scollinare,5
santagato,5
irmo,5
siberio,5
cellaro,5
lametto,5
tasmania,5
capodoglio,5
natalio,5
stuprata,5
peseta,5
efedre,5
convenevolo,5
scandaglio,5
produco,5
coltivere,5
lamentale,5
giocar,5
segue,5
stravedo,5
ienere,5
rottamaziono,5
avvince,5
bassorilievo,5
nazionalsocialisto,5
brinale,5
immutabilità,5
lincino,5
flaviano,5
copperfield,5
celletta,5
schwarzenbach,5
maniglia,5
riparta,5
scaraventano,5
arrampicandoso,5
sgabuzzino,5
scrittricelibere,5
pidocco,5
batisto,5
nutrizionista,5
capocentro,5
eugene,5
canticchio,5
fulviare,5
attendibilo,5
caporalare,5
trecasa,5
terziano,5
fiammato,5
impazzavare,5
cetarare,5
barbine,5
episodica,5
oltretutgere,5
deturpato,5
reggitore,5
convinco,5
casimirare,5
inflingire,5
cary,5
lubitsch,5
epura,5
prodigalità,5
quintuplicare,5
conduttrico,5
endomisio,5
uscitere,5
intensificato,5
stade,5
rammendo,5
demotivo,5
cop15,5
comcast,5
aprimo,5
derossare,5
conversaco,5
stupefattare,5
inante,5
brookings,5
capitao,5
maledica,5
cagalo,5
norman,5
arricchisce,5
mezzala,5
precipui,5
sterzo,5
riforestazione,5
imbandierato,5
baciato,5
eptatlon,5
lgbtq,5
mettetevi,5
ministrarono,5
campata,5
motoneurone,5
affollamente,5
rimpiangare,5
condannata,5
onofria,5
improvvisate,5
escamilla,5
muleta,5
voyeur,5
neopatentato,5
decanto,5
urticano,5
rosai,5
ramalare,5
anfield,5
tacchetto,5
hedegaard,5
acribia,5
sfocino,5
venticinquemilare,5
selve,5
stridore,5
beltrano,5
ritrovai,5
toccheremo,5
fenomenologiare,5
portauovare,5
spaventorre,5
phonemedia,5
tomaia,5
aallo,5
agìe,5
intuivo,5
garzao,5
infici,5
sfonda,5
vallerano,5
traspaie,5
ginnacelo,5
porzio,5
opina,5
spezi,5
hdmi,5
emare,5
alassimo,5
diese,5
accompagnandole,5
scandalismo,5
rilevantissime,5
semparè,5
scientismo,5
indimostrato,5
imparzialmente,5
agatinare,5
differere,5
feticidio,5
andrews,5
torrone,5
porticato,5
winehousa,5
bombarole,5
pomigliano,5
imprestato,5
sanraffaele,5
conomico,5
escluse,5
resocontare,5
ritrovaire,5
brenda,5
ventiduemila,5
twitche,5
buonasero,5
ignoro,5
pseudoscientifico,5
autoerotismo,5
omio,5
agirere,5
rivoltoe,5
cna',5
tradotta,5
filante,5
somario,5
ammicco,5
germanwatch,5
investi,5
adolescere,5
tracima,5
incarognire,5
apolide,5
collaboro,5
trentanno,5
reach,5
souvenirre,5
awlaki,5
radiocronista,5
brezzare,5
superalo,5
sapientone,5
convocho,5
fragorosa,5
stragirre,5
ipergarantito,5
emozionatissimo,5
premionobel,5
altavillo,5
conferitogli,5
bianzare,5
debilitazione,5
cenatemelo,5
apicoltore,5
libricino,5
sturare,5
impulsa,5
ledonere,5
affrontarere,5
inarcare,5
svezzare,5
tallo,5
barbaziano,5
migliorasta,5
farsele,5
rampanto,5
pallidio,5
depistatole,5
asbestoso,5
perquisì,5
collimante,5
imparabile,5
raziocinante,5
scobie,5
incanutito,5
aratidere,5
garze,5
foraneo,5
benz,5
ischiare,5
spigliare,5
stravinse,5
osservata,5
eurocentrico,5
abominevole,5
liccio,5
gretola,5
costruisrre,5
occupano,5
zweig,5
portoncino,5
utilizzire,5
diodo,5
lanetto,5
andrare,5
giornalierare,5
makhmalbafo,5
osservatrice,5
deragliamente,5
istituìe,5
cautano,5
acheare,5
sacks,5
animistico,5
riempo,5
dell',5
battagliere,5
ardei,5
assumersene,5
orero,5
mitomano,5
marasco,5
perdurino,5
ortofrutticolare,5
sudicio,5
vivificante,5
scarlattina,5
suggestire,5
minareta,5
ammore,5
economie,5
storyboard,5
rammento,5
sottocapo,5
eikenberry,5
rudd,5
improntitudine,5
cavalluccio,5
divertite,5
condivisi,5
alacare,5
camite,5
dando,5
rametto,5
portame,5
arruffone,5
teocrato,5
opprimono,5
castronno,5
ciancare,5
sosteno,5
toma,5
associate,5
altisonanto,5
boca,5
ciccheggere,5
fecare,5
radicar,5
tecnicare,5
9miliardi,5
sitodi,5
galerare,5
ipotizzabilo,5
essendogli,5
glitto,5
trombosi,5
cubai,5
permano,5
browne,5
sarubbi,5
conoscessero,5
eurocentrismo,5
ristruttura,5
proteggerà,5
fratricide,5
parricido,5
collarino,5
gettino,5
allele,5
possedire,5
parèe,5
attaccabriga,5
nervosi,5
affonda,5
navratilovo,5
contiamo,5
differentemente,5
nientepopodimeno,5
sannite,5
lennox,5
sofferta,5
risommi,5
destavare,5
chiotto,5
duplicità,5
mezzofondista,5
nevischio,5
ghiacco,5
leoncino,5
sottotitolato,5
agarico,5
asciar,5
areico,5
beninformato,5
gnorro,5
lupanare,5
pronunzia,5
agency,5
scegli,5
opziorre,5
personificare,5
maltere,5
bottao,5
night,5
bellocco,5
opulenta,5
segretissima,5
bidonvillo,5
annidar,5
oggidì,5
cyrus,5
atomizzo,5
imprestare,5
ultracorto,5
minia,5
onta,5
piscino,5
girandolo,5
spuntarere,5
divampano,5
infuso,5
faglie,5
rotondire,5
bermudo,5
pento,5
italvolley,5
starglio,5
menadito,5
starere,5
caridi,5
faldai,5
recire,5
riscuotare,5
preservale,5
tumultuosa,5
nuovissima,5
disabilo,5
debosce,5
canda,5
trapelo,5
rodeio,5
soggettivamente,5
azionata,5
masse,5
berlusconizzare,5
vaguere,5
parleranno,5
talassemico,5
dilapidazione,5
ribosomi,5
jasper,5
fooo,5
egizia,5
paffuto,5
opporere,5
ramiseto,5
canetto,5
scialona,5
maradono,5
abulia,5
pubblicheremo,5
avverrere,5
lavere,5
metrò,5
cansa,5
ungoo,5
contrappunte,5
puntale,5
inaridimento,5
piranese,5
ricomparso,5
poddare,5
cromante,5
confluisce,5
laudaco,5
antidemocratica,5
artistiche,5
yaoundé,5
balestrato,5
ratzingeriare,5
regensburg,5
rincorrare,5
tenario,5
sterlingre,5
quei,5
disamorato,5
bessa,5
fluoruro,5
domicile,5
gattare,5
impolverare,5
rovesciavare,5
diventerai,5
anticaglia,5
macerie,5
raimonda,5
cariato,5
triestere,5
cavernoso,5
congressio,5
impedirebberare,5
1836,5
nocca,5
dirty,5
dancing,5
antoniode,5
aveere,5
paonazza,5
interpalestinese,5
sedicimila,5
incisero,5
clicco,5
ferrajolo,5
amere,5
petrie,5
starters,5
tutelere,5
biografiare,5
oppositivo,5
rarefattere,5
balasci,5
gelso,5
improduttività,5
tripes,5
doppista,5
sveller,5
ahmedinejad,5
clippers,5
discorde,5
ingaggia,5
avvolgenti,5
pingue,5
cannere,5
eccovare,5
gambizzato,5
portantino,5
zuccherifico,5
annuvola,5
aiutarme,5
licinia,5
parta,5
svolge,5
neoplasie,5
partorito,5
pozzanghere,5
spettrometro,5
aviteci,5
aziendalistico,5
arrestarono,5
maper,5
motorini,5
grigoropoulos,5
scolpiscere,5
rinnegamento,5
tommasina,5
arcigne,5
celar,5
abbraccia,5
maschisto,5
freelancere,5
credette,5
cska,5
cantere,5
etnografico,5
abdelkader,5
emersare,5
talentoso,5
smarriscere,5
punteruolo,5
unicredito,5
easton,5
anticantese,5
cosparsare,5
frese,5
fulminato,5
cianico,5
60milione,5
alzabandiera,5
casellare,5
unitao,5
casual,5
concedevare,5
gonfiore,5
crafen,5
boiled,5
dirvelo,5
paramento,5
schioda,5
anona,5
atipicità,5
decrepito,5
anticamere,5
milleduecento,5
cltechvere,5
invendibile,5
docenta,5
vaccine,5
portula,5
conformarere,5
ideone,5
ceci,5
concave,5
tortore,5
sentinellare,5
distruttiva,5
trappa,5
pubblicai,5
fodera,5
fantine,5
pance,5
colloso,5
datario,5
germa,5
pregni,5
sanmarino,5
statore,5
estremare,5
annerì,5
burba,5
proponendolo,5
dandovo,5
piovve,5
betoniere,5
sanguinosissimo,5
livella,5
novene,5
spiovente,5
parruccone,5
aspirire,5
podistico,5
accudiscere,5
constato,5
innere,5
puntuto,5
incero,5
signorelli,5
ariello,5
mattino5,5
mercere,5
simico,5
urente,5
oggettuale,5
nitrato,5
acinesia,5
ribattare,5
meritate,5
concile,5
seggiano,5
astengere,5
scoiattolo,5
avocace,5
vintare,5
sunia,5
secondariamente,5
debord,5
intuizionista,5
fornellino,5
scrollo,5
stufetta,5
narteco,5
acea,5
squarcia,5
retrostante,5
moldovare,5
ascrizione,5
incessanto,5
crepuscolarismo,5
abolizionirre,5
octopus,5
scorro,5
soppressare,5
inventivare,5
insegnavare,5
tornassero,5
fossetta,5
accocco,5
foggiato,5
qurira,5
inquarto,5
disadattare,5
petrocco,5
ippocratico,5
ealesssere,5
cometeo,5
tagika,5
tecnocrate,5
autogovernare,5
osòl,5
pozzomaggiore,5
virologo,5
cupolino,5
fortiore,5
millefoglia,5
fregane,5
anticristiana,5
sobillatore,5
taciuta,5
brere,5
aasvere,5
contestatario,5
mandasso,5
tellus,5
michelare,5
settarismi,5
scrovegnio,5
franato,5
smettessero,5
crocifiggere,5
secessionirre,5
dannosità,5
ebraica,5
ricordandoso,5
baciame,5
speriamo,5
chetar,5
woolworth,5
andreacarugare,5
ennesi,5
querciolo,5
palesa,5
guaco,5
pozzi,5
nacchere,5
patimento,5
sone,5
arriveere,5
tracia,5
saunders,5
premuro,5
incompresare,5
speleologico,5
imprecise,5
laitenberger,5
rahim,5
spai,5
avvicendano,5
poderosi,5
suoneranno,5
zelandare,5
maritale,5
vecchiezza,5
aratamelo,5
conterrebbero,5
sopperii,5
ermafroditismo,5
atmosferica,5
reinvestito,5
sfiziosa,5
formula1,5
dirigre,5
anselm,5
bagnatore,5
pante,5
visore,5
impedendonere,5
lemondere,5
garantiere,5
infertere,5
caon,5
eterogenesi,5
sconvolge,5
smarrita,5
immunologo,5
cibali,5
derapare,5
raiere,5
cosmopolitismo,5
sparivo,5
emanano,5
eliminatoria,5
angelis,5
lure,5
reagiere,5
menefreghista,5
imponessero,5
emacare,5
inneschire,5
lobbismo,5
fuse,5
poltronissima,5
quincio,5
diramo,5
gerare,5
limitiamocire,5
baumgartner,5
riflettuto,5
ingiurie,5
bermio,5
pierdomenico,5
zelando,5
indevere,5
falciato,5
giuravere,5
scado,5
scadi,5
ciado,5
nazco,5
palafittere,5
gessare,5
presentammo,5
orizzontalità,5
triale,5
anticatale,5
rugginoso,5
coprano,5
tormentatissimo,5
ak47,5
accalappiare,5
sottilissimo,5
cetona,5
tenergli,5
magaio,5
benguire,5
vimine,5
pinne,5
rieccoci,5
possiedo,5
militarismo,5
rimoderno,5
ramingo,5
familiarmente,5
proseguì,5
ammutolito,5
odoro,5
neeson,5
bloody,5
solorre,5
lieutenant,5
recapitino,5
agevolezza,5
videoregistrazione,5
riferitone,5
strapaesano,5
tanzaniare,5
levigato,5
ciaikovskij,5
anfitrione,5
lemura,5
costringerebbero,5
carudere,5
secrezione,5
ossificato,5
scapigliatura,5
1843,5
procelloso,5
medardo,5
lecita,5
risvolgere,5
falegnamo,5
orfanella,5
contrastata,5
genemalè,5
cinquantesima,5
riffa,5
rotato,5
scioperavare,5
miocardio,5
1703,5
fernandoalonso,5
montaci,5
riarmare,5
depilato,5
meningito,5
misuraca,5
maluccio,5
esatti,5
squadretta,5
girli,5
cervare,5
bazzone,5
seguitando,5
preclusivo,5
convienere,5
solforico,5
devota,5
terrena,5
metta,5
spinsire,5
nedere,5
doganiere,5
bayernmonaco,5
punterà,5
trincio,5
groenlandio,5
partitello,5
sottotitolare,5
partecipa,5
inaccessibilità,5
stringeva,5
trombettiere,5
aacm,5
individuino,5
semiseria,5
farmacologicamente,5
concordire,5
spampanare,5
segante,5
finisce,5
corrispondesse,5
donzella,5
parlarglio,5
vacillante,5
smammare,5
englaro,5
rimongere,5
destriero,5
dignano,5
munro,5
stiga,5
piattaforme,5
telonio,5
bugnamene,5
rubens,5
telefilme,5
gelire,5
inondo,5
springsteeniano,5
gigantere,5
sovraesporre,5
enuclea,5
corsivista,5
raggiungevare,5
everybody,5
islandendere,5
pompeiare,5
trasferirono,5
areatesi,5
fimo,5
cospire,5
cementiera,5
fialetta,5
omettine,5
prevaricante,5
satto,5
550mila,5
artido,5
neutrare,5
occhiali,5
chiuderà,5
vendete,5
ammuffire,5
mandar,5
ironicare,5
limato,5
castelgandolfo,5
ristorare,5
lumbard,5
trecentosessanto,5
everywhere,5
clivio,5
gerald,5
magnanimità,5
provvisore,5
pugnio,5
sottoscrissero,5
unix,5
ombretta,5
esvare,5
chice,5
ibere,5
metallizzato,5
macchinette,5
semivuota,5
cicatrizzare,5
anormalità,5
etrare,5
present,5
poggino,5
telecomandi,5
bifolco,5
nostalgismo,5
rugbyre,5
trista,5
ruppo,5
sunset,5
boulevard,5
pareto,5
tarano,5
catecù,5
fucecchio,5
santabarbara,5
disonerre,5
colanto,5
arabesca,5
empoe,5
brumeggio,5
scrosciano,5
desiderabilità,5
feriscere,5
dannacene,5
introdore,5
salinare,5
sciovinismo,5
sublima,5
mielo,5
estradi,5
abbonino,5
dispiacciare,5
raddoppia,5
giurano,5
bonbon,5
handicappare,5
soffrivare,5
intrattenuto,5
mantenendolo,5
sollecitiamo,5
paracadere,5
realisti,5
amplificato,5
politologi,5
francescana,5
tradirebbe,5
selvaggia,5
tuffa,5
lignire,5
vernissage,5
guadalajara,5
poverare,5
zanardo,5
distorte,5
dimissionato,5
relione,5
scada,5
recitar,5
messaggera,5
gradare,5
inchiesto,5
iintervento,5
consentano,5
pensatrice,5
geodeo,5
cullere,5
ritocchino,5
zagarolo,5
configno,5
grottescare,5
massachusettse,5
peperitare,5
artrite,5
mettesso,5
gioiosità,5
furba,5
esautorato,5
paolina,5
1842,5
azzittire,5
piova,5
invade,5
quarantaduesimo,5
cardiaca,5
svilare,5
geotermia,5
fluitene,5
pamplono,5
primigenia,5
penombre,5
farmacopea,5
postuma,5
forsennatamente,5
ricorrerare,5
risparmere,5
tagliacozzo,5
radimo,5
faulo,5
milleottocento,5
potenzia,5
castorino,5
pescoso,5
radiativo,5
ruspare,5
gerente,5
finiare,5
scolasta,5
straquadanio,5
bening,5
assira,5
merendina,5
clarisso,5
femminino,5
clarissa,5
culminarere,5
intimismo,5
aranceta,5
alendere,5
intercettore,5
proponemmo,5
ritenge,5
motelre,5
camminamento,5
mariastellare,5
onestare,5
fortie,5
graphre,5
spiegala,5
arrabbiatura,5
nuragus,5
noiosissima,5
graniere,5
audiocassetta,5
estasio,5
magiario,5
alzarire,5
sindacalese,5
piperino,5
divertita,5
tentiare,5
maronito,5
cantro,5
festosa,5
nicolamancino,5
permessa,5
desidero,5
stranire,5
anobi,5
deroghare,5
consalvo,5
parafrasi,5
ardino,5
mantice,5
fornirò,5
sverdare,5
nordamericana,5
gallonare,5
disinvolturare,5
affabilità,5
uggia,5
primina,5
perchie,5
lelouch,5
querelante,5
prono,5
viaggiatrice,5
pcima,5
supertrampo,5
nettarino,5
scafido,5
lascinare,5
astenia,5
supermassimo,5
leprotto,5
narrano,5
resistano,5
farcito,5
infarcite,5
ricettività,5
sporgenza,5
sergnare,5
borore,5
indiavolo,5
arbitre,5
gattere,5
sottolineandone,5
userò,5
turingio,5
minneapolis,5
poetare,5
urbanisto,5
configgento,5
controbatto,5
indicativamente,5
residenzare,5
smisuratamente,5
dicotomico,5
verdere,5
accorsero,5
claridge,5
brusii,5
omettare,5
citerò,5
abitiamo,5
sdebitare,5
garavagliare,5
plurilinguismo,5
materna,5
vede,5
poveruomo,5
tipologiare,5
salamelecco,5
digrignare,5
kinski,5
quadrone,5
nicchiacele,5
ghiacci,5
greenaway,5
ipersensibilità,5
disinibita,5
stampe,5
seltz,5
incerottare,5
rampicante,5
ostana,5
grosjean,5
69enne,5
musicato,5
gavi,5
smashing,5
pumpkins,5
pescioline,5
cerezo,5
bonanno,5
sfilarere,5
scolorito,5
palpebre,5
polpetto,5
targetre,5
ostiniamo,5
sporcato,5
didi,5
costarglio,5
petrinare,5
trovatolo,5
vendettare,5
gendarma,5
86enne,5
gasparri,5
vetrinetta,5
anfora,5
masturbazione,5
radioarticolo1,5
snellere,5
supertassa,5
sultana,5
trevico,5
guerrafondao,5
cagliarare,5
isterismi,5
sconsacrare,5
firenze,5
luise,5
querelo,5
sfiore,5
inana,5
cittadellare,5
subsonico,5
citaristico,5
cartao,5
conclusi,5
paletot,5
fumario,5
battiticcia,5
guarisci,5
declina,5
blenda,5
muoverme,5
odorato,5
shelley,5
grandiosamente,5
indica,5
andassi,5
prostituiscere,5
chiamai,5
otterremmo,5
15000,5
cafasse,5
intime,5
monolocale,5
casignano,5
barali,5
settere,5
invertebrato,5
corbellasi,5
telesforo,5
bacalo,5
intersessualità,5
cederselo,5
agendere,5
bronchite,5
carcasso,5
aerostatico,5
latitano,5
propongire,5
arride,5
ragazzinare,5
allibratore,5
lucignolo,5
apprezzerebbero,5
incurvare,5
rivangare,5
professionalizzato,5
scortato,5
cadettare,5
cementerai,5
consultano,5
agonistici,5
assolutezza,5
tautologia,5
odilla,5
highlights,5
sottoposero,5
guadagnerare,5
deambulazione,5
alcove,5
estreme,5
320mila,5
210mila,5
nostalgicho,5
stiramento,5
laporto,5
custodiscire,5
reatare,5
travestite,5
antiatomico,5
rivelo,5
penetrano,5
novecentesca,5
lucadel,5
biodiesel,5
pittellare,5
avellana,5
gruccia,5
latitale,5
accampato,5
redd,5
oltreconfino,5
neoplatonico,5
nunziato,5
listano,5
strillio,5
svuotandola,5
vitulazio,5
ipprenditore,5
1miliardo,5
orientalista,5
secchiata,5
basia,5
risalgono,5
civilmentire,5
canoo,5
asticciola,5
posdatar,5
massmediologico,5
pescecano,5
smentirebbe,5
catto,5
scomparto,5
dimisero,5
porporare,5
neviare,5
servante,5
lanca,5
trentanovenne,5
arduini,5
adrenalino,5
sughera,5
intonso,5
profetere,5
curiosissimo,5
rincuora,5
marxre,5
wiwa,5
scriteriare,5
rabula,5
brino,5
notificazione,5
postulante,5
processere,5
assolutoria,5
deifico,5
emmerich,5
toglia,5
preparerebbero,5
berglio,5
mauricio,5
rinunciataria,5
scompodere,5
votassero,5
marangono,5
faentino,5
ergito,5
dolerte,5
quindicenno,5
mastica,5
materializzere,5
fidio,5
finestro,5
picchiando,5
cagliaritare,5
cellophane,5
fugaca,5
scorgo,5
sottaciire,5
premo,5
ricordano,5
proclamavare,5
considerassero,5
senatorenato,5
ortensia,5
armido,5
carnero,5
immobiliaristo,5
elegantissima,5
mobilitante,5
scaricamento,5
utilitarismo,5
élito,5
velenosamente,5
benevolare,5
riafferma,5
perennee,5
podista,5
wilderness,5
pestilenziale,5
incruento,5
genoo,5
aurica,5
iniare,5
csmpo,5
superstare,5
tintoria,5
pugilare,5
costolare,5
thorbjorn,5
cavernicole,5
vivevo,5
maurare,5
tortona,5
char,5
tastiero,5
potabilizzazione,5
marga,5
ipotizzata,5
teodosio,5
fumarola,5
mogano,5
castrogiovannio,5
sberla,5
capriolo,5
pastiera,5
umanizza,5
limine,5
mariapaola,5
borbottio,5
apartitico,5
accagliaio,5
basavare,5
uello,5
restano,5
factoring,5
distinguevare,5
necessitere,5
theatre,5
deliare,5
riscritti,5
parlerebbero,5
algerine,5
burocratizzare,5
leilare,5
dinastio,5
acquaio,5
esponenzialmere,5
tienimene,5
opossum,5
scrivano,5
1591,5
ingaggiò,5
yovanovitch,5
imprese,5
ungare,5
dopagre,5
spiritualo,5
sonato,5
1592,5
occidentalizzazione,5
mitria,5
archivistica,5
affossatore,5
capista,5
1735,5
eleacorale,5
accompagnandolare,5
seguico,5
diaghilev,5
usandola,5
dolciare,5
bovinare,5
agonizza,5
mensare,5
uritano,5
marmore,5
erutta,5
crapulone,5
mossane,5
lievissimo,5
siglòre,5
inumar,5
abradine,5
tallinn,5
engelhardt,5
alexanderplatz,5
entreranno,5
marchiato,5
gineceo,5
nothomb,5
mannaro,5
50esimo,5
discoteco,5
arrostire,5
tolde,5
family,5
muccare,5
stravinsa,5
pittorere,5
bordargliene,5
abbecedario,5
illetterato,5
tramandere,5
ercolare,5
potreto,5
legatura,5
bové,5
prepositivo,5
dimostratidere,5
autocitazione,5
recale,5
coriacea,5
nitide,5
avvistato,5
incarognito,5
oleare,5
formella,5
fraudolentemente,5
supercritico,5
conoscevo,5
gabelliero,5
vulgare,5
sfasare,5
offere,5
adocchiare,5
presenteranno,5
abbui,5
facire,5
settantasette,5
gongolante,5
mastaba,5
kigali,5
interrelare,5
gazometro,5
pasticcino,5
briscola,5
spitsbergen,5
altucci,5
baruffe,5
regalargli,5
soccombe,5
pedemontana,5
eredire,5
captainre,5
allarmanto,5
virgilia,5
zoeo,5
mobilitiare,5
micele,5
siederà,5
cesaria,5
cirque,5
soleil,5
crolleranno,5
trasferirre,5
centralissima,5
boccalone,5
baldoria,5
sofio,5
eccessiva,5
caciottere,5
philipp,5
quodlibet,5
82mila,5
centralizzatore,5
perdona,5
esplosero,5
camillare,5
rigoverno,5
pandino,5
sottogenere,5
attenta,5
xian,5
ciabattino,5
scegliemmo,5
pclitica,5
lottar,5
imbronciato,5
obbligavare,5
terrorizzano,5
automio,5
bucheralo,5
avventizio,5
enricoberlinguer,5
tifato,5
inarco,5
aiat,5
sbobinare,5
inarcasso,5
connessare,5
gozzano,5
fines,5
volumetrico,5
comparizione,5
onte,5
abusivare,5
svegliarmi,5
sottoposo,5
appresa,5
portafoto,5
giudiziariamente,5
sinistrismo,5
bito,5
cominciaio,5
entrammo,5
adacqua,5
adacquare,5
anafora,5
contribuisse,5
indimenticabilo,5
alves,5
imprecisare,5
smunto,5
carnalità,5
maestosità,5
sonorare,5
sondo',5
biacca,5
quietante,5
asiatica,5
spanre,5
pietruzza,5
penzolante,5
esperì,5
elaborarire,5
cinto,5
prandello,5
omaggia,5
cascano,5
attonita,5
gallerà,5
emmylou,5
inetta,5
riusciva,5
inese,5
asina,5
vicinale,5
colora,5
illustra,5
profferire,5
57enne,5
memorizzazione,5
giuba,5
ciprianare,5
zoomare,5
sgorgere,5
bagna,5
consoliamoce,5
autorere,5
impastoiare,5
totare,5
mingus,5
moraleggianto,5
bertuccione,5
agguerritissimo,5
regnounito,5
protragga,5
leporino,5
83mila,5
traforare,5
rockefeller,5
semplicissima,5
dottamente,5
cavarcela,5
recluto,5
elisabeth,5
raifiction,5
querce,5
gigare,5
neurobiologia,5
zoologare,5
bevilacquare,5
ipertensivo,5
brulicano,5
spedivare,5
distragge,5
svolazzante,5
agenzie,5
espare,5
maniacalmente,5
meritasso,5
relegandolare,5
azzoppo,5
statuario,5
suprematismo,5
espurgo,5
esanimo,5
mariarito,5
comodi,5
schrader,5
gertrudere,5
estiva,5
ingenito,5
risponda,5
univoce,5
cimere,5
scrutatrico,5
casata,5
suore,5
vandalo,5
trengere,5
aerodinamica,5
macchiato,5
xenofobiare,5
frecce,5
scaricandolo,5
gnau,5
tombolare,5
esportatrice,5
pregherei,5
maronare,5
ascino,5
gazzè,5
storicizzazione,5
clorofilla,5
sartoriale,5
pcesone,5
encomiastico,5
rigurgitare,5
trasandato,5
respiratoria,5
esigerebbero,5
chase,5
cinquantuno,5
laregione,5
reinhold,5
accucciare,5
sforo,5
alesai,5
usandole,5
filandario,5
allarghere,5
foie,5
tracciò,5
turkish,5
sane,5
22milione,5
abbozzino,5
rispondeto,5
quintilia,5
rifugiavare,5
fievole,5
caporeparto,5
vilfredo,5
tendolo,5
luminello,5
scassinatore,5
edgardo,5
torricella,5
uldine,5
crocicchio,5
trasferendolo,5
manne,5
incavolato,5
giacoma,5
asciutte,5
posò,5
seviziato,5
pervertire,5
degnazione,5
scarichino,5
acquiescente,5
autorizza,5
carrarmare,5
rivarone,5
ippocrate,5
ostinavare,5
fareare,5
invigorimento,5
antina,5
spregiativo,5
starlette,5
scioglilingua,5
accaddero,5
gimignare,5
schiumare,5
91enne,5
trovavo,5
arrivassimo,5
impostale,5
purgare,5
allago,5
cafonare,5
formigliano,5
concentrandoso,5
americanata,5
deconcentrare,5
manopola,5
lesre,5
icasticamente,5
65enni,5
cartomante,5
presentaere,5
subtropicale,5
rivelatoso,5
equilibratore,5
ceeteo,5
registriamo,5
manderare,5
cardiologico,5
vocalizzo,5
ballala,5
alban,5
papalino,5
vilipeso,5
mitografia,5
barricadiera,5
ideogramma,5
moghaddam,5
godiamoci,5
desdemonare,5
stacanovista,5
rifugire,5
gelane,5
fava,5
mignotto,5
strafatto,5
sbagliata,5
dessimo,5
olivio,5
hantuchova,5
noasca,5
nostalgica,5
ginepro,5
ramave,5
damascato,5
arnetta,5
pagherebbeo,5
oboista,5
bigottismo,5
malici,5
organista,5
asciuttezza,5
rapinoso,5
1516,5
pedata,5
alatala,5
prevenge,5
ricaricabile,5
rimirare,5
pigre,5
endovena,5
ubbia,5
pacemaker,5
cubace,5
cloni,5
photography,5
carcerariare,5
stupirei,5
pipilottare,5
sapendolare,5
satiro,5
miniai,5
espansionistica,5
catarrorre,5
noiosa,5
imbottiscere,5
partirei,5
dopi,5
appuntire,5
insospettato,5
probo',5
pressantemente,5
corsodo,5
rosita,5
urine,5
taiwaneso,5
scenderanno,5
valentare,5
buonafedere,5
importunare,5
cosche,5
sapientissimo,5
sfrontatamente,5
mulgere,5
decollato,5
money,5
disgiure,5
squadrato,5
barelliero,5
pordenonelegge,5
sgrammaticato,5
orsinare,5
onichiare,5
balistica,5
offriere,5
shakespeariani,5
gandare,5
azzeccagarbuglo,5
sgancio,5
friedrichshain,5
sillabare,5
imparammo,5
biblisto,5
letterone,5
parasta,5
rugo,5
obbedisco,5
garibaldina,5
vasti,5
sbobino,5
srare,5
alessandramussolino,5
balvano,5
ramai,5
preriforma,5
floresiensis,5
predisposte,5
tradottao,5
ripesa,5
raggiungessero,5
sigurdardottir,5
proba,5
gottolengo,5
vagabore,5
concubina,5
androido,5
precipitasso,5
mondadore,5
vanzago,5
cappottino,5
evolva,5
convertitoso,5
gelatina,5
comparsare,5
prepagare,5
picena,5
ritappo,5
1612,5
panoplia,5
estremirre,5
accusaci,5
gommapiuma,5
gerbere,5
comandavare,5
perseguibilità,5
aprileodéon,5
universitàhumboldt,5
weisskirchen,5
chiatte,5
moquette,5
infrangare,5
ripromessi,5
berliner,5
aranciare,5
87enne,5
sulmediooriente,5
annusano,5
madrilenare,5
dissertare,5
sareta,5
iscariota,5
decedine,5
malferma,5
chiedevare,5
promossero,5
assecondo,5
immaginale,5
trasformatoso,5
libeccio,5
marliana,5
castelporziare,5
infiammatorio,5
cantautrici,5
verminino,5
valse,5
xamarin,5
crii,5
consigliò,5
confonde,5
fulgenzio,5
statuaria,5
palettare,5
moltiplicavare,5
pluricampione,5
ricrescita,5
ricciare,5
perdendolo,5
amatone,5
1325,5
fermavare,5
gustale,5
giacco,5
cablale,5
manifatturierare,5
assaltato,5
maersk,5
diotima,5
alimeno,5
thailandesi,5
santerello,5
infantilismo,5
corrusco,5
fermandosi,5
sposere,5
panofsky,5
sussugliere,5
spezzettato,5
iprai,5
erdogan,5
aprio,5
ellisse,5
approntamento,5
difesero,5
veneta,5
ortodore,5
carco,5
antinomico,5
raggiungire,5
preoccuparre,5
scadure,5
mollato,5
femca,5
abbone,5
anellare,5
bioterrorismo,5
reagirebbe,5
emozionano,5
decisa,5
autoproclamatoso,5
salirebbero,5
strascinare,5
didatto,5
oculistico,5
prestampare,5
fannia,5
fidia,5
sfasamento,5
riconfermato,5
fusillo,5
mascherine,5
palaio,5
naturalistice,5
refurtiva,5
secessionistico,5
videocassetta,5
registrata,5
zarine,5
petrinale,5
autosalone,5
allungavare,5
ritorne,5
positiva,5
fabbricavare,5
preadolescente,5
fijo,5
risparmiavare,5
unnuovo,5
turritano,5
rappresentate,5
risucchiato,5
calasetto,5
riparatrice,5
alatare,5
visnu,5
cavalcò,5
suscitarere,5
vedovamazzei,5
bevare,5
istrice,5
derida,5
centrosinistrare,5
contribuiamo,5
inosabile,5
fissando,5
lattice,5
roubaix,5
riverente,5
negata,5
ammanetto,5
oano,5
decisare,5
massificato,5
apcom,5
scorsoio,5
propublica,5
insofferere,5
brunette,5
gocca,5
malumorare,5
aggravere,5
controbatta,5
sensitiva,5
compongare,5
miceneo,5
determinatezza,5
ignobilmente,5
invitandolare,5
saturnia,5
trassero,5
88mila,5
benjaminnetanyahu,5
loscho,5
casamatta,5
mingastro,5
borsario,5
saluggia,5
salvarere,5
infotainment,5
saccheggiato,5
alministromarone,5
orbire,5
sconta,5
clitennestra,5
arcicontento,5
malafedere,5
difendendolo,5
filtea,5
taratura,5
addebitabile,5
invochare,5
ultim,5
musone,5
corporativere,5
comprabile,5
riguardoso,5
consentendonere,5
1610,5
ferriero,5
cinquantasette,5
cronirre,5
actine,5
povere,5
assemblano,5
oristanese,5
sproporzionatamente,5
alassina,5
spello,5
diffrazione,5
burlato,5
scido,5
telematica,5
demerire,5
sibario,5
australianopeno,5
percile,5
falcione,5
oltrepassa,5
seducere,5
sfuriato,5
recepivare,5
ricavò,5
considerasse,5
stasero,5
domingere,5
favorissero,5
difende,5
scortano,5
erge,5
metropolo,5
torrazzare,5
prevalire,5
avvisato,5
boccheggiare,5
aziendalismo,5
temporalismo,5
miscellaneo,5
elzeviriano,5
guardatele,5
scompense,5
incolonnare,5
basita,5
esemplarmente,5
trovatello,5
uscirebbe,5
stigio,5
fraintese,5
scambiavare,5
belai,5
imerese,5
melanoma,5
celsius,5
rube,5
visetto,5
intignane,5
abominevolee,5
estenso,5
veta,5
asperrimo,5
devi,5
ateare,5
vestimente,5
invecchiano,5
microampere,5
culre,5
aitro,5
istoriare,5
asterisco,5
antismog,5
erin,5
capriglio,5
orefice,5
fiammifero,5
mastrolorenzi,5
brumano,5
qmalè,5
paraplegico,5
zinedina,5
mattero,5
inquadrabile,5
lusingo,5
micio,5
fosesi,5
mainere,5
sinnie,5
specialismo,5
stuzzica,5
introitare,5
tirolese,5
armillo,5
dammere,5
stupita,5
accartocciato,5
iglesiente,5
percome,5
parliare,5
yasmina,5
giampietro,5
ammontino,5
consigliace,5
tageszeitung,5
diotimo,5
trovaire,5
ingegnosità,5
confina,5
cretaceo,5
interferere,5
runa,5
tech3,5
broccato,5
significasse,5
giambettino,5
sciupo,5
betene,5
gandarare,5
sufio,5
prevederebbero,5
condotte,5
prenoto,5
parlavare,5
fondatrico,5
univoci,5
treglio,5
commedie,5
ocampo,5
sottostima,5
gnostico,5
janjaweed,5
sidecar,5
imbroe,5
400milioni,5
indentro,5
bates,5
castegnato,5
spavengere,5
abbreviazione,5
apartiticare,5
forbito,5
schienare,5
gratifico,5
nascire,5
resterere,5
mamette,5
fitzcarraldo,5
schiaffare,5
colito,5
ritrattista,5
spirre,5
pradere,5
dianne,5
contorce,5
ignifugo,5
corrottissimo,5
redgrave,5
commodo,5
italioto,5
incompresa,5
ashkenazito,5
burattine,5
passamaneria,5
chiamar,5
occorreranno,5
jpmorgan,5
cointeressenza,5
sadicamente,5
pinucciare,5
riequilibratore,5
malgascio,5
filtrato,5
casape,5
dabbene,5
captivo,5
carinzia,5
paleontologico,5
pronunciira,5
infischiarsene,5
salentare,5
intieme,5
delegittimante,5
alcinare,5
clarencere,5
impedisse,5
regolatrice,5
interprere,5
daturo,5
tristissima,5
buffona,5
rodr,5
implode,5
cenciaiolo,5
suffragetta,5
deviò,5
beavo,5
riscopra,5
stampino,5
totonero,5
solennizzare,5
evitavare,5
preolimpico,5
bobinare,5
emolare,5
fatee,5
blindo,5
prefiggono,5
dichiarandolo,5
mickre,5
ulrico,5
accondiscendere,5
lasciandola,5
cebani,5
fuoripista,5
bengua,5
ddiritto,5
tortorella,5
spiegheremo,5
scattira,5
clouseau,5
tremaglio,5
lasciamolare,5
insorta,5
sobro,5
perderare,5
dekore,5
abbaiar,5
crossimo,5
inesprimibile,5
clangore,5
deprimo,5
codroipo,5
accingono,5
assorbiti,5
evangelica,5
excalibur,5
fanciullezza,5
socievolo,5
desertificare,5
accompagna,5
profilere,5
sprira,5
seminato,5
luino,5
snobbao,5
europei,5
calamia,5
iniziai,5
saune,5
demorder,5
iperattività,5
miniserie,5
costruendo,5
counter,5
comuni,5
malconce,5
trasformandole,5
attivabile,5
meritarselo,5
bonhoeffer,5
dialoghi,5
sperperato,5
giudicavare,5
occhiare,5
bellonese,5
venale,5
58enne,5
scopar,5
energiare,5
fortunosamente,5
nostrare,5
mandino,5
pseudoscienza,5
retato,5
tutelo,5
aprica,5
comunistare,5
policy,5
conoscendolo,5
quercioli,5
abbozzano,5
torneranno,5
penitenzieria,5
capolinare,5
sciattio,5
petroleumre,5
fuoriuscere,5
internacimonale,5
valleve,5
proposo,5
76enne,5
trane,5
vestaglio,5
sfiancante,5
aborrire,5
badga,5
sciacchitano,5
papesso,5
agerolo,5
onfray,5
attinere,5
buddhismo,5
vermicaio,5
videoriprese,5
provvedevare,5
algo,5
vaschetta,5
regato,5
chissenefregare,5
pressato,5
commidere,5
tapparella,5
pistard,5
autoconvocazione,5
pispole,5
ricostituere,5
previdenzo,5
sospettino,5
muoviamoci,5
venus,5
lontanissima,5
colposi,5
catarino,5
catarinare,5
laotiano,5
portatricio,5
propagandistica,5
celibare,5
pratichare,5
intervistatrice,5
pianale,5
robertso,5
alaskae,5
odiale,5
binoca,5
inquadra,5
diminuii,5
bottere,5
sprofondato,5
contenderanno,5
bressanone,5
ripriro,5
cassiero,5
sospeggere,5
grattere,5
gavoo,5
nerella,5
fossano,5
sciacca,5
riversa,5
lonely,5
planet,5
mostoso,5
proveere,5
affossato,5
connettare,5
volanta,5
anomio,5
maronire,5
patrickre,5
saprò,5
autoarticolato,5
plebo,5
costrempere,5
frenetica,5
arcipresso,5
deforma,5
corrompio,5
disanimo,5
degregore,5
balbettio,5
rincrescimento,5
fallari,5
panare,5
dirocco,5
trasferiscare,5
interferone,5
cameronere,5
euronext,5
stantuffo,5
anschluss,5
rizzoe,5
subalterna,5
confidenzialità,5
implicitare,5
nutrice,5
carnalmente,5
marmirolo,5
organiazione,5
misterico,5
sudicia,5
pluripremiare,5
frugalità,5
imponesse,5
progress,5
nominerà,5
brelo,5
benediceo,5
cavaliera,5
carmelitano,5
incorrotto,5
filmana,5
chiazzato,5
bandierabilo,5
poncio,5
issee,5
debordano,5
cilene,5
agretta,5
eterologi,5
jafare,5
minerai,5
vendi,5
offrirebbero,5
illusionistico,5
inseguo,5
stirolo,5
tornavare,5
rinsecchire,5
filode,5
spazzola,5
uniscia,5
wandare,5
lettiga,5
schifato,5
torinesina,5
impregiudicare,5
azionirre,5
shanghai,5
anemonere,5
etàlia,5
pepo,5
nascimento,5
40anni,5
vaghi,5
svillaneggiare,5
epifenomeno,5
realizzarere,5
castiga,5
superino,5
apalazzochigi,5
carrierista,5
cinguetto,5
facendole,5
lacrimare,5
ricacco,5
grappare,5
sottolineire,5
richiede,5
sbrecciare,5
assolutoriare,5
ridar,5
corinzia,5
capelluto,5
laterizio,5
ferente,5
spelacchiato,5
smontabile,5
sottoponendolo,5
trevo,5
anzitutre,5
figurateve,5
tapisre,5
usao,5
parodio,5
ungaro,5
voiles,5
emmamarcegaglia,5
trasfertire,5
tirasse,5
newyorkese,5
ragioniera,5
pimonte,5
scrostae,5
bassorilievi,5
vanteria,5
scusandoso,5
attiva,5
fabbrichereta,5
ebrezza,5
vandalismio,5
miniaturizzazione,5
abapo,5
gratuita,5
cavallina,5
aristofano,5
laso,5
tàpies,5
dimenticherare,5
negriero,5
buzzurro,5
risvegli,5
scurire,5
discare,5
toron,5
concorrevare,5
hubbleco,5
soprammobile,5
capitalisti,5
expertise,5
abitalare,5
55enne,5
contrapponge,5
sfruttabile,5
jugoslare,5
iterazione,5
decrepita,5
riproponare,5
solei,5
fibrocita,5
compiacciare,5
funicolare,5
cilico,5
alta,5
matro,5
truccatrice,5
benicio,5
avelli,5
chesnutt,5
ziare,5
animalere,5
televideo,5
concordino,5
custodisce,5
sempiternare,5
sottostà,5
olkiluoto,5
amis,5
bojere,5
occhiere,5
coccolato,5
aerovia,5
estesissimo,5
sherpo,5
legger,5
esumano,5
nascostamente,5
superarere,5
trentasetto,5
dimettendoso,5
strategicare,5
stonacalo,5
sigaretto,5
bocciarere,5
carezzare,5
imbelle,5
emicrania,5
giungi,5
patentato,5
anodico,5
ventimigliare,5
coyote,5
punterò,5
intendenza,5
extrasensoriale,5
goccio,5
almerico,5
impiegavare,5
driven,5
nanometro,5
decisivare,5
croare,5
flessuoso,5
gradite,5
minire,5
demoralizzato,5
semisconosciere,5
filmacelo,5
manualistica,5
cerviceo,5
formattare,5
mukhabarat,5
masserizia,5
caldano,5
moscardino,5
adonella,5
fasere,5
depongare,5
niemeyer,5
cartiere,5
antiproibizionismo,5
seenza,5
monade,5
bambinaia,5
betlemmo,5
formulano,5
esordere,5
radiodue,5
cucciante,5
tredozio,5
schiavizzato,5
ingannatore,5
descrivendolo,5
olonare,5
letterio,5
fugga,5
pigrare,5
sophiare,5
fernandino,5
cogito,5
accenne,5
quartini,5
mariuccio,5
approfitti,5
fantascientifice,5
presiedo,5
grassoccio,5
tamburellare,5
concludevare,5
usurpato,5
tremavare,5
callore,5
sediare,5
lodigiare,5
sterminata,5
sfortunatissimo,5
radioradicale,5
laboriosità,5
mescolo,5
impudicizia,5
preconciliare,5
seriato,5
professorino,5
queens,5
filodrammatico,5
58mila,5
beduine,5
ialini,5
arnendere,5
nexodigital,5
4600,5
mottetto,5
amarsela,5
sitowikileaks,5
torvalds,5
copale,5
volatilizzato,5
catafascio,5
correto,5
pesòre,5
durasso,5
haitiare,5
alzatone,5
sessantottenne,5
assangire,5
ponderosa,5
badar,5
ebere,5
ricompone,5
invasero,5
compatrioto,5
altman,5
tracimo,5
cortine,5
alberghino,5
prometto,5
baldassino,5
chiamamo,5
sminuiscere,5
arrorre,5
scemo,5
telegrafico,5
solenito,5
svizzere,5
rigoberto,5
amicano,5
brunilde,5
cingetto,5
vanino,5
barbiturico,5
mostarda,5
disumanizzare,5
centrica,5
neallo,5
nurso,5
anuria,5
idris,5
invai,5
crollando,5
85enne,5
scalere,5
spazzolino,5
macchinetto,5
1050,5
sprofondi,5
ambivere,5
diringere,5
botswana,5
uilo,5
liberiare,5
brembano,5
locutore,5
cangiare,5
trentinare,5
planalo,5
tarar,5
destituigere,5
forzano,5
arzigogolo,5
enniomorricone,5
antiacido,5
sensazionalistico,5
irreggimentazione,5
scurrilità,5
unioncamere,5
despote,5
tagliacarte,5
precluire,5
muovo,5
geremiadi,5
charma,5
ragionevolezzare,5
precocissimo,5
pancetta,5
galgo,5
penarlo,5
tafarismo,5
felina,5
carotene,5
allocca,5
insalatiera,5
cacciatrice,5
baltice,5
caposervizio,5
vaticanisto,5
zigano,5
pietre,5
mansarda,5
sbandar,5
incitamente,5
impeccabilmente,5
avanzante,5
acciarino,5
burletta,5
sporta,5
icastico,5
prolo,5
attirò,5
conscare,5
grandissima,5
spiritosamente,5
compatire,5
bloccòare,5
lebeto,5
corteggiato,5
convittore,5
attribuendogli,5
orare,5
vagliatore,5
deloitto,5
albinare,5
fusaro,5
appisolare,5
supare,5
eccellono,5
imbocchare,5
capricorno,5
manterremo,5
iberisto,5
altrariforma,5
ricavandorre,5
guide,5
impugnativo,5
corsione,5
16esimo,5
bancarello,5
filatesi,5
uccisa,5
baciapile,5
hawaiano,5
universityre,5
sarezzo,5
controversio,5
sorrisi,5
seregno,5
immaginasse,5
anastatico,5
bocciar,5
ilpresidentede,5
87mila,5
intervenivere,5
corteire,5
biomedicina,5
sancta,5
binaticiso,5
denuncire,5
rendez,5
menomai,5
bastale,5
xenapp,5
brillanto,5
guatemalteco,5
analoghi,5
commerciabile,5
direttissimo,5
taurine,5
punko,5
mimi,5
corspiratore,5
dirigendosi,5
mezzanino,5
sollevi,5
disinquinare,5
rincoglionito,5
fnso,5
rimontaggio,5
esponibile,5
manata,5
insussistento,5
salvire,5
tridento,5
essendone,5
oraziano,5
bagattella,5
parlassi,5
supponento,5
accentratore,5
boicottatore,5
dimostratosi,5
tipica,5
nostradamus,5
strofino,5
ingrandito,5
incomprese,5
zaro,5
metterere,5
levatoio,5
gascoigne,5
ascolgere,5
fumeria,5
zoologo,5
atlantismo,5
fioretta,5
giraud,5
occhiataccia,5
seppelliscere,5
nanogramma,5
intreccia,5
ramicello,5
cimase,5
aorte,5
sovrappongono,5
autoalimentare,5
saccente,5
dissentare,5
convinta,5
ervere,5
antigraffio,5
bicipite,5
ferocissimo,5
apichatpong,5
sallusta,5
sventolato,5
ragliare,5
broletto,5
incipriare,5
postribolo,5
appassiona,5
infruttuosi,5
minturno,5
rubattino,5
bonnefoy,5
eentrare,5
consentirapere,5
gecha,5
gnometto,5
arase,5
pubblicaio,5
sabinire,5
schnarrenberger,5
zaffale,5
ortensa,5
rospi,5
piangente,5
senkaku,5
usinere,5
prevost,5
libererebbero,5
popper,5
concedano,5
risiedo,5
assortire,5
ficchare,5
butterala,5
faletto,5
intorbidare,5
sese,5
benamato,5
ceraso,5
orsolo,5
organino,5
luiso,5
marcino,5
isfol,5
massonica,5
ritardatario,5
dimetterei,5
incontrastabile,5
giamatto,5
labello,5
etnomusicologo,5
inglobire,5
nuono,5
palais,5
sentendolo,5
minandone,5
cebano,5
durra,5
intervenuta,5
volevere,5
berai,5
oltreconfine,5
autocisterno,5
riposizionamente,5
abercio,5
attardo,5
preiscrizione,5
65enne,5
battezzata,5
valoriale,5
succedutiso,5
significativa,5
disdevere,5
mormorio,5
dogi,5
dovetto,5
chayanere,5
eprovengsere,5
denutrito,5
parlassimo,5
damascare,5
rossellinare,5
recordare,5
flebilo,5
impegnarmo,5
folclorico,5
recupererebbero,5
inseriscono,5
bavagli,5
condurrebbero,5
significhino,5
inanella,5
attrattire,5
sottodimensionare,5
prepariamo,5
jupon,5
sophia,5
torquato,5
multirazziali,5
tafanasi,5
rhodesia,5
pechinese,5
sopperiscere,5
portachiave,5
sconvolgare,5
molestato,5
disseminano,5
drug,5
administration,5
ircine,5
christ,5
siglo,5
trasmutazione,5
dimartino,5
somatizzazione,5
accomunante,5
decora,5
spiacevolmente,5
france2,5
terralba,5
ultramondano,5
stabilizzo,5
ponteranno,5
endovenoso,5
trustre,5
lacittà,5
cavriago,5
bancarotto,5
spaccia,5
mirando,5
autenticazione,5
venosinare,5
snellezza,5
quaquaraqua,5
raggruppano,5
correntiso,5
prezzemolo,5
misiano,5
anvur,5
ricordandogli,5
presuntivamente,5
fidelio,5
ammalere,5
donere,5
mariani,5
limitrofi,5
cosmologica,5
pronunziare,5
garra,5
irriconoscente,5
conquedere,5
sobbalzo,5
asceso,5
ematurio,5
vitalista,5
muraglione,5
botulismo,5
bocco,5
anticala,5
possessorio,5
1780,5
maderno,5
avvolgare,5
affiancato,5
esprimano,5
crollòre,5
scoperchiato,5
ballarono,5
necessitavano,5
ulisdere,5
fiorentine,5
siliconare,5
oppedisare,5
schieravare,5
imbro,5
cardeto,5
columbiare,5
bandita,5
svilitare,5
gratteri,5
teofilo,5
gbertinetto,5
incorsa,5
sgarra,5
contrapponevare,5
seigiorno,5
bacchiai,5
palatinare,5
fotografò,5
fotografe,5
crudelo,5
consuetudinario,5
imbottigliamento,5
rumena,5
gevra,5
barame,5
eterodore,5
pisacanere,5
scavezzacollo,5
estore,5
limitarmo,5
diametralmento,5
incoraggiavare,5
acrisie,5
cimamele,5
intrecciavare,5
novarum,5
bozzare,5
raccomanda,5
obbiettività,5
rimessaggio,5
tappezzato,5
coreutico,5
bagnomario,5
arrapare,5
materassino,5
fungare,5
impedirmo,5
ulcera,5
cocciutamente,5
rinascitare,5
skolimowski,5
travogliere,5
destagionalizzare,5
santos,5
sommandoso,5
buscemo,5
granosa,5
camugnare,5
artigianalità,5
gildore,5
ostraco,5
dantista,5
antioccidentale,5
monviso,5
arefatto,5
strane,5
emanale,5
geremiare,5
1841,5
distribuiere,5
aforistico,5
complichere,5
giusa,5
1854,5
caratterialmente,5
avvertii,5
densio,5
camugnano,5
normalo,5
erotologo,5
spiana,5
constano,5
balzò,5
indecento,5
siae,5
monelle,5
quarantaquattrenne,5
streisand,5
odisseo,5
recitale,5
rimuoverla,5
costernino,5
raschiamento,5
insolentire,5
stecchere,5
adae,5
perdetere,5
riconquistano,5
verificassero,5
seprio,5
brontolare,5
grezza,5
pekka,5
malachia,5
buiao,5
clelio,5
dopo',5
architettato,5
odoroso,5
apprendi,5
keeping,5
mercuriale,5
paternalista,5
sente,5
facilitato,5
companatico,5
abundantiam,5
berbice,5
dimesse,5
istantanee,5
anerico,5
prolungo,5
ostellaro,5
deadpool,5
malavoglia,5
1598,5
sciallo,5
specchiano,5
qello,5
tanghero,5
fidane,5
cgia,5
groppa,5
riacchiappare,5
unisex,5
sellar,5
glacée,5
curiosi,5
trasmittente,5
cassine,5
decadrà,5
sbuffio,5
eterosessualità,5
vaire,5
aperenza,5
ottantaduenne,5
musicante,5
giuno,5
teodorare,5
parolone,5
incongruento,5
scevola,5
fruttificare,5
rendendoce,5
ippocampo,5
territorializzare,5
merendino,5
spazzano,5
campanaccio,5
rubbio,5
bustoni,5
ricondannato,5
parolacca,5
panaceo,5
rappresentabile,5
diresta,5
immetto,5
tremonti,5
emergeere,5
ifigenia,5
vichiano,5
raisport1,5
settanti,5
agenziare,5
senescenza,5
univo,5
partitissimo,5
gestiscare,5
insistiamo,5
utilizzerebbe,5
smessa,5
sdrucito,5
boukaddous,5
vagliatura,5
significherebbero,5
credettero,5
trivio,5
spiaciere,5
inghiottì,5
neigiorniscore,5
preferenze,5
moveon,5
ventriloquo,5
telefonira,5
smargiasso,5
ruzzolone,5
cafonaggine,5
beamo,5
intelligento,5
sentenzia,5
armonicamente,5
estradato,5
schiantato,5
sfibrato,5
partitica,5
totemico,5
rigettato,5
sconvolre,5
otone,5
garzale,5
vagabonda,5
scambista,5
votasse,5
legislativamente,5
nerozzo,5
elefantiaca,5
orbison,5
triduo,5
strofe,5
againstre,5
euella,5
investirebbero,5
riaccesere,5
austerare,5
iscrittere,5
dromedario,5
appostato,5
precitato,5
carneo,5
scogliere,5
vizzo,5
bonamorto,5
gaglioffo,5
imbucare,5
rimborsabile,5
biomeccanica,5
appartenna,5
ghiacciaia,5
cedoline,5
augurante,5
risulteere,5
svoltidere,5
malintesa,5
terzogenito,5
applicatire,5
verbenare,5
potersene,5
scrivessere,5
sciolsero,5
robertomonteforte,5
levatrice,5
massaggiatrico,5
elettrodo,5
soundsystem,5
meticciare,5
emulsione,5
incrociarere,5
tarsia,5
cadremo,5
bollicare,5
arriare,5
bamakore,5
compensa,5
riaffrontare,5
sgrammaticatura,5
lucà,5
antiossidante,5
salutista,5
bastiana,5
lepade,5
capziosamente,5
apprendisto,5
unaltro,5
segre,5
finalirre,5
schizofrenice,5
avercelare,5
sognatrice,5
ipermedio,5
acuzio,5
navigabili,5
trappe,5
bigiotteria,5
esteriormente,5
riunitidere,5
turlupinare,5
erykah,5
badu,5
rischiato,5
iscrive,5
tongano,5
tipologio,5
cancrena,5
decalcare,5
strettoie,5
gaulla,5
miserrimo,5
vulcanica,5
telescope,5
extrasolare,5
extrasolario,5
condensano,5
accomuno,5
trombare,5
turandoso,5
divertentissimo,5
gignod,5
restituirono,5
andarcene,5
adunco,5
ordinatore,5
buttandolo,5
maberluscone,5
colsero,5
abborracciare,5
papere,5
faresto,5
trovargli,5
accusarlo,5
trovassare,5
rinnovamente,5
vorrebbe,5
rantolante,5
risolvevare,5
consacròre,5
coraggiosi,5
buonanima,5
libbra,5
giovaceli,5
allontanandolo,5
mammifere,5
oceanice,5
casupola,5
riscaldo,5
farestare,5
giretto,5
antiquaro,5
trivello,5
patio,5
shankar,5
panarabi,5
speleo,5
andreino,5
poliefe,5
creazionismi,5
mangiamelo,5
magica,5
1652,5
palmiare,5
cappero,5
prevedessero,5
deraglia,5
illorai,5
cremano,5
congela,5
stroma,5
rivolso,5
eroto,5
efebo,5
mccurry,5
legionella,5
toponimo,5
imbarchare,5
spiaggetta,5
piantato,5
venticinquennale,5
informo,5
valevole,5
consonare,5
avvinghiato,5
semine,5
adattandolo,5
istantaneità,5
tellurica,5
coloratissime,5
sustainability,5
elpvere,5
balnearo,5
trombettisto,5
giocavano,5
canonizzare,5
aggiungo,5
oligarche,5
sceglierebbero,5
1866,5
inesorabilità,5
monetare,5
smithsonian,5
127mila,5
capricciosa,5
abbuono,5
pengere,5
tzigano,5
meritino,5
palao,5
appige,5
horkheimer,5
negoziabilità,5
canario,5
svanirebbe,5
ristrevere,5
aborrere,5
tossicomana,5
soyinka,5
belasse,5
manza,5
seguano,5
fallibile,5
celluloida,5
affliggono,5
progressedere,5
celeberrime,5
ondeggiamento,5
struggere,5
afflitta,5
salvalo,5
delizie,5
parrillo,5
wiggins,5
antinquinamento,5
sorrentina,5
collaborino,5
antisemitico,5
attestatare,5
gommoso,5
guaente,5
fibrillare,5
carpente,5
1804,5
invea,5
sbuoo,5
ponire,5
rapidere,5
elidetti,5
intonavare,5
omegna,5
pestifere,5
gattatico,5
disonesta,5
quirinabili,5
giulivo,5
furibondere,5
lucine,5
finoa,5
goscinny,5
prenotatile,5
bianchissimo,5
cucita,5
intorpidire,5
advancementre,5
monoteista,5
bruscello,5
protraere,5
luzhniki,5
applica,5
ammonitore,5
ritagliato,5
tegare,5
tracy,5
inceratino,5
compadrone,5
storcare,5
security,5
ossolo,5
trentanove,5
offsidere,5
addolorano,5
interre,5
farare,5
ireno,5
jima,5
cerchiobottismo,5
accolgare,5
rivelasse,5
evandro,5
aquestopunto,5
arricchivare,5
noriano,5
novalesa,5
papacostantinou,5
azzimato,5
simulo,5
asessuato,5
transitarere,5
decorosamente,5
torquare,5
miscredente,5
miniserio,5
titolista,5
spediscere,5
constane,5
cornamusa,5
creandone,5
ribassare,5
edificantare,5
profilavare,5
golosa,5
confermino,5
devolvare,5
ribuzzo,5
torriano,5
quadreria,5
pilamene,5
videonoleggio,5
toscanini,5
individualisto,5
pliche,5
discutibilissimo,5
massare,5
warcraft,5
raytheon,5
ammassato,5
surrealisto,5
sgradevola,5
68esimo,5
rogatorio,5
orwelliare,5
procede,5
bioclastica,5
usucapire,5
europaeu,5
azzittale,5
garettare,5
stimatissimo,5
analitice,5
paradottere,5
odetta,5
abolisso,5
viceparroco,5
assentire,5
avventuristico,5
grottaferrata,5
multipartitico,5
cadrebbero,5
achilia,5
degustare,5
egrore,5
maharashtra,5
elidine,5
mushtarak,5
fuma,5
appaltatrici,5
anaunia,5
attenuto,5
nuclearisto,5
illusoriamente,5
scoordinato,5
scaramanticamente,5
pianuro,5
calamaio,5
claudioburlare,5
suicidi,5
odiere,5
maleodoranto,5
capisalde,5
orfico,5
contrire,5
surplace,5
rivedo,5
assertorio,5
mummificato,5
fanga,5
insiste,5
mostrandoso,5
lavazza,5
dalmata,5
avvidere,5
collusi,5
sessuofobico,5
symphony,5
abside,5
carlomagno,5
contaminante,5
chiudessero,5
chiariamo,5
evidenziatore,5
unar,5
scompone,5
denunciammo,5
paesello,5
spectrum,5
sconclusionare,5
sfanghere,5
adelmo,5
cellara,5
yowero,5
museveno,5
traspone,5
sindacalizzare,5
angaria,5
tavernare,5
prevengare,5
urgento,5
compongono,5
operassero,5
raduna,5
lamentandoso,5
ricky,5
paspardo,5
incommensurabilmente,5
vertebrato,5
bassolo,5
deperista,5
fermatre,5
garrisca,5
indubitabilmente,5
ventunesima,5
mena,5
provearr,5
tentatore,5
putto,5
smentiscare,5
mezzago,5
frescura,5
olfatto,5
acoro,5
cembalista,5
35esimo,5
famelica,5
chiocciola,5
mbiliardo,5
parusia,5
musicologi,5
tropo,5
pilatere,5
vaccarino,5
problemi,5
salvio,5
abigeo,5
scorpacciata,5
coli,5
albanellare,5
chiusosi,5
einst,5
rzendere,5
scoprivare,5
mussere,5
attribuitogli,5
contattatile,5
romanzetto,5
tenendola,5
maritain,5
pracrite,5
mediteranno,5
sburocratizzare,5
esperienzo,5
santinere,5
interrore,5
archivare,5
deee,5
munich,5
quantifica,5
interrogòre,5
pancaliero,5
tommase,5
sinonimoare,5
danda,5
furtidimemorio,5
castilla,5
pinta,5
sebasta,5
foratura,5
concertistico,5
antonelliana,5
offrino,5
affligge,5
evelio,5
blenne,5
pronome,5
incroci,5
noah,5
centuria,5
ridottissimo,5
tombarello,5
thano,5
brandare,5
eroino,5
concedessa,5
giocarcela,5
girl,5
coincidessero,5
pomponio,5
triere,5
pochade,5
professionalizzante,5
2806,5
quini,5
riversòre,5
picene,5
fioraio,5
bugnai,5
visano,5
pellerosso,5
tendaggio,5
bernesi,5
stabilico,5
buffer,5
piroga,5
turbolentare,5
acredine,5
mutualismo,5
scompostezza,5
citro,5
alabardiere,5
irrisolgere,5
ingiovanì,5
barbere,5
annida,5
vampirizzare,5
caprette,5
consegua,5
31esimo,5
disgregativo,5
intinto,5
assembleari,5
ciaro,5
yachting,5
moine,5
pagnottare,5
porcinello,5
piperine,5
materiala,5
allocuzione,5
sabatino,5
giustifichere,5
greg,5
childre,5
reacher,5
esplicazione,5
epub,5
ammarata,5
cresolo,5
gareth,5
niccolo,5
ceppe,5
pacemre,5
processa,5
massificazione,5
oggio,5
annarito,5
rifai,5
precipuamente,5
centrino,5
neurochirurgo,5
nolan,5
assoldere,5
penosa,5
tutelino,5
equivoci,5
grembiulo,5
troiana,5
sand,5
ramni,5
soleggiamento,5
parcellizzato,5
odiosa,5
pentirsene,5
distruggio,5
publiacqua,5
frontismo,5
assumendone,5
cremono,5
agate,5
colpendolo,5
ronnyre,5
dorico,5
stabule,5
inattuato,5
scaturirebbe,5
pistacchio,5
ribadista,5
inavvertito,5
cassata,5
vaniglia,5
ultramoderno,5
lucullo,5
navicello,5
desueta,5
casserio,5
popolarissima,5
sciarello,5
exfat,5
polibico,5
testimoniarere,5
colombino,5
accontente,5
avanguardisto,5
accresciure,5
creino,5
suadento,5
parnasi,5
onnicomprensivare,5
gustosa,5
cascarino,5
cassinetta,5
capoverdiano,5
masterizzazione,5
incontrerare,5
socialre,5
downton,5
proave,5
aversare,5
gnomico,5
mattiare,5
depersonalizzazione,5
prevalessero,5
torpè,5
apostrofa,5
koreader,5
metalmezzadro,5
sottofascia,5
nastrino,5
galato,5
incrementale,5
boriace,5
democratizzato,5
trentaquattresimo,5
lucian,5
quasar,5
folico,5
pcko,5
aumenterebbero,5
shemesh,5
zeloto,5
cajkovskij,5
lagardere,5
evan,5
chiederglielo,5
foundation,5
brigantaggio,5
sabha,5
incagliato,5
elione,5
extraurbare,5
svenimento,5
estromimere,5
dimettire,5
verbalizzazione,5
sottoutilizzo,5
imbarcòre,5
riprendessere,5
stoltezza,5
cintare,5
cooptato,5
friuladrio,5
sinacl,5
bossario,5
trinco,5
vanoli,5
appellandoso,5
oliveto,5
laterina,5
streggere,5
monitorino,5
idro,5
riemanniano,5
affluere,5
rantolo,5
rimaniamo,5
affronterare,5
seguitano,5
linfo,5
scarna,5
cesoie,5
cuccetta,5
invernamento,5
saprofito,5
travolsero,5
spodestato,5
pietrificare,5
sottoponendo,5
richiese,5
yersinia,5
stioe,5
geometricamente,5
governamenere,5
fervere,5
society,5
mettiamolo,5
annacquamento,5
comprendessero,5
74mila,5
insegnate,5
meato,5
prossima,5
downey,5
sosterrebbero,5
sedussio,5
superuomine,5
brugnato,5
anticastere,5
impensare,5
raccoglievare,5
amarantare,5
ortofruttare,5
montefiascone,5
mostrina,5
mistrullo,5
precipiterebbe,5
glosso,5
bredamenarinibus,5
linguaccia,5
albisolo,5
rientrasso,5
dichiararere,5
rimarchevolo,5
smaterializzazione,5
sentiresta,5
signorilmente,5
subiscire,5
sporchare,5
caravanserraglio,5
sareare,5
geroso,5
danzino,5
sintetica,5
ederare,5
inalai,5
yellowstone,5
equipollenza,5
ripiombo,5
maialina,5
produarr,5
deliberale,5
santificale,5
felce,5
castenaso,5
idease,5
badato,5
trafficano,5
berceto,5
dicui,5
regionalisto,5
pontillo,5
derovere,5
sclerotizzare,5
recordato,5
evolve,5
finanzcapitalismo,5
preludare,5
padoanre,5
decrescire,5
facure,5
fisiopatologia,5
21dibattito,5
scottasi,5
arrabbare,5
ribellista,5
ventiduesimo,5
bbb-,5
mutevolezza,5
lecitamente,5
condannassero,5
bernadetta,5
claude,5
parteggia,5
autolavaggio,5
ornello,5
theodorakis,5
ritieni,5
coopero,5
settennio,5
concentrata,5
monolitica,5
cenai,5
braun,5
possediare,5
parafulmina,5
comprendire,5
birrifico,5
monistico,5
ponty,5
endiadi,5
norie,5
advertising,5
occhiato,5
annovero,5
stabilitoso,5
tautologico,5
globalismo,5
densissimo,5
lozzolo,5
mozzarello,5
nerazzurre,5
toccio,5
sparatorio,5
culmino,5
grondo,5
amorazzo,5
scattino,5
rigida,5
angelique,5
kerber,5
agostiniare,5
infreddolire,5
biforcuto,5
acorio,5
egittologo,5
spacchere,5
dobbare,5
peseranno,5
orini,5
edutainment,5
rinomanza,5
ricompresa,5
mula,5
polverizzato,5
risalta,5
amplifichare,5
permere,5
amigdala,5
revocabilità,5
cresciuta,5
addottare,5
bancari,5
matterello,5
incivilimento,5
paraoccho,5
giacobbo,5
giacoscere,5
costermare,5
antieuropeo,5
prostitute,5
disfattisto,5
rispunta,5
3800,5
borsetto,5
modulistico,5
miscelazione,5
venceslao,5
afosa,5
pluralistica,5
molecolario,5
arringhino,5
piccinare,5
rassicuro,5
premialare,5
urpilainen,5
bocciaco,5
agapito,5
posizionale,5
mitigato,5
ripetermo,5
botro,5
intelligibile,5
ospiteremo,5
tope,5
sottogruppo,5
finise,5
collaudata,5
leavenworth,5
gocciaagoccia,5
carnevalescare,5
acefala,5
elefantino,5
spostere,5
poliarchio,5
spaventosa,5
faib,5
ultrabroadband,5
interscambo,5
premierebbe,5
copilota,5
peloponneso,5
bicromatica,5
trasfigurato,5
avanzino,5
tayyeb,5
anteposto,5
berners,5
tv2000,5
corta,5
asolare,5
camoscio,5
pinterest,5
tolti,5
insenatura,5
530mila,5
trappolino,5
carismatica,5
imperituro,5
tauriello,5
resiliente,5
cagala,5
oche,5
perdonaco,5
berlin,5
cherry,5
lancettare,5
risicata,5
pisapio,5
nussbaumo,5
determinatasi,5
incantino,5
pubblicistico,5
comofissione,5
flettine,5
47esimo,5
graffissimo,5
zoologia,5
sottogambo,5
1746,5
basilea3,5
spacconata,5
animatrico,5
predetta,5
pecoraro,5
guisa,5
dichiararso,5
vige,5
incentivere,5
carmelare,5
manifestino,5
filippica,5
frapposre,5
confrontiamoe,5
cocciutaggine,5
provenare,5
disubbidiente,5
occupiamo,5
rifrangere,5
pentecosta,5
peanuts,5
scoprivo,5
conoscesserare,5
penzolo,5
boas,5
correggevare,5
raschino,5
ritearr,5
1832,5
fachire,5
immobilizzato,5
configurere,5
usucapione,5
erniato,5
teologa,5
sfiorano,5
paragonandolare,5
invocira,5
avigliana,5
iliaco,5
spazi,5
stirato,5
chocolatey,5
esplodevare,5
azionarare,5
addentellato,5
cartwright,5
intriganto,5
nicotina,5
privandolo,5
chiudevano,5
avvitto,5
calalo,5
giara,5
sferracavallo,5
degasseranno,5
ragionere,5
molinellare,5
regalato,5
presiente,5
sostituirono,5
innalzato,5
consociazione,5
cannoneggiamente,5
motoria,5
ripubblicazione,5
aggravi,5
decifrabile,5
sinigalliare,5
bloccavare,5
ragusano,5
guzzanti,5
vividio,5
bengasi,5
mondao,5
longino,5
artemio,5
istitore,5
tecnicizzazione,5
lisca,5
nocciole,5
ocimo,5
fita,5
sconquassato,5
inumere,5
ricevugere,5
sottratgere,5
qualcos',5
metabolizzazione,5
parcellizzazione,5
ahrenkilde,5
dnipropetrovsk,5
pogba,5
questionae,5
surveillance,5
vaneggiare,5
riparatorio,5
curcuma,5
introiettato,5
cinconismo,5
entrale,5
acceggere,5
autolimitazione,5
risvegle,5
sprovincializzazione,5
elaiopolio,5
funai,5
iotto,5
evgeny,5
insufficientemente,5
rapitare,5
technogym,5
particolareggiare,5
previgente,5
simpatetico,5
morbidissimo,5
coriolano,5
ritroveremmo,5
dimettermi,5
loginre,5
soggere,5
stonata,5
ringhio,5
municipalizzazione,5
emmanuella,5
vipera,5
arditelo,5
segugio,5
elitaria,5
aerere,5
spazzato,5
sostituiere,5
montgomeryre,5
soffiato,5
banditore,5
freiso,5
confrontato,5
ugovere,5
impomato,5
concessa,5
yukiya,5
mostriciattolo,5
errata,5
certifichere,5
lauramatteucco,5
silvo,5
reflui,5
curiaziare,5
mélenchon,5
puntarre,5
mega2,5
verbumcaudo,5
camporeale,5
esecrazione,5
europe,5
partiti,5
chel',5
ritoccato,5
aggiuntare,5
gianello,5
renzotassarare,5
inesistere,5
fatua,5
transitoriamente,5
alkis,5
elenchere,5
simbolicare,5
colpitole,5
aranda,5
spiritual,5
marello,5
svidercosco,5
indagativo,5
tumblr,5
defrancesco,5
disabilitazione,5
scuotare,5
toluene,5
armena,5
scootere,5
bronzetto,5
ericale,5
regolamentativo,5
individuò,5
spatolo,5
accavallamento,5
calciatrice,5
aleatorietà,5
concordio,5
bielorussa,5
occlusione,5
dannunziano,5
autofagia,5
tacita,5
ulrich,5
roatto,5
pulsar,5
mitbestimmung,5
izzo,5
sciupio,5
biglielo,5
ribollo,5
tordai,5
buttero,5
corrodetto,5
mariazegarelle,5
filibuste,5
grilloe,5
negandolo,5
accintare,5
frastagliare,5
autolimita,5
possifile,5
sura,5
unha,5
incomparabilmente,5
gravitavare,5
ghanyre,5
pinostopponre,5
musumeci,5
arbuto,5
decisivi,5
amnestyinternational,5
ragnetti,5
presenterebbero,5
rubenne,5
configurato,5
hubbleico,5
cancellerai,5
disallineamento,5
consiliaro,5
giselle,5
oggettualità,5
variavare,5
associabile,5
rifletté,5
aerotaxi,5
leghismo,5
divenivare,5
individuere,5
montieri,5
disinfestare,5
porrebbero,5
massimomarnerre,5
75enne,5
vipere,5
solarolo,5
attergartene,5
ilpiano,5
desanctis,5
asseritamene,5
progetti,5
scivolamente,5
vannidestro,5
garc,5
cittàdelvaticare,5
baghdade,5
froome,5
shenkaku,5
vincenzoricciarello,5
erudisse,5
buscare,5
wallstreetjournal,5
seracco,5
caloscia,5
ungario,5
leopardiare,5
sherpao,5
camfin,5
orzinuovo,5
amiloido,5
appoggia,5
professionalizzazione,5
valentinocastriotare,5
preformerò,5
ueello,5
sociologio,5
demilitarizzazione,5
minotauro,5
strapotenza,5
guarderemo,5
forchine,5
condannere,5
garolfo,5
estremizzato,5
mamoiada,5
significazione,5
ruvidi,5
ilpunto,5
rimanetere,5
acurade,5
lapolemico,5
preliberesta,5
anticarre,5
ippazio,5
solaniapag,5
ballmer,5
unpoo,5
compreere,5
annagrazia,5
inopportune,5
69esimo,5
allibo,5
quintilio,5
ilprimo,5
sorgerebbero,5
espande,5
durevolmente,5
fleischmann,5
capriana,5
materano,5
umbertode,5
europeiste,5
succedaneo,5
ruslano,5
flotto,5
museografia,5
retinico,5
pluriaggravato,5
scatterebbe,5
ultraleggere,5
cassiglio,5
duemiladodici,5
pesò,5
ripresina,5
laccata,5
rukh,5
suicidatasi,5
ungueale,5
incorporante,5
risparmiò,5
dissipatore,5
june,5
disincentivazione,5
f-35lo,5
nierenstein,5
monsano,5
fedchenko,5
serviziopubblico,5
meritatissimo,5
menomartico,5
mcleod,5
tagliasse,5
rimarco,5
sbullonare,5
panariello,5
definiere,5
montevarchio,5
vesso,5
rigoristico,5
italianistica,5
peridoto,5
pegasonews,5
fusaniapag,5
deforestata,5
jacoviello,5
cefalizzazione,5
bonds,5
f138,5
terzopoulos,5
permettetemio,5
fabiosicario,5
sarteano,5
girolamino,5
campagnaelettorale,5
renello,5
cantorinio,5
opting,5
attivisto,5
titan,5
micopero,5
mazzucare,5
shalabayeva,5
chito,5
scenicamente,5
aerano,5
blasio,5
andreabonzi,5
altopascio,5
librando,5
crostata,5
robertoarduino,5
cibaco,5
matriarcale,5
famulo,5
dynamics,5
scomputare,5
stecco,5
zapier,5
teletrasporto,5
comasche,5
demattia,5
urliamolo,5
cecilie,5
signoreggiante,5
francastello,5
biocidio,5
ansavate,5
atoma,5
sussistano,5
incontralare,5
polisenso,5
teverola,5
battico,5
libraria,5
tripadvisor,5
mariachiaro,5
parbuckling,5
chiuduno,5
porcellacchia,5
acquisibile,5
digiovanniapag,5
gradualismo,5
referentere,5
icebergre,5
skjellerup,5
lastoriare,5
reincaricato,5
gesuire,5
gianstefare,5
feniciare,5
ofido,5
moltrasio,5
tornina,5
slovyansk,5
maurobortolano,5
claridgo,5
mh370,5
iolare,5
transponder,5
