token,degree
disputato,219
attutire,184
coccodrillo,405
stravagante,578
indicazione,104
incolonnare,291
rampo,7
alma,148
possiare,52
duella,44
speditamente,122
attivato,26
indio,27
jon,317
adeguamento,342
aggiuntivo,117
farere,319
fruttuosa,31
zelo,31
coniglio,24
mediatore,29
scandinavo,124
bugnara,267
illuminazione,81
fiorellino,1266
guardarono,217
caletto,790
amaranto,691
resterà,41
madia,478
negoziale,55
dirottare,96
groenlandia,184
paraggio,156
conteso,59
provochare,155
impressionere,71
qualunquista,190
vola,7
arzillo,136
rosi,60
risapere,433
irresponsabilità,139
occhiello,131
maranello,1097
massino,65
toscanino,489
caratterizzare,121
marche,142
mandello,451
estonia,61
tunisina,266
prosciogliere,69
item,36
sofferente,89
rigone,576
perequativo,233
pronuncare,31
sepolcro,75
transito,46
erno,51
baretto,1109
installazione,103
beneficiare,64
soio,5
interrogato,57
intensificazione,126
brandt,142
occultare,171
incoerente,455
umbrare,149
indonesiano,379
eluso,17
giornare,88
sfilato,29
risorgente,67
saltato,11
cie,5
vecchiare,116
borghi,38
nipponico,127
omertà,44
controriforma,221
caldo,24
delega,56
barbaresco,188
revisionismo,192
apertare,62
coccia,102
lite,31
appio,120
compostezza,47
giornalistico,95
accollo,20
piede,85
pianificatore,108
inserto,52
profeto,122
volontà,40
varesine,524
interamericano,193
collino,451
mitigare,176
imperialistico,251
fronde,11
assista,20
esigente,53
fgsi,183
tintoria,517
siuf,239
internazionalistico,365
dova,23
finiva,334
olbia,210
cooperatore,46
monteso,73
riproduzione,152
prelievo,167
costruttore,16
ingestione,130
motors,58
simposo,14
polaris,22
pearson,371
fiela,282
mathi,367
stiro,350
austerità,56
riferendosare,157
cd',157
poveretta,523
coscia,14
divengare,67
gorizia,302
eruzione,183
iil,19
femminista,8
elisabetta,295
breme,33
rosolino,1510
probabilmente,75
suocera,574
solgere,136
scavato,155
arbitrario,138
media,62
esibizione,78
inutilizzabile,106
stanziamento,88
quali,30
sottofondo,147
olimpiadi,87
rapo,20
elettorare,47
fendo,13
brutta,36
illecito,58
erasmo,6
cabotaggio,31
modigliani,256
inni,77
cagare,550
hudson,965
illazione,186
cpu',413
sussulto,126
canicola,343
assurda,65
iare,364
idoneità,40
rigido,29
tour,70
rosalia,1079
incontro,11
toccato,29
interesse,32
dandolo,94
nutrito,12
nando,13
detergente,28
pombia,87
oppostere,57
cembra,27
parilo,58
sbagliato,69
morto,47
laboriosa,10
armai,25
giocare,203
avare,137
barione,664
abbaiare,248
condiziona,166
imbottire,228
cattedre,35
rapallo,312
loriot,76
levone,151
presidium,59
invecchiato,202
soci,31
esplicare,194
esanime,536
sponda,30
cartiera,98
brm,817
apportato,56
riserbo,9
biellese,286
brennero,25
comprendevare,277
achilia,262
evocare,132
acrere,356
decidevere,90
zootecnico,138
abortivo,24
opzione,242
chieder,55
armatura,23
travalicare,242
ricostruito,19
accostamento,296
strategia,80
specchio,73
emarginazione,787
estense,11
arave,19
navigatore,34
meteorologico,41
amorosamente,229
cosmetico,205
inconsapevole,262
consultazione,22
acce,16
risolutivo,47
densità,40
ado,7
sfacciare,410
boldone,1590
postere,26
caviglia,211
ranch,149
argentino,102
viaggio,13
demetrio,52
congiurare,53
chilowatt,118
defilé,60
risultato,24
marra,482
cubani,28
ancorato,127
cinquantacinque,182
gastronomico,111
nipotina,491
loquace,53
torremaggiore,340
precisazione,182
generalo,20
persico,77
classificazione,70
libanese,188
fantino,900
scalino,670
espropriare,63
crudeltà,120
cordo,9
adopere,17
campaci,81
balistico,47
esistare,169
orrenda,168
diccio,126
paca,22
telecronista,60
cavalier,518
guidato,27
rassicurare,60
alcaro,40
macello,46
eiare,616
umanistico,262
massicciamente,78
chiamandolo,46
profumo,216
bardolino,1594
antologia,250
congratula,77
luccio,1172
manovella,470
amorosa,29
anidride,299
prosa,195
levavare,268
sorveglianto,78
einaude,9
brandello,355
subdolo,338
bufere,187
regolarità,30
insoluto,50
corresponsabile,67
padrono,42
indisturbato,91
jugoslare,115
liceo,43
pollica,8
valicano,5
ridiventare,246
pensare,570
interfacoltà,58
liguria,104
svogliere,49
idere,99
smottamento,302
arrena,40
eccezionalmente,90
esiliare,21
turing,54
liebknecht,451
marshallizzare,379
tradimento,160
disapprovazione,65
ridestare,582
loca,27
infame,238
estremismo,314
contraddittorietà,465
mandanto,114
portaereo,222
libazione,190
cyrankiewicz,274
ghibellina,345
introito,143
sottolineato,137
accresciuto,136
nattare,323
ruga,75
comando,54
boccone,516
icone,409
vicedirettore,72
pcio,57
asciugare,337
sospinto,103
rocchetta,195
puntano,37
zoppicare,797
bang,267
deformare,360
incentivazione,481
violinista,346
tassare,204
refettorio,30
lezio,5
manarese,215
rilegare,68
preoccupo,33
riesumazione,35
contempo,206
mengere,253
veleni,117
trincare,28
favoreggiamento,127
aires,73
ariccia,73
coerentemere,371
berono,111
pace,32
codificare,149
appropriato,155
censorio,11
soap,5
parse,21
ree,81
avvertenza,17
sfruz,42
scientemente,155
passivamente,269
capriccio,261
fiammetta,426
illegalmente,58
ponga,22
strenuamente,181
arretramente,89
giudichere,101
sovvenzionare,90
pulsazione,242
parodo,646
favore,6
lailare,829
impotente,21
fossano,147
traliccio,161
acqui,25
soglia,8
differenziato,239
affanno,53
royal,478
ludovico,556
riammettere,226
cantore,131
senatore,56
atmosfera,8
bonificare,68
censivo,20
rientravare,132
ventisette,177
meditazione,542
vietato,36
vitale,8
aden,467
bernardino,1084
antimonopolistico,391
finto,250
escano,13
fissile,53
secreto,9
maschera,140
approvvigionare,132
antonia,585
honolulu,273
tortura,152
neutralisto,74
hitler,45
giova,24
arrangiare,347
barchino,539
sterno,37
piemonte,71
innare,276
semino,14
casa,27
rispondare,86
diffusa,26
umanesimo,301
strettissimo,14
vescovo,64
tragedia,72
umanitario,97
unitaria,68
starfield,674
egon,418
bitter,303
parona,88
prestazione,25
catalano,516
esile,12
salato,22
affrettatamente,443
maggiorazione,371
rivetto,104
graduatorio,13
prompt,9
adir,7
faoe,303
grembo,190
marchesa,571
semafore,146
amarillo,1196
gabriella,1357
compatibile,170
detentivo,31
rabbioso,122
corporativismo,300
serrate,28
fuoriclasse,300
tirrenico,215
officiale,14
monsone,61
dipendere,181
intravisto,230
astuta,37
vacante,7
decentemente,378
trattato,61
intervenissero,60
aeroflot,155
procedura,64
alcino,235
attendibili,69
fernare,454
novella,108
inameno,150
nautica,14
espediento,116
smodato,112
pensere,39
balzello,79
covato,290
universalmente,77
intervenire,19
salii,24
liscio,32
battocco,52
potenzialità,540
impere,46
permettere,173
statico,95
maestranza,203
choc,36
azienda,203
mirella,603
valle,28
attanagliare,321
caimare,834
eredita,12
altitudine,24
ondare,125
pianificazione,305
compenetrazione,454
apocalittico,149
guadagna,16
nicco,1370
metropolitano,52
seminare,79
podio,221
sospetto,72
caldaia,240
ciminà,11
pubico,52
marto,215
baciare,729
oglio,77
telecamera,53
gemito,60
meccanismo,120
apparsi,26
saracinesco,65
sincope,124
nutre,20
zione,70
divenere,42
settimanale,26
assagliere,244
chitarrista,654
continuire,366
ritenendolo,60
dicastero,21
sfe,1
incamerare,103
khartoum,304
margherito,399
pognano,141
fiancheggiatore,242
attentamente,106
fusco,833
impronta,8
vivacemente,75
venanzio,794
corriera,53
gev,60
ripeto,81
pianamente,199
deprere,51
darebbero,219
cavalcante,702
crema,206
uva,47
ricattatore,122
alitale,14
dilatazione,527
lancetta,110
pro,0
sapevare,401
assoro,18
usata,36
mine,7
pallottola,224
ficcare,664
cervellotico,195
bracciare,143
supposizione,343
scalpello,455
marxiano,262
vigiliare,10
batosta,80
affaristico,172
timor,34
festosa,65
scadenza,31
ingiustamente,72
portabandiera,96
muta,10
supersonico,139
lambito,30
suga,3
tavoletta,118
rifreddi,36
prassi,58
serdiano,487
esporre,34
mitologico,253
sapienza,6
ostassa,85
dopolavoro,19
aviv,73
sottosuolo,125
automatico,62
bridge,500
velturno,201
avvistamento,107
gobi,62
emisfero,27
lasciandolo,54
moretto,1418
chopin,563
pari,40
previsto,53
intervistare,95
fasullo,198
honda,501
tronco,42
gobo,85
inconcepibile,563
confido,25
quadrilatero,25
reco,74
spumante,728
fallaco,58
affiatamento,243
cellere,32
assaggio,20
sbancare,56
ponzale,578
cumano,27
spd,76
trotto,290
rivolere,131
quadretto,432
scandagliare,343
preparativo,21
afoso,45
ardare,564
cantino,485
illimitare,117
soo,152
mercede,30
catenaccio,241
monumentale,66
impedirere,315
qualitativamente,208
spingare,259
maputo,334
lucchese,507
lituania,173
guerina,219
contengare,285
plodio,349
adornare,406
unità,17
bieticoltura,140
medina,53
sottrare,154
diffondono,15
volentieri,82
letteratura,224
profonde,18
integrazionere,51
incrostazione,65
guardavare,383
gelsomino,101
kennecott,159
battuta,22
petrarca,448
hoè,63
rivalità,33
pontino,170
pauroso,65
depurare,78
aronne,477
stoccata,107
termine,16
antipatico,94
cambogio,138
doppler,148
inaspettatamente,305
intasa,37
ragusare,258
sciabola,359
ripetere,214
speditezza,15
crocetta,274
guatemala,332
manfredi,790
pulsante,165
beneficare,40
accaddo,59
dacio,14
guineano,247
aiutare,126
divenire,33
screditare,240
pariga,46
sobillazione,484
prevalentemente,196
verma,170
pallettone,242
fiala,6
concretizzare,332
socialismo,157
sales,420
teo,800
claudia,451
sergento,549
recitale,316
britannica,196
precipizio,436
sperimentalmente,185
marcellina,1100
ingrare,168
indiziario,100
carpi,465
ischio,5
ferocemente,220
demistificare,613
conci,27
truman,83
frimai,59
prevedibilmente,164
picasso,173
sentimentalismo,476
settantacinque,192
dominicale,14
saba,63
attizzare,93
conservare,35
bloccata,40
aliena,55
electric,55
into,41
grill,39
configno,87
cattin,26
avvedere,371
sollecito,85
mero,26
imi,318
settentrione,93
etnico,25
principessa,404
anciare,337
falangista,158
squadretta,343
cellare,56
aversa,70
gelare,217
tengare,98
sottopore,7
ladresco,285
risposero,37
qualunquismo,378
adagiare,449
riscontrato,46
notte,39
frattura,55
remigio,171
attacco,46
capanni,38
congestionare,171
spezzato,14
merlone,1094
metodico,143
ambente,49
facilitere,26
mimo,331
friulo,52
leva,2
cee,115
anticonformista,363
scarpetta,951
stabilimentare,187
propriamente,295
convenere,77
infestazione,31
tode,269
combinata,309
borsare,58
imporre,221
sussistere,272
nealà,21
slum,217
ascendere,88
antina,33
razionalità,414
oralmente,416
riconfermano,76
comporre,37
residenziale,30
piere,462
lusinga,14
prostituzione,66
associazionismo,62
sopperire,88
polacca,109
bonn,87
geometra,33
autodisciplina,54
strettare,72
orale,1
nebiolo,184
stratega,24
silvio,444
romualdo,1183
savonese,310
teleguidato,72
sta',189
quirino,401
evacuato,91
bimano,214
gallico,492
contenere,25
democraticità,205
feccia,15
estensivo,48
frato,102
uisp,34
vantaggiosi,32
vere,155
giorni,33
pateracchio,151
aiace,88
apaco,680
pescecane,335
brutale,125
disputare,276
gare,93
bolzano,172
petrello,351
baone,185
mutare,89
blando,160
aclo,52
cadillac,936
cannella,305
calamità,32
hha,86
partirere,230
valoroso,95
pueblo,127
sintomo,25
icarare,660
attica,46
uscente,128
loirare,1021
predestina,280
viceministro,165
controproposta,121
filmo,102
strangolatore,161
falciale,19
ernesto,879
stabilizzare,154
dopodiché,26
roggere,286
frapponere,78
ciiere,149
importato,144
ceramica,104
conoscilo,55
specializzato,38
irenere,1285
adelco,560
insipienza,421
rievocare,87
magiario,194
italian,56
sottosezione,12
eietterà,41
accodare,403
catl,121
appaltatace,152
abbattuto,97
tappare,113
iot,47
ottawa,218
connessione,181
soffo,59
provvede,45
celesto,72
lampante,38
krusciov,141
interamente,87
mozzare,311
centrirre,84
giacarta,202
convocare,92
fattura,46
avversario,204
apposito,26
disfatta,65
indulgenza,437
danzare,151
luidere,820
ladislao,137
riad,121
zappo,485
cassaforte,200
agile,24
cmi,181
afferì,32
sforzare,110
insisto,23
battipale,59
beccare,1005
avvolto,250
esordiente,762
somaliare,68
bitetto,33
rinforzare,89
carraro,245
militaristo,174
ricevere,20
dilagante,116
spaventosamente,375
sensuale,77
adempiare,65
letto,195
leana,53
suonavare,102
dop,594
ansia,42
adotto,23
mammari,127
calandre,273
abituale,43
aralo,84
cire,191
lezione,7
accidentale,32
offe,5
endemico,57
genazzano,1106
meccanizzazione,346
gattesco,206
impersonare,231
spontaneismo,443
opponevare,105
frapposre,31
capro,31
violenta,132
altilia,20
ipotizzare,263
democrazia,116
marxismo,205
bastiglia,295
rugbisto,471
collezionista,35
alni,63
vincita,30
tega,69
accende,8
geografico,25
adula,61
trancia,45
loredano,918
irrobustire,252
decenza,31
confronta,13
zona,71
ritenuto,89
creto,4
colera,60
coreografo,438
feudalesimo,134
fortuito,105
autoblinda,306
echeggiare,243
pasqualino,713
asfissia,145
spallino,571
vinogradov,182
dolente,174
ferrario,267
giovanni,215
accolta,28
sos',27
gemisto,15
forse,453
malvina,149
legna,184
elegantissimo,245
cicatrice,102
infiammare,187
pastorello,623
trapiantare,60
galassia,47
fotostatico,63
pessinetto,888
restringimento,514
discontinuità,245
tipografico,41
dibattire,35
suardi,183
delegata,21
inasprire,34
addebito,50
dintorni,149
navicella,171
ingoi,50
pattere,67
nocara,89
fano,273
insoddisfatto,42
beatore,476
robi,425
wyszynski,120
tecnocratico,388
predicazione,299
esecutivo,120
danzante,173
corsa,73
ricorrenza,35
nettamente,57
esano,141
chilometro,40
pediatra,47
bernese,587
romagna,69
archiviare,72
chiarere,277
malgrado,38
irrefrenabile,223
gommai,95
compiare,130
riconoscimentare,85
magona,97
reggiano,388
sartre,263
letta,26
piemontese,73
fomentano,25
iscritte,14
prona,15
anfiteatro,97
tinco,11
teoria,143
stringare,77
aggredire,100
rivendichiare,108
cassetta,76
gaffe,38
morie,128
crumiraggio,52
rivoltella,342
liguro,172
immoralità,223
gerente,31
insurrezionale,48
trascendere,300
delirare,754
ridere,561
lecco,418
raggranellare,119
gia,3
gramsciano,129
spineo,15
munente,18
martesana,940
ventimila,105
metafisico,352
classifico,60
sere,7
lungi,135
ritocchio,37
associare,19
esasperare,145
innovato,41
salsa,41
bruciato,304
celare,139
ufficiale,24
notorio,14
york,113
lamento,29
disonestà,206
fossò,185
studiano,42
ferrano,819
ponevano,59
uguale,45
sostegno,16
giuseppa,379
sacchetto,276
aprila,49
laurina,128
cumino,139
aero,25
brabante,775
celo,6
conducire,79
egregia,108
finivano,526
alternarso,31
supero,47
riare,197
tranviare,107
capovogliere,305
saio,86
biondi,732
zonalo,36
condivido,231
gallone,589
angeles,172
giornale,98
implichare,165
decido,45
studiere,41
estesamente,316
asse,41
reciproco,27
annetto,26
guiso,64
cancelliero,49
perseo,6
cigliè,34
dovimene,26
riunione,76
copertare,137
beire,635
scolaretto,300
allietare,218
ghano,315
nafta,117
caute,30
deturpare,30
semente,101
finivare,475
dritto,88
basile,143
cervino,476
cinisi,8
sansone,272
dia,34
effettueere,81
agnazione,142
qualificato,44
costruendo,46
caratterizzante,179
dovettero,112
guglielminare,1638
bilatera,85
glenire,262
tempo,11
giacimelo,50
rispondenza,31
affiancare,42
amni,2
saldo,20
atrocità,122
aleatorio,66
accumulato,83
compensare,369
suggello,27
saluta,21
tamaro,254
immatricolazione,46
alai,78
nicola,842
striale,13
acerbo,36
raggruppare,27
infrarosso,86
svariato,22
burma,94
denudare,233
frangia,18
pensionistico,90
sfumato,23
vedetta,121
clemenza,58
leonida,350
brunico,197
arpione,286
calabre,132
squalo,39
scontato,51
provveditorare,72
annotto,1348
paracadutare,401
streguere,155
guevaro,82
impianto,139
abetone,246
sorvolare,110
grondere,227
superficiale,147
goya,154
camminato,128
cardo,401
impensabile,268
incompetente,56
ienere,354
medioevale,101
sophio,598
coercizione,129
rivestire,19
funaio,93
same,198
patrocinio,18
suggerire,170
forzatamente,409
vittima,115
squadracce,133
brillano,210
naturalistico,659
promulgazione,95
none,78
arrinere,17
sesto,36
scalinata,453
alcinare,359
obbiettivamente,187
davvero,279
otto,167
mugliere,83
socializzazione,418
autofilotranviario,140
coderno,7
liverpool,280
pittorico,275
mezzale,40
protratta,39
dimentichere,404
accoralo,104
orare,45
alliere,65
spingevare,223
lesionato,78
cornale,38
rossare,413
bambino,78
andana,12
arei,33
notificare,79
agordo,24
mestro,28
dilazionare,287
progressività,376
riprendevare,144
redimere,37
irresponsabilmente,204
sposta,5
oscuro,27
luino,443
taccone,724
arruolare,123
ottemperare,65
candidalo,59
templo,107
borsistico,119
vinciano,310
dccli,20
brettere,52
esaminato,48
indeterminato,73
gaudente,34
avita,12
folico,34
assorbimento,219
nuoce,43
prosperare,60
benda,108
olanda,104
ubaldo,1016
avvertimente,51
comecon,85
infestare,119
comò,130
orchestrare,63
sade,13
velleitaria,253
carbonizzare,340
spiccare,27
ipotecare,33
oas,88
inedia,57
tonare,537
iloto,61
anse,1
viario,56
svizzerare,63
quarto,83
gretterio,18
pelliccia,319
considerazione,272
incondizionatamente,224
tangente,83
dislocazione,171
veronare,347
fioco,146
torto,158
bottegare,35
poetica,343
pattare,221
punico,21
militarizzazione,226
prolunire,41
cix,710
bevilacqua,1331
inammissibilità,262
rappresentatività,163
roder,614
rupia,60
upi,33
incatenare,443
scopino,130
coperto,221
normare,46
acciaierie,193
riequilibrio,178
autore,44
ridure,80
incendiario,121
bordare,295
rifuge,40
validità,46
offesa,58
sconfortante,45
cerchiare,37
ricoprire,8
cuo,22
castagneto,177
costoso,120
informale,35
integralista,257
condensare,29
rognone,403
deriso,22
conversione,99
alca,201
cimento,100
pantedesco,108
strevere,54
colpare,281
meriterebbe,81
luanda,383
cdi,119
adulterino,66
pluriennale,99
ottorino,643
vermut,563
fmi,122
tubatura,342
giobbe,293
ricambo,93
melodramma,401
listo,20
gambugliare,105
ingeneroso,152
tesserino,36
edda,91
rimproverare,270
revisionare,75
cannoneggiare,302
bouteflika,675
significare,207
failla,257
carbonizzato,331
municipalizzata,99
cantoniero,147
azione,83
ali',23
settimio,18
braies,587
avo,25
rivoltante,92
pluralistico,596
monello,1215
nide,3
triestinare,225
sovvertimento,36
disordinato,131
globalmente,371
allatto,27
rilevalo,105
eracle,114
margine,6
intitola,64
scampa,10
paterno,15
yen,43
lotterio,9
entrata,24
tubre,53
ricollegare,238
festoso,56
mattina,82
malfa,87
organicazione,385
rintracciare,363
africano,146
dintorno,87
cella,33
spettatore,33
atomico,51
togliatti,58
caneo,16
risposto,31
scultura,145
cenerò,19
gravissimare,66
rinvenere,174
germe,35
oddo,682
astravere,28
elicottero,239
rinalda,111
postelegrafonico,147
labaro,129
razzisto,66
spoliazione,307
giallombardo,303
maestoso,156
legalizzare,303
riconobbe,55
svariare,38
persecutorio,329
regolazione,118
mulo,149
stagnante,30
esautorare,106
aquila,218
condizionale,132
schiero,11
persuasivo,257
laotiana,219
francesco,1128
nico,81
mala,18
udente,38
teorizzare,229
censimento,115
versare,46
incitamento,109
dolorosi,40
cacchio,30
arere,41
marme,32
condrò,3
pugnalare,271
polizza,13
acquietare,109
adombrare,632
egnare,423
louis,607
conservatrice,278
pubblico,9
assero,153
statuario,113
vertebra,44
lucrezia,196
purissimo,239
rais,436
torà,59
coabitazione,103
ottico,80
salto,9
aspretto,48
nulle,24
superfice,48
accidento,87
spegnere,110
lodè,117
fecondare,160
podistico,132
interrotto,52
coprere,112
strale,12
bordino,16
pensoso,47
ambo,7
lauto,10
ceduta,39
furgone,289
serpente,353
publio,5
incappare,385
cotal,36
canottiere,313
allestimento,31
autolinea,85
colloquio,33
conquistare,40
popòre,14
esprettere,112
figc,29
iro,54
corvo,419
mimare,305
coagulare,315
pesantissime,37
film,148
pellicole,103
cliffo,398
massello,668
moratoria,29
incontrastare,139
assiderare,222
oriundo,447
theodorakis,131
arsenale,26
regina,38
empolese,444
guerrafondao,130
etichetta,24
indiscriminare,113
icaro,188
smembramento,210
riace,15
gravido,64
registico,198
ferdinare,1461
morgano,56
maga,4
costui,193
democratizzazione,312
acme,116
pellaio,309
esistere,52
aliquoto,203
svolge,27
miso,16
illeso,120
arterio,28
spopolare,73
appe,14
stabbiare,110
pinare,1191
interaziendale,80
vestigia,45
scoraggiante,125
ignaro,42
sovraintendenza,42
agarico,9
calza,121
flaminia,332
cingolato,39
gigliotto,809
candidamente,35
stecca,44
strillonaggio,51
produrre,75
pinterest,16
assolare,27
redenzione,26
rimorchio,242
ingordigia,126
mirco,16
maresciallo,36
smentita,58
orice,35
taccuino,101
calpestare,68
pubblicalo,103
tanzaniano,93
onest,5
legame,21
vergare,70
contralto,132
gabon,330
cheta,125
lunghissima,21
pasquetta,69
alseno,367
rouge,685
opprettere,204
schedaro,13
perdente,43
goffi,58
alfonsine,1378
journal,359
assetato,36
filarmonico,313
botto,191
eolio,19
apprestare,84
piario,18
emigrazione,29
fijo,57
olire,271
tanaro,12
pina,81
digione,13
giornalmente,71
biennale,21
australia,94
bolletta,27
imperturbabile,261
mortificazione,502
university,25
atame,3
innovatore,91
viscido,260
batterio,52
alberatoso,717
natan,30
turpi,158
bontà,2
tenutese,46
città,25
betto,1300
trasformatore,128
seguire,50
polizie,39
vuoto,12
ammaestrare,292
ammone,33
tenue,33
sprezzantemente,334
adora,342
bacon,560
solone,319
stregua,10
irsina,208
eliana,235
ispezione,49
motivato,57
nick,909
spedito,9
minoritare,77
diverbio,98
rafforzato,79
ingiurioso,232
trimestre,100
esagerato,287
maschia,11
dentare,232
passasse,30
castellino,1095
schiarì,60
nominatività,139
caprero,469
centrosettentrionale,110
bestseller,518
kissinger,78
biomio,11
stringento,20
dolevare,752
dii,217
avventuriero,66
indico,16
prodigioso,121
ambiguere,141
rifatto,67
riempiere,245
bari,223
protone,10
nonna|nonno,796
scendevano,123
niello,1086
ricadere,54
schiavitù,110
sena,9
cambare,48
ungheria,79
virginia,264
setacciare,864
tradito,59
tariffo,38
centrosinistrare,127
piccolissimo,142
ingenerare,118
uhi,363
muro,97
duilio,191
ept,449
pecca,12
attaccamento,99
erp,12
segretana,95
antimafia,21
battello,496
quintare,162
pentola,283
fittizia,43
spirituale,215
prigioniero,49
curanto,77
elette,27
morio,138
accelerare,71
bastone,219
agrare,54
pazza,107
assiduamente,131
gollistare,81
riabilitare,13
araldo,492
planare,71
abuso,132
risoltere,80
piroscafo,168
dolciario,220
cinse,58
pianare,98
selettivo,122
afilla,139
compositivo,32
male,88
paese,83
passatello,608
denunci,50
manichino,733
apertolo,24
colossale,25
alberane,414
concludendere,98
brio,72
anelare,183
ici,489
inadempienza,57
corbetta,857
giocar,73
rada,20
svuotare,30
ritorto,31
seicento,152
risolgere,77
socia,32
mediare,233
formoso,188
parlino,71
limitatissimo,178
durissimo,33
urio,264
dopa,82
coperchio,595
finente,14
doratore,107
tilt,260
competo,19
inopinato,124
dovevamo,270
provo,23
brigato,34
antinfortunistico,72
salio,46
ciecamente,397
plaga,35
investito,18
fanetto,1166
penicillino,137
combatto,56
ossessivo,40
alina,188
sinaie,144
sventrare,445
capitano,390
angolare,49
so',222
autocolonna,87
agostina,367
cognare,732
branzi,83
affrancare,41
tremare,349
rommel,109
evitabile,219
segnale,35
gorreto,123
ringiovanimento,273
borsa,12
ambiguire,284
bestia,74
gendare,469
fabbricato,137
sarto,200
gigliola,880
petrina,960
mercallo,18
celibe,10
inaccessibile,82
scalatore,17
esprimevare,136
secrezione,34
aprire,50
degasseranno,60
difensore,32
hitleriana,102
aziona,15
azzurrere,415
arribare,163
cargo,218
questine,19
sacerdotale,80
sanatore,41
ordigno,49
reggia,305
fanello,1188
genova,180
zana,83
preferenziale,72
arretra,9
campiello,376
nolo,31
sorgevare,171
zecchino,330
affermo,59
etare,633
firmo,16
humour,310
guarigione,15
saracino,128
beneficenza,72
graduatoria,20
silvestro,1174
accadere,60
atrocemente,352
lesbo,94
speranza,44
operativo,159
crescenzio,20
ginare,342
accampa,7
genuino,5
prigioniera,52
anemia,24
federatimico,157
piombare,419
ettario,28
chiarificatrice,79
carnia,316
seminario,12
destinatario,86
ribellare,222
provvisto,30
linoso,22
el',105
orco,48
stones,284
pianeta,84
tirala,13
vigente,117
seriore,17
sarda,45
patavino,750
album,26
nere,229
piume,70
valevole,212
ipoteca,4
rizzo,120
favorita,216
spiritoso,87
acl',16
mantovare,519
furtivo,48
liminale,9
peronisto,46
artico,6
iso,437
leno,74
diventino,20
attributo,13
attivata,32
rinaldo,183
coffe,82
affetta,38
clare,317
gel,15
tonacone,312
stoviglia,278
comizio,46
binda,90
farto,28
onore,16
fustella,92
compagnone,778
aperti,25
vicecomandante,83
leadership,76
macho,192
uguaglianza,81
facilissimo,149
famigliario,30
sottrarre,87
immutare,30
semestra,45
paralizzante,53
infinire,377
intrattenere,32
wto,336
sone,61
respirre,73
elettrauto,75
minervino,354
fetore,44
capacità,82
dop',205
riverre,60
suola,209
fruttuoso,30
vagamente,175
neve,75
scioperere,135
crda,294
infortunio,31
arrotondare,173
martin,142
ventilare,109
banditore,158
anemico,123
giudizioso,183
rinfrescare,300
molestare,364
battire,39
costringendolo,98
foro,28
erma,33
malaparte,231
mazzocco,1163
ancono,248
vitalmente,326
giano,372
veniare,120
maggiore,39
promere,12
mescolare,356
segretario,52
partecipalo,32
tenua,7
allista,44
enal,4
caf,18
bolognino,1100
navigare,62
lusinghiere,60
losca,46
pieck,76
gibbo,806
annuncio,37
riservista,14
segnalo,12
addire,241
califfo,106
impressionare,249
giusto,31
devoto,42
dominicana,141
cpu,166
pisa,237
morando,640
riflusso,105
ferimento,51
incomprensibile,421
ledi,20
battagli,24
triennio,34
acie,114
joan,977
crollato,104
urgenza,30
abbondante,57
ginecologico,137
casareccio,780
sperperare,163
rizzato,16
annamario,1071
colorante,382
rimboschimento,179
assorbere,77
rodolfo,591
dormivo,673
leffe,18
rotaio,97
provine,59
rimpatrio,26
brone,567
pescarare,420
incurio,24
limitazione,269
scrio,41
giunio,9
entusiasmare,180
xxv,74
limbo,3
artigliere,202
sopravvenuto,74
idealmente,315
tolta,15
esitano,110
venatore,17
nato,59
ulrico,27
progredire,86
retto,10
risare,41
comprimere,322
equipe,10
ionia,19
cliché,193
varesotto,618
spirito,20
denunciano,55
proterre,49
frana,76
cade,78
controllo,33
recante,26
santuario,147
prenotare,33
metamorfosi,133
fuio,12
anglo,31
coppo,92
elso,556
astenuto,17
esaltazione,214
bosforo,186
pallo,203
sentii,90
lazzarone,1593
attesto,49
cam,11
aerala,34
respinto,20
marasco,529
doso,29
contrammiraglio,154
spogliarello,1000
telefonicamenta,28
colombiano,251
palleggio,69
calla,205
capigliatura,404
errar,15
comparto,33
ivi,6
colomba,144
affinare,158
valango,96
elenio,62
resurrezione,30
sing,215
nevralgia,88
rapaco,96
bargere,233
orsinere,174
sydney,676
container,33
flash,114
rica,13
manciata,85
ferro,27
quattrocento,160
fénis,206
pare,29
vivaco,27
inseme,10
runa,35
quarantotto,143
rivendicato,72
alter,37
impasse,18
cantico,30
esedrare,146
comunione,13
poietica,177
stoppare,1227
portuale,41
bandeau,321
pugliese,94
opificio,122
surrealista,311
pericolosità,136
flottere,59
impalcale,127
colte,6
paesaggistico,158
scrissero,199
vittorioso,62
corroso,149
sonoramente,80
riconoscere,159
appreso,36
finista,13
sfollare,191
foglietto,140
crudamente,399
aduncare,109
controvere,167
collaborazionismo,171
tolgere,207
amore,142
sgominare,330
rasi,11
maturazione,337
finanza,20
pam,8
rispettabilità,205
dei',123
melissare,298
simultaneamente,47
pacello,101
pedare,62
mortalmente,167
prefettizio,53
neisse,52
alfi,93
faura,117
esalto,17
canore,86
esauriento,175
esodo,22
febbricitante,267
tipografo,34
fumoso,109
maserato,308
alé,435
addormentare,672
piccino,90
alii,9
tirone,370
cardare,445
natalizia,31
trasteverino,527
fanale,53
trapassare,66
sputare,294
delinquente,167
cantieristicare,150
denunzia,37
vanere,403
reimpiego,31
cii,283
barno,498
scioperio,69
appassionata,54
usciere,132
sciopere,117
latinare,65
arida,65
assicurativo,202
converre,36
tgo,233
gonne,9
accelerazione,247
icere,506
felicitazione,112
pogrom,0
aprii,36
municipalità,50
coerente,199
minaccio,12
palatino,360
relax,8
diego,327
broda,38
psicologi,87
fletto,17
zibellino,1128
discusse,120
giornaliero,89
europeistico,233
previsionale,38
immaginabile,197
missiva,1
nevia,13
nestore,304
ferente,15
napoleone,483
autenticità,166
longone,89
ricusare,105
sgrave,82
limitatamente,463
lappo,7
paesano,40
disonore,259
tallin,47
rimborsare,103
pei,41
ceramista,143
combinato,166
confcommercio,65
ostentare,222
grandiosità,71
settangere,199
assassinare,329
superstire,58
indosso,221
mentivo,14
imbattibile,146
asprare,28
orbene,106
crown,303
protocollo,45
manchester,159
mitra,154
ripercussione,56
samar,42
taceno,84
clericalismo,382
buratto,478
taciturno,151
abbinare,15
gelido,194
capuare,1199
bolide,555
metronotte,611
aristeo,116
vialone,62
salatale,103
sfregiare,572
dimenare,306
inseparabile,278
carogna,468
merce,55
rudolf,396
tonnellaggio,83
coerenza,149
severe,15
preludere,187
maldestramente,290
assisa,11
contini,257
ohio,150
sinistra,83
crespi,20
stupire,332
devastatore,114
marchetto,1074
arginare,103
disagiato,63
monticello,977
grigiore,228
dimostrere,127
titoista,111
borsario,65
andretta,576
busse,64
democrito,68
ardire,306
tranne,42
tentao,49
westchester,476
uccidere,315
eruppa,48
trattengere,120
impasto,9
siedare,58
normalizzare,67
galla,123
supposto,124
averò,52
spianare,291
poligraficio,165
stentato,76
serale,22
scomparve,157
sottotenente,396
congelare,106
lene,26
birmingham,486
equivalgere,154
brande,23
abbattimento,53
trentasetto,202
precettazione,343
unii,221
motto,50
premolo,74
olimpio,170
schiena,430
rassegnazione,35
alimentare,89
inscenare,81
denuncare,67
sabare,947
gaia,178
vivamente,93
filarmonica,412
radicalmente,189
infrangere,69
baileys,741
elena,61
legittima,57
garno,1132
inaugurale,82
benna,484
sudato,29
benzolo,152
bastonar,67
camuffare,535
spaak,363
inique,61
vocazione,113
rallegramente,60
insuccessi,25
gepi,73
nam,35
concepire,258
iroso,34
fraternità,81
redditizio,66
corbellare,429
porrebbe,339
rina,69
corinna,163
ablazione,380
serpe,8
apparvero,121
bisognare,179
fornitore,52
evangelisti,96
sopportabile,153
capovolto,25
televisione,51
incontestabile,356
marte,48
autobotto,290
ridda,32
racimolare,184
fandonia,92
pnm,143
marchare,178
lagunare,95
passato,74
duole,193
ohi,53
sguinzagliare,717
disperazione,198
pedonale,89
squadracca,134
scardinare,102
gavino,650
presiedere,60
garzone,1122
accurare,22
arcaica,190
finanziariamente,124
parassito,83
appaltare,88
lanusei,42
giocagio,74
sinceramente,162
diffusore,46
menfo,24
guida,4
romano,29
strenuo,31
classisto,66
duccio,358
colico,13
consistare,174
abaco,113
redo,18
cancellerio,25
pederasta,8
pruno,31
licenziamente,121
esiliato,30
sezza,3
vanire,225
idiota,117
contratto,91
minacela,19
leggevare,380
bono,11
esattezza,30
gronde,41
contestazione,172
ingentissimo,39
aguzzino,173
coltivazione,182
circonvallazione,164
difesero,129
aggancio,9
prevedibile,119
ottobre,43
razzista,72
costituivo,63
gip,116
oltrepassare,233
antirazzista,106
marocchino,280
semestrale,59
impiota,55
prevalso,52
transistor,60
sos,153
aggravante,25
insinuare,326
posina,7
disastroso,61
vomito,139
sarca,94
ciclico,7
intestino,55
avversare,183
alato,71
ipotesa,44
eliseo,19
marcare,78
alleviare,40
coniugare,44
edelweiss,844
proscrizione,24
fanciullo,108
martellamento,106
disopra,32
dom,29
freno,19
zito,483
intollerabile,196
limpida,124
abito,172
brescio,338
atterismo,163
ininterrottare,50
derivata,29
enel,56
sradicare,271
delimitato,96
improntare,277
baraccone,202
allucinante,123
lidio,16
filmico,204
logge,41
tendenzioso,198
miracolistico,347
macis,57
scollare,202
focolaio,23
manifestino,46
oort,77
convalescente,67
provvedare,87
contendente,92
impressionante,67
pubblichiamo,111
comire,199
tratteggiare,36
editta,21
passavano,445
calvarese,405
faula,133
servirebbero,307
cader,269
lasceremo,50
atalare,302
terminale,23
guardo,27
tagliando,46
attuate,82
evo,7
pacifico,45
spencer,380
cosa,164
spalare,599
esagerare,305
provveditorato,77
fanalino,458
obice,128
processare,144
siciliano,58
lacchè,247
nazista,61
scioltare,163
cavallerio,195
intendare,260
efficacia,81
edmore,685
abruzzo,124
individuo,38
dubat,60
cenciaia,266
pretestuoso,227
svarione,34
normalità,17
disparato,72
antonietta,1513
lateranense,11
ovile,102
castalde,1641
allungare,197
verno,9
baldissimo,576
urinario,27
cinematografico,67
spiccavare,133
interra,30
esemplarmente,155
aviogetto,287
piantagione,57
calais,411
convincimento,334
ossire,25
ingerenza,95
conclamato,68
intendevare,324
olla,38
contenimento,287
abba,15
bastian,44
toppa,54
furiosamente,258
pentito,12
condotto,22
corfù,41
lesa,8
derubato,154
preselettore,55
espletare,70
finirebbe,273
suso,14
saccheggiatore,219
traslare,125
reykjavik,571
interruttore,35
infamia,165
trentanno,103
trattenuta,127
tornio,12
trotzko,75
assolutamente,228
conflitto,36
contestato,179
fedelmente,132
trentina,83
bestiale,145
partizione,61
contrappongono,480
ostentatamente,434
democratizzare,184
aliquotare,253
archivio,28
autocorriera,255
avvia,13
facendoe,28
leggo,20
fasto,33
gamma,44
assuma,16
assolute,14
mercedes,149
arresto,52
aveo,254
allere,109
telescope,105
lendino,387
mondariso,31
ispettorare,34
beneplacito,63
addì,11
accesa,10
coltivabile,120
fantoccio,128
stasi,14
vito,279
pcs,41
partitico,325
angoscia,74
umbria,72
incompiuto,70
daniele,789
profondissimo,71
colonnello,111
citar,37
naio,96
caprera,1285
meridionalistico,289
individuato,31
restare,78
pedace,8
tolleranza,245
altissimo,50
catafalco,277
bagnano,166
rivendicativo,158
urss,97
risponder,33
kenwood,1151
edificare,23
neli,28
level,726
saggia,20
fontano,175
coraggioso,40
bonifica,71
contribuì,25
parlamente,17
collaudo,13
sergere,441
brenno,162
wisconsin,10
terraferma,201
corto,4
cogitare,14
svecchiamento,574
stampatore,77
dirigono,38
palestrinare,336
antieroico,44
blocco,7
tomento,181
commettere,88
richiedare,208
frettolosamente,273
riposto,25
trebbiatura,81
eppure,275
atlantismo,117
inadeguato,75
anard,1
marciapiedi,358
lunedi,84
custodire,103
giappone,128
riaccompagnare,200
ure,0
fiscalità,87
gladiolo,1421
treno,68
confluiscere,42
calunnioso,148
somministrazione,46
lasciavare,204
zolfo,122
est,28
oculare,62
tosi,7
full,13
tentato,77
bavaglio,12
evincere,245
messinscena,66
mediatamente,218
tone,13
assimilare,95
messero,109
fame,16
maglificio,160
ferire,245
abbisognare,161
festività,17
sistematicamente,333
aumero,30
raveo,43
italia,20
organo,8
fioccare,861
coloniale,131
scardina,35
rizzardo,433
mirabilmente,164
valevola,156
riere,6
fohn,593
barbato,239
argo,11
bei,86
virtualmente,57
picco,185
acaro,153
invea,94
identicare,234
risoluto,20
viscore,19
forgiare,181
esercire,54
adesivo,1
mutazione,260
gargiulo,1120
irritato,82
omissione,229
giocavare,537
bodone,14
conco,236
funesta,29
autostradale,64
qualificante,210
avventore,62
conformismo,472
brivido,365
motore,111
intelligente,161
sape,18
unione,32
ripugnante,332
natii,127
isabello,1465
tergiversazione,57
infittire,228
inchiodare,98
sordello,638
imito,86
caos,16
famoso,44
paesone,40
caudillo,295
beccario,742
capannellio,89
grog,3
modus,2
onne,36
romena,123
francolettere,1050
scorrevolo,159
significativamente,291
tulliare,611
unanimemente,52
bianre,234
migliorare,18
tapino,39
boccino,49
ijc,112
cero,124
colposo,81
bersene,38
andai,33
attico,32
messomelo,121
biancorosse,643
lanzi,37
dicitura,33
eclissare,184
genesi,44
novecento,101
serra,161
evidentissimo,420
figura,63
acciare,1054
canniccio,624
sorretre,36
gollismo,152
bonaro,198
pentagono,62
masso,37
valentina,289
immune,59
élite,45
asciutto,321
intraprendere,85
anac,14
demagogia,237
apriere,15
ismaelita,295
conio,33
invitandolo,52
nazionalità,66
terminare,129
ricordere,83
metallo,234
mistificazione,725
innumerevole,48
ristare,245
dopodomani,96
funziono,38
aragosta,111
mancinare,1047
perquisizione,56
stella,33
circospezione,95
monal,81
moloc,117
garantito,44
cogno,10
xvii,48
predoi,16
stigmatizzare,141
integrazione,91
omino,25
porticciolo,355
tranquillità,16
tradiscere,167
orobie,5
biografo,137
attribuere,39
lucchetto,440
individualismo,345
biade,79
scarsezza,107
rompighiaccio,151
atessa,33
assillanto,37
differenziazione,585
plastica,166
lanfranco,1118
zampino,254
contraerea,256
intestare,160
contiguo,34
grattacapo,91
scorbutico,196
ascere,105
cespuglio,901
danaro,80
districo,21
prova,13
ruffino,702
divora,60
debole,26
fervetto,355
volontario,10
sperduto,22
lire,220
coscrizione,21
acquistato,40
coimputato,186
amasta,205
sganciamento,64
taranto,381
basilare,337
waterloo,230
accusa,46
giudicare,47
spendire,39
pioniere,22
realtà,232
allargo,16
ogno,5
manifestante,110
torio,11
olimpiade,77
vinci,50
chiapparello,1175
stivo,33
capolavoro,358
vittore,248
sgonfiare,223
rimpatriato,25
mele,739
ra',282
nocerà,173
fiap,34
diffondersi,14
contrar,143
milizia,35
unendoso,88
porre,84
pierangela,495
stagna,22
consulenza,43
arta,10
castelfranco,1128
pervenute,18
tesoro,8
oaso,24
anta,4
ultra,4
desii,25
devote,38
confederare,129
riscossare,87
altisonante,54
metallurgica,212
descare,166
ester,365
corneo,67
illuminare,106
potentemente,320
adelino,659
gridere,355
sgravo,74
offrano,18
agonisticamente,181
spaccare,141
localmente,200
daniela,1022
eguagliare,12
astina,78
tuie,38
adunata,29
intel,7
abbiare,111
giamaico,782
pretesto,91
causa,9
seminarista,18
sfruttato,91
autoritare,189
basino,635
pazzesca,80
veste,16
eiere,109
chiamante,70
meritare,47
burnus,1107
trazione,118
inserimento,330
istigare,181
campionaria,73
rimodernare,104
mitragliamento,272
napalm,120
arturo,692
allocuzione,69
dannoso,195
crolla,41
cuccetta,446
strumentalizzazione,933
recuperato,40
neocapitalismo,320
durere,97
pisso,437
magnate,32
recisione,53
algerine,155
accademia,35
aio,133
impantanare,433
pietoso,81
nientemeno,248
unì,224
cagliare,380
centrato,39
bastonata,266
elettricità,54
alà,318
alessio,277
socialità,81
deo,13
riassuntare,79
supposta,59
rosita,24
recondito,14
citare,85
astucci,482
alfio,91
corazzato,216
bimi,225
piom,120
imbarazzo,110
deciso,50
firenza,250
esplicita,92
assistenza,91
venoso,130
sventurare,370
frattempo,60
yard,96
arringa,36
ingrandì,41
spionistica,57
bicchiere,270
pareggiare,478
bengalese,315
destreggiare,329
constatato,80
spin,16
ludico,17
ritirere,85
rasoterra,494
trascurato,139
veramente,135
fronte,9
piccare,742
biondino,835
compariranno,49
capetto,473
scoprio,52
costrevere,161
comitato,81
tottenham,645
tesoreria,24
scatenato,110
fredda,44
lucky,643
traverso,124
cantieristica,132
espressionista,147
tascabile,174
devolere,86
disgusto,383
ricci,763
orologo,36
tunisi,235
beta,16
detere,27
stele,6
diroccare,382
fecore,40
riverbero,1084
pedino,32
manifattura,205
polverificio,163
dele,9
dosa,42
como',44
collocare,30
predominio,145
zambia,97
prenderanno,67
zanè,258
santare,301
venicelo,578
nordamericare,222
tariffare,71
quebec,511
concerno,39
pecoraio,673
oel,10
tollera,96
leve,63
inabile,50
arola,370
allettare,144
madio,253
aedo,459
inscio,8
beppe,841
pisana,60
conferento,30
previdenziale,183
mattone,793
essenza,216
cacca,14
inconsueto,240
invio,19
torare,206
apostoli,54
antologico,251
conferente,27
pendio,6
nordafricano,387
liquore,326
ricoperte,141
bandaranaike,381
bangi,74
drogato,30
modanino,438
risolto,55
bugia,80
manifatturiere,230
odetta,108
nomo,70
danzatrice,178
umilio,8
credere,621
comandamento,41
orne,20
incredibilmente,206
tee,36
tubazione,337
confessato,26
scalario,12
porzione,10
artagnan,106
petroniano,168
spogliatoio,307
velleitario,561
appenninico,126
robusto,74
verbano,183
sem,75
asterere,27
apparecchio,153
ampliare,43
forzare,122
fsm,75
fanfano,74
farglio,89
daga,3
armamentario,27
assenso,54
mako,196
sovraccarico,116
cabano,44
clandestinità,26
cadavere,143
olinto,84
vantaggio,23
polemica,41
vin,60
cavalleggero,210
indignata,61
pendenza,9
muscolare,142
stupenda,179
desolante,104
tettare,557
patina,96
promiscuità,64
teramo,322
virtù,9
omonimo,364
muova,7
arnico,584
opposizione,123
paradisi,136
uccisa,238
ghiai,19
scappatoia,142
repressare,35
orrore,76
meteorologo,37
costretto,23
macro,2
bordata,72
megalopolo,83
lata,12
fasta,61
finivere,47
pentire,123
escludare,34
medio,6
orde,3
curia,28
oleodotto,109
ligurio,92
disborso,9
ahi,22
tac,6
artificioso,119
intangibile,104
agiscano,87
indennizzare,136
effettuale,28
assentare,209
gorno,41
fecondo,33
intorno,7
esternare,129
brechtiano,315
innegabile,197
difettare,112
capitalista,189
rista,10
itero,16
urea,2
cubo,33
ritrovare,123
tondo,18
istitutivo,139
cagato,118
venticinquemila,154
escludo,69
fuggivare,750
sporto,10
medicare,121
consona,19
casalinga,10
brufolo,364
riserva,2
mimi,166
missilistico,123
bach,462
gusta,16
mezzora,318
economo,39
mobiliare,21
osato,163
chioggia,478
portula,43
imeno,248
collaterale,40
riga,9
fiorentini,445
nordest,167
sensato,142
salariale,115
metodista,53
motu,151
succube,80
sopraffare,275
questiono,107
rammaricare,272
delfino,1220
inimmaginabile,296
regiare,694
promossare,55
isile,197
scrutare,13
vocabolo,148
quadruplicare,233
impennare,240
stela,47
scattante,170
pisano,276
colare,513
gerardare,1015
handicappato,52
aerodromo,97
utilitario,32
biagio,1289
angolo,41
fumare,47
edilizio,32
adama,178
falloso,349
zire,57
anto,69
pede,9
universalità,70
ausone,281
rullare,246
escogitare,36
eliare,360
tossicologico,184
smentito,54
bandito,228
sanguinoso,89
napoli,208
farro,61
prescritto,51
dimenticano,320
polire,43
bella,534
lentare,190
tupamara,339
vicario,236
ossessionare,142
lavaggio,178
coeso,7
dormere,447
suggerivo,34
suicidio,101
rettore,39
soppressione,194
basilicata,77
cornicione,494
puntualizzare,195
attendibilità,98
tanta,67
imbandierare,109
romanizzo,154
tramontano,469
concettuale,81
incuriosire,214
psdi,76
balbettare,1033
robespierre,784
armadio,304
federconsorzi,37
grosio,8
rosora,848
rapina,61
contrastanto,182
soffocamento,115
consorzio,88
irruenza,255
schiarita,27
occuperanno,33
itinerario,35
feudataro,51
motrico,30
cantiere,96
guere,15
darsena,70
annoso,48
anomia,28
managua,45
ferriera,176
sigillo,11
sfruttatrico,95
divisione,18
esisto,23
ananas,22
cirino,302
carno,131
intravedere,260
opaco,401
malessere,199
duchessa,144
rifacimento,140
febbre,73
uruguay,94
aho,12
portocannone,231
assideramento,56
eccido,86
calendaro,4
piaga,20
profetico,605
lunario,57
compiaco,26
valdo,211
alluvionare,44
trivella,107
spontaneità,200
gestione,83
grida,80
visitare,36
trapano,298
sociale,131
implemente,13
ati,154
siffatto,637
aggiustamento,453
avendolo,41
carcere,78
accentratore,137
porse,124
ministrare,67
bredere,66
calca,99
traducare,245
indari,7
alere,92
affibbiare,194
flipper,440
bee,298
indennizzo,64
squalificare,251
gazzarra,57
elettronica,70
effetto,138
esclama,38
maestà,11
foibe,17
investigazione,99
donazione,64
computo,98
cacciato,34
lloyd,211
tari,2
damasco,168
scudetto,217
neozelandese,405
zoom,11
berta,23
andreotti,106
cantautore,532
acile,21
residuare,18
pittrice,59
maratona,605
pulcino,479
duello,67
ige,47
infondatezzo,305
invero,41
riunitare,148
valacco,272
suburbano,45
praticamente,192
cirare,814
solforico,392
asportazione,136
boma,39
orestere,719
isolotto,69
ufficialità,12
conservatrici,233
epicentro,46
montagna,65
stupore,120
entusiastica,88
inseguitore,81
malinconia,403
ringrazia,106
vitta,22
picca,154
particolarità,381
asmara,141
durato,29
ambasciatrice,38
brivio,427
formaggino,236
punteggio,160
pettina,143
valico,4
germanico,62
aderì,12
istallazione,132
nienti,27
fiumano,134
cattiveria,181
dura,16
data,45
adite,5
lomé,161
feudatario,107
gesù,16
testualmente,116
lesina,12
atlantic,14
faldone,228
esprere,38
assone,68
appaiare,292
bracciano,95
presso,4
fomite,18
tabella,20
scooter,203
autonomia,84
resina,12
maldine,409
detrimento,657
sansa,88
aldino,591
soccorsi,49
antinazionale,355
imprudentemente,370
consegua,26
gei,11
gianluigio,883
processane,56
trilogia,334
confidenza,100
tiare,126
sciata,20
giampiero,1248
sostenuto,33
acante,48
coefficiente,237
indebitamento,268
cubi,47
slinky,24
retroguardia,297
detersivo,34
allendere,79
barcellonare,254
blera,13
intricare,135
commissariato,41
asi',117
rinvenimento,43
colgare,262
adempimenti,43
assurgere,171
nazedere,466
ardaule,165
allattare,227
posiziono,94
cime,54
cartina,19
simpatico,111
immediatezza,142
radiotelevisivo,30
valdagno,275
remissione,104
troupe,38
bruna,96
asciato,67
sedicesimo,49
sfaldamento,114
incidente,61
fans,108
tracotanza,232
sciato,47
tollerato,138
cavarsela,287
amareggiare,643
commissiono,74
predispostere,59
validamente,188
ventisetta,214
dono,47
asperità,39
sovversione,185
capito,13
cando,36
infaticabile,133
attualità,41
misere,37
difendevare,150
camo,29
naturo,32
combustibile,219
bieco,14
esultato,24
cunetta,1489
tollerante,137
multiforme,116
pressa,13
altico,62
andalo,8
peppare,971
locazione,171
capitolazione,294
pds,177
perseguimento,49
ludu,71
relativamente,233
mestra,49
insufficiente,94
zare,157
utica,12
sinigallia,822
sudista,210
successione,46
ande,31
ovale,13
luminoso,80
impreparato,47
sagome,316
cimitere,117
gigante,123
specchietto,29
respintire,83
mistero,22
percuotere,29
abeba,55
filiberto,423
abenzio,49
camicetta,364
posizione,39
abeto,9
assistenzare,59
basilea,169
losanna,234
goleador,454
intercalare,45
grosso,13
godere,19
traffico,27
sottano,25
chiariscere,529
barcellono,107
don,13
sbandare,188
polemico,62
industrializzato,209
vaccaro,177
candida,16
doretto,1014
contabile,52
maleo,169
calzone,245
compromettare,291
prago,77
affogare,575
stupefatto,133
tendento,64
definitiva,123
divenuto,32
arthur,84
giangiacomo,932
imitato,33
divello,23
ira,61
timidezza,331
principesso,432
gps,66
colombia,246
risalgore,32
camoscio,285
casalingo,192
autofurgone,246
coinvolgere,13
nerone,649
disonesto,348
consiglio,119
esporrà,28
fiaccola,140
conserva,11
mostruoso,93
coscienza,42
alio,16
antronare,356
sparatorio,199
ubicato,63
clamoroso,30
cuccio,1324
clou,169
ford,28
religiosa,64
giunta,73
nevoso,73
sisto,43
fluttuante,39
mercoledi,147
challenger,508
pennone,175
folta,24
spinta,40
curaro,88
reciso,30
montese,56
lupo,305
aspi,5
percussione,23
pn',106
riafferma,54
ideale,192
betancourt,188
atterrire,386
riluttanti,243
marcatamente,387
irreprensibile,171
coltivatrico,109
intimorire,391
dinamismo,232
manifestere,76
traspor,17
anale,6
smantellamento,214
corrisposti,61
pci,46
ferino,319
ansio,11
impostazione,287
tre,107
fanatismo,371
sterminato,111
arrone,216
turnista,49
costruiscono,77
accentuata,323
aria,89
carlino,40
umiliare,129
olio,27
inconciliabile,287
sveltire,59
diade,116
quindicimila,143
pandolfi,1291
editing,43
cingia,153
aggravo,58
borde,19
forra,27
preferibilmente,221
formulato,90
filmetto,451
pedone,98
immotivare,45
formere,95
gurro,157
spero,17
porce,22
vasti,23
disseminare,126
spinare,667
introdotte,29
rimandare,108
quaranto,195
deficiente,113
generato,24
ballottaggio,61
sefro,155
dirigendosi,55
editto,12
alifeo,56
omeo,51
muraglia,269
corvetta,772
dibattare,80
accidente,154
lucroso,58
magasa,67
infrasettimanale,25
sceneggiatore,460
sottintendere,906
alligna,57
furioso,131
conducare,81
divulgare,83
muggiò,75
propagandistico,137
ampelio,752
etto,72
sorrento,116
fiere,50
rarefazione,168
zita,90
incrociare,40
loren,674
siracusano,387
intensità,38
vincitore,165
accogliere,35
febo,35
canne,276
tranviaria,120
acuì,46
conterre,118
ravennata,218
norico,28
terrazza,741
posa,2
ramo,0
importantissimo,141
goncourt,497
burla,127
inpsre,73
rispecchiare,186
hilton,413
macrina,18
alario,22
scozia,92
romantico,524
alibi,23
orefice,220
scusare,224
burago,398
guaire,374
costituzionalista,165
finanziato,81
delucidazione,139
foulard,152
mirare,161
appese,49
allunaggio,184
proves,19
piazzetta,109
particolaristico,503
allievere,156
fantascientifico,287
fraseologia,386
giustiniano,204
radium,146
cace,3
nilla,19
annui,91
football,155
paradossale,288
adesso,320
inizialmente,268
sedato,14
scogliera,461
aloisia,449
fimo,21
aiuto,8
moravia,333
riguardare,57
contenuta,40
insorgono,67
chiarello,840
carburante,183
scudere,144
vedevare,667
contagocce,49
alabardato,401
salutiamore,157
bombarda,102
poteo,13
irrisione,219
feliciano,152
ripartizione,69
pratica,82
responsabilità,21
shakespeariano,575
bot,488
trib,56
pdo,74
versione,18
eroto,121
aeroportuale,28
pervengono,33
intrecciare,157
appellare,170
italare,224
imputabile,94
durevolo,116
sbracale,69
poppo,596
diedo,41
popò',35
buonsenso,76
bisso,77
predisposto,90
salmo,56
squillante,41
parola,31
risiero,8
indifferibile,383
pentecosta,10
ruoto,10
anguilla,661
spartire,66
inferire,39
oppongere,98
indetre,58
stolone,165
regista,338
peschereccio,111
ideato,67
ghepardo,499
mimosa,503
natale,17
ripristinato,88
riluttante,155
sistematico,185
alano,839
osceno,112
kant,557
drapperio,157
aduna,9
vinicola,171
decadimento,241
allarmato,63
merletto,1322
settecentesco,133
urlare,689
calcare,407
multinazionale,492
copertina,91
cittadinare,24
rodia,7
concare,572
casualmente,340
persuaso,138
nouvelle,335
operatore,31
proibitare,88
prerogative,62
implicito,86
ripulire,86
fondista,6
restaurato,18
studenti,33
aletto,464
attualo,34
parra,221
bianco,13
sedevare,285
corsivista,47
rodare,338
frankfurter,88
progressiva,117
spasso,114
grigno,230
congrego,18
appassionatamente,207
fanciulla,225
mezzi,22
armonizzare,285
ozioso,184
salvar,23
martellare,346
ales,724
fortunato,495
affiliare,41
sabea,285
distribuiscere,67
deriva,14
gramscere,37
interessale,33
vetio,8
prave,17
adisco,4
distogliere,459
sede,5
guamre,332
belligeranto,62
pensarere,369
puglia,120
duratura,24
buttare,656
avvicinare,77
francio,75
fisso,23
marciale,5
giovannie,720
colpe,43
traspadano,402
antillo,26
polvero,204
plausibile,221
provenienza,19
sindacalismo,190
avversaria,241
ming,113
investitore,112
belare,743
niagara,521
rovino,23
vestire,179
tommasino,1238
casacca,255
esclusivismo,414
recensione,42
avvocatura,68
marziale,16
cedimento,36
portavoce,83
buco,87
elettro,62
disuguaglianza,170
separarso,25
autoveicolo,86
sottraendolo,95
contrattare,200
collettività,191
riaffermato,70
ebro,49
inceppare,268
astrazione,61
dichiaralo,99
nullità,90
derivare,96
cinquantina,183
lirio,10
casualità,177
sporta,10
rdv,87
marsala,0
oulx,739
funga,329
possiedere,114
psi,92
peccatore,161
aviazione,186
chiarimente,117
vitti,40
alacremente,55
uguagliare,23
forcaiolo,848
automotore,191
volpone,1343
locomotore,260
occorre,35
diffidenza,169
solfifero,242
et',288
bevine,135
inosservare,172
derogare,88
aperto,30
sibilla,109
cervo,131
landolfo,917
vicino,30
risonanza,42
istituito,39
supercinema,148
salare,81
mile,13
montello,567
conduttura,85
avorio,297
evidon,7
sfavorevole,17
broncho,36
rimessa,4
miseria,75
simulare,64
angelare,859
alerei,184
prole,12
imboscata,158
probità,125
scià,92
parquet,185
giallorosa,374
confermere,54
credetto,100
cotto,111
musicalmente,98
bojano,149
accompagnare,21
cranico,64
obbedienza,80
ossessione,57
ceat,152
bosisio,1002
slavina,235
bonare,642
vicinato,50
orribile,217
meschina,227
rosare,1050
po',172
corridonia,115
aldilà,15
brogliaccio,181
mazzini,432
aviatore,104
progresso,53
revolverate,356
immondo,71
ignis,8
internare,62
abusato,98
determinato,696
pentimento,74
calcolatrico,131
portere,52
protegge,26
malora,34
notista,74
tango,109
laido,223
parassitismo,259
nylon,249
amnistiare,32
distorto,119
pomeridiana,46
seppellire,226
arretramento,124
antichissimo,200
invadono,172
fede,11
mercantile,31
presidere,58
scire,140
virgilia,639
essenziale,363
maine,481
fascisto,138
lelio,332
pavimentazione,206
ecc,8
attivare,29
walt,156
vantere,88
citerò,15
tresca,193
energica,44
preannunziare,105
ercolino,287
martine,403
lavatrico,103
laburista,73
gravissime,36
pregiudicato,17
allorquando,71
tato,133
teano,105
suol,17
capitalistico,315
rayon,333
namibia,250
subappalto,36
avono,34
serare,240
obbligazionario,57
antimeridiana,35
giovanneo,142
loculo,111
compendiare,172
raccare,205
rauco,329
bistra,34
infallibile,112
sicuramente,257
divorzio,9
quirico,380
infinita,146
accadare,216
compartimento,64
programmato,161
viggiù,11
colgere,246
cibo,93
pullo,4
bensì,595
pasqua,20
riel',12
cuneo,295
jmh,464
fugge,112
vega,89
orsolina,1152
agir,13
brigantaggio,46
valorizzare,53
tasso,12
tuga,153
provvisorietà,10
collinare,279
precostituire,571
reale,50
carovitare,19
ferrarese,340
bios,146
vercelle,280
abolire,64
delibero,56
panino,905
cencio,802
fioravante,1055
ampiamente,39
trapelare,47
locomotivo,233
orazione,93
piena,19
particolarismo,611
filar,505
deposizione,65
sdegnare,130
industria,127
baracco,76
crepuscolo,433
pochissime,82
attinente,156
ordinazione,348
aspira,5
boxe,109
temente,281
menomazione,301
voghera,211
laboratorio,117
celebrazione,74
apice,17
tirare,194
cognata,255
borgomastro,96
perdine,9
alida,18
volevamo,148
valanga,113
ceriano,59
trincerato,94
navono,78
condine,16
promo,17
portiera,150
spiego,10
impossibile,90
apologo,44
aieta,26
anomalia,68
aspre,29
sopportare,102
magreb,10
accantonamenti,81
pope,107
percorrire,77
ammirevolo,98
piazzola,231
soverchiare,559
ribalre,10
diere,107
carceriero,204
cge,156
gene,31
affittuario,114
ruanda,290
vientiana,169
invecchiamento,708
icar,35
pataro,76
monopolista,94
spalleggiare,227
frazionismo,187
gramscare,26
wimbledon,452
ferra,206
prefigurare,347
bertrandt,401
latinoamericano,126
cista,40
sopravvissuto,161
grammatica,15
considerevole,169
ortensa,284
capeggio,21
risente,39
disconoscimento,240
lista,37
suppletivo,20
detrai,49
terso,34
improvvisare,90
malè,390
precampionare,281
avvocato,194
inattivo,18
utopia,77
spinserere,268
tradìre,64
proseguivo,57
agevolare,53
curdo,209
pistolare,459
redivivo,118
eco,20
mente,75
pallacanestro,341
arthurre,147
asiago,65
esemplo,19
dimettare,90
temo,4
radicale,26
dattiloscritto,86
cinematografe,55
neurologico,154
incidenza,198
asie,285
culturale,92
fischiare,161
rielezione,80
auditorium,170
approdare,41
siriana,231
regala,14
beltrama,651
torinese,53
stellanello,447
teleripresa,37
autorizzazione,140
morgue,588
domani,91
giallorosso,342
cimele,146
spelta,363
incallì,31
apparire,110
uboldo,674
insediare,32
confetto,91
schumann,84
cineteca,45
giurisdizione,60
carattere,52
rispeccare,123
facendoge,71
difesa,16
primitivo,78
riscossa,16
andranno,16
logicamente,407
talmente,307
cataldo,1291
insabbiamento,178
tormentato,192
villo,61
impediscano,222
dialetto,33
iaire,187
sorgi,121
sodio,6
scaturari,46
primissime,15
elettrodo,121
scena,69
appoggeranno,67
simbolo,15
ristrette,8
subitaneo,39
cesano,414
dequalificazione,268
esattoriale,56
callifugo,12
savona,362
arbitrale,38
glacé,286
specie,147
galoppatoio,80
alatro,224
incontrare,25
pomerio,63
intemperio,19
chierico,243
terreno,3
farge,36
escere,203
bagheria,337
parigino,33
lignite,32
ristabilimento,43
insormontabile,196
valentia,71
solfare,99
nicholas,751
calabro,82
facsimile,47
fertile,69
guastalla,92
eminento,31
stabile,11
israele,88
grandezza,117
angosciare,187
ita,27
paragrafo,37
millenno,133
argentiero,182
librerio,18
bognanco,583
politico,192
ijo,279
ottusità,333
camillo,748
rtc,294
avola,90
cosimo,1160
trattare,378
slesia,18
riandare,217
inventare,466
abbonamente,29
rettangolo,240
sardegna,62
manifestavare,120
abraham,647
bendare,417
riaprire,35
baronale,26
specificare,194
odeon,370
spezzettare,245
ortopedico,100
eruppe,23
ponchiello,764
esordire,77
chienes,564
solletico,12
chiare,182
alezio,5
pianta,52
politicante,361
sconvolto,113
quito,150
piratesco,156
bardella,1209
lizza,24
genuinamente,61
gardner,1294
inaugurare,41
belloccio,1823
intenzionare,299
alco,50
eduard,109
diplomatico,32
nulo,29
accere,52
laniero,174
ingaggiare,38
maschietto,65
uscita,12
estenuanto,22
pinerolo,823
palestina,101
rotterdam,44
tibetano,35
mediocro,209
scatenò,153
intentato,94
apertamente,440
scoperchiare,896
revanscisto,128
sfinito,555
rave,14
fluire,52
tifo,9
trascurare,482
liberal,36
teff,627
brusson,412
personate,41
dimessi,12
privilegiare,201
calcolatore,46
mann,481
malco,8
confiscare,132
kenya,452
mentano,6
fuorviare,923
ruttare,525
modere,68
decantare,367
united,111
kiev,63
giustizio,9
cosmo,58
macchinario,142
disapprovare,125
spiare,411
trebbo,48
svoboda,166
scalata,10
doroteo,83
ricco,14
oriolo,225
innovativo,212
scaletta,516
polco,215
degno,73
accidentato,48
macchia,52
erboso,108
sacrosante,34
romagnolo,76
abbonamento,26
negrare,56
preside,46
infido,51
frusinata,204
adria,11
ideala,105
agnostico,45
paragonabile,142
lepanto,360
patrizio,67
pogliano,112
ottimistico,77
sfrontatezza,189
svoltidere,85
trascorrare,27
scappino,434
lucro,18
favorevole,8
spagnuolo,158
talco,52
done,12
estenuante,19
atella,67
oua,95
caore,164
docilmente,308
guerrafondaio,168
liquigas,278
felice,15
lepri,302
avvelenato,181
istituii,33
sottrattere,98
tagliamento,68
capitalistica,241
accentuare,279
udire,103
accore,95
anticipatamente,152
porporato,24
intoccabile,163
totocalcio,21
inserisconore,271
ticare,335
previo,50
sapone,115
gappista,189
silvestre,404
influere,26
campagnare,21
recapitare,105
lusca,27
apprestavare,219
interesso,35
molteplicità,420
contea,224
bravata,193
maure,261
percosso,328
snaturare,373
risolvibile,303
ridimensionamento,331
inserire,106
montecatine,158
togliaggere,88
negativo,45
rappresentativa,72
inglese,253
rinuncio,87
mezzogiorno,44
laborioso,13
direttrice,10
anteponicele,410
giorno,45
ginnasio,82
berardo,1026
urla,143
serratura,22
unger,292
dormente,93
inevitabilità,314
osterio,5
miliardario,75
recitazione,201
tavoliere,50
addentare,201
analfabetismo,16
discendente,55
gelatina,173
pappalardo,1468
embrione,80
strepitoso,70
riconoscente,114
atropa,35
stoico,12
esaurito,15
riepilogo,28
amichetto,612
incessante,27
distendere,179
velocista,304
erg,6
coincidente,35
parentela,20
esistito,24
inazione,153
berenice,597
pacificare,61
regolabile,25
bila,2
tradur,11
disordinatamente,229
kuomintang,183
spinore,25
tabello,6
piolo,391
udienza,38
nicea,36
dopò,31
protezionistico,189
pescarolo,688
brescia,413
taurianova,1071
latore,16
similare,139
ciclista,64
adivo,19
cilecca,131
la',329
simultaneare,18
interrurre,63
vera,5
sottolinea,72
apologia,112
verifica,85
ghisa,30
por,242
precipitato,266
emersere,51
sostenere,171
cesta,42
cerea,23
satana,191
confessionale,64
anomalio,81
cannoneggiamento,266
cibernetica,247
conciliare,83
peculato,50
giambattista,989
ambrogio,131
montatura,60
avignone,589
cipollo,192
special,7
gii,108
sfratto,29
loreto,1113
rompono,9
fascirre,107
vegliare,167
eternità,42
anb,106
riaperta,11
fattorino,306
cinque,152
uscere,129
tettoia,298
dipinto,64
sartoria,167
novello,415
ottenevare,71
porca,51
autoservizio,93
ammirare,117
direttole,46
municipalistico,93
avolo,449
corrispondare,62
dolio,43
accreditato,24
andria,156
pista,82
pallare,495
gina,95
precocemente,265
chiedire,179
vent,49
enpas,96
uccisero,368
nome,21
ungherio,103
attestare,134
impunire,162
telegrammi,33
ambiano,231
rubavare,312
seguitano,37
consacrazione,218
contraente,246
concomitanza,72
prosegua,33
prosperano,13
stringevare,252
superminimo,260
varesino,517
felicita,42
douglas,551
animazione,88
emulazione,14
qual',257
individuazione,345
rossinie,391
scorcio,5
guinness,395
trans,26
dolomitico,266
maggioritario,336
unita,20
generalmente,314
schiacciare,231
nova,156
ankaro,220
succoso,121
appesantimento,258
motorio,58
pacem,11
grossetano,201
assiso,25
delimitazione,333
versa,8
lasagna,328
prefabbricare,80
programmare,60
imbeve,78
acerno,78
annamaria,1310
varsavia,47
romanzo,238
lane,25
trattasi,28
lift,141
lucania,110
cho,9
seppure,233
bange,326
dinaro,5
secessione,177
felicitare,91
siccità,158
resistere,80
goffredo,727
insolito,170
avversità,12
ade,20
sollecitudina,79
pizzo,735
retrobottega,142
louisiana,853
diciotto,133
arrestalo,216
bieticolo,103
tubo,167
gommare,33
progressione,274
pallone,319
voga,24
meticolosità,151
gisela,635
municipalizzato,144
fantasioso,187
ribollo,25
infilo,164
indipendentista,96
cordicella,298
cellula,14
erogazione,53
quesito,30
aga,25
liano,231
avventare,298
vite,61
totalizzare,30
aderente,77
mareggio,120
gozzo,1372
panna,211
meneghina,266
improvviso,54
giorgione,500
elettrice,20
sorella,324
coacervo,162
domingo,61
spinacelo,165
flan,34
spiacere,452
malefatta,457
infiammazione,46
duellare,119
revanscista,101
greenglass,154
lottano,51
ombretta,285
gendarme,186
fazioso,274
lino,183
steccato,182
insolazione,51
patito,41
incaco,61
fangoso,373
cavalcare,281
diverrà,22
stress,69
affollatissimo,72
cetrare,174
acheo,166
quadrimotore,386
sospeso,13
azionario,74
messe,6
rallentare,57
avocalo,153
rido,9
impossibilito,171
disio,4
iattanza,7
seggio,32
tal,23
recita,146
moscovito,66
sfracellare,614
contagiare,192
hotel,11
continente,89
manometto,121
bamako,59
decorso,11
inde,16
gemellaggio,17
michele,1305
velo,39
sobrietà,329
russo,24
gol,233
germanio,56
dissipare,122
finalità,110
annoto,103
jones,992
compiacente,95
chiante,403
sorvolo,72
medicato,74
uccello,169
suffragare,21
iberico,31
bastonare,494
scarcerato,135
ritrovamente,80
preventivamente,258
corde,62
organini,47
manichei,890
liberticida,89
propensio,146
concentrico,39
copulare,5
filiale,26
gente,106
empire,12
eversione,211
enigma,39
ufficio,22
disaccordo,67
divertire,314
quota,63
partitissimo,428
dostoevske,144
universiade,25
commuovere,229
difedere,20
confindustriare,123
ansaldo,141
miopia,147
rivesgere,139
prefetto,33
fornito,15
diktat,51
funzionale,205
yankee,242
situazione,38
vane,121
oramai,115
rivolgimente,40
insidiare,149
prezza,35
bete,15
prelevato,56
navalmeccanica,168
daino,478
rateizzazione,418
ispettore,28
sottopone,7
leandra,387
grugno,55
pack,177
organizzarono,69
multare,29
catario,18
neutrale,52
argomentare,107
mo',86
notevolissimo,147
predica,43
compilatore,40
bigia,9
denominare,36
confutare,153
separatismo,356
quotidiare,26
sharp,588
folio,35
chiaramente,218
valorosamente,98
indomani,33
precostituito,511
ammainare,277
ramificazione,454
bagnino,921
monteroso,426
entramba,103
beaco,200
margotto,78
ragado,72
poliennale,63
vanificare,358
sottolinealo,95
affrancazione,236
fossòo,224
apposire,16
svelto,98
esultare,342
brigadiero,117
ordinamento,283
delibere,75
guidare,23
mordere,251
costringere,66
avvenuta,35
smeraldo,623
alt',66
incolmabile,109
cei,19
abbona,14
continuità,138
internato,18
squadriglia,201
esclusione,83
assegnatario,106
copeco,59
consistenza,346
pur,7
trasposizione,46
pse,115
croccolo,682
beirut,148
pertinenza,73
cravanzano,472
balilla,652
iconare,199
penosamente,297
grado,13
remare,239
colonialistico,220
redentore,49
vedrere,212
relazione,25
mentre,226
coordinata,23
traditore,159
cocktail,663
chance,67
girolamo,397
nepal,287
reims,417
manica,126
rifar,9
pence,360
penne,218
decisi,16
schiarire,143
opposte,37
aver,242
caratteristico,137
nuotatore,309
teschio,90
governatore,133
dapprima,187
nubifragi,87
prospera,11
avviira,20
avellare,264
sentimentale,274
materno,40
ispirato,80
einstein,163
giace,34
disponibile,45
salde,34
correttezza,86
sibilo,16
fremito,269
scagliare,281
ccii,297
ascia,24
leoncino,803
sorsero,292
percorrare,56
mogadiscio,96
estradare,95
uragano,270
sismografo,16
cristiare,83
indira,16
esige,54
ricorrente,24
toreo,36
sapessero,438
ruminace,63
autopsia,61
orbo,17
onera,35
che',172
grimaldo,1247
intersind,110
optional,216
affermazione,85
uopo,12
cairo,174
anfibo,268
affollato,36
federbracciante,113
celte,52
rimpasto,32
stazione,88
campagno,27
ford',179
saturazione,436
domatore,22
disso,37
reagire,127
bernine,727
astioso,327
padella,577
accaddere,207
igienista,19
ipocrita,290
reparto,5
comunisto,54
razziale,48
affiliazione,67
zaira,563
bietola,78
rigidezza,187
graziello,1368
irap,152
beve,27
attribuisce,60
bianconero,490
litico,49
lassa,12
ull,158
acciaio,81
ponzio,653
somalia,63
governo,76
ofofe,85
gravissimo,46
prodezza,317
aloisio,567
limitatezza,271
stortura,56
commutazione,66
welt,172
lombarde,55
chicco,77
bunker,93
agostare,181
lungho,22
procreazione,452
carambolare,1219
mazara,909
ascolano,298
appalto,49
sasmo,4
nuco,40
carnefice,169
partorire,136
fascere,62
finocchio,165
volterra,261
scasso,234
chicago,197
scorio,182
disconoscere,516
conversare,29
germo,27
delude,130
misto,3
sparto,10
nito,11
dry,653
trentotto,127
calabra,117
antipatia,106
liliana,713
spedere,47
triplo,8
panamense,123
punii,7
sviluppandoso,82
berna,122
sottoporre,6
masserio,279
sminuire,117
negoziare,85
industrialo,134
circeo,262
percepisce,112
leasing,547
sudo,19
tacciare,1028
intendenza,74
ormare,400
vicinare,70
figurina,80
scoglio,26
batiscafo,139
considerar,206
trucco,91
dicare,387
rispetta,19
terzo,40
oggettività,537
melma,348
divearr,27
rialzo,41
mixer,941
morosità,154
fitina,9
estintore,50
festosamente,108
riuscita,15
bulino,690
eminente,30
finari,9
filea,114
calto,84
tranvia,79
consideralo,109
consere,62
alcuno,65
sebastiano,906
ferio,10
miranda,122
segretariato,54
preliere,92
labor,6
farde,23
contributo,25
divisorio,5
edita,18
gabriel,720
castagnola,586
corsione,22
unitare,130
nasco,21
rappresentana,69
cattedra,44
morbido,78
libar,128
sudvietnamita,156
artistica,129
metropolitan,22
luna,67
pistola,147
turistico,34
terna,19
vergognoso,181
bollar,42
crimine,123
bronco,62
indaco,32
curiosamente,301
obiettivo,40
subentrare,97
schiavetto,691
canotto,345
fasci,41
perù,188
fermezza,48
forma,6
ortonese,249
siderale,4
ventre,708
agisco,17
vizzare,143
comode,30
nagasaki,57
proporre,178
delego,54
coronamento,18
renaldo,697
magneto,14
oman,278
marcire,101
martiniare,316
campionario,108
magagna,102
vertice,8
adina,53
proseguere,54
limano,190
proemiale,221
ancona,221
almiro,38
raddoppio,14
alzò,202
cavallaro,219
capofamiglia,157
solere,154
ulisse,633
eccone,42
siciliare,89
seguace,78
ignota,64
intercontinentale,43
eloquentemente,608
prossimamente,34
sanguinario,138
demonico,102
cantastoria,371
amministratore,52
rimi,8
microscopio,185
tecnologico,170
cavriglia,160
falegnamo,189
para,41
tarallo,613
ricercato,42
sommariamente,328
pessime,18
contino,125
punita,12
seclì,13
sciorino,441
pigro,102
prerogativa,64
napolo,220
indiscutibilmente,318
effettivamente,477
avezzare,423
competente,78
acu,11
falca,108
distorta,49
raffineria,97
dispetto,98
colcos,15
accantonamento,257
ribaltare,40
avocato,221
oliare,301
novelli,643
terare,100
trepidazione,50
sottrazione,150
soprannominare,486
inaridire,72
acquisizione,200
frazionale,126
catione,22
paventare,811
rpc,239
falcone,404
fore,15
cinismo,206
buster,225
riammissione,62
capitolinare,50
adibito,107
utopiao,159
occupale,20
strangolamento,32
calcolare,127
evie,13
proverbiale,132
ammissione,40
corbellino,825
ghiaia,5
cova,31
serrare,51
tropico,105
recital,295
canora,148
alpine,42
lese,9
celano,90
filef,36
ordina,31
barete,200
contemperare,185
contorno,106
conciale,40
costantemente,291
oropa,13
ilio,237
continuarere,192
cles,8
trino,151
negoziato,60
allineato,32
versamento,50
merone,1011
mormorare,475
leopoldiano,363
indicativo,72
lievo,25
tunisino,244
marcio,15
adolf,382
ferroviario,83
presumere,170
interrogativo,31
force,4
olimpia,251
quadrare,28
parrocchiano,93
orsare,29
chilogramma,50
nazismo,72
amerà,40
preparato,18
invalidità,84
diviso,14
sciacalle,223
contropiedere,501
ace,138
giustifichare,213
censura,8
seguita,9
immediare,163
scalfire,286
assoggettare,334
ardenza,17
nevico,57
cinghiale,393
gnome,23
intriso,24
linosa,33
cinemascope,565
campagna,13
forlivese,241
sovietica,95
dominatore,91
adamo,972
caduta,25
indifferente,209
coda,11
telecronaco,41
esaltare,77
scomunico,9
imprecisione,123
altopiano,143
stabia,12
allegoria,77
ricordo,108
cassiare,156
regino,174
riesco,117
melone,311
olandere,257
adì,101
filomena,78
contemporanea,107
imprendere,180
riveste,34
paravento,271
acido,80
attivala,36
bruscello,107
debacle,263
stormo,5
appresta,32
amaramente,375
ciliare,99
preferibile,98
ricopertare,187
genera,23
andré,68
nanna,120
amato,110
crevalcore,259
testacelo,503
antonietto,1482
splendidamente,39
umanamente,316
kaiser,219
evadente,140
cozzare,249
proscioglimento,69
automaticamente,94
rato,25
fluente,7
asino,350
interrogare,86
proporzione,20
flui,11
viganò,511
burocratismo,167
scotto,89
antibes,48
polisportivo,21
lotteria,28
mentalmente,353
sentir,310
solfato,119
quo,1
tenuo,10
controprovare,233
figuravare,103
capii,113
benemerito,30
beh,15
produttività,208
armeria,148
interdire,46
valutabile,132
ingiungere,144
agenda,4
faille,127
desistenza,477
strillo,20
presuppone,167
capofila,32
pioggia,95
incandescente,539
intonare,203
fermale,23
dentiera,25
allungo,228
filtrare,41
giovanna,1078
persa,143
enpi,62
retare,99
spieghare,152
silp,203
mantova,407
addestrare,49
congettura,172
direttissima,30
aggravare,128
domane,40
nutra,15
obbligatorietà,87
condannato,167
conflua,16
quarantina,184
spoglia,46
cospicuo,65
rampa,32
dario,94
riducere,316
classe,56
ceprano,427
quindicennio,52
mulatto,323
moralistico,547
agii,63
brevettato,108
deimos,126
simonare,882
prosecuzione,140
anconare,298
assicuratore,31
parè',463
iceberg,498
cuba,53
signa,6
sceme,8
convenuti,56
brado,181
caltanissetto,326
cecoslovacco,98
accampamento,358
variare,66
gliela,234
naonis,69
ambiente,7
mariolino,944
vincolante,41
picena,272
autoritario,318
commercio,26
scocciare,127
apostolo,57
misterare,193
basic,381
nedere,980
rivalutazione,157
giganteschio,175
rocky,276
aniene,562
sentimento,109
avvenente,91
pezzetto,278
ore,86
iridare,312
conoscare,215
brumano,125
novare,229
settantadue,200
borso,11
volgare,245
replo,4
castellammare,294
bugnare,972
pallina,178
bigino,675
kim,25
rolla,261
radiofonico,65
giustino,181
assistono,19
gioa,151
tufello,248
ermes,107
scarsamente,317
darare,509
gottardo,341
potenziamento,321
primordiale,90
esportato,76
efu,23
speculato,77
teorizzazione,386
premessa,222
ospedale,80
fuoriclassa,361
repressione,132
savoio,603
spezzare,76
filca,164
protraere,52
velina,11
iracheno,237
laudere,547
figurativo,200
momentaneamente,166
clusone,28
preoccupi,65
galoppine,31
fiammella,394
motivazionere,69
affrontere,48
sfumare,136
trai,94
beato,34
suggestiva,113
terrestre,113
mola,4
solidaristico,37
sessantanno,147
amarare,801
squallida,49
preoccupante,111
entro,32
sforza,30
latterio,108
permettessero,182
scala,4
macigno,1027
tragtiere,69
sopruso,106
cosenza,333
pirico,84
riattivare,82
paramano,155
losine,16
primo,42
tubercolosi,86
biffa,6
laotiare,263
scugnizzo,403
icono,12
mazzo,309
politicanto,417
hamilton,944
assembla,75
accademiare,67
diriere,46
vacillante,56
annegano,102
batterico,37
ruscello,429
adenauer,81
uci,25
luisa,589
nana,58
ca',316
formalismo,256
menzionato,132
peronista,93
autotreni,192
informe,13
massimiliano,36
trattere,126
permanere,67
disgregato,163
odo,29
rotolo,261
innaturale,589
controrivoluzione,146
paul,433
consacrare,40
meta,6
addurre,90
azzano,599
gromore,134
pilastro,36
spacciare,198
toner,131
radere,344
tentennamento,142
monta,158
competizione,33
contentamento,281
centralismo,278
rispondano,57
sintomatire,68
carrettone,168
rudero,85
ottenuto,42
affezionato,42
proletario,186
metro,46
attivismo,197
opulento,110
spender,14
espore,16
istituzionalmente,228
incognita,41
avvertere,187
issi,30
combattività,58
contravvenere,135
aduno,8
sorridente,231
determinante,266
tovaglia,274
piene,5
correlazione,295
coco,36
stabilir,40
calpesta,28
comprensione,240
beneficiano,39
mingo,22
tito,57
sbagliare,205
gromare,206
segrate,9
ambiale,29
bolida,27
sentare,83
hashish,179
maionese,174
linguistico,444
benigno,123
datura,59
ocre,3
fronda,8
predisposizione,120
solita,107
effimero,95
nietta,163
roseo,29
produttivistica,234
immaginazione,379
approntamento,170
brucare,352
ospire,13
mastino,731
depurazione,269
ambulanza,54
briccico,735
questuro,85
esclamazione,24
dionigi,879
confezionista,101
spiga,122
disunire,25
zelante,145
innovazione,166
togliere,272
gallup,13
eroe,162
bune,8
galano,501
perseguibile,101
autoblire,355
smento,46
preclusivo,46
rinforzio,131
fagli,67
radente,243
vis,26
nikolaiev,130
tulio,82
regolarizzare,78
casier,223
starters,413
dedurso,89
ramona,311
gosaldo,18
taormina,325
ragioniere,65
imprevista,96
compaiere,52
proficuamente,295
pomposamente,127
arbus,150
san,48
trina,83
porrebbero,461
celeste,41
macchinoso,42
preferire,116
preferito,26
cingolare,54
fonda,13
casargo,532
udine,312
chilometrico,61
giungesse,33
ottica,30
cosenzo,355
arnione,61
deputazione,70
abbonaccio,27
gravo,23
haas,850
bollato,75
compio,14
coma,4
tiravare,648
anfo,74
esaudire,141
capitaliste,162
municipale,33
minatore,65
macchino,73
appuntato,150
motel,19
benzina,76
denigrazione,318
inquinamente,39
magiare,137
serbia,4
carla,431
definizione,308
bus,25
portoferraio,362
provocatore,196
turpe,108
dispaccio,71
signorotto,90
primogenito,68
vai,19
evento,28
adesione,19
compresso,20
culla,134
nevo,7
irrimediabile,144
rotondo,12
ripresa,13
rilevamento,135
testimone,68
indiana,167
illustrare,65
giunca,12
rundschau,163
specificatamente,323
indesiderabile,131
cappellano,641
cieco,6
farcito,16
eliminatorio,96
patriarcale,73
css,71
fora,116
gambo,156
pacco,81
opinino,7
allegria,170
aneto,29
riscopertare,112
riecheggiare,183
spavento,278
dovessero,379
rivole,42
fluoro,92
conduce,22
acl,526
lacerazione,122
risultale,40
dottrinario,231
evitare,102
filadelfo,496
guastare,153
corredare,100
scrive,58
trittico,22
tempre,57
esserino,197
beniniano,126
buffo,548
cremazione,24
irradiazione,246
inconveniento,112
tintura,107
norimberga,138
comprensorio,86
livo,14
radiatore,85
abbandonarere,327
altarini,833
riunere,81
addominale,71
tedere,162
velia,18
rovigo,285
sudcoreano,193
vala,33
ced,63
categoria,74
ottimamente,207
saudito,142
fabrizio,1118
laburisto,32
manifestare,63
servare,206
collaude,74
ruzzo,74
fucila,219
acutizzare,217
vizio,8
bassa,10
tardare,169
incredulo,269
casale,363
ideare,45
disgregare,256
assiduo,3
sonatore,40
prevalgire,212
pasto,35
congiurato,31
impetuosamente,152
atea,10
attenuato,116
registro,19
dativo,28
luteo,23
eccolo,156
este,94
cabile,60
monitoro,32
deceduti,50
naturale,117
bussare,435
rechare,49
pimonte,169
abbattere,86
lea,107
rilevante,92
competere,88
cielo,34
dirigenza,29
palmer,177
deleterio,192
precisamente,167
podismo,54
cede,8
alu,8
prolisso,48
calunniatore,191
fregeresta,1011
malafede,300
caravella,336
gestiscire,92
focoso,49
iniare,80
aulla,39
lorenzo,190
fnom,101
eca,15
stazionare,116
ordinato,24
lomére,378
tasto,4
degente,37
edire,89
masi,457
cantùre,275
signorino,1060
sfera,1
ridar,8
nulla,87
consolidato,72
ammalato,146
collarino,1103
fermanello,404
poliziotto,199
cannibale,700
antigovernativo,167
mirabolanto,370
spronare,483
abortire,119
mimmo,7
esemplificazione,491
saragat,85
mutualità,59
folgorare,225
pajetto,265
assiderato,199
castelverrino,1325
dll,163
etra,12
castelporziare,330
fermina,25
ricevuta,26
suora,65
maturo,23
gennaio,58
orione,267
balcanico,69
generata,26
manovale,58
brentare,155
frapposta,33
buscema,150
accado,17
bargo,53
dano,134
anticipato,34
burrone,250
martella,97
zena,265
flaubert,624
micere,241
ondeggiare,267
fervente,21
chiarito,156
formulazione,343
fortunoso,329
mattarello,581
garibaldina,73
spiazzo,347
siciliere,68
domenicale,20
varare,41
abbandono,49
ausiliaria,39
giacenza,39
arrangiamento,149
gassista,46
pressappoco,107
segreta,38
lucco,547
questurino,117
oscar,151
profezia,123
atonico,28
microfilm,66
collaboratrice,31
idillio,269
modifichare,123
arretratezzare,172
coinvolto,13
cerete,19
schierato,22
prototipo,92
mucosa,148
veronese,399
sars,17
impopolare,86
vietnamito,100
denominatore,43
tranello,171
marinella,810
cittanova,149
ogiva,121
pio,3
oltraggioso,71
sorteggiato,35
ardenere,200
tano,227
idealo,105
pallavolo,224
allegare,56
malcolm,6
polmonare,178
lola,10
pervenuto,20
flagrante,11
rileggere,188
giallo,50
pepare,206
mugello,381
circuito,46
psicologia,155
impalare,424
cerignolare,434
ottimismo,34
parata,16
presi,23
compromessa,140
abare,724
scortichino,682
riassorbire,58
piccardo,1030
provvista,26
salt,5
relatore,166
umorismo,279
trapanese,162
gesualdo,596
telescuola,46
canio,114
tetto,169
bernare,453
glia,25
paleolitico,319
nettuno,278
pregnante,15
appoggio,24
invadere,201
volontariamente,101
assillare,84
conformare,193
trecentomila,111
galoppino,78
prudenza,18
bomba,76
allei,16
fastido,169
difficilissima,153
lesto,46
diecimila,111
carena,17
semplificare,112
venefico,38
naldo,578
strumenta,111
genetica,192
roatto,23
stanislao,126
appaia,211
aurare,580
boria,141
comunicazione,50
organica,122
franamento,262
altezza,34
catastale,30
esalare,24
amiens,223
dispere,71
foraggio,215
linux,668
poto,27
pescaro,404
rivissere,128
clinicamente,82
glm,38
istituere,56
amenità,29
teca,5
cedare,146
pesca,23
collaudare,53
decimazione,141
stampo,46
superba,191
pirite,23
congratulare,100
musco,13
silurare,64
protrarre,42
corretto,127
lenza,26
tributare,11
cagalo,345
perenne,134
arena,86
meritavare,149
flutto,4
fender,36
diroccato,368
centralistico,482
vedere,762
dodici,161
manovalanza,41
anfore,194
bonaria,18
ghigno,136
propugnare,150
raffica,203
attraere,44
regolamento,68
veio,23
duliare,99
erminio,13
twain,918
convocazione,57
courmayeur,273
mottare,380
parro,34
bogotà,92
incontestabilmente,434
vagente,32
concentrato,35
ardeatine,97
max,269
terroristico,117
leso,35
pochezza,76
raffermare,179
ingigantire,601
ultimo,73
argia,7
emigrana,19
nuovo,11
dimmi,27
predo,18
valere,142
fudere,911
servirebbe,269
presunto,95
unanima,25
cortona,73
giacobone,1227
avario,19
attrarre,32
perseveranza,155
cartellone,31
avvolre,234
mottere,91
mercoledì,92
coopera,13
educatore,74
coire,824
bionaz,12
blevio,1
parlamenta,47
scolaro,41
tifoso,80
orario,25
inconsapevolmente,420
svaligiare,211
dominante,341
sviare,127
ventimiglia,410
giuridico,63
accese,21
aronzio,173
truffare,53
munito,26
efficiente,156
attingere,41
dividare,228
paviare,334
marocchina,156
solidità,85
predestino,292
gettare,101
gettavare,450
lancialo,18
davide,220
sguarnito,202
caracalla,260
idea,147
stana,17
portello,12
dispersivo,89
apparenza,195
interrotte,47
pervicace,128
sovra,13
sogliere,161
mancini,361
generosità,189
piano,20
esponente,28
sfruttatore,106
rinnovatore,95
sottovalutare,166
berlinga,108
alicato,70
miane,82
lorda,16
casellario,57
ricorderere,115
appaltato,78
fodero,223
sferico,13
crepace,25
capolavore,311
centra,22
bivio,154
avveduto,86
superstizione,32
persero,262
ritmo,13
neonazismo,58
prenotazione,40
aravare,474
arrecare,65
ascolare,308
onta,9
calunniosa,142
saragozza,462
temperare,32
temporanee,18
cenerentola,146
stoccolma,43
rivolto,28
lima,43
scopertamente,465
ambasciata,18
navigante,122
idiozia,361
crivellare,505
elba,15
gaetare,667
recisi,11
abilitato,46
sbarcare,128
annullato,27
settennale,30
statura,33
wellington,691
cordata,10
impermeabile,231
greca,57
archeologia,62
unere,265
prebellico,68
affranto,26
accolito,66
degnamente,50
realizzere,40
basilica,65
effe,2
domina,46
colpo,31
accarezzare,840
ennesimo,20
coscientemente,403
indifferenza,400
sepino,89
poso,5
continue,50
repressivo,83
arese,104
ferita,104
roccaforta,11
premiare,2
astronauto,82
persistente,164
romanticismo,494
foci,37
esercitare,59
intensifichare,66
azoto,171
molavo,52
riacciuffare,467
arboreo,80
greggio,92
testare,219
costituzione,79
sahara,36
buonuscita,181
ezio,397
poeta,187
infierire,370
marocco,287
disperdere,178
assegnare,34
mezzadrio,90
appassionato,57
borsetta,292
increscioso,71
cristoforo,122
fortissima,38
boa,147
occupare,27
meticoloso,98
profittare,35
opine,4
convincere,339
pigliare,766
senigallia,628
prevalenza,33
susseguente,20
legno,75
smobilitazione,155
complico,14
rovesciare,31
ilare,638
altero,11
penalità,13
nipotino,763
caccia,18
battuti,59
corrida,87
falde,178
elegante,126
pirandello,709
centro,22
durissima,19
aromatico,30
carpentiere,378
mohamed,166
sorso,16
provenire,13
colonno,86
rendita,98
abasia,324
alabama,133
spettacolare,69
delegare,44
weezer,466
isp,4
annunziare,68
massi,9
penuria,232
interporre,134
cartella,27
procaccio,624
strutturazione,515
tribuna,7
turcare,138
pencole,24
angosciosa,41
conciliante,71
tare,239
spettanza,56
bellissimo,566
capitanerio,93
rinascito,13
garantere,111
riparato,29
innalzamento,112
tiberina,354
oscurantismo,449
ragazzine,303
sterzata,69
vaga,23
rettamente,228
squallore,56
intrepido,91
manterre,20
allentace,19
rimborso,83
vendi,25
rivelazione,49
corta,12
altalena,186
atleta,117
presidiato,33
trust,40
rilke,107
intrinseco,722
minuziosamente,156
andrio,271
ripetitore,55
lustra,9
aragonese,90
diploma,12
fave,123
crano,83
stermino,85
swift,439
contrarre,118
indispensabile,216
precipitare,237
commista,23
zucchero,99
esentante,7
stabilizzatore,65
rintracciabile,99
gioventù,56
calvetto,1071
prefettizia,44
malfattore,404
nula,8
mousse,108
provocatoria,247
sciolto,11
avverrebbe,165
depennare,56
spirare,277
aldo,3
cavere,408
elisione,60
navigabile,60
cossiga,35
accennato,218
tauro,8
allegri,95
apertura,31
cipriano,270
pregiudiziale,174
metterla,40
esordio,190
ammiraglio,65
schiare,340
combattentistico,89
allestere,56
ehi,148
hurre,553
vincio,72
irrimediabilmente,190
colcosiane,16
predone,72
giudicato,19
banchina,97
arrancare,466
vale,250
rata,57
vettura,159
antonina,1077
arnhem,451
corazza,122
ginetto,204
discografico,172
grave,61
pienamente,88
addebitare,115
impiegatizio,132
abilmente,117
corda,78
interrompe,39
nemmeno,242
coarre,32
confudere,754
bagarino,431
ragade,80
beltrame,528
trabuccare,180
lasca,17
infuriare,249
ossigeno,10
sommossa,18
scemare,352
vice,62
accaparrare,114
ravvivare,140
coattivo,186
sbaglio,41
saturnino,310
patema,7
ernio,53
leder,32
desolato,155
lede,10
funebre,47
agiatezza,181
ridotto,17
ventiquattro,114
adagio,355
culminare,32
stanleyville,492
resistenza,39
circoscrizione,33
feeling,1456
massese,295
eredito,16
banderai,17
vacuo,53
minimizzare,109
usere,228
pettine,8
reiterata,107
casupola,562
corredo,83
scalmanato,122
numerosissime,65
teor,11
formalizzazione,294
politi,52
abruzzese,108
lincio,49
tariffa,48
rodone,50
casare,1389
atterre,41
rafforzino,30
perizia,42
quindici,162
aeramento,182
strappato,8
nullaosta,107
radune,50
citeriore,194
tratterre,81
anticipazione,57
ciuffo,751
vigilanza,11
vetreria,117
santo,71
arroccamento,150
avvantaggiare,117
ferrone,399
aurore,141
iglo,68
serenamente,73
concretizzazione,569
depredare,21
rinnegare,109
brocco,1043
supporto,108
ronco,337
vivaio,23
verdura,127
installo,56
affluiscono,33
atticista,144
equiparato,61
milionario,47
demolitore,196
bottiglietta,211
oleoso,212
produttire,203
veglione,77
riepilogare,133
faentine,304
distrutte,107
fere,36
andreina,797
indenna,20
registra,11
niton,62
punibile,82
dirigente,27
gravoso,20
vocabolario,253
bovinare,150
lacrima,106
munto,37
cervetere,318
compito,18
vedrebbero,145
capoluogo,63
raffinatezza,282
giare,165
orbita,69
petronio,245
alto,8
malagnino,658
carpo,361
iniezione,178
seriamente,136
riuscito,21
imbattuta,360
finte,98
kekkonen,234
portandolare,78
monografico,148
indo,31
schwarzenbach,407
antonella,1491
soprattutto,423
inno,25
rapire,175
gnu,128
daone,70
bisceglia,17
sonante,57
puledro,446
reazionare,446
copio,40
suocero,545
sintese,76
fii,98
impreparare,161
salgario,1053
cantante,247
anniversario,47
tire,138
ventiduo,133
segare,291
genmingibao,132
ceranesi,396
manifestato,48
accelerato,45
maneggiare,231
sterilizzazione,427
centravanto,624
piso,343
risvegliare,207
cullo,77
opera,14
crusca,46
canino,1561
estone,97
causi,100
onnipotente,90
requisire,9
arretratezza,144
semenza,80
imperio,197
equestro,17
corrispondente,22
biasimo,82
hurrà,475
lanciarazzo,157
carabiniere,97
stinto,44
contao,104
gemer,81
congiunturale,77
estimatore,25
erigere,51
pensionata,56
ideologico,311
papavero,112
leggermente,97
razionale,238
mole,10
dichiarere,166
gemello,81
ruppe,27
campateli,90
franchisto,141
protesa,28
isolato,55
atinare,286
esentare,40
vietnamite,161
imperativo,143
partitello,359
esterare,112
fio,137
idonee,19
ossere,18
espressione,307
cereale,193
abituato,173
entreere,48
riproducere,99
reinserimento,218
palloncino,318
addetta,20
contrappongere,479
rivendire,37
impaziente,126
capsula,102
terrestro,133
verdino,888
bacchetta,569
tornano,71
avvogliere,329
concime,184
abbino,12
assicura,37
passaporto,16
colturale,144
real,4
genoare,549
proto,2
clandestinamente,31
formativo,218
amedeo,968
affettare,57
luciana,150
monire,44
reuchlin,125
certezza,53
atmosferico,62
disaccordi,38
aias,65
rugge,26
claunesco,120
raiare,55
deismo,209
trone,44
etneo,294
quai,5
disfatto,53
infermità,31
protrae,32
sceriffore,524
camioncino,635
ansimare,154
tria,11
ice,592
foco,6
andre,12
discordo,42
instaurazione,188
convitto,12
cowboy,621
meno,76
camping,62
abbracciare,58
destare,83
panato,79
licia,62
francato,72
duplicere,25
lecitare,252
raro,68
compenso,232
policlinico,125
maglione,68
namo,120
conobbero,137
tredicimila,116
avezzano,432
lu',294
pajetta,259
manifestarere,95
interclassismo,475
saccarifere,194
slanciare,86
movimentata,18
affannare,151
discussione,75
capir,151
impedivare,308
carrozzella,376
rifreddo,45
assurdamente,256
interpretazione,85
ermetico,86
opimo,19
finanzo,28
prudente,72
riunitidere,81
ripartere,28
alia,14
marce,23
orvieto,248
diluvio,21
biologo,75
arbitraggio,47
epurare,88
esaurientemente,574
frido,307
sirtore,1006
elevamento,169
stupida,390
strafare,781
spinosi,145
zoppo,96
ora,50
madre,207
lemano,205
comparso,39
fruscio,107
indizio,49
disto,12
fasciste,119
bellinzago,1072
realizzar,73
pandit,139
manifatturo,206
insacco,446
fabbricante,82
verga,75
separabile,83
pesala,447
genere,54
frustare,665
distensivo,18
epidemico,58
infirmare,250
banconota,136
diversificazione,849
ricostituente,15
crisco,91
epatico,177
esplicitamente,342
pione,29
abitavare,226
ricondotto,72
sfida,3
esitazione,165
avero,50
squadrismo,178
presenziare,141
lucano,86
agie,6
spasmodico,260
rilascio,18
esprit,16
cerile,7
immissione,60
prevedare,150
astorico,325
irradiare,151
tendenza,255
pancia,494
vecchietti,136
tuscolano,311
seimila,89
risalente,28
pitare,134
prospiciente,250
lutto,17
grappa,63
pravo,9
sci,35
situerare,66
insicuro,141
dinastia,48
quotare,80
venticinquesimo,149
cogna,22
rivivo,110
pinolo,623
statte,8
veto,9
rattristare,200
samoa,572
ila,590
erbare,186
invitare,87
rinfresco,87
immenso,20
impone,15
artritico,150
balcane,95
invidia,77
traviata,136
smarrire,78
avio,44
tarzan,581
tombale,61
ricevitore,33
esalo,29
artigianato,51
esare,409
evanescente,551
promettare,95
concrete,151
use,147
prim,39
contesto,305
alme,93
ctsl,203
francamente,521
susi,12
bertoldo,380
water,210
ricalcare,127
acario,108
pensavamo,167
rivendico,36
contrare,265
estate,17
passante,244
distrarre,101
tiglio,320
sinagoga,131
trattenimento,21
franale,16
nocciolo,73
invitavare,115
pidere,378
frigorifero,111
magro,15
poggia,12
contribuari,37
rise,8
diocesi,49
soviet,43
corsiero,89
vette,97
dallas,125
arnaldo,1143
plotino,317
dina,6
esteriore,106
antidoping,9
mitragliatore,316
involontario,30
imerio,76
slitta,41
fernandel,956
appartare,40
vigliacco,212
lievito,127
calorosissimo,132
sapri,8
selce,259
americana,268
fornitrice,15
cello,67
riscoprire,68
zappa,417
terrapieno,404
nero,62
compasso,19
hammarskj,406
urger,9
los',44
mase,29
piovano,111
unico,28
etc,1
leggibile,8
mitizzazione,387
rappresaglia,66
emittente,20
partner,34
microfone,15
tandem,453
amministra,45
cavatore,99
aprile,43
insano,92
tonto,22
abulico,462
indefinito,227
possibilità,89
lievissimo,117
razionalismo,441
ovunque,9
commiato,41
mun,9
illimitato,97
convalidare,65
raschino,333
vannino,673
ing,106
rea,42
noioso,209
sconfessare,99
aranda,141
scettro,33
ricada,18
mendereo,399
prelieve,142
intermedio,48
sentenziare,30
accingire,69
saufi,151
conclusione,23
cdl,179
impossibilita,136
erta,41
annone,59
kelly,746
freudiano,424
sanamente,166
inviolabile,36
dermatologo,81
monico,127
muraglione,204
lorenzina,249
malagodi,56
flange,54
alan,840
suspensa,16
sublacense,85
racco,11
datrice,21
età,4
dimostrante,158
maturare,103
dominazione,248
scolta,11
sfrenato,53
limito,50
dianare,496
box,34
nient',80
stramazzare,1247
oriare,251
ray,597
resia,13
fugo,16
affettuoso,85
geneso,56
pentagere,178
club,14
stiramento,174
etica,29
avvolge,123
roisanre,362
cinematografia,50
armato,84
creatore,102
riccone,131
imperversare,143
articolare,104
taciere,195
forziere,346
giallorimore,725
lamo,33
interrogante,55
moderare,167
orlantisi,22
longare,52
paolare,838
passere,91
prega,12
cosentino,471
ivonne,994
mutuato,61
uesto,34
stata,10
nelson,221
contrattazione,226
fata,15
riconquista,29
motofurgone,363
inte,248
graie,205
calve,472
minerale,185
idealare,155
lentamente,135
tesseramento,39
mosaico,47
acutizzazione,451
amente,130
rapidità,26
onerre,41
teleschermo,88
polizia,87
cafone,68
definito,326
goo,19
nazionalistico,463
cavalleria,129
allenatore,219
malconcio,45
cesena,369
rigar,18
accorsero,498
amministro,37
gettato,27
militato,39
saldamente,70
mentì,25
neofascisto,108
pasticcio,95
anomala,85
pericolare,122
faraone,349
orecchia,157
montagnoso,87
umbre,40
movimentato,29
abnore,41
deperimento,213
liquido,72
luongo,706
rosalba,1022
luzzana,1035
debora,77
scrigno,272
cabaret,423
barbiere,287
ipocritamente,402
augusto,433
sapiente,20
fabiare,618
evasivo,35
galante,690
tony,554
sottocommissione,66
pappa,397
avariato,57
edilizia,35
accatastare,342
guisa,128
creatura,79
esosità,75
cicca,13
presentandolo,63
maurice,230
tufillo,102
contingentamento,214
montevideo,108
ignorato,96
fuggire,309
ginnico,38
sanatorio,73
rubere,254
scolaresca,48
reciprocamente,63
almanacco,72
cappello,434
istituzionale,256
marcello,1164
tamigi,279
frequentare,25
giono,90
bombardiero,154
stael,29
dive,18
cura,82
quantunque,70
ammarare,204
dicasi,3
malanne,202
fortunio,42
sudoccidentale,161
maledettamente,172
gronco,37
cancellato,14
grandinato,134
mobilire,12
avocare,52
astenere,23
rinnovo,48
istat,13
ani,7
contenire,63
rude,11
capitalismo,260
vivevare,212
metafisica,329
iniziare,111
stanco,149
architettare,48
comprensivo,112
gonfiare,107
corroborare,400
marcatore,452
estremamente,68
fastoso,96
egei,15
scorno,74
intrappolare,444
pisello,488
gonfiamento,360
assestamento,278
acilia,232
bancarella,205
fervore,22
appello,24
oltranza,44
commediografo,319
forgere,343
sterminio,70
estorto,87
anpi,43
scopertamere,343
meeting,68
immolare,104
rande,23
studentessa,96
ineluttabile,472
subari,13
turchia,177
clarence,724
controdeduzione,386
nesti,94
stioe,33
espressi,72
sottolineare,113
mediocre,264
floc,14
asprire,43
rosetta,1049
intavolare,134
saletto,776
lodo,303
invertito,80
raffadale,81
altrove,20
recatosi,33
asfittico,104
burundi,509
aloe,580
rissa,51
rayman,242
caterinare,474
presentatosi,38
inviolare,183
pray,308
furente,283
xiv,45
controfirmare,170
brutalmente,124
canuto,44
privale,32
accusatore,154
aseità,8
tacito,26
glore,69
anagrafico,29
odioso,224
bimbo,88
renditare,217
commercia,37
commovente,77
mestatore,117
puntala,47
assist,16
truccho,49
rintocco,147
continuamente,240
sorprendentemente,485
riequilibrare,69
pagoda,78
mutolo,36
tavolozza,143
buste,26
strettamente,101
commisurare,67
presentale,43
motorizzazione,152
recentissimo,38
avellano,277
vino,106
notaio,77
acciacco,997
maiuscolo,580
assumere,31
latta,112
vagare,276
canale,12
martinetto,985
stanford,220
obero,5
attenuto,43
svanire,470
fabbricare,73
neoclassico,86
unicio,5
tondi,692
litre,24
brunetti,1416
intervallo,35
preliminare,72
chinaglio,559
larico,54
cetra,228
flavon,10
sollecire,85
rimanevare,169
fardello,23
programmista,99
adelio,824
bullare,130
attirare,117
fuggere,442
pretendevare,214
coniugale,29
ritornare,101
mutamento,116
rai,14
scenda,16
inasprimento,110
operalo,26
scientifica,132
prefigurazione,476
fuoriclare,533
antitetico,245
cissone,99
cordiale,60
arroganza,129
algerino,145
mandria,200
occhiale,101
funerale,27
lode,30
affamato,72
nisseno,91
tarda,12
concorrere,38
possente,22
propendere,597
degna,10
ammaino,20
diversamente,258
plio,107
partecipazione,22
parsare,109
laconico,36
somala,83
schedatura,25
discipline,25
prefiggere,111
sfrontare,218
antisindacale,122
convincente,207
sicura,19
arenamento,57
mistica,106
provincio,147
nadiare,601
caricatore,43
tennistico,124
montone,1041
paga,111
santa,42
pescare,131
serenità,46
disimpegnare,95
cerimonia,41
vallare,154
succinto,80
istitere,14
roco,19
matto,139
alatale,23
slegato,16
infiltrazione,111
decrepito,19
oltraggio,197
graziano,389
giuseppinare,1029
spera,28
gridando,284
imbottigliamento,265
geniero,30
rinomare,131
durò,55
presidentesso,219
specchiare,264
uscir,16
occasiona,5
frida,499
cocomero,412
lloyds,147
sartina,337
hugo,1244
mazzuolo,887
favere,389
ripetute,15
restituito,40
transazione,25
lembo,175
avvocare,23
proiettato,16
spaventare,608
bonassola,749
deposito,28
nuoco,6
evacuare,88
bulgare,83
udi,7
truffato,48
vestere,106
inserviente,45
elsinkivere,70
sorteggiare,59
residue,7
esaminatore,44
funestare,106
bravo,545
fisica,61
lavante,33
solennità,20
alpina,34
cccio,521
frequentemente,168
appurare,90
bebè,272
monterotore,511
nicosia,70
reggente,92
ondato,15
felicemente,26
artisticamente,168
taccare,693
producere,95
auro,42
betta,741
fulvio,81
schedario,17
berlinguer,222
andreis,1369
ragguaglio,7
debitamente,122
arnare,576
rovello,219
misera,29
quarantuno,151
nazifascismo,121
piropo,25
acceleramento,311
trovassero,172
parato,30
ascolo,255
terrificante,236
espellare,121
aula,3
irritante,112
breznev,90
scrupoloso,22
maiore,500
scioltezza,78
riacutizzare,145
dogo,26
applauso,43
sigli,12
stra,4
poggiale,82
affardello,182
incontra,9
trainer,264
prospettiva,98
agevolato,64
bistrare,248
brancaccio,787
perseguitato,38
referente,32
proiettore,34
laudare,50
confortante,61
pilo,17
intero,7
anverso,21
applauditissimo,89
movimento,98
sbucare,782
totalmente,123
clavicola,138
biacco,1017
sbrigativamente,184
aquilare,462
interverranno,102
ottare,229
revoca,55
profondare,33
girgento,279
agnolotto,558
ciel,62
promotrico,50
prolo,16
budapest,77
indettare,118
sottobosco,94
radiotelevisione,32
contraddetta,301
proroga,60
nativo,7
scuso,15
aberrare,78
decretare,41
dissestato,121
documenta,42
torrone,639
boolo,1020
trasporto,63
conservere,26
pacere,24
napoleonico,153
schiamazzo,361
giurisprudenza,45
negra,104
dimissionaro,51
consentire,327
marrare,356
sconcertante,229
psdl,133
contato,45
disorganizzare,94
puritano,31
raccontare,152
avanzavare,176
decimo,59
viadotto,266
sbarcano,205
apn,8
battana,86
fucilato,293
mercante,4
cento,81
otis,95
atamare,325
rituale,23
sionista,125
starnare,608
ecco,12
leader,35
rinnova,22
piegato,14
inequivocabilmente,224
aerale,17
orino,606
nicchio,1257
suscitato,62
domanda,10
uho,4
luciare,793
raggiunere,31
occasionalmente,47
imolare,315
gianrico,1406
immerso,254
pesare,43
estetico,335
onestare,292
ineccepibile,157
autosufficienza,290
complicità,165
sindacace,197
edificazione,190
normalmente,123
mercare,15
assassina,302
arante,71
dimostrazione,59
certificare,42
dipendare,103
zagarolo,1055
monarchia,100
ovazione,32
meneghino,816
electron,80
varico,67
tradizione,102
pozzo,73
intromissione,176
desinare,193
celi,76
federconsorzo,52
incontrovertibile,182
dipendente,179
estere,90
corrisporre,125
riconquistare,43
ottaviano,973
tro,2
nata,22
condo,24
rimarrebbero,105
noir,199
richiese,30
retroattivo,125
bergman,796
marito,249
ii',102
virale,179
opinala,14
crine,26
stabilimento,182
votazione,45
denominazione,258
multiplo,23
iraniano,171
corresponsione,233
neanche,265
sottovalire,231
exploit,211
istruttivo,43
ferraio,764
efficace,46
miniatura,202
compre,29
boeme,27
imbavagliare,230
sagro,86
decaduto,9
impossibilità,149
colui,34
azzardato,66
acuito,14
nielsen,546
colletta,17
intercettazione,62
stipula,45
reumatico,137
concepiscere,459
malattia,106
deliberativo,190
corazzata,131
ambeduo,113
arasso,670
assicurò,23
inamovibile,147
digitale,40
radiografia,73
endere,639
astrusa,27
istinto,37
solto,19
attenuare,212
servendoso,46
rag,4
ecru,81
giuliare,82
dittatoriale,196
scavare,240
assaltare,261
rivolgire,89
nife,8
geco,82
coeve,80
senz,24
arricchiscere,80
confermavare,125
allergia,46
bellicisto,230
odoro,41
monopole,109
notato,46
aggruppamento,78
accordo,62
allarmistico,104
cosso,102
anticlericale,389
parlare,104
sestro,53
fascia,23
salpare,338
segretare,61
occorrere,82
cappone,189
piazzare,31
partente,145
concentrazione,325
provenza,12
erga,8
iniziatica,51
ridila,20
evolvere,26
religiosità,136
travolto,256
riuscere,85
birmano,263
finalisto,39
sofocle,153
deficit,29
superiora,15
rintanare,205
merì,29
sprazzo,334
ole,86
involgere,169
aloso,5
balcone,156
azzare,171
devastare,117
schiantare,825
bollente,52
schiuma,259
tenerezza,150
dinamitardo,53
cogestione,384
quarantena,101
pronostico,167
guerrare,52
nascito,15
incarcerato,148
vinti,39
baronia,26
depauperamento,347
irritazione,215
riporto,9
vercellese,350
anticapitalismo,477
model,27
colosso,52
azza,29
tappeto,1
satura,167
sindacalmente,243
condannare,84
ratio,5
ecceller,295
accusatorio,179
prendente,29
implicazione,444
pancrazio,1488
iolanda,348
sorbire,40
apposizione,104
can,760
disinvoltamente,427
inserivare,468
pomposo,37
agliano,235
importazione,184
cappio,168
indebolito,113
capoccia,591
ci',407
ripensamento,156
scema,3
grandissimo,116
trafitto,227
nitonre,80
cenacolo,185
putiferio,7
travisamento,169
titanic,85
sinare,434
spegno,12
telefonare,21
inning,702
visito,10
etico,60
realizza,28
riferere,107
ronda,199
aggius,96
confusionario,42
lega,15
eretico,103
dirienzo,38
nanismo,129
residente,17
distaccare,120
contraddittore,434
casino,396
diciassettenire,239
discolpare,478
nailon,173
cozzo,121
realizzare,85
filziat,204
sabato,116
affaticare,438
agnew,48
noto,17
ostinatamente,256
includere,45
lacere,30
bologno,346
pacificamente,91
partì,22
adore,158
anticancro,70
inaugurato,62
bullismo,249
autunnale,13
disgraziato,233
improbabile,96
lateralmente,96
grazioso,186
odiale,13
indumento,145
retti,6
incursione,88
marciatore,89
mucca,310
prosieguo,46
cremare,115
refurtiva,151
movimentare,75
tradurre,19
soffocante,47
suarez,504
pugnalato,363
maryland,571
agretto,25
guatemalteco,346
combattuto,68
dibattere,85
poo,116
menfi,27
avarino,365
stanza,66
professoressa,269
rivolgono,72
reato,83
terrificare,252
incroco,38
stime,14
salernitano,423
tabellone,9
ventennale,52
madagascar,425
puglio,123
aristare,149
tu',93
cooperazione,123
sobbarcare,74
trama,44
traduzione,128
arcola,11
finocco,423
somigliare,186
all',59
esito,10
cavallai,288
allevatore,62
salma,38
dettero,102
nazifascista,132
abrasione,26
malo,11
tuttavia,409
ghz,99
signoria,210
cignone,1470
emanazione,254
conciliativo,111
estire,27
epilettico,127
contingenta,12
casertana,449
collaborato,23
borg,43
unzione,176
viottolo,211
costruttrico,65
aerostazione,61
inedire,203
reviviscenza,104
cercasi,18
sopportazione,217
sacrosanto,35
frizzo,133
rividere,127
behe,18
nessuna,37
incallire,358
rinunciare,142
potenziale,280
decorare,22
ipotesi,25
amae,366
scambia,6
generai,18
transalpino,474
nebbia,67
bob,178
canaveral,169
soggezione,261
augurere,86
galizia,16
apparato,33
marconi,429
magna,53
dimostrativo,19
puntualizzazione,435
canova,775
arrivarono,158
riformismo,338
analizzare,57
baltimora,259
estenuare,90
declassamento,392
rastrellamento,114
maiorca,627
capo,29
empolo,415
atone,27
confederazione,145
malto,52
gretto,181
ribalto,34
chianco,458
stazionamento,222
ddt,129
riure,148
stonare,358
quattordicesima,96
bassotto,57
mci,16
borgata,64
obiettare,206
parificare,120
cambogia,180
rispondire,65
eritrea,68
impongere,137
fragola,167
bruma,164
poliziare,128
coloro,44
geiger,119
confindustriale,72
boxino,203
estroso,6
melboure,118
perca,44
sublime,319
ibere,94
gravitazione,243
velere,62
edenre,403
porro,38
campo,2
indugio,15
militana,42
nominale,34
avversano,165
riferitare,115
kasavubu,314
appiccare,642
paesistico,114
fremere,401
proporzionato,84
intemazionale,239
espi,2
compravendita,186
corrisposto,89
violentemente,229
socrato,11
federo,48
collettore,21
rescissione,171
miosine,186
broletto,569
corazzare,297
sambuca,295
fiom,147
armonia,60
arrestale,115
scatto,18
lusinghiero,60
lacuna,37
aerare,431
sporco,7
oriengere,36
scrivare,246
lavoro,20
colombare,522
ciia,34
annuale,11
passibile,110
catino,156
superfluo,89
spia,19
delegazione,36
monferrato,266
sardista,94
ritardatare,105
malanno,199
mater,11
gargare,167
eccitato,243
massaggiatore,259
cinepresa,47
assorto,159
erastare,339
ema,1
approssimativo,217
basiliore,345
intimidazione,182
determinatasi,73
il',276
trionfante,262
impegnato,44
barattolo,242
ladre,167
arrogante,53
ministeriale,72
alala,294
fermarire,106
amarezza,270
capofitto,61
dolmen,83
miaso,49
proceder,12
affettuosamente,124
chiano,150
sera,69
mugnaio,141
commonwealth,150
richmond,1326
giona,55
fermamente,97
adriatico,69
ironiare,243
nas,2
lamare,56
decisamente,237
soprintendenza,30
ultras,64
verdetto,23
automobilistico,71
direre,210
coito,87
intervista,35
ucciso,194
rappresaglio,59
rivolgo,59
inalo,49
precedenza,127
brava,193
civilmente,271
festa,38
fiduciario,24
decorazione,24
maestra,49
varendere,614
nebbioso,106
archè,209
percepito,145
spicciolata,187
vendico,22
raglio,46
travestimento,33
giaffa,199
leonessa,1109
contrarietà,224
ricevitoria,18
lugare,259
scuro,304
improrogabile,44
uber,589
rdpc,245
cigni,152
cfc,177
anch,299
sudisto,168
ombrello,423
luxemburg,147
paris,26
bacolo,191
imbarazzanto,283
bacco,596
prediletto,152
renare,885
siringa,47
nembro,54
aggiungare,25
predilezione,231
americo,154
avanza,17
coriaceo,595
delicatissimo,84
ricevettero,32
specificità,230
averglio,232
provenere,41
campanare,173
cele,28
cardiocircolatorio,142
aspare,25
sorridento,367
minacciato,32
rettifico,10
dandoso,121
bocciare,85
entente,6
marta,82
lasso,14
cera,244
asciale,18
collegialità,65
vicesegretario,193
cristallizzare,417
rilevare,160
fiorentino,426
guerrino,659
laziale,154
pela,210
dialogo,16
brundage,166
merito,29
massignano,191
angelino,1484
rumoroso,172
valse,78
importare,132
parlato,51
corrispondere,90
oyace,147
tibia,7
indento,17
paratifo,4
optare,24
truccato,47
colò,91
crollo,31
polemizza,40
collezione,174
boccaccio,923
trascuratezza,200
ansiosamente,339
reinvestimento,172
bertolda,255
alluvione,52
abdicazione,216
molise,67
patronare,28
ninare,463
ficco,146
spadroneggiare,235
mosè,303
uscire,52
integrativo,181
educare,46
esuberanza,187
biotto,283
energetico,209
costellare,204
erette,52
veicolare,211
fendere,338
immotivato,45
maretto,980
galtellire,338
baldovino,1184
chetare,557
cernita,9
vicole,44
esssollecite,107
lugano,498
astrattamente,185
chirurgo,57
rinunciatario,255
crocifisso,85
divenuti,24
tormenta,140
interiore,123
sommerrere,458
astensione,38
asfissiare,168
suddito,17
capralba,805
mansuè,243
esistente,128
rossi,245
aggredito,59
tagare,471
marmoreo,373
riunificare,48
richiederebbero,295
lepra,106
fulcro,111
riatto,45
narrare,205
indetta,88
zeffirello,1143
assoluto,8
rimuovere,39
andrebbero,69
stavolta,406
occupato,19
inverso,31
genericità,268
barbero,1349
trumanre,92
aumentale,135
ulteriore,41
rinchiusa,90
collegio,8
star,240
ruben,146
chiarezza,173
lucane,49
cuocere,347
perpetuare,205
accursio,5
deliberatamente,408
monte,52
dorsale,23
reputare,34
allevamente,55
ranella,419
storta,10
investigatore,155
concesso,35
confratello,130
intralciare,58
tradotre,39
impedì,23
timoroso,372
agere,153
contadinare,88
elidente,238
societa,8
rifuggire,191
obiettivamente,327
panta,48
elesso,36
cerimoniale,27
rendi,10
egiziare,190
auspicio,34
tolstoj,160
sospettare,341
virulento,318
superflua,140
sovietre,88
accavallare,539
vigilare,32
adesspi,144
urna,22
efferato,309
accadano,69
sblocco,34
vigevano,33
perdurare,67
imperniare,7
cancan,11
barcaiolo,196
tasco,105
cognizione,85
autonomio,69
fornaia,195
criro,60
eleano,23
lavis,162
gattucci,569
manomesso,148
fratello,165
interezza,317
danneggiamenti,20
ideologo,191
passa,17
liceale,39
picconato,526
realizzale,58
miamo,54
lirica,152
giunre,24
migratorio,20
illudare,123
rogo,208
giliola,357
cacciatore,26
società,11
strana,207
oristare,322
leonardare,610
marinaio,137
cook,2
pompino,111
xii,28
pertanto,204
marrone,349
divinità,162
contribua,20
diletto,97
amorevolo,54
pretorio,22
straccione,366
artere,9
aritmetico,301
chiedere,91
scostare,375
potentato,40
peia,125
plenaria,41
cavolfiore,207
barca,25
rinnovato,53
restere,70
falsificato,60
diano,308
spieghere,220
parallelismo,312
lamiera,313
contengere,176
montecatino,150
emù,180
facile,72
sapeo,27
coincido,19
processuale,55
pasolino,449
rivolge,62
itc,613
estromettere,89
guevara,43
psd,76
catanzaro,302
bersone,180
felino,525
cavità,71
ricetto,31
sosta,20
autografico,92
aliare,17
vicepresidenza,104
supere,24
festivo,26
torneo,274
commere,14
sortare,599
tente,21
interessante,54
assembleere,115
rinviabile,67
luigio,841
tragico,128
roubaix,393
situerò,35
spettabile,82
shirt,636
palestrino,382
dirottamente,88
celeberrimo,363
finanziaria,122
banditismo,41
serse,77
ronzo,325
peugeot,74
televisivo,62
dalila,17
scandalosa,60
tangere,196
gioiello,109
ungi,23
vilipendio,88
cln,8
bado,57
iugoslavia,155
decana,44
sopraggiunte,295
romenare,141
cascata,313
scandinare,130
eurovisione,48
agitare,78
risultassero,216
censurato,24
pompilio,95
malleabile,48
cpp,68
ida,72
palestre,27
villeggiante,180
muros,70
escarine,493
imputazione,210
mossano,16
scarsissimo,239
meritevole,59
quattrine,39
rimesso,15
narcotico,303
scopare,139
tullo,29
cucina,50
informativo,59
bellore,721
ripromettere,354
omissis,69
frutto,14
impacciato,536
marchigiare,178
corrispondenza,47
imperiale,33
aveto,25
moltitudine,93
sciacca,277
jarno,535
convoglio,185
inferno,221
sbalzo,50
pakistan,175
canzonetta,237
radioso,38
marziano,24
acacia,3
requisitorio,32
bachino,1463
generare,19
planck,742
conquistato,25
avvio,79
fieri,7
sprone,97
riscottere,14
turchetto,279
costrette,37
iniziatosi,53
trasparire,296
grossolano,230
dance,494
farmacisto,47
azzo,28
libia,153
arrossare,848
seguere,76
plotone,47
esattamente,30
estraggere,38
vacillare,229
nassa,12
plenario,83
vincent,56
apporre,62
perduto,15
olonare,427
balzo,5
tatticismo,420
trasferta,192
confapo,121
consentirglio,531
segretarla,91
detrito,333
fatme,180
cristianare,129
petrolifero,67
azeglio,577
sbranare,1024
annato,24
fdp,106
qualunquisto,177
manza,122
romeno,119
sinatra,856
torce,70
piroscafe,183
bea,24
imboscato,193
giostro,213
ridice,40
sdraiare,850
contai,118
qualsivoglia,531
milanese,42
satem,36
bangkok,335
viabilità,93
incontrastato,55
farsesco,147
renne,109
ventina,158
dispiacero,265
saracinesca,80
pcl,69
predizione,177
acuii,31
asl,13
annovera,39
stanziamente,67
insensibilità,259
utilizzare,99
infinito,131
massiccia,24
alfonsa,975
gai,36
legislatore,56
canceroso,141
ebraico,29
deli,56
puntata,40
nefasta,250
aimo,7
furore,198
spontaneo,10
abbisogna,69
segno,0
anticamera,16
devastato,91
femmina,13
ispiratore,112
plusvalore,208
telespettatorio,37
esaminerare,54
ritto,36
americanismo,163
notizia,47
crespio,36
sparo,289
rosa,180
siculo,29
desumere,275
extremis,19
versailles,101
boss,22
partigiani,42
visibile,147
volante,110
fichu,422
detentore,41
sottomettere,600
traviare,151
toga,10
accompagno,71
congegnare,83
mobile,4
mascella,138
iridato,166
sfrattare,70
lan,406
mass,19
assalitore,595
franare,413
colf,26
olei,271
indilazionabilo,341
candidate,36
inerente,144
esperanza,31
brino,1145
travagliato,45
narro,159
astratto,354
matematica,109
ingiustificare,216
orientamento,301
pompeo,179
estraneità,107
radiologia,135
arriso,124
mccloskey,636
sottotitolo,81
sace,13
bambina,74
tradire,145
opere,13
zina,20
ricostituire,57
primatista,151
senatorio,35
fagotto,840
schiacciamento,123
indurre,349
ricevo,18
cagione,27
immigrare,24
acquatile,480
almè,130
sudare,103
astruso,15
zurigo,41
considerevolo,194
inalberare,279
petizione,15
possiedono,46
mandi,32
operato,23
gerusalemma,96
speculatore,76
paladino,58
bernarda,832
alido,7
pervicacia,216
sopratutgere,147
perdonale,13
apprezza,76
raccattare,199
concimazione,472
cadevare,686
venerdì,149
insuccesso,41
dell',39
provvedevare,163
istintivamente,371
palmira,79
altrimenti,384
scaturire,45
disinteressato,69
impadronere,379
totalitario,92
tabacchina,182
oregon,716
moio,228
avre,58
out,365
domare,61
torturato,215
enele,84
venanzia,16
smisurato,146
chieve,50
generatore,27
core,126
logore,105
maggiora,47
femminile,6
ululare,438
variazione,178
cortometraggio,175
unare,31
intromettere,122
spettacoloso,87
ingrasso,203
anarchia,46
rimini,139
ripensare,190
impennato,269
smista,4
stanzone,46
baia,283
passeggero,149
federconsorze,64
consolazione,34
sostere,49
fiacco,182
quintetto,545
epilogo,29
comparizione,68
naufragare,19
cinquantennio,78
barbone,1560
concimo,135
riappare,153
generalizzato,200
jolly,428
misconoscere,348
tonfo,268
baionetta,373
tappo,10
feudo,22
fiaccolata,104
note,5
ballotta,349
patrimonio,14
disastro,69
tenacia,42
ideologicamente,630
foltissimo,56
furibondo,91
grossista,71
cortina,10
sconforto,55
sento,36
sode,26
risaltato,51
particolare,105
sopprime,16
vadere,420
colmere,304
autonomiare,120
convinto,100
manuele,220
giacchetto,506
psiup,92
gerenza,87
innervosire,566
paghare,54
imare,386
serranda,30
salema,209
ddl,165
cibare,345
biscotta,108
rapinatore,334
siria,168
arcore,48
ivo,205
covo,5
secondo,18
adsl,185
cerchare,71
triennale,21
gendarmeria,267
binomio,24
british,102
dieci,177
acquoline,719
alleale,30
addossare,78
torro,219
lenzuolo,233
jan,502
metaponto,145
franca,292
governatorato,46
satira,283
infortunato,174
scoppio,85
comi,127
economista,17
arricchimento,383
sfollamento,108
spazzatura,121
piangono,91
ungaro,384
chilogrammo,56
noncuranza,165
sviluppere,168
georges,379
cedolare,44
sosterre,67
cavalla,198
beffardo,493
torma,2
minare,158
giochetto,517
provvisoriamente,30
accorciare,231
appoggare,68
pubblicano,50
statua,189
porsca,188
minere,24
settimanalmente,48
abbandone,24
baracca,114
giocato,179
particolarmente,47
cupola,503
boot,645
fiorano,41
irriverente,297
pargolo,711
brunate,45
usai,225
strato,14
aumentare,124
pco,103
ialino,84
futano,39
giacevare,497
parcheggiare,175
fierare,36
baratto,11
cristiano,102
imperialista,203
decorativo,24
distruttore,30
rimanire,52
latro,149
naturalmente,1001
caro,9
tuia,210
convenienza,69
kaunas,404
consiliario,98
montevago,378
tennis,122
estremista,168
ladd,464
sisma,54
cilindrare,78
vil,39
mummia,25
parlo,25
ollolai,204
ventennio,44
padronato,98
nocività,93
pacare,95
chitarra,304
tenace,56
capitalisti,132
stipo,6
filosofico,335
pilotato,134
osvaldo,685
informato,90
tombino,548
rivalsa,44
eterno,73
mancala,13
maometto,636
figino,156
saffo,30
libano,178
salizzole,80
eccidio,84
dorella,438
calasso,138
eliano,64
quercia,183
bombe,121
ottocentesco,195
funzionar,39
declinare,77
abolì,17
manovriero,19
reingresso,14
fondo,6
assediato,102
obolo,2
novellino,1163
ffss,145
imperterrito,44
credibilità,201
follare,188
quadrante,62
lavorante,78
musicho,209
sfato,33
risolti,46
idem,0
grappolo,1129
spalancato,552
odere,20
benito,696
diverrebbero,307
tristezza,225
ciascuno,17
lomellina,292
erich,463
mcd,14
atac,50
cardinal,38
salame,26
asserivare,639
canada,285
tario,59
winston,660
altario,167
consulta,28
lustro,23
scope,14
infermiere,88
arbitrii,117
imbrunire,827
quarantanni,158
inquieta,34
idaho,195
agguato,79
ridonare,63
abboccamento,105
gonfio,130
tamponamento,160
sospendono,56
fez,12
romagnolare,81
banano,69
vivacità,109
ammettare,170
muzio,57
ischia,6
promuovare,98
attrezzo,55
stresa,17
alpax,368
etiopico,190
automatizzazione,231
sospinte,126
demaniale,59
pensabilità,112
eminenza,10
benevola,13
dama,9
avvenuto,42
acrobazia,193
accenna,78
californiare,253
acer,3
outsider,396
tempellone,109
esse,115
trasversale,31
dibattimento,42
massacra,149
alienare,140
perentore,62
incrinare,21
alettare,336
scarlatto,954
sapremo,57
ficcale,73
bevono,142
gaulle,55
settantina,151
scompiglio,132
magistratura,61
risanerare,486
legare,34
apri,22
crepaccio,192
entusiasma,59
orleans,392
preannunciato,49
andare,77
bigo,38
butadiene,171
simpatia,81
flagellare,151
campanario,327
chiudare,66
olivier,677
incarico,46
prolusione,16
registre,8
patente,12
drammatizzazione,360
scricchiolare,627
equiparare,71
vedovare,133
tassativo,266
atterraggio,209
dovre,119
uneo,87
fonderio,62
afroamericano,186
follia,63
sappiare,376
difensivo,24
confagricola,77
spai,349
ello,106
dilettante,275
mec,27
inaudita,118
qualitativo,117
lego,7
wbc,402
ervere,43
edgar,427
temporaneo,40
accampare,239
aerosol,33
predominante,263
monopolistico,201
costituiscare,263
udì,2
rolling,537
marinaro,14
premurare,393
individuale,34
orienta,24
persona,12
cada,6
ring,104
ranno,36
negativamente,191
vittoriare,308
fml,290
labronico,83
terrazzo,619
popolarità,28
meato,112
affiatare,207
prore,16
folgore,284
albino,1608
grore,18
rivoltare,172
liceità,31
cacciata,22
pugilato,113
bucale,110
sanguinare,263
gravitare,44
bavero,230
neppure,282
liscia,35
bucciarello,685
cabiria,66
scorzo,25
atletico,111
cronaco,16
tendare,150
riserbare,30
muovere,46
bieticoltore,102
roma,121
celiare,173
incontenibile,40
sibile,76
donzello,2416
piagge,15
passera,17
procacciare,337
giacca,108
soprassedere,57
nunziato,46
banditesco,169
ellare,404
escore,84
mintoff,107
sembrato,172
indipendenza,93
piatta,3
fluidità,161
cornare,481
caparbietà,147
reggere,208
subiaco,388
issato,18
tornere,85
elvira,827
oppresso,180
scambio,18
repubblichina,20
gruppo,7
suddetto,95
line,15
embrionale,79
piuma,117
pregiudizio,162
considera,97
edilio,6
rifiutare,107
venatorio,33
inseguito,33
paralizzato,44
sgorgare,175
ottantamila,91
abolitare,27
giust,10
originario,70
seghetto,470
mutilato,16
momento,56
clima,8
basterebbero,176
acquisire,29
fulminare,343
palau,32
archimedere,526
scarse,38
fotto,43
tronto,37
accorare,305
fogge,26
pretoria,37
appone,18
attività,18
deputa,20
scialuppa,132
contrazione,475
cerco,10
cronico,18
temporeggiare,507
orsino,107
commissionare,51
verte,9
fortunosa,389
pavese,268
incisività,115
ripetiamo,152
castano,261
mussoliniana,168
infinitamente,364
nigeria,68
responsabilmente,21
intempestivo,40
lolla,57
segregare,15
laicismo,286
centriro,24
respinsero,61
abbasso,17
possidente,19
rose,19
coppare,386
saggezza,141
addenso,71
insultante,152
oreficeria,313
sbarro,108
placa,384
alitata,47
accente,195
salire,30
monetano,27
rigettare,254
capeggiare,29
antipopolare,154
coese,5
tangenziale,42
offa,76
saldezza,115
tratta,15
pellizzare,95
plasma,120
falciare,426
teorico,265
benedettino,456
ribassare,86
georgiano,222
montagnano,210
impedito,81
loris,455
condere,174
armo,1
basto,44
catenona,119
occorso,18
pupi,203
edicola,35
correlare,458
felicità,70
denunziato,39
unia,60
muscolo,119
psicologico,132
hoc,22
iide,87
costo,128
dola,28
signorile,183
consumare,19
astico,107
azioni,6
lewis,1161
vilma,11
insider,146
molino,935
prussiano,96
zuglio,56
renault,31
lottarere,140
assicuro,29
nhl,215
stivale,120
ingrandire,16
legge,92
ferrerò,1541
albani,999
storiello,385
florido,34
cospicue,56
urina,44
niccolare,2288
aeroplano,223
messer,85
trecento,153
sommo,3
kyoto,522
geologico,63
nota,32
condirettore,43
incordare,98
cestista,202
correlativo,393
astuto,25
senzatetto,109
dovemmo,132
allucinato,155
manomettere,244
gronda,16
paio,42
ati',268
calabria,100
carnevale,219
recriminazione,352
liliano,583
funesto,72
sostitere,28
impossibilire,191
uisba,127
contrabbandiere,195
consapevole,83
confortevole,52
norvegesa,69
orsola,706
detrazione,239
atonale,108
smithre,434
sopprettere,65
menzionale,159
interferenza,70
commerciante,54
favolo,98
peggioramento,181
sacramento,37
duiliare,177
perseverare,208
astronomico,100
orgoglioso,114
sene,10
aperra,33
ragionare,473
defile,58
ricorrare,52
bidello,63
babbo,165
controllavare,183
ienare,198
collaudatore,74
postulato,297
succedare,122
venivo,152
straniero,17
tardone,230
insieme,15
cio',231
caravaggio,116
proposta,73
diffamatorio,114
recidere,105
ospitante,28
analogamente,300
polesina,118
landa,151
fortino,31
geniale,233
ito,320
suire,160
pertino,88
innamorato,712
gallardo,728
intonaco,56
gesuita,88
oculato,13
minoranza,26
eolia,152
confare,119
anitra,73
intimidatore,97
palo,252
agio,14
infamante,304
castagnito,1050
ammobiliare,120
stringire,49
veneziano,11
addizione,12
magico,167
attilia,79
inadel,15
panello,228
decente,19
comandante,78
tunico,23
aiola,818
raccolto,22
solido,31
disfare,40
emigrato,18
luno,57
ottanta,165
pire,163
notare,247
autorizzo,32
null,10
dcli',46
agre,9
saliere,15
orno,102
saigon,110
lentello,35
ranica,17
cofanetto,800
perseguere,127
comprendare,223
esteti,14
hostess,221
oolitico,758
beglio,126
ribalte,10
egista,67
puerile,327
nesso,124
alaco,137
trattale,97
sommersa,313
alfere,260
bigliero,9
arraffare,148
rimonto,89
ponderato,95
fucecchio,938
nemico,76
spio,7
muovendoso,42
berlinese,36
esigevare,131
magnesio,61
germoglio,188
stazio,38
deprimere,186
rampollo,94
metcalfe,223
simone,1556
tolre,55
imparare,123
eclettico,197
ansietà,111
bertiolo,258
finale,58
candiana,217
colazione,10
ospita,7
nbc,269
scorgevare,502
forio,37
prontamente,80
allegorico,126
galeazzo,2368
riscatto,4
viziare,156
menso,58
prepotentemente,312
hacker,353
confidare,231
trevare,320
provvisorio,7
atena,57
consensuale,52
lit,23
attendente,54
perfida,119
danielare,1405
barile,35
puntuale,36
bine,11
didascalia,238
prasso,64
botteghino,55
trionfalistico,395
marini,452
gotico,154
problematica,329
molotov,61
trippa,171
gregoriana,1202
interruzione,41
didaco,24
ispra,0
joyce,687
sovrapposizione,193
indago,24
tentarere,228
giornato,20
elargito,145
patare,44
arca,15
emozione,101
cecchino,431
squisito,21
proditorio,14
identifico,80
fautore,122
scaglionamento,133
tenetto,760
diretto,11
larghezza,12
victor,624
ambrosini,309
indebitare,112
merck,142
paullo,243
figlia,221
cito,29
rievocazione,101
gerarchico,48
cremeno,23
koblet,509
incanto,112
reumatismo,92
interregionale,110
amica,15
divagazione,438
sirena,83
cislo,133
comprare,122
ovare,192
square,31
ascensore,141
modernizzazione,329
bard,18
risolutore,33
corano,205
bagatto,853
asburgico,7
donnino,1228
dovo,17
ferrante,767
coordinamento,164
micco,232
cerignola,202
paura,144
altrettante,74
fonico,24
ome,95
tellurica,44
madamare,199
cambiario,12
berkshire,325
autocombustione,211
antistante,138
emigra,18
rittana,28
impresare,38
digerente,55
ritegno,132
al',49
penzolano,506
abitacolo,96
sacrificare,52
comunica,46
pii,49
pianura,149
replicano,19
rubricare,21
tortare,585
onmi,25
sabaudo,476
novità,3
imperialistire,200
coopero,19
talario,60
notarile,51
ecchimoso,351
procedurale,56
inzolia,285
tugurio,42
sbarramente,251
brooklyn,450
polisportiva,28
preterintenzionale,129
positivamente,185
durala,17
incagliare,543
biografico,222
spostamento,113
emiliare,285
attiro,8
israelitico,82
apparo,29
canalone,196
acutissimo,89
concludare,104
sezionale,28
dissuadere,419
napoletano,164
cabotare,77
charlton,771
alita,16
istria,4
safario,24
sfortunare,758
osano,154
guidio,342
ancoraggio,597
oppone,34
rosanna,775
speck,34
albero,234
introdotto,47
inviere,44
frank,231
montaggio,146
irrigazione,119
settimo,39
testa,123
dileguare,493
divino,72
malignerò,263
accorgersene,643
viaggianta,34
aniello,1479
obbligazionisto,46
proseguivare,129
microscopico,172
cessa,8
soldare,214
riservare,12
qualifico,44
informa,38
opprese,112
festeggiamente,72
baso,19
levatura,227
watson,1008
vetto,55
dev,0
jack,573
vincolo,16
manodopera,51
barberino,1956
armeno,38
epurazione,282
parziale,14
calce,11
documentano,9
dosolo,276
selene,10
demente,166
applaudere,56
incentro,42
demone,251
flamino,316
mutilazione,35
appartamentino,193
cessazione,50
inoperanto,100
confluire,15
castrista,60
roll,446
cortesia,57
liedholm,440
asta,80
ibrido,33
desolare,177
lente,15
rimasre,138
yak,264
ghezzo,583
atesso,73
libertà,33
raggiunsero,44
impresa,8
mma,165
aristocrazia,138
aggi,8
profago,83
messaggio,52
suzione,267
antifascismo,96
strozzo,10
anticipare,38
omicidi,59
meto,36
segnante,14
riproducente,74
baccano,937
loggia,73
semplicistico,719
rondinella,185
stento,79
giustifica,89
federcalcio,31
marebbe,58
titolato,11
tiraturo,5
lutero,104
magia,101
costretti,19
marsica,101
divore,389
benfatta,440
gaeta,135
biga,55
innato,44
profittatore,84
cucitura,144
nike,278
modificato,68
press,81
costituendo,86
flegreo,31
volare,181
chieso,36
serbo,5
cenzo,57
idra,5
tosso,26
siepe,115
contumacia,112
stigliare,298
rotturare,26
reciprocità,60
ruggine,169
elettorato,48
prezzolare,240
omogeneità,264
rubene,293
colpevolezza,119
deficitario,234
recupero,8
avvalso,21
xxxi,59
grotto,104
telefilm,95
lave,3
bariletto,807
rettorato,19
dandone,20
modestamente,423
circostante,165
evidente,512
squadristico,162
pugilare,184
div,16
spunto,13
mancargli,49
cava,194
addobbare,188
ghibellino,660
conto,4
cent,146
pigna,25
sedizioso,95
pdium,25
esterrefatto,1130
puo,40
virare,654
terrebbe,88
acropolo,164
giordano,118
necessariamente,568
immensare,53
barrare,161
precedute,29
falco,69
mirano,44
congelato,206
intenzionalmente,498
imperdonabile,84
mutua,33
sicilia,69
integrare,165
recuperabile,43
illusorio,272
illegale,147
ascesa,17
chiudere,41
acerra,121
geologia,81
capodanre,17
amana,119
chirurgia,85
nazionalizzazione,190
lungo,30
rollare,418
nightclub,303
trincee,59
brodo,64
teulada,129
busano,468
bene,65
desta,39
calvo,518
esecro,4
tornire,57
attuazione,235
gallina,727
intare,378
elastico,72
impiegabile,127
materiala,25
reggenza,7
impedire,151
carabina,198
ammassato,43
acero,57
montante,96
grand,13
eme,12
telegraph,27
atteggiamente,118
nascoste,85
sottosviluppare,209
manager,125
sanatoriale,46
associazione,41
miele,40
caotico,40
anormale,165
rivendicare,94
velocissimo,512
salo,14
espletamento,121
accantonare,239
sfidare,132
addento,34
radioattività,168
calmiere,35
esiguo,24
mezzadri,93
polidoro,470
casba,194
gag,4
costituirebbero,230
semmai,440
scontrano,80
chinino,91
pesaro,317
disteso,74
becco,689
effettuazione,150
astener,58
adulto,16
scippare,389
ente,71
grumo,30
trapelato,74
xxx,76
tricarico,102
matrice,8
fidano,29
carniare,566
raccapricciante,160
petrolchimica,189
qua',262
fatale,87
punk,18
contento,307
emergenza,16
affinità,114
berlinghiero,512
calibrato,6
rosina,519
modificazione,428
peccato,195
precauzionale,62
antifrancese,158
inoperoso,55
incriminato,203
favoritismo,82
rimasto,95
maggioritaria,148
denunziare,53
arbitrare,76
autobiografia,279
scaduta,18
aggiustare,334
cagliaritano,217
sommergibile,113
autenticamento,254
teleferica,40
macchiare,145
domicilio,17
bile,9
chieto,273
avvoltoio,501
imitare,253
caloroso,101
assicurazione,44
spostato,16
assunre,31
inquinare,59
generosamente,158
riordino,40
salvo,6
colluttazione,384
laverò,65
agari,8
interasse,18
pietro,332
escutere,82
biglione,14
stimolare,238
angloamericano,165
ortonare,749
gaza,47
ladri,100
impareggiabile,340
decantato,44
alarsene,605
alare,742
scarsità,112
abbagliare,287
greppia,27
metare,84
casaro,1041
espressero,109
dubire,175
riscossione,253
emergente,25
cementiere,173
rapinato,274
stamano,73
schieramento,51
reduce,5
lurre,333
discapito,311
atere,83
freschezza,140
trattenevare,270
commissiere,38
cencioso,132
deborare,174
ohe,35
laurare,908
garbo,419
cresta,42
simboleggiare,163
odor,47
giudecca,228
ber,184
fontana,350
casciare,530
stalingrado,32
ginestra,55
rotella,157
cluster,254
modernità,82
carestia,18
prammatica,36
marcone,505
stoffa,254
dacia,5
capitoline,36
ozi,63
nubifragio,108
pergamena,51
volt,3
aberra,26
discarico,16
breve,9
descrivere,104
disegno,5
militere,21
nazisto,76
istante,186
fuggito,419
andatura,82
reagan,115
condor,43
finanziario,74
corpo,7
risparmiare,105
esultante,36
battevare,296
unitarietà,134
latifondo,74
raggiante,15
aprirebbe,130
prono,8
attrazione,15
stipare,172
zen,88
beatrice,198
dipartimente,24
gherardo,1116
man,64
melodico,312
bilomento,34
misurare,89
quaglia,170
divoro,10
dispone,50
originariamente,217
ritrattazione,89
urbano,17
orur,29
governativo,57
fondatamente,487
ampliamento,210
pellegrinaggio,146
agonizzo,199
davanzale,18
lolo,309
direttivo,225
piovere,177
carrareso,342
senna,17
mondiato,10
ascino,174
nord,74
monarchico,93
appore,50
sabir,59
austro,65
sordomuto,35
squalificato,179
gonars,652
incasso,77
settore,87
cuccia,975
peggio,32
indissolubilità,135
sopravanzare,414
mantengere,45
inquinato,97
sforzesco,79
menisco,135
frignaco,946
crociata,54
giovan,69
integrazionista,39
gravemente,26
dicenso,271
calcagno,728
fretto,73
egoistico,272
paperino,1392
alonte,41
amicarello,965
tippie,148
scosso,23
riminio,117
compitare,156
addebite,42
tancrede,440
sempre,234
sfiduciato,37
salvezza,7
ineguale,482
geometria,69
condure,43
teolo,56
eolino,1069
gratuitamente,34
riaccendere,66
radio,27
aiellare,486
bagnole,117
arrestato,178
fuco,58
valgare,220
strenna,40
arluno,157
doping,16
inetta,36
gaiare,321
tessitura,24
lituano,101
atomi,25
lito,27
nine,357
spriana,44
rifiatare,438
cucchiaio,261
indagare,45
deiramministrazione,106
accula,26
capienza,18
riveduta,36
joseph,444
esaminare,80
cuore,9
corte,49
dissidio,51
ripetizione,46
stendere,399
inetto,15
alee,108
sottratta,43
coltello,278
opposto,61
incautamente,405
geologo,25
acetilo,56
armonioso,213
caseario,176
genoano,132
fiasco,64
trovarmo,38
congedare,121
comunale,68
autorere,62
stilla,27
frammentario,187
mostrere,229
espello,20
fattaccio,98
semplicissimo,539
sedizione,66
compilazione,113
prosciugamento,151
bordo,161
quell,54
apparsa,32
golpisto,83
inti,1
vivevano,207
malafronte,7
fides,16
ceffo,212
calzoncino,495
quao,10
torpè,11
sarti,276
neivo,12
cassina,448
porcia,115
filtro,88
alcarare,764
toscare,194
alame,13
comunistere,52
turco,85
frap,11
indietreggiare,362
svantaggio,73
no',369
sopraggiungere,462
consigliabile,15
fondaccio,159
borgare,81
gordonare,613
giovanile,51
urge,5
abisso,19
orgando,20
rossello,380
start,361
rema,38
corsica,111
reps,19
chiglia,728
rapinare,236
salone,41
raddoppiato,40
polente,19
conare,279
cachet,7
preludio,18
macellazione,131
borico,184
infilzare,846
prestine,8
attardo,52
porta,58
sacco,105
riccardo,701
pongere,115
corriero,10
uilm,107
ofenare,712
iell,99
osservare,172
animare,66
inventivo,92
eliso,182
gaber,936
gordiano,151
ferretto,1730
inimitabile,305
battesimo,67
ventro,481
cine,183
quaggiù,265
ordì,11
profume,240
intrusione,122
contrariamente,245
democristiano,176
disoccupato,34
bogo,313
totale,11
stuzzicare,1072
aveve,109
bugiardo,176
albergatore,45
necessita,34
intuibile,245
file,5
unari,6
legittimamente,188
gang,43
cibernetico,359
razziare,69
trovino,15
ritirata,32
monreale,968
prossimità,29
baldanzoso,315
rivisto,14
offrare,53
pozzuolo,171
eroso,21
collettivamente,281
vorrare,100
splendore,269
esa,730
miserevole,61
raspo,5
traiare,691
arredamento,132
circa,25
indignato,87
trentennale,40
crodo,95
recedare,47
autocarro,302
bolo,36
centesimo,50
chaplin,312
squadra,142
affermalo,115
sagrato,79
arlecchino,864
damocle,6
versato,47
pianificare,81
secolario,123
deltare,28
dirette,23
figaro,90
vaiolo,164
scadimento,402
saltatore,40
milano,145
essai,48
vinte,95
usufruere,32
abilità,59
assistere,35
manere,28
sebbene,405
indebire,33
prestabilire,181
spanio,473
stiare,148
reagisce,114
previsione,4
subordinazione,450
libbra,37
benigna,155
univoco,191
angolazione,60
popolar,23
vogare,255
fiandre,105
eccitazione,251
scoraggiare,350
disparità,115
attuano,95
bermio,8
basilico,115
riunitiso,59
succo,36
banalità,181
leinì,58
argine,52
shake,601
menatore,116
prospettere,258
palazzotto,87
efta,23
enormemente,227
part,16
riapre,15
recrudescenza,104
discredire,123
ravvicinamento,250
nosso,35
mazzuola,593
tcs,145
silicato,19
terriero,96
europeista,91
gogò,345
vigliaccheria,189
requisitoria,49
ritagliare,185
pulpito,111
personale,48
viviano,204
osai,14
cintola,295
sapo,5
crociano,23
emblematico,470
orribilmente,280
crotone,326
meli,899
amo,52
moschino,745
affiliato,21
dotato,19
effettui,24
ingerere,106
bitosso,178
scampare,386
amilcare,714
causale,51
sico,113
foggia,399
mortuario,85
erroneo,84
rigo,9
precisare,170
confusione,96
dissociare,107
cordare,104
concepito,309
contadina,53
morris,197
evire,29
csm,103
flotta,54
burocratico,71
fallare,216
incarcerare,170
vivaldo,446
graduale,111
susseguere,53
morre,429
dilazionabile,402
comitale,25
inversione,325
sconcerto,178
barga,36
gareggare,289
anfratto,292
modifico,68
mestiere,68
clark,420
sorvegliare,78
apotema,9
staffetto,134
fiuto,8
decollare,204
impero,102
incanalare,300
ruby,202
propagazione,127
stro,6
scave,52
fedra,209
rielaborare,69
lauregno,740
reunion,79
see,18
noleggiare,63
riprovazione,107
francasso,103
panciotto,1220
aurica,87
perde,15
ritma,8
alarmene,15
lastrico,32
chiosco,464
brazzavilla,740
braccino,50
riferimento,202
organizzale,64
spara,311
riemergere,514
affronto,32
rimarcare,80
climatico,100
nauto,45
matthew,834
computare,90
cantieristico,146
gioi,5
dossier,12
sostennero,87
sopprimere,64
egida,2
affettivo,22
curno,163
leggere,108
ripristino,46
compatriote,131
contese,42
formio,5
litigio,23
essi,133
divario,86
letterina,70
morivo,143
giovano,216
frattanto,51
metal,84
riassure,23
suito,15
lozza,216
insorto,60
pregiato,103
generalizzazione,503
donino,297
comico,299
caduto,78
rider,36
intimidire,152
ioni,21
cottimo,107
valenza,264
fratturare,105
unitano,108
parlamentar,43
volo,94
brandi,14
aiolo,1017
popolare,22
nutrimento,232
accagliai,234
orfanotrofio,179
cosmonave,86
anteporre,111
esplosire,44
apparso,32
oleum,49
nous,546
acrobata,336
empirismo,440
pecora,184
frenata,100
texas,253
rossiniano,103
tabellare,75
passeggera,178
demolizione,101
statunitense,159
miracolosamente,342
sanzionare,144
lcd,29
stipe,18
compendio,105
tamburino,678
valeria,790
disfunzione,100
imbarazzante,256
arridere,327
fiuggio,105
irragionevole,281
invalso,28
amelio,1139
visita,16
teledramma,72
composizione,40
freddamente,216
inascoltare,111
proposire,178
lincei,50
entrambe,234
conservatricere,357
forsennato,245
messicano,287
radiale,71
investitare,85
dentro,79
mallare,595
bandana,39
parila,37
addentellato,83
emigratorio,15
rogno,91
biomo,33
maltempo,66
elettrotecnico,141
fuggirono,360
possedevare,123
colonnelli,107
cattaneo,316
spiovente,125
regolere,33
rage,5
cristallo,432
invitante,47
ricettazione,138
disparare,141
montaione,258
quadrimestre,65
cumulativo,96
rimino,233
affossare,59
euforico,182
faina,22
gaulla,86
assemblare,117
berillo,1020
pomello,887
laureo,55
dispor,16
desio,24
lorenare,1280
erto,32
occorrevare,187
cinquantuno,158
benita,153
valzer,400
partigiane,56
pastorizia,26
luandare,931
cucilo,10
fairphone,107
moria,101
parlante,99
crisma,14
grossolare,333
trentamila,108
personato,26
quadriennio,32
esatte,25
orinai,39
ostaggio,194
digestivo,88
cecità,33
soltanto,636
alisei,65
trincale,30
oscillo,19
significhare,110
professionalità,111
massone,112
golia,65
formate,24
inestimabile,89
saetta,670
los,19
didatticare,183
ovra,0
fotter,88
infrastrutturale,544
arenile,139
eva,2
sommità,5
intrattiene,11
antartico,74
inflitti,40
agnato,62
predisposta,66
guarda,46
pizzale,429
violoncellista,764
svia,4
geometro,42
trentuno,125
calunnia,115
rotte,20
bollettare,49
capogiro,114
omaggio,20
domandere,171
battente,12
fucilare,275
boole,574
delinquenza,74
desiderere,162
pitta,25
allusione,185
metallurgia,155
morsicare,675
rocca,128
latamente,371
partenza,19
centinaio,132
collabora,10
insanguinato,616
ritornello,343
piccone,753
distinto,29
salino,778
spazioso,38
campale,72
dimissionario,62
sedata,25
ventotto,161
ricordare,93
impiego,22
monia,20
abbonatevi,22
grando,40
ammazzare,243
cercalo,51
rechere,45
altoatesino,19
colorire,449
doble,140
vigilato,13
prevedere,62
impudente,373
falegname,63
bignola,450
cosetta,795
argentine,138
masque,399
parare,516
juventino,677
novanta,145
fieristico,44
espiare,255
unificare,36
dichiarato,263
canberra,258
fuso,5
statala,39
anziare,55
guada,13
marzocco,1785
novo,10
tristemente,148
sinistrato,26
posseggono,23
trere,85
costatazione,348
bilanciato,24
appartenere,19
reclamo,9
dimentico,407
meridionalista,60
accorgare,428
eiettore,26
ebbeno,512
estinzione,89
tritone,325
indro,6
unio,1
abbonato,22
prefettura,35
tubare,143
scirocco,399
fratellino,486
manoscritto,156
sondaggio,9
baule,173
prevenzione,96
slittamento,233
cis,39
rovo,63
atina,44
cosciento,61
accedere,51
cristianità,114
distanza,22
votante,38
pigiamare,237
contraddittorio,289
detonatore,266
supplenza,25
week,76
aranza,11
requisito,10
giungevare,175
precarietà,182
collano,107
ciononostante,200
agguare,31
riproducare,112
caratterizza,68
milite,67
prorogo,31
tore,86
impegnalo,13
aalà,37
controllato,109
appezzamento,31
tredicenne,591
piombo,132
ilenia,134
edere,577
cineamatore,100
villaggio,116
console,150
surrogato,9
cadere,182
pierare,429
oliva,80
ribellano,56
vicinia,81
bravare,398
baby,417
prosegui,47
canon,6
mister,231
difensiva,37
spot,27
irraggiungibile,95
sorpreso,37
immagina,94
seto,79
caverna,344
colorazione,175
rinvigorire,188
valmontone,1062
atalantino,435
scansare,511
gioielli,137
comunicare,110
rivale,191
palco,53
rafforzare,75
pagato,137
bramma,13
fibbia,395
gpra,216
belga,141
aci,47
inefficace,100
inaudire,182
osimo,770
etero,4
intimidatorio,112
scuderia,121
impostato,51
mar,89
ingiusto,70
eudoro,93
sottoscritto,18
tacciire,233
iolandare,748
palombare,1028
ave,207
anticipo,20
achillo,65
aneddotico,527
baiocco,859
vaticano,50
sveglio,112
satirico,456
caustico,52
arcata,108
puma,74
egemone,128
scarto,37
comodino,128
emiro,31
daterò,119
picchiotto,720
sulmona,249
pirato,26
cittadello,14
carniere,359
controrivoluzionario,182
cambiamento,154
involto,47
rimarre,33
intenzione,130
bibita,282
quattordici,150
difficilissimo,241
prospettato,292
laterizio,113
lealtà,162
occam,4
areere,120
lobo,18
limitativo,421
artù,103
ciliegia,97
paramente,329
polivalente,59
inutile,139
sadam,18
salda,31
locala,36
inarco,12
spareggio,287
controversia,58
epica,8
gerarchiare,87
lugubro,304
ormeggio,242
impietoso,66
scotch,249
dettagliato,68
ascella,60
impartito,17
decure,2
salvador,40
corista,82
propenso,167
illuministico,261
tubercolotico,110
alzo,2
pontificio,53
trascina,111
campicello,719
gatton,682
indole,33
autenticamente,246
cristian,43
attento,35
antoniare,667
sparato,389
creato,28
ortodossia,69
giusi,71
obi,15
cracovia,85
cantata,231
descrittivo,189
accelero,18
inorridire,461
altura,112
vetro,73
bolgia,69
forenso,10
mazzarrone,475
tant',80
indetto,108
popolarizzare,84
ciampino,143
fiorentine,335
telescuolare,47
partigiana,28
astronauta,70
affievolire,783
preventivato,102
import,12
adorato,44
migliorataco,32
eolo,35
colma,3
tardi,7
orza,4
ostruzionistico,161
cerchio,26
mobilitato,32
assente,35
palesare,196
emozionato,101
copiosamente,251
castro,314
ioide,197
marineria,79
tenta,26
spudorare,247
acle,14
volanto,25
baden,313
giaccare,152
ingualcibile,336
artificiero,163
calandra,617
svobodo,126
marro,431
hampshire,712
vasia,8
ingresso,3
officine,116
telma,50
francescano,1137
air,139
cisterno,277
diceria,56
internazionalista,181
sinora,155
fianco,26
illustro,25
sparta,9
sottufficiale,69
nietto,469
saldare,39
accanì,25
beltà,16
sambenedettese,803
trieste,24
binario,86
governato,13
modello,33
francoforta,80
luglio,39
alluvionale,43
sconsiderato,494
beloyannis,299
interconfederale,148
smilitarizzato,147
facilitare,58
bellicismo,316
rno,64
exilles,924
roberto,1015
vollo,62
capitalo,32
rosario,838
nutrire,40
chetichella,90
pervenere,33
imprecisamente,327
mansione,74
fidio,50
raduno,26
indicato,44
acilo,126
ricadi,19
macabro,124
valsero,103
liere,235
betti,684
castore,200
guadagnar,25
abilito,15
quire,18
interminabile,80
semifinale,252
oscenità,93
evasione,34
amor,137
ripreso,17
nemica,29
rachela,427
massicce,22
primula,238
commilitone,69
volgarmente,184
brecht,159
arrere,175
respintare,37
barcollare,547
combustione,188
tremante,210
giuridicamente,218
pentone,459
forge,393
indefinire,271
combattare,128
cossato,170
inciampare,442
costituì,34
stati,4
dreher,250
suez,106
ondina,13
carovita,10
papa,45
bernalda,41
animosità,329
insomma,427
oricello,1129
istituto,43
cementare,44
dianto,3
intenditore,52
durre,69
lezzo,103
pittoresco,315
cna,822
prof,23
stile,31
proteina,210
macchina,70
riflettore,25
chierre,29
sproporzionato,147
proprietario,65
mella,281
servito,87
stimo,40
filippo,776
aie,291
mantello,30
invertire,148
gigantismo,206
meteorite,109
sciorinare,383
costruttiva,22
ducci,325
tassista,37
impressionato,238
condizionano,351
anellino,576
riferiremo,259
locanda,39
sovrapproduzione,274
salara,32
valigia,152
msa,175
premevare,1081
dialettale,143
turpo,76
sorprendente,338
scagnare,508
quattromila,124
targare,93
sembrare,382
indescrivibile,194
criminoso,123
manetta,486
approvvigionamento,286
domestico,63
riunii,48
iniquità,81
scovare,707
ilor,320
accada,30
sondare,37
re',247
godi,36
nidi,6
vegasre,281
ecatombe,249
fatema,5
ghilarza,362
promesse,10
duce,20
merita,46
frano,129
loti,18
fenico,70
riunire,91
troppo,62
inesistente,92
infiorare,312
scanalare,230
sicare,682
sacrificato,20
gettere,171
ovvi,76
satano,308
subordina,145
collasso,112
dine,9
emme,79
regolatore,39
simonino,431
daliare,39
amikumu,344
qualcosa,148
plauso,46
cricca,76
deu,21
netro,107
cantoniere,340
bocciante,18
scioccare,310
taddeo,781
morare,384
tedio,4
inquietudine,168
scatarro,250
digestione,278
dio,32
rizzare,172
convertibilità,107
arosio,29
deframmento,198
dodicesimo,48
limpido,68
bronchi,15
linneo,26
vitaliare,25
rosso,55
socialdemocrazia,138
ragusa,167
tempestività,57
premio,16
uau,383
ripa,10
equivocare,711
architetto,55
prateria,2
automobile,123
decreto,54
allora,345
dismisura,182
tires,79
disposo,12
salamino,97
tralasciare,358
immagazzinare,252
labbro,222
cettere,913
cittadella,35
boschetto,877
atlante,26
fugare,26
organizzatrice,48
uvo,43
ventoso,86
rinuncino,85
rinato,22
fiscalizzazione,462
separate,10
stagliare,744
turbare,16
aidare,304
congiuntamente,91
grantorto,162
prodotto,214
sicula,12
occupi,16
abduzione,72
dolcè,5
centina,105
realmente,247
michelin,195
balbo,444
indirà,46
straordinario,2
emanare,45
tass,37
sclerosante,86
profeta,89
capifamiglia,146
leggerezza,355
condizionamento,590
tossicità,77
thug,91
consesso,33
discriminanti,223
tomba,76
dcii,36
parrocchiale,129
disinformazione,133
xxvii,89
grossolana,138
maddalena,26
cadente,363
pacfong,238
meccanizzato,102
polverone,214
massimale,213
contudere,293
sconfinamento,196
aritzo,802
gettar,25
parma,296
tipo,21
ubicazione,188
lambente,33
forre,110
ancorché,75
compagino,371
libretto,32
piazzamento,21
contemporaneità,544
invariato,43
fiamma,101
ritorcere,567
business,63
aderii,20
situatone,9
prematrimoniale,33
improprio,117
squassare,254
lanmic,8
recessione,159
duplicato,64
laburismo,38
lavoratolo,138
seminato,30
appropriazione,217
straziato,69
dissidente,106
junior,133
taio,77
presidio,31
lula,3
delio,99
potestà,42
tramutare,250
equo,20
avoco,18
malapena,70
impunita,134
aggregare,21
volge,13
orientato,30
numeroso,37
severino,76
disorientato,255
inattività,30
vedrebbe,94
innescare,294
oso,20
esclusivo,33
cammare,58
buffa,497
bretagna,37
imire,519
tenere,11
diligere,45
esimo,42
fontanella,226
capello,242
terracinare,239
eteo,33
ispettorato,35
sdegnato,151
ahimè,93
granaio,282
massacro,123
torgnon,749
bore,1050
approda,8
accertare,37
crociato,56
acutezza,92
ciiare,80
dicevare,288
combattire,63
affrettato,47
scomparire,62
antiuomo,150
smerciare,79
distintiso,15
contraddicire,278
conservatore,205
foglia,215
lutti,5
autunno,20
cardiaco,115
zenobia,292
analogia,78
materano,92
incarcerazione,139
maggiorato,105
dappertutto,47
sopra,4
venezuelare,166
codesto,83
soddisfatto,41
norina,137
siglare,22
funzionario,46
imbroglione,72
adagi,137
cirilla,857
modernissime,46
nairobi,345
sanitario,61
marinare,35
cigliare,701
bastere,114
trattenuto,46
navigazione,48
classificato,64
ravvicinato,33
cremano,482
emirare,294
democristiare,169
ollo,30
tambure,132
pizio,250
comunitario,179
cleopatra,943
attilio,498
vignone,973
saldatore,23
saltuario,35
collaborazione,56
pervicacemente,268
cercato,14
pochino,132
suno,101
borare,265
trasgressore,109
mezzo,4
progetto,52
trucidare,171
impropriamente,293
rifugiato,92
fratellanza,21
introducere,21
carto,10
inconsueta,171
possibile,226
frequentavare,33
assortimento,135
clitica,84
retribuito,89
siracudere,443
prevalgare,260
concussione,195
alterare,99
kuomindan,363
dardanello,1111
insito,109
criminalità,113
alberai,632
rincorso,137
strehler,1005
protesta,61
ehe,50
ventitré,158
sparata,150
riportavare,78
inesistento,189
velleità,248
disco,27
freneticamente,377
volle,105
miragli,20
indignazione,87
caldei,75
present,33
coalizione,74
scrutinio,21
sorgare,30
cuoco,51
bice,8
spampanato,687
aborto,73
rappresa,9
teresa,438
immano,51
disposta,39
gabrio,181
negai,10
cole,17
pallottolo,236
sprecato,185
istore,3
emigrare,22
militane,34
avversar,145
polemizzo,50
supplizio,87
neroniano,104
lollobrigido,451
serpeggiare,202
apparere,146
credettero,115
laminazione,179
appendice,22
inconfutabile,207
assistito,104
mezzadra,69
ascrizione,38
van,36
pitale,10
verta,6
impiegere,67
mire,66
domaso,850
trimestrale,88
incendiano,201
girotto,305
da',17
suole,52
burocratizzazione,235
cardino,13
camion,226
arcato,95
steferre,122
fetta,10
onde,27
seat,36
scervellato,468
invecchiare,411
tracotante,155
risollevare,101
rumenare,139
varicoso,66
aggiudicare,224
indubbiamente,348
sottostare,315
rex,45
incostituzionalità,136
ottantina,163
dakar,358
distilleria,71
angusta,8
falliscere,52
spogliare,311
prescelto,24
azotato,242
lupara,380
sonorità,24
salomone,250
maciullare,874
radicato,74
tributario,31
tagliato,34
qualora,100
proiettare,25
sovranità,46
meandro,13
apatico,325
cartolina,40
riparatore,21
orchestrale,104
inatteso,72
convincare,285
dilapidare,69
nuda,198
conoscente,103
aire,180
vasca,209
abele,264
gerano,145
apatia,51
progettista,14
lesse,7
vigila,5
presentalo,41
keplero,180
sino,10
incide,17
rau,168
targo,45
beaci,134
raimonda,1649
designazione,74
uncinato,658
severamente,122
improvvisazione,163
frastuono,186
circostanziare,61
erare,309
oore,588
quisling,326
villagare,224
neocolonialisto,242
dissero,112
wehrmacht,41
shetland,476
silvana,1151
municipalismo,46
riconoscenza,102
cappa,14
parlar,81
massima,14
lombardo,100
spiccano,22
impegnatire,43
comparativo,84
gangle,33
colombo,50
assumevare,76
attera,10
professo,53
conferenzare,44
pandemonio,211
astuccio,469
guardina,68
disordinare,145
viziato,75
ulcera,99
meda,9
umoristico,364
disordine,68
lancio,19
navale,44
equivalere,94
domattino,67
proceno,15
vittoriosa,55
brando,89
sciente,53
pallonetto,719
ricercano,23
monza,252
ascare,493
risultere,22
salar,26
stamperia,49
profondità,29
maccartismo,357
fiume,73
imbastire,163
tendaggio,29
laino,532
comparari,27
commessare,106
dominica,26
centrata,27
assise,22
pomo,9
soccorre,31
bonaparte,948
enciclica,24
immessi,6
suffrago,15
alfiero,301
sfogliare,318
fatidico,22
nefario,32
quarantottoo,155
delazione,89
camerino,1048
disinfestazione,38
votarire,54
aziendale,126
ideatore,159
bureau,53
cittadino,12
bloccano,47
rousseau,298
sarta,191
svalutazione,55
allevare,52
ubriacare,403
toglare,121
esercitazione,29
acquatico,387
eia,393
scorrimento,252
stadium,99
affarista,57
nascer,210
barricata,90
leda,182
discredito,38
avvertivare,329
retribuzione,183
rota,7
alar,311
rivendita,44
lendere,234
immobilizzare,152
sofferenza,95
officino,120
alereo,163
bolscevico,56
matassa,6
sollevòre,124
morire,255
binome,33
ale,82
fissi,9
bottiglia,204
georgia,140
scalo,54
dimensiona,70
bardellino,1654
consonanza,108
cher,559
pants,199
alì',11
pupilla,76
cri,3
sale,36
sociologa,95
giura,8
vare,45
tereso,243
inferiore,88
risposta,21
murario,43
poesia,261
piantonare,277
sessanta,179
viaggiare,85
lampedusa,417
slancio,33
armatore,24
marea,192
scorza,84
impreparazione,95
volgere,88
olandese,142
brenna,87
molisano,143
nascondevare,274
avverto,59
dico,63
ragazza,120
avverso,15
sfacelo,17
piazzaforte,65
tosto,70
ma',326
matera,84
stridere,73
sincera,117
cnel,39
sembianza,13
deluso,77
bosso,120
commemorazione,102
colosseo,184
strevare,246
pano,10
uccisere,187
balta,16
gerico,100
torbido,59
parlavo,30
stantia,27
patrocinato,24
abbellì,131
lavo,34
introduttivo,85
imposto,50
conciario,147
neutrone,64
conoscete,99
vivissimo,39
inflessibile,35
nevicato,117
orine,268
esperienza,33
dislocato,66
dinamica,97
divertimento,105
sprovvisto,62
entere,29
trattenure,35
sativo,178
bagnato,682
susanna,28
piamente,101
ripugnanza,371
gervasio,962
controspionaggio,52
innocuo,40
antisocialista,431
bite,23
giornata,36
avvalorare,161
comunemente,317
tecnico,15
capitalisto,192
sconclusionato,40
vagante,179
ampia,3
bersaglio,74
matematicamente,162
ogni,10
comacino,570
vago,41
guarito,89
renate,13
cartuccia,439
diagramma,6
affermato,117
manchere,47
soddisfa,14
ottenere,43
liquidità,111
sabatinare,1365
accomodante,134
corridoio,37
franchismo,140
bevi,94
compere,84
audace,5
letargo,27
vilipendere,146
salivo,356
cornelia,1284
condono,57
necessitano,74
ammodernare,190
parlamentare,55
udiire,127
lenzuola,320
sacrario,82
egizio,81
antidemocratica,319
psicofisico,98
provetto,60
esecra,9
agonizzante,144
posiziona,59
giornate,44
diminuzione,198
studiare,22
afroamericare,125
malincuore,711
nicoletto,1725
robin,1210
orologio,24
adam,375
palettare,212
guadagnato,50
giustiziato,13
macista,694
riferito,57
mattutino,50
attendevano,111
sds,65
vigoria,12
ballare,943
circolarmente,28
rinnovatrice,197
lano,71
bisco,56
arella,841
vapore,160
carente,127
avariare,62
sterzo,12
porso,129
bagaglio,44
intervenuta,31
telefonane,21
europa,30
ermenegildo,1444
carota,45
montanario,687
omano,90
osseo,19
commissione,68
cocente,69
rollo,232
passionale,54
gallino,1410
peno,1
bardatura,16
baseball,492
ardimentoso,89
mergo,7
nostalgico,223
disinteresse,77
erico,105
emporio,126
osservatorio,14
credibile,191
ristagnare,118
bilione,122
venete,72
dock,289
togno,319
paurosio,68
medicino,105
fortificazione,240
immobilità,31
canone,64
conglobato,99
revolverata,448
risolta,70
essare,416
fattispecie,521
pelliccerio,229
mediatrice,21
golden,647
torreggiaco,490
interparlamentare,153
alceo,168
palma,754
ribattezzare,155
coincidere,71
soddisfazione,63
pastiglia,149
discrezionale,58
episcopale,70
disgraziatamente,299
formulario,186
frantume,300
paralizzare,33
iuto,15
ruppo,4
inox,35
incurabile,105
addivenere,188
presagire,104
bmw,254
venire,229
ombrare,633
svoltoso,82
agorà,42
minorenne,149
manciurio,212
vacale,7
transatlantico,43
dilazione,216
psichiatria,82
forzoso,34
decedere,141
empitocelo,316
laotiano,204
corse,46
coltro,59
svolgevare,48
rianimazione,117
vorere,244
prefabbricato,84
perdere,67
riccamente,89
esogene,173
proclamato,8
medito,7
marcherà,92
assoldare,218
placare,151
iniziatore,65
ripulsa,61
cavillo,14
scoraggiamento,255
mentito,13
interprovinciale,211
fgc,51
democratica,93
uniscanore,92
banchino,63
bobby,544
spiccatamente,317
partita,243
robe,422
spargere,202
nessi,2
giacomo,832
statutario,204
ecce,9
portantino,13
intercorre,23
rammodernamento,248
socialproletario,113
unito,10
sami,371
profuso,139
goliardico,12
sdrammatizzare,334
frazionare,143
firmatario,31
torpedone,363
quadrifoglio,69
berkeley,426
vecchietto,91
crociare,29
byron,804
oziale,14
provocarere,174
ferroviere,119
allontanamento,77
oscilla,20
insidia,75
commendatore,295
totalitarismo,286
sodale,25
fauna,15
ritrovamento,88
conchino,451
mortificante,325
catai,62
inviano,67
sperequazione,108
splendere,238
dissesta,99
tordo,273
irrilevanto,175
anelito,75
bitonto,239
alcidere,36
incorporare,43
vicolo,8
intuire,513
anca,11
legislature,21
malcostume,80
tinello,572
brillantemente,191
resistono,32
alice,170
giugno,48
rassegnare,91
attrezzatura,82
esercente,28
polesine,95
rodaggio,191
teresio,443
semaforo,306
montanaro,587
montedinove,118
funger,374
tecnocrazia,348
mascherato,97
decorrenza,86
utico,15
ammonire,47
scoppiare,61
recupera,17
migliora,14
feto,91
confitta,23
dimissionare,59
scibile,78
lince,4
giosuè,255
immaturo,27
personalità,44
pazzesco,48
arvier,572
bernini,707
lita,9
incantare,742
regressione,283
martinello,1643
reare,109
tentorio,24
tenuta,4
elegia,1
intercorrente,28
involucro,85
grippo,19
regione,53
radicalismo,276
appendicite,108
censire,38
pittore,117
basa,8
lomello,292
rigenerare,84
lirico,78
juniore,112
ottimo,98
colino,366
agonizzare,328
circolante,39
apprensione,74
spedizione,10
scontare,60
rode,99
intermediazione,136
saprio,12
tuff,15
ampezzo,180
rimpianto,28
opposre,50
inadatto,100
erte,10
tengano,69
divergere,66
laces,3
industro,49
seguare,78
decadenza,66
antifasciste,94
airola,77
tentano,26
granario,96
scandivare,197
pronunziare,33
scherzoso,433
mario,780
parallelo,30
vestito,204
fure,193
angusto,57
riescare,234
tavolo,13
farigliano,165
pregiudizievole,450
sorridere,297
taglia,34
zebre,146
pomodoro,169
premesta,147
fotografare,60
fiesco,15
storiografico,399
cromatico,123
disperare,204
carpa,88
eccitare,412
minor,14
fatevo,2
incipiente,103
decolonizzazione,223
poro,21
frac,276
regionalizzazione,315
alfredere,138
voile,88
scatola,176
rivera,481
tognazzo,1697
benpensante,230
pedina,17
anonimato,75
mascherina,154
svizzere,44
regno,5
antiquario,41
lari,14
potrete,60
sadale,7
albarello,1418
museo,46
purgatorio,35
matere,27
nerazzurra,501
oscene,66
strappo,106
pcr,8
affollare,39
silenzi,13
serbatoio,243
compleanno,59
lapin,8
costituente,47
ematico,163
danneggiamento,23
ricovero,89
freddezza,5
querciolo,745
asola,256
ordinanza,86
arnica,354
marcaio,62
parente,133
super,4
palasport,159
pericoloso,71
maremma,109
comodamente,248
reggimento,156
telegrafico,28
edmondo,747
pentathlon,527
word,284
commossa,85
terramaro,163
gema,26
angelico,623
baud,958
dinamico,205
incassi,49
niardo,21
acquo,120
sadere,79
approssimazione,281
locere,86
respinte,32
driver,528
spazzare,298
rimore,85
confesso,27
imbottigliare,339
doloso,46
made,315
editare,57
artois,625
passerella,648
tino,57
giudicatrice,18
schiudere,112
prodigo,23
fungere,539
impudenza,340
colpirebbe,90
miniare,146
risaia,95
disfanno,11
numerose,48
utero,1
bernardo,1048
scader,10
tiro,153
conda,28
qualificanti,134
signore,53
allarmo,10
monarchio,75
remunerare,69
discendono,172
acrare,284
domano,71
centomila,82
seziona,17
lenita,16
cisnal,53
canarino,1061
flamenco,115
pericolosa,61
fascino,261
catanzarere,354
amman,131
soffocato,78
ocse,30
mancata,18
frappongere,85
poli,8
ragazzo,75
castiglione,694
scenata,149
mene,282
espressionismo,394
mantovo,388
capacito,54
leonere,310
ifi,29
erotica,54
incomprensione,490
temù,34
piazzo,79
pongare,89
schoenberg,191
labbra,146
gennaro,349
edipo,19
dovrei,183
paragonare,227
mode,21
gradita,14
nardò,233
afferma,133
ributtare,172
eludente,33
bilancia,26
iter,3
dare,68
degnare,261
arnia,98
ritmico,196
lettucci,79
insignificante,274
avvicinamento,138
indenne,17
consiliare,74
segretezza,17
alasso,96
cbs,533
indiano,279
horn,325
razionalmente,367
sparsa,38
caposaldo,25
pollame,185
moina,268
boare,233
espulsione,12
atele,11
mera,8
aderire,35
lungotevere,427
partitura,135
pediluvio,35
uro,35
lettere,140
email,218
isera,20
verbalmente,374
crandola,81
verro,24
avila,338
trentine,29
eccezionale,21
titubanza,115
imitatore,51
matteo,725
goto,281
criticamere,181
boemia,28
vigna,188
esperì,33
tetta,98
montagnine,535
sovvertire,47
antine,17
adattare,70
tetano,246
baluardo,56
lucrare,188
deglutì,439
cibale,301
incapace,64
tiberino,405
aisone,185
esiziale,449
ala,23
apprezzabile,265
ritira,10
equivalente,63
picchiato,217
campagli,33
rilassamento,175
attendire,74
arioso,27
erogato,4
montale,79
assogliere,116
tedesco,65
lesmo,43
panorama,23
nordamericano,205
solamente,385
trova,21
acclamazione,39
arnoldo,887
imperialisto,212
convergenza,133
consigliera,41
comminare,55
pore,130
catalare,516
inquisizione,56
franger,418
alloggiare,101
socialmente,174
inconcludente,58
enzo,293
insegnamento,119
elevatissimo,110
permessare,99
zitella,738
rastrellare,78
vel,59
unciale,30
combattevare,157
mitico,332
sturzo,43
membra,9
cadano,67
indugi,35
avvire,313
nazionalizzare,98
costantina,79
birmania,329
invenduto,162
studentesco,46
incolumo,24
concertato,66
xxxvi,86
indugiare,326
espresso,47
panasso,139
rondinello,267
benemerenza,30
tap,4
involutivo,170
pullover,85
rene,37
tuc,45
svelgere,513
burriere,15
falsificazione,120
inviatagli,93
dovera,43
mas,0
gestire,41
antitrustre,69
alberigo,879
memento,188
ulcere,94
lesso,20
consiliaro,82
settantenne,155
dentifricio,13
amichevole,18
pendente,14
sommare,116
inutilità,30
serrato,21
resta,18
anitare,43
viddalba,397
abitazione,86
input,53
vivero,75
diglio,15
spanna,546
bosch,11
gestazione,16
detrattore,39
frazionistico,181
esaminere,84
badale,66
olivo,77
peritale,43
marijuana,197
fanatico,217
enere,288
destinazione,113
castellaccio,651
iscrizione,22
essano,17
imprecazione,300
esistessero,115
sacerdoto,55
malonno,262
npd,40
meridionale,38
libertino,153
stranamente,580
inscenante,40
tace,26
capitolo,10
traggere,91
identificare,94
irrisolto,57
chicagore,130
cotoniere,111
eccezion,10
prezzo,92
sociologico,260
spionistico,84
bufalino,205
protesi,15
edo,392
bada,41
manfredio,633
allegro,51
attribuire,54
inefficienza,148
tirano,177
sorellino,1170
agibilità,35
microbi,96
quando,192
rassicurante,44
indicibile,82
quaderno,142
attraccare,196
disotto,186
tempestoso,33
lore,258
panetto,141
sciovinisto,255
cianca,321
artegna,271
rovesce,39
zaino,876
strumentale,216
vorre,103
cipresso,33
viareggino,337
falerio,854
bucare,199
scendere,48
uniscere,61
restringere,240
storo,127
soffocata,50
moncare,469
festante,56
cinematografaco,41
cavalcavia,472
bruttura,82
liston,58
bivo,144
eticamente,267
boemio,17
assidere,106
tappezzeria,266
argentario,72
profondi,20
propone,47
formalmente,238
abbacino,44
internazionalismo,265
general,20
teatro,124
periferio,56
invendere,228
ildo,36
vlaeminck,796
area,9
mostro,119
inattendere,224
ritrarre,96
tenutoso,72
lungaggine,26
inferiorità,103
cristallizzazione,734
tifi,6
acciarpo,83
perentoriamente,365
sbalzare,399
teritalre,235
esino,31
italianità,22
discendere,252
beto,20
laion,344
reginaldo,544
insaputo,89
foggiare,404
portare,121
pintor,333
sospiro,17
sferzante,27
codesta,65
valgere,165
salita,115
osio,184
specifico,178
interverere,47
stesa,32
sintesi,88
sembrere,193
predetto,62
acciaierio,216
costituzionalmente,171
istruito,8
nomina,79
altrui,59
ragazzino,296
irie,6
inia,17
invelare,582
dimorare,202
escursione,17
festeggiano,74
mettare,46
forestazione,34
cina,86
belinda,1193
psicoanalisi,265
esasperata,89
fillea,126
ricatto,112
brioso,248
demagogo,159
rispettivo,30
fauno,22
remote,23
assola,24
alatone,21
sbandato,74
duilia,84
mortificare,351
cardiaca,113
maschere,25
successo,28
lavatrice,77
natia,18
paganino,431
ladruncolo,498
impopolarità,195
smilitarizzazione,121
araco,293
telefono,11
melchiorre,2675
lievitare,328
suite,6
presentato,56
elico,22
russell,186
annuncare,88
sovvenzione,81
compita,24
ola,37
emidio,440
inconfondibile,345
logoro,18
equivoco,238
arrestare,202
medico,100
rerum,7
raramente,393
ardaulo,190
ciuccio,1394
agghiacciante,79
riguardo,128
stiento,55
cerchere,91
solvente,158
somma,85
sborso,7
lapo,70
cemento,62
demo,20
lappe,9
dottrinale,256
sfiducia,32
deridente,138
iii,27
addis,60
rassegna,89
affresco,87
convertire,51
invare,40
claudiare,573
logo,16
assunzione,78
rivoluzione,60
dignitosamente,190
asservire,335
inflitte,43
silenzioso,162
relegare,82
politeama,116
carrè,27
paria,61
giuramento,33
irreale,314
costituirescere,467
caricale,24
invi,42
forestiero,19
bonaventura,249
faeto,158
convenientemente,271
populorum,50
legista,27
rampante,50
evitato,33
parabrezza,563
campare,403
condividare,446
ignoranza,130
boy,324
romani,48
antistanto,72
eso,113
trainante,68
abdicare,146
sinché,67
spaccaturo,11
confallo,48
monito,34
cante,100
sadismo,264
bronzo,76
sopracitato,294
caspio,133
rinaldare,138
alcun,48
peter,674
planetario,179
dicevo,163
vegare,351
compire,50
vigore,6
caldera,41
ilota,31
sam,34
ceroso,25
interlocutore,58
curatore,37
pensino,55
felce,129
teletrasmettere,44
ambulante,23
nicoe,160
rincalzo,275
primaverile,16
possibilmente,238
staffetta,135
astare,401
primate,32
formato,12
gravidanza,74
defilare,319
amone,283
siviglia,256
binomiale,63
eventuale,62
slovacchia,61
calvario,286
apparentamento,159
marcel,557
abel,458
integrale,17
ostacolare,76
ricusazione,156
rienzo,4
congratulazione,121
levòre,515
viceré,67
insostituibile,229
licare,134
complessivo,69
bassezza,107
ortense,216
animale,136
arre,66
batta,54
tentavare,158
banjul,133
prendersela,285
fantasma,86
gay,82
memo,10
seguilo,22
vari,5
zittiva,26
numano,20
affluari,54
turato,12
ammenda,19
bussolo,731
velluto,334
vania,5
patrioti,190
barare,611
vediamo,22
mangia,96
coazione,265
menar,25
posare,393
malvivento,377
pendere,101
modestissimo,145
irregolarità,30
giacente,35
gismore,190
cimitero,94
credeto,110
smontare,123
msire,99
fuoribordo,179
blackout,68
nubile,17
bandiera,38
argomentato,82
istallare,110
adunanza,32
dilla,267
litigare,92
fip,168
fodro,115
informare,98
intervento,19
bersagliere,192
allento,29
ricordae,95
scrivente,59
rese,4
famigliola,87
pescarese,260
maggiorenne,46
rettifica,21
fascistere,176
valenzio,682
terze,110
cristina,288
agna,17
appoggiare,120
sconvolta,120
volevare,771
assessore,46
rumo,107
paco,22
concessione,108
idioto,375
grottere,32
sformare,396
siciliana,85
imprevidenza,40
opinabile,163
avaria,25
bancare,33
bergamoo,534
relazionare,75
vampiro,372
aerostatico,44
nitritolo,44
assegnato,36
soddì,9
coltre,35
berre,105
ines,368
guglia,1243
borneo,157
restrittivo,182
riqualificazione,288
afi,31
lisciare,504
lipomo,293
mandolino,808
collinas,329
assolto,77
luson,518
egoismo,188
serafino,1675
scrivania,153
rivendi,26
londra,255
love,181
esperimenta,67
propulsivo,118
gregario,118
isole,10
avventura,40
beccaccino,226
reno,91
baldaccio,1409
spione,5
conservazione,159
combinare,270
incontrollare,91
panorame,3
determinere,372
alaso,1272
uefa,174
ciancio,56
quaranta,170
kingston,748
fiorai,65
esaurisce,176
coesione,73
casine,645
smuovere,221
spoglio,12
zuppa,57
senso,6
teseo,62
oziare,91
gerarca,23
trascrizione,52
accezione,81
jerevan,47
mercanteggiamente,78
impalcatura,314
basta,14
tornare,73
aeronautica,40
intolleranza,343
casablanca,379
entrare,34
minh,67
convocalo,39
accrescere,123
eroismo,76
tutore,41
finito,81
asinello,1383
duecento,158
schedato,16
partir,30
sinistrare,22
cnn,489
quindicina,135
baccio,928
lottavare,138
schizzare,802
settecentomila,119
borsellino,597
aradeo,326
incrinatura,120
piacenza,332
sequela,14
assetto,115
ostruire,60
tenterà,12
clausola,39
sin,15
alife,108
ricale,25
trevi,349
radiocronista,78
metere,112
ventunesimo,90
arale,81
insonnia,255
esotico,381
capitol,11
difronte,35
sfaldare,82
pettinato,254
malformazione,280
pungente,316
infausta,110
indipendentisto,118
ipocrisia,317
neonazista,53
subbuglio,205
rapporta,79
franto,132
tocchere,11
ventunenne,907
magnifico,102
cario,90
automobilismo,40
reiterato,156
umore,72
stratagemma,227
prediligere,153
rateale,48
pelò,96
abatino,1663
esterre,128
armenio,31
centromeridionale,96
adoratore,122
corbo,263
carezza,129
cincia,97
mentare,287
oli,16
basamento,282
nostrano,69
benzinao,31
instaurare,53
levriero,15
vilmente,241
rovinoso,95
epos,1
autovettura,128
deletero,210
difetto,83
verificatosi,58
sudtirolese,56
vassallo,231
contingente,32
mdi,65
bionda,460
alienazione,415
sormontare,107
attendevare,212
partecipò,19
prezioso,17
parlalo,142
pubblicistica,125
spopolamento,226
america,84
impaurire,797
levriere,18
manchare,130
richarlison,822
gaudio,41
mercato,56
oil,21
emozionale,32
biscaglia,81
amento,157
astuzia,120
oscillazione,138
compaesano,50
inclinare,125
centauro,347
trent,37
lare,246
localizzazione,428
sobillatore,275
scie,21
splendido,95
centocinquanta,167
faretto,1253
monsare,74
convivere,16
seravezza,462
riassume,32
centrale,34
chris,300
logicio,172
ciio,36
politeamare,274
pollaio,144
es',289
baro,156
ripugnare,348
cavia,57
sollecitazione,153
geli,65
desiderano,78
realizzo,10
cerreto,543
recluso,47
sete,7
aguzzare,117
certo,974
cottimi,78
repressi,60
incompatibile,193
ossatura,144
cheope,956
downing,478
socratico,148
consulente,48
diramazione,28
sporgere,76
maggiormente,203
sorvegliante,69
puntavare,183
barbiero,119
presentatore,40
melodrammatico,305
inoperante,106
detta,15
accreditare,31
analista,73
voarr,46
identificabile,80
elimino,11
antefatto,301
daccare,214
riterre,106
manio,25
homo,119
arbitra,30
interprete,46
misero,48
amputato,46
contraereo,223
strada,68
econoe,20
melzo,631
potrare,160
rubare,120
idrocela,64
orlo,17
falcinelli,155
uzzo,723
tisico,36
adepto,108
voragine,283
prevista,35
rocchella,761
cavallerizza,113
american,213
adalberto,1380
immaturità,9
scopritore,88
retrocessione,182
superere,60
addivenire,236
umiltà,88
riduce,65
prescritta,32
urgere,14
strategicamente,254
tesa,6
accettare,229
cifra,6
appesantire,135
semidistrutto,284
pontone,431
intele,27
rana,97
vitalia,19
tende,25
innamorare,647
tradì,18
unica,15
kkk,676
manre,40
dodicenne,674
vivace,30
riconferma,60
trar,25
radicare,179
rossore,400
ramoso,133
panaglio,116
splendente,156
racine,35
tendente,172
gradinata,66
caffè,50
necropoli,85
carbona,94
vuotare,325
staso,26
morsa,12
afo,12
micee,153
giovinezza,258
nevicata,86
tavola,10
nicolare,1156
bico,174
medire,93
visone,333
vedersela,510
avanti,17
perplessità,73
strano,300
leggetere,54
francare,700
identificazione,96
slovacco,70
suono,24
inclusione,35
carrù,21
golare,155
sugo,91
filofascista,205
esplorare,73
documentazione,85
accludere,100
burocratica,41
raccogliere,29
podere,138
spariscono,131
aronare,283
paro,18
eterogeneo,71
rimosso,108
pietà,23
apecchio,240
subere,186
arri,28
palla,257
uoso,45
riparo,21
cadde,104
montalbano,978
fenare,495
miglioramento,100
tappezzare,242
dubino,15
gilberta,979
menzogna,150
corinto,570
fittizio,27
esistenziale,415
ara,118
geografia,28
martina,291
netturbino,119
focale,10
giacomino,1241
riabilitazione,42
casseforte,189
retta,3
intere,34
peseta,14
estensore,9
iscritta,14
agguerrire,87
amsterdam,168
candelora,390
insinuazione,283
laurea,39
voltafaccia,103
loiano,1845
avanzare,50
gorle,93
ricredere,100
lasciare,48
pensionabile,109
gaiamente,472
tarquinio,375
emulare,23
rovescere,154
evangelista,229
paternalismo,265
oratorio,14
meravigliare,373
prevenere,43
eiettare,223
favorito,282
sviluppano,68
spiegazione,107
doues,32
travolgere,270
nit,36
filtea,133
energicamente,124
soppresso,25
antioco,65
die,4
stil,6
rial,8
rapidere,36
scontro,15
domenica,64
dirce,94
capanne,25
insediamento,45
california,159
venerazione,124
riconsiderazione,523
vistola,76
grillo,721
deplorevole,132
alfano,994
limitata,57
sensibilmente,115
andrei,342
deprimente,156
kosovo,102
molettere,203
spoletino,61
morboso,160
samare,177
beone,1169
impuro,29
strare,157
sinonimo,21
ricostruere,13
attenda,18
veterano,31
ponere,129
ammirato,61
istantaneo,25
lorenza,319
brosso,183
effettuavare,106
pervadere,256
encomiabile,181
ercole,547
donnas,88
jeans,482
incombente,65
triesto,96
snervante,40
artemio,19
pienza,14
agonia,22
turnar,524
scesi,20
squarcino,585
crespare,86
cedro,269
tredicesimo,42
ottawao,271
inter,248
insopportabile,111
inveire,158
rappresentazione,227
canoa,479
bisente,70
oltreché,240
ingenuo,344
fune,8
albore,305
madama,63
ignorare,262
violatore,13
canovaccio,613
consistente,275
amenziale,59
bibliografico,145
insensato,237
unitariamente,169
assommano,102
degenza,36
miliardo,88
medere,582
gordona,407
abbozzo,29
demolire,60
guardaroba,283
inventore,210
abietto,5
decorosa,16
secolare,154
arato,173
favole,19
aneddoto,332
inutilizzato,144
cee',93
ripresentare,119
antibiotico,180
queio,36
interscambio,66
catullo,576
abbarbicare,450
sindiare,93
rincarare,42
scorporo,48
interrogatorio,106
castrare,482
gorilla,210
ansare,330
imitano,8
granché,194
frequente,14
talpa,334
vigneto,52
patteggiamento,111
superare,27
cermes,253
tirreno,262
letterare,251
sacerdote,111
senile,21
salvagente,23
sapere,529
faglio,117
pollice,20
contenuti,61
inflazione,117
sporre,57
dumping,49
urtare,166
dragone,753
monaldo,510
solitudine,301
assungere,123
germana,77
parassitare,150
iugoslare,123
aconzio,738
ritenevare,133
sniare,112
antagonistico,292
badalone,1015
stanziato,40
disastrosa,50
troll,9
pepsi,1018
vicariato,32
centrare,84
centravante,543
enfasi,71
fucina,55
giardinetta,316
raggerò,5
confae,59
formulere,210
motivazione,101
perpetrare,123
cumulare,26
desume,51
antiquaro,18
carretto,243
oneroso,45
sortito,73
obelisco,95
trombadore,500
carradore,1019
vario,39
ivano,634
dibattimentale,25
chiacchierare,457
istriano,3
patinare,299
spigrilo,207
onorificenza,31
orfano,53
ratre,17
bidente,75
botte,20
costiera,95
acqueae,364
risma,58
datato,39
logica,101
pomere,74
faleceo,266
protestanto,68
persuasore,168
fips,84
contare,122
affo,158
vestimente,11
decadente,94
enciclico,21
oltretutto,361
strega,18
eliminazione,118
dimesso,24
naviglio,94
sofisticazione,149
mungere,341
genetico,309
arciere,514
rigurgire,119
viluppio,33
sover,86
professionale,101
sedicenere,514
violato,16
demarcazione,56
adere,35
particolo,57
compreso,29
spassoso,277
condare,337
storico,155
genovare,331
sette,126
toscano,133
casina,643
berzo,109
fln,78
specializzazione,257
dumenza,10
traversina,94
agnello,22
anticlericalismo,513
musa,304
amarte,265
anzio,114
totalità,11
oria,55
libertario,59
fazio,2
verismo,258
magnano,386
sedia,31
seveso,145
macinare,639
trasmesso,21
acceso,10
spingere,207
ognuna,11
tolosa,15
tere,360
mezza,16
sorpresa,33
arder,372
debbono,61
artefice,8
pienezza,101
massimo,4
esplicito,122
match,183
tormentoso,122
alghero,184
avance,16
brunata,64
otro,41
obitorio,70
prolunghare,63
realizzatore,42
quarantasei,155
ferreo,15
folco,303
statuetta,315
acta,260
istintivo,37
teddy,273
fida,11
letterale,81
violetto,729
vaio,34
trombare,21
fedele,14
trattorista,82
frenetico,104
arabo,126
gotto,547
danza,177
squillo,17
cinghia,108
manipolazione,201
conversazione,41
pilare,114
ultimamente,152
igina,8
avente,73
intreccio,84
linda,416
taggia,17
gilio,20
vagile,60
passata,33
radiografico,117
incompetenza,62
doroteare,159
placido,49
martirio,123
abitualmente,189
fuga,45
meritatamente,229
indisponibile,20
gpa,112
nor,62
riprodurre,69
franoso,148
sassata,92
distare,102
dimostrino,44
ginocchio,245
terrà,65
cetare,763
mindszenty,108
interista,59
estorsione,149
ammissibile,334
cotte,10
antonello,1565
commestibile,139
mortara,89
sconosciuto,276
lingotto,87
cirro,358
rientrere,43
time,48
gassato,108
deposre,27
oliveto,140
istallano,34
esperio,12
compensazione,233
mirandare,516
largo,16
derivazione,190
surbo,11
altoatesina,16
intonazione,172
casso,16
condur,26
mirto,174
restauratore,26
cornello,1169
cemente,13
straripare,268
acciuffare,656
branca,26
brianzolo,789
citata,38
marmo,99
accaduto,24
nervosismo,95
accanito,89
proiezione,37
marciapiede,514
farare,217
rieletto,47
persuadere,365
affetto,68
audaco,6
ortolano,772
lierna,152
inopportuno,177
lesta,114
maschile,49
esortare,205
perfezionato,60
aziere,22
concordemente,197
obbligo,16
inano,205
sabinare,138
cervato,51
fascio,26
equilibro,133
acconsente,124
riprendiamo,7
selciato,486
tebaldi,1293
reggiana,375
portico,131
antere,40
menta,68
fondamene,26
guizzo,600
traforo,97
trapasso,10
ricolto,21
passeggiata,82
asile,31
guardiano,389
superamento,181
pencolo,37
financo,20
incarnare,127
fantascienza,340
amplificazione,354
chinagli,505
strapazzo,139
sensibile,65
irresponsabile,160
andrea,577
incoraggiante,238
vigile,37
scalzo,271
dimenticanza,635
richiedevare,133
minierare,71
vecchietta,53
celerità,12
bravissimo,84
oece,78
militarmente,135
bignardo,1032
ardine,13
mancia,21
acerba,163
sessualità,53
cerchiato,148
incombere,29
compagnare,235
entravare,217
terrere,114
comandi,72
becere,375
tivolo,233
brusca,16
punizione,30
dovetto,74
ebrea,26
manifestamente,76
psicanalisi,191
limitare,242
cerchia,11
mucco,465
abbastanza,154
perugia,373
arroccare,86
standard,2
dittaturo,121
apolitico,135
dimostrato,40
sollevare,32
tramonto,282
livio,355
licata,8
kermesse,32
lottatore,40
trionfo,53
bastassero,413
formia,19
mugnai,104
lii,134
patrimoniale,43
toccare,63
bondeno,3
escludore,159
ancor,51
aleppo,81
cotta,28
distintamente,199
esultanza,15
taxi,110
abulia,287
vercello,370
imponga,51
dick,333
crimea,22
ibis,10
ruvo,201
fornire,26
intorbidare,447
negoziazione,158
sceso,26
presuppongere,362
ostia,117
incastro,219
sterro,23
presiedare,85
rigetto,55
ubbidire,241
perequazione,138
tiepido,82
portoghese,110
razionalizzare,303
apologetico,300
bibliografia,148
balsamo,447
fonde,11
ambiare,98
discusso,48
struggente,93
venturoso,234
conduciare,132
desunto,85
imbattere,365
torrazzo,1008
laro,3
puntere,84
scissionista,102
confrontare,193
arietto,573
indicatore,21
montavare,179
statutare,125
esagerazione,493
defletto,61
nient,9
nocivo,64
pugnale,106
entusiasmo,62
euro,6
riservatezza,92
eroico,76
provveditore,43
ampliato,12
abbassato,22
chat,75
foppolo,1541
seder,10
pellico,34
stanotto,92
autodromo,58
rilevabile,126
successivo,86
costare,42
arredare,89
capivare,871
inserito,111
ferragosto,43
luparo,639
foce,22
brevettare,75
parvenza,141
controllabile,209
baluffo,263
diaframma,176
maglietta,128
catastrofe,62
aspirazione,87
creare,67
sandrino,802
imam,45
rebus,66
cannes,385
sfile,6
provvidenza,67
incolume,16
ripiegare,201
respiro,7
costeo,69
isola,32
nono,43
propor,29
mosca,120
meriterebbero,179
quartier,17
dorante,173
gramsci,25
ritrovato,50
scrutine,13
campeggio,56
ciro,183
vichy,524
esposizione,41
deportare,108
restituire,56
caracallo,303
pota,18
mons,60
cagno,40
distribuire,34
proponente,98
leano,54
sala,28
mato,42
alana,188
vibrazione,69
giardino,145
annullare,30
voluta,30
pioe,73
pericolosamente,329
confere,7
inconveniente,119
tingere,80
tacere,273
aere,24
vendicatore,17
dc',60
sopravvenere,151
rovistare,341
interessavare,212
avendone,26
alfred,63
ammoniscere,238
citrine,134
personalmente,120
insaccare,545
marsiglia,173
seggiola,42
tradere,241
costreggere,144
autonomisto,119
taviano,225
catasto,33
propare,73
ipocrite,231
butta,29
entourage,44
acetoso,86
principe,36
collier,102
lumo,4
fulmineo,140
zone,41
cartellino,138
quieta,18
boscaiolo,716
mostra,83
pagella,18
meditare,369
contrattualmente,155
geo,13
anzitempo,164
prospero,10
faziosità,103
cacciare,108
telefunken,45
sapore,61
prosindaco,106
dissidenza,63
orbino,17
quattordicesimo,100
prigionia,67
scioperanto,132
primare,25
istrio,3
foggiano,388
parigina,55
bertabello,247
autostrada,66
snellire,63
eccedente,96
elettromagnetico,146
federmezzadri,119
abilita,12
premeditare,287
mammario,154
insopprimibile,336
dica,7
via,32
neonazisti,41
proverbio,215
plasmo,84
rodiatoci,123
muriatico,131
sistemazione,48
discuttere,133
pastificio,53
biezione,19
perdono,28
desirée,87
strauss,125
esigilo,36
presentala,37
godo,5
neofascismo,162
pregandolo,50
ossuta,274
guerrigliare,174
malizioso,141
cagartene,137
spaccato,74
mandarono,108
distribuzione,93
nozza,48
australiano,171
succhio,188
apergere,55
brigo,501
sigillare,72
trasformista,156
dispensabile,230
fonte,12
esistire,126
sulcis,89
sfollato,121
costosissimo,483
riferendoso,59
darwin,612
grandinata,147
afflitto,82
giurio,21
maggi,7
rivolgare,96
centralizzato,279
esprimare,57
silo,69
capanna,164
bisognoso,92
subi,20
soddisfacere,62
utilizzabile,101
tecnica,59
ademaro,12
striscio,55
approfondere,90
bertuccia,700
cinise,8
nordcoreano,220
cocco,386
ritornato,46
quadrio,10
angioino,1193
madrileno,55
rappresentativo,95
accorrere,285
tranquillo,20
tormentare,371
folcloristico,117
paramilitario,101
forobe,11
suggestivo,181
fenditura,186
telefonista,15
bozzo,391
stracolmo,456
avallare,316
ccc,40
addentrare,189
inspiegabile,109
camilla,406
smorzare,394
indichare,108
nicol,1059
accalorare,153
definire,107
gilda,1373
bertino,459
trasferire,23
scherzo,222
penicillina,101
migliore,26
slovenia,36
intraprendenza,35
incardine,10
effettuerare,113
crociera,70
militarismo,177
pilotare,119
preconcetta,343
cerino,267
rilasciare,17
sciare,359
promosso,65
pese,9
medea,433
carcare,103
decollo,96
corrispondevare,108
cordovare,430
rare,403
circola,7
livido,6
artistico,110
amentare,314
scopergere,233
gigantesco,70
investere,87
brevità,19
orazio,232
vivissima,37
fiammata,212
giochare,215
ceno,86
monsiu,77
disagiare,116
arancio,116
riportato,26
sopravalutare,489
tuile,119
vicenda,27
segretarlo,81
orrio,66
rosà,523
elabore,28
compone,20
padronare,72
diritto,53
accasa,23
aleandro,452
telefoto,14
paganto,40
estrarre,68
esperanto,59
delon,312
monetare,27
invidiabile,185
dramma,37
innovare,27
sfarzo,60
corra,6
rivolta,54
fantasticare,194
rubinetto,208
millimetro,48
affiggere,39
dune,49
decretane,26
convocato,29
emi,13
mouse,298
suddiviso,20
bimotore,193
affermativamente,427
floriano,1314
editorio,47
fregare,454
corpicino,1191
dicevamo,82
beata,270
ossequio,52
gianni,817
lentino,110
acconsentire,359
brigantesco,108
separare,32
precisato,58
rossonero,518
diurna,55
altere,16
diciottomila,152
srie,70
taluna,146
frapposto,30
apra,17
arenante,33
veridicità,129
spontaneamente,59
risultare,86
belva,203
mormora,232
gravida,43
volgarità,203
imprecisato,54
tamo,432
affermativo,254
cosco,3
giorgio,291
scenografico,237
pomeriggio,77
impreso,22
politicizzazione,832
siemens,70
furio,70
laicità,184
smentite,67
deplorare,137
sfilano,58
semi,10
iniziazione,256
sorpasso,121
eventualmente,225
colonizzazione,248
convincento,174
collegiale,32
secondino,111
patrocinare,29
direttone,49
ostinato,76
restrizione,256
addotto,77
prospettare,311
zampa,215
aeratore,64
alcool,160
trattata,47
boemo,84
attraente,55
veritiero,128
liegi,40
bartolino,902
sandrare,795
sabotare,35
marcella,811
lampadario,288
board,372
fidal,24
nervoso,75
soccorso,34
barchetta,250
arsenico,80
gottolengo,1140
massaie,14
the,213
percore,20
polveriera,598
quirinale,21
spezzino,115
viro,47
capitolato,38
zeme,14
bocciatura,28
protocollare,42
ima,186
dilungare,132
vittorina,420
panare,311
impregnare,226
ictus,1198
modernismo,167
andano,16
kai,165
proclamare,46
imposero,59
darci,167
vantare,101
costantino,656
tommasina,1231
brillare,309
guerriero,50
fortificato,88
localizzato,67
siderno,42
reticente,346
sudditanza,383
millennio,44
riorganizzazione,375
pecuniario,87
macchinista,83
insilare,106
verosimilmente,359
indice,39
robrire,1308
pericolanto,87
vivere,58
bruneo,773
del',47
obera,10
ribadere,166
bubbone,10
oppressa,106
aggirano,41
capitolare,75
rimediare,104
fetazione,22
bah,110
emiciclo,39
disagio,33
esulare,284
pakistare,236
alzano,329
peculiare,275
ustione,193
tetro,124
compilare,78
concluso,26
augustus,692
annunziata,26
dora,353
correre,71
ripostiglio,217
complessità,160
insista,22
diranno,63
riscattare,71
percentuale,46
debolmente,230
ematoma,85
coppe,244
incentivare,354
superflui,245
tocco,65
giuria,13
neutro,7
savoiare,662
rinunce,73
vido,167
catasta,85
armanda,8
soddisfo,14
direvere,119
subito,62
coraggio,122
carraresi,509
bravura,306
tette,32
sopravvento,155
alleggerimento,214
pollare,501
parco,35
grafia,88
diciannovenne,402
appiare,106
panifico,72
ortonovo,130
dacca,101
dittatura,101
alleve,9
carsolo,1666
bagnare,414
alieno,27
reatino,38
epistolare,157
casermo,102
attrezzato,55
cobalto,75
interpellanto,45
aerazione,132
ginevrino,61
acritico,278
sego,24
estendere,66
rivendica,42
titano,117
falcinello,64
germano,47
completere,25
cruento,57
cene,173
visionare,10
salesiano,81
réclame,143
dichiaro,26
defilippis,494
potito,84
atleticamente,139
urbanisto,18
doverosamente,446
irriguo,41
guerrigliero,242
sperato,103
lentiai,14
bimestre,33
finmare,62
battimano,18
lungro,13
povoletto,535
stamana,60
dealà,22
cleveland,723
mittente,15
sandale,8
antiaerei,139
sprint,177
statistica,15
degenerare,122
risolo,37
vergognare,149
narrato,328
arretrare,15
doppiezza,103
taiga,69
badile,486
apnee,44
avanguardio,53
venerio,15
constatere,96
vaccinare,25
comprenda,56
caard,15
ippico,19
partii,39
esplico,51
tenure,65
emiedrico,590
vallone,331
anna,52
orero,69
golda,115
scompaia,48
orecchiare,568
tempro,49
ravenno,371
articola,18
tonina,162
sganciare,65
sostanzioso,94
soggiacere,57
novolo,81
online,14
sferza,14
annunciare,43
brare,627
pantheon,540
definendola,161
calamai,575
galoppare,295
spider,66
incogliere,199
bela,400
indizione,159
lingua,5
insofferente,297
amerio,140
dicci,110
benfatto,484
asilo,6
stradale,60
evacuazione,84
fisicamente,108
intossicato,142
desolazione,212
pessima,12
ortaggio,264
cambogiano,246
duina,62
acea,31
desiderio,58
intervistatore,127
odone,127
acutamente,180
ialinoso,66
invenzione,93
raffaello,920
sistemare,141
atroci,102
agì,170
provoco,40
spinello,820
marionetta,470
casere,46
leffa,16
assembleo,88
madison,357
adelgardo,364
accanto,23
idare,609
daccapo,7
regredire,57
gianno,1122
svoltesi,56
minio,2
giustificazione,263
sedicenne,593
bbc,117
scaffale,308
saccarifera,162
cosma,87
ferrar,223
domiciliare,32
ult,2
becchetto,221
alloro,33
larga,16
rutto,61
spettere,108
pan,4
circoscrizionale,52
riprovare,167
siriano,194
spiegato,16
categoricamente,239
costituari,38
compiutamente,360
felicissimo,114
meridionalismo,171
ancella,9
asserere,804
immesso,34
drop,11
invasione,154
motociclista,108
mere,291
welles,656
timone,102
ardea,59
scenografia,333
caratterizzano,68
torta,50
indichere,112
godiata,32
situato,7
affossamento,181
antropologia,165
bassano,155
sollevazione,71
cut,8
fnl,94
tiepolo,296
escussione,60
oscura,23
facto,40
coppio,68
riflesso,172
salamandre,304
armale,20
assembleeo,63
spiazzare,360
pompaggio,152
inquietante,89
quote,6
gionata,44
mensilmente,79
reclamare,48
faccetto,12
attrire,91
binar,11
secco,6
maso,1042
abbico,10
prestigio,15
casanova,1129
segua,10
anone,11
sospese,26
demetra,42
termo,29
simeone,803
donorire,286
fido,16
boeing,480
contessa,440
rivedre,37
godiate,46
anelaio,139
vaso,115
guyana,653
de',77
amnistia,16
nanno,64
moralità,204
consumatore,115
arezzo,371
corretta,40
ambrare,743
specialistico,140
lipsia,24
garibaldine,73
risuonare,84
dedizione,81
demografico,71
tao,51
apprendimento,70
affollano,26
ultimazione,209
riproponere,145
multilaterale,93
debire,54
lenone,89
brillantina,27
sbarrare,173
palermo,253
succeduta,33
fabbricazione,182
gladiatore,948
capitalizzazione,515
privo,14
unanime,35
sloggiare,220
ministro,51
raffreddamento,228
delegato,20
salume,60
aceto,52
isolai,15
genio,7
rtl,231
riassuntivo,46
sfigurare,330
biologi,96
sindacalista,71
dulia,20
abrogativo,21
temere,244
misso,33
solerte,56
gagliardo,447
scienza,108
conquistatore,32
areno,135
deputata,45
befano,36
itri,23
erm,128
nra,280
risi,2
hallo,668
garante,43
cascinale,206
caloria,9
chivasso,200
entusiasmante,131
shell,80
soprano,607
malèe,463
pugni,153
dietro,26
uvi,28
imperfetto,75
frenare,148
distretto,21
risposa,12
urssre,52
rango,1
vibo,15
matero,248
ripresentere,105
ringraziamente,141
sarte,367
monetaria,20
inossidabile,355
gibuto,2
sollecitamente,253
chions,962
campò,16
diffondere,21
malintese,283
dirigire,28
riluttanza,209
raffaella,915
soccombere,124
asfalto,415
orientare,160
imbattuto,461
concordare,238
stefare,578
concione,81
limitere,112
austriaco,81
esaurire,18
impenetrabile,215
abnormo,32
carletto,1627
ammanco,61
ulire,383
rivoltegli,35
agnone,357
margina,28
municipalizzare,110
evasi,25
sebastiare,686
castelgandolfo,402
suscettibile,94
preparino,18
medicina,101
gestante,49
delfico,61
dasio,222
augusta,317
mosse,8
milenare,494
foca,17
obiezione,43
batista,188
bacale,43
tagliaferro,408
sostituendolo,12
acciano,54
protesto,30
convochare,133
basolo,794
saltuariamente,224
tentalo,27
toccante,49
psico,36
burrino,418
somale,81
rivesto,23
scenico,228
subaltere,82
inca,9
biglio,6
admeto,121
quarantadue,174
perdo,21
alfabetico,20
perco,8
apprezzere,97
sciame,10
futuro,16
trasformare,103
laterina,10
ragas,64
marcai,21
xxxv,67
riferii,38
prepotenza,152
dcl',76
marine,81
eritreare,209
patron,23
estero,33
consolidamento,207
repressive,45
partecipare,48
rimanere,44
destinare,49
preambolo,41
prestere,92
ritrovere,49
cominciare,92
rossano,441
gentilmente,192
lucente,276
accessorio,71
tento,32
aukland,629
sfugga,27
esprimer,45
cancro,121
trovata,25
approfittare,16
ottimista,16
operistico,101
provvedere,62
rispostare,40
guant,57
fruttare,130
albrire,760
provocato,155
inaugura,56
enna,255
eppoi,6
celiano,57
stipulo,41
canaro,130
selvaggio,42
tibet,6
grafo,6
idealista,318
nazionale,32
angiò,172
sviscerare,568
mirante,105
professa,37
muovare,32
agare,306
dirigre,31
categoriare,104
modico,3
umido,126
campagnola,24
sodalizio,25
alt,269
detrarre,110
imprendibile,75
irrigidimento,163
sfacciatamente,400
maretta,1066
xxviii,75
sit,78
affacciare,237
demagogico,213
cinematografa,40
quartiere,43
incastrare,519
rispore,33
duale,112
gravame,66
inseguimento,25
agiato,23
pouf,41
radicalizzare,378
adiro,174
fifa,58
oriure,275
squale,64
briciole,41
incontrollato,75
calotta,144
spira,13
bema,25
comunisme,54
conflagrazione,74
terracina,183
murge,109
inietto,172
ventilato,49
gareggiare,606
novara,394
lelia,159
monterosso,736
scampato,152
socialista,85
tortolì,1067
alluvionate,29
uganda,261
congiungere,32
discontinuo,144
ronzio,302
assolre,48
servere,72
olgiato,31
agno,33
ravveno,14
detto,96
attila,25
britannico,212
opuscolo,107
ramiro,76
quindicenne,715
passo,7
scere,422
predere,34
sondere,94
pli,67
approvo,51
recore,67
panza,12
telemeccanica,104
scopa,7
conosciuto,33
malmenato,418
malvivente,350
finlandese,138
quantitativamente,127
sbalorditivo,11
pcc,51
magge,6
sosia,80
campionessa,364
nitore,13
ficchare,184
vicenza,388
curante,120
camicia,196
rivedere,28
terni,90
esacerbare,545
maiale,261
indisposto,17
guardato,113
sorel,168
centralino,29
quattrino,68
domini,18
penoso,144
venezia,161
offensivo,61
aguzzo,199
anthony,847
doverare,202
imprenditore,87
sbarrere,335
sciolre,16
pesante,9
prater,21
notifica,47
dovi,25
litigante,370
bacie,134
ernia,35
sindaca,185
lodare,569
carello,753
mascherone,352
esploratore,67
potessero,238
fuoco,47
enormità,46
telescopio,126
grammo,18
inquadratura,59
onestà,68
tarzo,137
audiovisivo,149
reporter,23
ufo,4
penisola,34
manzone,513
rube,36
conduca,30
operano,27
curioso,126
tredicesima,27
giunsero,109
paesaggio,60
topografia,67
vacco,39
facenti,9
stellare,183
baldassarre,2039
guarnigione,238
violano,20
redimano,111
quercino,1142
tupamaro,351
soggetto,19
macao,31
educazione,54
risolere,130
treve,588
delhi,107
giocoliero,334
coro,74
nare,316
ceraiolo,726
risentimento,169
settentrionale,112
agronomo,14
respiratorio,142
sommere,164
inta,168
crosso,297
rin,47
memore,42
compressore,15
spedizioniero,9
aberrato,10
magnificamente,264
canfora,1213
rifiere,65
francobollo,15
monterotondo,448
centrocampista,347
esperia,16
violento,71
orientale,154
instabile,51
passaggio,21
mentore,16
andora,29
esiere,131
alfonsare,916
superficialità,181
conoscitore,36
appiglio,152
sigillato,82
negligenza,100
selz,54
arroventare,552
dirto,9
ostentato,76
implicare,83
piangere,321
gommativo,67
mico,47
sedere,22
spintone,91
tero,172
torri,330
israeliano,104
casotto,1219
avis,64
atlantico,44
apparirebbe,172
vestaglia,249
turbo,31
gallipolo,977
condimento,253
ocra,19
nola,8
bulgaro,119
boola,653
ancio,29
mariano,1371
vittoriale,22
regionalistico,343
arteria,30
inerto,195
snia,171
antilla,28
cnen,6
inevitabile,194
arcangelo,1204
alternativo,240
bardot,823
volturno,510
menzognera,239
integrante,153
imano,183
fiammingo,145
lana,127
terio,15
orbetello,539
tutelare,71
vitella,194
agiatamente,392
incombenza,65
monaca,2
tesse,10
federato,52
eseguivare,155
infondere,241
socioeconomico,490
scorrettezza,66
accompagnavare,204
esattorio,22
locare,66
terento,47
gelo,84
sposi,4
paurosamente,127
zquez,381
improvvisa,61
strumentare,222
orson,935
collocamento,127
connesso,42
pier,338
drapia,26
fuorigioco,459
irriducibile,167
entità,27
ormeggiare,473
proliferare,35
segreterio,125
prim',15
umidità,104
batture,68
lacrimogene,197
stare,70
nano,67
racket,34
agitatore,29
cancello,16
fnoomm,162
debbare,336
partecipatone,39
ascire,91
cingolo,30
cicale,28
den,161
indiziato,134
ventuno,82
burocrato,11
onora,26
laddove,203
indonesia,347
dizionario,45
pico,117
anticare,101
patriarca,35
osala,72
lindo,363
obbligatore,43
imperialistare,217
sciascia,48
fognante,53
asare,505
assai,68
tribunale,66
disciolto,27
disintegrazione,260
affisso,28
scassinare,859
riversare,132
dgb,98
achei,217
danneggiano,16
malata,146
persistare,147
anacronistico,316
proibizione,32
situa,6
arresta,147
oda,12
scaturiscire,314
infrante,86
foe,10
incosciente,214
giacinto,370
arma|arme,83
fidale,60
valvassore,685
inutilmente,139
clero,49
arbitrio,116
detonazione,112
obiettività,87
armano,73
sessantesimo,87
insistentemente,469
organizzazione,143
distaccato,36
dribbling,462
scorrere,453
cleopatrare,1029
pervenge,17
urlo,209
presieduta,54
interim,78
raggiungimento,49
vitivinicolo,121
angri,64
pareggo,249
bilbao,82
vulnerabile,105
pregare,91
compromesso,102
finirebbero,523
manu,8
disquisizione,135
mondi,16
ricave,181
vivare,168
opporere,302
sovietico,129
procedere,43
credo,28
capolino,427
mallo,1121
striminzito,161
marcato,60
petronà,608
priora,3
nulvo,29
anno,52
carbone,101
adottato,39
ospitalità,13
spada,188
agrumeto,156
giubbe,502
kuznetsov,266
nandare,221
boumedienne,276
helsinki,88
militaristico,237
binare,24
univo,9
immanente,9
doposcuola,76
condonare,71
sboccare,60
cile,30
odiato,61
microbo,89
valigetta,209
scure,294
oriente,63
taro,10
western,469
peggior,21
dialogare,41
baffo,453
ferla,123
scesero,93
redere,176
opportuna,101
agganciamento,140
usl,9
superato,34
farso,13
ustionare,342
ritrae,83
mincio,231
insperato,296
provincialismo,60
esagitato,281
insistere,200
aprere,125
giovane,73
aprilo,46
trianon,374
somiglianza,48
habitat,55
nera,39
lacrimogeno,157
diversione,436
centrista,163
peregrinare,177
delirante,440
acquapendente,353
greci,83
scricchiolio,282
protettivo,70
quindicesimo,64
pressione,77
federalista,54
erika,603
spal,152
botta,312
denunciato,68
corrompere,157
meschino,212
erbè,58
osoppo,7
concettare,41
filologico,376
giovannare,1339
ispettivo,24
filoviario,96
bergamo,390
fortissimo,75
jacopo,631
badare,397
mattatoio,24
afonia,5
arenzano,157
equipaggiamento,54
bardello,974
casinò,74
bettolino,616
cesarina,1188
golf,37
porterebbe,98
pirotecnico,84
entusiasticamente,89
nomado,168
solcare,636
rere,411
liste,20
politicamente,348
misteriosamente,381
ripudio,89
differente,145
cerdo,250
min,40
godiare,41
sequestra,50
contrai,69
ailano,37
preoccupare,265
ascrivere,147
tailleur,183
reverenziale,22
caddero,227
risucchiare,693
fausto,210
bulgario,132
utilizzazione,288
sergio,656
ghiandola,80
attaccato,129
impraticabilità,71
richiamavare,128
roano,244
tranquillizzante,145
rivolgimento,44
gaio,71
ringrazare,74
sciagurata,52
sperare,290
totò,371
illuso,52
olmo,19
sferisterio,100
punta,13
giacominio,826
coretto,886
lombardia,86
individualmente,281
proiettano,33
sismo,63
bufalo,307
verre,49
sordo,36
bussola,164
sms,11
esigare,151
calare,226
meraviglia,51
infruttuoso,21
ristrettezza,41
inginocchiare,546
iscrivere,20
regna,7
mazzin,195
dado,101
parsi,18
trasferere,25
bastione,34
trattase,20
ostinazione,210
soddisfatre,41
molteno,445
avvertono,105
decorato,19
zoe,16
distillare,96
pita,5
parale,12
enter,369
reuters,156
ingozzo,1678
fasce,23
puntura,6
legislaturo,16
centristo,155
tutorio,82
baffuto,817
confederale,140
personalismo,244
avvisare,122
pensionato,71
stesso,446
leale,8
morde,46
ancora,312
tropo,8
internamento,146
ilva,149
confuso,91
equitazione,157
popolaresco,22
sciara,183
bessa,199
epifanio,121
computer,24
allineo,13
neocapitalistico,508
dionigio,661
empirico,255
intemperanza,174
sull',11
celere,62
tacchino,418
secca,6
newyorchese,133
unitarie,96
forza,40
formazione,19
escalation,26
editore,41
riformatorio,115
statizzazione,415
rolo,110
raviolo,141
contrappone,381
colpevole,135
csme,101
chiatta,2
ritentare,340
misa,35
triangolo,13
proposero,90
proseguito,67
raffo,5
infedeltà,8
progettato,18
declassare,117
chelazione,136
lainata,371
furtare,163
deirindustrio,153
beinette,490
raggruppamento,71
engels,78
pignone,182
narratore,317
cabota,98
denunciale,50
compor,19
lina,37
carabo,80
multicolore,80
tridente,72
bina,35
cosmodromo,76
provocatorio,187
coltivare,62
disseminazione,124
comandanto,69
subalterno,121
inghilterro,115
adozione,143
epifania,97
segreto,9
grare,49
molle,18
boutique,185
lusso,23
postale,16
diseredato,118
petrolio,45
rozza,173
villetta,172
glaciale,313
papera,317
nucleare,47
notoriamente,111
indifferentemente,744
varietà,41
infante,43
farinello,1280
esposto,16
inseguire,114
accolsero,132
ovvio,253
avrere,344
onto,6
febbrile,12
inondazione,95
apparecchiatura,263
discepolo,181
cavour,57
lamente,45
garibaldino,74
elce,249
stridente,132
rosai,810
pia,49
giovannina,1496
polveroso,421
gandolfo,395
vurss,114
fidae,151
direttore,24
futa,4
popò,13
cupi,74
autodecisione,87
cucire,75
labile,54
spilla,11
siror,473
maternità,29
insanabile,161
gobere,210
lagno,139
ingabbiare,214
paloma,388
urbanirre,20
laurentiis,246
ladispolo,270
relatività,231
vidare,580
giacco,156
barman,605
fozae,27
analoga,31
revolverare,397
moralmente,488
crediare,109
rivelatrico,79
serie,1
val,27
falmenta,170
contrabbare,65
babbuino,332
digiuno,13
identikit,138
olp,95
suites,291
delinquento,159
penna,65
corrisposta,53
centralmente,204
lazzaretto,2224
risorgere,109
ritearr,51
udio,17
campionare,245
bega,5
orzo,2
vicesindaco,365
eliminare,30
riconsegnare,63
irida,198
picattere,71
dettaglio,23
platì,10
impostare,225
unna,96
deviazione,18
preservare,384
snobbare,400
motobarca,214
cannoniero,139
recinto,305
elaboratore,47
tattico,23
ano,93
capitanata,123
sollecitudine,98
intrapreso,54
cronacare,22
radicalizzazione,594
rievocato,69
rovere,269
olivio,232
cisgiordania,148
straziante,238
avercela,58
essere,498
contentare,717
rei,3
acquisto,45
attacchino,179
precipito,65
mozione,46
orfeo,607
scomunica,11
casello,166
ripubblicare,115
racing,187
didimo,49
sopravvivere,109
riformatore,289
remota,26
poarr,108
ipre,222
pil',254
gravita,26
mote,12
arrestere,132
fernet,314
coinciso,9
stato,15
raffaele,1060
espandente,16
invire,96
frantumazione,327
trasbordo,166
abile,18
incera,56
redatta,56
scossone,39
amendolo,113
platire,50
seria,20
bratislare,96
ratificare,76
adulo,58
marca,9
approssimativamente,373
danio,91
temuto,101
edificante,14
ture,19
stao,124
sabbia,308
compiacere,301
gatta,1091
spiritual,82
ecuador,137
inattaccabile,180
stragrande,17
curverò,146
margherita,316
interdizione,55
costituito,86
spregiudicare,278
tacitamente,492
visione,5
anatema,30
intricato,57
paratore,32
alberghiero,54
caviglio,153
ciano,63
probante,129
impattare,80
carcerazione,114
csu,71
grottesca,177
vanamente,403
candido,88
giulia,27
metropolito,41
mutamente,65
reazionario,454
contrastato,118
ingegnere,23
episodio,20
mentitore,28
acato,131
tributaria,11
abrada,94
attraversare,82
magistrare,55
camino,297
mentalità,448
difficile,49
harris,662
band,74
pasquino,546
riconoscimento,58
concilio,57
saraceno,82
resista,15
accorrevare,492
faccenda,13
pareggio,223
camerone,1299
torico,106
front,9
convergere,50
sardere,61
adiire,244
tentatile,58
scatenamento,152
micio,10
camionista,220
riportare,15
vaporetto,574
burton,913
intarsino,172
errato,36
montevarco,642
pollo,80
pattinaggio,162
fiaba,495
aravo,26
semere,81
preparo,14
clarare,626
onorare,89
dichiaratamente,449
occupazione,21
appieno,197
adulterare,31
ibeh,25
avore,1
tono,16
jesi,146
agita,6
marker,1054
vollare,597
atterrare,155
siare,123
riconosciuta,35
permettare,179
strumentalizzare,467
deposta,33
fornita,13
lanerio,138
nervo,18
vaticare,29
badar,114
derisione,224
pedagogico,190
compatriota,135
conico,27
automazione,237
legnago,385
adulterio,31
èerano,191
resoconto,37
mozart,301
estremità,48
marchesato,723
basetta,219
fornitura,34
siro,43
nodo,16
puccino,1068
preponderanza,158
attuale,236
paillard,163
ammontante,136
acmi,69
direziona,13
artroso,124
dosso,233
confondere,577
codino,10
azionista,26
galoppata,279
banchetto,46
accorso,154
abrogazione,59
frequentato,17
aggiornamento,214
consulto,21
attrattivo,30
aspirante,8
riascoltare,47
elevere,22
storno,7
omnium,341
ragnatela,173
lasa,56
giuso,28
esperente,123
piemontesi,68
stioo,157
palpitante,398
manifesta,36
pericolo,36
uovo,98
abitato,124
rico,10
cechov,544
fermato,33
organizzativo,135
appositamente,24
inghilterra,116
calciare,362
inuma,5
ventinove,136
odierno,23
calco,53
gimondi,534
cornata,14
contagio,46
cataro,27
cinturine,79
solidalo,23
bestiame,130
economia,78
lemare,288
concrea,93
sottigliezza,185
spes,4
vante,24
spogliatoi,190
antifascisto,88
alitare,149
compirere,147
gialloblu,491
rottame,298
munista,13
erede,21
scaglione,46
portella,13
moderna,61
smaccatamente,510
glauco,921
bettinare,943
mostre,5
bologna,384
allah,119
impercettibile,200
trevisano,975
temperatura,50
eiaculaio,236
rovescia,7
amichevolo,19
preparatorio,51
commettare,80
zonale,141
audizione,92
redazionale,20
affrontare,64
chiesta,28
econome,140
trovai,38
poliziesco,110
diventar,23
pianoforte,381
clinica,71
mobilificio,120
merare,91
leggio,33
strapotere,282
neda,29
benin,84
discutere,114
allestito,57
istanbul,147
arrivere,213
annetta,24
intransigente,80
citere,70
brasiliano,144
autoradio,49
volere,393
svincolare,240
tassa,86
esasperazione,295
charlia,541
cancelliere,106
europea,32
dimostrare,228
snase,115
rieleggere,84
more,60
coredo,15
mendès,109
delinquenziale,54
urale,10
liberty,12
cassio,505
confermo,43
riprese,21
euclide,815
vendicativo,40
coque,208
riunito,12
cancelleria,15
coreane,102
ricorse,31
centromediano,455
perone,380
ambir,62
pompe,44
gremita,86
cridere,81
avventuro,45
imagno,48
particola,67
auspico,9
fogliano,393
consuntivo,24
ch',43
reperimento,145
broncone,160
cesso,7
gratuità,15
mota,40
pugilistico,103
bestione,87
prosare,129
lamentato,34
ripo,13
espressamente,105
squilibrio,110
nordorientale,282
banale,224
idroelettrice,65
lodine,466
besato,179
rossana,331
candidare,60
rispolverare,62
assegna,24
libreria,17
osannare,266
mucchio,566
tifico,14
riassunto,48
barletta,378
campionato,269
conciliazione,52
invalido,38
industrialmente,138
cooptare,76
umbro,55
sintonia,19
disonesta,285
provocazione,148
inflivere,31
nudo,31
fernando,565
mimico,84
imbrigliare,222
liberto,66
magliaia,31
cfdt,67
beccaria,698
triesta,23
operale,29
rammarico,134
aimone,172
anzianità,144
convergente,131
mantenure,27
ungaretto,1339
mascellare,151
riunita,82
bendere,718
tram,128
guantone,424
refurtivo,154
scapolo,195
giaccone,355
acconto,81
finanziere,100
acire,37
insofferenza,429
adunare,66
pretendare,212
peci,0
massacrato,220
eretto,82
temevare,584
farfallo,342
discutare,127
monimento,64
locomotive,199
irito,4
zapato,588
fronteggiare,102
pannella,52
riopero,110
nuorese,85
prolungamento,38
magnane,166
lambire,275
denutrizione,69
rape,131
settantesimo,74
autodifesa,34
anire,161
amministrato,46
indecente,89
battista,483
piota,65
attribuzione,141
riscoperta,71
rie,30
velletro,382
drizzare,416
torriana,695
graduare,74
patetico,239
succitare,432
ribasso,67
addentro,56
blello,195
avei,332
cloro,15
blese,5
fiscale,74
certificato,40
martinella,1175
primato,80
cinzia,11
sprezzo,68
zeus,6
prema,7
cecoslovaccare,116
rinforzo,77
malinconica,505
facoltativo,153
brillantissimo,146
perire,105
statore,60
esigenza,66
mattala,40
sidney,668
compresse,14
noleggiatore,72
concorde,73
forno,90
raddrizzare,475
anzia,23
edolo,42
parto,8
bravissima,33
rimottere,67
capriole,472
impiccare,309
teoricamente,309
prelato,59
agis,4
criterio,38
corporativo,249
critico,81
schiller,287
scopo,15
prologo,41
loare,304
legittime,28
cnae,242
indifese,29
niento,97
filosofia,222
chiodio,821
giannetto,1053
tripode,303
fortunosamente,426
avessare,600
intascare,233
orte,113
idroelettrico,78
celebrativo,55
deprecato,44
sul',11
buna,2
pausa,8
aizzerare,374
ideo,12
segnalato,27
vip,49
complicato,34
decadere,17
generalizzare,228
equipaggio,70
enciclopedio,71
regolarizzazione,385
protestere,85
stico,136
gelosia,175
rabbino,34
territorio,32
banco,6
battile,22
poc,26
cornico,24
adunato,19
eni,64
deterrente,51
obbligatoriamente,95
fiot,126
connubio,81
vandalismo,267
negri,43
diare,111
imballaggio,354
egna,5
sempione,91
indonesio,325
suggestionare,372
impore,252
reichstag,94
contadino,85
infuore,80
finanziatore,47
politica,120
artena,9
attero,13
federmezzadre,111
dirupo,12
anomale,120
motociclisto,98
contrada,50
eric,319
unisco,27
falsamente,401
annunciavare,65
andatolo,217
maggiorare,152
sol,35
formavare,208
praticante,154
decentrare,170
lucido,34
costruiscere,81
plenipotenziario,76
accumulo,38
chiestare,75
faticosamente,140
reducere,57
distrutti,37
granale,39
premura,99
norvegia,85
mugolino,1817
abnegazione,137
colonna,10
raggiungare,22
imperioso,26
rilevato,55
new,27
intermedia,56
becchi,43
viete,9
gelese,38
avello,112
confidente,170
sporadico,38
occidentale,108
togliare,94
intervisto,37
multato,7
lungometraggio,154
unile,12
rientrato,15
preesistente,321
efficacissimo,188
consigliere,69
discostare,373
agito,12
feroce,158
poltrona,7
infezione,166
divina,31
riel,34
agibile,23
sudafrico,141
elude,4
aplodonte,157
rovina,69
decentramento,214
ance,24
goethe,812
sensibilità,216
attivizzare,160
annunzi,199
stralcio,42
faoo,94
debuttare,386
elargire,126
risiedare,50
tede,4
armatoriale,45
finere,271
empie,56
improvvisamente,325
michelino,945
deplorazione,142
addensare,66
marzabotto,128
disabitare,206
inesattezza,92
appaierò,166
ligio,19
cosmico,117
veniero,11
creo,2
chiodo,266
frequentatore,22
sostituzione,26
tesserato,35
ammortizzare,164
quantitativo,85
tamil,18
berline,10
fossa,82
arzagola,91
quotato,227
permessi,28
stello,245
benefattore,72
corona,13
solire,415
liliale,15
seato,165
assiduità,31
consortile,49
reticolato,28
spaccio,34
abitativo,109
ukss,213
anastasio,765
connettere,151
ricerca,48
aliante,9
maccarello,927
panno,327
scompaiere,88
giudittare,63
strevo,24
bolognare,421
schematico,518
acino,301
balnearo,105
proditoria,11
intelo,21
ha',174
primavera,24
giurato,30
predicatore,143
francesca,1344
metrò,60
scarpare,436
finlandia,109
dilemma,46
ricoverare,100
commedia,381
dentario,19
arterioscleroso,230
inquinante,73
paritetico,116
proliferazione,142
richiamare,81
depositare,22
partirono,164
paolo,699
solidale,15
provincia,130
capannella,70
maggiorento,92
tempesta,89
prosciolti,90
cugino,702
bucarest,149
macedonia,59
dies,29
tubetto,351
lontano,29
acciarpe,36
diagnosi,115
erbo,8
editor,51
organdi,76
clii,40
dillo,180
confina,38
decapitare,262
giovinetto,992
cormo,10
fogo,18
invia,52
astrare,71
bonaccione,345
spazia,57
panificazione,453
saltarello,512
antiquare,29
alire,51
palano,100
natatorio,23
alberello,731
antare,315
sporcare,520
inulto,432
schumacher,165
antrona,239
cinodromore,58
misura,19
aurora,334
olocausto,245
citale,15
affere,43
acquio,21
cnb,154
berbera,689
unghereso,97
perego,614
cap,3
marico,30
moralismo,323
cipe,23
astinenza,8
eccitante,226
proclamazione,18
gastrico,127
tau,42
cucito,96
rapporto,41
origina,98
salonere,158
irpino,147
quintale,135
coincidenza,38
ledere,99
ventenne,281
doto,5
conclusosi,36
ortona,209
skoda,96
cancerogeno,125
pugile,81
venerdo,163
compact,86
cric,30
lebeto,22
partecipante,18
cbc,601
responsabile,9
psdo,105
foriero,12
offrivo,32
allargamento,431
grano,119
monotona,226
compiaciuto,178
disc,13
incassare,117
precettare,182
invisibile,80
cullare,100
protette,98
tennista,335
esecrazione,179
dispensa,16
ruspa,232
sguardo,55
zie,2
leonia,143
studentere,38
droga,29
aumento,177
bombardamento,85
smorfia,257
titanio,73
famigerata,21
contra,39
attraversamento,86
pulviscolo,297
ori,42
pario,125
ironico,215
fertilizzante,196
convearr,70
deleteria,200
ginevra,39
trapianto,79
eccio,25
viadanico,394
annunzio,34
guerro,35
vas,118
chiarino,348
stralciare,36
perugina,301
strepitosa,89
tasta,23
michelangelo,1228
sottoscrizione,30
nazionalismo,374
guaribile,92
lesione,54
verono,320
sii,287
influenzare,108
attrito,17
bandita,103
diavolo,581
probe,80
umico,18
disciplina,50
dettagliante,43
dottoresso,386
sepoltura,77
quinquennio,32
pubblicità,36
antino,62
hobby,527
libra,61
efisio,47
ettore,372
vaccino,21
alaggio,57
aulare,28
trentennio,31
troncone,53
tecnicamente,210
dissimulare,395
circoscrivere,20
arame,68
maurizio,248
peppino,1051
cacciatorpediniere,310
mascalzone,327
figliala,70
ricostruire,22
cassare,26
runico,12
aeratala,142
ciclo,5
mutualistico,85
perpetuo,7
tragga,50
trascorsi,13
tornante,115
penda,7
sottolineavare,229
insostenibile,117
igienico,35
popolari,24
ingiunto,55
trump,45
lagnare,613
evenienza,21
agire,99
spillano,23
determinazione,545
sovrimposta,102
undicesimo,66
nguyen,77
volpo,90
sada,12
agnare,404
giostra,304
micele,117
quassù,40
diretta,26
antonare,319
siero,25
sabbioso,80
liberia,39
inservibile,90
intento,89
ippica,82
temporalesco,95
agevolazione,253
instabilità,112
skopje,127
almenno,349
urtio,20
killer,252
aielli,48
borato,60
concedente,52
varicose,55
amleto,213
bot',394
tannico,146
frontalmente,98
interferire,65
leggero,36
bsa,252
comprensibili,237
fifty,13
cardine,9
affollavare,92
addosso,347
includare,38
and,14
pretenderebbero,408
cooperativa,70
play,416
sadowa,1035
digerire,83
rialto,459
bianchino,670
inconsciamente,622
narrativa,330
deferimento,104
orietto,270
pierino,1661
ringraziare,117
carpire,61
vaca,6
aorte,24
preghiere,65
cai,97
andina,219
merckx,258
cementificio,93
aut',87
cecoslovacca,100
signorio,255
laguna,81
poverissimo,204
boiardo,541
stavre,261
padre,232
solerto,75
vele,5
ammi,1
culto,134
latino,7
rizza,39
benedizione,53
decidare,135
sbandierare,75
abbonare,19
impensato,525
rappresentare,127
ponna,4
moshe,307
ritmare,214
additare,375
frappa,14
washington,323
siglo,13
trasfusione,61
ardeatina,96
grande,28
indovinare,449
reazionaria,301
adoro,485
garganico,20
scaligero,394
undicimila,113
comproprietà,85
istruire,12
bilico,18
calia,70
emorragia,107
sann,34
riconfermare,83
promotore,31
trabucco,86
pedinare,103
altare,89
ricetta,82
progressista,186
riferiscare,183
desso,75
cerdare,914
bakù,148
montana,390
sottoproletariato,96
federativo,74
canaglia,158
vicissitudine,205
campanila,121
defunto,23
motorino,136
cinquantenario,134
esaù,70
relè,9
terendere,1058
liv,54
amadeo,574
dorno,177
cavalletto,387
unila,2
ammoniaca,141
inaspettare,216
cristo,113
pirata,113
brunellesco,657
erger,398
impiegano,92
itale,23
organizzare,58
nasare,331
identificato,95
sumatra,76
aureliare,374
belzarino,1870
solzo,182
riv,169
novantamila,83
scabrare,290
accordano,67
obietto,13
amalgamare,327
accettato,75
boiler,458
rincorrere,509
tentare,121
fornaio,74
imprescindibile,451
corsaro,1233
turione,52
provochere,83
fermere,37
proda,7
essei,55
capezzale,303
mozambico,187
assemblee,55
impassibile,239
gridano,190
inquieto,88
incustodire,422
cordone,38
alesare,359
ripe,6
dervio,31
pigolare,489
ria,88
ratto,21
miniere,53
giave,88
fermat,11
fondamente,103
traducere,264
cessione,24
erva,4
impedimento,322
italo,10
premier,201
contribuire,111
cinquecentomila,123
oculatezza,117
braco,31
brno,44
destino,20
nave,125
si',199
chimone,334
fama,10
compagine,173
archetto,519
fagiolo,400
renoir,800
borore,26
drammatica,38
bombista,328
incomincare,53
csi,36
detenuto,64
produttore,71
apparente,179
college,56
promozione,19
pomarance,226
turismo,10
fisiologia,173
ragazzare,367
curvo,133
scarpa,259
ricevevare,61
rodiatoce,171
facchino,90
dorma,8
incerte,22
fuggi,212
avvento,47
cliente,46
darglio,135
fnso,81
tecnicismo,415
brevetto,34
balneario,105
stipendio,76
valletta,43
progressive,269
biscotto,92
alunna,40
concetta,51
decorrere,93
saletta,450
fiutare,153
spento,74
scosse,22
germania,121
parlova,9
pergolare,380
osa,19
contestualmente,234
saggiare,103
fenolato,218
tory,580
transitore,12
relatine,25
adn,32
affermere,293
acare,271
economi,81
urico,52
analizzato,50
pronosticare,127
satellite,54
merlo,278
armeggiare,771
tafano,58
viennese,224
modenare,325
vaccare,114
salvere,38
ridottissimo,106
conquista,18
plano,16
consegnare,61
antistorico,264
quorum,12
numerico,83
espropriazione,143
arrendetto,155
documentarista,28
abilitare,39
elencato,29
scultore,67
appartengano,116
morfo,122
datanto,85
predicare,173
bini,169
sostentamento,317
frontismo,361
canaria,95
importo,168
revanscismo,133
condurrà,29
intelletto,51
ingenuità,267
martino,163
rapare,23
incredulità,427
ivare,546
opponere,160
ibera,8
levante,16
trave,33
idrico,50
post,7
consolido,20
ausilio,19
lamentar,35
rasentare,338
compartecipazione,52
gil,75
metanodotto,314
priore,3
marcata,113
rivalutare,70
esposito,24
usufruire,30
psichiatrico,96
contaminare,301
power,699
assembleia,85
spregiudicato,227
feconda,31
opportuno,112
gravito,46
economico,152
iji,609
sfasciare,997
omogenee,117
rodi,93
interroghare,65
saharo,109
aggirare,73
south,461
pacificatore,61
secret,10
mantenendoso,58
modalità,27
intimamente,97
storto,51
erra,30
uruguaiano,354
venezuelano,206
prodigio,25
invalida,26
cino,34
stetto,248
avanzamento,270
preteso,154
genovese,64
tnp,929
febbrilmente,123
pesantezza,107
frugolo,303
contraggere,193
guadagnare,70
capacitare,130
legalo,23
sbandamento,51
ligi,2
ippolito,36
addestramento,40
falcinellare,162
erode,330
bluo,437
sommergere,444
sorprendere,216
faggio,1238
inadeguatezza,91
insaputa,47
inalazione,65
fomenta,9
fibra,64
zoccolo,1174
eli,16
rielaborazione,308
interroganto,51
tortuoso,113
pregio,16
amba,10
luccare,452
assurdità,200
tesimo,39
iseo,17
navalmeccanico,207
medioevo,90
forto,19
espansionistico,283
residenza,14
pitico,201
camaleonte,1639
repubblicare,36
socie,12
viver,15
invadenza,78
nego,4
mariella,1761
accidentalmente,177
cameriera,592
savio,981
sterlina,18
cumiana,250
autorità,15
juventina,476
allegra,49
chio,213
accorre,81
agenore,0
bergolo,301
stringente,26
taccio,491
incriminare,208
canalizza,13
macerare,300
anticomunista,354
vignetta,146
sano,0
resuscitare,210
trasfertire,101
viaggiatore,91
landere,584
avvistare,229
sezione,25
atlantica,28
yemen,212
dulio,11
vignete,83
commessi,12
quart,36
spere,24
profusa,128
indecoroso,82
dispotismo,437
cominciarono,137
continuere,222
cattura,79
emancipare,24
separatisto,93
conformemente,91
pome,20
biffi,11
barcone,158
scoppiato,86
frotta,202
peo,2
gilberto,1158
tui,31
soppressio,27
aera,57
disgrazia,107
atta,108
gracile,18
sterzare,93
piovoso,49
beai,6
sessuale,47
puntello,146
fluido,36
fan,61
soldino,595
pinacoteca,120
arro,83
eui,25
caratteristica,118
liquidazione,70
centrosinistra,106
patioo,105
angre,16
sparito,18
collocazione,271
tigre,167
sigaretta,182
unire,50
checco,1061
contratta,94
delu,8
rand,179
stero,10
malaugurato,63
operaie,158
screditato,167
alvina,242
sessa,4
prendere,28
fallimento,29
prudenziale,54
mietere,87
spezzettamento,565
indiziare,235
consulte,17
saccarifero,192
loglio,71
picchettaggio,70
supplire,95
operoso,23
siccome,313
riunitendere,92
rischiare,118
avviluppare,265
behi,24
pampino,467
ruth,828
malfatto,348
rendimento,93
atte,10
alimento,76
nocare,274
repubblicano,62
raitv,13
dicendoso,152
attivissimo,57
medesimo,80
insire,359
cercar,60
federatale,162
ponare,174
carnera,177
nathan,828
privatamente,239
prestato,79
uxoricidio,270
investo,19
peculare,113
indiscutibile,322
nega,11
manfred,331
termonucleario,47
catalizzatore,34
strisciare,299
svenuto,109
dimette,31
consorte,20
organizzato,68
affascinante,363
obbiettività,64
notae,26
agitazione,43
estendare,76
trattativa,51
infrastruttura,377
spagnare,143
successore,16
fascistico,219
lenora,121
spagnolare,134
armare,32
pensione,78
difendente,27
empoe,212
corrotto,177
vietnamire,128
affitto,63
israelito,98
spiraglio,9
svenire,328
senone,50
natta,158
incomparabile,123
iniziativo,78
milena,171
sospensione,39
gatto,861
demagogica,214
tatgere,382
contessare,464
teme,18
gramsco,38
dci,11
dedicazione,65
canoso,210
carnoso,724
prestito,98
biennio,19
adipe,13
trascinare,245
negozio,57
brevemente,24
scarico,178
assia,3
pugne,72
mutue,41
ept',236
commerciare,27
sproposito,138
occupazionale,81
caposquadra,126
pedale,75
ostetrico,65
seppellere,432
sollecitano,99
rimprovero,309
chiete,241
appellativo,49
imbarcare,104
amara,36
notturna,52
invece,644
rivenditore,86
chino,454
par,102
strino,130
cineclub,25
prematura,96
maccherone,282
scalzare,187
peto,95
ostinare,100
aglio,175
nefando,167
reminiscenza,232
finzione,381
avanzo,7
padana,67
rubli,57
alluvionato,28
profondo,19
verbalizzare,389
mi',283
mazzata,89
etnare,302
donatello,990
crepitare,611
genero,38
messineso,358
fosco,51
infinità,152
sfila,28
apprende,28
orologi,19
slalom,160
replico,4
elica,5
plurimo,11
gradatamente,432
sfuggere,110
ammutinamento,79
sevendere,57
milion,53
dirompente,86
ruolo,10
servitore,128
urgentissimo,41
fluviale,128
chirurgico,72
menzionare,276
contribui,20
flessibilità,136
chiuderare,46
rivoltoso,46
avamposto,166
agivare,595
benefica,14
sovcos,40
surrealismo,322
canduccio,1543
tant,41
processo,10
olia,32
riuniscare,80
spietato,126
esprima,73
urare,294
piazzale,112
perl,57
ponte,57
artista,102
interventista,24
rapace,6
fiorone,184
liquidato,34
crossi,199
cancrena,105
immersione,201
ribolla,39
biscazziere,617
coartare,264
presentere,105
giuba,96
leone,310
colere,220
arricciolo,186
notevole,51
antisocialismo,397
disertore,37
password,977
aeroporto,29
tinto,134
coprire,57
evolutivo,122
iginare,295
olie,33
decidessero,173
stillicidio,43
cesenare,496
pazzia,239
cassone,210
silenziosamente,337
interrogazione,49
perseguitare,98
postal,5
ironicamente,323
deviare,87
sentinella,402
cileno,43
bastiano,47
allineamento,167
persecuzione,210
ueo,57
affezionare,63
thomas,565
fenomeno,43
garage,96
gena,75
affidere,50
arme,8
favoloso,39
trafugare,130
peccatrice,152
atalanto,315
pastore,13
cancellare,26
agente,106
alberato,225
pompa,43
matilde,679
dito,28
torcere,263
antidoto,55
mercurio,111
callone,971
vine,42
costituitone,97
hippy,384
regresso,79
statuto,39
girasta,264
portale,16
orientativo,104
unista,42
tassazione,133
infranto,123
vorreste,38
equatore,53
tradizionale,53
cruente,57
metodicamente,327
adamare,505
manifestini,42
vetrina,169
calunniare,200
manifestazionere,81
appaltatrice,83
taino,58
sanguinante,219
consultare,45
arrossire,244
perito,63
patir,22
oltraggiare,233
debian,252
tuffa,15
rozzo,138
sottoscrittore,17
cornea,30
intendimento,203
futile,88
aggiusre,91
eta,4
carbonia,212
umbra,58
risulterebbero,136
prolungato,28
ridente,135
emissario,9
recriminare,434
ruspale,293
disservizio,23
vinello,854
ventaglio,18
ergastolo,145
contrattaccare,95
guardiare,175
narrativo,377
manovro,50
minante,16
elevano,26
success,52
catechismo,186
conclusa,38
checcare,1112
abbagliante,16
iacp,30
pennello,107
resiste,18
magistrale,45
lello,190
vivendo,3
metalmeccanica,251
soffitta,331
vanare,458
lecire,130
apaca,553
mantener,15
castello,456
afone,166
mite,4
strom,57
mirabile,83
vincitrice,176
elabora,9
nozionistico,253
vincolato,25
rabicano,230
conguaglio,201
grifone,226
ventiduesimo,140
diffusione,28
newton,873
confermire,142
limale,63
reversibile,67
comunico,42
alvaro,706
traguardo,68
descrizione,63
costeggiare,243
arana,97
deriveere,168
topo,44
inutilizzare,109
patologia,171
delibera,71
passivo,39
magnani,486
baratro,74
hertz,222
riassetto,114
inquisitore,90
inesistenza,245
isbn,109
trasportato,80
compromissione,434
formico,84
occhietto,70
circostanza,85
graffito,130
baco,440
recente,11
telegrafo,13
ripristinare,64
debbo,101
coppi,137
fascista,162
gate,110
boris,271
costante,124
nobile,55
giovanotto,552
torrenziale,134
battisto,222
ere,392
chilowattora,171
etrusco,228
rivolgevare,179
netta,5
buia,677
cooper,13
espandere,97
bue,58
cataclisma,194
aspiro,5
regale,21
video,116
cobra,447
rete,32
bozza,19
diseconomia,375
scappare,992
ricreativo,28
bazooka,387
livella,14
lottizzazione,84
ristrutturare,270
contrastano,128
giornalaio,42
ricuperare,93
poture,161
simpatizzare,69
soffermare,100
daiare,240
tellurico,65
comandato,45
bretagnare,63
covi,37
crochet,10
insegnare,92
criticato,102
poggiano,18
milan,417
denominato,66
batteremo,100
amelia,447
annegato,96
direzione,10
scherno,84
partire,32
sottolineatura,244
celebrità,71
alpinista,34
separazione,101
trasmissione,57
bianca,128
nuovissima,19
relativo,110
illuminato,66
cast,58
ammantare,210
airone,158
esterno,11
divegliere,614
brina,183
casaccia,102
conservatorismo,291
mafioso,51
gioberto,1006
sire,37
griffo,606
berò,48
acconciare,238
tagliente,117
rigoglioso,159
composito,21
spino,370
fellini,829
caldamente,32
florida,302
rovescio,7
scafo,94
itala,61
sfuma,27
partenopea,621
bocca,75
cuscinetto,183
verbo,11
dieta,3
condussero,115
alpinistico,11
sindacato,192
parve,94
pretendono,166
vacare,17
corner,274
tbc,77
bressanone,48
inseriscere,254
george,333
eliminatore,63
offerta,8
ambizione,58
pento,36
irregolare,21
melissa,31
guarire,102
palestra,41
promozionale,86
mormorio,196
orientire,43
utensile,85
piacentino,354
sinistro,16
esemplare,42
gramo,26
gradevole,290
rilettura,113
riformo,63
influente,18
salasso,18
doli,47
servitare,212
lenna,14
sveglia,118
rasa,16
miro,8
convention,104
passale,57
impegno,27
spiacevole,141
prima,93
copertura,56
guido,559
varcare,88
scritta,67
conduzione,184
barba,203
filo,1
dotare,22
concorso,17
avanguardia,99
camp,20
disinvoltura,224
tortorella,1132
ferii,20
diverbo,79
chare,64
nasale,88
svoltare,122
targere,134
salentino,282
lascerà,15
attivista,37
semine,14
bombola,227
invialo,58
ilde,74
legnetto,772
steward,390
anaao,58
umanità,31
qualsia,61
dir,40
nottata,57
negar,8
otisre,201
elettra,36
ansioso,82
illudere,508
record,50
ossa,41
telegraficamente,32
segna,12
catturare,254
eda,33
acri,13
concertistico,104
mazzolino,1369
barzamino,1200
presa',24
sfibrante,84
lottizzare,45
idire,359
mendel,328
hoèo,726
cusio,45
linone,158
sedicente,91
incorrere,307
bigio,129
ritiro,15
rondone,77
cineasta,60
presidenziale,25
trarrà,22
irino,572
sorridenta,162
fargli,33
avanzale,15
romania,136
interno,13
guaio,70
covare,325
ceder,16
etnia,20
cambridge,456
pedana,35
dato,39
pegno,2
semplice,86
lussemburgo,54
rotabile,111
credete,111
garro,124
catilina,317
riscaldamento,152
dovevo,152
fabiana,1279
premano,164
celleno,65
lasco,13
terrorizzato,222
apprendere,69
continuato,55
emblemo,4
ittico,37
putrefazione,288
tempia,235
bugatto,902
inasta,33
patte,8
struttura,178
percorso,58
virtuosismo,319
sciopera,158
affratellare,86
xiii,37
meglio,232
avvertimento,27
svoltiso,48
abbrunato,75
bencivenno,1551
cervi,191
contatore,62
ingrid,202
fuchio,184
maledizione,188
pathos,103
picchiatore,331
appai,53
farmaceutico,52
ignora,40
intima,9
freud,561
risola,27
congressuale,17
campanella,373
portineria,43
led,7
congedo,6
tonino,457
frelimo,93
noria,6
docenza,57
ossidrico,470
estese,32
perì,458
esplode,33
pattinatore,205
diverto,172
testardamente,146
assolvimento,90
amena,84
colei,148
costola,271
giudicante,36
benvenuto,37
an'o,106
nottetempo,184
ingombro,97
inesauribile,147
proba,27
tura,12
orlando,226
crebberare,376
ambasciato,37
rappresentere,109
sospensiva,15
reverendo,124
puzzo,572
consorteria,11
risoluzione,32
fondamento,79
confessare,178
stretta,23
nobilissimo,110
biancorosso,615
bellagio,271
oddio,235
svizzero,50
metodo,59
ciii,38
pisare,595
importanza,32
azzeccato,1040
imbeccare,708
prime,45
quarte,86
tracollo,69
musical,192
comunicativo,64
corone,62
sbalordire,77
giuseppe,684
morione,276
siluramento,66
capodanno,13
alludo,68
ricino,19
dissestare,178
padovare,425
giocane,271
governar,102
silla,28
ordii,4
rendo,7
montecarotto,32
ritire,17
chiazza,192
svelta,124
harem,757
cale,43
barbatella,522
bollare,167
nario,204
xxvi,87
trasmettare,31
intenzionato,275
diurno,22
rincorsa,80
fbi,61
truffatoro,100
lacero,52
fioritura,119
bereniceo,623
pasqualina,604
soldo,25
rosato,1391
ripartito,27
infuocato,196
listare,36
eccetto,42
nasa,52
mango,56
cinodromo,43
gioiare,139
contraccolpo,194
aggiravare,175
disinteressare,206
paneuropea,48
inventario,97
immondizia,71
individuabile,328
manlio,705
idolo,198
viluppo,90
precisione,72
deragliamento,176
allocare,51
festino,23
adiacente,284
resto,213
ghiande,14
produzione,214
brianza,105
constatazione,190
ucna,12
itt,21
nonio,26
tacile,70
qualunquistico,344
specifica,123
sfuggio,15
credento,101
capriccioso,400
stadia,10
espansivo,110
spina,48
ripiegamento,117
correttivo,97
boxer,577
mini,13
vire,121
christensen,577
rinnovare,12
causalo,15
tacca,221
guardòre,246
philips,59
infortunare,285
leila,16
pasdere,182
commissare,41
digeribile,76
autiere,130
preannunciare,46
vertare,80
scivolare,361
agonistici,23
nevicare,87
pecciolo,201
fallito,14
migliorato,26
riliere,44
patrono,26
stringere,78
piedere,1068
ascoltare,32
abissale,65
legalità,117
cammino,15
referendum,17
card,217
trasponila,383
appostare,211
attacca,81
deformato,201
imprecisare,78
suolo,10
poeto,16
comerio,206
allenare,147
operarono,75
truffo,14
palmiere,208
astolfo,822
bazzone,970
scelto,5
aspettavamo,305
vestivo,109
riconvocazione,86
massicciata,32
tendone,16
tobia,105
ingranaggio,115
diverso,72
assistenziale,194
precisa,82
risorgera,56
nordico,66
spreco,82
pianista,345
esso,531
sedur,27
rammentare,690
talaltro,589
mago,10
esattore,19
lamentare,43
sportare,53
lascere,33
elusa,24
sfido,5
utl,150
pomolo,137
autonoma,55
piccioni,38
pampa,456
utilità,15
utah,59
revocare,78
veterinare,84
sordido,102
flato,159
beach,386
monopolio,68
cruscotto,329
probabile,33
fienile,357
anselma,392
promuovere,69
ditto,16
rincrescimento,140
torero,398
colonico,50
congiura,20
ricavo,212
forcone,338
atos,80
asterre,51
fontane,84
vigorosamente,111
verbare,293
viscosa,96
mosto,19
meccanizzare,91
storicismo,467
direzionale,84
marina,62
ingerire,97
aragona,20
selenica,7
socialdemocratico,144
facoltoso,5
esplicativo,100
isotope,243
incoraggiamento,256
eccesso,32
selvino,60
lampadina,350
sceicco,329
compari,18
paghere,45
angoscioso,52
beppa,335
adendola,181
termale,19
induno,533
ergi,14
dimenticatoio,409
cernio,24
offeso,75
ricattatorio,155
severina,25
appesto,27
rinsaldare,82
sottoponere,27
arie,18
regnante,10
manicomo,212
apertasi,25
probabilità,37
traballante,76
palazzaccio,152
benzinaio,182
tag,11
promettere,60
onnipresente,194
nuota,52
eietto,45
canto,6
scacchiera,9
ottaviare,783
beneventere,335
vasto,18
combutta,23
concente,10
ruberio,154
anticrittogamico,252
dien,21
amene,176
grettezza,134
vissere,273
trasformato,69
altolocato,205
anacronismo,249
biti,21
furbizia,309
ecumenico,63
lucifero,163
manale,11
apuano,382
elevare,20
fumetto,261
aventino,359
becca,126
esponere,34
iena,37
ascolana,182
bellezza,123
canile,13
carrara,273
zellerbach,67
espropriato,79
stizza,4
salvabile,65
attenzione,13
mafia,18
panettiere,107
montagnini,529
matrimonio,11
pozza,229
migro,11
defraudare,209
dibattuto,79
aroma,7
enza,117
domandare,260
indelebile,147
ripalta,121
empio,8
cerebrale,124
redatto,76
catapultare,1137
soddisfacimento,154
gradimento,29
beringre,88
autotreno,204
cesello,892
pediatrico,78
brefotrofio,132
tolto,41
sottile,138
gratifico,25
flirt,111
antro,5
partitella,270
economio,100
camerata,58
riscontro,82
clientelario,74
elezione,35
tina,126
operino,20
rifornire,67
doretta,605
dichiara,76
profetare,246
taormino,500
lecce,240
sfrutta,37
affrontale,36
compagnia,5
smaltimento,182
ponge,44
riformatrico,307
nardino,650
occasione,7
pellicolo,63
initio,34
concentrare,35
vissute,113
volata,178
adempiere,60
inode,6
avamposta,172
hitleriano,132
pastai,57
consapevolezza,147
efficacemente,121
ostentazione,268
trasparente,296
recar,20
sofia,43
chiaro,45
nascondare,213
beltramo,1357
funi,16
invitato,48
scaricatore,75
imboccatura,120
manette,235
lissone,469
acata,39
binocolo,8
sgranare,263
funzionare,39
ercolano,57
conclusivo,28
deplorevolo,149
concorrenza,98
goldone,682
bernardare,815
fornello,260
orge,7
scherzi,230
cinquant,162
mattino,66
riferari,45
affrontato,91
taluno,199
falla,9
zono,47
vendibile,22
stigia,3
amen,31
starno,108
quadripartire,60
attestato,43
merana,18
coltivo,62
prefazione,162
aspettativa,44
damaso,403
caglio,62
sopraelevazione,196
meridionalistare,65
thailandia,242
foraneo,16
generala,20
romolo,1327
ribadare,239
coil,182
predeterminare,570
addirittura,177
riconciliazione,110
impegna,14
ritrovo,23
liberatrice,154
albergo,46
ospite,13
romagnola,55
intercorrere,35
completo,11
vitellone,410
deficienza,82
coronare,6
cardiff,25
accettabile,255
abbaglio,16
ripido,101
reso,6
klm,527
ganghere,22
llpp,108
tenare,108
emersare,44
appaltatore,60
clericale,132
rustico,11
cattedratico,139
deteriore,151
clnai,26
unificazione,198
isare,582
mirino,80
pavido,94
chalet,369
riuntone,124
rifacere,113
pesarese,118
predio,16
canneto,228
idealismo,309
sella,127
partecipavare,52
gualtiero,1294
bavarese,16
ostiense,102
garda,519
settecento,120
cosmonauta,52
ignominioso,367
bagattino,714
limino,3
approvvigionamente,200
siderurgia,109
meritorio,31
indossare,145
con',245
roccaforte,20
banca,27
tonnellato,59
ufficiare,53
posto,1
riccardare,767
ope,97
protagonista,19
auspice,9
tinta,130
tonico,51
mazzetto,386
piumare,202
altamura,88
assenteista,159
attorce,13
internazionale,38
ucraina,66
nosocomio,70
reattore,145
niente,187
beala,81
vessazione,125
gustavo,233
boro,31
denuncere,88
cascine,72
mamma,116
onorario,20
tracciato,67
dedurre,164
calcolato,32
cogitate,56
geloso,8
veemente,172
abriolo,46
aziono,38
sbracato,99
riamo,72
firmamento,53
impeccabile,267
cabrare,258
pazientemente,310
cancela,14
appassionante,48
bolerino,265
campanilistico,225
tragitto,137
gancio,108
sirolo,346
enpals,141
allagamento,137
infrequente,41
king,907
comparire,49
sopravvenire,117
sprovvista,50
blare,394
ino,419
zolfara,104
creatoso,22
discriminare,97
israeliana,104
applicazione,110
irritare,116
sposa,116
scetticismo,367
cremona,319
trailare,506
jackson,710
imperialiste,164
bruxelles,56
vela,13
sudvietnamito,152
vien,27
capire,489
sudamericare,224
benevolmente,138
peio,132
ecologia,109
districa,10
apiro,51
zarista,88
nipote,351
degento,45
bicolore,58
atteggiamento,76
alfare,370
fosta,130
contabilità,102
mazzino,271
federconsorzare,66
autonomere,119
nicchia,565
tricolore,168
limare,155
positire,77
lardare,265
chilooetro,54
battuto,153
capobanda,189
principio,99
congegnato,58
bahamas,422
biblioteca,24
giacimento,70
circo,108
camerato,65
arare,679
sovversivo,160
grato,34
soave,557
chiendere,623
peonre,147
materio,16
cortiletto,381
acrisia,32
pre,4
incirca,100
imperatore,95
folk,105
comio,11
terracino,198
urbino,39
gabbiano,211
colpiscare,67
allineale,39
crociace,36
risanare,33
parroce,26
sfumatura,241
bulldozer,455
solare,86
miss,37
urtano,24
trasformandoso,58
deriverebbero,238
trista,36
augurabile,64
ibm,30
figurare,68
protezionismo,266
tormente,101
prescindere,654
filare,398
arthuirr,323
tillo,414
missile,101
risuscitare,225
soffiata,671
dubbia,48
transigenza,49
eravare,380
filiare,39
corsare,227
comunque,386
spinto,178
transitare,216
mano,15
sultano,159
giungere,38
generate,16
civita,6
macaluso,148
erotico,157
imprudente,94
deificare,667
illendere,83
nerazzurro,429
vissure,96
natural,86
bistro,31
patio,26
giudicandola,22
annotare,224
esame,32
repertorio,320
antimperialistico,206
etile,33
bra,323
esaminano,58
soffrivo,180
togare,116
sottosviluppo,167
proficui,83
quadrato,31
mobilito,13
ingrassare,269
episodico,71
briaglia,829
bottaio,294
accorse,342
ulisso,768
indiviso,42
desidero,78
adito,26
emmo,14
oca,16
qualificano,34
doblone,452
calcolabile,73
frattare,120
burrascoso,19
rondine,189
dande,531
molo,37
assodare,105
algeria,175
elencale,11
mestre,10
andamento,16
imponenza,25
buenoso,53
cooperare,23
manifestaziorre,65
batteriologico,73
trito,55
stellato,174
agrigentine,89
girardo,837
cervina,221
fecondazione,29
amnesia,63
rascel,776
rossetto,301
sedilo,44
autonomo,59
densare,32
naufragato,24
tossico,133
ausiliare,48
quinto,50
locatore,16
tartassare,249
giordane,96
deludere,139
poderoso,32
bellicista,181
piaccia,29
anagrafe,17
apprese,42
augurale,78
raggiungibile,35
inoltra,7
aute,5
annoiare,679
bacheca,68
lamia,15
preavviso,39
riaffermazione,176
connaturare,667
doha,65
mobilita,14
risto,6
imponderabilità,295
pappagallo,1715
allibire,327
sorreggere,125
carmine,815
spalto,93
battitore,32
datazione,256
arrenare,221
esibari,115
gregoria,633
alassio,283
decesso,69
approssimare,73
gutta,80
imprettere,248
sanremese,141
spavaldo,389
panoramica,30
prada,43
fiore,138
amarognolare,208
contrattempo,103
accuso,50
musulmano,76
quadro,31
nutrita,10
abbiente,31
delto,29
alno,147
ginzburg,531
intenzionale,233
fotogramma,20
incartamento,105
gravitazionale,266
arcipelago,169
brigare,68
ovvero,10
aieto,74
referenza,30
infimo,115
scelgere,206
daria,341
girovagare,596
brown,721
praghese,51
rinascila,15
confluari,63
nile,315
forze,8
recuperare,51
fischietto,87
blasonato,142
legittimare,119
confezione,168
fiaccolato,113
rassomigliare,363
testé,24
confitto,28
fausta,275
chiude,24
convegno,41
presero,155
consapevolmente,281
tratgere,290
cim,14
presunzione,227
pressi,200
fast,11
seneco,432
terranova,621
rufo,14
beatoli,733
precede,19
ricare,207
influire,70
grandiosa,20
zootecnia,135
bizantino,791
silius,20
giocattolo,201
egidio,757
indovinello,791
resistenzare,88
cassaco,43
folla,91
clericalizzazione,701
mondiale,11
lascino,30
rampe,12
elogiare,138
biglia,13
dolcemente,107
bacillo,100
fuggivere,540
appartenenza,21
improvvisi,67
pellizzano,56
jenkins,662
stimolante,273
rivista,18
caracas,63
ossei,14
ben,18
categorio,52
depresso,94
orlino,139
analogo,18
rastrello,35
lenii,33
canolo,1346
avvengere,150
mette,12
torr,43
ripropostare,217
mobilio,10
gong,25
batte,25
alcano,112
natisene,350
sentere,153
conficcare,493
seda,12
sciaco,47
supermarket,51
rimaarr,26
essendoso,168
giuliano,234
sussistenza,250
consuete,36
governare,56
astro,33
ospedalierio,76
nutrare,201
risentito,54
indirizza,12
alfabeto,11
serbare,88
revolverato,453
ospedaliere,77
misurazione,327
sordina,31
damiano,829
salvatore,673
acuta,27
innesta,16
pulce,36
triestare,53
antecedente,29
gigi,805
improvvisato,69
espropri,57
basato,57
esplodeo,32
ciie,25
mattare,173
eque,4
anch',387
finita,16
teodora,739
manovrato,85
spettare,109
ricambio,47
plateale,51
macino,438
diatriba,8
eduardo,503
lazio,176
piscina,83
giustificato,177
superman,21
girino,513
accagliaio,29
miope,33
spassa,44
montelepre,244
alluso,33
tromello,565
costituere,90
tipicamente,334
verificato,71
seregno,607
passerino,499
sparire,223
terremotare,52
maghetto,437
imparo,18
barano,736
prorogato,21
cenci,1114
scongiurare,76
cozza,61
gabriele,916
mcnamara,84
attuala,83
funzionante,26
svuotamento,173
seguo,11
petrolifere,51
mirere,343
intessere,110
obbediscere,61
locate,35
usurpazione,184
rimasta,84
achee,142
glie,29
opuscole,112
ricevimente,20
junker,138
coltare,152
schietto,27
polder,698
prognosi,84
sinteticamente,140
esplosivo,46
accentuato,294
lavorar,31
portogallo,142
ficus,95
papere,347
michelina,523
rumeno,142
lamentavare,130
lineo,10
ricade,18
scioperavare,155
antenna,5
atollo,68
preannuncio,33
valeriano,699
barbare,151
bembo,16
maestro,137
hansen,523
affinché,100
fondiario,126
interazionale,75
dovuto,31
massaio,136
crova,15
natalizio,28
montare,111
avvelenare,176
trafila,62
forare,581
scarta,57
prevalente,134
dondolo,511
segretano,88
disgelo,52
militalo,56
insigna,18
investigare,158
miseramente,46
sorvegliato,36
muggia,185
epocare,241
riva,16
allegrio,159
inanzi,3
michel,1059
commidere,85
illusione,208
matematico,155
tregua,18
tufo,270
isotta,64
luogo,39
diligente,25
tonificare,85
riempito,32
baccello,984
stravolgere,265
drasticamente,248
segheria,268
cinema,42
panagli,63
ideologia,395
anatra,451
spinger,11
seguente,14
palio,84
colorado,510
depere,14
azionale,68
iris,675
ducale,71
panificatore,152
oslo,56
dovessimo,368
malesia,202
fascicolo,61
spiegel,23
elettorale,25
nozione,175
cral,11
rivivere,143
infondatezza,261
brodare,114
shantung,114
farcia,194
fogno,13
estare,478
filoso,103
technicolor,307
detectivo,642
concei,43
allarghare,56
siracuso,354
implicitamente,416
jeep,309
aspe,5
cit,7
farmacie,34
irrespirabile,302
scaldare,310
accesso,17
circolare,25
timo,16
raccordo,5
tot,27
poker,567
oasi,21
paradosso,266
conciso,39
cattivo,63
cugina,423
cottimista,8
autoritarismo,363
glene,108
elia,58
lauco,145
atterra,114
istigazione,133
curio,26
forzatura,144
addizionale,67
mach,379
concittadino,45
consegno,18
evasore,20
tese,74
avversa,92
dogmatico,382
poveretto,603
plurinazionale,538
sottovalutazione,425
camus,242
domadere,951
curare,28
deferente,19
ulsp,37
ribagliere,333
esausto,41
acore,181
orazi,124
ignazio,196
antimperialista,119
fortuire,113
moderatamente,363
alipio,23
legale,54
snodare,84
cortesemente,112
mandamentale,33
impegnativo,37
puntiglioso,125
rozzone,308
meccanica,94
picchio,184
organista,31
chiamato,9
deliberazione,127
orrendamente,90
svoltae,92
sacre,22
bancario,26
tornato,25
emolumento,197
coperte,172
naufrago,47
coto,22
canzone,122
castelbuere,618
diffido,27
verona,348
prevalere,347
trillo,194
superpotenza,138
divellere,266
sopratuttare,511
consente,156
nolare,151
prospetto,120
dagare,108
tea,115
besano,498
dupont,359
conteggio,75
sovrumano,55
clamore,26
prorogare,54
brandare,144
civitavecchia,254
viticoltura,113
geograficamente,99
particolareggiare,230
lesionale,24
pretendire,125
congregazione,40
raf,43
prelevamento,66
alienamento,220
pizzetto,654
rischiarare,241
sgozzare,857
merano,275
lacerante,40
acquaro,782
soccorritore,198
pesta,51
lo',209
rassicurazione,42
giardinetto,437
rosetto,609
enciclopedia,99
marcatura,341
pallante,346
farsene,145
mete,7
votere,63
represso,39
millecinquecento,158
botanico,201
vedrete,94
acquazzone,349
considerevolmente,218
vendemmia,42
osco,69
ottavia,585
nonna,8
abriolare,164
estinto,16
scomparse,52
specioso,113
pizzico,305
fiato,27
tentatilo,43
uscito,19
vana,8
intercore,22
degasperiano,189
comandio,59
assegnatare,122
esempio,39
cosmonautica,61
montreal,359
periodicità,47
interne,20
commendato,59
sperabile,110
roccare,361
attentatore,149
forde,9
confedera,124
disobbedienza,159
gallale,669
globalità,462
lottere,34
industriare,166
catenina,333
mozioni,28
saragattiano,199
test,1
colore,103
fornaciao,207
stanzetta,126
stelvio,208
distribuivare,76
disastrato,109
bale,140
profitto,106
spiegabile,197
memoriale,20
lamentale,20
angario,466
pedante,21
coinquilino,46
affondo,35
katia,228
calvino,611
luigi,539
rimozione,52
assessora,37
insulto,168
guanto,127
park,46
metallifere,184
allucinazione,150
quiescenza,66
miracolo,30
proprietà,73
iugoslavo,130
ccl,19
apertoso,49
sampdorio,408
sindia,32
lesionare,67
modificare,123
attene,17
abilitazione,62
lercerò,234
fmgd,201
civismo,209
smaltire,75
cooperativo,70
diciassettesimo,140
allerto,179
consueto,20
torgere,634
collega,26
ciare,576
brezza,34
vige,10
ragion,8
compassione,175
approvare,101
mandare,102
larghissimo,28
bertibello,248
cioccolato,357
xxiio,19
conglobamento,113
spenda,30
bagnante,118
toronto,139
sorse,28
grandine,130
viesta,9
venutase,37
derivo,26
lusco,87
autorizzare,113
brema,36
domenicano,262
varco,38
trasimeno,159
arnese,499
bruciante,9
evae,25
passerare,102
piagnone,102
innocenza,94
debolezza,163
tacente,98
esigere,156
relato,32
ridolfo,356
applicabile,74
rimarrebbe,71
acciaieria,159
atteso,54
quasimodo,662
dafne,564
intendere,403
serrata,111
crudezza,136
elione,62
appare,233
dole,95
togliattare,80
assistare,59
isterico,188
arancini,850
dedire,21
carrozzeria,163
coesistenza,123
inevasa,65
sfilare,79
ternare,157
calano,274
soperco,178
rivendicazione,68
contromisura,261
smercio,82
rondò,127
direttamente,68
antenore,17
liberta,37
castellare,528
radiodiffusione,36
posu,108
dollaro,32
dalmato,269
rimpatriare,28
facilitazione,36
argento,61
avalla,36
orba,23
avvenivare,244
radunare,110
rinnovazione,184
inesperto,149
tel,57
scaduto,37
atanasio,618
soggettivo,649
tinte,58
conglobare,100
galeotto,1274
conduttore,5
slam,31
oppure,149
pastor,10
nastia,3
sobrio,281
firmato,30
sagace,478
regolo,15
cucirino,134
adoperato,54
perennemente,94
calcole,17
bisacciare,716
inesatta,48
impegnale,9
dedicare,19
intersindacale,259
diametro,51
uniformare,155
aggressivo,87
vorrebbero,241
farfalla,205
ratifica,36
seicentomila,125
automa,40
diname,2
marchigiano,143
giubilo,34
proditoriamente,144
dolcezza,214
svolta,47
deteriorare,129
barricare,259
astrolabio,20
personaggio,167
applicativo,69
elegger,86
cardedu,635
ricreare,9
uffa,2
meduno,1190
resse,6
velenoso,105
aidone,64
azzara,407
ime,251
prospettivo,127
inarcala,47
goliardo,7
presente,58
lavorino,54
smaccato,162
eneo,7
indicavare,81
attiguo,136
dedica,11
nolente,13
catrame,324
pullman,93
altro,154
nuovamente,63
curriculum,89
centralizzare,267
presentai,57
barbiturico,401
guardia,36
medesare,709
concerto,150
trampolino,41
luchino,519
commerciale,22
argenteria,39
adoperare,129
bengaleso,320
prese,38
boniface,165
belvì,331
rilevazione,169
altarinio,785
espositore,29
rieti,329
attentato,57
annabella,633
quiete,26
alcoolico,183
pesco,27
pauli,63
condurre,54
mauritania,110
ferrere,1718
baiso,270
agliè,42
rolando,869
neuro,79
servie,13
revisione,175
indebito,42
arresa,39
mediorientale,96
suppone,23
concetto,134
analfabeta,10
ritta,15
suzuki,825
mezzanto,24
richiamira,48
dirottatore,91
daiano,226
bombardino,62
tabacchicoltura,164
spartizione,12
promesso,12
fantastica,77
sbirro,388
bustarella,436
pascal,217
proposizione,330
scrollare,313
martini,788
confine,56
acquistare,32
ciociario,153
tomo,24
vicinissimo,337
ateismo,217
individualità,189
assumare,40
pochissimo,183
crisi,31
weimar,439
voltaire,624
uilo,202
giglio,1394
ambasciare,56
regata,214
registrazione,61
maggiolino,196
speso,36
accomodare,81
staccato,108
fissare,36
preghiera,45
farcela,217
diavolare,567
frare,514
conseguente,243
fabbisogno,78
odissea,49
compatibilità,233
risolve,70
agostino,590
sfigurato,137
inteso,117
funzionalità,250
concedere,45
visivo,62
raccolta,16
david,87
loreno,684
contrastante,153
bilaterale,97
sfilata,30
gerolamo,954
grattacielo,85
acclamare,53
stura,3
carco,19
crescer,11
oxford,237
ininterrotta,38
pensiare,27
indossatrice,303
fermentare,165
suonare,15
elucubrazione,291
crudelmente,238
lametta,29
interrompere,56
rimettere,26
competitività,330
nitido,81
seduto,14
approfitto,18
tumore,155
malandato,91
servetta,827
introitare,205
questionario,22
subcontinente,136
piangente,305
concimare,161
tirocinio,18
riguardante,43
derelitto,57
diverge,26
sigle,3
proseguare,46
scavalca,125
suonato,36
mirko,72
congeniale,436
berluto,459
conformista,244
ristrutturazione,391
raccoltare,41
beccatello,2026
famigerato,27
macina,364
accentuazione,711
parapetto,733
sottoposta,10
rilevira,82
tosta,26
congiungimento,61
grama,63
riquadro,10
pretura,47
lottare,82
ravennare,259
indocina,137
ovviamente,552
ammontare,169
polonia,76
prenderare,127
furiosa,94
vece,77
padronale,71
messinesa,187
dipendenza,40
rime,7
dindon,450
quoziente,38
uso,28
bica,46
legislazione,104
concreto,227
somalo,117
condanno,115
esprimere,70
ecclesiastico,79
intensamente,68
procedure,34
estella,27
saulo,93
adottere,48
vara,4
manufatto,212
occidente,116
cos,141
ortivo,18
verrès,70
sirma,111
disassemblare,130
sentirere,740
strevi,23
feriale,16
compimento,43
saccheggio,52
celebra,62
cucinare,55
ccv,426
caserta,341
rerre,322
raccordare,19
agnellare,53
antitese,434
binetto,8
sacrosantare,92
ferrovia,42
arno,140
eleonora,553
davis,34
legamento,34
incidentalmente,205
forestale,52
arginatura,196
rientrante,16
marno,910
bandinella,864
fiancheggiare,370
implacabile,246
arcano,136
fuare,430
pranzi,19
angaria,174
pianterreno,175
caterino,612
francia,134
inderogabile,103
suppellettile,252
scarseggiare,230
protese,30
binoma,26
taylor,285
rivincita,49
nodale,56
caccare,130
flero,62
provocalo,51
concezione,445
tosse,6
manicomio,133
marene,277
pernicioso,282
europeismo,167
operosità,109
stornare,239
haifa,269
rss,35
vinsero,60
comitiva,68
albert,458
alimentarista,127
ago,16
maderno,587
radioattivo,166
coincidare,58
cingento,19
erica,149
appresso,36
tifoseria,153
settemila,122
parca,22
finnre,109
marittima,34
asciare,381
ital,18
beha,37
breda,11
bloccare,49
dimestichezza,402
eddy,299
chioma,753
subentro,20
rassegno,6
autocratico,271
olivicoltura,122
affidale,32
settantamila,83
capodoglio,208
bardare,187
annientamento,85
amalio,133
tester,701
amicis,9
coltellata,338
frodare,63
abilitanto,44
eur,16
sognare,127
germa,20
pattalo,20
svezia,120
pintore,245
coppa,153
balaustro,47
nazionalista,275
dracula,400
sollecitare,115
aerostatica,35
bresimo,43
zagabria,290
incolpare,214
incertezza,102
bozzolo,1071
disgustoso,319
palazzina,154
funivia,353
riguarderebbero,167
brini,936
diffidare,253
esercento,31
cinicamente,274
islamico,251
fomentare,65
importano,49
volente,149
calenzano,22
catanio,343
binale,8
esigui,82
baronessa,377
liquida,11
portone,290
schubert,512
pascetto,770
anticostituzionale,252
ministra,60
panzanella,234
essenzialmente,577
anulare,172
acquedotto,39
stazza,75
ceroni,166
agi,55
ovidio,787
procedimene,24
accolto,20
approfondimento,316
ungherese,72
consegna,19
eccellere,140
scellerato,152
eccedere,158
shock,334
dada,56
dichiarare,111
fattore,120
dunque,272
creditizio,124
azzone,29
supremo,10
aggravio,62
fuma,11
alesre,391
sopratuvere,400
quino,1020
sterminatore,145
estorcere,214
duca,12
determinarere,336
campano,218
segnaliare,27
rally,91
firma,16
domingere,137
accomunare,167
pippo,8
manicotto,559
polsi,117
lunghezza,35
rum,15
larva,4
intensivo,45
imposo,16
fiat,98
malavita,65
aiuola,466
afa,5
celtico,259
anona,23
costituire,62
indiavolato,752
atm,14
uccisione,188
tiranno,62
gabello,801
bisogna,50
regola,26
partecipi,18
delato,107
bandiero,44
inquadrare,64
drammatizzare,173
ciancare,499
setere,102
improponibile,100
governante,75
torello,1057
promemoria,59
cinghio,231
trombato,13
north,445
danzica,146
rossino,368
coll,69
tecnicistico,453
dimeno,29
sostearr,49
pote,54
faentino,565
racchiudere,105
accorda,47
bancone,35
intrapresa,44
bit,173
violentare,446
realismo,248
assiepare,196
aerea,196
canyon,649
pc',194
purificazione,228
figlio,188
claro,169
minutamente,319
opprimo,145
carcassa,300
migliorativa,73
mezzadre,69
utente,40
indocino,138
adolfa,311
conone,6
cineasto,85
bluff,31
benedetto,674
relaziono,25
porticina,115
arrampicare,682
bito,42
unuro,84
aprir,37
iosa,7
cogitato,37
teti,12
gonnellare,102
annona,10
presuntuoso,450
facendolo,81
siderurgico,121
ripare,27
pamplona,303
individualistico,529
complicazione,65
idraulico,46
nicolo,361
sfuggono,46
estato,24
gire,218
tenera,9
peregrinazione,349
anas,22
garanto,70
eseguono,7
sonno,133
alveare,293
slavo,30
glezos,36
erario,8
adriano,503
chiese,38
ardenna,116
aussinare,335
schiavo,78
argilla,596
uccellino,822
nido,12
venia,9
stufa,78
anticomunismo,365
rimpiangere,195
svoltasi,81
sfar,32
lamio,13
corteare,160
processato,17
ulivo,241
centralo,39
nassau,111
cabina,26
manovrare,85
traboccare,446
eccellente,187
arreco,37
comunicato,46
agata,154
reingaggio,18
svedese,91
lunga,18
cinquantasei,173
petrella,637
boxare,554
scappatoie,71
riposare,136
stupefacente,45
mediana,383
milare,108
definitivamente,113
realmonte,63
infere,4
fermare,89
rho,46
fior,31
caste,87
gabbione,63
fossile,41
tristissimo,198
pubblicazione,114
turandot,324
esco,8
guarnacca,685
dimore,44
accantonato,87
quest,86
madonna,349
maltrattamento,114
ricomporre,44
contrapposizione,730
teppaglia,223
intendesse,304
inopinatamente,288
flagranza,9
linea,16
aggio,7
anziture,117
varano,76
asservito,246
curiosità,113
cane,27
benevento,332
incendio,58
fao',521
cesare,868
sfinire,585
anione,30
fascistia,161
operaio,72
columbia,218
salve,10
barrasso,345
autonomistico,204
nazionalizzato,113
quotazione,119
bonifacio,126
irrisorio,53
regnare,24
sila,8
espediente,115
taiwan,114
bellocchio,1243
ogm,246
faticoso,27
liberio,24
torrido,138
promontorio,348
anziché,59
schianto,550
risaltare,170
lusingare,131
nutrizione,45
illegittimo,75
oriento,32
gara,206
ragionier,45
ceduto,6
collettivo,25
maldestro,264
posta,3
ionio,100
dispotico,281
carenza,94
teine,296
ordire,134
contestabile,379
clientele,21
posizionare,157
las,142
imperiali,60
magnanimo,54
second,17
smistare,60
attribuibile,158
razzolo,237
fuoriuscire,345
visconte,8
impruneta,315
doloroso,62
ridimensionamente,204
calmante,110
calende,5
cassinello,1638
intransigenza,62
cominciarere,162
proteso,38
mondale,16
funzione,71
astrattismo,405
combattivo,59
zattera,300
esperto,31
specializzare,55
malthus,120
terrò,43
punire,81
massacranto,99
fase,6
parodia,156
gais,370
radice,15
minsk,239
azzurra,317
cianciare,234
garibaldi,53
mistico,225
sidecar,178
caseggiare,237
bundeswehr,69
ladro,138
penare,72
organicità,430
passatempo,152
bresciano,406
descritto,121
fiandra,311
proponibile,117
gianmaria,1185
tardiva,64
ganza,58
frosinone,260
interessantissimo,246
vegliardo,17
todi,118
perimetrale,24
ferrame,126
ottusamente,382
covala,41
colorare,368
estremisto,187
refrigerio,224
procure,19
iattura,62
immensità,46
pedulo,58
padello,413
ciabattone,1007
varo,18
torturatore,229
accanire,76
pericolante,77
tozzo,720
destro,82
spago,15
parlamene,24
proietto,49
balio,15
tiburtina,95
timore,106
patologico,188
lugnacco,115
averso,14
sottopassaggio,125
cimo,18
trenino,300
memorandum,40
preventivare,91
peon,42
sciocco,160
marisa,582
sindacali,139
preparandoso,40
lucrezio,97
anconitana,315
pergola,325
puntato,16
duro,22
monzese,839
manzo,345
audacissimo,44
di',246
wilson,517
staro,25
intermittente,51
rivesta,11
icona,28
duolo,54
trasformistico,380
federate,75
autarchico,254
organismo,35
risolutezza,111
sequestro,49
giotto,951
sistemista,107
imitazione,216
abituare,351
mercatino,104
menomato,28
incarnazione,128
figlioletto,588
duettare,1003
fonteno,2
cerfoglio,742
reggiare,341
bozzone,213
piccine,54
riassumere,83
anniento,9
comportino,26
dettano,82
terminato,56
scrupolo,59
tabulale,17
viuzza,429
diversità,99
infortunatoso,226
loto,99
affilare,242
ridare,142
papadopulos,66
gaspare,142
cagliari,322
superiore,14
presellare,351
contraddistinto,217
frase,39
adeguato,178
gita,27
fabbrico,117
abarth,788
anticoncezionale,582
news,102
facinoroso,175
leo,716
esedra,89
questiona,82
elettrico,49
avile,14
consuma,30
portoricano,140
amministrativa,37
elettromeccanico,257
rimettare,66
disumano,97
esprimeere,100
stilisticamente,543
calamita,11
ostile,127
magliolo,322
ancorare,95
indoratore,150
detraere,60
mesetto,544
azzardo,330
bittare,200
faeroer,382
vessatorio,114
sottosviluppato,131
carrozzerio,181
fraterno,71
vincolare,98
prospetta,99
durone,198
miliario,10
mancò,62
salernitanare,443
ine,86
aperitivo,64
nefasto,240
preoccupazione,121
sfavore,13
indare,159
titolo,18
segretar,44
scoccimarro,339
filcams,182
norma,110
preistorio,191
callo,159
bloccate,43
belisario,790
omicida,192
pedagogista,105
siracusa,329
rae,29
melilli,1243
ricorrere,39
abbigliamento,108
sperimentare,60
difendeva,40
aggressione,90
tulla,28
soriano,492
mitragliare,371
alvara,229
grottaferrata,583
scoprire,159
ineliminabile,74
sospettato,117
attinta,21
formo,9
permanente,32
kart,846
inumare,23
monteverdo,363
fodere,370
sociologo,87
volutamente,316
università,50
oscillare,35
saccare,145
intercomunale,72
mentere,149
televisore,29
custodia,23
grisù,99
finanzia,72
crumiro,2
primeggiare,430
pozione,100
penelope,601
accensione,121
garantire,95
reclamavare,116
specco,53
armino,269
barbine,693
provincie,33
machiavello,135
liberato,192
cessanire,53
importane,47
soffio,293
possedere,23
sevizia,191
claire,138
osso,128
dissoluzione,121
concordiare,75
battibecco,98
cedente,12
leccere,372
picchiare,433
attua,27
lollo,68
assalto,46
insoddisfazione,108
stanotta,105
boga,697
applaudire,61
astensionismo,29
adottare,55
cuce,12
alcione,561
amburgo,75
stanziale,37
sconvoltare,197
insidioso,235
morano,1092
carovana,39
vinco,11
tesore,5
masticare,207
flm,147
singapore,298
sfoggio,81
ah',23
raffreddore,81
tatticamente,356
precedentemente,259
scarcerazione,114
congrettere,38
punto,3
culpa,60
fondatore,71
muovo,4
sangue,9
leninismo,173
illinois,313
fedelissime,34
arroganto,37
arabia,166
barale,266
ufficiato,33
trentaquattro,178
rinvi,10
quintino,1018
heinrich,489
edie,5
presagio,31
socrare,47
nereto,147
ardeatino,126
sminuzzo,178
cadetto,631
ghiacciao,156
belluno,306
becero,222
ollenhauer,175
verter,40
stelo,41
sensibilizzazione,766
macellaio,56
bolla,21
panama,229
upra,136
immortale,13
telespettatoro,35
belve,155
parmigiano,56
persistere,275
eisenhower,121
lussu,4
snidare,492
vasta,15
telecomunicazione,35
antisemitismo,258
propagandista,62
capitalisticare,319
carbonifera,133
divenivo,29
giorgia,574
istruzione,27
federare,30
nedo,51
ridosso,199
astaco,11
riuscire,96
indistintamente,228
fondico,5
informazione,56
platea,35
lineamento,315
denigratorio,218
tera,28
centinaiare,281
coprifuoco,17
fgcr,41
pretore,59
regolarmente,29
arrabbiare,658
osservar,38
pareccare,116
prefetturare,67
comperare,243
affina,30
sociologi,121
antincendio,95
partecipo,17
direte,27
brutalità,201
anteriormente,52
avvicinavare,170
caccio,33
procacia,6
inghiottire,608
contradode,190
consta,8
luca,26
iniqua,37
esercito,115
magistralmente,71
volte,34
aperturare,53
signora,64
valore,6
superavare,127
bisturo,22
peu,0
bienne,11
diagnosticare,168
scampo,59
squadrista,160
anteo,33
piccione,33
rca,3
impastare,210
disorientare,425
dilagare,60
macellare,121
govone,65
baschio,7
mansueto,31
schiaffeggiare,673
ritirato,8
due,110
ipotetico,284
risarcire,38
replica,14
cordato,11
tago,367
infatti,374
trofeo,109
diva,36
pantera,19
mondano,50
tetra,42
ragno,241
allea,152
programmatico,139
baliere,14
interpretare,38
condanniamo,135
delitto,153
rietare,99
coalizzare,67
deliberante,142
sgomentare,617
julian,531
riparare,38
palermitano,58
medicinale,97
ilo,300
tazzina,121
torea,29
pretesa,204
contemporanee,117
sonetto,789
dalia,10
rossa,332
esilarante,196
tripartito,67
taciuto,165
doppiamente,156
discreditare,258
eccezione,9
ricomparsa,29
spallo,271
conseguito,27
itro,116
inesorabilmente,205
intenderebbero,511
riassunre,20
dignità,42
intellettualità,158
operator,17
tessuto,35
perdare,371
leccio,360
atroce,124
tait,179
scorporare,44
diffamazione,78
nascosti,74
rimbalzo,143
sopportato,140
ribadire,107
montescaglioso,75
casellante,74
svolare,59
esercitato,43
dantesco,24
radiazione,180
matura,28
vespa,451
inefficiente,122
devia,22
aranto,72
agevole,25
ferrucciare,420
nanni,242
normanno,186
mentale,110
alfe,37
cognomo,25
vogliano,327
autotrasporto,91
stagione,27
fante,21
moncone,95
prevale,37
precedenta,23
rocciatore,409
emozionante,77
alicare,190
procopio,57
fernandina,363
formazza,113
ristabilire,45
stamattina,64
numero,9
ristampa,66
confezionato,239
sostanzialmente,298
glisso,590
genericamente,397
mecco,13
rotto,53
manifatturiero,209
schema,38
classicissima,89
manfrede,591
pettegolezzo,215
onorabilità,43
permangere,100
toglierglio,197
rieto,302
deportato,67
giancare,421
taverna,484
udere,468
astema,10
comprendere,172
posillipo,210
collaudato,81
favillo,778
primario,9
licenziato,90
tinare,409
ospizio,198
opprimere,248
antincende,67
campidoglio,23
sconvolgente,134
lucare,179
macco,19
battagliero,26
gradualità,196
ferraro,41
filcea,122
riveda,163
sfrenare,56
sovrastare,272
signare,92
calcutta,146
vistosamente,307
mascheratura,79
osaka,120
ladino,62
tematico,221
austero,4
divieto,9
ittiro,43
-l',27
accadrebbe,190
dimissiona,45
autobotta,334
solzare,216
dissare,330
aldobrare,1271
provengere,70
assocare,47
sbloccare,23
razza,3
bilancio,12
vestiario,99
rifugio,79
borghesia,100
sdegno,79
trattativo,78
ridur,18
flacone,48
psichiatro,75
falso,66
spriro,12
mediano,499
bente,278
insolente,50
pania,8
uidio,140
parificazione,355
sgombrare,108
passalo,43
olimpiare,159
bottone,275
riprodotto,90
lestofante,618
partitino,151
regime,32
polistico,204
lassù,67
licio,14
campeggiare,217
infruttuosa,19
dispendioso,59
gemma,389
stona,115
rendere,19
stravolto,218
stimolo,186
auspichare,134
promanare,295
maxwell,1132
ramare,251
burocrazia,31
stola,59
stame,4
vogo,26
marx,177
baita,212
sanre,60
sfuggitare,647
declino,23
gand,238
spenti,60
producano,96
balaustra,86
berluscone,947
linearità,278
tantum,10
affezione,100
feoga,40
doriare,689
brasile,159
investigativo,68
ingiurre,176
stremo,9
articolista,28
utilizzo,46
stanziare,53
antimperialisto,141
cartiere,139
immergere,484
simpatica,83
soggiornare,23
rispettosi,18
naviga,41
amareggio,316
conseguimento,33
pupillo,151
bracci,86
strutturalmente,618
boccio,317
indicere,33
galere,106
madone,562
debita,57
percolo,3
retata,22
mediazione,62
crotonese,282
grata,11
tartaro,225
scalone,186
erere,96
inconsistente,472
riconsiderare,490
nugolo,326
paride,602
assegnano,25
pella,163
cappellai,477
apprezzamento,90
fisico,36
cooperativistico,163
psicologo,41
invocazione,42
lucidamente,191
nudità,33
esaurimento,77
omaro,50
an',26
spiacevolo,148
iniziatasi,60
raffinerio,109
tiberio,116
girello,691
opa',164
impaccio,206
caprinico,1405
solista,353
bottazzo,727
cinesino,98
disterò,12
quindi,289
lanterno,10
parabola,186
guinea,120
scenografo,279
allocco,637
garofano,746
marcale,16
moderatismo,439
assumeere,86
molletta,14
censo,29
trasformazione,254
mancato,15
notes,59
gonza,240
contagioso,52
fatato,16
labirinto,245
angiolino,1106
sbarramento,189
asciutta,215
macellato,133
rinuncere,159
umorista,201
ingannevole,331
possesso,13
australe,37
fiavè,137
carcerato,97
isacco,591
ip',192
lettura,59
butto,36
virginio,369
dedicheere,21
giostrare,683
acconte,19
esperie,16
mezzadro,86
chilometra,42
michela,870
monopolisto,103
capitare,373
tic,14
disney,232
ornare,302
cif,2
nevada,209
avitare,89
puntellare,361
formarere,238
integralmente,48
potabile,159
modellare,104
giorgiare,1263
tuffo,57
torcia,220
algua,41
nascondiglio,326
tritolo,120
buonarrota,65
fascismo,157
christian,378
arredo,72
zitto,136
smacco,59
lascia,18
straccivendolo,611
bilanciare,25
partare,70
sorvola,76
day,127
luigia,1200
henry,770
continentale,56
cordialità,85
imbrattare,639
procedente,58
cirié,44
asservitare,320
ibernazione,73
olivicolo,63
traù,31
venticinquenne,173
austria,71
obbiettivo,30
depressivo,135
proseguimento,55
sampdoria,346
fiaccare,192
peck,252
bering,416
otterre,20
captazione,246
capisco,215
rapimento,153
disoccupazione,42
scorretto,45
esonerare,54
torre,76
sciavo,420
menzogno,125
deità,3
neghare,142
prettere,125
merino,403
svelare,82
propiziare,223
vallata,135
chiacchiere,235
svoltisi,50
schiaffo,309
armstrong,335
spostare,78
iscrire,12
consistire,284
stregone,37
rapacare,138
claunere,125
pallesco,69
gioire,134
grafica,46
rossellare,323
in',204
missione,23
camicino,567
oronzo,21
sistemato,72
deltoide,168
ledare,107
attivamente,136
auge,266
rischioso,227
qualcuno,300
minestra,173
capolista,99
riconciliare,96
malaysia,343
cnrn,59
vendare,68
tabaccheria,112
ordino,11
faenza,130
indiare,81
intesa,69
rosea,22
esposta,13
umts,41
cirio,37
sbiadire,825
emotivo,101
raccoglimento,35
introvabile,159
nanda,84
preporre,97
staffa,79
sante,239
complete,17
multa,11
kefir,698
latero,16
abilire,10
gregorio,628
messo,18
tonio,184
lena,15
trattazione,265
carinzia,88
persia,62
delusione,101
cerniglia,409
accuratezza,65
amos,40
imparziale,43
indilazionabile,392
dialettica,269
segnatura,158
forense,8
scandinavia,126
usco,258
cozia,15
lussuoso,63
colle,115
percepire,112
sofà,127
assertore,81
firenzo,277
credente,128
disperata,125
focacciare,510
weebly,460
inefficacia,132
padova,322
stupido,277
briciola,43
pregiare,72
valdostano,56
bissare,326
venno,120
conculcare,495
metapontino,228
ragioniero,19
terminologia,201
yang,218
impregiudicare,259
deputale,35
ergere,124
organizza,55
chiarezzare,333
concretare,177
codice,18
piango,88
saronno,545
attivo,34
cieli,5
fotoreporter,53
nocco,207
disciplinar,45
caraibo,85
xviii,47
parrucchiere,166
appena,45
ventata,18
bergamotto,680
veloce,90
statista,9
arcaccia,36
manifestira,58
inoltro,82
aiutino,9
deflagrazione,229
rigelare,135
forte,15
vergato,29
sottoscrive,15
largho,28
sciupare,295
proletaria,91
interministeriale,118
naturalista,538
ordinare,47
espansione,295
fratere,63
giustizia,5
intelligenza,247
amorevole,58
osanna,115
incolumità,14
sentì,66
steso,9
termino,58
ode,11
beatles,436
riesumare,19
appannaggio,435
concertare,94
disgregatore,292
abitar,45
vincare,48
casertano,450
prosodia,232
tutela,33
gianella,711
affluenza,12
parimenti,205
franchirre,123
baciame,349
gpl,139
kafka,485
deirimperialismo,277
sorveglianza,19
difficoltà,22
rivo,9
controverso,139
codare,215
ricevuto,15
odi,3
danimarca,110
franciare,298
ehrenburg,122
bandolo,94
fermento,37
convalida,16
amministrazione,67
contropartita,78
ambiante,72
tutt',64
fondame,17
province,53
lucertola,369
poetare,385
esser,74
degradazione,223
deflazione,178
sciatore,128
endocrino,85
aspirare,7
malvestito,41
legate,10
aquilano,287
squalifico,183
calcutto,123
elea,78
elegantemente,97
manto,30
friuli,32
stacco,39
beffo,46
inducare,383
russia,60
pillola,32
sembro,46
urto,84
transitavare,314
solfa,7
marciano,26
areca,14
cancellata,19
distaccamento,59
proibito,91
trionfi,80
mutato,43
contrailo,98
borbone,239
visto,9
cessare,39
autoparco,107
triangolare,32
pirare,363
livello,38
velio,24
lattiero,99
reggono,10
stopper,437
robertino,786
compressa,28
comprio,9
collimare,365
uzbekistan,198
minuta,4
porfina,283
edison,27
unificato,21
bassare,65
bear,215
mulinello,1212
netto,7
accolgano,67
moschea,221
pronuncio,23
arido,5
lardo,67
macedone,105
pubblichare,85
redino,132
mortaio,201
finestrare,789
tondino,820
fuochista,119
bowling,616
torace,270
praga,94
interpellare,45
continuerebbero,473
gromo,41
ordinativo,130
bigname,87
teoretico,423
ottantacinque,186
rinomato,138
allenato,198
spettrale,35
spregio,64
dopo,67
iodico,12
fassa,24
volonteroso,102
veemenza,117
avidità,127
complimento,121
piadena,50
pubblicistico,166
assurde,199
bure,96
desto,12
andorare,455
macera,231
ripondere,240
manifesto,30
redattare,116
permeare,57
lee,16
mcm,76
calcola,39
resterebbero,182
vincenzo,827
nuoro,160
lascare,74
superiorare,38
flag,12
nillare,207
anodo,2
detrasso,48
ripercorrere,62
times,156
virile,280
esulta,5
espio,22
jim,471
comprato,176
garre,88
contrappore,570
scout,669
thailandese,230
airolo,97
frasca,126
motonave,109
spianato,67
gatt,42
pessina,262
pinna,125
ravennate,172
sanato,36
foligno,142
interpellanza,63
folclore,145
insediamente,34
nitro,79
sterilità,157
interessamento,66
banner,301
fiero,16
invitire,91
regionere,33
manco,149
pubblicizzazione,249
protettire,195
metropoli,13
cremlino,30
impazienza,105
allontanare,206
sommario,108
retrocedere,104
bracciolo,358
motonautico,53
baite,131
piare,332
asportare,276
onofrio,118
adrianare,353
connivenza,195
funzionamento,167
presumibile,27
deprecare,73
consci,180
snellimento,328
fil,1
sfogare,455
ghiera,23
stabilito,53
sestriere,95
compartimente,22
spugna,30
favorevolmente,49
aerar,110
venezuela,121
viatico,22
fuori,15
stralco,29
connotazione,316
lentezza,70
glio,57
cremonese,364
lenire,134
filetto,588
nordatlantico,103
ammonizione,51
siamese,160
sentenza,60
insetto,205
battimento,8
invalicabile,25
unitalo,130
manca,12
clientelare,88
particolar,115
preminenza,181
scoramento,347
benché,85
fragoroso,99
moto,22
parcellizzazione,494
ipco,239
washkansky,455
istatre,187
hiroshima,74
tecnologia,94
accanita,40
camere,29
garzante,139
aro,344
sinodo,32
mutilare,25
feole,122
accorgimento,83
fargo,23
flavia,217
lunar,73
moltissimi,72
discosto,99
scherzosamente,581
ripescare,368
wilmare,98
lupi,176
xxiii,25
tossare,43
liberte,27
bimba,37
ceto,31
ataf,53
disdetto,86
propagandare,129
conce,9
conclamare,82
componere,38
assolutorio,53
pool,29
scaramuccia,1755
soggiogare,39
già,135
celesta,154
congenito,172
subilo,21
marmisto,10
occhino,19
lattina,85
violentissimo,115
casone,1202
avvi,11
bobina,43
alte,3
ammannire,206
triplice,12
michael,582
clodio,767
ragionevolmente,253
boicottaggio,10
uilcid,157
congo,165
iniziere,86
propaganda,63
immacolato,181
accumulare,36
riformare,264
lico,29
equipaggiare,85
nettare,30
massiccio,24
documentare,42
dalmazia,79
segre,20
sabbione,262
clone,26
moira,457
faciloneria,72
aovere,1169
ctk,73
gliere,244
amputare,135
preolimpico,229
riarmare,102
barbarie,231
cautelare,334
sincrotrone,47
riproposta,98
ininterrottamente,46
andrebbe,65
cacciamoto,67
rubano,69
teglio,148
creditore,43
inoltrare,39
temporale,64
antidemocratico,358
set,62
servo,33
cab,4
penso,19
sabino,150
impetuoso,24
elga,62
barocco,141
inail,85
eseguire,14
morgana,226
enea,6
assolti,58
posero,68
conta,10
piallo,360
biochimico,94
tripolo,181
infernale,80
tacque,86
truccare,67
reverere,37
circolatorio,20
ritengano,176
vasco,808
antipode,20
cannello,383
lavoratole,110
oneta,6
polacco,127
salutare,65
disponare,281
spastico,66
regionalista,115
clonale,86
vendetto,287
confacente,151
presidiavare,250
radiologico,154
adesco,33
stayer,837
moab,178
remo,8
geologe,26
assolvare,41
laere,294
spaziale,102
insanguinare,461
cinematografica,72
metrare,87
folata,272
doluto,26
rotolare,737
venuta,9
tatiano,22
solfo,120
cardè,104
bombardiere,154
propongare,226
espressa,35
sovraffollamento,62
lauro,42
toracico,186
affissione,36
determinata,185
italcantiero,160
freddo,12
avicole,32
malato,218
rudio,7
finché,47
australiare,183
segretissimo,36
vigilanzo,9
sarno,255
rassegnato,75
macero,199
domattina,84
adolescente,335
effettuere,54
mettevare,117
monatto,569
rapanelli,916
liberalizzare,204
circolazione,35
benire,473
gardare,830
birore,163
mediato,11
edmonda,725
abrogare,70
natalina,104
polista,14
saro,7
martellata,211
pagavare,167
figa,11
antiquato,54
ingessatura,219
ribadite,69
giornaletto,105
sentano,10
marzia,8
famiglia,50
tornente,76
vitare,237
amitto,55
speculazione,65
soia,38
dettame,45
attimo,72
invaso,100
torriano,1221
rasserenare,40
impiccato,102
medoro,1079
infetto,236
pignoramento,129
curato,23
acrilico,86
uccellagione,24
fiorenzo,486
raggiunire,32
suddividere,35
terrorizzare,386
bonomia,27
indicare,107
sfatto,259
praso,14
commare,78
indulto,19
occorro,26
balena,138
cairotio,132
cosi,589
evi,8
mimma,200
martoriare,359
cassetto,53
messico,169
olezzo,53
ieri,69
autofinanziamento,345
negato,11
irrefutabile,289
discorrere,125
open,118
giovanissimo,315
interroga,30
razzo,118
problematico,451
baldo,1186
tenutosi,46
ironio,99
astore,174
qua,166
formare,60
errante,35
imprigionare,170
robert,443
anco,9
zola,230
minale,7
diramare,39
campionissimo,494
atteno,12
apporto,53
usò,37
pluralismo,373
distaccamente,105
porgere,25
fedro,636
corale,7
tempestivamente,86
bullo,156
ritorsione,87
nonetto,1627
drogare,55
unici,9
acni,58
prato,461
tracciare,38
tatto,100
papare,201
oppressore,114
stagionale,11
one,6
idro,17
animo,93
anastomizzato,71
hong,219
abanese,158
sorpassare,247
tatù,161
nenia,131
spodestare,704
utenza,67
lanterna,5
padrio,26
obbedire,36
eredità,15
centrai,36
citire,124
poe,83
malversazione,29
cartignano,647
petrino,980
ermare,309
ridire,218
scandalizzare,296
animatore,45
benderò,585
divano,168
scontrare,83
azzeccare,860
anquetil,430
cinta,74
conosce,44
ponderare,143
risolvare,131
affine,11
sepogliere,317
coso,437
onesto,37
figliola,307
cogere,85
dogmi,222
alterativo,473
cellona,50
carabine,85
radicere,30
detenuta,56
willy,239
baseno,147
deposto,42
intensa,32
avvarre,155
costruttivo,97
aurelio,444
presse,8
parametro,87
recavare,190
rodere,259
tirato,34
sistina,345
separatamente,121
tengere,93
piantina,88
collettivizzazione,481
premeno,7
fidac,134
ricambiare,42
sciolgere,57
angelina,1148
apparentare,96
dente,5
ostruzione,47
rinascimento,41
risotto,32
sferrato,99
eticità,68
domato,17
tenessero,93
mecone,189
vietnamitare,143
mazzè,626
costitutivo,68
assere,356
nazio,15
venduto,101
maccare,54
finissimo,419
bottegaio,23
meccano,33
tentazione,186
msi,61
compagno,236
rimarginare,177
falconara,97
ermellino,680
aldeno,22
farmacia,32
granelli,497
insorgere,37
rinvio,33
bombardare,179
confinario,19
elisa,147
saharare,136
razzismo,70
infra,9
tona,68
soggettista,57
spiccato,17
agirare,168
succedutiso,27
moscere,180
saper,61
artiglio,115
suello,368
ulster,92
indicizzo,23
arrigo,430
novantina,171
irrazionalità,657
ricacciare,322
concistoro,33
messinese,131
pantano,35
operazione,4
ristretta,8
valutare,57
ettolitro,67
degliere,174
trigesimo,74
convogliare,119
folte,22
vastissimo,65
dettagliare,83
ardimento,201
officiare,19
deposo,19
mollone,155
dentista,11
risalto,52
distorsione,38
penombra,173
plico,18
accora,53
maiare,695
nobel,306
mezzadrile,96
pariare,154
impiegare,109
riabbracciare,284
competitivo,214
poggiare,103
macchinazione,130
rigidità,61
sussurrare,429
ammesso,32
sborsare,115
costruì,14
appellire,55
discriminante,159
convinzione,189
antares,44
socratica,53
rachele,454
gassare,260
votato,46
ombrettare,519
arba,2
appropriare,103
sfoltimento,219
rhore,384
metapsichico,35
financa,19
carduccio,1017
inneggiare,70
stendardo,185
johann,841
anzidetto,262
cofano,433
finitura,90
gioielleria,198
divisa,19
professionistico,79
reggianare,402
valsa,28
centrocampo,267
presentire,173
vearr,19
alleare,118
venditore,94
intenerire,47
allarmare,108
areazione,251
castagno,548
eddare,935
ibarra,43
amministrativo,43
buddisto,67
liberiano,164
atalantare,456
affianchare,84
strisciante,28
inconsistento,458
delltjrss,189
sofio,18
alluno,20
portorico,23
sintomatico,181
smussare,736
gap,69
ping,240
idrogeno,78
incidere,157
stario,68
vegas,190
oberale,31
contingere,68
demoralizzare,625
dionisio,302
frutta,174
sorare,594
laureare,28
info,12
belgrado,120
molare,161
irlanda,68
orma,1
finalizzare,110
pettinare,220
cautela,104
ricucire,36
timide,33
ettaro,51
consorella,149
nascente,18
pessano,27
mre,356
renania,22
ricader,9
distruttivo,42
plastico,99
presalario,164
pane,17
nuore,8
grandioso,12
risultarere,117
quarantennale,27
largamente,125
torpore,39
vincitrico,148
mambo,922
piantare,453
unitamente,94
ricongiungimento,109
accortezza,121
obbedere,82
plinio,252
profferire,118
intelaiatura,217
serata,38
novizio,81
castigare,390
predisponere,98
impudentemente,771
treviglio,600
meningite,121
decapitazione,196
conferire,27
oltreoceare,134
asia,97
unario,12
esci,7
settembre,52
sovrano,30
licenziamento,59
conca,152
nillo,36
riparazione,61
cleto,45
razione,27
crossare,377
permettevare,157
tali,262
imperniato,6
fernandere,1153
patton,156
grp,61
promulgare,22
remissivo,71
miriade,49
gargano,120
consolidare,120
occultamento,122
bardo,1140
polita,14
immutato,23
apprestere,70
rivincito,182
manifestatese,39
nobilitare,39
introdotre,21
leilare,385
astrofisico,119
recluta,14
acquea,208
indiretta,18
gera,128
precaria,104
faver,392
balletto,452
calcinaccio,394
eros,39
visare,157
car,6
giungla,173
andreotto,105
game,11
navarra,50
grisùo,83
transitorio,34
eloquenza,70
terranovo,462
innovamento,167
mecca,24
squilibrare,64
influenzale,42
provocatoriamente,323
cossignano,213
correggere,133
grotta,193
dilettantismo,84
imponderabile,238
jugoslavia,116
sonu,3
impegnare,52
aspichinina,64
vivente,122
laglio,163
fulvia,119
etere,98
etiopio,176
allarme,15
bietole,74
vedre,14
stranezza,366
decomposizione,62
cannonata,189
immunità,32
qualvolta,309
burrasca,44
concludere,62
gonna,98
priori,11
les,243
masserizia,363
degenere,151
pecorella,1060
comica,167
premiazione,64
cccl,161
abdul,65
artificiosamente,224
riflessivo,131
malinteso,431
inaccettabile,183
rivendichire,39
legger,140
civiltà,83
indocinese,124
logoramento,324
briciolo,47
elaborare,56
bette,479
sarentino,119
approvato,79
mediterranea,43
fuggono,233
deformazione,298
duecentocinquantare,177
rugby,220
praticato,68
diverere,98
giudice,118
miliare,31
parer,8
doge,30
verrebbe,61
solenno,50
destre,24
bizzarra,435
centralità,119
spiano,86
rapino,100
penultimo,127
nostalgia,147
contenente,24
verde,5
logistico,93
ballotto,520
morii,73
asolo,303
avida,12
inammissibile,234
clandestino,10
paganello,282
midollo,198
impreciso,65
erve,7
fessura,200
evoluzione,199
annessione,74
gran,7
intervengo,25
padiglione,26
cagnotto,1625
catenella,144
invalidio,54
imperia,21
frontale,23
rispettiva,16
carolina,418
congiunzione,109
vergognosa,185
canzoniere,241
scare,572
genoa,363
volitivo,108
lavinia,451
deputato,62
ballerina,553
incredibile,145
teologico,205
acerrimo,99
settimana,41
indagatore,95
materialmente,277
pesa,6
preso,14
schizzo,725
caratterizzazione,530
giulio,338
soprattetto,205
diligentemente,327
salvezzo,12
figurere,157
siae,28
esibire,24
ravvisare,93
mohammed,278
adelma,28
laminato,117
brullo,422
coniolo,1182
opa,291
bandierina,348
insistare,130
paia,70
speleologo,133
raggiungere,24
shein,575
tedo,56
pendo,6
aia,161
baie,82
ottanto,153
suino,90
risposo,14
espansionismo,249
linare,559
inimicizia,25
prosperità,42
contemporaneo,303
scoria,228
saputo,98
degenerativo,361
pranzare,36
comasco,413
pilone,168
scorso,47
olimpionice,397
ornale,29
lunede,89
merceo,62
ripiano,17
destrare,138
anticarro,111
goffamente,446
trottare,245
impigliare,1030
contropiede,388
compile,39
filp,181
apertosi,43
rossonera,837
cronache,16
conflittualità,85
dividono,68
taglio,14
negatore,18
beh',28
risalire,27
smagliante,71
requiem,16
fiastra,43
solito,277
care,21
forum,11
perugio,371
oboe,102
nerio,12
vittorino,677
verare,94
scomunicare,45
appeal,13
credare,447
cagli,25
mamoiada,1361
jenno,689
rigoroso,39
oreficerio,298
belgo,166
trasloco,146
paralisi,17
sbocco,22
feritore,255
tranquillamente,212
bui,5
istruttoria,98
lancaster,626
moderato,211
presenza,15
aggiunto,15
paderno,240
annoverare,93
dakaro,324
briglia,50
fiocco,525
proletariato,115
gogol,301
condottiero,31
risso,90
sfio,8
ferve,8
moussa,95
roga,9
ambigue,131
osservere,19
conoscitivo,80
frustrare,240
gollisto,82
ottimale,162
estrare,71
abato,534
maglierio,126
scaturito,25
organizzatore,34
sed,55
bracciantile,146
interplanetare,150
flora,292
settario,215
piazzamente,26
thiese,84
condotta,40
appaio,234
contundente,307
torretta,331
pensatore,142
elimina,11
aderenza,38
coordinato,50
espulso,12
deludente,191
dinnanzi,9
stacchine,131
gemo,20
forzata,16
percepivare,150
ripagare,120
sintetizzare,73
madame,497
plago,63
fuoriuscita,187
sviluppatase,45
chiarissima,171
abbare,68
cumiano,249
compost,21
ballerino,706
commesso,24
positività,263
stadio,25
schieno,166
isida,148
pneumatico,207
contestare,316
tragicamente,130
radar,85
egade,82
apprere,86
persuasione,301
discutendo,72
attesa,19
sproporzione,69
slealtà,447
avana,6
cia,54
scarpata,760
graffita,126
persiano,87
naturalismo,438
odore,94
callaghan,340
riaffacciare,185
incrocare,43
scolare,55
alchimia,73
protetto,86
zaccheo,636
insegna,25
soglio,6
baruffa,452
blocchare,49
piu,2
costantinopoli,110
yale,184
respingare,181
angelica,219
pubblicista,81
tentativo,49
oriere,10
simbolicamente,27
cubire,27
umida,2
appellere,37
filatura,27
ventino,261
reggire,58
battaglia,33
genocidio,116
dure,8
croce,10
ferrare,412
accoppiare,60
regga,115
accetto,50
foreign,100
teppa,66
cinquemila,109
alleato,72
insolenza,107
ripiego,9
costringare,143
conte,101
fusione,34
visire,25
sparatoria,348
plana,7
soggiorno,16
fitto,17
accerchiamento,245
perse,40
palombaro,464
fregane,395
contenuto,90
tesare,313
menu,4
logico,153
irregolarmente,11
imperante,129
calma,21
bellamente,190
robbio,422
cittadinanza,13
pesetare,28
sfiduciare,69
attende,26
savoia,386
socco,13
ascoli,216
lampione,159
adopero,27
uscii,67
saggio,116
abo,16
recapito,66
postume,5
elisi,2
rudimentale,260
capacire,200
pervengare,38
finora,105
chimica,71
giù,16
manovratore,44
discorso,43
furgoncino,635
violenza,206
flettere,311
fortunale,211
gianna,1205
fucilazione,175
servigi,35
preci,9
petrolo,48
piove,41
meritato,128
monotonia,134
provare,158
luttuoso,21
vetturetta,260
compianto,61
apparari,9
modernamente,77
zolo,74
giudichare,114
darebbe,140
anticherai,171
testimonianza,43
corico,88
volessimo,177
triforio,31
telo,18
ennio,10
sciagura,62
lettone,65
ripopolamento,153
bruciapelo,579
belletto,393
redditività,228
spettante,32
arbitrariamente,118
cintare,32
segato,66
ossigene,17
entrante,14
fastidioso,319
vicentine,203
topare,65
ufficiai,33
attivazione,214
macomer,583
frequenta,14
scudo,7
piega,18
centino,500
comitino,28
marianna,1432
allago,125
stamattinare,97
direziono,17
artigianale,59
ascensionale,67
trovato,121
fra,19
bodoniano,44
gentleman,734
pronunciamente,88
diana,356
scomparere,160
applico,12
tafferuglio,122
giocale,45
derivato,31
reggina,227
ferito,76
afroasiatico,128
deroga,90
mamette,6
federatone,84
fucino,123
conscio,203
regalia,7
braccio,96
evaso,53
colmo,72
malta,49
preghare,120
sibare,36
irrompe,58
paralitico,7
umanista,49
promossa,35
vota,33
tank,189
pillo,59
centotrentare,248
nesta,18
undici,127
sincat,35
intervengare,97
mila,81
malico,13
mastroianno,1320
annullamento,103
fretta,112
conforto,44
islandese,296
piedistallo,175
mise,8
collare,538
inre,173
cinquantamila,110
considerare,314
stasera,53
sodoma,22
morolo,27
zeppo,43
turbamento,91
barbe,713
generone,482
binato,31
percare,340
parlavamo,95
impor,75
cresciere,76
mettermo,31
aviario,25
gendarma,137
taccia,110
lento,40
anticomunisto,288
secchiare,129
negazione,443
rinverdire,107
tizia,46
petrone,416
bengala,179
interventisto,27
disfacimento,261
gino,666
follo,33
manna,231
gullo,284
tradottare,91
bora,150
abire,263
polvere,314
lancare,93
cimolais,234
reclutamento,35
sovvertitore,54
portalo,63
mcgovern,44
regimi,81
aberrazione,436
louvre,738
bacone,1077
zero,5
scuotere,79
ergastolano,305
pole,40
scillo,6
vietnamita,78
balneare,116
barzio,307
trastevere,296
aurico,35
pensionamento,219
arrivo,19
bonere,647
stallman,100
chiedergre,107
attere,184
egli,236
fim,126
secchia,96
istigatore,132
broglio,23
imola,303
riprendere,75
doriano,833
fittamente,122
pus,10
squadracela,188
distintivo,35
ricettività,139
povere,154
fratino,270
tripolitana,16
scottare,82
sdoppiamento,229
rarissimo,226
energico,51
mondragone,858
agonistico,46
fiata,40
improcrastinabile,447
discordante,91
modena,203
estasino,78
terrare,133
valorizzazione,242
carlos,230
rimarrare,47
smalto,85
reticenza,291
estromesso,10
cli,16
cistico,159
direttorio,34
mastodontico,186
tiratura,13
lacuno,44
renoso,190
scagni,115
immutabile,116
servire,154
enne,49
palliativo,40
torte,22
falsificatore,79
autocontrollo,35
margarina,79
settorialo,175
dolare,44
coll',38
celebrare,46
solidamente,114
acciai,17
civello,19
annale,32
esplicazione,418
patriota,161
organi,45
eccelso,297
reprimere,94
sfortunatamente,483
spericolato,37
impallidire,927
instancabilmente,174
centimetro,54
luras,75
assassino,391
sortire,96
disamina,80
associativo,93
affido,23
flaviano,717
sabro,258
nenni,86
montepulciano,905
attestazione,29
salario,85
cinciare,365
marcetello,1609
masie,304
scuola,53
svastica,24
ghezza,44
procedimento,65
bornago,473
accogliare,45
matita,73
depressione,242
danese,85
muco,73
pero,15
arbitrato,62
ticinese,20
scortare,450
supponere,304
caere,91
archeologico,50
leopoldiana,369
portante,18
grecare,95
dottrino,198
nasetto,551
manipolo,72
superlativo,131
collettiva,14
noveralo,58
profilassi,132
sconosciere,115
acapulco,866
sventura,111
contrabbando,101
scuolare,56
luana,294
topografico,55
meschinità,343
pulmino,353
rivarolo,979
dedure,27
sindacare,168
parère,375
legume,80
carissimo,236
aggradae,19
saul,16
aspra,25
orbito,72
infurio,95
portasso,103
paracadute,212
finanziamento,173
vitello,296
oceanico,112
attaglia,17
bazar,177
edgardo,666
impresso,30
coperta,288
scaltro,560
patriottismo,287
circolo,0
bbs,132
hans,498
nastro,9
estensione,158
concesio,27
collo,136
giogo,123
achea,355
originato,368
mastroianni,1206
broadway,1074
necessitare,89
conciare,208
slamo,104
nilde,155
ridotta,22
redio,8
treiso,75
novembre,43
vie,14
branzine,1069
pescecano,261
simun,11
florina,812
sconfinato,179
boltiere,614
incontrato,12
spendere,90
indennità,115
aspo,6
futurismo,124
pcp,25
supporre,209
attraverso,16
seoul,248
uesisa,17
interurbano,72
bellomo,446
interna,26
mistificante,477
schedo,20
inadeguare,87
giraste,261
lavorato,106
portata,43
isidoro,571
richiedente,124
calabresi,73
tumorale,235
plaudire,86
prelà,55
pascià,107
irrilevante,123
tetare,499
deflusso,108
anticomunirre,213
eticare,94
tessera,26
spaziare,59
poema,262
immaginare,240
autonome,87
discretamente,364
aviano,34
amazzone,894
trionfare,107
preciso,34
lella,125
associated,56
quantità,82
domodossola,77
inps,36
indevere,155
doc,4
disprezzabile,645
annerire,240
eccoci,95
elios,80
picche,39
doppia,17
crere,213
bittame,9
ermo,18
opia,3
rudente,33
infrazione,110
sfamare,250
rimonta,152
intervearr,66
moscatello,1286
dolce,20
carasco,281
pelo,58
venturo,139
figurace,123
poligrafici,175
terza,7
sfugge,13
nino,375
annunziato,49
sbocciare,97
colpivo,107
ateo,20
diminuire,100
ignoto,102
ricavato,72
pacae,110
acnere,540
conservatorio,77
deutschland,115
montato,32
conseguentemente,577
lamentazione,185
gassoso,136
sbarra,96
nunzio,77
beat,101
kampala,495
branda,89
hobbit,265
ottearr,37
universo,36
poi,286
morso,60
meter,353
boccata,190
diniego,74
nire,335
assistente,83
teorizza,45
connazionale,71
fanteria,115
inumo,9
benemerita,26
juve,377
intimo,17
sussidio,106
accentramento,266
orologeria,100
rimo,12
anito,33
rinascente,11
elfico,64
zuffa,149
cartao,195
genia,15
trabia,11
bruciare,196
abbandonere,72
congolese,262
gif,32
magda,971
esperimentare,83
dolo,4
pietra,13
williams,616
enuclear,34
sgretolamento,272
font,5
edward,397
ingegno,35
seduta,54
sturno,44
scrutatore,39
petroso,64
riflettere,261
tappa,7
pabloe,288
buttar,201
marxisto,184
roba,159
validissimo,125
praticità,200
rifa,9
apparse,24
architettura,78
impiantare,229
stregare,76
berlina,17
liberale,122
bidonì,44
presa,19
urno,3
leninista,121
esercitino,80
tenacemente,124
accia,26
cigno,495
salmone,250
mamelo,63
massimalista,355
sventolare,264
pianerottolo,1570
autoferrotranviero,186
kitsch,463
davare,182
cocker,676
aiare,428
motovedetta,195
schematicamente,398
orgosolo,336
darè,439
settarismo,247
busto,278
lazzarina,1172
guadare,129
umiliante,70
meneguzzo,1424
maggio,54
consumato,62
nesto,89
cristianesimo,258
antimo,5
croato,52
adelfia,239
rozzare,483
yamaha,542
creatrice,44
dìù,207
scegliere,32
tantino,405
empiere,47
indiscriminato,96
senno,55
ebreo,31
esplicire,195
prontezza,82
zucco,88
scoccare,35
attrico,29
francis,80
alpinismo,22
lungomare,531
affossatore,44
miraggio,26
glorioso,96
camerare,60
angustia,29
lettore,52
sfrecciare,437
regolato,38
fanfara,37
est',36
inco,7
astronomo,81
talismo,251
levare,116
angola,46
scolario,36
sperimentato,61
gonnello,112
appariscente,387
suspicione,13
coach,179
antenato,28
tranquillizzare,149
munita,4
paoletta,1405
addolcire,98
esto,22
gazzetta,25
statale,48
psdare,152
immancabile,94
tasca,57
renio,10
temerare,260
adempimente,52
convento,58
parella,837
guardasigilli,112
diringere,93
flesso,7
leggendone,188
giunere,59
catherina,886
pedine,44
palace,433
agivo,73
noleggio,18
professoresso,310
comporterebbero,212
lamberto,879
veniente,47
sinistre,26
fellone,346
freccia,465
aureo,159
andato,15
berto,865
bullone,324
spiegamento,39
ato,335
concordia,36
bavetta,1023
tabacchicoltore,130
arguire,357
ghiacciaio,161
corteggiare,69
jaguar,39
quadripartito,92
paccare,147
emerso,26
ilvo,45
alcare,347
ferendolo,98
gagliardare,1329
nozze,152
lavagnina,136
errore,30
vesta,90
elusivo,57
bigi,58
muto,2
apparizione,64
terrore,122
balocco,603
complimentare,479
cercare,159
premere,271
gioco,80
rispedire,21
neon,3
misericordia,79
aladino,367
bien,25
azzurrabile,348
chicchessia,233
marchiano,154
professionismo,46
lenin,50
produr,31
avv,14
bergamasco,753
riassumare,105
pseudo,154
diamante,309
componente,34
dose,54
risultante,60
previdente,73
colata,11
psicologicamente,270
norcia,5
stipendiare,49
servitù,73
sostenitore,15
accra,128
sudest,93
passino,80
dicesse,80
copernico,24
vulcanico,87
modesto,72
randello,560
bse,55
inaspettato,106
qualifica,97
polverizzazione,469
cinare,150
matrimoniale,10
messina,353
rivelatore,131
ronciglione,832
scudiero,279
tie,92
eretta,46
graz,330
resoconte,51
atteggiare,54
cosparso,360
latera,7
capì,9
osteggiare,55
emilia,224
nondimeno,121
godre,14
silverio,847
oste,4
onciale,23
fatima,22
friule,49
rimarco,8
pretesta,110
frammento,93
eiezione,59
ultim',58
menzognere,209
apprestamento,126
dogano,7
permettetemio,82
neolitico,364
anticlinale,21
occore,22
novato,6
lisbona,72
penetrante,59
corriere,39
rilancio,63
ribadito,83
cinquantanno,162
velivolo,239
consecutivo,50
adare,546
fedeltà,19
raffaela,774
disarmare,221
muove,8
intrallazzo,19
vanità,10
olbiare,307
immemorabile,59
riaperto,18
emettere,15
torno,15
mimoso,724
confusa,142
fletter,321
judo,303
incenso,26
legazione,41
lapide,57
pallino,431
dolciare,148
sud,73
ostacolato,30
bara,112
invischiare,456
contraere,103
profilo,2
ombrone,194
sagre,254
flanella,228
indente,26
bartolomea,677
cci,380
attare,242
delimitare,62
ferrato,200
fese,28
utilissimo,147
credenza,34
vigilia,11
ladra,49
congiuntura,33
lenta,12
spandere,491
dilatorio,91
teologo,68
accusavare,245
rinviare,70
artigiano,56
corrado,915
avutare,125
yukon,96
immagine,124
aco,62
duttilità,46
innsbruck,68
accorge,165
polario,14
provi,25
umiliazione,134
perimetro,36
penalista,54
incognito,45
monile,187
infastidire,467
npm,362
cerda,172
cesara,1193
goriziare,332
oswald,286
render,7
asservimento,303
noro,43
recare,57
scappamento,104
controbattere,501
xxxii,48
nascita,8
fraine,346
glasgow,162
cruz,25
sviluppa,91
yacht,187
oberare,83
ubriachezza,142
lotto,6
fred,302
stoma,21
incrociato,54
legnata,286
caramello,1826
broadcasting,660
riposgere,75
ooo,29
offrire,15
diciamolo,93
comare,75
accentrare,126
labro,17
scintilla,307
danubiano,175
steve,389
beccano,590
gianicolo,629
sauber,850
editoria,37
invii,27
imperlale,187
abate,215
novennale,24
giorgetto,1172
rabat,150
prelevare,83
vieta,10
duevilla,112
cirenaica,127
imprimere,210
araba,156
stolta,12
cessato,13
victoria,301
pogno,11
enego,197
andreo,96
detengere,17
anastasia,519
oortre,199
coatto,28
spengere,246
anziato,18
decurtare,155
alce,85
lodovico,970
anagno,40
roisan,261
espiatore,57
marco,21
cnr,384
voto,37
sifar,3
antinucleare,48
nessun,34
progredito,109
santine,653
fete,20
lacunoso,118
maligno,47
luminosità,148
dix,165
argomentazione,134
assenteismo,248
compie,16
sonda,88
rivoluziona,65
olivicoltore,114
macerata,339
repressire,77
fresco,86
respingere,96
teheran,81
intestato,129
maturato,13
vincenzore,1283
chiarificazione,432
fondamentalmente,553
sfortuno,123
emergo,12
disavanzo,94
sfavorevolmente,56
idilliaco,308
gnau,29
acese,12
immensa,24
ada,128
user,63
invogliare,107
granatiere,455
surplus,71
vicentino,685
vendicare,39
scomposto,22
originalità,321
strutturare,226
giro,33
benestare,125
sapevamo,182
agganciare,19
ozio,0
solitario,366
corno,50
militar,90
armonico,119
diabete,123
sintetico,60
inclina,18
turca,158
teodoro,773
sommesso,55
ornella,231
pastrano,264
mal,10
manila,223
annuvolamente,59
decano,63
tris,196
elettricista,31
trascrivere,135
cercola,10
atomica,43
caslino,175
finanziar,54
scadente,32
naturare,234
eccia,10
inficiare,254
click,533
serenata,49
balduino,474
recetto,7
latitudine,53
ondata,27
inesperienza,96
berretto,636
municipio,40
quercio,261
mietico,45
vegetale,79
troveretere,57
intangibilità,140
intensione,102
risicola,40
carrozza,212
indostan,1
sfasatura,202
gigliolare,1104
adiracene,775
legalmente,137
stano,36
arcare,148
picare,216
malinconicamente,639
evidentemente,1147
rate,11
canestro,848
lato,22
attino,68
stricnina,280
lavatore,57
faso,12
ideologiare,431
locatello,1201
alci,74
jeso,197
esplosione,72
net,15
medaglia,13
protettore,102
località,32
belgio,69
diffidente,95
rinchiudere,104
lanciatissimo,277
brutto,91
gettarere,324
lettiga,91
arazzo,134
diciassetto,129
cambiato,27
corporeo,38
neorealismo,451
serina,13
anda,5
cpc,173
scialba,84
piccoline,176
fruii,3
liba,122
contributivo,189
contribuiscare,228
svolgere,57
riccione,115
scolale,17
dalmine,299
ins,69
divulgazione,208
scaraventare,1055
eguale,43
sembreere,176
sogno,8
annuario,13
urrà,122
univare,97
petente,16
risulto,45
pineto,260
schedina,34
vita,5
gionato,43
pezzo,192
ortodosso,72
ferraris,581
comprendano,168
avvenire,56
regolamentare,112
folkstudio,233
circostanziato,50
resa,2
malcontente,37
locarno,50
stendhal,174
ideologi,243
balmonte,939
munizione,129
trattore,87
insù,31
focolare,92
trasmittente,87
bolognese,201
monde,82
preparere,46
coli,12
costruito,52
dimostro,31
trentacinque,173
lunedì,93
professoressare,267
pontifico,56
brindare,131
coreografico,377
morfina,236
humphrey,112
viviana,243
sbrigativo,23
riconosco,93
otello,638
afl,172
fattuale,194
zante,30
controparto,137
concio,31
autogrù,36
grazio,235
baritono,698
apparivo,135
cronista,24
traccia,79
sten,37
portoghesi,131
minatorio,17
zia,17
incedere,127
eire,259
polverizzare,254
cavolo,286
help,851
leggenda,234
gandhi,74
mistificatorio,416
lecito,127
claudio,318
accenno,90
galeno,329
cisi,95
patù,138
rom,383
porteere,110
ultime,15
omaha,514
estrema,16
mielosa,254
colombiare,259
viole,27
roteo,15
caso,62
rinfacciare,1010
premeditato,245
nazione,47
obiettavo,23
radiare,50
dittare,20
denno,74
areare,119
li',125
specula,39
altrettanto,159
sobborgo,99
ruba,67
imperverso,80
amianto,44
ringhiera,138
scandalistico,440
ritenere,153
moire,136
impressione,157
annodare,293
indette,76
minuscola,484
celebrano,88
macabra,123
solforoso,441
testimoniare,67
escudo,5
vittoriore,112
dodicimila,111
gustare,136
tip,2
galare,601
macere,273
montanello,543
parido,170
civire,21
renata,78
gere,504
lumaca,264
arenala,520
motovelodromo,178
olivetti,144
estraibile,122
subirere,75
petti,244
astronautico,91
spirire,56
preghere,131
asserzione,132
apro,50
drappello,55
campa,16
utilizza,43
contingenza,169
ragionevole,142
fossato,305
vollero,262
cinese,86
pendolare,69
romeire,417
sforzo,28
revò,6
dcii',93
imparabilmente,125
organizzo,78
galoppo,196
esplorativo,57
ballottino,339
abbassare,51
sedico,29
articolato,79
inerte,71
comincere,74
richare,99
rotatorio,68
bellavista,1069
bucasso,181
combinazione,188
gamba,157
invano,84
formello,678
scaricare,104
salinario,454
onda,10
pennsylvania,272
opportunare,84
incustodito,278
albasio,1447
ragionevolezza,296
destituire,29
parzialità,138
delatore,113
tuffare,430
cos',45
straripamento,263
ricavare,50
cota,12
viltà,12
carino,1148
fotocopia,87
igino,106
parmense,182
avito,70
foster,325
motoscafo,196
zoppicante,868
insospettire,185
dea,4
sanfedista,251
vendire,84
temporaneamente,131
malcapitato,266
falsità,109
suddivisione,52
eseguirsere,102
vocale,75
importatore,114
pensionare,82
radiolina,85
camionetta,361
adorare,429
manda,19
garanzia,31
elisabetto,378
scostatovi,161
pelare,83
capisaldi,22
scilla,9
viceversa,16
ossi,4
annesso,4
incentivo,294
seniores,288
gravare,68
perare,583
giunti,41
sufanuvong,113
ario,133
gratuito,9
duellar,154
innesco,36
desistere,538
sarso,62
ciriaco,482
confermalo,38
tagliar,45
officina,100
cvl,77
antimissile,31
fritto,37
motta,197
trovere,35
fogna,79
sumo,41
pineale,124
viii,35
armiere,14
tirrene,161
galuco,1247
ricostruzione,34
disdetta,74
ufficia,27
hre,253
inferto,86
introdure,13
confusamente,424
differenziale,282
ascensione,73
unente,157
espiatorio,39
esauriscere,447
ergei,203
neocolonialismo,242
soddisfare,27
brada,54
spinato,643
pistone,138
grecia,64
famigliare,66
riconosciuto,35
sudcoreane,199
contraddittoria,305
lepro,114
cenare,115
cappotto,524
tumultuoso,25
nume,5
pandolfo,1247
ariston,612
preparatone,23
sessantenne,197
stallo,39
reddito,81
aspettare,344
implicire,155
pcb,68
decennale,26
andere,441
commutare,30
bianzè,15
rivolgere,90
crotto,361
assenta,30
fragilità,79
materialista,153
effettuare,25
undicesima,84
fumatore,38
gomma,69
inizare,126
purtuttavia,637
strillare,244
bacchetto,906
traino,331
antiquariato,46
mesa,48
vibrante,25
libre,22
territoriale,22
sciagurato,62
designato,71
puntino,337
chiarano,51
insensibile,187
sfortunato,813
brigitte,443
kaiman,884
tillon,71
fasciare,275
successa,12
qual,50
induzione,293
oratore,16
classo,22
sequestrato,67
ledo,22
zuccherificio,160
esonero,14
casolare,725
voce,10
solenne,24
zeno,215
struzzo,14
collusione,164
guam,112
esuberante,75
ciaccio,488
alberghiere,38
alberre,110
trovalo,20
bocchino,217
pronunci,17
configgo,162
oello,370
fumone,8
romanzere,490
sfornare,162
franchino,431
abbonamere,27
accenda,6
nuziale,41
com',9
floreale,913
inforno,11
pop,105
espugnare,74
principato,9
emerito,48
albione,339
artificio,17
sprovveduto,43
pungere,475
becchina,12
loreo,193
chinotto,822
schedere,25
riassunzione,82
pensabile,36
rimpiante,63
siberiano,93
colre,138
informatire,64
simbolica,6
portafoglio,40
silvare,790
antonione,1007
monologo,102
squallido,40
minimo,63
chic,20
subendo,43
muratura,80
belgradese,171
ilda,115
vitto,12
riducare,285
giramento,89
hitleriare,106
segregazione,47
venerare,17
rovesciamento,129
indirettamente,88
giaco,257
vivo,16
indù,16
tanto,606
solazione,112
celtio,460
foglio,69
pareggiano,465
sip,44
autolinee,65
procinto,57
fondala,34
maoisto,144
amerigo,636
conserviere,67
rilasciato,14
sbarazzare,449
aliene,19
ottura,45
equamente,189
boscoso,174
pente,12
simultaneo,9
joachim,942
latto,58
controrivoluzionaro,130
integrato,35
salivare,666
sottolineire,192
longino,706
lavora,40
bolero,154
capretto,1296
qualsiasi,79
timoniere,35
indotto,31
nonno,189
palombo,350
malegno,72
affermare,265
barbozza,819
surrogare,29
rinviato,11
leccia,314
adire,308
astere,13
dicere,322
rai',277
barricato,105
capannello,95
disprezzo,193
precauzione,36
transfugo,36
abriola,65
firenze,337
rublo,15
ogna,7
rida,44
sventolio,115
pazienza,62
concilia,35
edimburgo,234
vetrata,47
hilbert,789
mutismo,101
occhiata,29
atoma,34
arrivedere,53
poldo,68
vendere,135
quinquennale,23
accalcare,597
giunge,19
infelice,14
lirare,225
tarma,7
decima,45
autoambulanza,125
digo,5
islanda,188
dasà,94
telefonata,10
ringiovanire,220
passeggiare,317
colleferro,286
bovino,112
configger,15
disinvolto,250
twa,468
allieve,50
annonare,24
mille,120
catena,5
protestavare,141
asso,31
batavia,57
addomesticare,105
riuscivo,172
mantenuto,26
insulso,133
piogge,41
incorso,13
scaldabagno,313
deceduto,85
parie,13
salomonico,610
corruttore,173
tonco,7
coraggiosamente,249
sanitaria,61
masto,33
lunaro,56
scientifico,148
epidemia,39
boves,377
concordanza,192
ludo,40
cecoslovacchiare,136
ravenna,284
portofino,200
simbolico,11
faie,3
bulla,13
sindacata,193
implicano,32
operante,49
dirige,19
arcobalenare,86
caporale,91
decida,31
socialisto,205
baroncino,771
castellane,617
eugenio,258
fobia,11
sfondare,766
scorribanda,95
caravan,962
fregata,290
brav,146
disputo,144
contraddire,284
bastia,120
tessere,15
inneggianto,34
riconquistato,29
boom,5
sottocosto,72
castità,59
dimenticato,445
discrimina,59
complotto,66
mica,1
importa,47
disturbo,97
agricoltore,50
omesso,45
infortuno,18
antey,469
pece,12
isabella,964
chiesero,96
ignoro,41
acrile,31
vanna,267
funo,106
florovivaisto,238
raffrontare,60
solaio,12
metanifere,118
cappellone,409
stancamente,427
ankara,148
toro,36
fasso,87
apposita,9
sanctus,406
metallico,284
involare,111
batteria,68
asiatico,141
convalescenza,33
previdenza,85
competitore,70
vaticana,39
fica,44
listello,57
servilismo,297
fastidio,181
spietare,150
squaw,68
inguaribile,104
repubblichino,78
producente,108
commissionaro,41
clelio,715
propagando,41
villare,279
disgregazione,397
ballarcisi,738
au',10
termonucleare,44
risparmio,17
calzatura,89
verifichare,101
riguardere,81
irripetibile,345
insospettabile,366
pavia,291
uniforme,6
rubi,86
avanzato,35
dispositivo,33
agrigento,160
avellino,472
mostravare,236
naziste,57
requisizione,37
eddo,16
villanovo,903
intengere,203
agiare,350
lavarello,897
sedicimila,107
impoverimento,616
commise,23
ergo,5
finire,396
ate,28
bovina,92
duplice,15
piomba,396
preconcetto,386
sottraggare,232
bevanda,234
genialità,344
sav,101
nascosta,141
videro,153
abbondare,44
carbonara,108
venare,50
sudvietnamire,179
caria,42
dosare,163
disorientamento,389
campus,74
valo,9
stet,2
tombo,58
annettere,57
godet,20
carinare,306
falcidiare,105
cisterna,153
datile,34
liso,305
dettivo,236
formula,11
deduzione,131
ariano,211
decisivo,27
incancrenire,519
affliggere,65
vescica,50
sparviero,716
montuosi,602
gaspere,30
augere,573
partecipere,49
violino,379
opposta,38
forzo,9
geraldo,1163
sgradito,41
goal,240
situo,16
giudico,43
lattanti,164
ornata,7
congressista,55
sanatoria,45
lungaggino,25
facere,121
cerare,759
emerga,26
folto,37
salirono,159
incisione,50
robustezza,77
telespettatore,27
impadronire,123
cusino,64
libio,84
sassario,293
luano,375
pinza,535
arco,5
tesso,24
pullulare,48
risecco,45
alerò,33
collocato,17
bae,90
tesserare,32
timbrare,98
commercialista,16
avvertito,60
esulto,31
sopratuttn,219
indisturbare,58
beccante,477
sorta,120
susseguirso,55
propugnatore,66
sorgere,19
ostale,6
collaboratore,44
griseldo,678
amalo,22
supplemento,46
imboscare,169
classica,35
mccarthy,138
plebo,3
siam,61
campanilismo,233
accusare,87
buso,106
scioperare,194
commosso,117
intraprendare,103
localo,20
occhio,36
ormai,52
colitico,571
eresso,21
staff,15
calcolo,33
arienzo,224
intestinale,61
dovette,116
interessare,54
diciottenne,299
ciclomotore,176
potreto,38
bardineto,116
stucco,829
sperpero,92
mammut,200
jerzu,677
ruthre,1144
duecentomila,113
esalazione,293
elevazione,131
capoverso,38
tendina,7
damma,70
normale,18
esportare,52
drenaggio,110
generoso,79
ibero,5
indonesiare,376
dian,59
segretaria,56
astorio,364
cenno,26
confutazione,238
brace,178
sciangai,98
ameirn,297
camara,131
insistente,36
restii,18
ognuno,16
rivola,23
formalità,24
renato,293
vagheggiare,311
manifestalo,65
indica,20
diffondare,14
dipartimento,54
sciopero,85
tergetto,308
bandi,27
apparrere,174
telefonicamente,22
inopportunità,300
orpello,42
binazione,130
minuto,18
circe,77
strapiombo,398
ostracismo,164
inviolato,125
degradante,55
lemma,45
singolare,57
potentissimo,75
disperrere,340
gangsterismo,174
martire,136
fiumana,186
amichetti,627
cvs,216
storicamente,590
cadore,42
sri,444
commossare,138
infortunistico,34
stoccarda,67
trarre,20
gas,13
spionaggio,24
sospirato,115
compiere,18
comparare,62
stanle,363
controlla,86
spintare,140
potire,218
obbligato,23
difese,25
tutù,23
flavio,854
portatrice,88
compredere,75
ras,22
irridere,216
verticistico,573
continare,169
uni,28
forcing,68
velato,75
iaea,149
venti,154
stuolo,60
costituirebbe,166
catania,236
fotografia,96
sacrifico,16
altimetrico,32
addio,121
tamponare,212
fallo,102
platone,47
gobbo,850
veduto,8
ricaricare,70
bruto,201
locro,89
pana,75
corrente,4
perlustrare,244
riordinare,81
sorellina,697
ribassato,81
annientare,79
palestinese,131
incancellabile,171
ferrero,1745
gestito,35
osto,8
tiratore,35
palosco,433
lune,15
incerto,71
comprensibile,300
limite,30
sopraddetto,300
strategica,55
parè,425
interrogo,35
onerai,39
miserabile,104
tempora,25
amai,172
romino,74
torrente,250
socialiste,114
nomination,68
cespito,64
piante,82
contrattuale,130
popolazione,28
sprecare,224
influenza,29
tarquinia,326
uninominale,61
castellano,870
orafo,9
stand,29
sorprese,55
appianare,45
innalzare,184
romanico,190
bellone,400
parso,103
onno,277
normativo,180
uliare,196
palazzo,33
positivo,63
commentato,155
led',13
galleggiare,432
incolore,117
tolentino,621
albertre,717
marmi,216
concorrare,41
sommerso,289
definitivo,26
allievo,50
diciottesimo,132
supplente,36
temibile,179
genitale,34
madras,84
accessibile,79
sgravio,87
impano,43
jakob,1161
arativo,29
valuta,17
scio,18
percorrenza,35
trastullo,213
rullo,217
pakistano,218
estromissione,132
besta,84
emanuela,190
durevole,103
opacità,156
nestoriano,622
lanam,20
pezzato,51
esequia,47
rivendichare,74
sottomare,83
cercarere,261
maglio,71
discrezione,31
affermi,98
progressivamente,327
cremasco,543
ari,63
valutario,54
furto,97
degrada,37
mondine,22
ricerco,15
mutere,30
generico,50
serietà,103
abbinamento,52
intervenivo,18
modulazione,119
inu,11
evolere,245
spasimo,175
lainare,691
nettezza,36
filotea,71
straccio,777
ambizioso,20
grigia,190
brigante,206
impieghare,69
sacca,16
inoltre,95
cavallucci,203
speciale,3
ponendoso,80
manina,217
fratricido,56
demeritare,347
mattinato,82
adempimento,87
eritro,171
sandra,444
annonario,28
marana,390
ingiunzione,105
incis,9
oscurare,339
olgo,37
cappella,268
convinte,280
limaccioso,544
dispiacere,358
dense,5
vesuvio,375
protomoteca,132
accluso,149
svolgimento,13
fiabe,402
lanciamissile,121
barbara,176
cassazione,90
mattinata,67
scorre,132
severità,53
rosaio,910
lontanamente,493
elenco,17
cianuro,85
appao,80
catalane,467
arrembaggio,365
collina,240
debuttante,410
itos,64
smarrimento,43
pereto,24
picciotto,446
else,9
sopralluogo,50
senegalese,523
dore,166
braccetto,33
naturalezza,377
intermediario,66
diedero,67
harare,1522
ammassare,158
gragnano,812
emendare,32
egeo,15
malumore,87
idrante,297
mata,17
estravere,79
impartire,10
insulina,94
tesco,43
arredamente,134
fatalmente,377
applichare,56
invettiva,124
dorio,231
mignon,519
risolutamente,144
sidone,9
cibar,165
brunire,279
piacere,324
manuel,388
acuista,81
restarere,265
davo,210
comparsi,19
asinare,549
terminere,126
reiezione,113
depilazione,35
acetire,211
mailing,645
mantenere,39
imbarcazione,227
inviare,84
meravigliato,203
pascolo,86
conclusasi,46
vasai,110
rhoo,99
fieramente,35
gutenberg,295
ernst,284
virtuale,4
oretta,831
schettino,289
mascherare,138
sopracciglio,459
gestore,13
nette,7
fossare,312
albera,500
imperialirre,188
soverchio,193
rosselline,299
attracco,84
diligento,15
coppia,105
erosione,174
loggione,97
insignire,33
acireale,209
collage,161
tanno,37
imprevisto,132
contenure,65
ostico,47
aratisi,31
braone,810
gambugliano,208
subnormale,101
eccezionalità,55
rubino,607
pesente,25
postumo,39
replicare,87
liuto,189
sostenare,158
ostro,4
sero,22
ammaraggio,183
forsennare,288
dissenziente,334
avvertitare,453
lascialo,33
dere,321
pratese,59
capare,191
soste,12
torrese,257
risultalo,27
ceppo,6
importante,38
scommettere,133
benevolenza,108
partite,31
men',48
frascato,261
tenaglia,233
moderazione,272
capitate,20
coreano,74
caucaso,95
recedere,62
dissocare,137
definì,69
snido,6
inqualificabile,188
laterale,59
siluro,19
clitico,231
partano,14
intensifica,34
latitare,336
brillo,195
darebberare,533
emergere,129
delineato,196
coppola,702
parile,20
cauto,51
lere,335
preferenza,25
campestre,173
meditato,136
muffa,29
inserere,160
pst,47
sequenza,85
cooptazione,123
trento,257
cipo,4
oppressione,291
retrogrado,36
trionfale,78
augurare,78
costa,94
nitra,39
gescal,66
ingaggio,14
conferimento,70
senz',10
dazione,132
dovevere,605
selezionato,32
gramscie,56
inesploso,203
campanile,184
lotte,16
alquanto,200
tattica,30
alitato,96
canonico,21
far,11
atro,36
frapporre,79
lussemburghese,60
pedaggio,19
ciclone,138
teorio,138
terme,10
aldina,595
toccasana,15
bisca,22
bonito,20
suicidare,254
ameglia,96
gesuitico,307
riassunte,33
insembre,7
fruire,116
agilità,104
tropea,126
partinico,115
inclemenza,72
udina,248
contrappunto,643
ristampare,116
marino,379
decise,23
contingento,28
lilla,1240
bancaccia,100
tutt,33
apparivere,378
pedagogia,160
centralissimo,93
fertilità,67
fiaro,82
proficuo,33
gerre,241
salvino,353
lan',146
truffaldino,45
personalistico,430
piattaforma,35
supremazia,23
indiscrezione,67
insabbiare,39
pulcinello,528
logorante,56
corre,35
marsicano,139
fornaco,197
lacune,50
scac,36
giudiziale,101
litografia,241
sfocare,61
elfi,80
arcale,16
imponire,36
ovviare,333
beffa,10
centenario,107
flore,169
ove,9
strascico,20
unesco,16
imolese,55
sottoscritre,17
appoggino,46
indagine,47
velata,34
grone,231
fuorilegge,327
neuropsichiatrico,153
raniero,154
traspore,25
edificio,64
adeguar,128
bollo,24
riverso,11
colleghare,26
galoppante,46
dpr',269
olimpico,87
filobus,117
unificatore,39
incauto,169
egregio,10
oleg,112
piovra,7
colto,15
rincuorare,347
goccia,184
alfeo,79
unno,14
cogliere,47
arterioso,36
mana,19
tremendo,133
interdetto,28
attratto,83
penalmente,83
semplicemente,426
eroica,52
casuale,88
dottrina,168
avvearr,73
mortale,71
tramontare,714
neutralità,80
ingrao,170
ragguardevole,55
branco,49
stani,55
ignore,127
cetona,274
regolamentazione,293
gonnella,72
demilitarizzazione,172
sceneggiato,304
parastatale,156
ateneo,31
scienziare,68
oppenheimer,303
invariare,93
peggiorare,39
grana,144
esta,120
straziare,118
risposare,37
lookre,500
odontotecnico,69
falerno,649
fischietta,80
messaggero,82
street,12
aratesi,51
rigare,83
plaudono,39
bai,288
antitubercolare,102
sirare,776
fagocitare,622
senior,122
sovrastruttura,262
irlandendere,298
basterebbe,99
goalre,445
investare,69
piea,45
figliolo,293
vinicolo,114
supermercato,95
carbonio,85
lillo,1218
riflettare,180
ribadì,85
sciogliere,9
stranissimo,67
itauare,13
ennesima,13
nizza,41
altronde,624
ricapitolare,133
pretoriano,102
condanna,46
scrivere,116
sole,35
contemplare,109
sid,14
anzare,84
turno,5
consolante,33
fusina,84
occupire,58
ostante,30
dividendo,113
rft,87
termina,69
gialloroso,456
zaccaria,1067
amplificare,64
sottoccupazione,91
polla,85
mesto,125
causo,16
confindustria,100
sfoglino,578
veneree,71
esprimo,59
tonello,1332
colonici,39
grammatico,37
salvaguardare,76
superabile,103
pronto,20
anti,43
astrattezza,239
cora,50
sap,12
londinese,80
minuzioso,64
allogare,48
quarantaquattro,196
bancari,13
ultimato,31
monocolore,81
automobilista,115
bellunese,403
affascinare,485
autoferrotranviere,193
minnesota,394
cedrone,1308
choè,123
ionizzo,122
muretto,642
sincerità,234
malinconico,499
scrupolosamente,218
pagare,121
bahr,198
balia,7
latina,130
constante,18
magiaro,73
celebre,396
durare,52
spaccatura,26
notorietà,68
antifascista,79
marsiglio,128
crescente,65
sufficienza,251
bellico,37
rossellini,602
elettrodomestico,186
edelsere,218
indifeso,13
carriere,50
difficilmente,261
assoggettamento,579
continuassero,340
tifa,26
sentimene,61
pregiudicare,160
cosima,154
andazzo,218
sgravare,132
crepare,62
borghesio,43
abboccare,161
familiarità,17
statistico,62
spurio,187
crosta,80
capitato,29
telecronaca,47
manutenzione,158
squilibrato,54
qualitative,86
caricare,240
bramente,235
egemonico,409
ricomposizione,93
malia,21
napolere,209
esine,15
starnano,219
mitraglia,219
calliare,687
morra,232
intraprendente,29
palmo,44
protrarrare,75
febbraio,51
degradare,88
messino,211
piumone,104
moreno,1056
manesco,54
laceranto,37
tariffe,42
melanconico,358
assuntore,49
scerai,19
annuire,82
ossido,130
fonogramma,12
emorroido,51
schiera,13
popolale,24
graziare,193
ionosfera,74
redatre,61
lunigiano,74
indiscusso,23
ammorbidire,152
tremila,108
blindato,228
barella,1032
degù,3
limo,105
sportello,24
inventato,210
imprigionato,118
loie,46
blitz,377
lontananza,169
esiliando,5
superficialmente,379
proponimento,328
accogliente,38
separatista,70
lunghissime,28
estratto,27
sofis,6
riproporre,154
trentatré,152
impossessare,160
scolastico,35
compatto,58
garbato,85
converge,22
intrecciato,79
fiammifere,263
campiona,138
litro,58
teda,11
lama,21
scelta,40
ammutinato,54
fatiscente,136
jupyter,217
donare,20
speculare,62
cogne,9
manama,18
granello,492
mkc,201
dire,660
atlanta,13
consegnano,21
guerresco,73
pesce,113
cotonificio,83
semitappa,166
sufficiente,185
mostrare,104
modero,21
rinnovamento,207
gemmazione,106
inventa,85
dilare,180
stanziamentio,64
confienza,36
mobilitare,50
catalogare,115
macroscopico,159
tarlo,7
savonare,461
mezzala,466
termico,192
vivificare,208
pura,50
aggiudicazione,107
premessare,466
assecondare,580
giornalai,35
pescherecciare,146
egiziani,121
assalire,475
solaro,9
isterilire,167
cannoniere,210
fire,17
facchina,31
uomo,29
agnano,53
ghiaccio,111
vero,155
cablare,528
cesareo,1147
sogliano,90
matasso,7
spendare,54
asprezza,89
onorato,53
tam,56
cruciale,9
antoniano,528
fraternare,94
individuare,62
liquidare,55
spranga,650
riscosso,9
cominciavare,251
eban,145
luogotenente,201
sciale,16
castare,1334
suonatore,43
spese,79
caldeggiare,223
ridimensionare,67
infarino,605
bruttare,518
irresistibile,241
dibatte,36
guaii,158
risvolto,130
erba,60
fantastico,158
ricca,11
potassio,103
donovan,395
rimarere,39
riviere,139
perdita,5
inadempiente,67
rientro,13
generice,35
vagone,235
rama,15
proponevare,120
sonore,81
logorare,99
mosso,11
ladina,134
strappare,36
avventurismo,210
zinna,79
algerina,169
vivacissimo,68
pian,6
onestamente,494
domai,65
globulo,160
liturgia,104
prestabilito,179
soffiare,637
irrompere,188
indeterminare,123
campeggiatore,140
financial,20
ambio,5
togo,21
borsisto,13
ire,260
conoscenza,44
cortigiano,22
plaus,214
arricchire,30
strozzare,65
gremire,54
segue,8
troia,248
colorato,245
prosciugare,190
epico,28
repentino,108
terma,27
incenerire,78
deliberare,172
potere,610
storte,28
jugoslava,79
tassidea,191
soffrire,82
fulbright,77
mainardo,1310
ararat,90
moscato,89
beale,25
terminalo,37
ardito,29
cassaro,124
schio,40
boston,88
cocaina,101
alessandra,559
letterario,299
respirazione,103
emendamento,42
diabolico,124
solo,555
ventisei,157
fitta,14
retorica,315
asello,419
contrassegno,9
gretole,33
perciò,249
biodegradabile,269
castani,582
congruo,145
finalista,39
zuccherifico,121
richiesta,58
rancore,91
raffinato,245
autobus,107
scintillante,406
sostitutivo,103
inducono,256
dracena,271
guelfi,667
trasforma,51
unghia,22
inerire,74
aquilino,77
riposo,30
aurano,347
ansa,12
indebolere,286
rigore,101
sicuro,48
fomentala,83
newsweek,125
colonizzatore,127
precipire,167
impiegata,73
nevrastenia,87
riunitasi,72
filippini,291
tallone,159
cecoslovacchia,116
svila,34
sommovimento,57
viso,112
carneo,10
alalo,538
budda,288
discussa,76
fiji,46
jersey,194
pitone,810
travisare,152
une,223
infettivo,203
burkino,379
cgt,59
vedove,83
promettente,11
wall,17
valdese,18
intraprese,51
resso,16
imposta,97
privazione,106
profilato,19
intenso,27
redistribuzione,231
elider,334
costituii,48
municipalizzazione,174
lavato,94
spadone,1127
mulina,449
coraggiosa,42
professino,34
eden,251
samio,181
orsa,3
diplomatica,25
piegare,141
ricamare,235
conformità,67
svilire,60
cantone,161
spicciolo,17
riorganizzare,112
chiesre,40
infergere,334
meir,168
sviluppato,89
frazionamento,406
osservo,16
contatto,10
gabbata,60
scipione,470
delirio,54
samaritano,85
inaccettabili,147
qualificazione,156
perseguare,106
some,9
debito,51
quest',50
ricezione,159
indisposizione,44
rima,21
pranzo,13
paigc,73
rezzo,28
tradure,31
pantalone,236
rito,7
piera,369
apparare,15
riesame,121
rimandato,28
antisovietico,209
luzzatto,457
adulacene,864
consapevolezzare,252
degenti,19
settoriale,276
grilletto,406
alluminio,113
peggiore,112
ancia,12
testardo,47
geminare,107
jane,150
prestare,67
premono,13
fiosso,156
stacchio,194
alterativa,364
entrere,36
allagare,187
alcol,263
aristato,93
torvajanica,270
consuetudine,88
conoscimento,91
secessionista,227
nievo,2
camito,7
velocemente,233
proponere,169
attualissimo,81
onesta,30
asproe,29
ottavio,1110
sub,3
ambone,1125
distortare,221
collegamento,40
assorbire,100
rizzardi,390
clino,25
arignano,855
enorme,28
galvano,755
anconetano,160
scampolo,69
mazza,431
gore,62
pietosamente,326
predire,233
concorrenziale,311
equità,88
erroneamente,284
oggigiorno,271
espongere,32
probi,13
incentrare,172
anticorpi,158
penny,336
gaietta,333
ravennato,271
avvolgere,325
danno,24
ebbene,354
ton,40
adrio,144
incessantemente,144
recife,18
frascare,569
carità,52
badia,177
revoco,58
compro,19
vedova,70
proposgere,174
filiazione,48
annotazione,209
squillare,19
isterismo,349
formale,135
giungare,23
alexander,319
duramente,71
ghetto,23
ardeatinare,122
stirpe,136
stratosfera,151
giulietta,261
selezionare,38
sottosegretariato,33
progressistare,240
traevare,307
ricercatore,92
vincolistico,175
lumeggiare,531
fasciato,69
coree,14
moeno,258
sormano,1082
adii,92
danubio,82
dentato,12
esorbitante,175
libbre,54
dipolo,61
strutturale,341
unanimi,25
bisaccia,294
conseguire,51
giapponese,112
appuntare,171
aziendo,131
amere,47
sottintese,313
cariare,232
vizioso,121
mattano,175
educato,54
accetta,47
riconoscare,190
eminentemente,252
fruttifero,31
bendi,219
consueta,13
eseguito,10
ciclostilato,49
spa,150
bahrein,508
sare,176
gildo,911
congiunto,28
inibizione,73
decada,25
spigolo,759
parolaio,22
pratico,167
amerildo,674
provetta,190
conato,37
istologico,135
discuto,139
onanì,22
sbaraglio,121
eleggere,70
protratre,57
aggravamento,209
fiscalismo,128
avvertire,45
ottemperanza,38
appiccicare,777
calamaro,306
impinguare,155
bufalini,306
leninre,60
caseggiato,86
conciliatore,53
viterbese,247
stentare,637
hollywoodiano,326
superate,12
aggiudicandoso,255
partìre,354
elmo,366
rallegrare,103
componimento,80
richiudere,65
fogliare,355
cronisti,8
aggiogare,91
interdipendente,250
mantenimento,92
ripetare,413
calci,57
caines,312
ascario,309
bitto,330
battare,155
conquisto,18
sir,207
edotto,32
però,445
hawthorn,1077
scalare,35
vene,59
slamano,36
spegna,36
ugoo,288
semplicità,451
volga,15
utopio,102
apprezzare,171
civice,4
carato,8
narra,96
derrata,174
liturgico,55
smarcare,344
perorare,748
accorsa,89
liana,391
usto,11
brenta,40
achille,73
errare,125
allappo,67
ricore,36
tedesca,58
vescovare,140
restituzione,41
vando,47
calcolatrice,70
interplanetario,155
condominio,26
incrociano,30
pai,72
confessione,96
iterare,198
approfondito,68
delinquere,155
racconti,33
aggiramento,131
antero,8
funte,23
interrogatore,93
distacco,18
svenure,212
irrigare,71
new',19
colar,246
notore,113
pamphlet,697
metodologico,373
zinco,70
federa,31
presentre,71
lambro,216
vico,20
aperre,27
difendere,68
cima,161
previdenzo,68
falsariga,30
cospirazione,276
massaggio,145
livorno,355
diffamare,78
manare,144
rendare,18
soddisfacente,30
assomigliare,246
carrarare,396
laos,156
occuperà,11
controllore,34
scimmia,61
integra,19
adrone,146
volger,89
dorae,84
concerne,112
ungere,448
ghiere,43
ricondure,107
impiegato,94
alleggerire,122
venutare,39
leggoo,23
piaciere,169
seul,108
kabul,510
zolfare,105
noie,4
rospo,19
percorrevare,253
ebbro,73
giuda,17
geroso,107
calligrafia,32
danilo,134
vna,132
reperire,69
trinità,106
costarica,111
ileo,13
sfruttare,50
plutonio,19
miano,133
indur,40
portentoso,62
implicita,89
discuter,59
trono,14
dovrai,54
tagliare,113
saldato,10
disposto,217
sma,2
dorare,485
fragore,172
boxeur,290
pdre,85
persino,260
annunciato,59
manifestatasi,46
atletica,145
testimonia,27
vergine,347
pcf,20
lallio,808
zanna,448
ristagno,94
contenzione,163
sarcofago,949
negre,46
pienotto,984
vinta,92
sommozzatore,326
artefico,13
riccho,12
deportate,76
smobilitare,90
passavare,571
avventizio,110
stufe,62
scelga,113
duraturo,50
triste,43
fornaciai,176
moneta,12
svendere,250
ottantesimo,68
precipuo,187
fintare,505
elettivo,85
fango,251
ereditario,97
auguriamocare,145
distruzione,90
volparteli,24
marezzo,70
semplificazione,317
ferrara,329
datore,64
telegramma,44
accogliire,45
vieto,9
dragare,393
trasportatore,103
illuminante,41
folgorante,175
sortita,9
ragioneria,21
monarchica,137
brancolare,355
camionisto,145
antiatomico,68
gravissima,34
canguro,512
deragliare,302
stop,0
asfaltare,588
uncinare,694
mir,8
gallia,432
scozzese,130
imbarco,95
jumbo,640
trattoria,99
alzata,5
feudale,105
scarcerare,150
volgario,163
pollone,443
appennino,136
chilo,8
vetta,162
luciano,496
iota,140
pagano,34
fard,14
percezione,135
discussi,72
rigurgito,125
parzialmente,164
autonomamente,153
scarpino,1922
saltazione,207
mirafiore,180
iran,72
protrarrà,78
antipolio,17
rnare,572
maenza,95
maltrattare,312
consimile,134
banno,38
steccare,356
isolano,59
raere,301
tumulare,133
pugna,28
condoglianza,51
dritta,195
rock,338
tuttora,18
riconduce,38
viet,27
eternamente,189
nominare,112
suggellare,71
contraddizione,186
canadese,175
mandela,339
fognare,81
ardo,565
battezzare,83
sbafo,6
lira,80
alcamo,219
cecina,187
meccanicamente,195
scettico,130
confida,31
ratta,17
prelazione,92
tiziano,89
perdonare,239
concisione,46
cosciente,97
inaco,1
pape,78
inne,9
caruso,583
maliano,104
iore,146
strong,103
scrutino,19
ciglio,111
bresso,35
provengano,29
battistrada,207
fumo,72
abnorma,55
inalterato,114
affidare,56
kong,302
pile,29
spoleto,17
lettuccio,71
cacciabombardiere,237
liberatrico,151
dimezzato,79
formalo,13
ghana,231
constatare,50
accecante,550
storiella,361
presidenza,97
artefaglio,725
adamina,499
balcani,27
deboro,71
protervia,72
socialirre,91
cristiani,78
incomodo,56
alatolo,259
uscari,5
scandalosamente,186
doletto,1010
pudore,201
giadare,109
comprensore,89
continuatore,52
corporativa,51
petroliere,58
peruviano,122
accettazione,257
bottino,102
grossolanamente,493
sedo,43
dorato,38
regia,286
manilo,138
celermente,133
mangiare,102
numerare,26
costruirere,65
galluccio,549
aprilia,164
cupa,4
potenza,3
sirio,107
bozzello,710
fluttuazione,126
domo,24
assure,75
nuoto,104
franchiato,85
targa,59
sbigottire,737
portala,24
quotidiana,33
polso,64
figurazione,115
bagnine,265
pubchem,15
monolitico,570
dee,43
illese,66
contrasto,99
esca,4
sfogo,73
eritreo,313
indegnità,83
dar,15
segretamente,24
ripetutamente,120
dopodomano,110
indisciplina,28
battilo,17
ballatoio,448
depositario,25
laotiane,216
sammarinese,29
fomento,9
incedente,14
pierluca,385
languire,284
sbilanciare,341
difeso,13
elvetica,20
gano,51
valletto,246
peschiera,111
fingire,260
ehm,90
commessone,41
emiliano,231
attui,87
divenute,22
ardaulio,171
lottiamo,40
officio,18
invasore,172
risolte,62
irma,24
isaia,66
carro,103
fotografo,24
offese,67
meandri,37
maliardo,15
avversione,379
continuo,49
dirittura,26
raggiro,17
preferere,39
resi,10
cuna,8
mura,19
schiacciato,176
elogio,22
vò',287
prevalsare,97
targato,80
allestire,37
sociologia,165
motorizzare,38
insurrezione,72
persista,111
salina,616
montecatini,145
volfango,873
intinto,22
dirigenziale,82
viscoso,47
teare,374
motociclismo,87
cote,6
scissione,65
abbadia,211
redazionere,19
ambientazione,82
entroterra,105
sotto,2
golfo,95
improrogabilmente,44
dubbio,36
confar,46
obbligazione,45
fratto,22
zatterone,523
contribuente,132
giustiziere,23
divampa,45
bulteo,255
iah,12
ducare,47
naso,66
razzia,42
cinto,16
mousa,563
diverre,73
cattolico,66
bristol,716
slot,12
nuto,344
patato,190
atrano,245
cateno,10
baceno,442
proteggere,126
torturo,186
medica,72
inflittaglio,55
prematuro,75
ventidue,137
segnaletico,51
sconfinare,154
ingiuste,77
ricono,29
irriguardoso,17
orante,26
affondamento,23
selenico,21
bracciante,114
quattrocentomila,145
indore,7
inam,51
mandira,182
mignolo,923
solidarizzare,61
decoro,13
tomi,3
lotus,323
preme,34
sube,15
putsch,45
adriare,204
export,23
bimestrale,27
coricare,661
affrettare,77
periodo,18
salonicco,125
daily,66
inusitato,319
cosacco,221
perseguito,103
tessile,188
scorto,263
miniera,58
sestio,7
orbitale,99
accresciere,88
zoppa,73
cenere,170
patty,59
pendolaro,40
clay,184
borro,899
fume,9
zecca,52
opposero,66
arengo,682
minimamente,258
compaio,23
giorgino,1376
ciana,82
contusione,108
intasare,313
artificialmente,92
meridionalisto,59
aprito,33
lucerna,87
falcare,162
attacchare,123
pesalare,266
collisione,220
trappola,234
manchevolezza,249
dana,13
lovere,49
completezza,148
atroco,126
clip,19
sparatore,270
pavesare,545
marittimo,38
graduate,26
bittone,1341
contrassegnare,86
pipa,130
loden,181
ammettere,123
renano,71
raimore,1480
evere,22
forfettario,179
bare,121
copioso,180
orfane,48
gazzettino,27
piuttosto,333
avessimere,475
camire,39
bondo,22
rammodernare,172
ginevrine,44
bellare,431
organde,30
sanità,20
iberare,272
realisticamente,525
indirizzo,33
pornografia,260
traggire,37
certamente,558
strumentalismo,446
belfast,170
bandire,8
piazzato,43
lucio,533
maggior,25
baviera,33
valtellina,447
scongere,217
khan,684
divorzisto,14
daterare,425
articolazione,441
polis,7
ringraziamo,112
quarantacinque,180
incline,31
prodigare,51
pulimento,160
impennata,154
palude,56
assaporare,114
terapia,133
novarare,454
agato,34
sommato,262
soldato,128
promessa,10
abbellire,40
aorta,9
presupponere,403
referto,45
sindacala,203
elativo,35
ripetono,144
uniti,23
castagna,346
duno,46
emare,55
fiducia,13
gobare,308
marangone,1191
portalettere,164
vigliantese,39
espor,12
pompidou,46
rossastro,489
agricolturare,81
pompon,218
concretezza,213
traversia,21
ultimativo,238
inventiva,102
truppa,153
confinato,63
antigone,57
pallavicino,801
ile,209
rispettare,106
mediomassimi,255
sampierdarena,438
sprazze,499
drappo,30
drammaturgia,151
gioacchino,1350
tersità,5
esteso,56
occasionare,12
auri,47
amorevolmente,110
salari,67
volenteroso,244
proust,240
musicare,206
sospetta,92
fomire,32
figuro,63
accingare,127
mira,3
venticinque,194
aggregato,19
vipera,611
dettagliatamente,138
rosicchiare,769
cicogna,255
monda,18
pepo,218
omelia,418
antagonista,48
apparve,44
anomalo,86
cantato,157
eneare,67
clown,1090
meccanografico,86
stamanere,70
frenatura,191
taipeo,378
biologico,157
cosio,82
arrogare,37
magnago,266
invasi,91
esplodere,40
rivolgetevi,35
invidiare,210
assottigliare,781
accompagnamento,49
riporre,37
aereo,161
piego,4
immere,247
fiorare,54
malare,24
acoro,45
pone,7
oppoarr,92
ostacolo,27
originare,132
termometro,56
scenderanno,51
bronzee,628
apre,12
ammonimento,77
milleduecento,174
partile,28
malore,174
arra,102
infermeria,89
nuotare,140
piana,33
variamente,105
crpe,69
trenta,177
difatti,125
lanciato,50
inaugurazione,55
bicicletta,181
laurino,380
decimare,107
clan,13
cincinnato,749
autogoverno,177
bellano,516
riduca,139
sbrigare,82
arrede,87
retrospettiva,51
processione,46
bes,97
montagnola,320
omicidio,67
tendo,8
mondiali,113
fedain,151
brave,18
stone,19
merire,148
sovraffollare,39
intensificano,54
scippatore,323
pagaio,80
licire,153
cortile,240
raggiunto,27
prospettano,121
natanto,162
cassia,223
motocicletto,210
boario,389
furlani,116
emolo,99
defluire,81
ballo,146
fraintendere,114
polaccare,156
distrutta,65
stefer,69
esitare,278
campana,41
stridento,113
comun,168
avanzante,16
vetrai,145
orgoglio,126
lavoratace,155
sinteso,126
pubblichere,73
forchetta,114
sassaiola,254
ingiustificato,195
risparmiatore,80
equidistanza,250
melfi,330
escluso,37
alienità,33
fatalismo,256
flagello,94
moena,141
crespo,35
agenzia,44
vandea,365
acquirente,68
indirizzare,36
faccendo,20
lenola,468
cassino,416
serva,5
dormire,165
incisore,37
incitare,224
ottennero,14
controbilanciare,430
atteggia,31
asprere,66
affiletto,460
braccare,318
calogero,323
nomignolo,844
eosina,863
dispiace,104
dualità,152
compatire,48
lozione,28
body,755
gigantesca,104
impossibilitare,265
filmato,159
cripta,454
comunista,56
cattolica,47
beare,496
confluenza,16
evviva,55
recinzione,74
rotaia,235
egee,38
iniquo,48
aveno,68
abbo,13
assunsero,51
armistizio,49
tabacco,79
nascere,10
ceramico,123
portiere,364
pollenza,54
innovo,29
accento,96
animano,44
arringo,28
stabio,10
docente,73
risorgimentale,108
padano,100
sorgà,9
oresta,775
immediatamente,85
rinascitare,24
canti,27
traversa,237
intossicare,194
scanno,43
guidone,318
ricordatevi,83
annegare,151
frode,85
marxista,199
borlotte,141
stenografico,172
anticiperò,49
gemellare,57
complice,147
renza,14
ustica,7
superficie,69
oppor,19
nixon,103
reclame,8
rivolo,31
senago,13
violazione,42
dracma,44
verificarono,96
espero,156
pagamento,117
nuca,185
doppio,14
ostare,59
condii,33
procurare,5
bitly,909
sofferto,77
acuto,37
deputare,56
santone,459
tullio,478
trovo,16
barbablù,732
gesta,34
gabinerre,76
cotonifico,50
niccolò,1182
osi,29
aizzino,584
cilindrata,63
paniere,202
rinnegato,28
peggiorativo,129
marare,1043
baracchino,76
schiavone,860
insindacabile,198
pianto,43
pontassieve,326
valer,25
erogare,72
invariabilmente,172
erasto,19
rabbiosamente,306
paoli,502
azzardare,222
sfavorevolo,21
pignorare,99
richiesto,105
oggetto,2
condicio,11
dettato,70
seguari,5
moltiplicare,49
fissione,72
patro,9
divorare,260
milazzo,87
disdire,83
ombra,35
sgradevole,307
trincerare,76
lutazione,190
gilè,226
inondare,214
disumare,132
imprenditoriale,182
atelier,194
avverare,433
chioso,121
delinquenti,147
allarmante,76
scacciare,303
catenone,119
picchetto,79
anonimo,29
fiorello,451
criticare,77
berlinghe,134
brigadiere,110
lai,24
prostituta,71
georgere,414
paolino,1176
nerolo,228
emanale,13
castelletto,581
precedettero,79
offensiva,38
seui,180
aziendalistico,301
parigare,103
coffa,172
punitivo,23
silicoso,26
comuno,194
fisiologico,203
viri,9
succedere,176
alessandria,369
bestemmia,149
tela,16
edulo,8
irta,48
eleggare,78
sfoderare,357
condizione,20
fioretto,815
bisticcio,195
sampietro,750
lava,54
smantellare,47
selvaggina,10
sbugiardare,419
impensierire,798
volato,128
creere,166
squadre,90
divulgativo,281
spalancare,983
menzognero,280
fusto,242
alessandrio,415
camicerio,225
orobico,543
consolato,32
princere,81
abusivismo,69
mestrina,129
commessa,33
classere,127
sottoprodotto,204
essana,8
disfa,6
scese,40
incisura,42
satirare,478
datare,30
farneticazione,193
pradere,251
ultima,19
endocrine,69
assertorio,154
agricolo,160
lido,67
giliolare,364
bestialità,215
medicamento,170
tote,15
fisionomia,53
fesa,6
trasto,36
wanda,927
grinza,539
svago,26
marcia,11
vitalizio,37
liberti,31
corso,37
abbatta,37
cointeressare,117
scordo,10
aspri,16
tentacolo,23
incongruenza,246
dichiarazione,82
lavorazione,155
vienna,91
estetica,315
ama,42
allorché,58
handicap,13
tabo,74
perfino,245
camicio,235
appendico,52
pacato,199
braca,69
slegare,196
listone,12
celso,335
trare,185
maturità,10
attribuiscare,271
elettrocarbonium,195
predominare,184
strasburgo,137
sbottonare,714
brunita,55
capitolina,41
sarere,269
titolare,7
havere,389
gradualmente,245
termica,170
berli,18
biscione,10
sudafricano,196
ferriere,100
produttivistico,312
spinte,102
cip,16
onerare,100
dicembre,50
emblema,4
millesimo,82
incitamente,230
bossico,61
macmillan,544
usare,34
sollecitato,148
cinso,15
silenzio,12
austis,841
proibitivo,40
radiotelescopio,96
boomerang,96
cernia,14
socialdemocratica,168
appendere,828
datale,56
nippo,55
seviziare,276
scrire,157
parsa,22
guadalupe,736
stagnare,57
ecclesiale,70
bredo,91
cerone,653
teso,12
trasformo,19
frante,115
ragiona,12
elidere,314
fredde,10
gerarcho,31
carica,8
fortezza,78
sudamericano,248
colpivare,440
gregge,45
invincibile,76
strumentalmente,475
ranger,167
copia,30
biro,271
debitorio,59
moniare,105
giacere,98
sovrintendenza,37
terence,921
democrire,97
preventivo,27
votino,40
disattendere,503
ritroso,117
idrocarburo,90
arbore,247
convergare,42
rione,24
accomodamento,120
azzaro,604
scek,170
polmone,210
suspense,31
sconosciuta,186
sottrae,56
squadrone,231
trascinato,364
ripropongire,174
scalato,16
vincere,182
piantone,409
parziario,25
deferenza,38
dirigare,42
lucina,208
curo,59
rumor,25
vittorio,106
preordinato,173
bresciare,427
sostanziale,230
cuffia,46
apparre,53
sommamente,335
bace,1485
invocato,24
rubrica,28
dopoguerra,24
riaffermare,77
fattoria,24
questione,86
morganatico,195
sottobanco,137
atterrano,36
giada,16
barzelletta,682
seccare,14
opio,5
sansoniano,97
assurdare,214
lame,5
alane,814
ferri,388
dormitorio,168
attitudine,124
impellento,406
repubblica,12
pure,503
mandamento,22
irrealizzabile,247
alito,17
casistica,92
partoriente,23
diario,53
inondo,20
legislativo,128
incrociatore,83
emano,14
teto,14
esequie,26
tanara,17
editorialista,61
samba,223
raffreddare,226
abete,9
cadute,34
compensativo,550
alienato,31
anodino,363
agliana,326
bisesta,23
busi,22
ternana,453
schermaglia,238
deflazionistico,193
tribale,7
colpito,29
gudo,100
convulsione,173
abbozzare,158
assunte,78
alessandro,652
capovolgere,119
arlington,316
finii,42
tempra,77
faida,29
premeditazione,326
ardore,169
assegnamento,115
rase,6
odiere,26
pontificato,76
dischetto,468
succedutisi,35
deliberato,106
saluto,66
ideal,6
corsivo,63
tacco,346
umano,62
preannuncia,18
copenaghen,117
dispendio,43
atout,504
visi,5
bianchetto,620
fiammante,195
maggiorana,55
rotaie,136
chiusura,16
riesaminare,139
caprone,334
dorso,228
sterling,36
calcio,98
argomento,46
monto,73
rodo,192
porno,19
aida,19
perdio,27
esploso,37
cancellazione,61
eufemismo,122
grossa,26
facciale,70
afare,330
ornamente,100
laggiù,55
correità,74
esproprio,74
mangione,311
annualmente,122
palestrina,404
lamrino,623
stroda,53
roberta,490
vocato,16
sleale,144
cordoglio,61
diffusasi,23
lazzarino,1607
rinascere,15
gui,18
smaglianto,94
convenuto,35
boero,234
ritoccare,136
compiacenza,37
fornace,132
filone,89
danneggiare,36
intimazione,78
dedito,11
potemmo,145
eliminato,21
cultura,76
eguaglianza,56
alpino,35
feltro,534
caiolo,1096
risultata,27
smentire,84
connere,55
inizia,47
giornaliere,95
oscurità,72
catalogna,20
rigorio,10
abbreviare,41
breia,292
finn,29
minorare,71
riconvocare,78
vivaci,34
decisione,56
oriano,14
compromessare,294
leopoldo,234
tokyo,58
filippina,136
petra,236
cubismo,237
elemento,38
cipriota,174
innanzitutto,227
colonia,11
parino,306
periferico,30
etiopia,203
heisenberg,13
smosso,156
mexico,262
inviolabilità,43
envia,25
contemporaneamente,186
inserzione,104
egea,29
passero,211
capestro,24
artiglieria,161
scusa,31
faglia,124
verso,4
tripoli,75
rodero,261
costanzo,15
mirandola,122
sparring,144
affollata,35
morta,66
doria,87
guidere,776
istalla,42
smilitarizzare,141
centravare,374
guerra,49
sigla,4
spirale,64
ammortamento,187
successivamente,136
gabardine,202
capodimonte,634
angela,269
atino,337
arde,36
ammodernamento,276
slittare,79
bananiere,214
alibo,18
forsennata,152
riformistico,441
collegare,60
dimostrarono,118
visitato,32
clorico,495
mercenario,274
ces,13
son,17
pavone,379
rinfrancare,206
indimenticabile,177
sartorio,199
sconvolsero,119
monopolizzare,203
avvilimento,69
sufficientemente,600
masse,15
legione,11
defila,18
ruotare,48
codificazione,465
checca,557
mongolo,107
vedevamo,151
camico,344
linciare,256
affar,6
estivo,11
international,19
spartitraffico,40
squalifica,199
stante,19
end,26
miglioria,149
iene,133
castel,344
afrore,16
portino,18
bambù,45
spesa,87
macchinisto,81
sopravvissere,245
avviso,13
scarso,81
disinfezione,154
scambiare,14
convoco,38
archeologo,41
sudovest,143
complesso,20
marciapiedio,329
altino,21
segnalazione,46
edificabile,53
inchiostro,148
testo,30
capogruppo,189
marasma,37
assortimente,126
quadra,12
cassius,283
ravvicinare,76
dolciume,176
idealistico,610
distrettuale,6
smaccare,232
interverre,94
differenza,77
calcia,180
scattare,46
prigione,75
testimoniale,40
morale,38
ritrasmettere,24
estroverso,64
camoo,52
rinvii,43
brusio,31
riscontrare,59
oltremodo,131
albergare,205
alloggio,53
cerio,7
tensione,38
funziona,48
perioda,23
respinta,21
allergico,6
vendono,22
buo,4
uscivo,230
moribondo,402
binomi,26
ibrahim,178
finnico,79
fotta,60
buongiorno,320
ridurre,102
imma,19
anso,21
disperatamente,301
esordiento,698
medesima,16
arresi,47
tendopolo,146
arala,85
pasta,124
scivolone,456
scomodo,70
attuto,17
imminente,15
trafalgare,66
adige,7
suprema,4
magra,10
mangimo,156
votò,32
plesso,1
disappunto,220
esumazione,68
spontanea,5
aspettativo,70
tromba,52
cotonella,100
impunemente,127
accettarere,252
offro,9
condiviso,69
valter,20
pupazzo,345
ottocentomila,101
coca,13
imperfezione,174
sudafrica,130
retrivo,141
corpus,28
balcano,76
manfredonia,488
durissime,12
libico,254
semilavorato,215
massacrare,280
biologia,124
evvivare,146
fruttivendolo,8
sposto,12
bertelo,539
mimetico,184
brune,618
nebuloso,194
osservato,23
fognatura,221
depositato,23
rotare,70
etano,98
galantuomo,457
aggrappare,426
chiassoso,420
brigata,51
indiscreto,24
rilevanza,460
reinvestire,86
realizzato,81
pcare,200
ausiello,649
agricoltura,47
emozionanto,97
peggiora,22
strutturo,159
scioperi,84
ispirazione,327
contendere,333
cartucce,202
monoposto,37
nuora,9
dimora,32
motiva,23
quattordico,177
richard,215
coetaneo,377
sagoma,283
gioielliere,114
sonare,191
turbina,49
cosmopolitismo,381
poltronare,24
saccheggiare,334
commemorare,93
nicolò,690
scivolamento,232
anglicano,43
propongo,82
arboscello,67
percepiscere,147
mutuare,34
maciste,358
orto,50
riavere,156
ne',76
nutritivo,83
intendire,237
rhodesiano,158
sacro,15
gazzaniga,638
marie,604
sopravvivenza,300
concessionare,143
permetterebbero,375
significativo,60
gemere,188
abitudine,140
povero,62
denso,35
eloquento,73
intensificato,48
ricattare,219
glorio,60
approvazione,97
papi,147
fingere,442
illecitamente,235
aroldo,652
gabino,45
foraggiare,152
genuinità,46
spi,5
agonismo,22
devasta,71
eforo,14
gallerio,176
affore,23
capostazione,32
gattopardo,598
ordinatamente,235
hinterland,7
allumiere,178
imminenza,16
sentivamo,159
verto,9
porgo,41
comunanza,53
assestare,86
vicepresidento,140
ingalluzzì,145
siringere,204
addiaccio,996
mandolfo,454
diligenza,57
figlioletta,544
anteprima,167
fidenza,5
dépliant,36
sofisticato,102
coglare,67
impazzito,507
ringraziamento,114
rosse,269
annegamento,51
restaurare,46
ombrellone,341
spicciola,33
adorazione,86
metraggio,77
curva,62
tallo,120
colonialismo,159
rivelo,69
marilù,1848
guardingo,240
dante,208
paracadutisto,174
stipulato,62
ini,103
greccio,120
conia,9
ai',333
accertamento,66
ammucchiare,624
guglielmo,1128
inuit,5
fischio,85
favorino,173
montedinovo,137
albergante,534
pacifismo,155
tirannide,252
impazzire,310
risiedere,31
eccettuare,26
colta,6
neutrino,20
suicida,95
cronisto,13
senonché,175
ipc,63
dignitario,67
cabra,11
calorosamente,76
romanista,432
pratolino,595
chiamata,12
approccio,180
putin,32
tota,7
doppione,31
giovanetti,271
silano,58
diametralmente,172
parero,9
nauru,162
fadda,745
cloz,25
cognato,640
procurere,13
lario,122
stanzia,25
giovedio,92
infiltrare,147
verme,123
apiroe,45
stravaganza,648
buscho,511
bancarotta,30
barello,545
scomodare,237
borraccia,419
scotta,66
associato,31
scompartimento,72
trybuna,66
egro,73
perplesso,74
sovraintendente,41
maestrale,52
francisco,130
accoglienza,42
capitala,34
economicità,343
uberto,963
amintore,107
delineare,207
occupalo,27
moulin,1256
monitor,8
protrazione,47
tirale,9
frodo,31
azov,122
socialcomunista,140
complemento,176
compra,100
vortice,115
subacqueo,84
bis,7
insistito,24
paltò,2
traggare,127
capraro,375
sorrisero,105
bragia,473
adriatica,57
rivincire,156
tenebra,157
vocare,19
aviero,379
tacire,103
crovare,546
rappresentante,74
esperta,44
afte,115
colato,17
professione,49
proseguo,45
madornale,93
vincenza,475
inosservanza,135
criticamente,333
perlomeno,295
modica,19
frontiera,39
prenegoziato,74
svizzera,27
redigere,42
alleno,62
lucifere,231
scritturare,321
rispettivamente,78
buddare,758
ingannare,229
capriola,596
colpere,50
alberico,243
avvilire,122
bassetto,26
vista,2
prescrivere,73
tecnocrato,138
angore,49
differito,99
pallido,214
stock,23
flotto,43
natio,32
disgustare,496
infondato,191
sauro,247
doglio,12
bassissimo,128
addetto,37
gismondo,244
dilezione,47
acciaro,162
ciccio,650
avvertivo,129
deserta,25
taco,111
affluisce,23
visibilità,54
duetto,227
roccia,270
leggare,61
solato,38
simonetta,1396
sviluppo,215
rinunziare,197
tenenza,22
benestante,21
apparentato,36
cone,34
alberaco,1495
bacino,68
argenta,39
greppo,139
corteo,53
ambedue,43
alemanna,766
rendire,67
poseidone,25
bolso,74
ovvia,370
retrospettivo,104
sseldorfo,301
filmare,30
nore,126
stimato,16
fugace,125
speculativare,132
civile,4
alabamare,307
fortunare,834
ariosto,135
parroco,37
risultavare,35
platonico,182
scheda,18
svegliare,400
unni,39
collegno,124
sottratte,51
significhere,120
frumento,146
scheel,220
brigitta,672
milio,16
teletrasmissione,62
documentato,66
oggi,69
zio,16
donale,16
interessato,38
malasso,101
scaricabarile,112
tavolino,45
altaico,25
missano,34
compresa,31
trae,21
autorevole,38
appia,131
biglierio,17
precipitazione,241
ascoltatore,33
distinguere,187
distrutto,113
defezione,22
calabrendere,538
azzurre,304
sottovia,108
avvicendamento,45
rdt,64
stradista,117
sfuggire,75
testamento,139
permesso,34
are,770
seduzione,23
riconoscibile,66
burocrate,8
pablo,391
scii,54
torrione,609
piero,335
rivendere,65
maltrattato,99
blues,432
tata,133
cantare,231
diminuito,114
tonte,53
impugnare,15
immediato,41
susa,16
ispirare,151
rapar,12
nicolino,1332
birreria,76
statuire,213
sovrapprezzo,47
john,400
berrà,55
adeguare,175
esecutiva,35
antichità,38
donat,56
ardue,34
pesto,29
giardina,108
crogiolo,28
usanza,96
accorato,153
bentley,754
pseudonimo,120
coordinare,48
livia,130
occulto,75
cingente,16
classificata,62
cementano,13
fiorire,71
palesemente,378
incinte,62
disputere,261
rocco,403
sgombro,37
monace,117
ignare,312
serre,23
estraniare,24
pensilina,20
mrp,129
cospicui,98
quare,14
mortalità,41
rapinano,196
ghze,31
trascendentale,52
esclusivamente,193
conformazione,228
contribue,16
menoè,111
boccherino,579
latitanza,162
incompatibilità,169
magari,93
converso,13
infanzia,26
riapertura,8
triangolazione,21
ministero,44
parlò,72
piperno,1212
cipolla,258
frustrazione,184
declamazione,56
alcolico,22
riguadagnare,97
griglia,95
correr,14
testimonial,39
teleabbonato,38
sedare,67
casimira,64
orso,242
atee,41
nicto,355
impatto,13
calabrese,95
premo,16
piacimento,10
supplicare,199
sopraggiunto,224
fisba,141
gota,166
affittuare,122
stente,20
annaspare,431
pessimista,27
direttiva,35
virus,79
rifinitura,96
credito,60
bartolomeo,875
svp,34
modernizzare,121
suscire,66
esperimento,57
pala,27
claudere,380
fugar,142
misano,218
bastonatura,313
eriberto,473
santi,349
astila,86
rao,30
merlino,200
---,247
cucciolo,1058
versino,4
ferrotranviere,134
accurato,38
compietare,66
damiana,517
trottatore,256
roda,80
monale,54
lancillotto,221
richiamato,37
mettessero,71
siena,307
aliseo,38
elettronico,77
portasse,247
corresponsabilità,88
acquare,250
oppressivo,197
premesso,70
contesta,77
fortificare,139
stevenson,478
gira,128
principale,8
mutevole,127
vecchia,35
giuntare,24
cure,40
echino,167
verse,6
norimbergo,87
ulteriormente,57
areo,3
metter,13
intestatale,218
incollare,91
catello,1828
fils,113
minaccare,60
bienno,6
recintare,519
pensai,120
vanno,122
prora,11
rocchio,390
montgomery,190
manifatturiera,216
lealmente,229
cola,29
dedichare,33
contraffazione,617
capannelli,76
bacio,80
pago,15
ghiacciare,354
stampa,42
perseguire,128
aiello,236
predico,40
lgpl,1002
dino,44
egisto,1
zingaro,375
motivo,22
rubini,499
eligio,25
rossinare,644
umile,40
comincio,39
bagagliaio,70
esistenza,123
desiderabile,165
ravviso,9
mannello,370
sfacciato,327
rovesciato,50
distesa,137
coerentemente,462
regolar,27
criminale,169
geometrico,89
demento,92
sfuggita,129
lavoralo,61
giudicata,15
velocisto,262
seme,6
rifilare,147
crescere,49
significato,53
segnalare,40
incalcolabile,88
errere,287
rolare,1133
minuscolo,556
clelia,456
potenzialmente,424
fondamentale,241
accattare,277
perfido,110
trovatore,9
retroscena,49
jacoviello,968
atacama,109
ubalda,851
palazzolo,186
minacciandolo,26
telegrafare,40
filia,25
controproducente,268
abusivo,21
gitante,151
aviere,446
elvetico,23
melania,448
vile,55
mito,136
ifa,69
economicamente,191
irpef,252
capotreno,356
verbale,18
omologazione,29
rietio,276
assolato,27
variopinto,419
ina,15
berretti,552
rappresentavare,162
althusser,185
agrigentino,157
selva,9
approfondire,78
abita,46
pronunciò,20
pessimistico,143
aliterò,9
com,27
riuscii,52
precedere,65
disavventura,97
discesa,72
estimo,5
calcante,278
porco,12
spagnola,72
liberare,139
assumano,27
madrid,58
eldorado,354
massachusetts,193
sterminare,261
padrona,15
tribù,13
sporcizia,55
quilico,9
riff,89
caseare,169
cementiero,113
esposte,18
donnare,86
formaggio,377
folklore,150
impressi,28
chieste,43
operaia,145
legiferare,208
membro,38
prizzo,5
sedile,286
mosco,129
cronometro,171
coordinazione,175
accaparramento,261
ercolo,136
pattuire,131
autopullman,155
incoraggiare,373
giochino,496
esposre,42
costernazione,45
ricominciare,101
rapportare,198
sabotatore,76
poietico,411
invitere,101
scorrazzare,635
broker,356
laburistare,60
elefante,312
cispe,14
alex,235
silvano,1139
trait,69
pub,72
periodicamente,144
spire,10
baio,508
rinare,115
inverno,18
edili,16
savino,1206
friabile,82
doppiamenta,73
lettonia,79
saint,17
disegnare,100
ometto,120
ciaikovski,305
annuo,86
risanamento,139
reclutato,27
miana,78
immaginario,152
schierare,62
coadiuvare,19
liane,87
amendola,158
bolivia,159
chamberlain,1129
antiunitario,247
occupavare,79
pessimo,56
superleggero,337
dislocare,89
ambiento,8
microfono,19
consentirebbero,532
contrabbandare,113
somministrare,48
organizzira,38
popeline,254
discussionere,89
difforma,22
nalles,341
comune,45
minerario,106
aulico,314
trio,574
dominion,106
oronimo,42
aspetto,53
parolise,50
diga,22
palmare,500
complementare,286
golo,91
cuceglio,519
ciad,132
gioioso,116
conferma,49
stemperare,150
alante,461
progettazione,270
riallacciare,78
apprezzato,52
eversire,80
progressivo,280
scartare,292
inoffensivo,171
ricamo,172
barranco,236
anteriore,17
massaia,146
attuato,198
americano,258
massacrante,70
fgco,42
genitore,70
bellarmino,271
fregiare,793
tempestare,83
effettuato,29
aizzale,264
stampato,72
privato,58
ram,101
vicendevolmente,301
clerio,25
comunismo,233
omologare,55
cape,48
rimaneggiato,35
silenziatore,34
temprare,102
achilio,340
inattuabile,274
tamburio,316
buzzone,74
presentandoso,65
concretamente,402
mussoliniano,191
avviare,99
mantovano,711
condannale,59
placo,437
solennizzare,44
approdo,25
sotgiu,499
polemizzare,88
disonorare,360
antiaereo,152
microrganismo,152
bolbeno,847
autorimessa,64
necton,657
longa,202
concedare,37
virtuoso,150
goder,25
ferma,34
disporre,226
malauguratamente,409
asserito,141
esquilino,17
pubblicitario,30
candore,74
legalizzazione,384
avvicendare,86
irrinunciabile,244
venceslao,531
soprannome,508
agro,64
biglietteria,46
amala,153
proporzionalmente,126
ruggerere,122
stellina,325
sciallo,77
fallimentare,36
scadere,29
impresse,23
guscio,40
rivelare,209
granza,16
podero,35
barbabietola,183
luare,137
vicepresidente,106
antico,60
cdu,94
canea,7
crudo,31
paletto,142
sparare,351
plagio,49
braccini,62
capalozza,218
ocularo,27
polarizzazione,360
bell',105
moderatore,93
insigne,51
oristano,381
lignificato,39
gruppetto,47
mediocrità,233
attentare,74
sosterrà,60
uditorio,14
arancione,764
ventare,558
portoghendere,277
sardare,78
dignitoso,21
concordatario,222
candidatura,35
afflusso,15
coordinatore,23
pianino,357
battistina,658
ridio,6
randere,217
teno,20
uruguayano,198
elaborazione,253
prudentemente,354
dell'-,23
xxix,67
interpellate,26
sinfonia,165
inconfessabile,232
autolettiga,399
barcellona,100
cercai,62
senatrice,28
sospettoso,244
rivelarere,194
tartaruga,784
evangelico,85
seppellimento,93
rieducazione,68
scrivia,7
frizione,130
marittimi,25
dara,14
retina,186
rimanenti,26
nullo,11
dovizia,161
civetta,126
donnina,340
incalzare,90
amarmela,693
calcestruzzo,273
scorsa,15
minorato,37
schuss,68
pagliericcio,1115
terapeutico,171
profumeria,264
han,23
paradiso,277
scottante,29
granito,10
panoramico,43
reintegrazione,96
conveniente,93
rado,32
casaccio,819
delicatezza,107
sgretolare,180
diserzione,22
accudire,391
pontile,15
cirello,318
saldatura,91
appagare,647
falcidia,45
giurisdizionale,104
issem,47
saetto,1087
spartiacque,87
protrattosi,48
sonnifero,302
tradizionalmente,228
boema,95
boschivo,94
elettività,84
corrispostare,62
assoluzione,78
sconfessione,66
apposta,16
lione,287
rovento,56
indigenza,72
carmela,1125
candio,23
surclassare,458
astengire,37
impoverire,259
paternalistica,391
sola,6
mobilità,22
sao,316
rita,23
concederà,13
vincente,143
per',176
abb,11
cairota,167
cir,54
sciaccare,344
lenito,18
benedire,126
saga,676
oase,128
casetta,208
vertebrale,77
puntiglio,157
partigiere,62
calzolaio,647
passe,16
sfasare,348
padrino,925
petrolifera,48
opportunamente,124
portandolo,38
rifermento,86
speronare,252
prisco,513
veduta,5
trauma,158
gazza,13
momentaneo,14
ragazzini,351
passività,161
sebo,146
lottizzatore,27
mischia,211
assediare,326
istruttore,127
recatidere,99
nutro,14
fittavole,79
ricognitore,142
maura,64
spente,79
maniera,81
amalfitano,69
colla,41
soda,5
entusiasta,88
svenimente,25
bastardo,62
emergare,162
accasare,478
rilievo,67
cadico,50
cusare,141
legittimo,23
frugare,510
esule,36
diplomazia,30
angelinare,1630
telaio,35
religioso,66
amichevolmente,25
sannio,77
ignavia,11
neh',39
cisare,82
traspare,176
bollire,82
rapprese,13
colon,5
clientelismo,195
vaarr,43
cheto,13
arzana,21
mento,41
spadaccino,728
attorniare,122
discoteca,121
borseggiatore,338
servato,14
aliquota,203
citto,24
operatorio,36
dissanguamento,89
utilizzato,101
concitato,128
sollevamento,13
distruggere,87
intramontabile,99
cesario,1151
testato,44
massimalismo,383
onassis,1
fotografico,81
sodo,7
profondamente,46
industriale,93
esoso,79
crudele,126
bartolo,668
carroccio,70
pillare,61
tenebroso,381
selvagge,35
ugualmente,497
cologno,265
smania,7
bizza,277
scattere,26
sfare,51
giovanne,784
toso,42
spallone,352
richiamandoe,74
borsino,373
spaventosa,203
prescelgere,106
long,95
tendere,236
palmiro,60
assolo,62
ingegnoso,38
sgomberare,79
spregevolo,208
sostituivo,30
arolare,1052
limanare,206
tocchare,55
riusare,543
lacerare,49
districare,183
ricciarello,653
postulare,413
fola,386
avambraccio,376
ersilia,20
scarre,206
allusivo,59
rafforzere,88
isaio,262
augurano,73
medicazione,65
alveo,24
moda,86
inagibile,41
app,62
giurre,98
paveso,392
jugoslavo,113
intenza,27
potassico,133
sebastian,572
impellente,344
cianare,90
significalo,29
polifonico,187
cortese,90
lavorio,15
oco,8
litui,5
elettrica,26
filosofo,176
considerere,376
periferia,83
dietista,39
gramigna,195
nasi,13
teatrino,149
simposi,14
servilio,15
fucilata,303
chiarire,115
gabinetto,4
col',213
vitalio,14
petroliero,61
sciaguro,85
abc,97
privatizzazione,316
alliste,47
irriconoscibile,114
cosicché,198
antagonismo,198
ragnone,769
benintendere,670
inviale,61
natalino,155
acca,14
scaturiscere,323
aggiuntare,172
franchista,134
federe,52
borgato,67
copertone,483
columbus,724
clerico,149
assemblea,58
discrete,69
neutra,27
sro,24
tosare,843
amante,67
tunisare,312
ricreazione,20
crepe,73
maro,120
leonello,1458
loano,155
simo,79
pubblicato,122
savia,74
legname,11
troncano,7
iole,79
enire,438
fidente,40
trattenere,154
destra,125
frastornare,315
indubbiare,232
venutasi,35
ligure,81
involontariamente,233
compartecipante,25
cautamente,363
iscritto,22
dote,30
sferrare,98
holding,140
denice,208
concitare,366
fota,297
superperizia,46
indegno,254
demistificazione,785
combattente,80
accordato,53
attengere,158
rifuggere,212
ribaltamento,51
gaeto,330
tuguro,94
spare,229
destinato,19
cronistorio,24
bendato,510
telone,727
potare,209
insolubile,67
produttivo,234
pecco,40
barese,148
compiacento,56
estro,13
eversiva,123
insorgenza,53
confidenziale,104
putto,88
boia,277
cavalleresco,671
pri,105
baca,278
pronuncia,19
segantini,470
abbattare,60
lercare,58
svolsero,46
tenendoso,114
carburo,100
secolo,31
laminatoio,213
conre,239
unilaterale,89
hulu,638
adendolo,169
egre,39
attualmente,32
baez,613
furbo,165
dittatore,148
vittadello,49
compromettente,129
licinio,35
strangolato,257
milanista,646
manifestazione,63
sernio,86
argon,518
imene,162
chissà,158
everest,8
distanziare,23
incontrollabile,141
consultore,21
dondere,205
guarino,295
paggio,136
disertare,13
sussidiario,113
bino,88
offerente,28
erro,9
rotazione,199
confisca,51
motivare,45
oro,8
tonno,7
gru,15
elettrone,104
unite,9
nonostante,34
perverre,26
bolseno,299
benzone,105
nitrare,124
ottocento,75
puntualità,46
vorrere,183
equivarre,203
ininterrotto,35
compagna,139
protettorato,79
duemila,121
inibire,30
corrido,9
attonito,385
usura,13
idillico,194
frazione,29
reazione,77
porto,51
covace,190
stiva,49
trentadue,164
multo,4
ricordalo,60
novarese,375
ripassare,323
comprensibilmente,345
chiesa,77
dinamo,102
leonio,200
patta,12
moralizzatore,243
unirà,23
maggioro,60
ammasso,19
turba,11
augura,42
comprendente,47
diagonale,347
francese,177
sereno,6
ingiuria,114
cognac,206
lettrice,15
orecchio,148
completare,23
stretto,21
alfiere,471
persuase,172
aerato,122
narteci,14
oxu,42
gerarda,540
pag,7
protestatario,183
campanello,319
vandalico,64
rimorchiatore,250
perdire,39
bolzare,206
basilio,442
didattico,99
abbordare,92
sposare,166
bloccato,59
folle,36
risalivare,227
tergu,125
applicare,47
saettino,105
sovente,500
uccel,36
lilia,169
tamburo,64
termoelettrico,111
poeticamente,336
terrorista,111
look,199
tana,42
lugubre,168
delinquentio,180
ciclistico,111
cucile,23
sopraffatto,567
catastrofico,95
armamento,46
larare,704
furia,135
egitto,177
eduzione,91
cucciandone,362
vertenza,32
programmatore,156
mandate,31
meina,464
stars,246
ritirare,22
morte,67
monarco,79
coevere,88
compivare,448
ferrazzo,1108
trattamento,89
bracconiere,248
minoritario,180
azzere,599
cavalca,271
gramare,378
irreparabile,181
estrazione,19
congestionato,135
biancoazzurro,560
convenzionato,21
antonio,901
centravanti,526
comunistare,78
sre,13
contraddistinguere,441
juke,296
villa,82
rinuncia,90
fusa,12
assile,8
condividere,241
niue,233
sport,20
costrizione,93
bitta,20
antirazzisto,94
dayan,494
recipiente,192
aggiorno,23
toccò,114
convenzione,24
cacao,9
speravamo,196
nitre,157
raio,13
intitolare,105
bossolo,328
aggire,41
dissolvere,59
mancino,521
prevaricazione,402
parietale,16
travestire,400
cicchetto,100
usufruisce,33
termomeccanico,267
lupino,191
traume,107
fesso,11
turista,24
tizio,5
riscaldato,160
santiago,27
rispondo,47
severa,10
lanciare,30
trentare,125
disponere,150
casto,112
disqus,42
cerotto,1388
macra,119
poligrafico,118
manitu,6
suffragio,6
ermanno,504
accoglimento,73
salgere,405
musetto,776
brandii,27
lavorativo,79
laureato,60
discriminato,97
vibrare,36
alternativamente,255
bicocca,183
arrese,17
catapecchia,413
emulo,44
povertà,100
irlando,36
registrere,17
sceriffo,593
anatro,83
formosa,159
toltare,366
india,67
ginnale,20
affollamento,33
ingoiare,136
pezza,11
venerabile,19
dimostra,31
intendente,79
gemino,61
proiettile,220
punteggiare,188
clemente,64
volumetto,190
venticello,498
insistenza,88
propizio,47
vulcano,72
feroci,174
pagliai,54
rendiconto,37
musi,99
ugolina,1461
escavazione,223
anconitano,334
mezz,8
meridiano,12
morivare,589
minaccia,23
adro,78
fattorio,14
nonché,17
irire,431
migrazione,53
peduccio,942
ars,14
monastero,91
riunitaso,101
rimaneggiamento,122
fossettina,49
orecco,192
conduarr,38
farcitala,96
pretendere,349
castione,52
fosforo,177
kirk,1317
quadrone,65
inenarrabile,311
ricoverato,130
cossutta,427
reperto,52
direggere,96
assisi,20
esisterebbero,283
leucemia,208
elettore,29
nigeriano,284
birbone,732
molla,14
canovo,439
milanisto,509
malgoverno,120
addolorato,52
casentino,397
mendere,514
ferisce,17
pierluigi,827
eleo,59
trafugato,110
minigonna,431
giustificare,200
palestro,107
antemio,4
accettere,251
ripartire,32
ingrato,46
selezionatore,64
casta,102
svoltosi,55
innocui,74
pastorare,19
stantio,11
ballata,514
squarciare,706
squarcio,259
abramo,257
fuie,18
discere,216
lanciafiamma,451
rosee,15
librario,80
disarmato,87
commissariale,27
igiene,11
introduttiva,32
creatività,259
fegato,211
combattimento,42
drammaturgo,159
polesano,180
dadini,191
collana,91
parlale,23
vena,38
alale,335
nacquero,106
franco,27
gambere,195
arrivare,96
avvii,95
tribune,20
erminia,41
sarde,55
eccetera,19
confermare,103
anglosassone,156
deee,147
barletto,483
inestricabile,95
vitro,87
guidatore,49
rinvenuto,179
vano,5
ingiusta,71
ingentissima,24
dominio,114
politicizzato,515
posticipare,26
intendiare,131
ciiie,52
pescara,376
indissolubilmente,192
colatore,13
valido,13
toare,1170
amalfi,139
inattendibile,113
lacco,54
logorio,63
intensissimo,89
giovinetta,798
accennavamo,173
denuncia,39
viviare,45
attuare,101
thai,136
attinenza,119
quelo,36
imprecare,241
drammaticità,100
reggio,242
gratitudine,101
riso,49
risoltare,118
gramse,56
alludere,681
bouquet,325
tale,366
belize,45
terremotato,45
grafico,44
sacerdoti,95
nascondere,158
iranico,33
pigio,4
fumagallo,1143
chiedare,116
titto,21
votare,32
suor,71
democraziare,209
corciano,90
crescendo,31
salute,5
pretto,134
inverosimile,172
tormento,143
ammalare,199
affiorare,125
querelare,147
appartamento,120
rovereto,354
psichico,70
aggrada,15
capone,747
anuro,38
compressione,446
evangeliste,113
fornivare,98
fortunatamente,501
notabile,27
decentrato,194
santuccia,1363
gradire,60
entrambo,40
gsm,262
mulino,340
cospetto,140
funzionano,58
asseriscono,94
valona,3
almese,96
raso,51
pstup,115
perforare,245
micidiale,85
concordato,128
psoas,334
maccartista,88
cerniera,23
allargare,64
persiana,35
medioleggero,187
sostenire,104
soluzione,67
accordare,141
treia,65
inaudito,117
tazio,4
abbassamento,113
fantasiare,186
liberalizzazione,406
sormare,861
chimo,23
fantomatico,99
inganno,140
addare,538
distorcere,319
inazzurro,405
biancone,695
bielle,104
tonale,58
coprono,26
atmosfere,15
priorità,68
raz,97
deludo,89
cominciarire,136
pezzare,278
implicato,69
dinamite,91
affare,13
confindustrio,103
condanni,68
commuove,144
lastrone,152
autorevolo,85
bosco,128
atterro,50
deterioramento,318
inondato,179
sbaragliare,413
ragionale,80
refe,4
inavvertitamente,380
giornalista,37
noia,106
gato,57
national,167
danzi,121
azzurro,283
falcinelle,56
sornione,129
pluto,2
endocrinare,76
autorizzato,45
sfruttamento,64
addur,3
calendario,15
spuntare,448
federico,597
cerner,213
tendano,82
sabotaggio,92
ternano,341
obbligatorio,45
collaborazionista,104
innocente,95
flusso,41
inconsulto,86
fide,10
tout,64
cuno,45
andino,1091
investitura,11
dota,43
dogana,5
gagarin,89
dissociazione,56
contrattacco,67
ostruzionismo,135
regionalisto,127
longobardo,924
magione,43
pornografico,208
gusto,130
arcadio,283
premuroso,85
saltare,212
nascare,264
crossino,193
nucleo,0
ditta,36
soro,22
abolizione,124
falce,32
remunerativo,199
mordente,201
bagnolo,107
inedito,228
indire,84
adducere,74
ancoro,24
assolere,54
battano,45
paurosa,51
tuttala,451
equilibra,54
veno,84
thao,172
peste,47
altipiano,168
clinico,99
bartale,1090
aizza,57
diplomaticamente,112
costanza,18
continuativo,219
acceco,182
avvisaglia,19
sessantacinque,186
tilla,97
propata,29
chiauci,795
gloria,76
manganello,153
stanere,194
ntt,284
rivelere,66
capeno,111
ritrattare,255
galtellì,318
infangare,312
dcl,33
sdegnosamente,297
borgarello,776
annebbiare,225
ferocia,187
fabbro,429
vinile,13
tassativamente,263
posi,13
intollerante,257
molinella,631
recitare,229
delittuoso,80
lungamente,48
eccessivo,160
trasferito,20
odio,114
proseguire,61
girovago,226
annata,11
rinascita,8
introduzione,34
arbitriire,162
imprudenza,38
scontentare,590
eventualità,50
conducente,140
adenire,66
garantiscare,292
tessitore,4
orca,10
honduras,416
pira,124
votavare,45
petulante,113
stordire,398
scavo,84
revolver,148
commemorativo,64
guerriglia,132
liberalismo,300
snack,208
dettoce,52
esenzione,144
negro,81
anarchismo,205
amario,349
generano,28
riferisco,34
cartello,17
sutura,92
barbaro,52
intensificare,64
accorto,724
internazionalmente,136
durezza,63
irpinia,78
garden,457
incede,3
procederre,68
costone,134
appaltatrico,124
vantaggioso,35
sore,21
dovessare,523
ritenessero,209
coniuge,26
gasso,158
cotoniero,100
edicolao,34
vole,9
status,20
alì,482
fintanto,169
scaglionare,164
tommasa,335
tramite,21
giustificabile,224
formulano,137
telecamere,58
olga,7
rossini,440
calzaturiero,157
bidone,219
eufemiare,173
dimostreere,102
traditare,260
rinuncare,80
aizzace,872
tornaconto,42
assordante,127
patronato,50
dalmazio,184
coltivato,68
tonnellare,56
scodo,187
bandone,82
protestarere,132
lancia,15
balla,447
recisa,46
asfissiante,151
alturare,161
indissolubile,71
traire,53
castelnuovo,196
ebbenere,732
raie,32
inquietare,127
dimetro,2
euo,26
sconcertato,377
rapido,7
catanzarese,336
mail,59
tambre,45
tardivo,67
giovannetto,796
dotazione,76
cambogiare,265
inclinazione,421
balenare,210
mariare,1111
ostra,4
mitragliatrice,250
pedro,390
giovanetto,654
arnaro,208
hawaii,590
balene,292
fortune,27
pastoia,18
bando,12
trascorrere,43
diretti,32
marcantonio,1135
disciplinato,40
travagliare,90
isolamento,117
investire,28
costoro,255
carbonico,149
inglorioso,62
proclama,5
irmo,168
estirpare,8
cruore,119
gela,20
sedici,133
moscone,392
assortito,112
riferivare,133
batterere,156
collera,90
farnesina,71
bagno,91
realista,138
immischiare,178
desiderato,124
analitico,245
canalizzazione,170
michelo,1436
sedativo,27
uria,12
mac,21
vaccinazione,38
motorscooter,200
conseguere,125
anestesista,62
pregevole,175
ottavo,36
ape,232
chiere,23
ics,431
gionare,384
contratti,83
fino,27
sloveno,22
datto,71
seguito,21
olo,38
tartan,315
beneficio,13
zara,441
ineleggibilità,39
pera,13
argentare,176
bettola,456
peraltro,360
unionista,107
innominabile,78
discutibile,165
condi,15
congrui,94
dogmatismo,323
teletrasmesso,45
uffizio,33
rockefeller,319
familiare,19
stere,101
erchia,7
formidabile,95
villano,644
programmazione,180
militale,84
giovanissima,217
scapito,153
pennine,47
licitazione,81
ticino,75
preferì,9
portanza,16
picnic,682
pechino,193
fidanzamento,66
litoraneo,142
missoure,645
mediterraneo,53
tema,38
vergogna,77
dimostralo,36
deliro,79
contrapposto,302
dedico,9
stimole,170
arandovo,197
carlo,639
elemosina,34
precoce,155
conquirre,13
lavorarere,81
aurorare,385
accendere,42
restauro,11
confatto,118
ampio,18
appuntamento,42
contrade,23
parrocchia,34
costringire,66
calde,26
auto,159
quindicinale,72
razionare,157
discordanza,131
ciure,504
costello,262
cercatore,21
sbarco,87
prodotta,152
tardo,38
tranquillante,62
aortico,23
tisi,20
avena,131
tarare,358
partecipa,26
respirare,226
recessivo,123
incriminazione,220
mississippi,83
parcheggio,33
ricostituzione,62
confino,48
ordinario,52
baito,539
cabale,252
amoroso,105
starnuto,65
carteggio,43
ufficiosamente,224
tentere,79
solidarietà,23
cinquantesimo,104
addolorare,63
diciannovesimo,174
compagina,181
corro,20
aperta,24
dannare,71
porger,71
improduttivo,179
parito,19
procedire,25
modernissimo,67
conferenza,46
anima,103
purezza,163
giancarlo,767
ancere,40
dicente,129
propulsore,41
spaventoso,185
soldano,226
lettino,20
prasco,59
repentaglio,23
investe,19
precludere,242
soqquadro,249
contraddicere,280
anastomizzare,65
evadere,103
falsificare,82
sicilio,63
fusta,98
astato,24
tratti,48
telmo,231
interino,165
appaiano,232
sorpassato,122
arizona,77
muoio,46
distinzione,187
procurato,25
guado,228
west,166
plebiscito,2
assenteisto,177
venute,14
giovo,25
palese,98
otone,23
eroina,22
imputare,131
donna,39
anormalità,36
norvegese,65
arsenio,56
tevere,301
macchinare,93
negoziatore,57
esercizio,4
magma,276
audio,13
cavatalo,414
ottusa,152
cauzione,33
promemorio,57
isotto,25
fidanzato,328
infarto,174
cancerogene,136
giannino,1100
imponibile,115
gabbia,8
mirca,6
crivello,361
peloso,225
reddire,70
sev,1
generalissimo,67
incremento,167
pompiere,114
affidato,27
riduzione,101
riddare,91
inscindibile,345
vento,117
petrio,775
suscettibilità,162
spriano,72
materialistico,450
abbandonò,48
faust,143
befana,10
tranviero,84
carcerare,127
avvenimento,8
aure,80
menzione,67
mara,368
dislivello,146
indigeno,24
cellonare,110
perlustrazione,236
aragonare,251
speculativo,127
sicario,518
fascedere,162
mandata,16
protestante,64
chiuro,49
erezione,43
mende,109
incursore,151
respingiare,122
comparre,34
ingiustificabile,238
revisionisto,46
postino,20
latinità,10
adulare,184
circondare,118
allentamento,178
affidamento,240
feticcio,187
epurato,13
languere,188
abbao,43
foratura,177
muso,181
originaro,35
cado,139
promuore,60
niger,31
ambire,149
truce,129
aguzzini,157
rincaro,55
modifica,80
grazia,20
bastato,26
meccanico,112
alfredo,108
novosibirsk,116
vicequestore,194
economica,133
biblico,14
messinare,389
mora,162
assunto,44
interrotta,53
attiva,20
alterno,17
ritocco,32
piissimo,109
parlucco,340
brancaleone,2302
inclino,124
spano,124
miriam,160
mah,225
citta,13
decennio,21
triei,22
aggressività,96
erotismo,258
densa,11
cospiratore,167
colmare,10
continental,10
latifondista,62
riempie,87
gin,116
braciere,498
montagnina,579
linfa,12
larere,191
leningrado,98
ricompensare,140
city,240
rigidamente,284
enciclopedico,88
fallita,9
vladimiro,432
brindello,166
preposto,67
concettere,87
ricchissimo,84
avvincente,268
leandro,273
ovest,50
procuratore,46
viareggio,329
sardegnare,69
sfuggente,263
china,6
letino,48
totip,38
bisetto,498
kibbutz,346
amar,222
renale,116
partecipassero,53
rodriguere,329
funto,41
interdente,33
ammonitore,17
carosello,14
usuale,194
trabocchetto,370
demoralizzazione,723
viola,340
ezia,57
campidano,25
anisia,21
cambio,12
timi,4
vigolo,474
ameno,48
anticontadino,88
modestia,156
indebitamente,150
emozionare,140
catalogo,101
tirrena,105
particolareggiato,93
stoppa,422
rimbalzare,414
yemenita,221
boriale,13
confronto,11
atalanta,355
maceria,142
moschetto,896
fregano,479
istruì,10
stazionario,35
interpretere,60
patriote,158
caramelloso,1437
collezionare,132
professionalmente,88
afferire,77
sfollagente,227
ilei,67
cinegiornale,64
cintura,10
barbo,986
raccolgare,48
sostanziare,207
mirale,37
contravvenzione,69
telare,17
usato,55
tonchino,163
dannino,27
sostituito,29
pistare,141
ricordato,39
troiai,389
fatto,255
pieve,388
disciplinare,59
assommare,120
intermezzo,21
combusta,17
alpini,21
salisburgo,327
dotto,24
voglia,310
angolano,46
autogol,42
statuale,189
rivoluzionario,114
chco,113
istituire,45
rimasi,34
celio,339
controne,27
allegato,21
cambino,30
portacolori,754
bibbia,179
aversano,308
vigorosa,21
agosta,80
nazzareno,902
cono,18
sgabello,630
cavo,107
licenza,18
cappuccio,726
stabiare,65
turbolento,151
chiauce,825
insuperabile,85
bulgaria,101
occhiato,59
johnny,739
riformisto,284
capillare,25
pantaleone,729
stilo,20
trascorso,24
doganiere,16
fuciliere,276
scacchiere,52
perfezionare,68
dividere,69
corana,305
accasciare,930
inquinamento,79
raccolre,41
verniciatura,298
parre,85
cronaca,12
immeritato,375
alpi,8
popolarissimo,52
azionare,76
caricatura,49
ingenuamente,546
grintoso,375
chiesto,42
calata,13
lacosta,108
flauto,314
peso,12
scialbo,106
adeno,23
aster,119
golpe,34
mensa,19
arrischiare,231
gonfia,18
gallucci,288
colleghere,34
manifestatone,45
ava,87
affermavare,201
oppongare,191
contere,264
aprite,19
calore,21
servile,91
calisto,62
infine,138
saccho,147
modulo,6
doler,418
dinosauro,280
sindaco,54
leggendario,163
eccedenza,170
steppa,116
indere,132
congestione,200
immorale,111
limita,54
solza,225
mitro,140
schieramente,59
insorge,23
calzaturifico,113
sgomento,185
porano,178
nenno,120
normalizzazione,235
trulla,66
fervire,37
frammentare,451
attribuito,29
caluso,39
istituzionalizzare,265
ammale,129
castelfiorentino,1095
ortofrutticolo,186
donatellare,850
accademio,14
gridare,217
candelabro,235
pistard,84
metodologia,308
dopotutto,432
evirare,146
granoturco,137
calzaturificio,170
transenna,506
titola,5
occasionale,6
oscillante,16
ostraco,4
mausoleo,91
unanimo,29
niet,128
gollista,89
dibatta,42
esista,17
pilota,60
retorico,271
ana,2
raffico,43
mania,11
talento,310
economizzare,130
neofascistare,151
martedo,120
cingere,151
annabello,997
fedorare,699
solerzia,114
minibus,352
rotore,85
autopompa,277
forcello,1628
pulizia,23
impraticabile,87
propaggine,38
pudicamente,339
seminterrato,143
fondale,8
schiave,47
creta,10
introdotta,36
indigente,76
cubito,7
allodola,431
ternario,248
leprire,262
down,455
prefabbricazione,200
fendi,28
buddista,52
sian,114
grandemente,320
scogliere,288
ammirevole,113
fuan,113
ali,29
espone,12
cobrare,1092
corridore,130
costituzionalità,151
ispirarere,178
impresario,25
razzistare,116
opus,10
chianno,1276
papasso,49
commento,71
desco,7
immobiliare,92
incominciare,98
nives,19
fabrizia,1322
lastra,112
motoretta,273
incertare,87
centrodestra,177
empo,10
marezza,25
bendale,9
italio,15
specificazione,492
tira,29
buffalo,113
polio,7
ghigliottinare,379
ancore,34
denotare,131
scorgere,334
iat,24
anoiare,346
variabile,73
bersagliare,248
office,26
bersani,137
spede,4
benessere,63
fiorentina,299
utile,69
freddare,570
pagana,21
amino,55
banana,35
mammolo,340
svendita,37
carbonifero,143
angiolo,652
ditine,4
santhià,384
profondere,60
roseto,513
biglietto,22
iniettare,240
sonia,119
tratto,90
alimeno,81
avire,83
riscuovere,21
pallanuoto,462
angelo,918
ascolto,12
traumatologico,249
cornuto,130
sfondo,141
installare,67
maniero,35
oltranzisto,211
giocatore,192
segmento,124
stremare,194
antimilitarista,126
ligurare,66
ramon,428
gelato,219
trentun,90
personare,57
dibatto,42
farmaco,86
nordista,104
dateci,11
efim,113
integralismo,304
tergiversare,118
declamo,9
solco,39
nereo,9
dominico,22
balzare,126
islam,182
schivo,30
correo,38
cartare,75
sardo,45
chicca,13
arar,186
cna',347
snello,20
opero,10
verticale,46
matteotto,114
indirizzato,26
rinunzia,55
detenzione,114
stupendo,130
equatoriale,20
ricevure,47
color,258
marchio,9
registrato,29
lambretta,287
rimare,33
difformità,57
pernio,12
burgos,169
volgire,43
quartultimo,157
congoleso,285
indebolire,131
giustifico,77
zelanda,174
ginnastica,80
originate,161
differire,152
maroso,356
ubertà,30
sostenure,21
costringevare,261
strillone,65
intimare,40
piombino,373
sensibilizzare,236
serio,30
mangano,112
dongo,115
manovra,43
demmo,64
graditare,140
indistruttibile,52
cardinale,63
cooperatone,26
intransigento,73
incaricato,62
permanenza,9
abbondantemente,123
immigrazione,37
accanitamente,286
globale,59
dormivare,847
sottocomitato,92
timbrico,175
ieu,53
inevitabilmente,280
maccartisto,136
sassarese,318
capite,72
frettoloso,66
arista,46
pettirosso,416
adescare,289
laura,1039
disponibilità,49
maniglia,571
settanta,179
inarrestabile,75
registratore,23
tortora,232
dacco,88
chine,494
nascevare,156
uditare,86
corsia,83
orizzontale,15
incetta,26
distensione,85
considerato,442
frivolo,277
stradina,305
ternio,220
parecco,132
nominalmente,94
citazione,121
ife,57
ptt,185
seppo,14
merceologico,153
terra,18
velare,209
torturare,286
esclamare,129
melotto,641
arsiè,59
torchio,328
tome,86
elasticità,192
livornese,193
conteggiare,326
noverare,208
danzatore,505
acuire,80
risorsa,43
rulla,72
nube,27
ricordavare,362
volgo,7
chiacchierata,190
pentare,114
signorine,763
emarginare,242
carico,16
attore,332
scordare,149
altana,178
portafogli,34
sottovoce,343
conegliare,185
cicerone,1167
provvedimento,55
giustiziare,50
salano,81
consenso,37
operatività,223
commercializzazione,233
costituenda,66
palato,272
cinquecento,145
castone,216
riaprere,35
giocata,112
remora,186
ingiustizia,95
camorra,140
isabellare,1160
abbietto,8
viticoltore,101
aggiornare,61
poolo,185
rudere,21
estemporaneo,110
materasso,169
centralizzazione,426
larvato,92
necessità,56
miglior,47
regimo,91
girone,176
attorio,12
giuntura,12
danila,186
miceli,223
ragionato,120
fiumicino,18
cravatta,557
carona,178
motociclistico,96
sospendere,67
monotono,207
comunardo,85
apartheid,124
conciliabolo,41
magni,294
corporazione,144
depuratore,50
guercio,328
nordoccidentale,208
alanno,166
ispezionare,70
dibatture,79
abolito,25
camiciare,280
stagno,75
afp,133
rancio,7
hiv,271
salvare,70
mariso,507
spiegare,310
scandale,39
fuggitivo,320
ionizzare,129
lagere,122
scenario,132
streptomicina,49
moretti,1203
farina,120
giordare,102
balordo,104
consultivo,105
negativa,21
realizzazione,240
stemma,70
cuoio,138
asuno,199
tariffario,86
dolere,262
riguarda,40
spudoratezza,196
penale,50
battaglio,42
autocritica,182
raccomandato,45
radiologo,62
frantumare,269
segnaletica,32
calo,6
cimentare,211
frantoio,173
oppio,109
agrario,79
alterato,144
diffondete,16
bollito,21
central,19
fierezza,123
vandale,29
farsa,4
doccia,21
rotole,455
busso,64
attaccante,378
ferentino,45
consumazione,158
avilo,192
sportivo,31
bengase,302
unifico,19
sconnesso,16
moltiplicazione,141
redattore,109
fara,26
strategico,54
pletorico,252
veleno,96
groppo,133
milita,47
menare,338
inquirente,106
subordinare,304
tanare,194
senato,65
blocchetto,31
adriana,257
appor,25
assillo,9
beduino,387
bernino,1206
sudorientale,175
hyde,203
affaticante,481
provento,108
accontentare,322
fiera,32
sotterraneo,82
osar,25
delusa,61
duronia,9
recentemente,37
rettificare,136
forca,79
giraldo,1290
raymond,574
siriare,327
indulgere,578
pietanza,8
bandono,12
baruzzo,1265
zig,14
valre,7
riano,15
caio,477
piaco,65
altissime,27
vastità,44
asserragliare,553
federica,245
conservato,41
canterbury,332
laccare,304
turbato,29
obiettore,14
traversone,380
lemio,8
terno,316
pirello,173
decisa,45
bronchite,93
tirar,54
starare,715
mistral,66
retroattività,174
prescrizione,50
contrapporre,600
pubblicizzare,64
olimpo,62
annue,98
ammanettare,961
sconto,50
ronfanto,448
cucco,680
fiesole,393
morbello,763
sinio,0
verificare,60
gigliato,461
sesso,4
tenda,8
asprio,26
adonia,67
alternato,11
occhetto,118
purtroppo,285
cellio,241
rimasero,134
dna,37
concessionario,102
prosciutto,79
stio,24
sibillino,127
cervello,35
battere,75
temiamo,78
carso,8
beniamino,666
incomplete,40
mercuria,120
virgilio,668
trota,52
scuoia,36
bustone,449
bastanza,163
movimenta,22
condito,8
bottega,11
imminento,19
isolo,16
lake,229
obbiettare,47
salisano,194
augurio,49
tornasso,110
diffudere,63
integro,29
studio,71
armido,126
napo,42
incivile,122
vanguard,14
provato,28
populista,166
commissario,39
imeneo,180
parallela,9
lanzo,10
albertino,959
aedi,28
candelotto,429
lavello,63
xix,33
prere,160
soggiogo,15
amarognolo,220
assicuravare,76
partere,42
bookmaker,825
elsa,190
sfreccia,220
necesse,46
dispregio,136
ingrossare,39
annega,53
occupa,18
nordovest,203
stilistico,420
mese,52
tollerabile,153
falda,27
legittimazione,195
trivello,261
agnese,42
babila,76
strutto,22
magare,217
littoria,59
tara,28
ulm,19
giovinazzo,377
verere,15
staccare,329
cenone,110
mortae,181
party,29
crono,4
tranviario,112
barattare,112
pontificia,54
entrai,12
emere,87
distrazione,39
conciliabile,75
osta,4
itaco,47
seta,18
ipetro,13
pieno,7
oltralpe,40
valicare,16
tumulto,26
port,3
intervenere,30
fabiano,981
lucino,389
motocicletta,187
cor,480
chiave,3
trevilla,760
gerardo,659
trepido,21
fungo,161
emimere,88
annidare,140
mae,359
prece,28
pariolo,418
tosco,171
elevato,83
tempio,128
alsaziano,80
tene,8
indotre,37
timers,43
alimentazione,194
cave,220
opprime,109
avvezzo,183
contavare,218
stila,18
arenale,28
qualifiche,62
disarmo,51
chiarificatore,130
riconfermira,90
talorare,482
manterranno,20
nitritole,116
issime,8
carife,22
garibaldare,108
istone,11
esente,20
dialettico,273
risa,13
forzato,10
ingrosso,110
popoloso,36
rallentamento,201
respinso,37
sostanza,60
astanto,35
oltranzista,161
ginno,16
parolare,315
agiio,4
pivo,29
contenitore,15
ceranese,281
dispiaciere,281
sindacae,193
iranian,198
fao,78
tenore,6
ovino,109
rivierasco,54
loco,17
sexy,955
antisemito,191
vascello,669
partigiano,81
assennare,103
parta,8
meschine,168
ridicolizzare,395
mettendolo,51
italiano,52
tentativare,94
taglieggiare,196
saere,106
incito,13
smarrito,121
volla,51
accredito,16
arcinoto,265
estraneo,28
uranio,90
arrendere,386
generale,15
dominicano,77
hollywood,298
grassetto,198
amplo,3
triumvirato,51
iniziale,57
coendere,916
eversivo,137
qualche,29
ricevare,30
elaborato,32
pendico,19
discrezionalità,138
carare,404
fabio,890
pistoiese,368
gonfalone,48
viscere,137
nuvoloso,78
linciaggio,181
imbattibilità,113
trasmettere,25
senegal,440
costituitosi,46
liquidatore,17
filleacgil,205
pianificato,116
czeizler,294
innovatrico,147
scolo,18
montano,130
emigro,17
svista,7
verrebbero,99
creatasi,25
ricognizione,66
moglie,316
accorgimente,99
pescia,98
numericamente,333
allentato,30
anelo,28
sovrintendente,25
imprevedibile,149
quartano,76
drammatico,50
pena,18
tournée,18
bombo,70
porere,584
robusta,27
agguerrito,41
tir,47
mancare,79
fermo,12
martoriato,119
contade,70
moconese,404
conduttorio,4
chiamare,53
affarone,33
destituito,27
trac,60
possedimento,39
lasciato,33
copre,19
digos,94
essile,53
presentì,62
paiono,105
aspro,30
flom,83
aaco,57
intellettuale,101
interpartitico,286
precedente,33
sentito,63
vezzo,188
plesk,174
maridere,1122
festone,37
ammirazione,160
cipriotare,195
babbea,58
spezzano,33
lenimento,59
busco,740
indure,103
davanti,13
scomparsi,44
jugoslave,110
adelaide,955
eresia,61
corea,123
muratore,190
reame,9
baruffo,867
anticolo,40
banario,298
mancante,59
allusero,181
barzotto,122
ciprioto,166
sviene,183
vietare,17
marcellino,1217
guardare,174
rintuzzare,90
ritorno,21
bar,21
piastra,17
riduttivo,192
velocità,57
bieno,37
aura,52
insaziabile,101
lumumba,254
compore,43
soffocare,67
tegola,85
applicato,34
auspicare,83
trentasei,157
xxii,33
piote,20
laudo,170
gettone,25
cesto,51
antigienico,52
drogo,29
fumante,186
dorrebbero,231
steven,482
compratore,178
inviò,42
salimi,184
scarica,219
capitanare,260
scissionistico,304
didascalico,359
pepe,399
demolere,138
lecchese,319
riprodottare,56
chermes,377
revisionista,43
bigotto,361
feisoglio,103
rimorso,122
protezione,38
sello,449
alba,104
agevolo,33
domenicani,270
scassinatore,925
poppa,126
dogai,5
montacarico,346
terriccio,358
reperibile,54
correvere,220
lirismo,267
creativo,226
segrere,20
litica,25
barbera,968
lager,17
risentimente,169
samone,954
crude,17
escandescenza,149
fucile,223
comprendiare,135
soccorrere,108
scheggia,590
rispetto,17
necroscopico,67
inconciliabilità,365
rosta,25
trine,66
rispettabile,107
parete,256
lacone,97
eu',27
burkina,383
combina,35
nazionalisto,188
lumen,51
allacciare,40
camerun,266
scandalosi,36
gregory,675
risanerò,376
connettivo,189
pretendente,89
virulenza,358
merlin,153
sibillina,19
ebu,117
espellere,30
cappo,67
alaska,594
aeree,26
guru,512
attardare,231
poliomielitico,106
cooperativare,66
borghetto,216
humus,414
cuto,27
pitagora,729
cattolicesimo,97
triestere,82
bismarck,1232
gallo,852
herpes,167
miller,429
scomposta,18
remore,253
decifrare,181
locale,10
gestapo,136
serenare,109
classico,30
cep,3
mezzofondo,345
brodolone,172
granata,434
anatomia,72
siberia,55
costruzione,84
succhiare,390
detenere,10
pere,196
riunivare,51
arance,80
noè,522
apo,4
europeo,52
fatturato,109
allineare,37
urbanistica,33
cela,5
tauriello,505
piccinina,101
telefonano,15
straordinariamente,14
chiuso,15
nomino,11
modugno,1259
santina,425
magistrato,114
gallura,104
disciogliere,17
xxxiv,65
subordinato,337
indispone,15
dioniso,60
lesinare,125
strumento,66
avvinto,170
addotta,86
designare,75
caminetto,719
bossi,12
seppe,56
delicato,21
scrittore,284
penalizzazione,179
lazzo,208
cupidigia,287
condiscendenza,186
letterio,48
colpire,22
anzi,563
cinquanta,166
cavare,319
scelgare,183
compiuto,21
isso,87
artifico,30
bell,681
delta,40
bicere,354
rifinire,132
sedurre,41
micella,52
sollevato,13
gigli,754
veritiera,96
fischer,41
metto,11
ruino,31
volpartele,10
giubbotto,994
rappresentato,91
velleitarismo,368
venuto,16
fascare,163
barnaba,1553
anconetare,27
durata,42
fulmineamente,231
ingombrante,303
cena,31
gorge,282
insegnante,96
soffitto,310
enfiteusi,95
carmen,691
alo,517
delmonare,61
scendare,43
addentatura,60
save,858
tafo,5
notevolmente,98
sondrio,294
erutto,101
abbado,653
premiato,46
consenziente,370
sesta,39
estradizione,11
ciccia,237
interessa,30
provocare,85
assimilazione,424
bistecca,136
francere,268
trotzkista,102
registrare,27
professore,68
pettino,52
eludere,144
superlavoro,56
bagarre,563
preparare,46
brindisino,215
integrità,47
marilena,718
soppiantare,327
scissionisto,91
ricondurre,173
ritieni,35
celebrato,62
imbarazzare,386
sconcertare,469
additivo,67
unau,32
mensilità,109
inequivocabile,156
narrazione,373
druso,340
ochetta,47
buca,271
ipocrito,248
scandire,89
corrisposre,70
dubbioso,219
prestatore,50
ugo,416
cilindrato,62
appetito,16
beffare,166
devolvere,17
dopare,255
capace,70
simico,39
comincare,75
proprio,147
tendevare,111
provocheere,107
edito,35
prestanza,29
scomparivo,153
industrializzazione,305
chiudo,35
contentino,118
malcontento,45
spedire,18
salsomaggiore,76
pontey,290
sozzo,964
travaglio,38
equiparazione,159
somatico,72
bermuda,83
bogogno,363
esiguità,85
indivisibile,251
teppista,98
intellettualistico,435
preparazione,15
filatelia,29
egemonizzare,341
masera,190
traversare,177
barasso,113
gerarchia,55
sterilizzare,200
bisesto,20
coniare,115
spauracchio,246
valvola,68
cerca,12
facoltà,44
immettere,119
emancipazione,62
misfatto,205
lieve,27
misterioso,224
defunte,12
argentina,113
segreteria,144
sic,69
mutui,86
rischiavare,521
mando,17
christopher,775
coloritura,344
lebbra,43
sostituto,62
preclusione,82
ammalata,186
pal,9
rifornimento,75
sperimentale,82
dirimere,147
inseriscare,378
intimità,10
dolore,39
pescatore,58
esclusiva,10
reinserire,70
incubo,82
protestare,81
cagionare,150
iri,46
logia,35
canavese,263
colonizzare,106
tabù,3
casablancare,606
filippine,226
natura,342
catone,116
mentono,35
richiamo,30
bracciantato,115
visionario,9
striare,27
manie,9
assennato,50
assembleare,64
baltico,128
gioì,53
rinnovere,16
macario,40
sonato,20
tremenda,68
becchini,75
imbocco,54
opinione,9
raffinare,187
considero,178
tenutasi,61
deltazione,73
normativa,138
cimino,245
moscovita,52
sventare,114
inquisitorio,70
fusaro,440
signor,83
creder,170
polare,19
mendicante,20
cavalluccio,434
filie,117
filate,8
salito,123
pazzo,109
lotta,85
programma,20
sconvolgimento,79
competenza,75
caprare,312
chele,668
ideazione,591
teclo,15
ginnare,55
drone,341
sovrapporre,117
teleromanzo,225
cantina,81
frenante,80
dosaggio,202
cauta,7
bruschino,510
fenile,47
cece,104
smog,27
postare,89
sostituire,26
condurere,149
libare,226
lucito,184
inattesa,43
alga,30
aringa,53
illogico,246
gorgo,163
impure,54
riri,35
bonomio,18
inesorabile,172
degenerazione,477
lustrare,46
sullivan,286
ostino,23
cronologico,88
andata,152
galera,112
zaire,923
imperare,208
scalpore,56
ialine,45
inalare,198
argano,81
interdipendenza,375
rilere,152
scottanto,50
doglianza,20
spinosa,54
giove,16
france,129
cio,31
sordità,52
liberticide,95
incutere,253
seterio,57
oceano,70
rilevo,71
calabriare,302
parmenso,139
puzzato,226
charlio,667
puntualmente,225
bucato,286
stracciare,730
ultimare,58
crematore,52
abitabile,68
perfetto,21
preoccupa,39
assieme,13
inquadramento,279
neutralista,76
feretro,163
invitiare,136
precipitoso,40
distrugge,54
amputazione,128
gian,283
affannosamente,240
laurentino,640
telefonico,31
dicomano,112
schnellinger,740
francoforte,142
sottomissione,384
renda,6
accettavare,216
padronanza,21
tibb,123
griselda,413
prestigioso,133
dargli,37
spica,5
casciano,162
scandole,42
danneggiato,18
onoranza,25
presiedutare,84
industriai,98
nominato,72
risultanza,30
acceleratore,35
batter,25
mena,16
abbatture,72
specialmente,191
profferita,17
alesale,18
cieca,15
usciero,94
miccia,270
galois,415
crampio,209
hacking,1243
alpe,59
cannoniera,164
tabaccaio,174
sopire,190
energia,10
deforme,15
olivetto,176
sismico,49
configurazione,365
slogan,12
mastro,411
ugi,23
torso,11
flare,370
smrkovsky,328
affi,13
esprime,48
seduttore,16
cernere,28
vaglia,10
grotewohl,107
contuso,79
volteggiare,664
valentinare,353
disparte,31
nuvola,141
scafandro,179
giampaolo,1709
facilmente,91
corare,78
voluto,136
raguso,364
lipoma,26
monica,269
rischio,40
rimangare,71
pupo,55
ocare,311
coop,21
moralizzare,557
pulare,19
distante,166
sicumera,7
notano,118
veneto,115
fracassato,608
pacifisto,59
arrosto,499
trascinante,237
rilento,61
parlarono,142
invocare,39
allevamento,106
incinto,246
riete,271
attuai,33
gerarco,29
cub,12
cesarino,1444
rispettosa,23
destituzione,57
talloncino,210
natante,195
inosservato,61
agrumario,119
minacciare,37
rio,34
maffeo,224
anzitutto,215
scelba,70
marionette,115
steenbergen,638
diventare,45
lampo,12
storica,295
cipro,221
fotografa,37
urgentemente,166
upim,217
boliviano,228
irrigidire,69
brusco,14
ristretto,10
antisociale,339
dispiegare,524
abbai,25
sollievo,9
cellulare,18
bertolt,474
cairare,543
biettivo,22
abdichino,39
beatolo,848
brandere,69
pistoia,329
lavoratore,158
criterium,204
purificare,98
mossana,42
penzolare,921
sapre,82
molinellare,813
palesi,37
insacca,305
daccio,72
raffa,4
piova,11
milito,56
xxiv,52
boscaglia,196
compresero,71
manomissione,180
amabile,117
insultare,208
avvalere,98
seppero,200
quieto,48
isottare,81
karate,562
sconfiggere,57
giurare,30
rimborsabile,206
affittare,47
vietcong,144
spadaio,2015
inquilino,32
pasticca,88
abusare,309
inspiegabilmente,272
avocano,294
round,14
salariato,121
alighiero,472
carrellare,250
comprensoriale,119
guevarare,129
raffronto,22
omettere,353
fragile,87
della',52
trentesimo,78
mastella,101
terre,103
incondizionare,118
trionfatore,513
spazzar,62
recala,40
trovare,82
mensile,106
fin,4
cervere,312
nausea,164
scido,13
sienare,327
ridicolo,234
disegnatore,193
lasciandoso,136
respingevare,183
angiare,95
sofferenze,52
tranquillanto,46
gialle,22
rottura,20
omni,3
alone,84
cavicco,630
sandro,120
euforia,111
ausiliario,57
sott,2
urgente,57
riviera,60
allegramente,98
peculiarità,193
sughero,266
ruggero,447
privatistico,263
pnl,39
inalterare,71
responso,1
giacchetta,303
diciassette,147
papale,89
pedalare,192
addestrato,41
pong,27
padru,17
quarantenne,195
distributore,37
heath,569
nuccia,152
fornivo,27
calderone,678
chinare,174
secondere,45
vira,29
riccio,752
summa,616
riccare,305
asma,22
attenuante,46
addomesticato,112
sottratre,62
continuazione,33
basare,76
duo,26
offri,9
ko',645
allignare,226
vii,26
gustoso,213
tenia,3
casette,279
motoristico,51
saturno,59
gaucho,390
pasticceria,249
dkp,208
abusa,10
evocazione,76
ingiù,28
sorriso,60
prebenda,22
bel,425
accuratamente,77
invalidi,43
roviano,31
castellani,1146
modeno,197
fonetico,165
ardentemente,291
walter,50
rovente,162
chiunque,75
irpeg,28
istinte,42
foscolo,776
guasto,18
retroterra,39
indeggere,142
allarmismo,119
nevroso,221
draga,258
strozzatura,186
embargo,53
brasilia,187
pil,61
morello,1121
cilene,20
patì,79
pontare,80
granare,607
annuso,120
preminente,224
buenos,97
laude,618
igienicamente,61
robeson,916
mostrato,14
ubriaco,273
paneuropeo,61
ferrigna,187
rubato,103
saturo,58
farci,88
pubblicare,94
rivoltoe,41
metallurgico,218
atriale,4
petrare,193
consentito,58
accenni,41
democraticamente,183
cedere,154
fosso,215
giolitto,137
approvalo,76
riunificazione,141
conforme,27
commistione,27
infischiare,489
sfitto,44
traspone,59
banda,63
anci,60
slang,19
schematismo,451
moco,137
alesa,53
borghesi,59
diacheno,400
affrontar,41
strombazzare,41
preistorico,339
venale,36
malaria,48
antigas,97
versante,79
onte,44
sudan,222
sbiadito,684
sciovinista,274
arto,16
transalpine,440
attrae,16
vissuto,90
ignorante,117
ultim,9
saggiamente,243
metastasio,149
zittii,52
rileviamo,137
compatibilmente,157
evidenza,94
munire,26
prender,15
sfa,34
musico,204
vacanza,21
simposio,15
amaro,50
corollario,162
athos,103
terzetto,712
bertare,135
accoppiamento,83
lapida,51
partenopeo,498
acrobatico,412
collaborazionisto,68
dimenticare,599
sanguinosa,124
tommaso,895
laburirre,56
atomo,16
opprimente,146
inseguere,24
prete,47
patria,6
scontento,131
statto,16
murale,19
palendere,325
battito,8
donatore,95
tillia,340
tifare,374
ricatti,49
formalistico,410
berlingo,170
dolorante,145
casella,109
aulo,43
romanza,408
vorticoso,32
aratura,14
poligono,35
acustico,116
mondere,136
giamaicano,793
limi,10
rodino,704
camma,13
comicità,88
tarantino,811
udito,7
carpeneto,476
guitto,64
macerato,368
interpretato,86
perfidia,300
scompenso,50
telegiornale,30
terenzo,466
sorgeranno,23
sincero,102
frutteto,124
accolte,19
particella,125
alain,681
uscio,78
convulso,58
sbattere,581
lusaka,132
artare,178
pierre,329
capannone,228
cornelio,1965
moriteci,102
arrechare,27
fisco,25
concludire,74
basi,16
lord,16
prestire,115
dissimile,302
vecchio,12
bonario,94
ciconio,176
ridico,49
carcerario,67
rasare,346
tarvisio,29
prerogativo,79
resistente,22
podestà,118
eton,228
adottivo,7
bretone,264
lor,55
morfi,122
agglomerato,103
stallone,136
avventuristico,189
belvedere,888
appesta,91
agnelli,38
oncia,9
arino,1156
capovolgimento,101
harry,625
azzardino,433
volute,22
imponere,63
accadde,28
uniformità,99
ereditare,64
caciotte,1072
falò,52
protendere,401
probiviro,86
gioente,86
pallore,290
orlare,448
avvere,274
spagno,68
distruvere,260
favola,102
conserviero,88
sconvogliere,309
volkswagen,33
documento,29
cagna,288
marginale,188
longo,131
raccapriccio,283
saettare,908
sulmonare,293
dissennato,93
confermato,80
cubitale,15
irruzione,196
paragone,113
spargimento,26
estinguere,65
dicco,123
incamminare,217
glasso,508
gallare,490
lunare,89
incom,16
pressapoco,115
biella,155
singolarmente,72
idio,80
uhss,162
indicale,27
prestanome,66
transitoria,12
trezzare,24
speaker,232
molfetta,305
rudo,37
intralce,17
storia,133
trattalo,69
urente,9
disbrigo,59
tunnel,320
decurtazione,235
nazionalmente,171
educa,18
miasi,47
portato,47
bere,125
belo,315
tuonare,84
rimanenza,17
feria,16
pensante,87
prince,9
svi,9
buoi,35
rimontare,372
propagare,141
inala,153
ante,4
protestato,116
ottenimento,36
stupito,316
cavalcata,723
modesta,114
fin',74
sonoro,70
rifiutandoso,122
ripropore,109
nove,157
insolere,77
graduato,13
brunetto,2080
parte,60
patino,481
paesino,148
autorevolezza,152
indussero,95
incoerenza,524
melmoso,781
riferire,102
piagare,26
ampere,54
comitare,54
centrattacco,75
intendiamoe,101
pericola,32
ammiragliato,76
rientrano,19
avanzire,92
aids,35
innanzi,21
postazione,85
mantenare,38
scomparsa,29
ciane,44
pittura,115
lanuvio,526
vestone,155
aristo,180
pognana,68
dovere,517
cannocchiale,330
chiasso,145
amico,46
opporre,221
focio,36
chelsea,726
volpe,11
pordenone,306
repubblico,8
proibire,13
tecno,9
sorgo,15
domattinare,118
patii,41
continuare,71
bonea,126
flua,2
speculativa,96
irene,362
erigente,7
asburgo,120
rettere,43
indoor,437
belemnito,49
imputata,136
attuabile,451
gabellare,254
compattissimo,131
lucidità,190
comunichare,164
cotone,98
brano,152
arte,81
mensare,92
riattivazione,292
contrario,118
single,176
risata,144
ailare,455
idrogeologico,86
pino,641
cappellino,911
superfortezza,155
odessa,274
accolre,71
esausta,119
pronte,3
janeiro,63
ammiraglia,118
biecamente,272
sassuolo,72
sviluppare,113
moralista,308
congelamento,249
ultimi,16
accodo,69
irreperibile,45
divinare,385
lamentoso,17
penetrazione,196
squadro,98
fatare,102
ricopre,7
cestello,211
salomon,211
ascoltavare,127
giungessero,105
ude,10
carne,80
combatte,71
dormitore,249
setto,7
musicale,150
federale,22
pollico,12
puerpera,56
gassman,993
vendica,15
atan,4
atlanticare,68
associa,20
evidenziare,191
corazziere,388
matricola,21
locatario,53
inviato,14
martello,206
borghese,18
rurale,23
pcus,66
suggestione,473
realisto,45
infermiera,98
grottesco,244
burro,144
medole,431
sara,11
condizionare,595
incluso,10
romulea,23
alzato,19
purché,86
apposto,13
gestionale,163
ineffabile,213
alitalare,86
barde,630
determinare,299
sula,6
concordere,183
esiger,7
niella,782
anticrista,63
arona,39
rifiuto,51
mossane,108
treviso,273
josephine,1062
cranio,118
xvi,31
piao,3
paternalistico,401
gratto,43
frammentarietà,185
fgcire,72
serto,182
pioniero,8
padrone,57
pulitura,156
fidanzare,284
ventesimo,74
scada,17
mesco,98
esplorazione,121
trinidad,875
foracco,234
stalin,37
giure,64
indomito,88
delgere,295
aizzare,98
dimensione,102
benefico,14
assistevare,67
concomitante,69
contenzioso,86
condire,13
trentanove,142
piazza,39
prolungare,40
int,9
considere,294
otre,37
effettivo,220
trano,205
difettoso,232
boneo,693
london,384
goffa,65
pluralità,260
infilare,642
johnson,91
oltre,116
punzonatura,140
teppismo,87
alìe,141
pellicano,8
denaro,59
presupposto,351
frequenza,14
gratuita,11
acro,29
atamano,44
arbitro,133
procedare,46
apere,33
zenit,31
acqua,63
elusione,197
capua,290
quiz,71
compartimentale,64
ambrosiano,317
riassungere,115
impegnandoso,47
brez,61
pontina,148
natolo,146
abitare,73
senare,18
disorganizzazione,370
orticolo,13
indegna,138
par',254
extraparlamentare,152
cautare,152
budino,905
popola,19
legittimità,80
irrorare,427
interpreta,53
mietitura,42
formulare,106
desideravare,238
giudiziario,67
maniere,34
pirelli,137
conchiglia,652
affile,27
torino,210
adatta,45
schuman,91
sentiero,199
allego,37
mela,35
indolore,58
insistire,114
indiretto,16
fetale,22
negretto,22
fumata,40
quarantatré,195
pagno,157
strabiliante,132
porare,418
novemila,116
sconsigliare,84
sionismo,181
nevrotico,208
tiburtinare,177
piccolo,9
marchesino,772
albano,325
amplissimo,96
comincire,65
austrio,134
prepotento,105
prione,28
confedererà,148
sfociare,57
ollare,354
perizio,21
chiesetta,448
fiatare,283
proselitismo,34
nule,226
udinese,349
temerario,19
psichiatra,62
spampanare,546
profonda,16
torpignattara,172
bustaia,44
cinte,9
controparte,153
impedere,110
espugnace,124
accerchiare,206
spregiudicatezza,385
vigilante,14
riscaldare,125
impunito,169
ocr,265
piccante,325
sacrificio,18
rombo,155
notturno,20
ognare,159
assegnazione,47
cucii,68
rapidamente,78
espettorato,9
sgombero,23
rimangiare,36
accline,58
viciniore,66
bacucco,1858
alea,119
pioppo,27
terremo,18
sibilare,36
stalla,42
pesantemente,109
centodieci,186
jet,68
denigrare,313
drastico,49
denota,6
vallo,210
cranica,37
melato,469
minato,27
vergognosamente,333
duttile,19
barista,76
imitativo,252
ricevente,32
schiettamente,175
grembiule,434
sfiorare,141
sfoggiare,405
societario,57
pacifista,46
fabbrica,122
selvatico,49
domestica,50
lara,248
raccolgere,53
vicinale,20
cisl,134
groviglio,97
tangibile,38
invitano,48
trovar,18
retaggio,53
auspicabile,86
risolvere,87
ostetrica,44
caino,578
governa,38
spesso,418
fitzgerald,869
franz,119
premettere,388
verginità,280
tenero,85
rimpiazzare,149
visibilmente,131
trincea,47
abnorme,96
distrure,85
getto,8
pistillo,857
causare,76
istanza,29
bergh,82
quartetto,360
mossa,7
rispondento,46
allentare,138
sostituere,26
delizioso,256
rianimare,96
persuasi,156
luce,10
iowa,219
ranciare,375
colpiscore,41
esauriente,119
top,1
monco,41
preferirono,135
sperimentazione,212
avra,45
emissione,25
appannare,624
barcellonao,100
illustrazione,68
cerealicola,87
rivelato,260
sony,701
viotto,356
traumatico,204
clara,100
ilario,449
ultravioletto,507
edile,81
nosocomo,82
esposo,18
grossisto,100
gagliardetto,691
rotta,15
arcaico,256
valdiere,1014
cere,604
null',55
sceneggiatura,283
retributivo,129
perii,46
ciac,11
vigoroso,33
vaiare,443
lavare,111
truono,97
deridere,179
sopraccigliare,753
passarere,268
progressisto,178
emanuele,94
bernardina,738
forlìo,369
riservato,10
orgasmo,25
diciannove,164
rinvenire,174
leccone,679
sospingere,344
giovanninare,1566
dottore,50
razionalizzazione,469
calzare,157
militarista,132
vesuviano,412
ferme,12
redditizia,109
bulle,191
letizia,16
predente,17
irretire,386
sottoccupato,37
pct,40
indietro,11
lavagna,61
longarone,89
detassazione,168
avventato,203
regionale,96
giustezza,49
avevare,352
approfonditare,115
devastazione,115
obbiezione,37
bovine,90
spalla,108
domino,39
espatrio,47
soluziona,86
tadina,15
guineo,161
giurista,30
venditare,132
der,69
rispondevare,150
molteplice,175
cervare,143
bug,40
vello,13
veicolo,88
bisogno,46
soprassalto,159
occorrare,32
xml,92
trainere,437
scheletro,541
temare,42
rinfocolare,304
nominativo,81
grezzo,129
vacca,94
marzano,197
accecare,522
recanato,52
vitamina,205
servilo,29
sordare,509
algere,271
inerito,43
accompagnatore,110
mollo,110
marengo,1122
ressa,14
buono,14
loffa,22
avarizia,103
lascio,18
amarone,93
perdutolo,54
comitivo,30
trinaie,148
galleggiante,287
acquiescenza,215
autonomista,130
vetraere,181
uliano,826
sottomarino,174
monetina,13
tenne,260
cinica,65
batto,41
squallide,88
sensazione,124
siglato,32
dubitare,403
stabilità,113
scarpone,1106
galletto,648
viminale,6
burt,532
cirano,243
yogurt,67
gomito,245
scusante,320
agone,36
rurre,232
saer,6
mastra,151
vecchiaia,70
slare,44
insegno,8
appostamento,80
tirolo,12
vivacare,59
rapito,101
salernitana,399
selezione,34
lungimiranza,240
operare,107
abdur,146
furlano,99
caco,35
farraginoso,242
prua,190
colonnare,129
funzionarlo,28
milione,104
scista,90
avanzata,41
carambola,839
abollo,40
sanfedisto,341
egemonia,296
talvolta,367
vegetazione,102
mogli,136
salva,12
cerro,520
palcoscenico,245
missarglio,101
indiscriminatamente,158
liberazione,134
giuro,13
fenomenale,26
sposato,229
irrecuperabile,146
comma,7
afillo,175
stillo,17
rumore,86
sconsolante,100
testate,10
occupere,30
ribelle,120
mezzanotte,58
segnato,113
ricaduta,43
lapis,35
colcosiano,17
inseguitrice,207
pellere,94
usurpare,26
nautico,19
presento,67
confinanto,149
bulgarare,137
servaggio,93
persecutore,234
rire,331
autentico,75
neonata,30
sudanese,297
provinciale,150
disinvolta,205
scandere,193
movente,114
armenia,62
retrovia,53
barbania,162
ferrari,269
ricupero,15
qualunque,44
aerata,56
lunghissimo,23
dualismo,262
rocambolesco,342
atala,28
brindisi,181
barbarico,184
coglia,3
gangster,133
occupante,17
idi,81
apostolico,68
massenzio,457
aiutante,93
aggredì,30
sentivare,101
speravare,419
sfrontato,138
abilissimo,106
conducere,32
enigmatico,342
guasta,8
sica,289
fittissimo,105
kit,239
paracadutista,194
vetrario,56
pannello,44
buccia,189
bobino,525
bacato,136
riviero,49
alessandrino,907
mista,27
maschio,8
gargnano,923
consumo,120
garbare,131
olimpionico,320
grasso,159
varre,146
rispettoso,31
imperialisti,171
orchestrina,127
james,681
poiché,569
snam,47
assale,83
isteria,28
cooperative,57
equilibrato,67
discriminazione,146
giudica,21
gringo,497
boicottano,15
stesura,45
giovamento,145
efferatezza,118
sopraffazione,517
fabriano,454
combattere,115
canizza,9
querelante,183
irare,103
mpla,78
spietatamente,285
testata,10
stalinismo,293
sultare,210
succubi,111
spicco,13
edera,13
investa,7
ruminaco,55
rano,172
esaggere,85
daniel,459
dopirò,27
sportiva,51
opportunismo,320
missare,41
venusiano,146
usa,128
sinai,97
contorto,259
parassitario,211
proposito,233
cimare,598
maggioranza,61
perfezione,47
mongolia,240
verificatoso,78
esattoria,13
lucciola,1300
pretere,62
fimcisl,218
rompare,130
predecessore,7
venturino,454
richierre,53
gambino,454
cimente,73
raode,7
sabina,29
accademico,31
stige,21
inferocito,238
stipulazione,83
raccomandare,92
tirannico,200
termosifone,127
lappare,68
accerto,24
gradazione,396
valerio,498
gesso,98
quarantamila,118
svendito,72
osservatore,23
cameriere,450
presiede,36
regalo,30
demandare,193
aostano,12
costato,42
edema,45
urbe,16
fallire,33
urgono,5
bpd,186
setaccio,690
bertoluccio,1219
seconda,13
lavico,60
eletto,47
paola,182
macchio,36
roso,38
matta,14
scuolo,39
uscivare,719
stazionavare,254
dille,115
subivare,338
spettacolo,130
istituzione,84
travolgente,124
fondatezza,187
cordova,143
nardare,592
linguaggio,257
prendare,38
direttissimo,76
centi,37
supervisione,35
acculare,147
formica,55
erse,14
flessione,34
lucilio,226
lardello,136
lavoratoto,143
ugual,8
rilevere,242
violare,21
iglesias,144
sanare,24
reticento,196
godimento,268
trace,17
tredici,153
inale,12
riparlare,116
insolitamente,281
preposta,54
grotte,6
cassiere,307
variante,16
forbico,372
realistico,437
dovare,413
quoto,17
omogeneo,66
provino,75
pessaro,786
comandare,101
soffocano,39
sicurezza,5
cozie,4
turo,6
gravissimio,41
ingarbugliare,311
stringe,27
dibattilo,38
zinne,120
enrica,165
modella,99
intravvedere,175
assistire,20
operetta,8
oderzo,14
massa,48
custode,17
padovo,360
bonfiglio,689
coltura,87
incorporazione,181
accoppiamente,107
scrosciante,30
pianistico,77
libiare,148
ferere,457
candidato,41
sonnino,1147
coccio,198
intaccare,261
tristo,112
combusto,31
distrare,157
fenolo,147
sancire,97
oggettivo,565
celibato,8
seziono,14
trovandoso,130
anico,21
militare,90
realizzabile,145
manato,31
ido,44
opponeva,43
esaltante,117
cebire,89
tondare,441
traiettoria,81
loira,168
italico,74
capita,20
corleone,223
pestare,726
sovieticare,110
moschettiere,951
vedovo,151
cuor,69
marzo,46
centrismo,207
bronchiale,53
gambare,274
ateno,24
raffigurazione,212
vado,7
trapezio,99
capena,38
adeguatamente,347
kiwi,1149
staliniano,212
universale,30
parecchiare,118
sottratto,93
reagere,319
ricettatore,73
melodia,180
cle,26
rutta,15
truffatore,111
amale,18
carmelo,811
riprova,76
dolomito,256
federazione,96
microsolco,184
ciampare,541
mina,16
polisseno,9
delezione,84
ripongere,197
rinnovata,42
fci,96
cannone,90
graio,96
distributivo,147
propria,48
relaziona,28
tonalità,37
perquisire,67
profano,206
qualificare,43
incompleto,44
fulmine,145
ragione,67
jean,691
wilhelm,97
persistenza,315
retribuire,83
abruzzi,140
privare,105
schedare,11
grava,33
troverere,38
proso,14
eugenia,174
arassi,238
chela,453
assurdo,169
verniciare,325
riformatrice,280
accingere,44
prioritario,436
norton,931
inidoneo,71
premonitore,50
segui,25
condannalo,65
avido,27
culminante,23
desiderare,207
clamorosamente,114
indonesiana,428
strettoia,25
flottiglia,102
presentazione,73
israeliane,113
amicizia,25
caricato,41
disposizione,78
infantile,28
sincerare,243
singolarità,105
cognome,10
latte,64
novero,65
accertato,31
icore,13
elsare,1019
accresciuta,120
chiarore,50
subire,35
unte,39
riminese,21
gratifica,49
limitato,191
compatrioto,128
contraddir,125
antiope,73
imperialo,49
consumistico,350
convenzionale,32
rotzo,113
tokio,47
taccola,532
talla,23
impazzata,307
concede,22
biasimare,605
affannoso,60
svalutare,23
toilette,412
cilento,29
contestatore,157
complicare,112
urbanista,12
erbère,806
smistamento,110
basco,60
neppur,234
costatare,162
comodità,49
osteria,37
cisto,6
sistema,26
ingranare,159
sfi,94
doma,30
celedisione,217
illustre,24
plaudente,71
atipico,150
patrone,90
disorganico,177
breccia,46
aeralare,73
bartolini,820
nel',59
origine,37
frisonare,350
corsico,508
appoggiandoso,77
vietnam,98
sfortunata,444
finanziano,148
sbarrato,245
psli,72
gabbare,184
allettante,59
classificare,78
varese,459
respire,21
leggina,7
disputa,66
varzo,1
quotidiano,49
coreografia,503
omi,14
tartare,519
giovedì,88
risentire,151
fulgido,90
ormone,97
berno,194
spessore,32
ebbare,242
riscontrabile,264
fatico,44
deterso,16
propore,173
stomaco,232
migratore,17
specialità,18
ribadiamo,127
studentesca,45
levo,6
rufio,403
panamenso,119
fallace,248
abdotto,124
incire,69
mortaretto,590
quadre,12
milire,36
allein,95
incoronare,16
osteolisi,88
cadaverino,512
umanitare,22
preve,4
eruppo,15
lievemente,44
scisso,12
limone,200
migliorativo,101
maniaco,127
restante,33
viterbo,238
disprezzare,375
rilanciare,133
equilibrio,52
materiale,21
almirante,98
etna,39
leninisto,91
sai,136
sorrentino,239
tropicale,237
tazza,85
dilettare,57
salento,66
orrere,351
padillare,645
pene,4
problema,116
insonniare,633
anita,8
intensifico,37
espatriare,62
intercorso,25
addii,132
moltrasio,577
copertino,87
combino,113
sassare,307
antidivorzista,118
anselmo,1152
bracciale,41
comunità,25
disponevare,137
perfezionamento,239
impacciare,798
carneficina,116
risogliere,241
presupporre,344
oscurantista,227
tessero,22
mondatore,95
reclutare,25
ivrea,249
consentivo,50
avviamento,192
binano,21
signorello,685
grido,111
frenesia,66
cubista,111
preghiamo,55
notata,66
colge,26
pompare,133
uditore,18
piacevole,148
kuiper,428
riacquistare,50
cambiale,33
onorevole,257
mugic,471
sposo,53
ginnar,50
lacca,58
piave,63
gittata,38
sensazionale,62
danna,10
atene,105
sconfitta,28
completamento,78
esortazione,27
seguitare,107
uil,128
rifiorire,283
ottone,434
trentacinquemila,155
rigorosamente,176
potrere,35
grinta,328
enrico,420
nora,49
pietrare,114
stupidità,353
prosegue,28
senatoriale,30
restaurazione,242
napoletana,214
bielorussia,158
pon,1
lodevola,23
arrigare,24
aviatorio,49
demano,16
preclusare,46
conclave,51
pulito,10
ripristare,26
ontario,15
immunizzare,203
scandiccio,120
interazione,111
orfanello,520
nobiltà,71
arano,540
caramella,772
diamo,21
antiunitare,102
quatto,133
adattamento,89
neo,4
politecnico,79
fusoliera,376
deporre,44
casalborgone,1086
ricorso,61
disinvolturo,219
paracadutirre,261
escludere,133
minacciosamente,162
avventurare,178
rafforzamento,101
nutrivare,168
proporere,305
consociare,75
incurante,85
tempestivo,33
chrysler,81
accoltellare,259
licenzia,43
colpiscere,54
riparto,69
manolis,116
icn,457
vivido,47
morbida,103
papino,221
marinone,643
ponire,226
intano,40
basista,83
aprioristico,352
mostruosità,178
prontuario,82
ricercare,62
mesta,147
petrolchimico,182
scuota,17
accostare,620
costretre,31
jazz,234
eccole,33
accennare,120
dorere,176
intentare,211
tornese,331
riarmo,34
aretino,146
tortorello,963
ambulatorio,97
ossida,31
pietroburgo,236
contegno,30
concernere,84
stale,11
complessiva,45
smire,85
elle,37
aberrante,135
caterina,341
seneca,432
anagramma,3
pianello,732
discriminatore,102
cisa,36
invalidare,18
cosmonauto,59
chiarissimo,202
gradino,22
smascherare,218
assolvo,29
immane,110
polito,16
donato,234
zingone,471
gerlare,729
caprette,431
cuoia,15
diciassettenne,291
locato,15
espander,14
presumibilmente,36
montenegro,114
gentile,80
lamiere,311
memorabile,51
tradotto,24
incostituzionale,143
irremovibile,200
festeggiare,69
comice,121
ciclocross,451
mondanità,30
hindi,4
firestone,385
libro,112
dirare,138
zanzibar,273
stamane,52
alterazione,329
crac,5
buggiano,204
miniato,86
poggioreale,413
arcene,534
collanina,594
fabbricabile,92
violetta,562
zsa,1650
scrittura,253
fumogeno,32
ioso,39
ocello,719
licenziare,61
hubble,18
aggiunta,40
apportare,83
polmonite,194
bambola,380
alasse,6
arcispedale,151
geofisico,83
magnetico,113
eloquente,86
scabroso,150
brevissimo,40
partila,118
irto,45
iersera,90
vittoria,59
gestaccio,273
stilare,106
fedayn,260
universitario,52
alfero,65
plasmare,296
contrasta,182
fascistizzazione,366
residuato,9
pennellata,263
franato,352
schiere,20
pellicceria,277
cotere,93
sasso,273
attizzo,189
commore,124
atlantare,16
squisitamente,117
imparzialità,268
composire,24
ledono,9
aprare,47
equipaggiamente,46
atela,7
borbonico,38
ospedaliero,74
moltissimo,98
monsignore,71
nadia,181
ruggente,98
rifiutarere,141
alleanza,14
petto,198
motociclo,94
ammiratore,78
zonare,75
como,188
beotico,136
celta,11
scade,13
verbania,352
certune,14
coltivatore,95
capa,8
illegittimità,91
essa,99
berlino,51
fisarmonica,73
irte,35
fgs,79
collegato,33
turale,31
giovale,52
canton,263
avviato,18
imboccare,80
papato,78
art,11
sprezzante,244
occorrerebbero,142
miglio,49
indifferenziato,459
richiedere,161
presidiare,59
asinaia,285
favorire,76
criticabile,83
cinico,128
insoddisfacente,82
infierì,21
tavolalo,14
riannodare,347
incolto,39
rendevare,83
avventuroso,80
petroliera,96
quattordicenne,558
sellare,320
diffusamente,69
alletto,51
gedda,18
venturare,170
lettero,39
abiezione,72
bucce,11
partigiare,89
palazzone,67
calabrio,131
ambiguo,129
evoluto,133
miae,30
avallo,66
fratta,10
moroso,70
aleggiare,223
impedirglio,282
strazio,9
emersa,39
ufficioso,99
bettino,495
asserire,309
emmental,151
liberamente,200
studioso,97
equazione,187
tanfo,20
catia,13
paramento,329
atterramento,164
bagnaria,298
libraio,50
piglio,211
bacetto,1198
gravità,34
vassalli,583
corruzione,173
preparatore,30
compier,18
teflon,840
contrappeso,190
desideroso,132
ammonere,67
vanteria,10
lagunario,47
stara,84
almeno,112
recordman,377
struttivo,203
ego,18
rincontro,30
estera,29
verano,69
alterco,10
menomare,42
ampiezza,43
demanio,28
pattuglia,117
ippolire,27
annullo,8
meteora,33
consistere,500
aorto,51
belemnitare,86
annunciatore,49
ragusano,186
localizzare,72
eccessivamente,308
reintegrare,70
scarno,97
israeliare,118
padanare,136
indulgente,353
ponto,24
pronunciamento,129
accinger,70
disgiungere,801
caserma,74
lovanio,59
genesio,31
supino,174
rivere,418
marineo,223
autodeterminazione,198
ottantenne,135
convegnare,128
goldoniano,209
accorgere,534
affino,30
fon,36
acanto,22
accentrato,175
conceria,19
borromeo,1111
cecima,290
stuoia,63
fornari,24
pula,2
conseguenza,194
scempo,12
subiscare,458
spaventato,270
pierina,1167
vanto,53
altrre,182
tesauro,52
crescita,211
striscia,78
beino,1344
indignare,75
jenne,693
sierra,419
errata,10
indubbio,169
pretese,104
camerale,238
cambridga,354
bormida,20
unir,19
abusivamente,48
lottasto,15
isolante,87
rincasare,294
decider,13
soprintendente,24
convivenza,72
churchill,74
bollino,37
rimere,95
afferrare,548
guelfa,80
edoardo,483
dita,1
adopera,8
sile,31
reucci,597
agerolo,40
irlandese,188
okay,1339
areco,55
arsa,6
scommessa,19
dazio,37
patteggiamente,110
fri,28
gioggio,132
amano,95
incrollabile,72
livellare,35
adrano,137
illiberale,74
confinante,69
globo,10
teppistico,101
iraq,295
specialista,56
ascea,62
bettina,859
intrigo,87
marginalmente,473
dilaniato,289
iva,15
ingegneria,50
cavaliere,653
riavvicinamento,115
pontefice,68
procido,51
italianeggio,48
vicecapo,83
ribaditare,134
semel,69
entusiastico,94
rinserrare,145
lazzaro,1666
terrier,27
team,31
adda,92
asturia,37
rotondi,122
renzo,575
attorno,7
affittanza,62
ivone,479
eleno,3
playboy,527
autolineo,71
debuttere,204
cecilia,167
scoop,4
criccare,112
cousteau,640
traere,82
frassino,372
scapaccione,55
incrocio,58
fazione,88
avvertibile,178
regolare,49
denuncio,52
campione,222
foresta,63
dublino,177
cessate,30
forfait,264
trentino,71
extra,0
alitala,20
palinato,1137
itc',370
popolaccio,33
alias,90
bivacco,730
paletot,154
acume,4
ridicola,173
confinare,119
tunisia,222
albenga,27
pacatamente,527
albare,660
attendibile,67
parecchio,47
concorrente,63
ufficiala,26
blasonavo,173
ciò,166
otito,99
montuoso,204
cascina,182
stabilita,99
insicurezza,25
incisivo,48
veguastampa,121
alessandrina,585
contropartire,183
riassorbimento,219
check,734
onorio,48
badoglio,16
mendicare,44
canzo,59
predicato,53
tosca,68
cogli,3
reputazione,112
solennemente,21
giudizio,41
maremmano,215
neutralizzazione,344
eucaristico,31
mandante,77
relare,40
listino,12
nemolo,96
partecipino,50
colpa,38
solfe,62
pulire,116
avvertare,370
ogg,3
mentire,343
deferire,57
espresse,55
spezia,224
lurare,579
polo,10
estremo,8
pessimisto,22
finalmente,40
rotocalco,96
rinascimentale,51
annare,122
musicato,164
rena,101
gesto,16
ebbio,15
rifavere,310
minore,29
picara,219
delicare,58
cittadinanzare,21
futurista,13
discordia,19
antisofisticazione,145
registravare,55
cosciare,56
sequestrare,93
rubrico,23
occorrente,43
androne,690
recanare,118
mollare,709
autogestione,204
animalista,212
ritardano,77
ortenso,286
danario,107
barro,65
sega,62
balsamino,516
condizionante,133
aziendare,249
issare,82
connotato,52
distintare,73
cosiddetto,39
tramare,427
bodoniana,39
biello,48
concentramento,47
orta,30
perfettamente,145
relitto,61
agrumo,100
ulrica,43
ateista,49
fulco,303
tonnellata,48
tante,59
manovre,8
siede,3
orizzonti,5
timbro,9
spagnolo,83
mondo,24
prepotere,195
ciarlerai,234
eliminatoria,81
biblioteco,38
schumannre,133
travaglia,35
ingessare,342
trionfa,214
peripezia,71
cascare,783
mais,624
cross,157
abitante,52
lanka,56
pide,68
cavallo,222
capivo,281
sorico,41
cubanare,64
diesel,88
becchino,35
raggiunte,22
insubordinazione,525
procedio,22
tardivamente,464
sciante,19
sviluppatoso,54
attrezzare,59
odiare,145
delegale,22
pervenuteci,43
bolerini,417
commiare,25
gloriosa,67
copiare,115
ior,626
capigruppo,92
flaminio,163
fissato,29
sternare,70
severo,10
ritenire,70
fgci,44
sanfrè,14
ambulatoriale,81
ginnastico,100
show,467
tastare,397
silvia,620
svolgare,35
confa,17
maglieria,113
oliviero,693
isolare,50
lcgil,175
afelio,1160
maglia,97
mutile,15
lux,386
massini,228
assicuratrico,128
erodere,403
autorevolmente,152
augente,479
bellino,1369
baghdad,174
amadio,670
pregiudizialmente,374
spinoso,11
squarciato,589
durante,14
incare,64
prone,17
albania,189
cascio,102
gradito,24
potente,18
litorale,118
burattino,463
ascritto,55
su',11
acciarpi,98
concludono,90
shunt,707
estremistico,512
rivestimento,60
innestare,250
petrolato,38
vichiano,318
gabor,669
laila,56
ripudiare,369
stese,33
professare,39
mores,226
rothschild,212
curativo,92
diporto,10
eroicamente,131
ciampo,68
panelli,498
asco,10
sacrestano,107
arcangeli,1290
futura,24
taoista,78
utopistico,648
pagina,14
dillare,361
racconto,93
partecipe,18
pregi,11
monarca,11
concordo,51
materialismo,289
parla,24
rad,73
organizzalo,44
germare,69
fgce,67
celerino,82
attena,25
sacerdozio,93
arduino,888
massacratore,216
dimessosi,49
oggiono,37
detronizzare,51
disperato,104
coperturare,75
commentatore,137
segnalere,15
consolare,28
coercitivo,105
mare,135
periziare,46
vescovile,76
vigere,16
frusciare,75
psu,76
neoeletto,64
credenziale,53
pinuccio,1345
teatrale,207
meticolosamente,342
divoratore,39
texano,610
ferie,16
penitenziario,40
eccello,96
platino,506
esitante,170
pakistana,235
gisella,979
sterile,83
penetrare,57
traversata,123
snob,21
elio,112
irato,13
laico,59
incero,13
avesta,47
assolgere,80
uccisore,215
eccepire,201
emancipatore,73
norberto,699
tristano,84
incantevole,196
aggiungevare,263
clave,101
albanese,89
adiamolo,153
scopertare,251
illegalità,131
rame,17
aggressore,66
astone,91
ferruccio,409
risveglio,29
vittoriano,428
invernale,14
esportatore,81
raid,80
roccioso,90
borioso,16
moschettiero,1098
densamente,65
maneggio,21
scatolo,118
nuocere,158
soprabito,313
foza,56
congresso,28
udo,26
progettare,28
fondato,68
fato,94
fabia,193
scholz,432
cultore,27
viale,72
sana,5
mortifico,103
cotale,13
inante,15
deponere,68
accare,586
zoologico,79
borland,133
scempio,20
incensurare,131
equa,3
dottoressa,408
trascorsa,17
pirateria,11
scribare,87
identica,23
annacquare,98
vernalizzazione,185
cunicolo,429
olona,28
ripone,25
intercettare,55
laghetto,538
capra,649
edgare,265
samuel,942
daere,25
rapitore,119
giovinastro,444
raccoglitore,28
invitandole,54
dispiegamento,212
ruolino,231
sciacallo,376
riflessione,147
minaccioso,31
orgia,31
occorrenza,17
defenestrare,119
intuito,409
strago,139
vivacchiare,298
estrada,53
aurea,7
spello,268
rimpallo,116
antipartigiano,35
biondo,440
orsini,856
accollare,158
udivare,279
chiarimento,109
pel,4
alfa,7
automezzo,176
samo,189
domenico,957
tolone,280
sessantina,192
carnet,280
universito,50
patire,78
mazziniano,127
fracasso,516
accasato,580
dorico,222
contena,33
gastone,335
sodato,39
dichiararere,184
fanciullezza,172
corrare,69
urbanistice,42
quarantesimo,93
elettoralistico,304
singolo,64
imo,354
giusta,10
sovrana,23
nevralgico,15
dpr,326
abolla,65
revisore,1
arretrato,20
invale,23
dedicato,17
esaltano,93
chiana,173
lucia,431
cassa,29
infiammabile,421
frate,18
cambiare,63
papo,140
arcobaleno,83
hockey,372
pocenia,56
tripartire,31
avegno,45
tacitare,517
ebano,113
albertina,954
aberdeen,613
sottoscrivo,15
arsenal,30
raddoppiare,36
ostina,29
prare,9
amletico,201
consumismo,177
assembramento,139
elviano,133
onere,122
rossoblu,341
dissentire,472
nerve,50
spagna,56
gubbio,132
fatebenefratello,444
riscuotere,16
pigiare,80
distinti,10
renna,234
bastonato,368
macché,13
ceca,3
arnad,81
perdutola,44
diplomare,10
controffensivo,136
ludi,45
swarovski,289
oligarchia,286
ecologico,103
decrescente,87
casacciare,732
aut,37
contrastare,354
concessionaro,103
vettore,96
cretto,221
annibale,305
domiziano,130
condannano,77
rimaneggiare,176
guariscare,50
pavimento,360
aratico,25
immobilistico,186
imbroglio,156
resosi,3
civico,3
vivacere,68
tuta,29
addison,77
vanone,9
prossimo,83
marchese,332
cifrare,27
archiviazione,121
aussina,224
lieta,20
nerbo,19
amenpere,474
beethoven,251
legga,35
eloquio,5
fodera,159
riforma,110
briga,36
premesto,77
massiola,31
tornata,20
gentilezza,181
gambero,326
civ,43
efficienza,224
editoriale,51
turchiare,236
bolscevismo,194
altarino,891
inchiesta,16
canottaggio,170
singhiozzo,116
men,32
subacqueio,76
bertone,1044
ascio,13
prefazio,183
coproduzione,113
reginare,79
disunione,38
lavorare,26
pesisto,134
eleganza,90
webex,385
bolle,11
energumeno,499
abluzione,244
terres,9
dadi,8
artiglierio,156
elettoralistice,300
bingo,72
dispensare,108
popolano,23
doganale,32
continua,60
ingente,25
salerno,399
agraria,67
autocritico,215
estrattivo,23
scagionare,237
attuo,16
veglia,31
tenuto,14
fatuo,37
folkloristico,151
cormare,357
quinte,12
diplomato,12
gasdotto,42
sparse,41
certaldo,364
spiaggia,110
piro,24
perfezionamente,130
irmare,293
granato,714
carovano,109
meraviglioso,129
edizione,52
presto,50
teana,27
amareggo,199
stuart,564
stratificazione,345
poliomielite,104
vogliare,517
paraguay,216
eisenhowerre,136
usta,4
enfatico,72
motrice,29
epoco,78
contrariare,210
involuzione,253
sita,6
orbare,63
ripropone,50
supinamente,392
amicare,157
stancare,398
zigomo,316
poco,106
rioccupare,57
egual,5
suggerere,129
munì,28
ermeticamente,264
suscito,39
bissau,61
togliatto,42
facilita,17
orda,4
corna,82
ripercuotere,72
raggruppano,18
osé,264
servir,81
guadagno,55
commozione,113
intralcio,9
pizza,495
analogare,105
circoscritto,6
altoforno,204
dilettantistico,134
desertico,53
gora,656
musicista,258
introdurre,19
passare,182
stritolare,394
stortare,54
poggio,12
laminare,154
pugno,62
grigio,171
costiero,73
buio,92
greco,96
rettilineo,160
dimena,52
triestina,193
ragionamento,263
lascito,12
manganellata,195
maquis,292
industrializzare,241
purtuttaviare,717
giuode,155
vinto,101
andremo,49
fiasconaro,94
rre,526
tse,144
umo,10
amministrare,36
yemenito,284
dclio,38
cinematografo,30
roulotte,614
salariare,110
adolfo,922
aristocratico,174
gianellare,892
lagna,26
terribile,244
stewart,735
preordinare,177
organino,40
gospel,120
teleselezione,56
incrementare,199
emenda,15
circondavare,322
caldes,291
sfidante,284
turare,179
fatta,29
trasfertare,264
amicone,529
bandista,83
irrisore,60
stolto,14
agosto,38
angustiare,83
sconsolato,53
farino,518
serro,64
tuscania,135
affatto,315
agevolmente,133
discese,155
elmetto,406
dissesto,97
maceratese,330
crede,114
castigo,77
paternostro,94
risorgimento,51
onico,27
stefania,808
rifinanziamento,308
incantesimo,91
valso,31
predisporre,88
rondare,459
scia,10
clio,65
èera,58
lesi,10
giannantonio,1018
bagnoli,196
accadure,53
demagogicamente,446
camera,62
giunto,33
grazie,11
diremo,73
tribuno,18
opportunistico,407
poup,95
quadriennale,37
suggerito,57
indipendente,25
lotario,45
posizie,19
ue',186
adatto,85
negus,308
sfatare,117
principalmente,249
lagnanza,19
artificiale,79
eritree,338
cappero,307
sopratutto,235
perda,112
lattare,116
imperialismo,193
annulla,14
preziosissimo,172
razionamento,440
setta,11
commentare,125
eccola,392
mai,187
imposizione,420
tor,23
felpare,60
bolivar,228
condì,70
malsano,56
sceneggiare,486
rapa,14
dakota,164
albeggiamento,106
concessionaria,48
aizzato,11
tattare,589
proporziona,30
raffigurare,149
abbandonato,258
definendolo,106
ogme,278
sassonia,217
sfuriata,475
desistire,572
anticongiunturale,105
femore,76
comfort,3
disgraziare,236
norare,166
animato,13
bormio,94
proponire,142
mercoledo,163
cazzo,1150
latente,22
differenziare,280
riprovevole,854
episcopato,75
atrio,21
gobbe,491
presentante,81
brut,10
cristallino,338
seccamente,149
frontista,88
ortica,68
quasi,25
jerry,946
zoo,3
sipario,26
leonarda,718
cicagna,767
correttezzare,77
trasgressione,374
santinare,632
alacre,18
gioie,44
sestetto,262
lovero,32
riconosciere,64
botro,73
sis,0
dispersione,158
rinascire,24
ristrettissimo,18
ucraino,85
maya,405
prematuramente,329
retro,6
percorrere,67
giane,24
propalo,54
fomentatore,65
attenta,19
nazzaro,1173
cappelline,521
platano,904
mondovì,94
dentale,11
finestra,284
trafficante,51
illegittimamente,170
toscana,129
avi,97
mitologia,207
teramano,179
inconscio,233
caporione,290
sperone,703
autista,131
giudicano,19
fiare,267
netturbine,128
cresciuto,63
prendeere,80
patriottico,87
tanzania,127
recluto,17
trailo,53
polarizzare,76
canapa,73
dvd,138
codico,46
formulo,32
tanna,46
percimore,561
coadiutore,106
dicendogli,47
nascosto,143
addome,96
clo,1
greta,122
costituzionale,94
avverre,137
clicre,81
ostacolista,17
isco,1
libero,9
scenare,248
inghilterrare,137
corneale,91
consultivare,130
unto,185
patere,24
sprigionare,111
scandaloso,72
indovino,180
troncare,50
madamo,744
tendenzialmente,443
teina,14
contatta,29
metropolitana,36
disoccupare,38
gazzella,71
epopea,134
dissanguare,205
rallo,39
attenuazione,294
motopeschereccio,230
avaro,41
aggiornato,55
superbo,61
intelligentemente,361
provvedi,37
architettonico,166
aggregazione,235
levato,18
learco,226
mandato,28
ultimatum,5
sovranazionale,368
confezionare,201
ripresero,102
accagliae,250
morente,458
pirro,1095
murare,135
smi,12
pubblicamente,154
risolre,125
paradossalmente,772
immeritare,374
migliarino,414
chiostro,275
schiavista,169
aumentato,140
campestro,168
smith,185
preconizzare,319
antieconomico,420
alarico,203
nardo,586
signorina,490
utilmente,141
letale,107
significativa,62
autogestito,57
amenamente,132
zuccheriero,95
falsare,98
profilare,80
pochetto,608
guiano,363
martedì,86
delia,64
appuri,17
aspramente,96
iutificio,158
piramide,41
vernice,156
esilio,75
commissionario,46
irreversibile,444
ignea,71
viceprefetto,87
insperare,611
erudì,65
mancherebbero,194
fermata,65
calmieratrice,89
zerbo,59
originale,176
colonialisto,244
marsigliese,69
phu,86
ministre,55
sbarre,137
ordine,8
risugliere,251
forchettone,172
belligerante,50
fort,21
monaco,6
vagabondo,574
passione,183
cavallario,186
mammare,71
pericolosissimo,215
modo,180
omero,827
favoreggiatore,173
soggiungere,189
ruffrè,85
disinteresso,89
dipanare,45
faln,58
barone,39
aido,50
barbatello,904
dugnare,801
postbellico,27
verosimile,296
dogma,203
oggettivamente,885
paziente,70
galleria,70
missino,81
offuscare,374
ridile,9
mono,10
clacson,172
attendare,105
terzino,390
staticità,149
psicoso,21
palazzetto,113
peccare,156
icp,48
consigliare,31
bilance,7
correzione,198
vinicio,507
righetto,633
angiola,766
wes,108
nazifascisto,124
nona,31
borlotti,275
collaborare,16
ayas,198
simpatizzante,49
dispore,129
puntare,10
patrizia,102
leopardo,649
mule,314
effusione,6
ricongiungere,76
democratico,90
latitante,364
plenum,27
partilo,57
teorica,185
calandro,636
orchestro,97
brizio,310
premunire,157
sicché,148
riconducibile,344
cattedrale,59
ricere,67
romanziere,486
paesello,146
frignone,1040
reclusi,43
mede,5
dinanzi,6
odilia,94
conscia,221
collimo,81
acre,43
tlt,16
armonizzazione,619
concludo,40
caramente,346
incompletezza,176
dimentichare,484
idre,22
tom,260
talora,335
intervistato,69
bastare,114
lucere,19
svilare,292
centovente,201
analisi,92
costellazione,101
strozzamento,190
discriminatorio,144
conoscere,130
pierantonio,958
plinto,19
assenza,28
infuocare,179
comparsa,32
affondare,87
allargato,16
cesenatico,283
pillar,7
cite,15
riedizione,61
compattezza,21
modenese,191
liegio,86
striscione,66
scenetta,543
percile,59
inciviltà,257
sarcasmo,220
scaglia,23
malatesta,116
oder,72
culo,270
ché,105
assunse,17
vessillo,28
angioletto,1120
confortare,180
esatta,11
fabbricane,101
vato,4
iai,21
radical,36
capomafia,117
rappresentanza,42
fieno,96
maledire,604
lidia,5
sedicento,46
monografia,198
beninteso,287
ims,79
avere,262
moresco,1004
nus,319
cinger,168
moltiplicarso,47
rostro,34
pacifica,39
decina,129
cervice,27
inumano,70
eraldo,807
oreste,839
bonaldo,876
acetere,113
omar,69
libello,56
gioia,7
ostello,53
scippo,320
sottoposto,12
eliseore,136
civo,20
malvezzo,72
urino,261
mareggiato,60
raccomandata,27
abilio,19
sfrutto,26
completamente,45
racemico,103
sportivamente,67
presidente,76
rendendoso,29
comportamento,85
imbrogliare,416
proporzionare,74
pallescho,151
mino,15
vistoso,96
urbanistico,47
auditorio,30
affollo,17
pigrizia,218
stima,55
spiro,7
nuovissimo,38
kennedy,76
rattoppo,37
nilo,81
proposto,100
vorremmo,121
tripole,51
derma,48
militante,62
aratore,66
nuvolone,61
riposta,10
germogliare,511
corteccia,15
g'o,204
monista,119
interpol,40
congegno,24
offrir,9
hayworth,1143
abolere,78
weiss,727
nefandezza,197
zanzara,34
fiale,6
violo,206
viaggiante,34
cosmonautare,69
esemplificare,249
alcyone,1356
viscerale,103
minacci,11
trafficare,52
aggetto,156
rimorchiare,358
inalienabile,131
friulano,93
pineta,246
igor,40
saarp,52
mozzo,176
assicurare,76
nfl,106
distillazione,203
telemann,300
sparso,201
disperso,33
neonazisto,53
aderere,54
confederato,134
enunciazione,415
ottuso,20
lineare,86
cittadina,16
grosseto,342
tossicomane,104
massimalistico,675
alzare,183
sergente,752
avico,9
arroventato,178
saggistico,319
residuo,12
lievitazione,451
azionamento,285
paracaduta,224
audacia,15
danneggere,24
supertestimone,190
accentare,522
barattole,179
arreno,9
pattugliamento,118
fiorino,137
pensieroso,328
sbanda,18
scandalo,18
fiancata,118
passeggio,54
rote,4
drago,574
escare,130
ornamento,78
falegnameria,387
brente,18
tolgo,14
colo,7
attendere,58
dona,18
filc,123
zanusso,124
cartone,51
tipico,77
annuere,132
oms,70
bidonvilla,205
sindacalo,180
generalità,36
slip,22
rilavare,66
recisamente,243
basket,272
naufragio,38
assessorato,50
pani,43
tuono,89
osservazione,32
arameo,988
bevere,136
mischiare,472
uncino,462
godetto,228
buggero,56
alata,32
foia,55
cuscino,162
ossia,53
alenire,136
copertire,140
comoda,37
vaglio,27
cilindro,63
stabilare,35
giuliani,471
fattivo,89
smembrare,99
sciistico,86
diluire,175
auspichiare,230
perturbazione,220
barbaramente,289
percossa,290
iura,21
mussulmano,144
ospitale,18
egra,11
cammello,691
gibilterra,155
alda,9
composto,24
camminare,239
coe,18
sant',135
busta,24
panca,442
fantasia,95
soragare,220
deposire,22
scalfalo,44
carrelle,106
prettamente,251
hitchcock,1084
crare,284
studiato,34
inabitabile,95
sfuriasso,358
gioela,87
troverebbero,122
infisso,254
ripi,6
collegale,31
ribellione,180
pongono,72
travertino,362
hitleriani,110
raccoglitrico,54
bravato,121
laccio,460
svolto,24
predare,241
moderno,41
cimentale,58
pelagio,56
dirigere,17
littorio,62
denunciamo,88
lieto,41
contrapponere,525
web,427
mondina,13
culturalmente,219
cateto,17
posteriore,134
spalre,464
cordialmente,90
giordania,134
dettare,477
nerina,154
commi,20
aggiungere,408
interpretativo,121
mcdo,270
scompense,30
trattura,49
ferzo,111
masai,149
addettere,40
succettere,136
dolorosamente,136
neruda,297
vaste,13
esecutore,40
canadendere,395
rifare,144
insolire,120
canaletto,60
squadraccia,186
routine,35
gigio,908
adalgiso,1221
parità,35
arduo,29
larghissima,17
travaglo,32
michigan,487
uve,56
apparentemente,776
agguantare,547
didattica,102
così,214
compositore,141
elettrificazione,248
fiducioso,66
gambizzazione,162
reclusione,73
affluente,9
poliziescare,162
scioperano,197
alcina,89
accanimento,165
esopo,73
trullo,156
mettevano,49
presta,21
corciare,124
chiarare,155
aiuta,6
adela,157
cottura,21
demonio,11
pomezia,214
naif,85
decisionale,223
giacciere,96
levata,5
saliente,88
sarare,65
commissionere,65
attalo,96
preistoria,190
abbazia,60
mezzegra,509
asi,284
liberatore,154
sanremo,107
edificato,21
venere,33
aquara,234
follonica,131
carolino,672
arzagolo,83
ambrato,228
optimum,32
ico,142
fidato,11
aggiungano,33
sigma,22
manipolare,113
carretta,162
intoppo,67
lombo,26
ingerenzare,82
implorare,143
divergenza,44
malizia,21
corba,88
elargizione,135
sfo,9
accorrente,178
sottoscrivere,24
canoro,252
ambigua,115
autogestire,111
giubileo,47
elidetto,572
caltanissetta,290
saverio,1475
intervenuto,28
paranza,7
dischiudere,133
infliggere,22
osalare,23
sie,37
lesivo,42
mii,315
costiere,75
montalo,306
pronunciato,29
refezione,39
patrio,67
tosa,118
hard,509
nina,52
borgo,209
incile,116
baccanella,1297
impotenza,29
dite,38
inflitto,41
sessantamila,93
enos,5
ambienta,5
quadralo,306
orbiter,68
audi,14
ciuco,423
lorena,746
airuno,36
mane,38
pellegrino,548
inese,9
ollite,20
sciupato,304
compilo,20
accusato,171
disinnescare,257
colonnina,87
turbine,6
ponziano,375
salaria,32
succursale,23
coesistere,56
spaghetto,85
satire,124
violoncello,715
cellulosa,40
smascheramento,315
lordo,81
sabaudia,1211
vetriolo,305
oltranzismo,262
testimonio,27
tania,26
pensiona,60
biffo,13
metropolita,27
ialina,41
castellinaldo,1320
servizio,21
marciare,59
stanchezza,213
mutuo,24
traffica,25
comprovare,371
documentata,38
brembilla,799
citato,52
ardente,25
galilei,15
interdisciplinare,84
epatite,143
padron,17
oppore,128
stefano,694
spiritualmente,126
puzzare,348
vladimir,290
verità,86
americare,157
stria,3
divorziare,11
sconcia,126
braccato,127
perso,40
savina,784
diremmo,102
componevare,55
trombo,12
ventiduenne,792
antipoliomielitico,101
calibro,27
girare,92
priverno,80
abdullah,149
bombardato,110
thiesi,110
ostilità,58
ansai,152
boato,275
galvanizzare,288
deportazione,40
spazzino,74
disimpegno,66
sgradire,69
loia,68
portatore,30
parlaio,54
precetto,55
altresì,96
arché,45
automatismo,44
timido,29
diavoli,259
semiprofessionista,71
egiziano,156
avanzala,23
sorbona,29
sorto,8
minora,28
roosevelt,43
medievale,123
bruscamente,165
vorace,197
animatamente,220
robot,28
suscitare,75
villeggiatura,89
forlì,306
sostenibile,97
deliare,165
aumente,56
complessivamente,84
serenza,35
quirito,407
vertere,39
scossa,25
tg',461
copione,63
dexter,1634
inezia,18
fidare,561
raccogliare,44
suggerimento,50
chilare,80
foggio,366
volatile,56
astronave,127
gazzarro,48
esatto,45
attaccare,138
villino,317
neosquadrismo,246
scherzare,653
ricoprivare,26
buscare,1221
segnare,30
servigio,27
dibattito,51
brandy,164
cortale,10
romina,88
enunciare,218
redazione,18
immobilismo,151
trasferimento,67
anticomuniste,244
letteralmente,379
sottana,10
compiacimento,75
terziario,95
discussone,54
documentario,137
professionista,45
ortese,313
orizzonte,4
remoto,35
offerto,17
votarere,38
doppietta,638
ripetuto,26
insufficientemente,250
spazio,10
saturare,233
costume,21
vicinanza,97
free,288
ignobile,305
cala,5
salotto,35
scherma,214
inesatto,104
anticomunistare,369
emigrante,19
laser,96
miscela,240
vendita,68
ripor,9
fanese,136
legnare,481
primissimo,52
testuale,23
impervia,77
quotidianamente,30
supina,80
cornice,32
drammaticamente,81
iacopo,220
investimento,165
livore,42
pattino,20
terribilmente,216
benevolo,36
johan,761
uccidare,300
idoneo,35
emma,46
pensiero,232
imponente,36
raulo,166
scotland,103
immensamente,111
concepibile,398
mpl,63
fortuna,122
sorteggio,59
collegandolo,21
calmare,275
sorte,2
scorta,25
cippo,33
aeronavale,134
divismo,186
spudorato,203
nutrere,63
blindare,218
usci,24
articolo,16
isernia,257
autografo,25
pila,17
lago,137
pressoché,6
uccide,189
rush,123
rhodesia,103
acefalia,178
capitale,13
pigione,61
cpue,428
perforazione,262
riempire,93
bello,215
prefissato,51
cespe,8
manganellare,214
score,8
duomo,76
ribattere,202
tranviere,78
autoreta,324
pesantissimo,49
dilaniare,177
anic,192
bonato,236
egregiamente,154
querela,45
allenamento,114
milva,1078
bagliore,276
donald,597
neutralizzare,82
rompere,28
metafora,159
maltrattamente,105
sti,23
gal,95
lipare,383
arrivato,12
necessito,52
dunlop,223
provvedimelo,37
casato,876
maledetto,626
piacciare,362
licato,21
napole,209
leoluca,132
chiudono,50
romanzesco,410
calura,19
sabbatico,180
finalissima,302
armata,89
accinto,11
stagnazione,186
processa,31
rapale,55
matrico,5
ciclismo,92
pacificazione,174
colletto,22
sputnik,97
californiano,253
prg,52
isonzo,304
agnana,56
fico,200
empia,14
pancione,981
aviare,65
diffida,34
favolosa,54
molecolare,271
sirone,627
portassero,559
geany,614
privilegiato,138
spalato,638
tinca,1
babinsky,526
leporino,809
prevenire,33
denunciare,72
gesuito,136
metà,35
arenare,238
mate,5
ical,96
voltare,471
contaminazione,343
affluere,15
proditore,14
samuraio,710
meldola,1738
risaputo,231
schermo,191
canda,11
visitatore,38
greve,138
astronomia,62
biografia,172
wilma,33
pervenire,47
osare,212
fraternamente,92
sollecita,109
lubiana,138
rabbrividire,665
ufficialmente,70
sanbernardo,535
ponticello,383
prelere,43
rivero,55
taurino,13
cantello,257
infondare,350
broncare,17
saporire,109
sermone,75
disattenzione,105
chiusa,17
brillante,104
accademice,26
inficio,9
jesolo,1062
paritario,186
enumerare,190
buffone,559
scienziato,72
allibare,55
asap,143
scellino,23
praticabile,56
calciatore,132
favoritissimo,238
scioglimento,36
visuale,56
travere,34
presenta,43
esimere,349
renon,16
plare,12
acquario,692
brien,330
ellenico,120
verticalmente,191
nazioni,27
gaietto,711
noce,20
risato,107
imita,13
caparbiamente,501
mezz',23
anversa,95
procida,55
giallorottere,400
panico,92
mfc,106
cgil,144
precipitavare,546
fonderia,130
discesista,371
approntare,81
costruire,45
popolato,33
traccio,40
giunco,42
scafa,139
ineluttabilità,562
honorem,147
puro,37
transizione,208
midere,710
assillante,73
svenere,536
salale,40
bordeaux,330
garibaldo,54
topolino,351
cadrebbe,147
inalala,119
pravda,90
cipriani,248
rieta,198
grattare,203
fax,111
livellamento,320
concerta,28
-re,343
riferare,95
preoccupato,103
imbroglo,140
anteguerra,86
isolatamente,472
paratia,4
cerealicolo,99
traduttore,104
dividire,50
finanziare,97
alberto,809
paternità,30
camporeale,731
tabe,6
panfilo,515
tecnologicamente,221
riaffiorare,65
incolte,11
satin,254
clemere,80
berte,430
missionario,20
bura,523
algia,21
perdurante,99
scoperto,181
tenente,112
corrosivo,221
stroncare,30
velodromo,124
noma,3
bhutan,451
ricchezza,26
stanare,192
salvaguardia,61
marica,24
caratterista,16
scanso,14
socio,22
adotta,19
dirigevare,127
ciecare,181
precario,87
prolifico,21
quotidianamento,23
sparuto,71
dipingere,219
corallo,622
dominano,107
poetico,419
cherubine,965
recepire,209
trevigiano,362
gelasio,714
pragare,90
millenario,65
giardiniere,389
ossola,35
pletora,15
frusta,226
entrale,10
eusebio,1006
conservatrico,260
partirò,75
inflazionistico,201
sincere,134
paté,151
sicre,25
albe,182
negoziante,26
procura,34
alienante,136
adeguire,513
rimedio,5
divertente,132
ferroso,104
taddea,596
rafael,356
marzio,71
numerosissimo,73
ambasciatore,110
insegnamente,78
doro,99
scriba,50
cosca,13
leonora,668
ironia,196
ricompensa,29
interpello,58
impera,49
cavallino,821
dlo,0
gemella,26
sme,24
ghiacciato,291
intrico,38
invito,32
incuria,45
illustrato,16
lampada,193
sfondamento,95
dueville,98
comportare,203
padovano,639
raia,38
cus,103
paletta,109
reggino,248
rodaro,317
infedele,2
malese,141
sa',120
provere,223
ivan,36
bustina,275
fittavolo,76
dosato,108
tiziare,204
debutto,176
adele,40
assolve,19
stabilmente,127
discreto,80
diversivo,346
salvato,218
delizia,166
natalia,18
saura,204
altoatesine,18
crea,12
radazza,566
sventurato,360
aumenteranno,37
convenzionare,31
virno,843
prire,219
acne,340
dannato,43
mediomassimo,295
mediamente,179
bazza,687
verdiano,194
censurare,44
supplementare,89
doppiare,47
inerzia,95
basso,32
antonino,739
divergente,88
franchigia,9
dulles,325
tarozzo,524
patto,20
gipre,148
svantaggiare,114
braccine,17
ironizzare,242
comincino,80
extraurbano,73
immancabilmente,181
altiforno,80
boicottare,23
adente,295
raggio,33
incaricare,76
inflazionisticare,166
xxi,56
ristorante,68
questura,50
burino,584
reverente,40
enunciato,130
abbandonare,91
costere,106
schiaffino,909
miase,10
bufera,237
cinquantadue,187
comunicalo,67
aerave,31
ambientale,37
mettere,26
correttamente,367
devare,300
nepe,72
inettitudine,183
malagode,31
informatore,60
staio,26
entrambi,32
librare,29
fracassare,730
trasformismo,315
anziano,72
allore,126
amare,540
manciuria,211
enucleare,49
argino,41
veterinario,46
schermare,365
agostiniano,601
costellato,241
ospitare,16
irina,34
numerato,31
comprere,109
nevio,9
patrick,527
monumento,46
periodico,9
andreare,583
esperire,31
attire,12
baleario,633
infettare,216
travolre,258
cumulo,8
acazio,57
belacela,783
categorico,48
tifone,23
bruno,957
colonialista,256
ingrediente,116
impegnere,55
opposo,22
catare,100
commissiona,71
inizialo,79
bozzetto,107
batch,305
amatore,99
trainare,419
campagnolo,19
slamane,59
susseguire,64
iuta,32
omegna,261
colcosiana,22
iorio,219
giunte,12
faticare,281
trivellazione,68
piffero,22
rarità,90
affamare,103
comodo,46
inoltrato,17
meramente,405
carta,3
brolo,165
incendiare,137
generazione,107
prefisso,33
indisponibilità,29
sciocchezza,145
prepotente,87
cavaliero,460
isa,85
capolinea,55
subalternare,165
anarchico,45
lunumba,240
annuncialo,38
desidere,111
vigorello,83
ferno,295
zar,36
scompare,119
inanello,1107
login,138
quand,109
lurido,164
impunità,138
stirare,634
aumentere,108
adirare,917
liro,57
stupere,215
cinisello,359
abbrunare,154
alino,226
dunia,140
ofena,350
fazzoletto,418
resero,77
andatale,26
spetto,11
orango,34
osserva,13
pollaiolo,1013
centrifugo,65
prevalgere,220
cupo,60
mancanza,57
concentrere,25
civilissimo,199
inducere,177
creazione,208
hanoi,90
lentissimo,131
concia,23
tirolese,44
irreparabilmente,214
lavanderia,208
annessionistico,88
riconore,105
ondine,15
riprendare,95
pale,4
commando,173
insensare,249
black,393
bikine,310
agirei,184
lungimirante,367
franchezza,112
spela,292
agonista,44
limitrofe,56
centocinquantamila,135
romanesco,329
natile,71
fpi,63
tollerare,183
bottello,671
propinare,468
oppositore,90
esaltato,51
cute,1
memoria,57
adiacenza,125
roncà,514
chiediamo,52
indipendentemente,353
frazier,35
tampone,165
morbo,143
girandola,346
riverare,867
arene,659
raggiare,34
dominare,90
rissare,244
perentorio,67
riconversione,265
agitato,14
ugge,25
ritornere,103
doppiaggio,58
gave,32
filippino,275
lettera,54
volessero,283
vinca,20
spettro,3
sorretto,55
controffensiva,92
rapide,15
scadre,41
scavalcare,157
juventus,360
impeto,28
montecare,55
omo,21
sapientemente,158
catanese,50
carnico,815
reagiranno,61
imbarazzato,158
insonne,95
insostenibilità,143
verifichere,140
trionfalmente,131
virgola,5
sunto,88
applaudito,55
menscevico,44
petrazzo,259
umberto,312
vangelo,164
elementare,31
metalmeccanico,279
polemicamente,272
dirotto,8
rispettere,118
armistiziale,69
colorito,270
statta,31
compromette,158
favo,9
curzio,298
rapidissimo,94
truffa,9
sax,519
foga,237
catturato,213
nerola,373
musica,158
sengere,229
accrescimento,263
indefinitamente,547
assassinato,439
utilitaria,11
costrutto,25
pattugliare,189
parigi,19
giustamente,240
deprecabile,189
ninfa,155
ginnasta,197
scantinato,527
categoriale,97
porcellana,148
capellone,414
provvidere,25
sottostante,362
tributo,33
ricettivo,144
fox,530
ustionato,224
sperdere,136
pacchetto,24
messa,2
disastrare,186
spegnimento,47
orerare,659
pastae,62
monfalcone,296
federalismo,179
musso,338
aquino,834
severissimo,59
snsm,86
derby,99
castell,242
ermanna,352
doveroso,218
sterline,37
consiglare,49
ducato,4
verifico,28
raimondo,1746
coppolo,559
cavallero,394
pattern,241
impiccagione,266
rifugiare,138
imitativa,100
lenno,36
flessibile,65
beo,219
dame,79
watt,121
disturbare,51
vitalità,165
portaerei,205
nessuno,99
cratere,114
carreggiata,224
ascoltato,18
acli,51
dispensario,42
inciso,13
mareggiata,104
fuggiasco,469
almo,85
inerme,109
carnale,113
pirenei,417
ono,9
boccia,10
gravinare,276
propulsione,93
siedere,100
frangente,213
delittare,355
pestaggio,443
mandarino,294
libera,40
marchigiane,135
demerito,343
spudoratamente,409
subordinere,189
stabilizzazione,709
interpellato,32
ubicare,87
reportage,43
nazi,6
maccarelli,990
annientato,50
ascendente,15
plaudere,68
iodio,72
disabitato,211
jonathan,1155
consolo,44
sovere,240
comore,20
compromessi,54
cianco,308
aosta,189
ritaglio,126
tolgono,93
capitaneria,88
dilatare,130
camice,185
capere,155
phyongyang,204
consiglia,41
bancacciare,308
von,124
ultimissimo,48
illustrativo,55
lette,55
senilità,67
sorgente,80
base,23
schiacciante,15
dette,120
dovunque,24
credire,26
crebbero,96
angheria,16
arcivescovo,49
lemia,10
haskell,485
bariano,812
classista,160
assumo,17
vicovaro,560
fa',120
divampare,211
segnatamente,380
irrevocabile,188
procederare,41
manuale,59
intatto,22
itaca,196
salere,96
timidamente,335
autarchia,152
ritratto,155
tipologia,162
fidanzata,113
bandinello,1211
leonardo,420
inconsistenza,500
stereo,24
marmore,405
ventura,60
capacita,66
presupposta,298
tuto,3
brunello,1326
contropieda,367
interlocutorio,185
dimostravare,214
blu,83
espoarr,50
collateralismo,293
amaco,129
praticare,51
macellai,61
coredere,259
emico,16
trambusto,469
stonato,358
faule,444
allacciamento,145
banchiere,31
gettito,99
dos,45
botola,559
pigiama,276
lupetto,850
numera,13
panettone,346
opportunità,168
bracco,127
intendessero,347
fronteggiano,20
raccoglere,40
brume,463
taine,44
veroneso,675
todare,514
giovare,551
country,474
orrendo,197
volpi,78
wayne,1172
quietare,78
docile,23
losco,74
achilla,31
amenza,42
infermo,94
pressanto,71
maria,1215
risibile,276
proficue,83
aratese,101
albo,7
hall,166
colone,8
aizzo,391
parificato,90
identità,18
alese,96
spezzone,130
assedio,28
supra,3
frontaliero,10
angosciato,135
precongressuale,33
distese,87
preda,10
renaud,307
mao,16
diffuso,23
unilateralmente,164
strumentazione,372
riunitosi,61
calibrare,30
prussia,56
leccese,139
molto,228
neocolonialista,243
incidare,124
efferare,257
animoso,203
ritardato,49
dolorosa,42
esitire,507
magazzino,74
realizzatorio,135
martellante,56
decadentismo,384
mappa,24
alternativa,114
fideiussione,202
ristore,15
padilla,264
pswp,172
melo,237
appassionare,77
moralizzazione,671
fraudolento,54
sadico,206
sontuoso,247
svincolo,30
esasperante,109
incoronazione,23
èerare,499
materia,41
povera,71
gentiluomo,616
indebolimento,291
delegate,25
abbi,4
sinfonico,167
imagnare,463
piatto,38
scommettitore,29
vellere,164
finezza,199
felicito,57
tute,3
angine,36
esire,203
selvaggiamente,88
whisky,334
presentare,68
alternare,28
plere,126
eredere,171
biliardo,41
oltremare,17
possessore,10
lungometragge,112
negare,82
desidererei,98
asciugamano,361
aurelia,307
difficoltoso,38
interrare,86
celia,17
buie,226
calice,37
calmo,54
biancheria,325
ortogenese,89
ascii,116
ignude,758
arcivescovile,57
fattoso,181
pessimismo,126
raffinazione,209
villongo,283
ambientare,7
galileo,13
gremito,135
sfortuna,484
ossario,22
astoria,239
endocrina,75
inesplicabile,360
pilade,297
vendetta,222
compartecipanto,50
himalaya,351
anatomico,135
sant,80
sollo,11
plus,2
fiorente,89
incontrere,25
sepolto,81
alberare,617
rino,652
ferroviero,145
ponza,121
magistero,40
nocciolete,288
feltra,1004
cornacchia,554
sostare,202
concile,36
prio,68
triestino,12
dodo,46
adorno,76
assunta,59
sciovinismo,372
vigliantesi,23
volantino,25
urbanizzazione,248
mobilitazione,67
esecuzione,12
dorotea,98
nazario,332
fische,50
trapiantato,84
ombroso,46
quantomeno,357
sanzione,113
celto,19
ricciere,96
sarcastico,279
monopolo,114
distribuito,22
rispondere,55
paramilitare,81
reprettere,75
gretta,51
sonny,205
sospendare,49
vibrato,33
assa,5
elvio,552
appresare,76
colono,62
valevolo,233
gerino,491
sommerse,284
fuorché,70
tamara,378
disintegrare,100
resistire,53
interruppe,38
indeciso,113
intuizione,484
opportunista,139
richiamandoso,56
critica,48
calenda,3
estratre,53
campania,101
interessata,66
linciale,32
intanto,66
sidro,109
maglietto,103
incoscienza,152
incompleta,25
lungarno,161
organicamente,411
ridistribuzione,194
sconcio,285
intervennero,22
piuro,132
conquigsiere,45
lionello,556
libidina,216
consone,28
plebiscitario,4
sabatina,1402
gelata,150
ungo,29
circuire,32
unificante,53
locomotiva,138
sampdoriare,453
rasoio,203
voluminoso,92
siesta,33
ilarità,43
convenire,101
vanni,39
hangar,693
debitore,72
bacare,235
poteare,417
abbraccio,24
petardo,516
diritta,21
stabilire,52
logora,26
sfrattato,19
mistificare,618
beneficiario,107
letterato,290
iperbolico,74
bidè,13
scovo,27
spremere,256
politicizzare,551
allaccio,6
nubi,56
ariel,326
protrare,40
malamente,304
dici,76
propensione,412
reo,12
adibire,77
ricevimento,37
motorizzato,39
scindere,363
sudore,20
bona,80
asteno,14
aggettivo,597
filcep,125
venulo,20
migliaio,73
brade,61
jacobi,835
barco,98
assicurato,54
bizzarro,365
eufemia,7
arrabbiato,407
unitario,160
nervosamente,251
antea,107
ammisero,14
unanimità,40
paglia,105
acate,157
state,8
neutralismo,228
difendare,94
scomparso,61
influsso,78
compromettere,351
semestre,57
toto,117
arruolamento,72
filato,71
micca,188
industriala,134
metteranno,66
probanto,282
affidatogli,30
adolescenza,194
sente,22
caltagirone,370
contraddetto,343
ustico,23
silea,310
calzino,282
aratro,29
corrispettivo,45
fagiane,99
antiparassitare,121
inoppugnabile,205
aitante,77
reni,15
moribore,423
accompagnato,53
teologia,178
mancavare,130
nanne,141
carrozzone,34
pastorano,64
ciao,39
biotta,13
ingrano,196
ambito,25
monetario,39
carie,9
clic,224
roca,68
atto,28
instancabile,92
comacchio,71
sessione,37
sagra,57
lariano,458
alfonso,1007
recai,41
qualità,20
zappala,577
canzonassimo,204
provvidenziale,46
puramente,184
battaglione,138
cubare,37
ciminiere,183
capannellare,123
comprire,124
rore,274
celestino,152
obbligare,42
ame,34
candidata,36
meridione,60
redime,9
usum,143
tornado,433
dirstat,139
rialzare,220
spett,7
egadi,116
ritardo,29
gola,28
qui,82
ricoperto,190
inchinare,29
baraccato,92
settare,126
varicosa,55
onu,38
fine,6
minerva,38
immediata,35
accolgere,61
alcunché,417
osservanza,75
pelle,83
parallelamente,102
mello,1063
mercere,31
gianfranco,1024
chimico,91
clorofilla,121
ateniese,85
casperia,35
strage,45
denunciante,51
pressare,167
costituìre,29
separato,26
arancia,132
fervido,97
gratis,23
graffo,31
orchestra,124
costrinsero,117
collegialmente,158
smettere,369
definere,132
bruca,153
produre,32
fiomcgil,267
stravinso,388
rivoluzionare,64
assassinio,134
estrinsecare,560
cautelativo,179
ella,18
greto,10
bire,273
elencazione,170
immobile,20
lavastoviglie,226
cesarò,589
gala,208
rotonda,20
palare,170
svolger,32
gretola,33
decoroso,29
vermont,107
sanguigno,119
acquarello,2158
fondere,189
calmato,120
vallona,31
mandar,25
maltese,59
marchino,553
arriba,129
mimetizzare,422
rionale,23
ingiurio,111
dubitativo,282
supera,16
meneo,303
ritardare,140
facente,13
intossicazione,220
configurare,225
cappuccino,932
coinvolgare,66
macbeth,638
importale,35
pontida,17
bocciato,24
ristoro,27
fondare,119
volume,62
biodo,2
fenice,444
spelto,588
feneal,196
misurato,54
rna,80
facendosi,95
dimezzare,116
debellare,194
triplicare,150
indomabile,104
modem,30
erre,10
glande,54
stupende,175
espositivo,30
traghetto,326
apollo,64
interclassista,337
sindacale,154
quattro,128
pubblicheremo,80
afta,8
macelleria,70
neno,59
cronologia,87
pax,269
mezzadria,63
faro,231
elizabeth,542
solfatare,182
arsura,31
sentore,30
diretre,35
esportazione,92
patata,202
formalizzare,87
popolo,92
scola,18
mediante,68
parlamento,22
aggravato,35
pongano,32
nicaragua,291
telescrivente,70
predazione,16
riordinamento,226
franchellucci,889
zolla,352
tullia,401
shaker,855
appunto,293
infamo,286
vadano,20
rispondente,66
questore,69
temer,188
angolino,666
compiaciere,172
sessantasei,164
rovinare,147
iniziato,103
valutazione,189
alzatone,52
anestesia,141
scatenare,112
tiburtino,111
caprara,285
galles,122
bollettino,24
occupo,16
alludare,134
neonato,69
secchio,74
incapacità,105
alfia,50
castrato,76
exploito,289
calcistico,101
allai,6
montedison,105
fondiare,64
bordone,77
orsetto,100
sgherro,343
eone,9
accusandolo,105
social,42
religione,83
sprofondare,80
pie,6
quarnero,549
rii,500
solitamente,191
pascolare,203
inafferrabile,882
bond,191
psd',118
partito,107
decidere,77
dissenso,94
anppio,117
hill,261
alpo,5
interpellateci,11
terminal,32
facie,9
quant,15
eclissa,19
pronunciare,36
vallombrosana,314
cita,7
sentire,300
dome,11
erariale,152
zarapkin,617
mattia,15
punito,37
elo,6
senese,149
giuliana,530
rifondazione,51
ruota,104
addettare,35
culmine,12
controllare,78
trascurabile,369
vichingo,609
trasportare,191
regalare,74
pasco,46
contesa,37
notazione,152
montecitorio,39
sketch,196
santità,5
captare,61
vertiginoso,75
baker,768
banalmente,419
rimostranza,39
unta,5
sottraere,142
riveduto,30
firmare,35
sciovinistico,469
debilitare,101
rompe,14
tirannia,219
allagamente,169
apprendare,67
mit,26
sappia,174
meriggio,62
acere,103
gaetano,532
cebo,118
bendame,34
clientela,8
precursore,261
ritenuta,83
poster,165
immatura,30
regio,5
eccellenza,68
storiografia,358
dtd,218
incalzante,36
circondario,33
terrorismo,174
riformista,266
escoriazione,244
approvi,100
cadenza,41
bufale,47
volta,63
volto,39
dimissione,29
rominare,151
pitto,28
pola,13
allagato,206
pro',204
dicace,8
portatile,38
sfatale,24
finta,124
superstite,40
origgio,79
vagliare,96
mondana,77
parentesi,14
deiragricoltura,123
condizionato,135
deserto,41
profilattico,123
cameretta,571
iniziatoso,108
storicità,585
imbecille,267
secondario,51
divo,35
disdegnare,253
contante,102
tematica,128
inasto,7
bellicoso,49
genoo,363
proponilo,72
deborah,111
reversibilità,98
charter,605
pressante,26
scoperta,61
vittoriosamente,84
salente,53
giornalismo,107
innesto,57
imbracciare,592
eletta,18
cometa,197
ceci,9
focaccia,86
retore,16
arpino,1539
sato,12
pertinente,114
pretta,16
cirillo,1687
magno,28
complottare,114
moro,100
miracoloso,117
ionico,25
ardere,314
abitabilità,47
festival,56
consegnato,43
sconfitto,45
braccante,109
entrato,25
padore,275
papà,177
preliminarmente,214
spicca,10
patrico,13
chiome,807
nevere,146
parere,145
lincoln,145
cigliata,151
vernare,124
capano,45
recidivo,151
dinne,82
polline,72
carenaggio,121
valente,580
psl,79
dominanto,288
inizio,73
birra,102
fare,684
adone,85
lasciapassare,34
sopraprofitto,244
andro,19
tena,2
lia,210
lucillo,1021
ione,69
emesso,30
legato,10
dandy,311
disdettare,93
fondazione,59
orizzonto,4
poggare,24
disunita,31
agip,37
incacato,268
oleario,101
crisafullo,887
carrello,86
cimiere,74
chiavaco,1164
educativo,142
vajont,9
priolo,40
ottengare,143
ribalta,14
venuti,12
mangare,295
idealità,264
conservativo,90
fila,2
rateazione,91
sconvolgere,140
respetto,51
concere,27
scrivo,88
reclamizzare,148
senza,14
immigrato,18
salvataggio,69
diradare,206
falange,48
ripio,2
gabriela,837
vacuità,128
esercì,11
strangolare,500
umbrio,84
facilità,13
ottomila,76
permanentemente,225
diavole,317
sito,49
estraere,85
riservatissimo,34
molecola,144
farmacista,40
spartaco,232
inviata,32
equilibrare,57
essendovare,472
constare,94
sospirare,532
telto,21
azionalo,30
mattatore,10
cune,26
giornalino,54
bonaccia,224
moscovite,57
rifiutavare,153
fellino,1347
baldassare,1925
cembro,27
studente,46
baldanza,97
dotta,5
manico,301
sottogoverno,126
facciata,152
dimettere,38
terremoto,52
uri,18
riuscare,105
tramandare,473
perugino,417
devozione,115
giovannino,1381
pellicola,109
evelio,126
santino,1255
cormano,1101
refrattario,139
africa,59
cosse,129
specificamente,357
risarcimento,39
ritenare,112
barriera,12
avvilente,495
spacciatore,226
irrazionale,687
sospesa,64
code,8
diagnostico,141
buon,23
accettassero,255
recato,47
sovvenzionato,119
frangere,168
metano,153
dizione,99
magnificare,296
linguistica,397
contribuzione,344
aeronautico,41
crollare,146
manismo,133
campobasso,380
pasquale,52
ambiguità,275
pietrone,784
colonialistare,280
epoca,29
comprese,28
mezzano,74
raccomandazione,102
bezzo,1018
identico,85
dardanelli,1004
legnano,374
provinciare,248
comino,112
aude,2
ogn,8
malmenare,580
sciarpa,147
remunerazione,164
gergo,103
potenziare,133
overlord,274
acuiscere,205
simile,136
raion,125
attenere,295
foderare,156
gelosamente,297
unicamente,552
napolitano,138
apoteoso,113
notissimo,143
distratto,103
proporzionale,63
avocazione,63
mante,13
caparbio,119
oblio,9
bimbe,81
ems,27
ceco,39
idrotermale,61
affarismo,262
semina,18
organico,182
impulso,21
accorserare,752
acquisito,64
fissazione,125
cardiovascolare,300
battutere,259
neofascista,128
dichiararono,141
refi,0
altamente,66
esasperato,116
stampare,112
pareggia,380
baleno,143
arso,120
trasformere,35
talidomide,165
stiglio,81
averno,54
apprendistato,103
ponente,8
scientificamente,221
superiorità,39
stimare,65
malaguto,235
appula,6
iniziativa,57
economa,54
terracotta,181
deificazione,673
avulso,105
imputato,104
dirottamento,79
cagliario,332
fioruccio,1325
fortemente,137
canna,148
essen,28
rotante,82
operavare,163
portamento,62
consulre,33
estrado,17
perno,37
cre,19
gero,49
lucca,282
paulo,117
attitudino,104
preponderante,248
lamentela,18
offendere,172
cantù,75
valentino,1101
auspicato,126
genovendere,203
giacobino,1055
dozzina,137
cotile,54
aliano,29
crack,12
scacco,20
reiterare,200
notiziario,18
panchina,464
strode,15
abbondanza,78
svolre,66
templio,4
mauro,261
master,106
autobiografico,330
adelfo,124
corato,20
orio,64
anice,71
arbusto,349
derivere,195
incendiato,183
confederante,140
malcelato,238
indecisione,322
casco,280
espressivo,122
insufficienza,60
interro,28
nebraska,314
compare,134
minorile,11
civitare,10
anello,20
addietro,46
temperamento,148
sproporzionare,131
insolvenza,38
volire,330
ligneo,102
scolpire,39
soggiunto,78
roe,44
rabbia,134
giavellotto,213
istruttorio,92
arrinire,14
cittadine,13
assolvere,29
lombardare,53
cedola,11
virgiliano,595
nomine,44
sacrestia,33
avvenere,67
aspromonte,80
guancia,440
impongano,122
esazione,60
sottosegretario,46
rifluire,65
finestrino,642
sospensivo,25
civato,18
congare,48
carriera,1
pastorale,8
ritenne,36
paolini,1394
risorto,54
scorpione,236
autotrasportatore,104
affluire,31
profugo,30
alunno,50
legislatura,13
sparizione,73
simulazione,58
precipitosamente,220
ingorgo,202
spola,62
certosa,153
scritto,157
elencare,34
fetido,111
ecci,128
ausonia,548
rientrare,42
soffice,35
fiorito,27
lanificio,174
ippodromo,64
dietetico,146
zucca,23
egualmente,459
oto,38
ili,391
wba,178
bordighera,130
porcile,88
interasso,20
pubblica,46
personalissimo,133
alvo,18
necessario,194
indubbia,103
soma,6
avvelenamento,167
mozzicone,443
co',176
champagna,35
superstrada,167
lodevole,53
magnifica,87
forbice,432
ancare,316
amalia,60
tipografia,40
scura,119
censore,9
carlesso,1273
barnfield,77
store,36
stralci,11
seno,7
lapiccirello,618
stipulare,45
vertiginosamente,106
ambe,69
gallese,125
rimanente,24
onorevolmente,61
ripetire,260
distribuere,29
altr,40
spillo,42
glando,110
emilio,451
quarant,139
situare,98
antimeridiano,34
tesi,21
schiettezza,63
affittere,49
candela,376
tallonare,158
arai,325
lume,7
casermone,220
posteggio,56
ritene,38
mammella,240
umiliato,24
parsimonia,80
merenda,682
sotterrare,287
incondizionato,61
fuls,91
invasare,243
apprendista,45
giacché,220
uguccione,197
privilegio,107
consorziare,91
fatalità,293
iato,80
foto,15
giuseppino,866
disumanità,137
erhard,360
cubano,87
arma,33
misuro,12
cioè,426
impiegale,47
grisou,260
goffo,19
derubare,180
sforzandoso,202
piceno,333
classifica,77
troiare,416
capitolino,42
altoparlante,28
salazar,190
agra,25
famigerare,28
maestria,7
vittoriosi,206
procrastinare,191
picchettare,153
monachella,660
cantonale,34
agira,15
determinano,321
fatica,46
accumulazione,408
efrem,382
pomeridiano,31
assegno,125
romeo,37
capeo,40
filatelico,16
emorroidi,65
ninna,168
