token,degree
disputato,425
disarmante,629
coccodrillo,654
stravagante,1083
indicazione,225
attutire,184
legionario,114
alma,329
speditamente,377
staglio,113
attivato,113
indio,195
adeguamento,559
farere,436
aggiuntivo,787
zelo,252
caraibico,204
coniglio,429
tbilisi,171
mediatore,31
scandinavo,68
temporanea,43
illuminazione,248
caletto,1051
amaranto,920
resterà,127
madia,15
dirottare,133
negoziale,94
groenlandia,180
paraggio,725
conteso,12
provochare,302
attecchire,327
jintao,82
qualunquista,1073
arzillo,104
rosi,874
risapere,904
irresponsabilità,951
occhiello,56
riscrivere,200
maranello,324
stupide,547
basaglia,301
massino,631
toscanino,483
caratterizzare,524
gabbano,46
mandello,1304
estonia,154
tunisina,191
prosciogliere,339
approdano,89
paniero,408
item,110
sofferente,352
rigone,479
pronuncare,153
sepolcro,154
transito,206
erno,13
baretto,939
installazione,233
beneficiare,273
riina,166
interrogato,142
intensificazione,270
brandt,160
antropologi,303
occultare,315
incoerente,857
tfr,85
indonesiano,326
negatività,373
giornare,96
eluso,22
letterature,533
saltato,131
vecchiare,607
nipponico,83
omertà,127
controriforma,169
caldo,121
piduista,291
delega,171
assuefatto,927
charlotte,747
autolesionismo,736
barbaresco,1070
revisionismo,466
apertare,84
indebita,118
contado,494
lite,56
compostezza,439
giornalistico,189
piede,288
bailamme,124
inserto,219
corretre,196
profeto,65
volontà,409
pac,17
varesine,193
collino,485
mitigare,464
esigente,292
arrola,768
finiva,109
olbia,246
sobbalzare,655
accreditamento,463
animar,83
cooperatore,84
anticipò,257
azzarde,335
prelievo,348
riproduzione,433
costruttore,87
motors,177
simposo,382
pearson,940
fiela,369
mathi,418
austerità,134
riferendosare,350
debello,311
amiotrofico,234
coscia,127
gorizia,270
eruzione,338
femminista,276
mirna,71
rosolino,812
breme,109
elisabetta,547
elegiaco,17
probabilmente,586
suocera,132
sunna,345
scavato,376
arbitrario,505
esibizione,276
media,54
inutilizzabile,481
stanziamento,265
travaso,9
quali,216
sottofondo,1176
olimpiadi,109
brutta,231
illecito,303
erasmo,100
cabotaggio,99
cagare,521
illazione,389
sussulto,280
imputo,39
assurda,264
idoneità,267
rigido,143
tour,98
rosalia,549
incontro,126
toccato,45
interesse,90
maldiva,154
nutrito,30
fedelissimie,230
nando,319
sbagliato,177
morto,217
ovocito,198
giocare,269
avare,458
disincantato,1280
abbaiare,677
imbottire,595
cattedre,90
rapallo,300
invecchiato,293
deutsche,159
esplicare,580
sponda,29
cartiera,179
greeicy,708
riserbo,72
biellese,439
brennero,160
evocare,317
villone,372
abortivo,187
magnete,129
opzione,88
chieder,275
armatura,213
travalicare,480
ricostruito,111
accostamento,938
ciclicamente,309
strategia,151
specchio,110
emarginazione,345
gippone,241
cosmetico,155
account,150
navigatore,56
meteorologico,148
maiuscola,16
inconsapevole,1075
consultazione,148
zagrebelsky,86
risolutivo,154
eversore,194
densità,119
ado,12
sfacciare,1939
triade,24
svecchiare,333
caviglia,396
postere,110
ranch,96
argentino,224
viaggio,67
demetrio,296
silverstone,683
risultato,75
marra,333
cubani,58
pentapartito,383
gastronomico,214
nipotina,251
loquace,358
pattugliamente,332
crocifissione,214
precisazione,274
persico,231
classificazione,390
irrituale,305
libanese,366
fantino,1138
sunnire,284
cdr,6
scalino,27
espropriare,176
crudeltà,637
lontanissimo,216
maxi,31
anders,100
balistico,159
esistare,408
orrenda,381
paca,79
telecronista,233
cavalier,196
autodistruttivo,1158
lodato,282
guidato,29
rassicurare,359
pecoraro,251
porcheria,168
macello,52
massicciamente,303
umanistico,535
chiamandolo,184
salimelo,160
profumo,53
bardolino,1124
antologia,737
luccio,625
denegato,236
anidride,255
prosa,698
cardalo,641
einaude,326
brandello,420
regolarità,200
subdolo,448
insoluto,87
corresponsabile,475
padrono,241
paypal,230
indisturbato,514
liceo,97
ridiventare,365
pollica,6
eurostar,113
interconnessione,432
pensare,1188
liguria,201
svogliere,131
smottamento,295
arrena,406
eccezionalmente,322
esiliare,444
destabilizzante,615
turing,256
predellino,278
costituto,130
tradimento,372
disapprovazione,185
loca,15
infame,380
estremismo,731
contraddittorietà,1336
mandanto,266
portaereo,276
ghibellina,406
introito,258
sottolineato,623
accresciuto,217
fiducie,54
ruga,448
comando,99
boccone,43
vicedirettore,90
icone,386
pcio,117
asciugare,553
sospinto,169
puntano,59
extracomunitare,197
bang,75
deformare,658
incentivazione,972
violinista,688
tassare,298
telex,123
scott,670
riesumazione,109
contempo,750
veleni,96
favoreggiamento,365
aires,19
coerentemere,1097
battagliare,261
pace,46
voterebbero,260
codificare,591
appropriato,402
censorio,98
soap,45
ree,313
avvertenza,273
sfruz,34
scientemente,414
capriccio,762
passivamente,388
fiammetta,405
illegalmente,136
strenuamente,285
giudichere,325
sovvenzionare,344
favore,87
honoris,51
impotente,579
traliccio,552
acqui,33
metabolizzare,436
soglia,45
differenziato,311
affanno,229
royal,65
center,190
ludovico,945
riammettere,313
cantore,783
senatore,166
bonificare,240
atmosfera,89
alpignano,842
proteggare,174
tridimensionale,489
meditazione,634
vietato,126
vitale,23
sigmar,235
aden,131
bernardino,1486
finto,209
escano,20
sussurro,665
maschera,502
antonia,524
tortura,232
hitler,372
avvertì,160
arrangiare,427
giova,97
istamina,175
barchino,896
piemonte,186
sintassi,260
diffusa,56
casa,93
rispondare,265
umanesimo,622
strettissimo,65
vescovo,149
tragedia,195
umanitario,114
unitaria,110
titolone,108
tabula,6
parona,272
prestazione,264
catalano,206
esile,385
salato,170
maggiorazione,765
graduatorio,63
inusuale,222
adir,141
spaesare,830
faoe,15
grembo,194
semafore,210
amarillo,303
gabriella,1035
detentivo,147
compatibile,235
rabbioso,227
corporativismo,711
fuoriclasse,656
tirrenico,242
santanché,374
sottosegretaria,185
dipendere,404
intravisto,526
vacante,58
trattato,86
aeroflot,161
procedura,178
transnazionale,168
fernare,561
novella,45
inameno,406
smodato,483
pensere,343
balzello,157
sopravvivare,727
covato,40
universalmente,447
intervenire,154
armeni,69
liscio,144
capofilere,99
élita,384
impere,157
permettere,493
potenzialità,614
statico,933
schiaffone,276
borsello,181
seguea,32
maestranza,194
choc,31
partitodemocratico,158
azienda,387
universalismo,772
mirella,1360
valle,48
attanagliare,653
caimare,184
eredita,150
pianificazione,328
apocalittico,504
guadagna,69
rimescolare,409
metropolitano,69
seminare,241
infelicità,958
cartesio,240
podio,281
sospetto,176
caldaia,218
ciminà,7
marto,384
baciare,1157
borgogna,494
assemblaggio,253
telecamera,258
oglio,275
morfasso,509
meccanismo,224
clooney,588
nutre,147
zione,115
divenere,147
settimanale,134
unistore,70
sellerio,567
assagliere,230
chitarrista,930
continuire,245
ritenendolo,274
dicastero,40
incamerare,304
khartoum,379
margherito,216
fusco,185
attentamente,300
fiancheggiatore,489
vivacemente,357
impronta,26
macroeconomice,286
gev,186
ripeto,168
taroccare,229
deprere,48
darebbero,204
crema,136
uva,185
ricattatore,385
aberri,114
bonucci,483
bifore,330
alitale,799
dilatazione,877
shrek,365
lancetta,11
pro,8
opinionista,183
sapevare,556
mine,138
movenza,458
pallottola,343
ficcare,741
precariato,135
rigorismo,357
supposizione,1446
vigiliare,243
timor,118
batosta,114
affaristico,432
scadenza,132
ingiustamente,307
portabandiera,335
fandango,282
alaare,89
tavoletta,219
prassi,286
ardaro,219
esporre,76
mitologico,1237
sapienza,120
alstom,272
dopolavoro,97
aviv,144
sottosuolo,529
automatico,87
bridge,492
avvistamento,297
gobi,45
emisfero,114
panchine,683
lasciandolo,343
moretto,300
chopin,770
pari,47
previsto,449
intervistare,250
fasullo,115
honda,203
guerini,277
tronco,72
ambientalismo,381
gobo,14
inconcepibile,1188
spumante,382
confido,136
reco,327
quadrilatero,83
fallaco,70
cellere,153
orcone,269
assaggio,182
ponzale,182
sbancare,348
rivolere,422
trotto,631
quadretto,795
scandagliare,487
preparativo,68
afoso,177
garavaglia,892
cantino,1134
illimitare,285
mercede,129
catenaccio,276
monumentale,423
qualitativamente,579
spingare,226
maputo,645
lucchese,772
lituania,147
guerina,90
antiproiettile,413
bloccar,179
contengare,550
plodio,216
ricomparire,261
adornare,363
unità,28
afflato,502
medina,227
sottrare,237
diffondono,82
volendo,221
letteratura,548
volentieri,323
profonde,87
integrazionere,187
incrostazione,464
guardavare,508
riacquisto,140
gasbarro,735
gelsomino,91
battuta,370
petrarca,440
hoè,257
rivalità,213
pontino,262
pauroso,301
depurare,127
aronne,382
stoccata,28
spuntato,307
termine,48
perversa,937
antipatico,862
doppler,107
inaspettatamente,464
pizarro,590
pierfrancesco,460
sciabola,167
ripetere,440
connore,329
crocetta,172
guatemala,152
pulsante,129
beneficare,134
accaddo,88
dacio,67
aiutare,205
divenire,84
screditare,539
prevalentemente,482
verma,962
fiala,33
concretizzare,410
socialismo,276
sales,364
teo,73
dismettere,148
claudia,1120
dailye,189
britannica,290
precipizio,256
ingrare,141
indiziario,120
carpi,535
ischio,57
ferocemente,948
conci,151
truman,142
prevedibilmente,504
picasso,574
sentimentalismo,1222
saba,225
attizzare,182
conservare,158
bloccata,66
estrapolare,334
aliena,197
electric,358
avvedere,347
sollecito,90
mero,218
imi,127
principessa,435
etnico,108
settentrione,269
cellare,554
aversa,480
gelare,83
tengare,194
sottopore,86
scrittricelibero,124
qualunquismo,1129
adagiare,348
riscontrato,292
notte,74
frattura,113
attacco,114
ipso,29
scrofa,32
spezzato,187
merlone,261
metodico,268
mimo,624
anticonformista,693
leva,69
cee,64
talassemia,434
friulo,139
scarpetta,1669
propriamente,686
convenere,102
combinata,60
tode,34
imporre,338
sussistere,397
ascendere,175
slum,86
razionalità,1093
antesignare,154
oliveira,316
documentale,308
comporre,94
residenziale,140
lusinga,202
blue,571
assistenzialismo,921
prostituzione,309
nettarino,658
associazionismo,160
sopperire,271
bonn,33
geometra,80
soppressivo,477
strettare,63
orale,139
stratega,26
silvio,130
intuitivo,907
quirino,369
evacuato,188
ceceno,316
gallico,1559
mitezza,639
contenere,111
democraticità,450
feccia,381
estensivo,171
frato,562
gottare,331
vere,120
fregatura,299
aiace,111
apaco,165
istorio,32
brutale,581
disputare,578
gare,119
galliani,215
bolzano,33
petrello,713
baone,292
mutare,249
blando,54
calamità,65
cannella,665
hha,28
valoroso,164
sintomo,354
crane,64
uscente,204
viceministro,108
filmo,153
controproposta,355
stabilizzare,206
ernesto,498
dopodiché,178
importato,281
sconsolare,235
moggi,143
ceramica,397
specializzato,203
adelco,383
insipienza,784
rievocare,409
plotter,362
accodare,378
abbattuto,237
tappare,257
connessione,429
equido,51
celesto,436
figuraccia,391
lampante,606
miniseria,664
infarina,176
interamente,68
mozzare,425
convocare,201
fattura,248
videocamere,237
razzolare,907
fantasy,436
avversario,339
apposito,149
disfatta,122
indulgenza,369
danzare,893
luidere,1538
anticipatore,51
riad,39
zappo,581
cassaforte,137
agile,31
sforzare,404
insisto,325
profittatila,151
atelio,109
beccare,652
avvolto,641
esordiente,1406
somaliare,501
rinforzare,50
ricevere,150
dilagante,539
spaventosamente,537
sensuale,395
convingere,566
letto,80
serafini,609
leana,630
relazionale,818
dop,19
ansia,165
adotto,100
calandre,297
ilaria,80
abituale,166
cire,24
lezione,55
accidentale,269
endemico,310
traglia,186
impersonare,802
opponevare,279
capro,94
violenta,347
ayatollah,211
ipotizzare,233
democrazia,227
collezionista,315
bastiglia,313
marxismo,583
variegato,335
vincita,42
tega,167
accende,72
pierangelo,954
geografico,95
adula,125
loredano,623
gary,820
irrobustire,394
decenza,297
zona,224
ritenuto,402
napoletare,92
coreografo,692
colera,178
cabala,103
fortuito,247
diane,465
diplomazie,50
echeggiare,502
cenge,40
alesino,26
impreziosire,403
asfissia,204
anatolia,105
dolente,178
ferrario,1043
giovanni,471
forse,1176
legna,451
infiammare,244
cicatrice,346
affilato,615
brillio,212
brinis,59
trapiantare,214
galassia,54
pessinetto,884
restringimento,556
discontinuità,259
tipografico,15
dibattire,55
delegata,102
addebito,233
inasprire,126
dintorni,649
alterità,646
navicella,180
nevae,305
pattere,64
nocara,532
fano,304
insoddisfatto,346
beatore,1009
robi,43
tecnocratico,467
predicazione,392
esecutivo,109
danzante,978
corsa,50
ricorrenza,128
nettamente,133
configgere,226
chilometro,172
pediatra,140
chiarere,345
romagna,161
archiviare,55
bernese,123
malgrado,325
irrefrenabile,886
socializzare,250
compiare,187
sensualità,742
reggiano,684
sartre,190
letta,113
piemontese,320
anfiteatro,362
iscritte,57
teoria,347
stringare,90
stilito,265
aggredire,239
cassetta,206
gaffe,178
liguro,221
immoralità,1277
allaio,209
insurrezionale,288
trascendere,1305
ridere,381
lecco,718
raggranellare,189
danone,161
gramsciano,283
ventimila,130
metafisico,1108
classifico,51
sere,6
ritocchio,199
lungi,312
associare,89
esasperare,539
salsa,81
calzine,240
diversissimo,1276
bruciato,509
celare,329
ufficiale,51
notorio,284
nomade,178
york,140
lamento,124
disonestà,724
chiama,35
studiano,90
ponevano,111
uguale,160
sostegno,111
giuseppa,931
quage,380
sacchetto,219
laurina,861
aero,90
salottino,156
finivano,520
raiano,212
cappuccetto,528
alternarso,434
montaldo,1785
buchetto,914
burano,100
house,322
deloitta,162
alao,107
biondi,363
condivido,212
gallone,1140
angeles,115
giornale,139
implichare,434
decido,167
studiere,97
asse,32
reciproco,73
annetto,81
cancelliero,89
perseo,75
cigliè,40
giussano,996
riunione,148
elisia,87
allietare,793
ghano,452
nafta,29
deturpare,296
lionel,213
sgombere,125
finivare,506
dritto,100
basile,819
sansone,104
dia,245
qualificato,181
fuoristrada,520
caratterizzante,1261
dovettero,149
glenire,128
magrebino,340
tempo,162
giacimelo,87
rispondenza,267
affiancare,129
saldo,68
spulciare,230
atrocità,421
aleatorio,564
accumulato,219
compensare,762
saluta,48
tamaro,302
immatricolazione,268
alai,50
nicare,291
nicola,380
acerbo,98
raggruppare,98
abbacini,98
svariato,136
burma,101
esecrabile,980
denudare,756
frangia,280
pensionistico,445
rendendolo,187
sfumato,252
vedetta,324
clemenza,90
mettimelo,346
immuno,160
arpione,546
veniale,297
dovrò,106
scontato,333
squalo,186
annotto,1010
coffo,81
impianto,151
sorvolare,191
superficiale,1551
incompetente,222
impensabile,329
cardo,556
medioevale,291
coercizione,694
rivestire,68
cartellina,348
funaio,443
same,218
patrocinio,62
suggerire,526
forzatamente,443
vittima,202
naturalistico,982
brillano,275
porpora,182
promulgazione,219
none,62
sesto,83
miramax,366
scalinata,363
accudere,670
davvero,632
otto,138
mugliere,143
socializzazione,854
liverpool,500
senaria,63
pittorico,749
multiculturalismo,559
mezzale,478
emblemare,75
protratta,102
dimentichere,585
grattero,723
alliere,419
spingevare,474
cornale,365
rossare,1008
bambino,256
basilicato,512
percorribile,147
detective,408
cunningham,987
andana,548
federalisto,162
arei,378
notificare,324
dilazionare,689
redimere,127
progressività,723
irresponsabilmente,1031
sposta,42
oscuro,203
taccone,386
arruolare,137
ottemperare,335
giovagli,792
borsistico,182
pennetto,936
esaminato,190
indeterminato,277
avita,25
contronere,1421
assorbimento,728
nuoce,356
prosperare,258
benda,208
ricucitura,106
olanda,145
ubaldo,397
avvertimente,245
codazzo,677
infestare,327
orchestrare,165
depenalizzare,237
tamburello,191
sabbi,272
carbonizzare,775
spiccare,72
ipotecare,41
discrimine,351
inedia,19
tonare,948
anse,39
parafrasando,516
quarto,159
pelliccia,536
considerazione,542
tangente,195
dislocazione,221
veronare,341
torto,112
poetica,989
trentenne,770
militarizzazione,719
dovizioso,275
prolunire,89
divaricazione,1202
cix,48
allenre,600
bevilacqua,942
rappresentatività,530
inammissibilità,573
roder,699
rupia,54
incatenare,816
dimentichiamolare,604
coperto,368
acciaierie,135
ipotecario,223
riequilibrio,442
autore,575
ridure,342
tusk,135
incendiario,361
bordare,49
rifuge,222
validità,155
offesa,322
sconfortante,310
cerchiare,172
ricoprire,39
castagneto,316
costoso,161
informale,86
integralista,581
rognone,142
condensare,791
agazzano,493
deriso,619
conversione,224
sottoutilizzato,574
alca,221
cimento,155
strevere,60
meriterebbe,166
luanda,185
menù,92
pluriennale,248
vermut,1038
fmi,122
trascinamento,892
ricambo,47
melodramma,725
proporremo,334
josm,1048
listo,84
ingeneroso,626
tesserino,85
bunga,117
edda,723
revisionare,55
rimproverare,728
bouteflika,232
significare,430
carbonizzato,711
mattonella,772
municipalizzata,195
incompiere,193
rivelatese,264
azione,42
giustizialista,583
braies,464
red,231
avo,117
pluralistico,927
monello,972
nide,36
triestinare,585
disordinato,506
globalmente,219
sputo,602
margine,4
intitola,383
pesanto,115
paterno,153
yen,52
leonard,537
entrata,105
fauce,112
ricollegare,282
festoso,216
dan,211
mattina,230
malfa,83
rintracciare,382
africano,302
dintorno,331
cella,167
spettatore,119
atomico,77
scultura,425
sognante,965
bretton,116
limpidezza,818
rinvenere,303
rinegoziare,186
germe,67
oddo,446
astravere,198
sierro,152
nazional,231
elicottero,319
razzisto,291
spoliazione,154
maestoso,547
legalizzare,250
svariare,76
persecutorio,497
regolazione,975
pirati,67
diocesare,183
primaria,99
mulo,111
stagnante,158
esautorare,281
affardella,534
aquila,125
condizionale,563
gotham,454
schiero,109
persuasivo,734
lilliput,46
francesco,763
mclaren,181
nico,126
mala,73
teorizzare,654
censimento,64
versare,236
incitamento,467
dolorosi,170
marme,369
condrò,23
pugnalare,269
polizza,77
adombrare,400
egnare,291
louis,387
ammiccante,1206
conservatrice,539
pubblico,54
lucrezia,264
rais,142
coabitazione,83
torà,127
ottico,380
salto,15
superfice,311
accidento,174
spegnere,112
lodè,232
gameto,263
fecondare,145
interrotto,110
coprere,125
telefona,76
strale,209
pensoso,373
filippico,686
ambo,66
lauto,150
publio,55
furgone,403
serpente,417
incappare,468
allestimento,241
palalottomatica,190
colloquio,100
conquistare,186
esprettere,157
corvo,112
mimare,511
marketing,43
coagulare,152
pesantissime,121
film,196
prodare,145
coinvolgimento,87
tristezzare,572
avendola,142
marabotto,1610
pellicole,286
cliffo,49
massello,602
moratoria,101
incontrastare,512
realpolitik,730
arsenale,128
regina,67
megafono,166
rodrigue,143
sblocchare,193
etichetta,71
indiscriminare,491
smembramento,216
riace,86
gravido,260
registico,206
immagare,573
ferdinare,119
morgano,545
maga,326
costui,304
democratizzazione,486
acme,383
mostar,318
esistere,494
aliquoto,231
illeso,132
miso,104
acciso,284
spopolare,378
gastronomia,158
gerhard,319
pianeto,240
pinare,1153
scoraggiante,408
vestigia,158
ignaro,102
calza,154
marrazzo,331
flaminia,453
scarlett,893
candidamente,267
stecca,26
produrre,163
assolare,282
redenzione,276
rimorchio,82
canticchiare,1360
mirco,12
rilancare,237
pastello,287
maresciallo,304
smentita,166
orice,111
cingalese,227
premire,137
taccuino,238
malaffare,333
calpestare,271
leopardiano,421
legame,98
techeo,118
vergare,149
jules,650
contralto,128
gabon,235
lunghissima,86
contrabbasso,370
rouge,100
limni,83
perdente,238
journal,108
filarmonico,238
assetato,585
botto,446
geisha,445
apprestare,248
emigrazione,160
olire,527
pina,57
giornalmente,205
biennale,119
australia,377
bolletta,216
imperturbabile,723
mortificazione,928
university,301
transessuale,150
riposizionare,392
innovatore,256
viscido,540
batterio,362
natan,216
bontà,151
ripenso,57
città,195
betto,734
seguire,52
vuoto,85
intrigante,1606
infertilità,697
adora,285
zeppa,182
bacon,262
solone,619
stregua,300
ispezione,108
motivato,200
nick,313
spedito,17
minoritare,299
armonista,226
diverbio,721
rafforzato,256
ingiurioso,684
trimestre,169
esagerato,678
digitare,107
presley,1079
dentare,277
passasse,49
schiarì,485
centrosettentrionale,292
bestseller,432
kissinger,314
correa,126
stringento,480
tanica,325
dii,34
avventuriero,261
indico,66
prodigioso,560
rifatto,610
riempiere,340
bari,181
borderò,146
nonna|nonno,370
niello,995
ricadere,303
schiavitù,152
sena,125
cambare,138
virginia,173
ungheria,78
setacciare,377
tradito,300
piccolissimo,119
ingenerare,723
uhi,167
muro,119
duilio,784
ept,44
pecca,20
attaccamento,730
antimafia,112
battello,439
pentola,323
fittizia,165
spirituale,272
prigioniero,175
elette,78
accelerare,331
proibizionismo,395
bastone,396
agrare,65
funzionere,43
pazza,142
nicky,427
riabilitare,66
araldo,509
abuso,197
airbag,97
brolin,449
cinse,96
pianare,252
selettivo,458
afilla,118
compositivo,370
male,93
paese,130
fantasmagorico,865
drenare,153
manichino,259
colossale,92
traballare,356
mcxxi,100
brio,7
anelare,109
ici,139
inadempienza,150
giocar,63
rada,125
svuotare,184
seicento,168
risolgere,191
socia,22
mediare,53
parlino,262
abituo,30
durissimo,100
urio,57
coperchio,311
tilt,76
buttato,279
inopinato,296
galimberti,231
dovevamo,210
provo,331
brigato,125
ileana,590
ciecamente,924
investito,260
fanetto,547
fiduciaria,134
ossessivo,460
sventrare,923
sinaie,219
capitano,563
fendento,84
angolare,255
agostina,952
cognare,1062
vomitare,869
affrancare,261
placer,119
tremare,373
rommel,39
evitabile,459
segnale,43
young,264
borsa,134
harvey,763
bestia,552
sarto,265
fabbricato,252
defilato,377
spinale,382
inaccessibile,167
scalatore,176
esprimevare,255
patrigno,257
aprire,77
difensore,196
hitleriana,620
azzurrere,578
cargo,216
progenitore,213
pinturicchio,839
sacerdotale,234
ordigno,256
reggia,198
fanello,1393
genova,165
preferenziale,200
arretra,44
campiello,656
prefissare,130
nolo,33
ricacci,110
firmo,54
bonificio,217
humour,135
guarigione,131
saracino,1229
beneficenza,91
graduatoria,54
silvestro,1063
eurolandia,187
accadere,232
speranza,113
prescrittivo,442
operativo,119
crescenzio,62
ginare,642
scomodi,146
genuino,356
prigioniera,154
federatimico,77
piombare,377
carnia,87
seminario,97
neologismo,485
destinatario,132
ribellare,609
el',1
orco,143
stones,506
pianeta,83
vigente,614
album,355
ramasso,220
nere,10
ipoteca,21
rizzo,310
fahrenheit,104
favorita,307
spiritoso,744
mantovare,239
benjamin,186
proporzionalità,674
liminale,64
pizzeria,424
artico,111
iso,57
leno,178
trofia,18
diventino,59
attributo,53
merda,534
rinaldo,454
aguzzine,624
coffe,41
affetta,270
turbolenza,234
dirompere,473
clare,128
gel,79
comizio,65
farto,107
big,22
spuntino,122
sigaro,193
onore,94
aperti,36
leadership,123
sebastopolo,167
thanos,286
macho,223
uguaglianza,233
facilissimo,372
famigliario,127
semestra,87
sottrarre,417
immutare,38
infinire,789
paralizzante,594
intrattenere,225
wto,26
spartito,196
razzirre,354
calabri,205
fetore,160
capacità,364
riverre,235
fruttuoso,59
vagamente,1039
neve,116
scioperere,126
infortunio,198
arrotondare,201
martin,382
ventilare,275
sunday,402
anemico,189
wikileaks,74
rinfrescare,794
molestare,382
battire,257
costringendolo,424
foro,36
erma,28
mazzocco,677
maggiore,124
promere,26
esondazione,18
mescolare,978
segretario,146
nuvolosi,148
bolognino,283
navigare,51
incompetento,277
lusinghiere,272
gibbo,249
annuncio,109
riservista,150
segnalo,13
addire,150
califfo,120
impressionare,757
giusto,206
devoto,320
cpu,50
pisa,167
morando,214
incomprensibile,1293
ferimento,266
disarticolare,1208
riflusso,259
braccialetto,829
triennio,143
acie,72
joan,836
crollato,147
decader,109
urgenza,96
abbondante,152
casareccio,759
matrimone,54
duopolio,71
sperperare,307
rizzato,257
gabarra,266
annamario,698
rodolfo,589
dormivo,564
felpa,553
antonellare,859
provine,122
rimpatrio,137
brone,631
pescarare,817
limitazione,782
scrio,134
entusiasmare,369
limbo,47
idealmente,244
esitano,279
stupratore,510
nato,84
azzolino,987
progredire,150
risare,184
retto,164
mastandreo,1548
comprimere,791
navigato,27
cliché,950
equipe,128
varesotto,387
spirito,148
denunciano,120
proterre,318
frana,74
cade,94
controllo,83
santuario,172
prenotare,45
metamorfosi,527
fuio,44
anglo,76
coppo,229
elso,39
astenuto,52
esaltazione,1228
pallo,353
bosforo,326
sentii,389
aerala,32
respinto,103
marasco,689
doso,57
gitani,233
spogliarello,922
telefonicamenta,65
ricompattare,356
colombiano,249
palleggio,425
calla,558
controinformazione,546
comparto,257
colomba,180
ivi,28
porterare,333
affinare,587
resurrezione,208
container,430
bargere,401
sydney,61
flash,94
rica,34
manciata,293
ferro,63
quattrocento,181
fénis,35
pare,234
vivaco,257
quarantotto,138
colin,204
alter,134
impasse,124
owen,568
comunione,162
stoppare,381
portuale,187
pugliese,434
opificio,246
surrealista,783
pericolosità,135
schiappo,52
lasciatece,357
paesaggistico,86
scrissero,181
vittorioso,281
disvalore,1172
sonoramente,122
riconoscere,370
sfollare,288
foglietto,268
aduncare,1010
old,212
verizon,214
eritre,243
controvere,383
eterodosso,687
tolgere,405
amore,337
sgominare,430
maturazione,481
finanza,32
discettare,415
rispettabilità,765
simultaneamente,124
pacello,561
mortalmente,595
prefettizio,97
ammaccare,551
singleton,1220
canore,328
voterò,87
esodo,22
nassiriya,313
emmanuela,908
fumoso,133
maserato,229
alé,23
checkre,169
addormentare,558
piccino,578
natalizia,47
sputare,936
delinquente,555
acquerello,810
vetero,88
ryanair,101
reimpiego,149
barno,521
scioperio,88
lobbista,82
sciopere,141
assicurativo,365
arae,312
converre,114
accelerazione,326
felicitazione,160
mesopotamia,133
richiedio,43
pogrom,37
municipalità,111
coerente,574
minaccio,77
relax,11
diego,42
veronico,439
psicologi,116
giornaliero,84
discusse,233
imbecco,67
previsionale,383
sbavatura,1133
immaginabile,943
missiva,161
nestore,393
napoleone,149
autenticità,268
longone,675
ricusare,281
sgrave,316
limitatamente,584
tallin,149
disonore,415
paesano,258
rimborsare,331
nichilismo,596
confcommercio,98
combinato,29
ostentare,615
settangere,246
assassinare,471
italiota,381
indosso,519
malevolo,720
imbattibile,670
asprare,112
crown,450
protocollo,63
manchester,538
rafforzerebbe,232
ripercussione,218
samar,412
mitra,214
clericalismo,866
abbinare,137
gelido,199
rendito,185
pretende,126
sfregiare,499
inseparabile,724
starace,449
mammifero,494
merce,75
rudolf,193
coerenza,471
severe,53
preludere,257
maldestramente,562
assisa,103
contini,209
ohio,154
sinistra,291
crespi,667
stupire,1052
marchetto,1106
arginare,341
disagiato,245
mandere,243
monticello,1050
grigiore,321
dimostrere,282
andretta,777
democrito,130
ardire,285
tranne,133
westchester,122
uccidere,494
topazio,414
impasto,555
siedare,113
normalizzare,366
galla,110
supposto,607
averò,396
spianare,105
poligraficio,109
introspezione,828
stentato,221
ken,123
serale,67
congelare,130
birmingham,268
equivalgere,195
abbattimento,208
precettazione,302
faticano,88
motto,123
riproposizione,797
olimpio,111
schiena,250
rassegnazione,725
roveto,417
alimentare,136
inscenare,288
denuncare,194
vasari,185
gaia,240
vivamente,300
filarmonica,258
radicalmente,338
ritualità,288
villepin,167
infrangere,183
elena,458
legittima,448
onofria,332
garno,786
inaugurale,266
benna,1206
sudato,464
partnership,129
camuffare,654
vocazione,560
inique,33
geminie,46
concepire,655
iroso,63
fraternità,173
redditizio,172
rina,163
pentere,98
sileno,167
bisognare,292
fornitore,338
sopportabile,600
capovolto,184
televisione,180
incontestabile,1251
marte,76
ridda,39
racimolare,208
sensare,567
marchare,194
lagunare,241
ginecologa,163
passato,136
duole,201
prode,121
sguinzagliare,258
carentino,196
disperazione,543
pedonale,368
scardinare,400
gavino,310
presiedere,159
garzone,1425
ovulo,207
accurare,155
finanziariamente,380
parassito,161
appaltare,154
lanusei,251
sinceramente,715
diffusore,51
guida,35
romano,65
strenuo,121
contrappasso,67
oltreturre,217
duccio,472
rinegoziazione,553
abaco,126
consistare,563
cancellerio,67
licenziamente,179
esiliato,552
vanire,187
idiota,441
contratto,215
esattezza,67
bono,277
antiossidante,322
contestazione,215
aguzzino,569
irricevibile,174
coltivazione,309
aggancio,49
ottobre,106
prevedibile,618
razzista,288
gip,63
oltrepassare,102
antirazzista,156
marocchino,351
semestrale,160
prevalso,160
sos,19
aggravante,330
insinuare,434
disastroso,187
vomito,597
ciclico,153
mercificazione,1042
intestino,27
avversare,689
alato,894
eliseo,63
marcare,89
coniugare,408
alleviare,215
proscrizione,92
fanciullo,107
freno,52
intollerabile,716
limpida,161
traballo,75
abito,435
feluca,141
halloween,386
brescio,344
derivata,216
enel,162
sradicare,450
improntare,786
baraccone,477
allucinante,625
lidio,124
filmico,539
logge,14
tendenzioso,95
macis,268
civilizzazione,905
oort,6
focolaio,143
convalescente,106
cazzuolo,525
contendente,181
impressionante,449
pubblichiamo,215
tratteggiare,319
mezzaluna,158
faula,506
servirebbero,319
cader,216
lasceremo,144
terminale,241
guardo,119
tagliando,135
evo,21
pacifico,17
spencer,679
cosa,471
esagerare,691
spalare,1000
provveditorato,250
fanalino,22
armalo,197
processare,323
siciliano,235
nazista,251
intendare,379
efficacia,503
edmore,80
contador,746
abruzzo,157
individuo,288
contraccezione,417
pretestuoso,858
svarione,96
normalità,108
disparato,177
lateranense,51
antonietta,108
greenpeace,23
ovile,59
castalde,57
allungare,129
verno,33
cinematografico,239
piantagione,333
calais,126
convincimento,1248
ingerenza,264
conclamato,487
intendevare,361
world,222
contenimento,952
olla,96
guaritore,186
abba,247
bastian,268
toppa,63
pentito,246
condotto,121
corfù,44
lesa,96
dozzine,174
preselettore,322
espletare,266
finirebbe,463
suso,472
infamia,249
trattenuta,165
contestato,227
assolutamente,508
conflitto,93
trotzko,125
santificare,125
fedelmente,333
trentina,118
bestiale,1053
prostata,304
democratizzare,296
traduttrice,372
enzima,287
aliquotare,255
archivio,59
avvia,84
leggo,118
assolute,73
gamma,21
mercedes,62
arresto,240
allere,180
vinceranno,209
yahoo,144
beneplacito,100
addì,69
accesa,25
fantoccio,191
stasi,17
vito,106
implementare,597
partitico,620
angoscia,256
umbria,134
incompiuto,176
daniele,549
profondissimo,276
colonnello,206
naio,245
josé,249
powell,128
individuato,105
restare,201
pedace,154
tolleranza,166
altissimo,89
sottopagato,266
rivendicativo,231
pigiatee,275
urss,95
kenwood,595
edificare,225
level,174
iconografia,758
saggia,49
bassifondi,77
azerbaigian,311
fontano,351
coraggioso,67
bonifica,149
parlamente,162
sergere,438
collaudo,103
wisconsin,158
terraferma,296
corto,7
luigina,505
antieroico,344
blocco,94
richiedare,171
commettere,229
pilato,60
frettolosamente,277
riposto,31
confraternita,327
eppure,908
corteggia,110
inadeguato,303
anard,16
custodire,154
giappone,108
madonnina,165
antigua,15
seguedallaprimao,27
saudita,333
ure,13
fiscalità,312
treno,163
confluiscere,166
interculturale,340
calunnioso,456
somministrazione,402
lasciavare,380
zolfo,473
est,116
oculare,72
full,61
bavaglio,67
tentato,295
nietzsco,452
evincere,378
messinscena,479
appartengo,444
tone,23
assimilare,693
messero,269
fame,53
ferire,330
festività,51
sistematicamente,784
aumero,32
raveo,251
italia,15
attestamento,177
organo,93
fioccare,129
coloniale,241
ruzzante,499
mirabilmente,790
riere,295
vespaio,185
barbato,938
argo,141
bei,21
virtualmente,168
picco,165
parolina,31
acaro,112
risoluto,11
viscore,104
forgiare,200
esercire,190
adesivo,436
sabrino,761
mutazione,449
irritato,416
omissione,334
delicatissima,155
giocavare,637
conco,157
autostradale,137
qualificante,407
avventore,360
alema,101
conformismo,874
brivido,316
omega,106
motore,130
intelligente,116
sape,39
unione,45
ripugnante,1125
isabello,527
infittire,258
inchiodare,148
imito,139
caos,50
famoso,161
caudillo,316
beccario,920
grog,846
modus,11
onne,77
romena,236
oligarca,107
ambientato,100
significativamente,782
unanimemente,152
migliorare,145
boccino,257
elicotteriste,275
cero,187
colposo,142
andai,31
attico,322
baldezza,120
percorrer,340
lanzi,321
dicitura,54
genesi,181
novecento,483
serra,41
figura,114
canniccio,1427
pentagono,167
masso,211
valentina,976
immune,132
élite,79
asciutto,318
intraprendere,104
demagogia,481
hcltech,388
voldemort,274
conio,7
invitandolo,162
terminare,239
ricordere,379
nazionalità,216
metallo,406
mistificazione,1296
innumerevole,144
babilonia,71
dopodomani,129
perquisizione,191
filorusso,160
stella,24
obbediento,429
monal,8
moloc,33
garantito,200
cogno,323
xvii,69
stigmatizzare,656
integrazione,109
omino,150
abiurare,133
padroneggiare,887
tranquillità,145
tradiscere,555
biografo,381
attribuere,226
lucchetto,727
individualismo,1048
differenziazione,1088
plastica,846
lanfranco,456
zampino,399
contraerea,353
intestare,112
contiguo,137
grattacapo,45
cespuglio,454
danaro,151
prova,24
ruffino,376
divora,298
debole,141
archeologiare,176
volontario,46
sperduto,299
lire,20
acquistato,197
coimputato,194
sganciamento,269
taranto,160
reagitare,597
dopante,113
basilare,540
waterloo,62
accusa,249
interiorità,889
giudicare,415
spendire,172
pioniere,322
realtà,939
allargo,15
manifestante,321
olimpiade,104
torio,25
vinci,51
capolavoro,1094
vittore,362
sgonfiare,287
disinformare,284
mele,687
nocerà,236
diffondersi,170
milizia,468
porre,150
desdemono,125
pierangela,1240
consulenza,168
castelfranco,728
tesoro,57
anta,54
devote,292
scranno,94
ultra,80
localismo,206
desii,238
egualitarismo,1036
altisonante,140
adduca,103
ester,757
illuminare,453
bici,11
adelino,514
sgravo,296
offrano,31
spaccare,367
localmente,225
daniela,621
eguagliare,84
adunata,125
intel,222
abbiare,517
giamaico,437
pretesto,437
causa,50
vez,49
seminarista,146
sfruttato,187
autoritare,628
veste,49
chiamante,525
meritare,229
nord-est,45
burnus,537
trazione,286
inserimento,296
gambale,103
napalm,346
istigare,628
arturo,108
dannoso,594
mussargli,58
crolla,53
strumentalizzazione,1023
recuperato,114
connivente,454
durere,129
magnate,117
redford,910
accademia,191
impantanare,487
aio,34
pietoso,164
non',25
nientemeno,953
cherylo,153
cagliare,1121
bastonata,510
centrato,73
elettricità,184
alà,6
riproduttivo,691
alessio,1245
socialità,316
personalizzare,1105
deo,162
supposta,298
recondito,479
marileno,875
citare,262
alfio,685
corazzato,351
bimi,213
imbarazzo,554
barboso,157
deciso,202
firenza,307
assistenza,187
osservante,236
frattempo,143
yard,120
arringa,79
ornatore,353
visualizzare,290
pareggiare,721
bicchiere,348
bengalese,263
destreggiare,1501
twittere,61
spin,17
ludico,581
ritirere,101
rasoterra,431
veramente,526
fronte,46
piccare,659
insorgo,54
biondino,1614
costrevere,193
capetto,423
scoprio,178
comitato,78
farvela,255
tottenham,502
mourinho,449
tesoreria,126
scatenato,398
simulacro,306
traverso,390
cantieristica,272
espressionista,1320
stoccare,194
tascabile,463
devolere,68
disgusto,949
ricci,954
orologo,68
meticcio,847
tunisi,151
beta,54
stele,160
fecore,173
riverbero,219
manifattura,170
carlotta,1023
gadget,181
volatilizzare,606
dosa,56
collocare,91
predominio,571
nasconderto,204
effettività,1005
prenderanno,156
zanè,241
santare,393
tariffare,488
pecoraio,178
raisport,134
leve,93
madio,170
arola,351
allettare,417
aleggio,23
aedo,181
pisana,234
beppe,50
rasato,1089
previdenziale,374
mattone,237
essenza,821
cacca,202
inconsueto,901
rottamatole,168
invio,81
torare,563
antologico,587
nordafricano,306
pendio,23
prenatale,158
conferente,68
liquore,343
drogato,119
partecipativo,367
risolto,131
battiato,1569
bugia,167
manifatturiere,230
sofisticare,232
polarità,96
bravere,400
vacillano,101
credere,1070
comandamento,35
orne,557
incredibilmente,462
scalario,69
affrescare,488
carrubi,48
porzione,132
petroniano,216
spogliatoio,503
velleitario,990
appenninico,315
robusto,65
photo,60
sem,75
apparecchio,444
ampliare,139
forzare,197
calvene,519
farglio,303
fanfano,239
quantificazione,878
armamentario,198
assenso,104
sovraccarico,333
clandestinità,227
cadavere,306
olinto,201
vantaggio,64
polemica,157
vin,25
pendenza,26
reed,425
muscolare,193
eccentrico,946
desolante,411
tettare,185
patina,296
promiscuità,887
teramo,357
virtù,133
omonimo,204
rushdio,271
opposizione,357
paradisi,41
tremonto,77
garzai,183
ruffini,668
scappatoia,139
repressare,224
secretre,158
orrore,470
costretto,223
macro,12
bordata,51
megalopolo,214
finivere,537
fasta,216
pentire,199
penitenza,37
medio,24
orde,186
curia,149
oleodotto,243
ligurio,315
estasi,236
ahi,61
tac,31
artificioso,849
intangibile,554
agiscano,141
indennizzare,386
assentare,216
lesbico,131
gorno,278
fecondo,124
irpare,85
intorno,21
esternare,661
innegabile,780
difettare,404
capitalista,299
rsu,191
cubo,115
ritrovare,278
tondo,193
istitutivo,179
caprarola,479
escludo,201
sporto,56
medicare,234
casalinga,144
brufolo,292
riserva,22
missilistico,204
bach,422
gusta,30
mezzora,259
economo,45
mobiliare,255
interiorizzare,554
imeno,144
collaterale,141
riga,78
nordest,172
sensato,240
salariale,191
metodista,229
mccain,175
templario,91
succube,459
panda,157
motu,189
sopraffare,1205
delfino,56
rammaricare,673
inimmaginabile,598
regiare,360
similitudino,475
promossare,157
vocabolo,233
scrutare,87
isile,447
impennare,287
stela,91
pisano,184
colare,375
gerardare,646
metterei,185
troneggiare,774
handicappato,188
utilitario,322
pannicello,177
biagio,109
angolo,237
fumare,162
higgs,207
edilizio,97
adama,196
universalità,501
pede,123
escogitare,315
tossicologico,455
smentito,115
bandito,367
sanguinoso,331
napoli,251
farro,377
prescritto,180
dimenticano,395
polire,323
lentare,110
baricco,737
ricomposta,150
baharain,103
vicario,296
ossessionare,526
lavaggio,269
coeso,231
dormere,391
scaricato,184
suggerivo,329
suicidio,129
rettore,137
soppressione,374
calendarizzazione,360
basilicata,196
cornicione,697
puntualizzare,393
attendibilità,371
tanta,181
concettuale,1033
girellone,306
inculcare,668
incuriosire,454
balbettare,587
jeremy,519
biscottiro,26
veronica,175
armadio,76
islamabad,416
sondaggisto,57
rosora,267
rapina,147
contrastanto,850
semolare,97
soffocamento,771
respingimento,179
raiuno,138
consorzio,206
irruenza,689
schiarita,147
itinerario,81
demonizzazione,1430
geremia,410
cantiere,105
guere,138
annoso,145
anomia,64
managua,134
ripetitività,98
sigillo,16
diamone,356
divisione,74
cirino,146
ananas,29
carno,229
foxe,230
intravedere,342
opaco,22
malessere,535
bengodio,377
rifacimento,116
duchessa,131
febbre,159
uruguay,173
eccido,252
calendaro,33
piaga,76
profetico,491
compiaco,461
lunario,170
sembrerebbe,288
valdo,707
trivella,166
spontaneità,552
gestione,156
grida,132
visitare,159
trapano,370
sociale,220
implemente,104
ati,16
siffatto,820
aggiustamento,824
avendolo,122
carcere,164
bredere,143
pulsione,788
calca,532
traducare,239
affibbiare,425
flipper,577
bee,295
indennizzo,258
squalificare,547
gazzarra,238
elettronica,267
sventato,272
effetto,203
maestà,16
foibe,93
investigazione,162
variegare,550
assumire,90
donazione,73
computo,259
cartacee,254
damasco,451
scudetto,553
neozelandese,696
andreotti,136
sennò,186
ingenerale,530
cantautore,557
fiessa,302
residuare,106
pittrice,422
maratona,246
preferirebbero,536
pulcino,205
duello,106
invero,272
riunitare,189
saponaia,849
ermeneutico,774
praticamente,232
asportazione,278
orestere,618
famiare,306
isolotto,446
ufficialità,52
epicentro,133
montagna,336
stupore,323
inseguitore,167
malinconia,1037
ringrazia,170
picca,95
particolarità,768
cimico,281
crasi,50
brivio,62
ambasciatrice,88
punteggio,154
valico,142
vedente,428
germanico,107
ripescaggio,236
reding,55
aderì,149
nienti,197
istallazione,224
cattiveria,1144
dura,14
leaguere,356
data,81
adite,99
vimercare,234
lomé,72
gesù,248
testualmente,201
bancarottiere,182
assone,798
faldone,137
appaiare,377
presso,58
tabella,72
scooter,74
autonomia,177
resina,268
sansa,217
aldino,142
soccorsi,187
wojty,161
imprudentemente,244
gei,17
nuvolo,99
gianluigio,360
cookie,332
trilogia,441
confidenza,79
montevarcho,250
giampiero,326
sostenuto,251
coefficiente,339
indebitamento,692
sbando,110
cubi,118
monegasco,130
retroguardia,462
allendere,289
barcellonare,649
margaret,191
detersivo,259
blera,131
intricare,414
commissariato,61
giravolta,291
balzane,522
rinvenimento,303
colgare,454
congedio,282
adempimenti,282
assurgere,202
allattare,594
ipotizzabile,425
cartina,3
simpatico,711
radiotelevisivo,120
immediatezza,417
valdagno,742
remissione,280
troupe,143
barre,154
bruna,1128
sedicesimo,86
thatcher,124
sfaldamento,266
incidente,127
fans,295
sciato,481
tollerato,994
cavarsela,122
amareggiare,803
barandomo,299
inchini,348
ventisetta,66
dono,110
sovversione,586
tossine,176
capito,49
cervantes,389
cando,203
banditalare,181
morbidio,263
infaticabile,391
attualità,54
misere,143
camo,91
naturo,97
combustibile,326
bieco,766
reality,68
multiforme,540
omeopatia,209
tollerante,528
pressa,73
andalo,22
peppare,615
ostento,257
locazione,482
capitolazione,202
pds,43
perseguimento,361
relativamente,728
castrazione,455
mestra,64
insufficiente,291
zare,281
sinigallia,518
sudista,165
successione,55
ande,29
servente,47
ovale,61
luminoso,509
islamismo,504
cimitere,401
impreparato,326
sagome,614
gigante,157
specchietto,89
train,115
mistero,61
abeba,210
filiberto,863
rispungere,125
camicetta,202
sostengo,190
posizione,85
abeto,66
posticipo,360
basilea,39
losanna,50
grosso,63
godere,79
traffico,97
sottano,95
chiariscere,572
reietto,286
barcellono,165
predeterminato,735
anjelico,727
don,49
sbandare,393
amandare,284
polemico,185
industrializzato,384
vaccaro,785
candida,159
contabile,194
mercadante,172
morbillo,136
maleo,64
calzone,358
premetta,294
affogare,656
stupefatto,578
divenuto,136
definitiva,109
samara,152
arthur,470
giangiacomo,1476
hobsbawm,380
molière,411
ira,45
timidezza,530
principesso,686
gps,180
colombia,188
risalgore,97
attonire,561
casalingo,289
coinvolgere,63
nerone,1313
zeppelin,184
disonesto,531
consiglio,159
fiaccola,114
conserva,23
mostruoso,651
coscienza,188
antronare,1080
clamoroso,158
cuccio,280
indifendibile,476
clou,127
ford,411
iberista,220
religiosa,334
giunta,142
nevoso,117
sisto,36
fluttuante,455
folta,195
manageriale,208
spinta,160
curaro,224
algido,312
montese,851
alberale,74
camilleri,495
lupo,152
aspi,139
percussione,160
spiccio,215
ideale,143
betancourt,50
atterrire,304
minie,32
riluttanti,191
marcatamente,590
irreprensibile,1082
sunderland,1062
intimorire,1225
dinamismo,471
extragiudiziale,266
anale,31
smantellamento,227
pci,103
ferino,664
ansio,93
impostazione,681
tre,152
fanatismo,940
sterminato,303
arrone,1131
costruiscono,341
aria,216
carlino,825
umiliare,307
calderona,86
fattibile,319
olio,146
sessanti,229
inconciliabile,919
natalità,205
quindicimila,147
editing,47
cingia,151
aggravo,226
preferibilmente,370
formulato,385
ispanico,97
pedone,221
immotivare,701
evoluzionismo,659
sanpaolo,194
gurro,1286
spero,169
porce,9
disseminare,327
spinare,555
introdotte,211
rimandare,69
quaranto,194
generato,242
scaffalo,202
ballottaggio,168
editto,28
alifeo,286
muraglia,197
corvetta,377
accidente,221
lucroso,223
fronzolo,713
pierferdinare,299
censurabile,625
sceneggiatore,695
infrasettimanale,145
sottintendere,1291
furioso,282
conducare,137
divulgare,195
propagandistico,405
caprio,586
etto,30
sorrento,145
fiere,100
tossicodipendente,288
incrociare,70
loren,676
siracusano,682
orticello,129
intensità,199
vincitore,120
accogliere,129
febo,33
canne,470
acuì,6
conterre,329
snowden,205
terrazza,851
posa,270
ramo,3
importantissimo,304
burla,77
rispecchiare,370
hardware,232
hilton,309
macrina,87
scozia,148
narcoso,249
romantico,620
burattinaio,177
delegittimazione,652
alibi,171
scusare,452
burago,283
costituzionalista,263
finanziato,204
alluda,436
foulard,110
mirare,268
appese,145
proves,24
piazzetta,75
consortere,161
fantascientifico,672
giustiniano,579
radium,241
annui,282
nilla,337
football,232
paradossale,858
adesso,641
inizialmente,128
fimo,63
aiuto,67
moravia,434
cantaro,480
riguardare,409
chiarello,979
insorgono,33
carburante,244
scudere,338
distorsivo,505
contagocce,119
ripartizione,334
pratica,264
responsabilità,152
shakespeariano,890
bot,105
trib,410
pdo,106
sentivo,197
versione,80
aeroportuale,192
intrecciare,448
appellare,379
imputabile,274
durevolo,305
buonsenso,443
bisso,1155
pizzaiolo,540
predisposto,288
squillante,88
salmo,115
parola,226
fashion,143
indifferibile,677
spartire,212
inferire,214
oppongere,289
indetre,124
regista,428
peschereccio,313
revocatorio,297
mimosa,171
natale,52
riluttante,232
sistematico,687
alano,599
osceno,409
kant,340
aduna,36
decadimento,759
allarmato,248
merletto,619
settecentesco,475
urlare,649
calcare,970
multinazionale,139
copertina,511
matte,78
concare,683
casualmente,403
persuaso,366
nouvelle,233
nicolina,894
poche,29
operatore,104
implicito,296
prerogative,237
ripulire,273
rissoso,310
fondista,44
restaurato,333
astemio,116
aletto,1205
bizzarria,891
spezzatino,149
bianco,99
sedevare,432
rodare,548
turbinio,180
frankfurter,274
mandala,173
progressiva,112
spasso,797
appassionatamente,363
orbassano,309
fanciulla,561
armonizzare,418
rigorista,179
bernato,95
ozioso,737
martellare,384
ales,422
fortunato,197
pedo,81
affiliare,223
sabea,207
distribuiscere,187
deriva,290
gramscere,120
vetio,44
distogliere,391
sede,48
dimezzamento,320
belligeranto,124
animasi,440
scorseso,903
pensarere,410
puglia,150
elve,711
duratura,161
buttare,589
avvicinare,367
fisso,52
giovannie,600
gerra,130
sterrato,773
colpe,86
pensionamente,371
trance,31
polvero,473
provenienza,121
sindacalismo,150
plausibile,596
cinofilo,338
avversaria,383
ming,156
investitore,183
sassofonista,738
belare,779
tesoretto,228
malavitoso,231
soleggiare,217
vestire,652
tommasino,1672
telepromozione,154
sancì,33
casacca,477
speranzoso,342
trasparenza,218
avvocatura,233
recensione,444
marziale,67
cedimento,439
portavoce,86
buco,63
elettro,83
disuguaglianza,283
separarso,95
autoveicolo,285
contrattare,356
collettività,364
inceppare,318
ebro,225
astrazione,1100
vendolao,145
nullità,318
derivare,550
cinquantina,198
lirio,276
casualità,831
azzerare,273
marsala,80
oulx,305
bloomberg,150
possiedere,212
psi,63
peccatore,338
chiarimente,258
aviazione,320
vitti,79
alacremente,92
forcaiolo,756
volpone,1033
locomotore,247
occorre,89
diffidenza,570
inosservare,88
derogare,471
aperto,40
cervo,293
sibilla,771
landolfo,633
vicino,119
restio,27
cervellone,153
risonanza,61
salare,47
mile,133
murata,199
conduttura,182
avorio,142
evidon,11
sfavorevole,190
rimessa,18
impastato,353
impeachment,102
miseria,381
simulare,92
angelare,498
indesiderare,321
alerei,40
buere,137
prole,133
probità,71
agiresta,188
giallorosa,530
scià,146
confermere,284
parquet,460
cotto,503
musicalmente,404
bojano,501
accompagnare,160
intifada,203
cranico,206
obbedienza,354
ossessione,772
emirates,267
slavina,185
bosisio,219
bonare,926
vicinato,37
orribile,249
meschina,522
incantesimi,226
rosare,383
aldilà,43
brogliaccio,231
mazzini,112
aviatore,564
progresso,118
internare,214
abusato,121
esigibile,431
drivo,16
determinato,587
portere,102
pentimento,411
protegge,63
malora,297
verdicci,882
tango,118
distorto,497
seppellire,100
arretramento,377
antichissimo,731
invadono,338
fede,246
mercantile,76
presidere,238
essenziale,442
maine,274
civica,116
lelio,254
ecc,7
attivare,261
reticolo,100
cimiteriale,175
ritrare,253
walt,441
vantere,235
ercolino,303
martine,530
lavatrico,391
laburista,145
gravissime,168
pregiudicato,372
tato,309
capitalistico,819
subappalto,118
serare,353
obbligazionario,406
infallibile,626
fernanda,975
sicuramente,596
divorzio,54
quirico,305
oncologia,277
infinita,232
accadare,377
programmato,213
giampa,56
viggiù,42
colgere,585
cibo,241
bensì,921
antropologico,839
pasqua,27
colase,137
straniante,1354
cuneo,125
agisso,173
vega,18
fugge,159
apag,13
valorizzare,349
tasso,150
collinare,330
internalizzazione,768
precostituire,1039
criptare,169
reale,21
ferrarese,668
annalisa,1285
bios,38
vercelle,269
abolire,149
panino,106
fioravante,379
ampiamente,262
itinere,25
trapelare,221
locomotivo,88
baronzio,342
piena,30
orazione,144
particolarismo,1616
jay,135
deposizione,239
sdegnare,902
industria,236
baracco,471
crepuscolo,1113
pochissime,125
attinente,335
ordinazione,383
detector,88
boxe,328
aspira,25
menomazione,831
voghera,230
laboratorio,153
celebrazione,170
cognata,372
tirare,218
apice,26
hannibal,163
alida,143
volevamo,412
valanga,37
terrone,318
ceriano,57
chere,206
navono,150
dongiovanni,1101
mappatura,265
promo,38
spiego,387
portiera,561
impossibile,411
apologo,454
vuelta,456
gianmarco,1014
anomalia,148
aieta,20
aspre,90
sopportare,691
magreb,118
accantonamenti,585
percorrire,113
piazzola,793
ammirevolo,629
caldissimo,107
diere,140
carceriero,419
gene,243
ruanda,76
invecchiamento,643
pataro,118
monopolista,143
spalleggiare,464
gramscare,54
wimbledon,334
ferra,460
prefigurare,632
uble,162
bertrandt,202
latinoamericano,144
cista,165
sopravvissuto,250
grammatica,400
motilità,586
considerevole,692
clapton,1484
primopiare,123
capeggio,103
partenariato,220
risente,356
tatiana,68
lista,66
suppletivo,59
detrai,36
improvvisare,448
malè,53
avvocato,162
utopia,470
inattivo,158
tradìre,77
agevolare,315
curdo,330
limousine,934
redivivo,179
rodato,85
eco,3
mente,391
pallacanestro,459
asiago,149
interattivo,282
dimettare,329
radicale,162
rodrigo,130
dattiloscritto,354
stecchere,580
neurologico,374
incidenza,431
asie,39
culturale,172
camuso,158
fischiare,464
rielezione,91
auditorium,144
approdare,119
siriana,218
torinese,89
evans,536
autorizzazione,322
domani,108
giallorosso,567
oliera,174
nascenta,91
apparire,535
maldicenza,373
insediare,111
lloso,221
confetto,221
schumann,230
corricela,44
cineteca,173
giurisdizione,190
carattere,265
letre,152
facendoge,117
alitino,109
difesa,34
primitivo,1179
riscossa,14
andranno,88
logicamente,474
appiattimento,866
talmente,663
cataldo,689
arguto,92
insabbiamento,309
tormentato,368
villo,277
impediscano,376
dialetto,299
sorgi,342
contestatissimo,333
scena,287
simbolo,79
rover,68
ventitreenne,741
cesano,96
esattoriale,93
savona,302
arbitrale,151
glacé,421
specie,300
alatro,218
incontrare,135
intemperio,142
chierico,402
terreno,13
farge,313
escere,388
bagheria,277
parigino,169
ristabilimento,164
insormontabile,287
valentia,208
nicholas,445
calabro,37
fertile,111
raikkonen,209
eminento,52
stabile,18
israele,122
angosciare,692
grandezza,410
chito,118
paragrafo,38
millenno,128
librerio,158
politico,769
ottusità,990
camillo,949
rtc,2
cosimo,1724
trattare,583
slesia,281
riandare,468
roboanto,431
inventare,769
abbonamente,52
rettangolo,306
sardegna,149
manifestavare,239
abraham,323
esplodare,279
bendare,440
maschilismo,726
velocizzare,263
riaprire,103
specificare,517
odeon,109
serena,39
spezzettare,106
eruppe,56
esordire,355
biscarto,42
chienes,227
amosre,76
zombie,12
chiare,556
alezio,66
pianta,196
antisemita,215
politicante,1126
sconvolto,264
quito,143
lizza,113
inaugurare,188
belloccio,1364
intenzionare,524
pictures,744
eduard,426
diplomatico,85
psicotico,326
nulo,32
polverine,193
ingaggiare,135
maschietto,278
uscita,17
estenuanto,107
pinerolo,506
palestina,200
tibetano,117
rotterdam,179
mediocro,494
scatenò,119
intentato,256
apertamente,680
scoperchiare,414
numerazione,224
rave,71
fluire,224
tifo,102
trascurare,700
liberal,191
teff,572
brusson,340
wim,387
cretino,577
privilegiare,367
calcolatore,186
dimessi,73
mann,733
malco,59
confiscare,80
kenya,252
mentano,371
modere,132
decantare,391
alberona,973
united,406
vecchione,1168
kiev,68
cosmo,145
macchinario,545
disapprovare,194
spiare,218
svoboda,74
scalata,143
doroteo,10
ricco,81
oriolo,584
gabarro,373
verosimiglianza,405
innovativo,451
scaletta,203
degno,237
accidentato,180
macchia,206
traumo,209
bramante,164
gelmino,27
romagnolo,397
abbonamento,61
cruccio,28
negrare,381
preside,123
bioetico,112
infido,669
adria,95
agnostico,207
paragonabile,185
patrizio,938
economics,148
ottimistico,203
venture,308
sfrontatezza,615
tanti,50
galleggiamento,222
lucro,28
verhofstadt,287
invalsi,103
favorevole,139
spagnuolo,359
cineteatro,757
done,105
estenuante,117
atella,1196
guerrafondaio,747
liquigas,632
felice,95
lepri,374
avvelenato,159
sottrattere,312
percolato,337
accentuare,762
udire,181
anticipatamente,155
porporato,157
intoccabile,112
inserisconore,478
totocalcio,102
previo,231
idratazione,317
sapone,244
gappista,548
recapitare,155
molteplicità,1155
interesso,164
contea,325
bravata,317
percosso,103
snaturare,561
risolvibile,336
ridimensionamento,610
inserire,295
attribuivare,153
negativo,216
rappresentativa,94
togliaggere,138
inglese,197
rinuncio,211
mezzogiorno,92
laborioso,66
direttrice,59
giorno,155
berardo,213
urla,477
serratura,239
unger,20
stappana,218
indecisi,89
miliardario,147
recitazione,868
modernista,507
analfabetismo,208
discendente,236
pillole,17
pappalardo,684
embrione,172
strepitoso,886
riconoscente,457
esaurito,38
galdine,118
amichetto,650
triveneto,173
incessante,127
distendere,835
velocista,518
erg,59
meteo,49
coincidente,362
esistito,121
parentela,115
inazione,863
pacificare,128
bila,62
itunes,357
tabello,44
beppino,107
piolo,754
barreto,838
udienza,122
protezionistico,400
nicea,110
brescia,321
latore,124
aguzzante,329
similare,445
ciclista,140
ceffone,481
vera,25
apologia,482
verifica,281
ghisa,155
por,42
emersere,100
bashir,469
erogo,18
sostenere,534
cesta,116
satana,154
confessionale,597
meritocrazia,457
lancere,33
conciliare,405
leitmote,1
giambattista,357
peculato,315
mccreevy,105
ambrogio,479
quattao,56
montatura,353
indigene,199
avignone,534
special,16
sfratto,44
sarong,75
ikea,91
loreto,588
muscoloso,224
rompono,100
vegliare,184
eternità,257
tolgare,340
fattorino,496
cinque,105
uscere,43
contrabbassista,495
dipinto,409
novello,602
porca,89
ammirare,558
boccare,360
edace,72
avolo,368
corrispondare,459
imperdibile,443
spiazzante,1246
accreditato,57
andria,125
pista,106
pallare,284
gina,84
precocemente,364
chiedire,219
uccisero,447
resistibile,183
nome,40
attestare,197
ungherio,135
impunire,332
autofinanziare,71
consacrazione,274
contraente,527
concomitanza,190
disgiunto,110
giudea,140
varesino,302
douglas,887
animazione,295
emulazione,915
individuazione,397
impalpabile,678
snaturamento,831
scorcio,120
colesterolo,225
guinness,198
trans,54
maggioritario,363
unita,45
generalmente,358
schiacciare,553
nova,350
ankaro,64
motorio,82
assiso,168
versa,112
lasagna,354
programmare,133
imbeve,47
annamaria,595
varsavia,81
romanzo,522
lane,227
lift,19
lucania,495
rivirre,220
seppure,419
inclinato,653
secessione,161
travestito,822
siccità,285
resistere,293
goffredo,291
insolito,775
avversità,89
ade,91
malfunzionamento,584
twist,377
pizzo,122
louisiana,202
diciotto,159
tubo,172
fonsai,311
redde,4
progressione,442
pallone,627
voga,154
coenre,371
municipalizzato,233
fantasioso,582
indipendentista,181
cellula,138
accattone,523
erogazione,425
quesito,58
legittimato,796
aga,59
panco,283
liano,248
autolesionista,708
avventare,732
vite,7
buffet,44
aderente,84
totalizzare,163
gozzo,231
panna,308
meneghina,180
patricio,289
improvviso,166
elettrice,39
sorella,618
coacervo,724
domingo,432
sifone,100
malefatta,824
duellare,283
spiacere,709
lottano,80
controcampo,466
ombretta,141
sardegno,131
gendarme,144
privilegiira,358
fazioso,643
springsteen,672
lino,792
steccato,243
patito,167
coristo,242
cavalcare,358
stress,206
affollatissimo,326
acheo,96
azionario,366
sospeso,40
bertolotto,156
rallentare,230
rido,3
disio,21
seggio,80
recita,238
moscovito,136
contagiare,292
hotel,137
continente,100
gemellaggio,50
bamako,415
decorso,138
michele,556
felipe,217
velo,43
sobrietà,142
russo,80
gol,491
dissipare,153
finalità,247
jones,255
soldatine,121
compiacente,868
chiante,389
sorvolo,84
deadline,103
uccello,153
suffragare,131
bastonare,815
iberico,122
scarcerato,257
pigliatutto,100
ritrovamente,252
preventivamente,469
corde,318
liberticida,538
propensio,145
concentrico,232
copulare,48
filiale,146
gente,544
empire,338
samurai,224
eversione,399
enigma,62
ufficio,65
disaccordo,335
divertire,1356
quota,127
dostoevske,430
commuovere,515
difedere,312
smart,55
confindustriare,151
ansaldo,185
miopia,504
prefetto,103
fornito,86
diktat,85
funzionale,840
romanità,149
joint,261
yankee,201
situazione,141
esfolo,71
dancing,503
oramai,209
insidiare,268
bete,866
prelevato,266
rateizzazione,661
ispettore,50
provengare,143
pack,7
multare,79
magi,9
neutrale,131
conflittuale,689
argomentare,641
predica,265
denominare,83
reception,219
confutare,494
separatismo,496
pragmatico,277
sharp,89
chiaramente,593
indomani,106
precostituito,1098
ammainare,344
ramificazione,428
bagnino,773
entramba,70
margotto,2023
ragado,382
vanificare,543
fossòo,175
svelto,209
esultare,295
ordinamento,437
delibere,159
guidare,182
mordere,353
socioculturale,919
costringere,324
avvenuta,79
smeraldo,175
incolmabile,169
continuità,140
internato,124
esclusione,144
consistenza,461
pur,282
trasposizione,613
pse,100
beirut,247
pertinenza,167
bipolarismo,314
balilla,179
riciclare,365
bernard,332
iconare,807
grado,41
remare,397
turpiloquio,681
difere,226
slittamente,296
neuroscienza,294
sting,846
tomorrow,369
vedrere,682
relazione,52
mentre,288
coordinata,36
traditore,473
cocktail,162
chance,22
craxi,57
girolamo,227
nepal,259
reims,235
manica,76
rifar,23
penne,453
decisi,53
psicoterapeutico,371
piccato,162
opposte,154
caratteristico,206
nuotatore,553
teschio,170
edreams,857
governatore,47
dapprima,122
inospitale,582
avviira,151
avellare,375
sentimentale,1199
materno,186
ispirato,399
einstein,261
sconfisse,71
disponibile,70
salde,33
sahariano,271
correttezza,302
fremito,166
scagliare,567
ascia,544
flaire,304
percorrare,86
estradare,158
mogadiscio,424
uragano,151
cristiare,249
ricorrente,563
sapessero,448
autopsia,114
orbo,16
correntista,62
grimaldo,1573
optional,154
affermazione,444
sovraffollato,101
cairo,167
affollato,167
rimpasto,122
stazione,327
campagno,20
usurante,397
saturazione,448
disso,430
reagire,127
premiata,185
italrugby,591
padella,37
accaddere,165
igienista,20
ipocrita,608
reparto,88
razziale,167
comunisto,342
affiliazione,75
zaira,208
graziello,1482
irap,101
serial,99
beve,100
attribuisce,173
bianconero,533
litico,155
acciaio,222
somalia,303
ponzio,253
governo,222
ofofe,121
gravissimo,219
prodezza,561
stortura,262
lombarde,141
chicco,833
bunker,109
agostare,197
scolarità,152
lungho,62
procreazione,148
mazara,190
appalto,87
carnefice,401
partorire,73
volterra,957
chicago,279
disconoscere,1031
conversare,125
germo,151
delude,93
misto,9
giordana,180
andy,590
calabra,190
volontarietà,170
carlare,210
antipatia,449
liliana,601
spedere,57
fraudolente,274
triplo,37
partes,24
redistribuivo,282
berna,76
sottoporre,79
profanare,348
masserio,415
sminuire,261
negoziare,109
dimostrerebbero,425
titanica,27
circeo,223
clessidra,82
percepisce,101
leasing,44
tacciare,1177
figurina,532
scoglio,92
budellare,216
trucco,226
dicare,660
rispetta,120
oggettività,1059
terzo,54
melma,166
pegaso,30
linguista,324
rialzo,203
beautiful,455
morosità,134
estintore,170
riuscita,113
eminente,111
finari,127
consere,434
alcuno,305
multipolare,506
sebastiano,981
ferio,28
miranda,1017
jwst,901
segretariato,122
preliere,313
basicò,583
labor,48
contributo,111
adira,205
edita,82
gabriel,120
unitare,163
cattedra,100
morbido,108
flac,105
libar,34
banalizzare,662
luna,124
pistola,351
turistico,91
terna,143
banato,517
vergognoso,467
crimine,292
bronco,121
violentatore,793
curiosamente,890
obiettivo,91
subentrare,77
dinastico,160
canotto,687
fasci,146
perù,89
forma,154
fermezza,272
ortonese,238
siderale,29
ventre,790
spungere,152
comode,188
nagasaki,65
rauschenberg,987
proporre,244
anticrese,103
condizionala,718
coronamento,95
magneto,59
oman,542
marcire,353
sgangherato,481
campionario,366
magagna,68
trasgressivo,513
vertice,149
adina,375
proseguere,135
crispino,881
ancona,124
almiro,42
raddoppio,134
alzò,212
coltrone,261
capofamiglia,229
ulisse,269
eccone,247
siciliare,302
seguace,327
ignota,98
intercontinentale,130
prossimamente,321
sanguinario,398
cantastoria,1005
amministratore,150
microscopio,275
tecnologico,368
infedeli,133
para,10
tarallo,158
ricercato,232
sommariamente,565
pessime,87
contino,294
seclì,412
bernulfo,76
pigro,19
prerogativa,292
napolo,276
indiscutibilmente,960
clava,288
effettivamente,633
competente,207
falca,167
distorta,349
raffineria,284
dispetto,881
figuriamoci,191
accantonamento,738
ribaltare,177
oliare,96
runner,675
sanzionatorio,507
novelli,159
trepidazione,67
bosello,361
sottrazione,643
inarrivabile,1042
soprannominare,598
acquisizione,300
anchina,314
arringare,265
catione,138
paventare,197
falcone,185
cinismo,814
fore,11
grader,116
riammissione,191
capitolinare,165
utopiao,499
affevere,424
calcolare,264
proverbiale,551
ammissione,227
premiale,626
ghiaia,81
cova,21
serrare,62
arieto,288
tropico,264
recital,624
canora,233
alpine,140
lese,207
barete,81
contemperare,333
contorno,344
figiana,257
costantemente,128
ilio,98
arantiso,198
cles,134
continuarere,495
videosorveglianza,256
minimalisto,674
trino,89
negoziato,95
allineato,156
versamento,382
merone,1027
mormorare,518
indicativo,365
aggiungerà,321
lievo,67
recettore,215
scopro,104
tunisino,200
adolf,98
marcio,88
veronesi,442
sacrale,270
ferroviario,149
presumere,478
interrogativo,108
force,38
randage,204
olimpia,113
vaticanista,239
quadrare,84
parrocchiano,225
nazismo,297
carlotto,1645
preparato,62
invalidità,217
diviso,111
sciacalle,30
contropiedere,551
ace,79
torsione,671
giustifichare,477
censura,106
seguita,57
immediare,106
scalfire,724
assoggettare,618
cinghiale,273
intriso,1093
linosa,267
gnome,23
aggregante,163
campagna,27
dominatore,341
adamo,376
caduta,74
indifferente,948
coda,58
comunicante,242
connotare,849
esaltare,617
autoreferenziale,1354
scomunico,215
imprecisione,446
altopiano,431
allegoria,1006
ricordo,318
riesco,350
regino,79
blackrock,331
cassiare,208
melone,515
adì,142
filomena,470
contemporanea,190
furteo,36
imprendere,160
riveste,46
perdeere,107
paravento,336
acido,173
palladio,115
debacle,130
stormo,102
tabacca,47
amaramente,792
preferibile,484
genera,52
andré,466
amato,482
crevalcore,210
omegare,169
carrozzina,457
antonietto,131
pinnato,160
splendidamente,1011
umanamente,700
navarro,30
kaiser,366
cozzare,142
proscioglimento,325
automaticamente,304
rato,19
fluente,153
contenibile,390
asino,732
interrogare,151
proporzione,160
mastello,142
infila,356
viganò,238
scotto,162
siris,232
antibes,61
lotteria,38
mentalmente,762
sentir,370
perplessa,69
quo,3
controprovare,793
benemerito,169
capii,468
beh,162
produttività,446
agenda,16
desistenza,302
antrace,211
capofila,51
presuppone,759
pioggia,180
intonare,476
incandescente,462
diventere,101
dentiera,159
allungo,83
filtrare,184
giovanna,523
persa,324
retare,211
spieghare,393
mantova,207
addestrare,250
congettura,438
direttissima,197
aggravare,307
ansante,944
libeccio,183
obbligatorietà,599
condannato,233
cofondatore,89
quarantina,196
spoglia,67
acciarino,1454
cospicuo,93
rampa,28
dario,379
riducere,415
classe,38
ceprano,725
quindicennio,87
moralistico,1407
agii,182
deimos,30
simonare,370
prosecuzione,349
anconare,478
assicuratore,237
querello,78
iceberg,13
cuba,35
signa,95
sceme,199
brado,176
caltanissetto,333
confiscato,71
melatonina,39
accampamento,707
variare,174
gliela,126
ambiente,49
vincolante,452
autoritario,811
commercio,104
apostolo,126
predatore,368
basic,182
rivalutazione,514
genziano,152
giganteschio,231
sentimento,620
pezzetto,48
ore,44
iridare,507
multiutility,335
conoscare,313
ecomafia,117
suonere,375
borso,36
castellammare,539
volgare,982
pallina,361
bigino,1219
kim,149
radiofonico,131
giustino,1337
lindbergh,510
assistono,84
ermes,17
scarsamente,478
darare,347
gottardo,918
potenziamento,537
primordiale,899
esportato,153
efu,23
teorizzazione,788
premessa,404
ospedale,169
ammiccamento,1118
fuoriclassa,605
repressione,291
spezzare,218
razzoli,463
velina,177
iracheno,283
jasmine,454
mps,195
laudere,190
figurativo,327
momentaneamente,327
preoccupi,220
fiammella,282
affrontere,94
sfumare,325
beato,106
solidaristico,614
suggestiva,722
terrestre,64
mola,14
eneide,417
entro,113
preoccupante,508
sforza,16
scala,21
macigno,70
riattivare,172
sopruso,338
cosenza,584
tragtiere,270
paramano,279
primo,223
tubercolosi,255
slc,167
esorcizzare,620
mazzo,254
politicanto,1073
hamilton,316
batterico,299
stockhausen,594
luisa,150
formalismo,637
menzionato,320
monitorare,161
peronista,277
informe,46
massimiliano,785
trattere,143
permanere,199
odo,17
rotolo,413
smoking,520
innaturale,1356
invertere,122
paul,293
consacrare,249
meta,19
addurre,340
azzano,349
gromore,295
keniota,251
pilastro,74
spacciare,339
pionieristico,678
vittimismo,440
toner,42
radere,251
tentennamento,563
competizione,109
centralismo,659
rispondano,363
rudero,153
ottenuto,103
affezionato,235
proletario,197
metro,161
attivismo,463
stevire,1057
spender,260
espore,202
istituzionalmente,541
incognita,74
oriana,191
avvertere,426
issi,188
contravvenere,491
naturalizzato,326
aduno,125
eminem,701
sorridente,671
determinante,305
casey,281
piene,49
correlazione,634
coco,48
shetlandre,137
calpesta,125
ribatta,158
beneficiano,286
comprensione,882
tito,29
sbagliare,306
complimenti,543
gromare,361
hashish,45
segrate,38
scongelare,180
sentare,595
benigno,111
linguistico,504
motorine,175
predisposizione,720
fronda,193
solita,668
effimero,301
roseo,39
immaginazione,1597
sommatoria,754
griffe,28
ospire,188
centa,198
brucare,293
mastino,370
ottimizzare,616
depurazione,330
ambulanza,290
blackwater,277
briccico,252
belloccia,1145
dionigi,298
omologo,25
zelante,70
innovazione,374
togliere,367
gallup,46
eroe,185
bune,10
sdoganamento,281
galano,435
perseguibile,478
express,400
rinforzio,76
vis,4
tulio,580
regolarizzare,157
casier,91
diversificare,712
disponire,186
taormina,66
ragioniere,114
imprevista,554
compaiere,128
arbus,224
san,19
argere,340
celeste,201
macchinoso,589
preferire,498
preferito,527
fonda,33
governane,209
udine,402
chilometrico,138
ottica,617
cosenzo,931
deputazione,250
visino,275
haas,251
bollato,77
dirimente,366
coma,145
anfo,40
sbirciare,720
squinzi,77
esaudire,159
municipale,43
minatore,119
benzina,136
denigrazione,762
serbia,45
carla,331
definizione,818
bus,164
provocatore,475
antieuropeismo,424
dispaccio,150
afghana,238
primogenito,240
vai,94
evento,56
adesione,67
compresso,54
kill,31
culla,119
ralph,166
irrimediabile,488
rotondo,84
ripresa,85
bocciano,117
rilevamento,145
mussaco,140
testimone,101
indiana,170
illustrare,189
specificatamente,742
indesiderabile,506
cieco,236
cappellano,507
patriarcale,517
monoreddito,347
geova,36
pacco,103
allegria,1009
griffato,359
aneto,219
riscopertare,633
riecheggiare,386
avetrana,289
spavento,158
rivole,47
dovessero,198
inapplicabile,515
scuse,145
pardo,566
conduce,91
acl,20
lacerazione,558
evitare,260
filadelfo,192
guastare,563
corredare,313
trittico,329
spike,1024
netanyahu,137
esserino,240
buffo,251
antisommossa,179
coinvolga,46
fondalino,104
algoritmo,288
inconveniento,836
norimberga,87
comprensorio,266
livo,493
cetacei,203
gratiare,409
diseguaglianza,358
eterosessuale,193
riunere,83
khomeinista,461
addominale,183
tedere,28
corteggiamento,159
rovigo,314
mestamente,384
cerimoniere,156
sudcoreano,134
categoria,82
spegne,59
ottimamente,299
creditrico,326
fabrizio,243
saudito,308
laburisto,111
manifestare,137
servare,287
stracittadina,362
vizio,155
bassa,25
tardare,467
incredulo,349
casale,179
ideare,213
costruare,114
disgregare,792
assiduo,71
prevalgire,475
pasto,188
strutturato,728
atea,8
attenuato,194
registro,38
eccolo,279
papadopulo,631
monitoro,109
este,29
naturale,129
bussare,156
rechare,102
immobilizzazione,310
know,269
abbattere,171
lea,35
competere,201
rilevante,352
vitiello,630
cielo,110
dirigenza,25
palmer,553
deleterio,673
compravendito,149
precisamente,238
personalizzato,647
cede,11
fregeresta,388
illeggibile,170
dimaro,344
malafede,523
gestiscire,236
ghiaione,227
aulla,184
lorenzo,438
neurologo,244
stazionare,588
ordinato,89
tasto,18
edire,230
masi,209
signorino,483
sfera,201
epifano,206
nulla,218
consolidato,88
ammalato,322
deforestazione,452
poliziotto,402
cannibale,205
antigovernativo,373
mirabolanto,243
spronare,223
abortire,203
mimmo,344
browser,233
mutualità,309
folgorare,433
mazzette,242
vigileremo,133
ricevuta,101
suora,214
maturo,122
gennaio,97
balcanico,97
manovale,257
incuneare,624
traslocare,135
bardem,688
buscema,110
accado,753
aggiungi,19
dano,471
anticipato,164
martella,285
burrone,176
extraconiugale,173
zena,525
flaubert,692
ondeggiare,1029
fervente,208
chiarito,157
citarista,454
formulazione,711
mattarello,111
spiazzo,641
bombasse,117
speculario,281
siciliere,355
domenicale,83
varare,253
abbandono,311
imbarbarimento,1057
giacenza,120
videocassetta,209
arrangiamento,863
taiwanese,132
pressappoco,127
segreta,55
gazebo,52
oscar,174
profezia,199
porcaro,484
collaboratrice,172
idillio,254
telematico,182
modifichare,368
coinvolto,46
schierato,225
prototipo,204
presentabile,279
veronese,380
sars,60
vietnamito,368
impopolare,244
verissimo,135
denominatore,133
tranello,263
marinella,1318
pio,73
benedii,201
oltraggioso,441
tornello,283
tano,253
idealo,340
pallavolo,350
allegare,239
malcolm,590
polmonare,364
lola,84
pervenuto,267
flagrante,138
diventerebbero,367
rileggere,564
giallo,148
mugello,142
circuito,12
psicologia,281
castellucci,1193
ottimismo,119
parata,140
presi,34
compromessa,325
abare,256
ghigliottina,386
riassorbire,456
finse,196
provvista,222
relatore,228
umorismo,1268
trapanese,333
canio,464
tetto,41
bernare,89
hadetto,321
glia,331
nettuno,293
pregnante,229
appoggio,99
invadere,404
volontariamente,269
stravinto,216
assillare,282
conformare,519
cosmopolito,481
trecentomila,122
prudenza,223
bomba,220
difficilissima,244
fastido,479
diecimila,112
semplificare,414
naldo,651
genetica,314
beatificare,251
stanislao,258
appaia,483
comunicazione,113
altezza,11
catastale,196
amiens,227
sovrapponere,582
linux,84
poto,47
pescaro,612
politiche,179
filigrana,278
istituere,71
amenità,56
cedare,85
teca,29
pesca,127
collaudare,161
tbilise,115
stampo,224
congratulare,246
silurare,287
protrarre,210
corretto,306
tributare,37
lenza,168
perenne,229
arena,88
meritavare,289
fender,199
sfidanto,106
centralistico,878
vedere,1356
capilista,153
dodici,142
blanchett,890
manovalanza,126
ghigno,96
accorpamento,235
propugnare,452
eusanio,393
raffica,128
attraere,257
sperimentatore,474
regolamento,271
duliare,143
erminio,392
convocazione,179
courmayeur,273
mottare,1093
darwiniano,439
bogotà,273
chiamparino,321
concentrato,127
pietrista,475
max,89
terroristico,230
leso,49
mescolanza,493
pochezza,382
ingigantire,659
vaffa,144
hemingway,1486
guazzabuglio,174
ultimo,266
buffon,522
argia,134
sonic,713
nuovo,83
dimmi,49
cancella,44
etsy,387
valere,189
antoniettare,179
fudere,207
invivibile,220
servirebbe,215
presunto,226
economic,85
cortona,275
avario,82
attrarre,121
mone,219
condoleezza,179
perseveranza,397
spread,107
cartellone,418
avvolre,375
mottere,241
mercoledì,130
coopera,26
educatore,141
subissare,269
alabarda,139
faletto,385
antropologo,508
scolaro,42
tifoso,291
orario,52
inconsapevolmente,1541
mitica,662
dominante,391
discrepanza,502
sviare,173
ventimiglia,332
giuridico,380
accese,72
kouchner,430
truffare,219
munito,161
efficiente,265
attingere,198
buggerru,253
dividare,237
fannullone,133
marocchina,176
solidità,96
gettare,283
sguarnito,495
davide,268
caracalla,474
idea,450
portello,264
apparenza,979
incazzare,1645
interrotte,97
pervicace,575
sovra,195
mancini,369
generosità,304
piano,35
esponente,181
sfruttatore,255
sottovalutare,402
berlinga,129
lorda,57
schiaffore,185
casellario,53
ricorderere,400
bivio,7
capolavore,867
puntiamo,63
centra,72
avveduto,335
superstizione,783
persero,130
ritmo,94
brook,1216
prenotazione,45
arrecare,248
ascolare,364
saragozza,569
giustizialismo,772
temperare,65
quotidianità,455
riposizionamento,531
temporanee,92
cenerentola,448
stoccolma,58
rivolto,356
lima,43
catalogazione,327
ambasciata,81
giulietto,321
navigante,42
idiozia,784
crivellare,828
gaetare,538
elba,34
abilitato,185
sbarcare,156
annullato,96
azzoppare,192
pacchiano,55
statura,447
wellington,919
cordata,230
greca,14
impermeabile,530
archeologia,161
suisio,31
stupiscere,1151
affranto,214
accolito,299
degnamente,159
confartigianare,165
parallele,140
realizzere,70
domina,196
effe,76
basilica,387
colpo,128
ennesimo,114
accarezzare,1471
riutilizzo,224
indifferenza,688
sepino,381
poso,4
arese,256
repressivo,363
coroner,483
ferita,126
roccaforta,126
premiare,88
persistente,437
romanticismo,1098
escremento,648
ansiolitica,544
esercitare,196
azoto,380
story,583
greggio,102
testare,165
costituzione,150
sahara,168
buonuscita,258
ezio,497
poeta,526
pasticciaccio,236
infierire,684
marocco,177
disperdere,184
assegnare,106
svastico,300
appassionato,280
borsetta,512
increscioso,387
cristoforo,917
fortissima,59
boa,95
occupare,131
meticoloso,222
profittare,253
convincere,759
pigliare,859
senigallia,663
prevalenza,141
legno,544
smobilitazione,185
complico,205
rovesciare,193
ilare,545
altero,122
penalità,57
nipotino,314
caccia,76
battuti,148
corrida,59
falde,126
elegante,597
pirandello,948
centro,50
mohamed,260
sorso,455
provenire,96
rendita,226
abasia,369
alabama,290
spettacolare,465
delegare,281
isp,23
annunziare,217
replay,54
massi,49
aubry,130
penuria,342
cartella,104
procaccio,395
strutturazione,688
tribuna,107
turcare,145
conciliante,349
tare,55
assioma,285
bellissimo,1304
pascige,106
spettanza,119
innalzamento,251
rinascito,107
garantere,468
trinitario,143
oscurantismo,1339
ragazzine,510
sterzata,194
vaga,129
squallore,368
intrepido,564
manterre,92
caritatevole,108
rimborso,228
rivelazione,200
pilla,301
altalena,135
atleta,125
presidiato,279
trust,53
rilke,412
intrinseco,909
minuziosamente,379
andrio,298
ripetitore,119
capri,245
sforare,150
separarsi,43
aragonese,1052
diploma,73
werner,841
crano,80
swift,332
contrarre,152
indispensabile,480
precipitare,365
tonijop,204
zucchero,245
succulente,735
rintracciabile,233
gioventù,138
malfattore,207
murdoch,120
pergolino,23
mousse,429
sciolto,18
depennare,43
avverrebbe,737
spirare,165
aldo,144
cavere,433
ovvietà,1066
cossiga,142
accennato,150
tauro,125
allegri,491
apertura,59
cipriano,637
esordio,393
metterla,122
pregiudiziale,273
ammiraglio,78
schiare,427
allestere,160
ehi,214
hurre,422
vincio,65
irrimediabilmente,706
terzare,195
predone,240
giudicato,337
banchina,476
arrancare,225
vale,17
rata,246
vettura,205
vigno,234
arnhem,46
discografico,147
corazza,241
pinnare,314
grave,300
pienamente,287
addebitare,232
abilmente,455
corda,312
interrompe,133
nemmeno,439
coarre,21
confudere,1216
bagarino,787
ragade,364
beltrame,219
implodere,485
lasca,35
campiono,696
infuriare,415
ossigeno,65
sommossa,190
scemare,457
vice,203
accaparrare,224
ravvivare,325
riprogrammare,176
sbaglio,147
patema,35
esponenzialmente,788
irreversibilmente,358
leder,131
desolato,356
lede,9
nitida,244
funebre,119
ridotto,275
ventiquattro,131
adagio,122
culminare,132
resistenza,155
circoscrizione,94
feeling,32
massese,673
tobago,32
banderai,44
minimizzare,381
usere,108
pettine,34
reiterata,291
corredo,332
scalmanato,532
mastellare,235
teor,396
formalizzazione,533
abruzzese,165
tariffa,247
ugandese,331
atterre,46
casare,885
perizia,151
quindici,176
strappato,490
nullaosta,90
radune,92
anticipazione,116
sacralità,361
ciuffo,637
vigilanza,72
santo,177
arroccamento,868
avvantaggiare,287
ferrone,991
cronica,136
iglo,242
serenamente,161
depredare,251
rinnegare,476
supporto,232
brocco,1426
margheritare,349
ronco,413
vivaio,335
verdura,333
ticket,39
populismo,472
modulare,156
gemonio,182
tribunire,186
milionario,88
laicale,154
demolitore,221
sgarbi,74
bottiglietta,439
fotocopiare,156
riepilogare,153
faentine,161
facci,236
distrutte,271
fere,221
indenna,34
niton,281
punibile,423
dirigente,33
vocabolario,366
gravoso,79
analogico,207
lacrima,173
compito,74
station,331
vedrebbero,277
capoluogo,266
raffinatezza,721
giare,502
orbita,55
sfregio,143
alto,28
gagare,986
carpo,176
iniezione,41
briccica,222
seriamente,197
riuscito,111
finte,82
portandolare,161
monografico,618
indo,17
antonella,986
telekom,28
soprattutto,907
angra,75
inno,183
rapire,275
daone,320
sonante,92
harario,226
suocero,355
sintese,400
fii,161
impreparare,400
islamista,488
salgario,413
cantante,766
affleck,886
anniversario,108
tire,7
attergato,211
segare,727
alasi,422
accelerato,216
manifestato,99
maneggiare,48
sterilizzazione,784
brillino,202
centravanto,560
risvegliare,71
piso,232
mirror,316
cullo,585
opera,197
ribaltone,162
irachene,283
crusca,60
sassoli,284
canino,1079
estone,188
desolatamente,411
onnipotente,406
requisire,80
arretratezza,524
imperio,85
corrispondente,76
hurrà,372
lanciarazzo,439
carabiniere,299
gemer,367
diatribe,132
interposta,43
congiunturale,328
estimatore,125
erigere,110
pensionata,126
ideologico,815
papavero,15
leggermente,83
razionale,1111
mole,4
dichiarere,199
gemello,63
porterà,42
ruppe,71
franchisto,246
isolato,189
davido,268
esentare,291
compulsivo,543
rigenerazione,523
imperativo,495
esterare,287
fio,128
vendolare,88
espressione,959
abituato,329
cereale,354
riproducere,679
reinserimento,191
palloncino,1068
impaziente,546
capsula,521
apostrofare,741
terrestro,77
verdino,163
bacchetta,195
tornano,147
avvogliere,802
abbino,80
passaporto,70
real,306
proto,55
clandestinamente,313
formativo,470
amedeo,499
affettare,259
electrolux,195
luciana,650
monire,88
reuchlin,43
malloppo,126
accoppiata,187
certezza,176
atmosferico,248
approfondimente,59
rugge,149
raiare,281
punch,69
soppesare,286
cortocircuito,245
ammazzato,457
etneo,419
ritornano,171
infermità,190
protrae,106
camioncino,553
ice,67
andre,51
instaurazione,328
cowboy,633
andirivieni,365
meno,206
abbracciare,210
destare,239
licia,664
sciitare,360
alagna,349
duplicere,49
raro,406
compenso,173
policlinico,187
maglione,294
silenziare,266
namo,89
avezzano,421
ricompare,228
affannare,605
asprino,589
cantautrice,963
discussione,139
carrozzella,244
impedivare,323
assurdamente,737
nirvana,175
interpretazione,284
ermetico,269
intrinsecamente,1427
finanzo,91
maschilista,578
straordinarietà,268
prudente,110
biologo,199
ripartere,107
diluvio,41
marce,33
orvieto,134
alia,63
arbitraggio,159
epurare,104
rivolso,152
sirtore,249
ecologio,67
stupida,575
strafare,382
lealisto,192
treguere,603
ranocchio,1110
titanico,70
zoppo,21
ora,71
madre,376
lemano,15
comparso,354
fruscio,151
semilibertà,90
indizio,162
graziale,253
fabbricante,357
verga,258
ossezia,174
reeves,575
frustare,306
genere,279
distensivo,87
pink,495
banconota,83
diversificazione,1297
esplicitamente,326
abitavare,556
sfida,24
esitazione,523
squadrismo,558
lucano,400
presenziare,240
agie,175
spasmodico,276
rilascio,45
iraqo,201
immissione,311
prevedare,698
astorico,303
irradiare,16
tendenza,183
pancia,178
seimila,105
risalente,55
lutto,119
grappa,154
pravo,449
sci,235
insicuro,232
dinastia,77
quotare,284
venticinquesimo,194
cogna,135
rivivo,431
veto,96
zeto,469
rattristare,951
samoa,279
girotondo,114
ila,46
amplare,95
invitare,324
immenso,134
balcane,121
invidia,317
smarrire,278
avio,194
tombale,25
artigianato,111
evanescente,1398
promettare,270
use,72
prim,57
contesto,558
alme,10
congruità,421
francamente,637
susi,331
bertoldo,41
water,291
ricalcare,226
concorsuale,412
pensavamo,250
rivendico,48
contrare,306
estate,76
passante,549
distrarre,517
sinagoga,179
trattenimento,240
franale,647
nocciolo,57
invitavare,288
pidere,178
frigorifero,337
magro,20
contribuari,139
diocesi,110
soviet,110
vette,229
seymour,695
arnaldo,1182
dallas,157
scafista,253
marcere,711
pristina,240
dina,78
diliberto,277
esteriore,758
antidoping,64
mitragliatore,533
involontario,279
fernandel,407
appartare,564
vigliacco,719
lievito,61
sapri,229
gitano,385
americana,299
riscoprire,317
cello,418
zappa,395
affidandolo,68
nero,108
pantofola,185
pavarolo,127
librone,559
mase,135
piovano,405
unico,86
etc,5
leggibile,185
aggrovigliare,566
rappresaglia,316
emittente,124
partner,50
microfone,108
tandem,76
amministra,50
tutele,248
aprile,91
insano,203
indefinito,468
qatar,124
possibilità,218
kroes,164
razionalismo,880
ovunque,65
slittino,391
commiato,46
filiere,236
afghanistan,199
illimitato,172
convalidare,239
vannino,226
untore,614
ing,480
ortodottere,236
rea,85
capirosso,416
noioso,371
sconfessare,616
patagonia,363
scettro,48
ricada,76
prelieve,239
galimberto,290
intermedio,187
sentenziare,247
conclusione,75
incassò,137
volumetria,124
pallet,295
dimezzo,20
cdl,244
erta,262
annone,70
kelly,1415
freudiano,731
stonar,342
inviolabile,295
monico,616
lorenzina,220
alan,1204
suspensa,553
scarichare,92
riscoprere,236
racco,39
età,61
dimostrante,524
elbana,17
maturare,72
dominazione,355
sfrenato,447
limito,122
dianare,547
box,144
nient',410
erbacea,320
mettesse,77
ray,251
resia,145
fugo,16
affettuoso,305
pentagere,166
geneso,399
club,202
taorminare,196
etica,199
avvolge,421
roisanre,920
cinematografia,234
armato,465
collante,558
creatore,568
imperversare,672
articolare,649
taciere,350
lamo,46
moderare,166
paolare,937
longare,147
passere,213
prega,182
cosentino,402
inespresso,563
stata,6
nelson,373
fata,176
contrattazione,247
compassionevole,737
riconquista,108
inte,34
graie,71
calve,299
minerale,409
blasfe,375
tesseramento,92
mosaico,158
lentamente,290
rapidità,263
teleschermo,238
polizia,208
videoclip,180
definito,631
nazionalistico,883
boe,79
allenatore,481
cavalleria,203
pandemia,167
malconcio,173
cesena,531
fading,165
amministro,84
gettato,152
saldamente,39
neofascisto,146
pasticcio,153
anomala,97
fecondità,149
faraone,60
orecchia,211
maskhadov,122
gratterio,395
umbre,46
movimentato,49
deperimento,192
liquido,198
bersele,127
rosalba,919
luzzana,249
debora,165
scrigno,393
filt,163
cabaret,351
livingstone,314
barbiere,285
ipocritamente,1103
augusto,207
sapiente,751
egualitario,912
fabiare,295
evasivo,58
galante,767
tony,237
pappa,89
palpabile,325
edilizia,148
accatastare,427
creatura,119
montevideo,278
vieno,91
ignorato,510
fuggire,252
sanatorio,77
scandito,181
rubere,272
scolaresca,141
reciprocamente,183
almanacco,625
istituzionale,230
cappello,484
marcello,1017
tamigi,223
frequentare,183
calvare,408
dive,34
stael,228
cura,59
gonfaloniere,90
ammarare,417
epidemiologo,222
dicasi,7
malanne,115
ibrahimovare,691
fortunio,209
multimiliardario,262
sudoccidentale,713
maledettamente,584
parlamentino,270
cancellato,112
riscrittura,203
archiviato,110
mobilire,37
avocare,166
astenere,89
istat,81
rinnovo,117
ani,12
contenire,168
rude,17
capitalismo,404
vivevare,403
metafisica,901
iniziare,241
stanco,419
architettare,84
comprensivo,277
gonfiare,154
corroborare,435
marcatore,305
estremamente,351
euronext,219
intrappolare,566
neste,125
pisello,947
bundesbank,97
papabile,82
assestamento,136
bancarella,283
fervore,378
pedigree,48
appello,91
oltranza,50
forgere,565
sterminio,149
estorto,291
anpi,102
meeting,62
immolare,445
antiproibizionista,201
studentessa,224
ineluttabile,699
subari,286
turchia,266
controdeduzione,597
clarence,517
solidarismo,708
espressi,136
capitalizzare,353
sottolineare,331
mediocre,451
floc,37
deflagrare,122
sottotetto,619
rosetta,373
intavolare,192
lodo,89
invertito,131
altrove,124
angelici,481
versanto,120
asfittico,283
burundi,468
fondue,76
aloe,46
rissa,97
rayman,50
sen,138
caterinare,887
salatissimo,79
pray,221
furente,808
xiv,38
controfirmare,357
brutalmente,393
accusatore,226
tacito,38
anagrafico,64
odioso,766
bimbo,261
afterhours,311
commovente,929
suissa,239
assist,207
truccho,127
consortire,246
continuamente,328
sorprendentemente,1410
patriarco,307
riequilibrare,310
mutolo,631
paramount,627
buste,38
strettamente,293
liaison,146
commisurare,534
recentissimo,156
notaio,57
preferivo,443
vino,290
riducibile,354
acciacco,507
maiuscolo,75
assumere,91
canale,61
vagare,766
latta,370
martinetto,1521
stanford,286
svanire,364
fabbricare,192
neoclassico,1077
unicio,13
intervallo,180
preliminare,125
chinaglio,151
fardello,154
sollecire,99
rimanevare,314
paterazzo,634
attirare,88
fuggere,459
pretendevare,272
coniugale,86
ritornare,298
incipit,450
mutamento,397
incantato,582
rai,144
scenda,20
inasprimento,412
scientifica,159
fuoriclare,704
antitetico,563
riallineamento,341
arroganza,816
algerino,311
cordiale,103
rodace,289
occhiale,169
giuslavoriste,33
funerale,120
affamato,414
lode,17
nisseno,208
concorrere,57
possente,104
fiskalpakt,142
teleutente,248
propendere,531
degna,72
ammaino,48
diversamente,513
glamour,609
carluccio,606
partecipazione,69
laconico,70
schedatura,146
somala,355
accorpamente,157
discipline,130
sherry,833
prefiggere,149
sfrontare,705
antisindacale,118
convincente,417
sicura,49
mistica,640
nadiare,430
reggiseno,446
caricatore,241
auschwitz,92
montone,942
paga,125
infophoto,40
santa,371
fiction,262
serenità,124
pescare,210
gentiliane,245
cerimonia,133
vallare,535
istitere,63
roco,31
matto,41
infiltrazione,157
arellano,929
turn,132
oltraggio,547
graziano,617
giuseppinare,1265
spera,55
presidentesso,360
modificabile,855
specchiare,660
frida,316
cocomero,754
banditala,110
parallelere,193
lloyds,251
hugo,351
mazzuolo,1209
favere,179
torco,16
restituito,84
transazione,299
lembo,149
avvocare,108
bank,174
proiettato,236
spaventare,753
deposito,98
evacuare,201
bulgare,102
tantissima,206
truffato,168
vestere,406
stereotipo,551
coccolare,1132
avendolare,162
impallinare,560
elsinkivere,122
residue,97
sorteggiare,267
retromarcia,166
golpista,187
guance,629
fisica,133
bravo,489
funestare,552
alpina,202
solennità,32
frequentemente,614
appurare,227
bebè,9
off,83
flebile,123
nicosia,131
reggente,550
felicemente,434
abdure,23
artisticamente,439
producere,274
auro,155
betta,226
fulvio,418
commissaria,62
berlinguer,86
debitamente,116
andreis,630
rovello,179
misera,141
nazifascismo,218
piropo,98
trovassero,392
parato,304
eurostat,149
decisionismo,993
ascolo,775
fustigatore,201
terrificante,1259
aula,89
irritante,695
breznev,125
scrupoloso,151
maiore,172
reintrodurre,187
scioltezza,303
baffone,339
dogo,354
applauso,145
bassura,461
incontra,54
trainer,129
prospettiva,294
agevolato,440
pediatro,152
dancia,1033
perseguitato,490
referente,76
scodato,218
proiettore,80
laudare,292
surrettiziamente,596
confortante,275
pilo,57
suggeritore,149
interfaccia,354
intero,47
belluccio,1304
applauditissimo,614
ricettare,77
movimento,109
sbucare,1327
totalmente,363
sbrigativamente,507
aquilare,167
delocalizzazione,382
ottare,642
revoca,195
sciogliare,52
medeare,496
agnolotto,253
ciel,170
promotrico,127
budapest,113
sottobosco,542
indettare,199
radiotelevisione,134
bolognesi,503
proroga,185
remotare,102
nativo,105
merylre,676
aberrare,67
nespolo,188
decretare,243
ginecologi,161
dissestato,205
camerunese,750
boolo,706
trasporto,139
pacere,129
napoleonico,188
schiamazzo,430
giurisprudenza,115
dimissionaro,186
consentire,668
sconcertante,635
contato,120
puritano,389
giovanardi,104
illuminista,500
xenofoba,193
raccontare,624
viadotto,710
decimo,98
sbarcano,203
antiretrovirale,430
mercante,28
cento,155
otis,25
rituale,260
caporalato,105
sionista,321
ecco,400
leader,69
masnaga,166
piegato,305
inequivocabilmente,345
aerale,22
rimango,179
orino,569
domanda,31
luciare,1630
raggiunere,143
occasionalmente,149
gianrico,123
immerso,375
pesare,146
estetico,905
ineccepibile,306
librar,262
autosufficienza,115
complicità,550
edificazione,306
bersanare,165
ong,37
normalmente,610
mercare,38
assassina,380
camillero,423
infama,93
dimostrazione,403
certificare,87
dipendare,479
monarchia,224
adolescento,284
ovazione,137
meneghino,484
electron,41
tradizione,490
pozzo,151
intromissione,666
celi,69
amando,253
tajano,153
incontrovertibile,869
dipendente,297
estere,138
corrisporre,344
riconquistare,158
ottaviano,895
nata,39
condo,27
smartphone,142
rimarrebbero,380
noir,93
retroattivo,317
marito,445
virale,296
stabilimento,253
votazione,186
denominazione,150
multiplo,16
iraniano,272
sdf,315
corresponsione,899
neanche,462
sottovalire,323
exploit,94
nicoletta,1203
pois,15
temevamo,237
istruttivo,183
ferraio,1084
efficace,304
miniatura,459
boeme,124
imbavagliare,201
decaduto,87
impossibilità,639
colui,67
azzardato,184
liberisto,503
nielsen,41
intercettazione,135
colletta,107
stipula,242
malattia,386
deliberativo,531
corazzata,135
arasso,747
assicurò,53
inamovibile,95
seinfeld,376
digitale,123
radiografia,102
endere,329
solto,59
istinto,445
attenuare,385
atelia,154
rag,36
giuliare,397
dittatoriale,423
caterpillare,148
scavare,404
assaltare,816
rivolgire,331
geco,100
beronico,225
senz,15
magnitudo,41
mancheere,331
arricchiscere,283
fondante,423
confermavare,452
allergia,355
bonello,742
assolutismo,885
accordo,141
allarmistico,362
focus,11
anticlericale,632
parlare,730
sestro,429
fascia,22
salpare,337
segretare,86
skype,231
occorrere,250
rutigliare,394
cappone,427
maghetta,170
piazzare,74
concentrazione,725
provenza,266
evolvere,117
religiosità,645
travolto,118
finalisto,52
birmano,75
deficit,126
rintanare,654
merì,18
ole,138
aloso,259
nazionalsocialismo,878
balcone,168
ammutolire,743
devastare,316
schiantare,524
antropologicamente,1119
bollente,95
schiuma,180
passamontagna,1095
tenerezza,1248
dinamitardo,322
autocorrezionere,262
cogestione,444
quarantena,154
pronostico,157
nascito,105
scodare,206
incarcerato,294
vinti,145
irritazione,585
pizzicare,760
riporto,36
anticapitalismo,412
model,8
colosso,400
azza,265
tappeto,115
satura,103
ratio,45
condannare,218
accusatorio,233
ralingo,227
implicazione,1073
pancrazio,875
iolanda,268
divorziato,152
sorbire,216
can,204
disinvoltamente,1187
pomposo,90
agliano,366
cappio,242
importazione,289
indebolito,386
emanuelo,1196
ripensamento,373
scema,65
grandissimo,194
trafitto,511
teatrante,488
montino,497
cenacolo,637
putiferio,269
titanic,49
sinare,222
virtualità,342
spegno,48
telefonare,91
inning,587
etico,168
riferere,247
ronda,96
ang,577
aggius,236
pierpaolo,545
lega,87
eretico,494
nanismo,267
residente,186
distaccare,81
contraddittore,946
casino,63
disarticolazione,1130
abbraccire,248
nailon,118
cozzo,565
realizzare,108
sabato,219
affaticare,821
scanzonato,1377
noto,159
ostinatamente,679
includere,206
bologno,236
pacificamente,133
partì,223
bullismo,167
autunnale,80
harper,868
disgraziato,834
improbabile,503
sheikh,174
grazioso,609
indumento,347
incursione,178
mucca,278
prosieguo,174
tradurre,115
soffocante,405
movimentare,57
suarez,254
maryland,298
poliboro,103
agretto,384
dibattere,106
stanza,240
professoressa,271
rivolgono,69
reato,312
javier,747
incroco,42
stime,78
tabellone,172
salernitano,544
ventennale,91
madagascar,366
puglio,143
cooperazione,133
trama,405
traduzione,94
finocco,152
somigliare,70
all',5
esito,91
allevatore,158
cavallai,591
salma,100
nazifascista,209
dettero,151
malo,10
tuttavia,427
signoria,281
ghz,3
emanazione,166
lantere,386
evocativo,980
inedire,204
cercasi,31
sopportazione,503
jinping,63
sacrosanto,420
frizzo,834
rividere,160
pedofile,99
nessuna,139
detassare,233
rinunciare,316
potenziale,122
decorare,429
ipotesi,101
scambia,217
transalpino,256
nebbia,120
bob,130
soggezione,720
augurere,266
galizia,56
apparato,211
sancere,39
marconi,619
magna,51
accondiscendente,1357
dimostrativo,94
puntualizzazione,466
canova,636
arrivarono,167
fondamentalisto,617
riformismo,410
analizzare,321
estenuare,58
declassamento,89
rastrellamento,89
fognario,30
maiorca,999
capo,112
empolo,559
confederazione,150
adiconsum,60
bilancino,45
malto,94
satanica,184
newyorchesi,269
stonare,427
quattordicesima,86
falcho,185
magone,1003
bassotto,346
borgata,226
obiettare,756
cambogia,255
parificare,431
eritrea,321
impongere,121
fragola,821
coloro,194
confindustriale,104
estroso,546
melboure,263
funzionaria,120
similitudine,369
retrocettere,327
perca,77
sublime,956
beole,346
velere,251
porro,192
campo,10
indugio,42
convitato,88
showman,315
pubblicizzato,168
nominale,330
lavavetro,75
riferitare,306
appiccare,636
paesistico,177
proporzionato,390
compravendita,85
corrisposto,388
violentemente,652
caraibica,272
collettore,89
rescissione,164
pedofilia,138
corazzare,411
skinhead,135
tarcisio,231
fiom,217
armonia,219
scatto,11
lusinghiero,134
lacuna,79
cardinalizio,144
aerare,406
sporco,190
governabilità,306
stonere,462
sessant',212
calcetto,788
zingaretto,259
django,971
scrivare,626
lavoro,110
colombare,1364
annuale,43
passibile,331
catino,534
superfluo,344
spia,85
delegazione,129
monferrato,274
turcomanno,383
estorsore,367
mater,248
gargare,818
eccitato,1051
stringato,97
gaffo,93
cinepresa,301
assorto,871
approssimativo,334
intimidazione,244
psicoanalitico,411
trionfante,158
impegnato,130
barattolo,463
arrogante,947
ministeriale,123
alala,300
clint,493
amarezza,421
capofitto,152
beffarda,176
affettuosamente,372
chiano,300
laicamente,349
sera,110
giona,46
gliel',217
adriatico,221
fermamente,230
ironiare,678
lamare,43
decisamente,287
soprintendenza,67
ultras,264
verdetto,123
omofonico,121
automobilistico,198
direre,181
intervista,163
ucciso,382
contiguità,344
cupertino,103
guzzante,297
rivolgo,112
precedenza,148
civilmente,342
festa,130
impolitico,888
fiduciario,148
figare,103
mondezza,38
tripla,25
decorazione,325
maestra,101
dispute,63
aldilàre,630
nebbioso,199
percepito,296
spicciolata,717
nouveau,355
travestimento,706
divisivo,423
contrarietà,264
galilea,213
magnum,102
lugare,92
scuro,631
declinante,1002
improrogabile,553
uber,105
canonizzazione,238
cigni,106
cfc,76
anch,39
ombrello,218
maniacale,646
paris,92
bacolo,144
imbarazzanto,816
bacco,602
renare,78
prediletto,843
siringa,427
aggiungare,400
predilezione,1367
naome,255
americo,162
avanza,16
delicatissimo,160
specificità,650
averglio,115
campanare,253
cele,89
cardiocircolatorio,377
sorridento,725
minacciato,193
rettifico,125
bocciare,316
verve,538
marta,346
lasso,19
cera,29
propedeutico,210
collegialità,329
vicesegretario,174
cristallizzare,1316
rilevare,187
fiorentino,665
laziale,324
guerrino,1151
dialogo,101
gibernau,231
eutanasio,96
catarrorre,524
merito,242
blasfemo,259
coinvolgente,319
biage,131
angelino,219
rumoroso,559
importare,342
parlato,275
corrispondere,452
truccato,98
optare,59
crollo,70
collezione,277
webcam,201
boccaccio,810
serpentone,824
casacco,299
testosterone,516
tocquevilla,214
trascuratezza,536
tannae,70
aerodinamico,173
alluvione,131
abdicazione,187
molise,176
bipartitismo,356
curda,248
spadroneggiare,821
mosè,99
converrebbe,387
uscire,71
integrativo,275
educare,79
esuberanza,494
costellare,368
energetico,158
biotto,100
urbinato,179
veicolare,210
maretto,1712
fendere,408
immotivato,483
galtellire,530
chetare,732
vicole,193
lugano,133
esssollecite,191
chirurgo,114
rinunciatario,461
crocifisso,113
tormenta,297
interiore,960
astensione,97
asfissiare,308
suddito,122
mansuè,318
esistente,841
rossi,505
aggredito,274
marmoreo,699
riunificare,50
sfilza,45
richiederebbero,675
fulcro,73
narrare,749
indetta,139
zeffirello,909
assoluto,108
rimuovere,75
andrebbero,239
stavolta,255
occupato,58
inverso,138
genericità,836
barbero,748
ulteriore,255
stuprio,320
impugnazione,435
collegio,73
star,405
ruben,523
chiarezza,350
scuritare,114
cuocere,217
perpetuare,990
accursio,141
deliberatamente,666
crescire,169
monte,38
elogia,72
dorsale,87
reputare,122
ranella,473
investigatore,212
concesso,179
irido,75
confratello,244
intralciare,263
tradotre,168
montenegrino,422
impedì,22
timoroso,843
agere,249
obiettivamente,526
sabine,93
grazi,245
impacchettare,564
marzuolo,1055
cerimoniale,93
destine,37
rendi,85
unicef,31
generalista,173
terzietà,535
egiziare,339
auspicio,147
tolstoj,229
sospettare,518
virulento,329
rutelli,221
superflua,396
accavallare,768
vigilare,141
urna,95
efferato,465
accadano,176
sblocco,168
residuale,310
vigevano,280
cactus,129
perdurare,212
imperniare,441
cancan,17
cognizione,224
criro,78
equivalenza,336
pistolero,395
lavis,431
gattucci,749
fratello,193
interezza,802
pennettere,475
daffare,212
ideologo,394
passa,27
liceale,117
miamo,129
lirica,427
migratorio,183
illudare,181
rogo,130
cacciatore,459
comparabile,605
società,142
strana,247
leonardare,622
oristare,600
crocefisso,103
cook,69
marinaio,353
magnare,117
pompino,215
ottuagenario,413
xii,113
pertanto,293
marrone,666
divinità,582
diletto,256
astio,49
aritmetico,108
straccione,837
chiedere,362
potentato,267
plenaria,119
barca,134
restere,208
rinnovato,183
spieghere,502
diano,61
falsificato,208
parallelismo,614
lamiera,478
incappucciare,789
contengere,358
montecatino,626
emù,114
elfo,618
facile,198
coincido,141
processuale,268
turnazione,355
pasolino,316
macacho,169
rivolge,71
itc,59
lavorerò,40
estromettere,343
guevara,232
psd,10
catanzaro,376
gioconda,425
mccartney,626
scorciatoia,387
arendt,157
bersone,119
felino,440
ricetto,32
sosta,190
aliare,359
vicepresidenza,185
supere,37
festivo,94
torneo,352
commere,144
cristinare,1391
interessante,383
rinviabile,458
luigio,577
tragico,330
shirt,58
freeman,899
celeberrimo,635
serioso,470
finanziaria,160
serse,302
peugeot,120
televisivo,190
cheney,138
tangere,144
gioiello,111
vilipendio,227
schr,230
bado,135
asterio,28
cambieranno,153
knox,64
flottante,148
romenare,285
cascata,191
scandinare,175
agitare,596
censurato,265
pompilio,303
cpp,15
palestre,78
ida,498
quantistico,275
secondogenito,246
muros,102
psicoanalista,292
qatarlo,136
imputazione,308
scarsissimo,510
meritevole,188
pivetto,261
tullo,1142
cucina,255
informativo,166
faccetta,33
segnalamento,225
omissis,109
sapiens,126
frutto,96
corrispondenza,154
imperiale,148
moltitudine,324
aveto,120
jarno,403
convoglio,349
inferno,332
sbalzo,80
pakistan,339
marziano,109
radioso,304
canzonetta,1219
bachino,1059
generare,271
planck,253
conquistato,129
avvio,197
fieri,33
riscottere,53
devastante,354
costrette,162
trasparire,231
grossolano,569
dance,451
farmacisto,37
libia,219
stragare,136
seguere,162
plotone,277
esattamente,149
estraggere,199
vacillare,72
statisticamente,522
robbie,670
plenario,124
vincent,548
prostituto,255
apporre,145
perduto,55
balzo,28
tatticismo,732
trasferta,203
consentirglio,401
ebraismo,331
detrito,696
amide,75
philip,599
cristianare,185
azeglio,43
petrolifero,153
buckingham,209
sbranare,1182
annato,188
scontroso,587
romeno,185
sinatra,1224
torce,128
bea,25
imboscato,465
sdraiare,598
qualsivoglia,828
milanese,158
satem,16
bangkok,141
viabilità,161
incontrastato,319
farsesco,930
ventina,201
director,264
saracinesca,250
sgarro,381
acuii,39
asl,47
annovera,52
insensibilità,958
utilizzare,490
infinito,232
massiccia,73
legislatore,352
ebraico,96
peperone,250
deli,12
puntata,177
nefasta,292
furore,424
spontaneo,28
segno,68
anticamera,164
devastato,240
femmina,145
ispiratore,237
plusvalore,120
telespettatorio,140
ritto,76
americanismo,247
notizia,99
crespio,1044
sparo,324
rosa,178
geldof,319
siculo,555
desumere,273
extremis,42
versailles,309
convertito,56
dissipazione,232
boss,243
esclusività,472
visibile,198
volante,116
detentore,42
sottomettere,817
toga,38
concausa,415
accompagno,74
congegnare,270
pdco,329
mobile,45
iridato,523
mascella,864
sfrattare,114
lan,645
mass,14
assalitore,815
franare,276
colf,26
porcella,169
inerente,527
maleodorante,624
taggio,67
bighero,48
travagliato,53
astratto,990
myanmar,198
matematica,257
ingiustificare,722
orientamento,320
estraneità,435
pompeo,83
arriso,626
sottotitolo,600
bambina,214
tradire,568
opere,50
zina,234
khodorkovsky,64
ricostituire,92
primatista,169
tarantello,482
indurre,642
immigrare,182
almè,135
sudare,693
astruso,32
arianna,450
freezer,161
reggare,82
zurigo,190
considerevolo,890
inalberare,241
petizione,98
possiedono,169
mandi,315
schedale,73
operato,170
gerusalemma,140
paladino,111
speculatore,183
arrugginito,606
pervicacia,532
alido,551
bernarda,454
apprezza,204
raccattare,665
sottobraccio,796
istintivamente,783
venerdì,132
insuccesso,245
problemino,117
altrimenti,371
scaturire,220
disinteressato,1040
totalitario,662
oregon,187
moio,115
schioppare,93
avre,191
out,124
domare,306
torturato,496
enele,206
misurata,150
smisurato,411
intercity,126
chieve,633
generatore,296
scrivevare,440
core,33
boccalino,168
logore,330
maggiora,71
femminile,34
variazione,250
cortometraggio,495
unare,55
intromettere,675
anarchia,425
rimini,393
call,79
ripensare,254
guccio,199
impennato,207
stanzone,354
baia,98
passeggero,202
consolazione,71
sostere,151
stalinista,309
papero,151
fiacco,18
quintetto,781
epilogo,121
barbone,565
naufragare,137
riappare,571
generalizzato,658
christia,460
jolly,50
campeggia,349
tonfo,79
tappo,271
feudo,60
fiaccolata,199
beneficiato,290
note,108
ballotta,100
hollywoodiana,346
patrimonio,79
disastro,148
tommy,841
tenacia,108
ideologicamente,1005
furibondo,269
cortina,41
sconforto,341
sento,384
particolare,359
sopprime,81
colmere,103
kentucky,432
manteno,112
larry,594
convinto,343
manuele,336
giacchetto,840
innervosire,410
steinmeier,178
paghare,167
imare,552
serranda,42
salema,116
cibare,76
rapinatore,532
siria,358
arcore,122
ivo,13
covo,57
bonsai,236
secondo,103
adsl,21
angelopoulos,778
cerchare,141
binomio,73
triennale,92
gendarmeria,322
british,73
dieci,165
addossare,267
torro,59
alitiare,121
lenzuolo,439
jan,139
franca,397
governatorato,95
satira,331
infortunato,276
scoppio,123
comi,58
economista,109
arricchimento,126
spazzatura,191
piangono,226
chilogrammo,166
noncuranza,765
sviluppere,155
georges,644
cedolare,243
costellino,157
sosterre,281
closet,719
beffardo,579
brigida,255
minare,211
cornetta,519
giochetto,307
provvisoriamente,97
accorciare,93
appoggare,219
statua,309
porsca,66
minere,21
abbandone,313
baracca,679
giocato,403
particolarmente,210
cupola,93
spallare,502
boot,438
fiorano,139
irriverente,1398
birignai,176
usai,322
strato,212
aumentare,424
pco,125
futano,436
tremagli,215
parcheggiare,653
fierare,120
baratto,294
cristiano,166
imperialista,521
afghanistanre,166
decorativo,295
distruttore,146
naturalmente,1199
caro,132
convenienza,478
consiliario,81
rispuntare,329
garantisto,252
tennis,401
estremista,551
sisma,96
mummia,179
parlo,164
ventennio,321
pacare,263
chitarra,530
allgemeine,268
tenace,136
filosofico,602
pilotato,76
osvaldo,440
informato,187
tombino,413
siniscalcere,122
ballano,1384
lodigiano,251
rivalsa,103
eterno,98
autrico,371
maometto,98
figino,65
assomigli,126
libano,264
eccidio,226
orsùe,139
glorificare,588
favara,699
curry,447
quercia,222
ottocentesco,872
salvavito,327
declinare,316
abolì,12
fondo,105
assediato,225
patinato,615
obolo,51
novellino,385
clonato,80
imperterrito,392
credibilità,80
follare,645
quadrante,262
djokovic,254
musicho,771
risolti,109
omologato,117
idem,28
grappolo,231
spalancato,519
mapello,202
autobomba,379
benito,142
tristezza,327
ciascuno,66
mcd,138
immigrata,158
cardinal,145
salame,116
satine,119
canada,311
tario,108
neanderthal,140
winston,720
altario,114
grant,339
consulta,179
lustro,82
scope,72
infermiere,224
inquieta,268
baricentro,188
agguato,331
camper,195
gonfio,244
fez,8
vivacità,346
banano,68
ammettare,624
muzio,616
promuovare,314
ischia,56
attrezzo,182
etiopico,473
sospinte,232
lorenzin,143
demaniale,148
eminenza,25
nonsenso,548
ramala,263
benevola,42
cinquantenno,128
dama,79
avvenuto,115
acrobazia,93
accenna,52
californiare,477
apnea,131
acer,131
outsider,105
esse,118
trasversale,193
dibattimento,165
alienare,110
perentore,167
incrinare,315
scarlatto,159
bevono,608
gaulle,72
settantina,249
reincarnazione,396
scompiglio,474
magistratura,134
risanerare,635
legare,101
pardio,201
apri,45
entusiasma,241
orleans,154
preannunciato,237
stitichezza,79
andare,386
bigo,223
simpatia,286
flagellare,296
chiudare,84
olivier,389
incarico,126
prolusione,119
patente,37
brandire,392
drammatizzazione,592
equiparare,102
scricchiolare,662
atterraggio,348
tassativo,384
miles,996
penalizza,94
dovre,154
angeletto,175
afroamericano,210
follia,530
difensivo,58
sappiare,605
confagricola,157
outsourcing,294
pontificare,179
ello,135
dilettante,220
inaudita,227
conglomerato,357
qualitativo,558
lego,18
edgar,545
temporaneo,129
podi,230
accampare,385
predominante,802
monopolistico,376
costituiscare,670
rolling,711
fiammeggiante,1472
premurare,390
marinaro,1001
individuale,216
persona,102
cada,12
ring,319
ranno,133
anestetico,408
negativamente,397
vittoriare,473
erasmus,24
terrazzo,820
anestetizzare,436
popolarità,73
inguaiare,285
albino,455
folgore,283
rivoltare,415
liceità,462
cacciata,183
pugilato,426
saladino,210
sanguinare,261
gravitare,138
neppure,426
liscia,87
atletico,399
cronaco,161
tendare,159
muovere,133
volvo,391
roma,63
longevo,29
incontenibile,306
donzello,429
toyoto,182
bulletto,646
passera,187
procacciare,288
giacca,359
soprassedere,658
macchietta,318
escore,164
indipendenza,87
bombare,126
fluidità,294
caparbietà,335
reggere,254
tornere,241
elvira,524
haasre,324
oppresso,407
scambio,11
smetta,189
gruppo,64
guarnello,201
suddetto,193
line,238
embrionale,228
issopo,424
piuma,437
pregiudizio,287
jeff,727
edilio,36
rifiutare,260
declinazione,1452
venatorio,193
sgorgare,564
ottantamila,79
abolitare,126
disattento,276
originario,26
mutilato,60
momento,162
clima,39
basterebbero,203
acquisire,112
fulminare,334
palau,63
scarse,129
accorare,511
tronto,532
pretoria,111
attività,106
nordeuropeo,156
scialuppa,222
colombine,151
contrazione,605
cerco,15
cronico,170
temporeggiare,233
orsino,485
accadimento,871
commissionare,106
pavese,320
incisività,433
castano,867
infinitamente,650
azzannare,1048
nigeria,166
responsabilmente,323
assomigliano,592
segregare,302
laicismo,566
centriro,181
abbasso,44
carugato,150
indagò,225
saggezza,196
addenso,198
insultante,631
sbarro,40
placa,126
accente,791
salire,139
incontrario,372
rigettare,239
capeggiare,157
tangenziale,147
coese,33
controtendenza,181
offa,21
tratta,88
plasma,167
falciare,526
maoista,263
teorico,404
georgiano,167
frecciata,207
goldfinger,1415
loris,138
condere,552
armo,6
basto,69
occorso,35
pupi,258
edicola,73
correlare,511
felicità,198
muscolo,138
prosit,33
psicologico,179
hoc,16
costo,386
lou,451
signorile,268
consumare,150
enrique,413
lewis,288
vilma,273
insider,35
molino,1004
renault,218
petrosa,391
assicuro,82
stivale,460
ingrandire,263
alamene,252
legge,320
florido,100
storiello,339
cospicue,323
tulliano,647
urina,197
niccolare,532
aeroplano,201
trecento,157
sommo,109
kyoto,37
geologico,235
nota,58
riesplodere,210
condirettore,251
cestista,477
nutrizionale,499
carfagna,81
astuto,275
commensale,249
dissacrante,1274
senzatetto,528
allucinato,1044
manomettere,318
paio,179
calabria,222
carnevale,537
recriminazione,582
nedda,653
funesto,171
sostitere,129
liliano,1077
burare,154
consapevole,578
alcatel,212
confortevole,182
orsola,350
detrazione,451
smithre,552
interferenza,279
commerciante,161
casalduno,195
favolo,544
children,53
peggioramento,340
sacramento,239
perseverare,545
astronomico,80
orgoglioso,194
marginalità,733
sene,12
ragionare,521
babbo,37
bidello,50
gioiellie,19
collaudatore,226
postulato,586
succedare,173
franklin,294
venivo,158
scriteriato,306
straniero,106
insieme,90
caravaggio,956
proposta,193
diffamatorio,453
recidere,271
ospitante,104
analogamente,594
circondariale,309
landa,88
guglielminetto,845
fortino,103
geniale,928
suire,396
pertino,103
innamorato,850
nicoloso,355
intonaco,198
gesuita,148
oculato,65
minoranza,59
disincentivo,691
eolia,35
intimidatore,226
gagge,949
palo,218
agio,189
supervisore,80
infamante,538
stringire,120
nigerio,284
veneziano,549
magico,163
panello,492
decente,130
comandante,197
aiola,605
alegre,63
raccolto,61
solido,139
riabilitativo,188
disfare,369
emigrato,150
ottanta,166
pire,254
notare,418
saliere,46
saigon,187
anaciclico,744
cofanetto,594
perseguere,393
comprendare,743
hostess,93
adunar,106
nesso,206
alaco,495
sommersa,212
sistine,256
ponderato,451
nemico,236
muovendoso,90
faccione,622
berlinese,313
germoglio,257
cubatura,350
disneyland,258
aone,237
rampollo,402
deprimere,458
bacerà,689
simone,265
imparare,217
eclettico,966
finale,159
colazione,187
ospita,58
nbc,124
forio,762
prontamente,212
allegorico,688
galeazzo,1411
playstation,259
riscatto,21
viziare,218
polpetta,256
cartacea,212
menso,121
prepotentemente,856
hacker,98
confidare,414
provvisorio,24
atena,45
consensuale,151
vibovalentia,347
lit,58
designer,288
danielare,862
barile,76
puntuale,141
bine,40
didascalia,825
prasso,317
botteghino,41
trionfalistico,768
marini,305
gotico,568
problematica,529
preferivare,747
costò,78
fondello,420
molotov,170
interruzione,144
didaco,73
ispra,53
contraltare,509
sommessamente,220
sovrapposizione,788
joyce,435
indago,505
giornato,67
elargito,171
emozione,555
arca,165
cecchino,455
squisito,351
identifico,118
fautore,244
diretto,15
victor,251
ambrosini,401
indebitare,319
sarroch,527
merck,121
paullo,66
figlia,311
cito,14
rievocazione,807
gerarchico,269
incanto,464
interregionale,215
amica,231
divagazione,1145
sirena,38
comprare,301
modernizzazione,626
square,152
ovare,82
ascensore,374
camorrista,315
bard,466
gallery,498
equivalento,347
corano,65
rivisitazione,452
ferrante,695
coordinamento,183
cerignola,1274
paura,350
altrettante,164
madamare,100
matt,350
antistante,524
ritegno,1092
abitacolo,570
sacrificare,229
comunica,62
stravolgimento,557
rombare,468
pianura,250
replicano,50
autostrade,167
rubricare,178
tortare,425
sabaudo,111
novità,26
jazzista,782
notarile,76
procedurale,562
brooklyn,396
sbarramente,79
preterintenzionale,252
positivamente,128
incagliare,430
triplere,272
emiliare,670
spostamento,233
biografico,460
fiscalista,152
apparo,123
concludare,205
dissuadere,375
napoletano,52
charlton,917
intrattenimento,265
donadone,664
touco,46
safario,145
sfortunare,353
osano,444
guidio,325
ancoraggio,678
oppone,101
rosanna,1152
speck,389
albero,458
introdotto,321
dittico,484
frank,460
birre,262
montaggio,78
settimo,148
testa,448
divino,119
dileguare,827
triturare,737
accorgersene,721
aniello,1968
obbligazionisto,260
espianto,140
internauto,102
microscopico,278
soldare,313
riservare,89
intestazione,145
festeggiamente,229
stiglitz,53
svaria,98
levatura,502
watson,308
pinuccia,780
bussero,244
vetto,140
jack,115
luccicante,807
vincolo,194
manodopera,143
dev,318
armeno,98
epurazione,142
parziale,117
calce,89
carriola,279
selene,115
demente,251
applaudere,283
demone,559
flamino,147
mutilazione,260
comprimo,111
indeterminatezza,636
decretazione,509
cessazione,210
wolfgang,135
luccicare,900
confluire,69
castrista,325
roll,337
cortesia,154
asta,27
ibrido,205
desolare,342
lente,36
rimasre,93
girato,403
yak,218
ghezzo,662
libertà,77
raggiunsero,84
impresa,290
aristocrazia,554
messaggio,83
antifascismo,323
strozzo,86
anticipare,338
agitai,230
benguo,403
tatuare,600
baccano,375
loggia,30
semplicistico,1494
stento,175
federcalcio,132
titolato,23
casalbore,326
lutero,335
magia,207
costretti,66
divore,343
gaeta,68
biga,116
innato,665
nike,70
modificato,267
press,211
flegreo,419
volare,229
chieso,206
serbo,122
cenzo,114
samuele,338
idra,43
siepe,370
contumacia,222
watts,296
reciprocità,235
reliquia,379
ruggine,216
elettorato,228
omogeneità,768
rubene,345
bravasi,416
colpevolezza,384
deficitario,313
recupero,82
avvalso,91
innocenzo,266
telefilm,391
bariletto,711
sepolre,197
rettorato,93
modestamente,571
circostante,699
evidente,1028
spunto,153
apripista,66
cava,262
ghibellino,472
conto,49
cent,24
pigna,387
riesci,299
esterrefatto,733
virare,426
ricomincare,142
giordano,203
necessariamente,1407
immensare,516
lunino,173
falco,109
mirano,692
congelato,124
intenzionalmente,686
imperdonabile,521
mutua,21
sicilia,141
integrare,339
recuperabile,266
illusorio,785
orgiare,231
illegale,184
chiudere,54
ascesa,33
acerra,127
capodanre,68
pussy,79
chirurgia,171
nazionalizzazione,889
gianpaolo,366
lungo,106
rollare,334
perdano,169
trincee,249
brodo,77
teulada,101
busano,161
bene,42
calvo,347
desta,103
attuazione,368
giochere,321
gallina,361
intare,152
elastico,489
golosità,16
reggenza,173
impedire,377
montante,17
grand,115
eme,62
telegraph,193
atteggiamente,744
perticone,146
nascoste,407
facebook,123
manager,140
associazione,79
miele,181
caotico,251
marialina,427
anormale,372
rivendicare,98
velocissimo,472
salo,177
espletamento,557
accantonare,490
fondatila,205
sfidare,136
radioattività,321
esiguo,129
polidoro,761
gag,37
scontrano,282
semmai,1088
pesaro,210
disteso,285
becco,161
effettuazione,659
astener,48
adulto,275
hillary,264
scippare,236
ente,134
poetessa,644
grumo,71
focalizzare,258
barracello,394
xxx,186
tricarico,270
matrice,302
fidano,145
bersanio,142
antieroe,191
carniare,184
tassato,314
raccapricciante,864
fatale,154
punk,311
contento,598
allungamento,429
emergenza,102
affinità,467
fotovoltaico,156
rosina,1150
peccato,234
modificazione,773
precauzionale,147
incriminato,275
favoritismo,94
cautelario,261
maggioritaria,348
rimasto,59
autobiografia,440
arbitrare,134
rivisitare,354
stangata,159
aggiustare,193
begardo,1213
cagliaritano,581
sommergibile,464
esulre,364
macchiare,606
domicilio,83
bile,20
immortalità,652
chieto,238
avvoltoio,508
imitare,575
caloroso,170
assicurazione,270
inquinare,152
spostato,135
tesoriere,47
perverso,853
generosamente,421
riordino,331
salvo,23
colluttazione,562
incassato,259
pietro,195
bridgestone,245
armani,93
asce,27
scalpo,254
stimolare,307
angloamericano,195
fulminante,363
gaza,175
impareggiabile,706
ladri,128
human,152
capirebbe,586
decantato,285
medicai,211
alare,466
scarsità,201
sgangherare,616
abbagliare,457
metare,98
dubire,357
riscossione,544
emergente,37
stamano,188
reduce,44
schieramento,315
discapito,327
freschezza,498
ohe,554
laurare,401
simboleggiare,232
garbo,112
cresta,241
odor,3
ber,35
fontana,704
casciare,1457
rotella,56
ginestra,190
rabbonì,491
stalingrado,103
cluster,21
prescriggere,149
modernità,761
carestia,257
marcone,499
transigere,438
stoffa,629
dacia,102
ozi,115
nubifragio,235
schwarzenegger,137
aberra,47
discarico,179
tecnologare,265
breve,79
descrivere,369
disegno,74
nazisto,254
istante,538
frankenstein,529
andatura,222
reagan,133
condor,238
finanziario,206
canterino,1019
corpo,151
risparmiare,229
battevare,384
unitarietà,285
sun,561
latifondo,171
raggiante,288
permeabile,368
aprirebbe,166
attrazione,178
zen,149
stipare,456
beatrice,519
dipartimente,40
gherardo,626
man,404
melodico,878
vargas,129
misurare,170
quaglia,143
originariamente,257
ritrattazione,91
urbano,19
governativo,150
andrò,157
ampliamento,257
erodiano,207
pellegrinaggio,179
davanzale,41
stampante,184
lolo,80
piovere,197
direttivo,187
vulgata,417
nature,186
scrovegne,128
senna,262
nord,138
monarchico,285
sabir,463
autoironia,1192
squalificato,547
gonars,268
governamene,77
incasso,215
settore,165
zavorra,145
cuccia,120
peggio,301
condolere,215
sopravanzare,299
inquinato,267
mantengere,94
crociata,97
sfiancare,537
giovan,1399
gravemente,57
mandore,842
egoistico,1003
paperino,1222
alonte,230
tippie,435
scosso,114
riminio,166
tancrede,855
sempre,646
sfiduciato,116
salvezza,49
geometria,251
condure,107
teolo,215
eolino,1113
riaccendere,155
gratuitamente,155
radio,69
river,238
soprannaturale,1011
bagnole,417
arrestato,421
valgare,304
doping,73
tessitura,111
lituano,57
lito,54
nine,25
cucchiaio,368
indagare,315
capienza,75
joseph,96
esaminare,228
cuore,79
corte,128
legalizzato,214
dissidio,61
ripetizione,376
stendere,782
inetto,97
pdl,215
lady,573
garantivare,650
sottratta,267
coltello,281
alee,419
opposto,134
incautamente,740
geologo,105
dennis,465
armonioso,239
codardo,586
youtube,104
caseario,210
genoano,477
fiasco,33
trovarmo,396
congedare,105
comunale,202
frammentario,266
fondamentalista,601
municipiare,601
mostrere,162
espello,50
fattaccio,409
betulla,32
semplicissimo,754
bompresso,117
compilazione,237
porcela,42
bordo,379
quell,111
golpisto,164
vivevano,414
accorpare,73
quao,151
cassina,166
torpè,263
neivo,472
porcia,143
filtro,39
toscare,74
alame,49
inali,12
turco,41
fegatello,612
svantaggio,113
sopraggiungere,344
consigliabile,406
sassolo,177
gordonare,701
giovanile,19
fogh,142
abisso,356
rossello,601
start,127
rema,108
corsica,355
chiglia,818
reps,151
rapinare,262
salone,118
raddoppiato,130
cachet,79
preludio,101
macellazione,64
infilzare,491
porta,72
riccardo,242
sacco,718
pongere,274
corriero,168
resetto,397
uilm,207
wolfowitz,107
osservare,225
animare,165
inventivo,717
eliso,782
gaber,295
ferretto,1203
gordiano,26
inimitabile,1123
battesimo,105
ordì,116
profume,544
intrusione,185
inastase,156
contrariamente,898
democristiano,313
disoccupato,136
totale,53
stuzzicare,1227
aveve,130
bugiardo,493
albergatore,201
intuibile,263
file,114
schifezza,597
legittimamente,740
piè,7
gang,65
cibernetico,220
razziare,239
ritirata,69
prossimità,186
assordanto,222
macchione,918
rivisto,63
offrare,93
pozzuolo,690
eroso,7
utri,110
buonismo,613
sveller,316
collettivamente,532
splendore,459
vorrare,55
esa,15
miserevole,266
raspo,16
traiare,129
arredamento,442
circa,210
indignato,285
trentennale,118
chaplin,641
centesimo,126
bolo,148
autocarro,434
squadra,423
sagrato,455
iver,35
arlecchino,776
damocle,15
pianificare,135
versato,172
secolario,553
dirette,39
figaro,154
afghanistano,211
milano,227
essai,46
vinte,114
abilità,354
assistere,32
sebbene,637
indebire,171
reagisce,124
stiare,160
previsione,199
subordinazione,1039
univoco,475
angolazione,370
fiandre,232
eccitazione,1411
scoraggiare,494
disparità,373
riagganciare,208
basilico,594
outlook,81
banalità,541
succo,158
leinì,455
insultano,685
cartier,68
argine,57
shake,548
palazzotto,278
prospettere,421
enormemente,166
dandogli,52
recrudescenza,340
discredire,584
mazzuola,840
catarrosa,220
terriero,157
europeista,225
gogò,5
affidatario,101
vigliaccheria,963
requisitoria,186
ritagliare,356
pulpito,216
rilassare,165
personale,40
blasto,69
viviano,416
emblematico,362
crotone,362
meli,303
amo,111
geodere,297
affiliato,195
dotato,97
disabilità,239
pamela,42
sottendere,848
scampare,428
causale,141
sico,718
foggia,319
mortuario,97
erroneo,203
rigo,58
precisare,313
confusione,569
dissociare,455
avatar,176
cordare,170
tablet,190
orfare,129
concepito,287
morris,357
evire,176
csm,105
sosterremo,164
quid,91
flotta,179
burocratico,191
internet,193
talare,57
incarcerare,273
vivaldo,1143
graduale,218
susseguere,170
morre,585
bordolesi,83
condone,137
inversione,310
bernanke,88
sconcerto,487
barga,82
anfratto,285
werther,253
mestiere,279
sorvegliare,116
fiuto,219
decollare,104
impero,198
incanalare,806
ruby,73
coglione,122
stro,46
scave,148
lapsus,37
omertoso,257
rielaborare,490
lauregno,572
see,2
reunion,496
noleggiare,125
riprovazione,379
panciotto,952
perde,61
lastrico,174
chiosco,622
riferimento,392
stilisto,294
gibson,524
riemergere,513
affronto,77
rimarcare,257
climatico,92
matthew,942
computare,458
dossier,39
sostennero,160
sopprimere,242
spigoloso,517
egida,42
garbala,288
affettivo,545
leggere,263
curno,1038
recesso,120
ripristino,316
compatriote,238
contese,70
formio,69
litigio,103
turrito,79
essi,65
poor,48
divario,163
letterina,58
morivo,418
giovano,902
metal,40
lozza,538
insorto,461
pregiato,167
generalizzazione,806
marianne,847
comico,304
caduto,168
rider,171
intimidire,270
ashley,670
valenza,143
fratturare,162
ecocompatibile,327
volo,115
newsletter,207
brandi,275
aiolo,988
popolare,12
nutrimento,325
accagliai,660
orfanotrofio,260
anteporre,675
maliziosamente,1121
apparso,156
smettare,599
nous,36
acrobata,457
pecora,67
frenata,204
texas,131
spendina,111
demolizione,142
statunitense,241
miracolosamente,561
sanzionare,302
lcd,42
stipe,43
compendio,199
tamburino,665
valeria,390
disfunzione,391
imbarazzante,728
irragionevole,777
fiuggio,75
invalso,119
amelio,68
visita,72
inascoltare,151
composizione,211
entrambe,30
dissuasione,392
forsennato,325
messicano,202
dentro,256
contempli,310
eolica,169
bandana,591
sorgenza,107
ramassa,125
maltempo,196
autoriforma,529
cattaneo,149
gdf,54
rage,128
cristallo,300
ricettazione,372
disparare,254
ddeutsca,121
quadrimestre,215
rimino,187
affossare,211
euforico,272
laureo,99
assemblare,173
berillo,857
pomello,222
desio,82
lorenare,728
erto,77
benita,450
onicoso,57
zari,159
valzer,53
luandare,475
moria,174
ripercorre,126
parlante,789
trentamila,93
quadriennio,40
ostaggio,163
cecità,593
soltanto,1071
oscillo,19
significhare,252
professionalità,268
cartere,294
massone,312
golia,88
inestimabile,136
patteggiare,263
saetta,117
los,40
fotter,699
infrastrutturale,252
eva,206
volontaria,127
sommità,149
intrattiene,142
antartico,246
inflitti,157
pierluigio,196
predisposta,229
guarda,52
violoncellista,1125
trentuno,200
calunnia,197
capogiro,251
rotte,66
omaggio,158
battente,38
fucilare,583
boole,818
delinquenza,373
allusione,1163
sabra,182
rocca,316
tagal,278
partenza,73
centinaio,219
collabora,54
insanguinato,478
ostativo,474
ritornello,604
piccone,430
messaggine,89
distinto,220
salino,353
marame,799
committenza,65
campale,27
ligabue,435
dimissionario,246
ventotto,120
ricordare,436
gruzzolo,72
impiego,221
monia,179
grando,75
ammazzare,600
rechere,92
altoatesino,367
doble,209
vigilato,113
prevedere,624
interinale,219
europarlamento,117
falegname,157
bignola,382
cosetta,508
masque,486
parare,956
juventino,637
christine,358
novanta,96
fieristico,181
espiare,158
unificare,187
dichiarato,300
immusi,224
fuso,8
miscuglio,1093
guada,45
marzocco,1163
novo,28
tristemente,344
franceschiniano,299
bilanciato,257
posseggono,107
appartenere,305
reclamo,80
dimentico,718
streaming,131
accorgare,671
salvifico,245
estinzione,134
indro,15
gongolare,743
abbonato,56
ratee,129
prefettura,206
fratellino,381
manoscritto,407
prevenzione,168
sondaggio,95
slittamento,334
baule,36
osama,193
accedere,161
cristianità,397
distanza,39
covano,89
votante,105
contraddittorio,997
sconveniente,626
detonatore,366
week,47
asserragliato,871
supplenza,45
aranza,263
requisito,281
cromito,132
giungevare,358
precarietà,182
collano,431
ciononostante,586
agguare,325
milite,234
prorogo,156
tore,75
dependance,18
aalà,4
controllato,182
contestualità,384
snobismo,1132
tredicenne,416
piombo,55
ilenia,135
spumeggiante,1010
edere,508
villaggio,498
console,32
surrogato,234
cadere,295
ribellano,332
oliva,201
pierare,1308
baby,21
canon,100
mister,136
difensiva,54
spot,158
irraggiungibile,174
sorpreso,301
immodificabile,1040
caverna,433
colorazione,592
rinvigorire,165
scommetto,30
scansare,390
gioielli,37
comunicare,197
rivale,125
palco,213
rafforzare,360
pagato,162
bramma,17
robo,282
belga,212
aci,123
inefficace,573
inaudire,386
etero,122
intimidatorio,240
scuderia,80
mar,197
ingiusto,238
eudoro,436
piroetta,428
sottoscritto,112
tacciire,494
alimentira,43
iolandare,541
ave,587
anticipo,142
rilecco,488
achillo,194
vaticano,140
sveglio,242
satirico,179
caustico,652
puma,184
egemone,215
scarto,84
comodino,1013
emiro,119
trascinatore,1062
sulmona,164
pirato,108
cambiamento,217
rimarre,82
keith,586
intenzione,277
bibita,404
quattordici,144
difficilissimo,345
prospettato,458
sessista,93
lealtà,39
ambra,16
lobo,65
limitativo,846
artù,62
polivalente,207
residence,263
sgobbo,575
inutile,363
salda,20
chef,30
spareggio,527
epica,411
controversia,93
impietoso,91
scotch,422
dettagliato,271
ascella,521
salvador,102
corista,178
propenso,340
neolaureato,142
barbuto,652
cagliamone,1807
alzo,33
pontificio,207
trascina,432
indole,96
autenticamente,547
cristian,263
spazzacamino,85
attento,255
ortodossia,245
sparato,381
creato,83
antoniare,715
mussare,178
giusi,724
obi,48
cracovia,186
accelero,115
descrittivo,927
inorridire,579
altura,268
vetro,102
bolgia,411
ossuto,242
tant',202
indetto,141
ciampino,195
stalliere,232
astronauta,79
affievolire,413
import,83
joe,1048
adorato,593
bombar,820
eolo,105
colma,8
tardi,64
ostruzionistico,427
cerchio,23
assente,98
palesare,682
emozionato,627
castro,357
eroge,38
tenta,41
spudorare,1195
artificiero,395
svobodo,69
marro,641
destinataria,64
hampshire,202
ingresso,30
officine,192
telma,212
francescano,274
air,83
cisterno,322
sinora,114
fianco,105
illustro,168
sottufficiale,335
saldare,76
accanì,91
oracolo,170
shanghao,69
bradipo,114
referendare,97
trieste,143
binario,133
governato,46
modello,166
francoforta,57
luglio,105
sconsiderato,528
interconfederale,144
evangelizzazione,370
facilitare,239
tabulato,130
lapidario,287
qatare,131
alzheimer,170
rno,18
exilles,860
roberto,279
vollo,216
balivo,402
rosario,257
wireless,263
nutrire,143
kubrick,854
point,73
chetichella,69
pervenere,392
mansione,72
omologa,7
raduno,119
indicato,182
acilo,307
macabro,198
betti,467
tatuaggio,604
smamma,198
mediaset,119
interminabile,242
ricordiamolo,112
semifinale,524
oscenità,609
evasione,148
amor,25
ripreso,38
nemica,126
rachela,624
massicce,124
commilitone,538
brecht,335
brand,29
respintare,129
combustione,390
provvisionale,219
dimagrire,49
giuridicamente,801
pentone,524
forge,161
indefinire,777
dambel,201
combattare,177
inciampare,538
stati,14
suez,70
carovita,107
papa,226
insomma,1398
istituto,82
cementare,246
durre,33
monitorato,127
pittoresco,1236
cna,74
prof,79
stile,289
proteina,359
macchina,147
confusionale,469
riflettore,50
chierre,64
proprietario,110
sproporzionato,502
servito,29
capilistare,232
mella,516
stimo,50
filippo,433
rincara,35
aie,15
mantello,176
invertire,176
gigantismo,439
ghiotta,119
meteorite,272
sciorinare,439
tassista,98
azionariato,324
condizionano,874
valigia,138
sorprendente,1051
dialettale,370
quattromila,128
sex,72
targare,32
sembrare,992
indescrivibile,556
criminoso,358
manetta,511
approvvigionamento,559
domestico,63
yaml,157
iniquità,284
scovare,297
ilor,67
agognato,64
accada,159
biscoggere,41
avanspettacolo,1244
sondare,92
decibel,337
rinominare,227
godi,118
femministe,45
vegasre,268
hezbollah,356
ecatombe,157
promesse,19
duce,149
frano,91
riunire,161
enigmo,64
troppo,238
inesistente,381
preconizzazione,672
sicare,429
sacrificato,86
ovvi,310
subordina,276
collasso,262
irrompono,399
dine,425
emme,78
regolatore,375
simonino,1067
sventola,373
qualcosa,379
plauso,106
cricca,113
deu,11
sassolino,209
scioccare,412
classificatore,143
taddeo,1005
morare,373
fiaccolare,222
inquietudine,464
scatarro,371
issea,52
digestione,190
dio,232
rizzare,283
un',0
edulcorato,627
altalenante,227
arosio,132
dodicesimo,97
limpido,189
clavo,753
furbetto,136
vitaliare,682
effervescenza,385
rosso,121
socialdemocrazia,263
zulu,65
ragusa,288
tempestività,301
premio,44
uau,32
equivocare,774
comparazione,578
architetto,200
prateria,79
automobile,221
green,78
decreto,200
allora,483
dismisura,164
tires,90
immagazzinare,402
tralasciare,350
labbro,377
cittadella,181
boschetto,1243
atlante,85
fugare,74
trattienere,191
organizzatrice,130
flai,204
rinato,108
collodi,209
separate,102
stagliare,638
turbare,310
congiuntamente,207
prodotto,356
vocalità,279
occupi,51
dolcè,45
realmente,419
michelin,91
valutere,208
conoscevamo,494
balbo,44
straordinario,10
emanare,115
profeta,153
pontiero,37
leggerezza,1039
condizionamento,797
tossicità,368
consesso,64
discriminanti,659
vingere,415
tomba,192
parrocchiale,153
disinformazione,527
blocca,96
crismo,325
maddalena,33
cadente,794
polverone,323
massimale,349
sconfinamento,377
aritzo,545
parma,494
tipo,215
ubicazione,132
forre,162
ancorché,390
libretto,215
proferire,383
piazzamento,194
contemporaneità,1032
invariato,217
giullare,1092
fiamma,192
ritorcere,776
business,145
improprio,609
ingegneristico,420
squassare,467
recessione,232
appropriazione,266
straziato,844
dissidente,125
junior,49
denzel,920
presidio,167
lula,78
delio,199
potestà,199
riformulazione,643
tramutare,392
cantala,232
equo,49
malapena,113
aggregare,101
orientato,350
numeroso,137
severino,129
disorientato,574
inattività,527
vedrebbe,127
innescare,199
formicone,169
oso,50
propositivo,891
esclusivo,90
buffa,95
bretagna,89
tenere,61
esimo,60
sapero,294
doriana,520
fontanella,681
postar,293
neelie,123
capello,515
ragazzina,517
eteo,5
ispettorato,83
sdegnato,644
ahimè,61
massacro,319
torgnon,251
bore,25
antiabortista,168
approda,54
infusione,354
accertare,226
crociato,65
dicevare,694
affrettato,792
contributore,221
scomparire,159
antiuomo,84
dimensionamento,1119
contraddicire,869
conservatore,362
foglia,306
soros,197
autunno,73
cardiaco,232
risicare,97
analogia,276
maggiorato,452
dappertutto,335
sopra,61
venezuelare,127
pernotto,455
trasversalmente,610
frammentazione,1057
soddisfatto,167
siglare,84
funzionario,184
swank,520
imbroglione,259
adagi,591
nairobi,257
sanitario,130
ryan,482
marinare,648
bastere,128
trattenuto,134
navigazione,97
classificato,79
ravvicinato,66
democristiare,190
ollo,137
tambure,110
multimediale,392
allianz,168
comunitario,184
attilio,369
micro,67
pappato,245
saldatore,34
saltuario,80
collaborazione,79
fedina,80
pervicacemente,570
cercato,42
scrittare,930
pochino,90
suno,281
mezzo,58
progetto,115
trucidare,565
impropriamente,614
introducere,291
fratellanza,161
rifugiato,134
discografia,113
carto,111
ablyazov,127
possibile,485
frequentavare,320
retribuito,185
prevalgare,616
concussione,296
iper,49
demenziale,344
alterare,327
unificamela,40
insito,469
criminalità,210
alberai,1053
granitico,159
rincorso,167
strehler,992
protesta,183
ventitré,143
misurano,343
sparata,163
soprintendento,62
inesistento,875
velleità,213
disco,320
volle,150
lustrino,271
miragli,69
indignazione,451
caldei,159
nerissimo,370
tarantare,504
coalizione,153
scrutinio,67
virgoletto,124
sorgare,104
cuoco,108
bice,62
aborto,128
agus,559
teresa,1035
immano,272
centrico,174
gabrio,101
emergenziale,522
cole,134
pallottolo,334
sprecato,232
giansalvo,1036
istore,204
emigrare,132
polemizzo,250
sovrintendere,51
chiaroscuro,1079
riavviare,182
serpeggiare,447
apparere,378
decalcato,568
appendice,239
mossavo,151
inconfutabile,1065
assistito,137
maramao,956
van,42
mire,33
domaso,139
trimestrale,263
cardino,186
camion,380
contromanifestazione,207
rimpolpare,203
fetta,26
onde,41
invecchiare,478
risollevare,175
aggiudicare,131
indubbiamente,549
sottostare,662
ottantina,141
operande,12
incostituzionalità,334
dakar,254
rimborre,159
angusta,56
spogliare,600
prescelto,52
sonorità,685
contardo,931
salomone,365
concertane,358
radicato,568
prc,322
tributario,103
acerre,44
tagliato,108
palino,454
qualora,419
proiettare,169
sovranità,74
meandro,27
apatico,305
ismaele,103
cartolina,284
orchestrale,412
riparatore,78
inatteso,303
dilapidare,212
convincare,638
nuda,291
conoscente,607
vasca,473
aire,52
abele,156
apatia,123
decimale,112
progettista,102
vigila,50
keplero,255
grossman,286
sino,29
incide,30
designazione,193
destrutturazione,776
severamente,497
improvvisazione,917
frastuono,573
circostanziare,506
ipotizzato,179
mattanza,251
valloriare,186
oore,119
anticresi,85
villagare,174
dissero,442
wehrmacht,137
shetland,157
silvana,332
riconoscenza,438
cappa,37
parlar,480
massima,36
lombardo,275
auguro,103
spiccano,144
impegnatire,117
comparativo,453
gangle,110
colombo,182
oscuramento,477
disordinare,563
viziato,350
meda,47
umoristico,1123
disordine,177
lancio,66
discount,197
navale,113
equivalere,205
proceno,139
brando,440
sciente,256
interrompare,241
pallonetto,997
monza,123
profondità,159
maccartismo,631
fiume,124
imbastire,316
funambolo,1066
pernacchia,617
commessare,125
assise,95
sudamericana,168
soccorre,191
bonaparte,52
enciclica,152
alfiero,239
fatidico,43
sfogliare,348
suffrago,26
delazione,407
camerino,970
aziendale,257
ideatore,96
bureau,192
cittadino,52
bloccano,119
rousseau,86
ceppalone,679
sarta,252
svalutazione,293
allevare,273
ubriacare,525
rifondare,48
idv,155
toglare,80
esercitazione,147
acquatico,325
eia,87
scorrimento,522
stadium,376
affarista,408
nascer,322
rehn,114
barricata,148
discredito,437
avvertivare,535
retribuzione,432
rota,16
alar,463
immobilizzare,48
lendere,171
preconfezionato,170
gerrere,213
sofferenza,182
officino,162
bolscevico,165
matassa,29
gioiellino,224
morire,397
fissi,36
bottiglia,487
georgia,151
ferver,478
scalo,161
consonanza,859
cher,275
sale,61
cri,12
pupilla,212
surreale,667
sociologa,177
vare,305
weinstein,918
aruba,175
tereso,866
inferiore,274
risposta,54
poesia,782
disidratazione,526
viaggiare,269
sessanta,196
lampedusa,162
medium,129
slancio,175
armatore,265
marea,102
riottoso,56
impreparazione,833
olandese,191
volgere,239
brenna,525
molisano,827
avverto,353
nascondevare,466
monetizzare,299
dico,257
ragazza,345
avverso,234
autodistruttiva,800
sfacelo,101
tosto,304
ma',78
stridere,578
matera,255
sincera,54
prius,15
cnel,224
sembianza,266
pomelli,117
forzisto,317
deluso,157
bosso,263
commemorazione,175
colosseo,81
strevare,1019
pano,55
torbido,242
gerico,219
parlavo,225
faccendiere,389
lavo,38
squadernare,146
introduttivo,132
cannabinolo,484
imposto,333
yorker,351
vivissimo,301
inflessibile,342
nevicato,188
orine,187
esperienza,115
dinamica,111
divertimento,699
giovanardo,126
entere,175
sprovvisto,177
dissonanza,518
bagnato,496
susanna,189
apparecchiare,825
controspionaggio,217
innocuo,215
parlamentarismo,603
giornata,101
comunemente,270
avvalorare,279
tecnico,87
capitalisto,239
design,149
vagante,77
talkie,689
bersaglio,137
matematicamente,284
ogni,70
schmidt,303
comacino,105
vago,213
psa,182
cartuccia,398
affermato,114
wrestling,731
manchere,350
soddisfa,88
crinale,134
ottenere,116
liquidità,69
sabatinare,1213
sabba,112
accomodante,327
corridoio,98
bevi,121
franchismo,180
sembrerebbero,399
audace,217
letargo,117
certosino,61
rarefatto,794
discarica,149
condono,143
ammodernare,283
necessitano,362
parlamentare,147
sacrario,213
lenzuola,213
bangladesh,298
egizio,62
psicofisico,135
agonizzante,657
diminuzione,397
studiare,102
afroamericare,297
malincuore,518
nicoletto,1129
robin,197
orologio,12
adam,621
guadagnato,149
giustiziato,388
supportare,327
mattutino,119
ballare,1279
bisco,18
lano,711
arella,705
vapore,227
carente,195
sarchia,62
bagaglio,63
perlopiù,85
moccolo,723
hogwarts,50
europa,50
carota,33
montanario,1967
omano,80
osseo,62
berlusconire,356
commissione,152
cocente,132
passionale,521
gallino,371
baseball,278
mergo,5
nostalgico,257
disinteresse,792
erico,447
osservatorio,101
credibile,203
ristagnare,177
venete,129
dock,203
arabio,324
immobilità,80
canone,63
contestano,128
fattispecie,294
mediatrice,62
golden,161
torreggiaco,240
interparlamentare,258
palma,97
ribattezzare,307
milosevic,54
ipotizza,81
coincidere,348
soddisfazione,229
discrezionale,690
episcopale,125
ingestibile,545
miliziano,640
annaliso,1447
frantume,342
paralizzare,245
ossessivamente,648
incurabile,512
inox,27
presagire,222
bmw,209
venire,413
ineludibile,410
svoltoso,57
agorà,38
minorenne,266
pompu,101
pitt,494
mannaia,58
transatlantico,19
dilazione,515
psichiatria,175
decedere,309
forzoso,132
armala,227
empitocelo,223
svolgevare,88
coltro,55
rianimazione,196
vorere,138
prefabbricato,425
perdere,153
proclamato,53
medito,80
assoldare,479
placare,271
ripulsa,308
cavillo,95
mentito,16
ghiotto,100
democratica,116
bobby,564
banchino,311
uniscanore,168
partita,266
robe,18
spargere,217
nessi,11
giacomo,1048
statutario,349
unito,35
sami,334
profuso,89
goliardico,1156
sdrammatizzare,586
firmatario,73
berkeley,387
vecchietto,96
usher,33
crociare,78
uffice,45
byron,25
provocarere,400
ferroviere,112
allontanamento,409
insidia,185
totalitarismo,852
machete,456
chiedio,13
sodale,182
fauna,103
ritrovamento,251
mortificante,1152
catai,82
inviano,84
sperequazione,1046
sfore,54
splendere,701
dissesta,197
irrilevanto,391
anelito,254
teocrazia,355
autistico,278
alcidere,392
incorporare,240
ombelicale,146
vicolo,31
intuire,342
rifinanziare,93
anca,25
vittimo,200
malcostume,574
tinello,474
resistono,213
brillantemente,159
strattonare,1608
alice,322
giugno,117
rassegnare,470
attrezzatura,381
legionare,61
impresentabile,428
anteprime,326
teresio,616
semaforo,29
depotenziare,654
montedinove,341
montanaro,946
funger,248
tecnocrazia,546
decorrenza,238
orrido,541
mascherato,242
agazio,174
ammonire,177
scoppiare,170
babysitter,84
recupera,48
feto,255
antonianare,350
dimissionare,225
scibile,469
lince,43
immaturo,27
giosuè,924
personalità,168
pazzesco,154
arvier,67
bernini,340
incantare,1303
regressione,1115
martinello,1479
gabrielo,642
tenuta,33
elegia,156
ammacco,454
involucro,347
regione,145
antisismico,34
radicalismo,817
censire,57
pittore,618
rigenerare,172
lirico,209
lanetta,296
ottimo,148
agonizzare,503
illustratore,570
circolante,120
litvinenko,100
apprensione,172
spedizione,64
scontare,145
rode,21
intermediazione,369
ampezzo,267
rimpianto,210
opposre,136
inadatto,230
hayden,423
endemia,49
divergere,284
radicamento,569
laces,441
seguare,297
decadenza,135
airola,251
tentano,111
scandivare,443
scherzoso,493
mario,265
parallelo,76
vestito,776
angusto,141
riescare,259
tavolo,65
sorridere,801
taglia,31
pomodoro,108
tradizionalisto,577
fotografare,111
storiografico,557
cromatico,601
disperare,560
liquame,411
eccitare,1008
dovresta,398
minor,101
manovrina,157
incipiente,813
frac,285
poro,31
alfredere,285
sponsorizzazione,214
scatola,143
rivera,599
mascherina,395
pedina,64
anonimato,52
benpensante,853
tuareg,227
sciamano,809
regno,31
antiquario,451
sadale,428
albarello,1109
museo,181
purgatorio,142
matere,122
nerazzurra,515
oscene,375
strappo,127
pcr,10
affollare,180
silenzi,223
serbatoio,268
compleanno,132
rosaria,802
lapin,96
inattese,388
costituente,108
danneggiamento,246
ematico,300
ricovero,215
freddezza,315
ordinanza,122
parente,311
super,13
barclays,344
palasport,396
pericoloso,274
maremma,414
comodamente,550
reggimento,211
rutilante,360
edmondo,99
word,286
commossa,176
irrealtà,761
gema,76
oligarchico,456
angelico,537
malasanità,173
baud,83
dinamico,443
incassi,146
approssimazione,865
locere,167
driver,216
confesso,179
spazzare,288
rimore,114
doloso,133
made,59
editare,97
aditolo,178
artois,712
passerella,732
brunetta,122
tino,117
fortissimamente,177
schiudere,139
prodigo,174
fungere,345
asimmetrico,537
miniare,470
utero,363
bernardo,343
ruperto,57
tiro,129
conda,57
signore,321
ndrangheta,153
divorzo,55
food,189
allarmo,66
remunerare,192
discendono,808
acrare,77
bompietro,154
contrapposta,514
centomila,97
archetipo,1033
canarino,684
flamenco,602
pericolosa,396
fascino,769
cost,100
amman,250
ocse,53
ragazzo,249
castiglione,837
mene,22
espressionismo,1350
mantovo,351
incomprensione,960
temù,47
pongare,169
schoenberg,437
labbra,423
gennaro,294
edipo,46
orgogliosamente,339
dovrei,239
paragonare,393
mode,21
ributtare,569
bilancia,36
satellitare,206
hsbc,376
iter,143
dare,189
degnare,466
arnia,47
ritmico,403
lettucci,132
avvicinamento,342
insignificante,1028
indenne,35
consiliare,136
litigiosità,416
cbs,202
segretezza,83
alasso,1050
indiano,121
horn,333
razionalmente,638
sparsa,128
pollame,99
caposaldo,170
spalmare,227
boare,37
mancone,247
espulsione,107
mera,5
aderire,113
lungotevere,642
partitura,767
europeisto,287
lettere,419
email,82
verbalmente,297
taumaturgico,655
verro,611
avila,483
eccezionale,162
titubanza,563
imitatore,672
matteo,140
goto,50
vigna,106
antine,41
sovvertire,442
adattare,294
baluardo,138
lucrare,241
cibale,522
incapace,492
esiziale,862
ala,149
apprezzabile,705
maggioritaro,339
equivalente,202
picchiato,472
tornasole,19
attendire,382
inciucio,314
arioso,981
erogato,213
montale,165
assogliere,303
tedesco,153
reddituale,820
lesmo,26
portatrico,651
panorama,34
nordamericano,231
solamente,434
arnoldo,527
acclamazione,100
convergenza,251
consigliera,132
amatoriale,140
comminare,204
pore,204
catalare,97
inquisizione,293
alloggiare,376
paranoico,994
socialmente,315
inconcludente,694
enzo,231
navetta,408
insegnamento,233
elevatissimo,541
rastrellare,58
mitico,607
combattevare,396
sturzo,101
graffiare,1067
avvire,566
indugi,59
nazionalizzare,404
costantina,707
birmania,121
differimento,516
invenduto,285
studentesco,97
concertato,95
impropria,567
indugiare,1070
espresso,86
saleme,470
tap,15
rene,77
falsificazione,274
gigantografia,609
gestire,152
antitrustre,93
memento,290
lesso,303
settantenne,490
amichevole,151
trascritto,343
pendente,69
sommare,477
inutilità,587
serrato,59
resta,69
anitare,146
unisono,32
abitazione,185
paternopolo,100
gestazione,100
bosch,37
detrattore,46
esaminere,217
olivo,246
marijuana,136
fanatico,780
destinazione,153
iscrizione,44
esistessero,625
sacerdoto,223
asparagina,743
meridionale,190
libertino,185
esondare,36
stranamente,1066
capitolo,37
tace,126
identificare,236
traggere,201
irrisolto,119
chicagore,602
eccezion,58
prezzo,155
sociologico,504
spionistico,262
bufalino,566
protesi,280
edo,32
bada,43
termolo,386
bonus,225
allegro,287
attribuire,176
inefficienza,368
sorellino,853
agibilità,63
quando,348
rassicurante,365
indicibile,824
quaderno,195
attraccare,344
definibile,835
tempestoso,268
lore,366
docere,161
artegna,99
rovesce,199
zaino,221
strumentale,453
reagito,385
vorre,306
garzo,136
cipresso,350
falerio,231
viareggino,426
bucare,721
defiscalizzazione,834
sunnita,358
uniscere,136
scendere,133
restringere,307
storo,107
agrodolce,275
marchingegno,188
moncare,113
festante,260
cavalcavia,711
bruttura,56
eticamente,542
propone,123
formalmente,354
emarginato,154
abbacino,156
dpef,196
general,248
teatro,204
pennino,236
ildo,134
area,34
mostro,128
allertare,211
cage,1032
ritrarre,408
inattendere,448
tenutoso,161
lungaggine,95
inferiorità,546
sconsiderare,720
orbitare,219
sbalzare,486
tritacare,289
italianità,70
chinato,276
discendere,565
beto,24
laion,656
insaputo,61
portare,348
sospiro,51
sferzante,295
valgere,56
salita,115
osio,560
specifico,714
interverere,87
sintesi,296
sembrere,210
predetto,276
delay,191
costituzionalmente,546
acciaierio,146
istruito,69
nomina,157
altrui,270
ragazzino,521
inia,22
dimorare,259
escursione,410
disperante,420
festeggiano,155
paravente,384
mettare,80
cina,132
belinda,193
rimpatro,110
psicoanalisi,289
esasperata,468
woods,113
fillea,186
goetha,184
ricatto,93
demagogo,696
cielare,204
rispettivo,129
gemelle,65
remote,195
assola,43
micron,149
sbandato,136
mortificare,624
scassare,574
valley,220
maschere,399
successo,201
ingrandimento,70
lavatrice,449
natia,114
acclarare,302
reid,134
paganino,691
citigroup,272
impopolarità,160
araco,157
beckham,419
telefono,107
melchiorre,679
coloratissimo,980
lievitare,336
suite,242
presentato,252
russell,748
annuncare,204
sovvenzione,262
ola,24
emidio,542
inconfondibile,981
logoro,145
equivoco,245
arrestare,422
medico,216
rerum,104
finanzino,214
totem,7
raramente,714
simmetrico,503
ricoprere,49
ciuccio,476
agghiacciante,402
riguardo,568
cerchere,172
somma,270
lapo,20
cemento,424
demo,7
dottrinale,340
sfiducia,72
iii,9
addis,286
dissonante,960
rassegna,461
affresco,579
convertire,81
invare,86
claudiare,1135
logo,64
assunzione,217
rivoluzione,73
dignitosamente,340
asservire,645
inflitte,188
silenzioso,76
relegare,203
politeama,653
carrè,1022
paria,37
italiani,22
bertinotto,203
giuramento,93
irreale,409
bonaventura,1001
forestiero,81
faeto,674
invi,76
vitae,20
rampante,170
evitato,95
parabrezza,761
campare,226
condividare,368
ignoranza,1014
boy,143
romani,117
minimalista,979
affabile,860
eso,28
lodi,93
trainante,197
abdicare,156
vergandolo,477
rivergaro,181
spaccaturo,186
monito,116
cante,655
sadismo,743
bronzo,195
caspio,145
alcun,222
peter,492
planetario,106
dicevo,346
vegare,171
compire,66
sconre,17
vigore,80
deregulation,163
sam,824
interlocutore,162
curatore,360
pensino,57
ambulante,236
polifunzionale,357
nicoe,152
possibilmente,510
primaverile,170
staffetta,64
astare,215
gladi,63
formato,311
gravidanza,247
defilare,434
riaprare,101
deontologico,401
amone,371
siviglia,807
eventuale,279
edicolo,99
slovacchia,128
calvario,107
apparentamento,729
marcel,650
masseria,526
abel,282
lagnasco,117
oasis,142
integrale,56
ostacolare,259
ricusazione,356
congratulazione,260
viceré,126
gonfiabile,668
evada,40
insostituibile,207
complessivo,284
vacillo,4
bassezza,518
disattesi,111
dindin,52
animale,345
arre,128
batta,174
impositivo,608
tentavare,409
banjul,184
prendersela,709
trucchetto,372
fantasma,101
gay,83
vari,88
turato,257
ammenda,99
velluto,775
nokia,200
mormone,97
vediamo,96
barare,416
arrovellare,501
mangia,338
ricomponere,191
rispolvera,186
coazione,1359
posare,696
penn,1029
pendere,62
modestissimo,477
irregolarità,120
cimitero,244
smontare,158
blackout,33
bandiera,121
argomentato,713
istallare,267
sequestratore,238
ciclabile,160
litigare,493
informare,204
intervento,85
riappropriazione,340
bersagliere,358
governano,169
ricordae,235
scrivente,223
rese,8
manga,310
maggiorenne,232
rettifica,161
terze,3
cristina,564
agna,18
pernottare,334
appoggiare,257
asolano,332
volevare,880
assessore,318
rumo,36
paco,225
redistribuire,293
concessione,171
idioto,562
grottere,325
salvatare,107
siciliana,361
opinabile,441
avaria,192
bancare,293
relazionare,413
vampiro,343
assegnato,107
soddì,56
coltre,227
borneo,101
ines,38
berre,357
restrittivo,269
denegano,312
riqualificazione,306
afi,81
lisciare,838
mandolino,263
cadbury,460
collinas,767
assolto,173
luson,380
egoismo,524
serafino,646
scrivania,151
londra,132
spiantato,136
love,594
propulsivo,156
gregario,218
isole,61
avventura,156
reno,67
baldaccio,214
spione,50
laudario,800
eurodeputare,109
conservazione,364
combinare,118
incontrollare,293
determinere,626
uefa,205
alaso,578
ciancio,124
quaranta,169
spendibile,108
smarano,291
fattezza,363
coesione,273
dresano,136
tarantola,509
approde,65
corolla,94
casine,239
smuovere,655
spoglio,33
zuppa,725
senso,486
teseo,694
trascrizione,337
gerarca,252
accezione,1033
jerevan,170
impalcatura,250
lucas,108
basta,109
regolamentato,587
tornare,312
andesire,266
intolleranza,592
aeronautica,151
globalizzazione,383
casablanca,341
spiazza,428
entrare,71
accrescere,297
eroismo,258
balestrino,755
tutore,56
finito,132
asinello,616
duecento,133
pianolo,115
sinistrare,268
cnn,130
paladina,65
quindicina,249
baccio,445
schizzare,334
aradeo,159
borsellino,114
incrinatura,642
adwords,235
piacenza,453
sequela,172
assetto,137
ostruire,109
clausola,299
calmierare,312
sin,98
alife,232
anelante,304
disabili,107
accattonaggio,514
filiera,207
arricchito,48
ventunesimo,82
esotico,532
sfaldare,241
malformazione,488
pungente,544
infausta,322
ripianare,187
indipendentisto,207
ipocrisia,719
neonazista,144
subbuglio,139
finanziarizzazione,746
tocchere,94
ventunenne,718
magnifico,980
automobilismo,58
reiterato,393
umore,172
stratagemma,245
prediligere,781
abatino,1193
dissapore,505
rompicapo,27
centromeridionale,257
carezza,1144
summit,66
mentare,462
oli,12
nostrano,430
benzinao,97
instaurare,59
percento,128
succede,70
rovinoso,431
epos,40
autovettura,216
difetto,164
karakiri,486
filiano,527
vassallo,184
contingente,132
mdi,76
bionda,483
alienazione,569
attendevare,195
partecipò,81
prezioso,52
america,189
impaurire,1111
manchare,137
richarlison,1146
gaudio,51
arpo,40
mercato,146
emozionale,646
impuntare,636
ammonì,92
amento,174
astuzia,308
compaesano,1057
oscillazione,314
cioccare,172
inclinare,365
stucchevole,531
centauro,153
trent,203
infiltrato,246
clegg,174
indifesa,351
lare,25
localizzazione,581
monsare,52
splendido,613
titubante,690
centocinquanta,148
convivere,143
riassume,163
centrale,30
ian,577
chris,454
lottizzato,73
pollaio,42
baro,107
cavia,228
sollecitazione,411
narcotrafficante,261
desiderano,175
realizzo,36
cerreto,407
recluso,187
sete,14
aguzzare,216
certo,1809
merkel,209
incompatibile,409
ossatura,126
metti,91
riformistare,344
downing,113
socratico,170
consulente,197
diramazione,55
maggiormente,335
sporgere,302
imbrodoli,177
puntavare,117
barbiero,880
versace,350
presentatore,387
detta,51
accreditare,69
analista,65
voarr,63
identificabile,666
elimino,32
antefatto,668
daccare,72
validare,171
cesia,28
derubricare,295
riterre,300
suppletiva,72
manio,113
homo,31
interprete,208
misero,74
strada,82
sceneggiata,175
potrare,65
rubare,349
orlo,82
falcinelli,418
uzzo,1180
tizianare,1480
prevista,289
adepto,130
voragine,111
rocchella,117
cavallerizza,266
american,462
adalberto,804
scopritore,475
talebane,362
retrocessione,281
superere,161
produca,124
umiltà,54
riduce,219
arrampico,114
urgere,93
strategicamente,500
dissertazione,269
tesa,17
accettare,403
cifra,121
appesantire,292
rana,529
innamorare,554
unica,228
pulitala,127
manre,237
dodicenne,430
vivace,109
riconferma,133
radicare,475
rossore,272
splendente,934
nudisti,112
stressante,431
tendente,134
morante,628
gradinata,138
gogna,330
database,271
caffè,281
necropoli,66
moltiplicatore,294
yehoshua,98
carbona,71
burlare,578
vuotare,506
metastase,223
staso,124
irrisogliere,368
morsa,86
semivuoto,152
afo,31
mocci,81
micee,183
giovinezza,583
nevicata,152
graham,527
fartare,314
siegfried,855
tavola,41
defibrillatore,202
nicolare,1428
bico,48
dubai,100
medire,282
punibilità,568
visone,864
vedersela,178
avanti,67
perplessità,202
strano,707
leggetere,437
francare,972
identificazione,224
slovacco,159
suono,568
inclusione,556
pallonaio,578
carrù,341
sugo,224
separio,58
melandri,158
documentazione,350
esplorare,118
raccogliere,80
podere,363
spariscono,87
pregresso,503
lampedusano,188
aronare,743
eterogeneo,330
paro,11
rimosso,352
pietà,290
apecchio,579
subere,290
minimizza,98
arri,126
palla,305
riparo,93
montalbano,112
cadde,86
buvette,236
miglioramento,292
tappezzare,718
fibrillazione,268
menzogna,525
fittizio,184
varato,189
esistenziale,951
ara,72
geografia,90
martina,289
focale,54
giacomino,1679
arellare,808
riabilitazione,137
retta,41
sedicenno,406
blogspot,138
crociere,131
depistaggio,290
intere,180
estensore,126
agguerrire,192
soddisfattare,236
amsterdam,39
insinuazione,616
laurea,102
voltafaccia,484
banditalo,106
avanzare,142
ricredere,476
lasciare,310
pensionabile,155
cagate,142
emulare,267
tarquinio,363
rovescere,222
evangelista,853
paternalismo,619
oratorio,349
componentistica,262
meravigliare,890
prevenere,138
favorito,256
ringo,335
sviluppano,430
spiegazione,289
deutsco,267
doues,285
travolgere,272
nit,149
energicamente,303
soppresso,140
molesto,150
die,369
stil,879
asserine,304
rial,1
scontro,159
anonymous,118
domenica,142
capanne,484
dirce,115
insediamento,53
california,257
riconsiderazione,1020
grillo,106
deplorevole,625
alfano,201
spaesato,741
sensibilmente,279
limitata,396
rodata,145
assemblamene,163
andrei,251
deprimente,699
kosovo,88
progettualità,866
morboso,441
samare,466
beone,535
impuro,88
strare,713
producevare,305
sinonimo,281
ricostruere,47
movimentazione,393
veterano,117
ponere,146
ammirato,382
istantaneo,104
lorenza,409
pervadere,1213
ercole,381
encomiabile,307
donnas,43
jeans,118
incombente,215
triesto,197
snervante,119
ovadia,91
pienza,9
agonia,146
turnar,160
scesi,84
cedro,51
tredicesimo,69
inter,614
insopportabile,597
inveire,321
rappresentazione,1376
canoa,320
oltreché,111
ingenuo,299
fune,108
albore,251
madama,30
ignorare,806
canovaccio,391
consistente,324
cablale,271
insensato,1183
unitariamente,258
sponsorizzare,144
degenza,164
miliardo,282
gordona,483
medere,402
riprocesso,179
abbozzo,270
demolire,98
inventore,667
disuso,138
secolare,617
arato,502
favole,780
aneddoto,632
inutilizzato,528
ripresentare,265
schiavismo,434
antibiotico,524
colpevolizzare,948
interscambio,114
catullo,991
abbarbicare,333
sindiare,98
rincarare,55
scorporo,226
tsunamo,132
scuolabus,138
interrogatorio,187
granché,379
ansare,80
rivitalizzare,480
gorilla,258
frequente,214
talpa,93
patteggiamento,348
superare,74
cermes,18
cofinanziamento,430
tirreno,156
sacerdote,245
senile,256
salvagente,74
sapere,783
pollice,110
contenuti,276
inflazione,220
safena,98
dumping,85
carsico,271
mondovisione,468
urtare,225
dragone,84
monaldo,374
solitudine,484
assungere,178
germana,315
ritenevare,315
badalone,452
stanziato,143
pepsi,117
centrare,50
enfasi,131
fucina,69
confae,151
motivazione,258
perpetrare,413
snodo,73
cumulare,282
carretto,536
oneroso,255
sortito,356
vario,121
ivano,513
dibattimentale,117
chiacchierare,726
istriano,26
onorificenza,70
orfano,92
bidente,76
botte,206
costiera,316
datato,58
logica,403
protestanto,335
champions,446
festeggiamento,174
contare,286
comparato,223
affo,20
decadente,477
laicista,433
oltretutto,529
strega,111
zenone,575
dimesso,290
eliminazione,129
naviglio,98
sbotto,545
genetico,372
arciere,382
esister,768
sover,46
professionale,198
nadir,266
violato,123
adere,79
demarcazione,95
compreso,151
spassoso,1454
condare,322
storico,104
genovare,319
sette,131
toscano,358
berzo,204
specializzazione,688
controindicazione,1150
riverberare,520
agnello,38
anticlericalismo,880
friso,175
musa,83
guez,212
suadente,1207
anzio,290
donate,305
totalità,58
oria,76
libertario,531
kate,645
gaffes,217
fazio,78
magnano,738
sedia,339
seveso,47
macinare,290
trasmesso,140
amartya,173
rozzezza,1074
roseola,192
acceso,62
sfrangio,425
yves,547
spingere,383
tolosa,90
ognuna,36
tere,43
monca,16
mezza,46
sorpresa,124
arder,523
debbono,26
artefice,18
pienezza,214
esplicito,373
massimo,12
match,487
alghero,269
avance,120
recapitato,194
obitorio,466
trolley,353
krill,154
goldman,237
ferreo,105
folco,177
statuetta,314
acta,21
istintivo,746
lattosio,129
fida,30
letterale,954
vaio,615
fedele,61
elettroshock,121
frenetico,181
arabo,259
gotto,104
danza,242
scoppolo,114
cinghia,63
squillo,77
manipolazione,382
blackberry,442
conversazione,129
pilare,130
ultimamente,696
cementificazione,404
terminazione,366
intreccio,235
linda,139
intravedono,318
taggia,65
gilio,112
passata,153
stagionalità,243
incompetenza,383
buonumore,603
abitualmente,320
martirio,318
placido,201
fuga,185
meritatamente,60
indisponibile,161
nor,62
riprodurre,495
sassata,194
distare,98
ginocchio,102
terrà,189
interista,658
estorsione,361
ammissibile,495
antonello,637
fissa,46
mortara,308
sconosciuto,456
lingotto,111
rientrere,113
time,59
compensazione,786
mirandare,1172
largo,15
derivazione,731
irrequieto,1187
intonazione,502
casso,99
restauratore,366
cornello,572
law,698
straripare,375
bypassare,168
acciuffare,962
branca,29
brianzolo,181
citata,52
marmo,566
accaduto,145
civata,85
nervosismo,368
accanito,299
proiezione,108
marciapiede,739
rieletto,107
persuadere,573
affetto,143
francescanio,503
inopportuno,580
maschile,66
esortare,229
abdusso,62
obbligo,254
sabinare,576
fascio,131
equilibro,109
iconografico,670
parleere,434
selciato,938
animonare,234
inclusa,23
portico,507
menta,265
guizzo,693
trapasso,474
trasparenti,177
passeggiata,237
asile,107
guardiano,111
sopravvalutare,238
superamento,515
financo,130
incarnare,338
attesissimo,214
fantascienza,744
amatacela,108
amplificazione,656
sensibile,216
fini,100
risicato,177
irresponsabile,731
andrea,582
incoraggiante,277
vigile,100
scalzo,330
dimenticanza,1130
valls,79
vecchietta,207
celerità,260
pennetta,541
bravissimo,685
militarmente,356
fascinoso,1795
bignardo,623
sessualità,493
mancia,39
diarrea,447
entravare,298
incombere,192
cerchiato,414
comandi,140
becere,247
tivolo,611
brusca,33
punizione,170
sinergico,191
ebrea,209
obama,174
manifestamente,278
psicanalisi,701
limitare,623
cerchia,35
mucco,51
abbastanza,382
perugia,287
arroccare,232
standard,28
apolitico,757
dimostrato,218
sollevare,117
tramonto,175
livio,265
kermesse,211
lottatore,209
trionfo,48
bastassero,524
campane,341
formia,276
patrimoniale,248
toccare,193
escludore,377
bondeno,55
ancor,157
risalita,94
aleppo,445
bnle,49
distintamente,545
combaciare,582
esultanza,339
taxi,80
vercello,600
dick,186
crimea,39
ibis,35
fornire,179
negoziazione,279
sceso,76
arcegare,79
tabucco,809
presuppongere,1135
ostia,394
incastro,274
biomedico,201
malawo,438
strofa,399
apng,56
rigetto,147
ubbidire,158
perequazione,1082
tiepido,85
portoghese,209
spolvero,336
razionalizzare,1179
bibliografia,343
balsamo,276
salman,449
ambiare,373
discusso,61
struggente,1382
staminale,230
imbattere,207
torrazzo,896
disobbedire,111
puntere,77
scissionista,201
confrontare,226
indicatore,367
esagerazione,1045
contestavare,341
nient,79
pugnale,214
nocivo,221
entusiasmo,203
euro,209
riservatezza,245
eroico,251
provveditore,211
prenota,21
abbassato,48
chat,222
pulsare,354
stremato,249
copernicano,127
pellico,250
stanotto,450
successivo,204
costare,59
arredare,398
capivare,1058
inserito,258
ferragosto,85
foce,226
brevettare,333
parvenza,295
controllabile,180
flop,48
maglietta,407
bernia,168
catastrofe,154
aspirazione,564
creare,143
rebus,36
imam,271
cannes,241
autobombe,410
provvidenza,93
ballottaggo,144
ripiegare,245
respiro,92
isola,133
pergolese,58
nono,150
mosca,116
meriterebbero,213
quartier,64
gramsci,84
ritrovato,40
campeggio,306
ciro,198
vichy,165
esposizione,89
dissequestro,145
deportare,341
restituire,113
download,210
pota,5
mons,123
cagno,646
distribuire,99
proponente,254
leano,707
sala,157
mato,447
cinematica,98
alana,466
moccia,437
vibrazione,685
giardino,218
tuona,130
annullare,147
voluta,232
pericolosamente,381
vivai,52
inconveniente,941
tingere,490
tacere,848
aere,162
cream,547
bremer,195
rovistare,1045
serbala,372
emica,113
interessavare,592
avendone,51
capotasta,381
alfred,258
citrine,188
personalmente,412
molochio,482
marsiglia,225
tradere,155
costreggere,401
marchiare,314
catasto,137
butta,151
ipocrite,521
entourage,160
nuvolosità,159
principe,65
collier,212
lumo,5
fulmineo,116
zone,136
cartellino,372
wolfenstein,44
quieta,184
mostra,302
pagella,12
bano,1384
meditare,100
geo,17
anzitempo,155
prospero,24
faziosità,675
cacciare,486
sapore,26
prosindaco,209
dissidenza,55
quattordicesimo,104
schiarite,190
prigionia,147
primare,48
scioperanto,130
insulta,285
foggiano,190
cazzuola,302
bertabello,650
autostrada,148
snellire,152
gervaso,355
belluria,469
elettromagnetico,242
premeditare,363
abela,740
insopprimibile,895
dica,132
via,45
raffinatissimo,1000
leon,233
neonazisti,116
desertificazione,581
proverbio,867
cinematico,84
sistemazione,202
discuttere,362
hooligan,176
perdono,290
desirée,98
indecifrabile,913
frammentato,559
strauss,159
godo,502
neofascismo,249
ossuta,190
guerrigliare,617
malizioso,559
spaccato,174
distribuzione,236
nozza,38
australiano,568
brigo,576
sigillare,274
panarcelo,538
altolà,140
trasformista,363
fonte,25
esistire,434
sulcis,96
costosissimo,231
sfollato,261
riferendoso,274
darwin,54
afflitto,367
maggi,74
centralizzato,575
rivolgare,286
esprimare,248
silo,201
johansson,1131
gialli,208
sommira,80
silente,178
capanna,518
bisognoso,186
rovinosamente,321
utilizzabile,573
atavico,361
tecnica,377
ademaro,412
striscio,261
approfondere,189
cinise,120
batman,134
nordcoreano,145
cocco,399
centrodestrare,353
sbilanciamento,582
esteriorizzare,443
emergenze,116
angioino,158
madrileno,111
rappresentativo,228
accorrere,741
tranquillo,176
tormentare,649
folcloristico,988
paramilitario,475
forobe,50
antidolorifico,425
suggestivo,873
bozzo,676
stracolmo,504
avallare,335
ccc,44
addentrare,253
inspiegabile,451
smorzare,305
camilla,341
indichare,155
nicol,564
definire,407
gilda,42
trasferire,141
scherzo,328
migliore,34
slovenia,135
intraprendenza,77
incardine,74
crociera,94
pilotare,135
cerino,293
rilasciare,93
sciare,894
promosso,135
medea,484
decollo,82
sceglio,43
cordovare,589
committente,118
rare,15
livido,482
artistico,299
oppi,19
edge,90
scopergere,221
gigantesco,151
investere,217
brevità,127
orazio,584
fiammata,123
bargaglio,351
giochare,138
eugenetica,220
monsiu,138
disagiare,243
arancio,180
riportato,54
tuile,28
vicenda,57
compone,107
rosà,155
garros,515
diritto,153
telefoto,156
paganto,75
estrarre,314
ioduro,592
market,49
invidiabile,222
dramma,103
innovare,267
angeletta,158
corra,25
oscurato,298
rivolta,281
fantasticare,1846
rubinetto,156
millimetro,51
affiggere,160
dune,381
convocato,97
emi,63
mouse,362
suddiviso,62
floriano,814
editorio,96
fregare,443
dicevamo,369
ossequio,623
gianni,150
lentino,78
criptico,481
acconsentire,590
separare,108
miyazaki,422
precisato,178
rossonero,588
altere,60
apra,18
romanello,1986
veridicità,243
spontaneamente,129
risultare,253
bicio,60
mormora,244
volgarità,764
imprecisato,273
tamo,17
sistematicità,903
affermativo,674
autodistruzione,588
cosco,419
giorgio,154
scenografico,786
pomeriggio,151
impreso,122
politicizzazione,1296
siemens,162
furio,46
laicità,234
smentite,70
deplorare,223
stereotipato,1045
sfilano,351
sorpasso,240
semi,3
iniziazione,337
aiutandolo,61
eventualmente,629
colonizzazione,354
duplicazione,730
convincento,505
collegiale,207
secondino,247
patrocinare,118
ostinato,846
flc,128
niellino,920
intergovernativo,171
restrizione,373
addotto,473
moggo,178
prospettare,586
zampa,54
alcool,100
giffone,239
boemo,65
attraente,187
veritiero,170
liegi,166
salvò,85
sandrare,819
sabotare,96
marcella,1175
board,127
redditometro,283
nervoso,178
soccorso,127
arsenico,107
the,161
percore,262
paranoia,472
polveriera,183
development,222
quirinale,90
spezzino,309
preferirebbe,325
bocciatura,223
dilungare,692
ima,229
seducento,820
vittorina,790
impregnare,1397
ictus,41
modernismo,665
andano,450
indesiderato,330
proclamare,56
darci,82
vantare,96
microcircuito,56
costantino,1929
folletto,467
identitario,703
brillare,204
guerriero,183
fortificato,273
localizzato,246
reticente,425
asticella,28
sudditanza,559
millennio,21
riorganizzazione,447
pecuniario,256
macchinista,154
candidabile,118
verosimilmente,550
indice,127
robrire,828
vivere,245
politologico,841
bruneo,114
palmaro,414
del',33
bubbone,16
quentin,650
aggirano,91
capitolare,41
rimediare,144
lumicino,26
bah,30
emiciclo,75
teleconferenza,105
disagio,121
kofe,106
leghisto,159
esulare,529
peculiare,949
jessica,1081
compilare,134
ustione,251
concluso,76
tetro,67
sfaccettatura,1037
annunziata,124
dora,70
correre,161
complessità,968
percentuale,258
riscattare,140
nichilista,644
incentivare,754
coppe,336
superflui,358
tocco,451
giuria,74
neutro,34
palombella,405
rinunce,89
vido,236
catasta,69
sanguinato,342
direvere,501
aberro,27
subito,154
coraggio,240
scorsese,1035
bravura,296
esaurere,79
tette,94
sopravvento,342
vettel,413
blair,136
alleggerimento,613
pollare,105
parco,79
grafia,180
diciannovenne,483
dacca,20
frigo,205
taglione,80
dittatura,232
alleve,124
bagnare,874
dustin,1344
alieno,541
reatino,381
epistolare,284
attrezzato,213
acritico,1009
erbio,347
estendere,261
rivendica,22
titano,30
falcinello,503
germano,379
roger,608
osannino,409
cruento,118
referendario,75
cene,95
visionare,245
salesiano,397
dichiaro,184
potito,225
doverosamente,416
guerrigliero,598
sperato,231
bimestre,177
offshore,86
stamana,145
dealà,16
mittente,88
cleveland,234
sandale,528
sprint,240
prepagato,193
statistica,124
degenerare,416
vergognare,921
levità,472
villaga,255
narrato,610
arretrare,94
doppiezza,573
accattivante,1124
vaccinare,161
comprenda,580
caard,52
ippico,15
francescani,324
emiedrico,572
assoli,554
vallone,168
anna,676
golda,62
psichedelica,936
caritas,38
rubbia,116
potter,101
tonina,195
bioetica,106
spacchetta,90
sganciare,180
sostanzioso,462
online,136
definendola,166
annunciare,268
brare,720
calamai,769
pantheon,74
galoppare,193
spider,452
incogliere,708
bela,999
indizione,474
lingua,75
insofferente,962
amerio,205
controcultura,667
asilo,87
stradale,181
schifa,51
evacuazione,87
mart,123
fisicamente,177
pessima,93
desolazione,547
utilizzere,326
ortaggio,350
cambogiano,286
statalista,503
desiderio,389
intervistatore,158
acutamente,240
invenzione,901
raffaello,1015
sistemare,636
atroci,337
agì,69
fantapolitico,596
istantanea,124
spinello,78
marionetta,1370
madison,169
accanto,335
daccapo,11
regredire,421
gianno,168
svoltesi,64
giustificazione,1005
sedicenne,448
bbc,163
scaffale,321
cosma,398
domiciliare,155
imbrodolo,190
becchetto,1905
alloro,160
larga,46
rutto,295
spettere,346
pan,90
circoscrizionale,136
riprovare,618
siriano,355
indagato,229
spiegato,299
categoricamente,278
costituari,43
lettare,312
compiutamente,777
felicissimo,331
udp,71
ancella,228
resipiscenza,954
immesso,410
drop,154
alessia,875
invasione,160
motociclista,191
mere,158
timone,33
welles,625
scenografia,842
commerce,248
torta,68
affossamento,317
antropologia,600
bassano,442
bertilla,212
sollevazione,54
marginalizzazione,1472
oscura,189
facto,4
coppio,79
riflesso,355
salamandre,321
onnipotenza,432
diventato,148
assembleeo,144
spiazzare,913
pantaleo,164
inquietante,449
quote,22
mensilmente,299
reclamare,150
twillre,624
secco,21
telecomando,133
lime,24
maso,371
brasa,394
abbico,449
prestigio,70
lapido,42
sospese,99
simeone,347
termo,129
donorire,659
iphone,159
fido,11
boeing,451
contessa,576
rivedre,211
vaso,53
occhialino,113
nanno,200
amnistia,80
moralità,397
consumatore,112
arezzo,620
corretta,156
olierare,143
ambrare,101
specialistico,336
lipsia,81
risuonare,203
dedizione,260
demografico,284
tao,14
apprendimento,304
affollano,129
riproponere,440
multilaterale,155
dircene,115
sbarrare,197
palermo,368
deferito,107
bibliotecario,138
grosse,65
fabbricazione,388
gladiatore,222
capitalizzazione,728
semantico,1524
privo,196
unanime,48
sloggiare,561
ministro,133
raffreddamento,418
delegato,120
genetista,249
salume,166
aceto,269
genio,429
rtl,48
figliol,170
quagliarcelo,305
sfigurare,649
biologi,170
sindacalista,125
dulia,88
vancouver,232
abrogativo,89
temere,387
solerte,83
gagliardo,1159
scienza,282
conquistatore,152
areno,284
manterere,114
viggo,541
showgirl,280
deputata,241
erm,125
risi,131
garante,84
caloria,25
controllante,332
entusiasmante,398
corvino,142
shell,144
soprano,544
malesiano,264
pugni,153
abiura,112
antipasto,348
istamino,162
dietro,146
imperfetto,298
frenare,285
distretto,103
franga,178
rango,6
vibo,240
matero,284
riparlere,278
ringraziamente,224
lourdes,350
inossidabile,121
monetaria,117
sarte,313
esimese,66
diffondere,84
riluttanza,132
raffaella,1433
soccombere,203
asfalto,487
orientare,597
litigioso,160
concordare,405
stefare,451
concione,115
limitere,220
austriaco,281
presepe|allo,84
esaurire,83
impenetrabile,490
carletto,913
ammanco,119
agnone,886
bypass,17
evasi,36
sebastiare,865
bay,56
garantirebbe,472
suscettibile,642
laccale,174
medicina,220
chiosare,633
augusta,55
mosse,33
milenare,339
cefalù,103
foca,30
obiezione,158
batista,369
sostituendolo,48
convochare,234
toccante,781
psico,96
button,311
somale,363
scenico,548
cecenia,232
subaltere,411
inca,20
perdo,80
alfabetico,71
pol,138
apprezzere,300
sciame,99
futuro,44
soffrare,207
trasformare,553
ragas,88
comunicatore,104
prepotenza,864
marine,58
foppapedretto,65
eritreare,360
patron,245
estero,53
consolidamento,633
scelsi,244
partecipare,77
rimanere,102
destinare,213
preambolo,165
prestere,355
ritrovere,200
cominciare,372
rossano,365
tiziana,1280
gentilmente,424
lucente,186
accessorio,223
tento,61
aukland,209
sfugga,223
cancro,193
trovata,162
approfittare,182
ottimista,156
operistico,508
provvedere,239
rispostare,186
guant,135
fruttare,379
albrire,819
omaggiare,662
madrina,678
obbrobrio,138
inaugura,152
enna,422
eppoi,134
stangare,154
percettore,49
canaro,557
selvaggio,80
tibet,56
idealista,676
georgofilo,114
nazionale,34
scoprirono,395
angiò,700
sviscerare,976
professa,42
muovare,226
agare,199
modico,86
umido,96
sodalizio,83
alt,41
imprendibile,43
irrigidimento,523
sfacciatamente,1273
maretta,1108
affacciare,418
demagogico,647
quartiere,248
incastrare,592
rispore,369
duale,1
radicalizzare,823
inseguimento,45
agiato,46
adiro,233
fifa,127
squale,89
briciole,58
incontrollato,149
calotta,185
spira,21
bema,56
murge,250
terracina,801
ventilato,85
gareggiare,604
novara,309
eterologa,130
scampato,271
socialista,232
tortolì,741
uganda,235
congiungere,52
discontinuo,320
servere,157
variegata,170
sanctorum,74
rumsfeld,131
agno,26
paginetta,109
detto,174
pischello,762
attila,203
britannico,291
opuscolo,149
ramiro,423
quindicenne,360
passo,31
scere,509
predere,230
incensurato,315
telemeccanica,166
cappe,54
scopa,63
conosciuto,377
malvivente,599
perbene,274
finlandese,199
quantitativamente,500
sbalorditivo,484
pcc,47
magge,175
campionessa,610
sosia,401
nitore,172
vicenza,227
camicia,318
rivedere,152
esacerbare,791
maiale,305
centralino,92
quattrino,138
domini,83
penoso,544
venezia,353
offensivo,268
foriere,16
aguzzo,293
anthony,611
sbarrere,159
imprenditore,200
eschilo,74
sciolre,39
pesante,90
prater,152
notifica,237
rimanda,26
magicamente,557
bacie,461
ernia,69
sindaca,120
lodare,120
incappucciato,702
esploratore,258
leghiamo,124
potessero,232
magistere,172
fuoco,93
enormità,174
telescopio,146
videocamera,195
grammo,54
inquadratura,506
onestà,293
audiovisivo,204
reporter,149
ufo,27
penisola,180
gulag,162
manzone,1230
conduca,27
rocchello,203
curioso,707
tredicesima,148
silenzo,141
paesaggio,154
giunsero,134
incassa,78
vacco,22
criminalizzare,602
corporale,92
facenti,83
stellare,194
stralunato,1779
shopping,71
baldassarre,291
jima,83
violano,213
soggetto,263
educazione,99
risolere,221
treve,690
delhi,34
coro,130
nare,147
ceraiolo,772
risentimento,740
settentrionale,273
respiratorio,521
sommere,282
inta,56
talentuoso,541
memore,180
rin,78
magnificamente,1092
canfora,133
rifiere,178
francobollo,76
centrocampista,579
seguedallo,36
violento,438
orientale,304
instabile,164
passaggio,87
permissivo,929
mentore,253
andora,220
ecclestone,62
trading,211
alfonsare,186
superficialità,1211
conoscitore,166
appiglio,43
timotea,527
selz,99
negligenza,257
arroventare,339
ostentato,603
stilizzato,867
surriscaldamento,139
implicare,594
piangere,520
mico,482
sedere,207
spintone,584
tero,331
torri,46
ips,121
israeliano,164
casotto,1134
scorciatoie,262
avis,263
atlantico,55
apparirebbe,391
vestaglia,295
turbo,12
anderson,724
ocra,81
consunzione,464
nola,84
bulgaro,39
boola,1267
mariano,582
arteria,132
caveau,101
inerto,26
antilla,77
segnalavare,154
inevitabile,590
arcangelo,1038
alternativo,116
volturno,591
pipistrello,771
integrante,329
sfreccerò,623
fiammingo,110
folgorazione,382
lana,86
peone,184
ambientalista,67
tutelare,180
incombenza,113
monaca,102
infondere,403
federato,39
socioeconomico,421
scorrettezza,360
locare,36
gelo,84
paurosamente,436
improvvisa,224
orson,1095
collocamento,269
connesso,253
jonadi,152
pier,117
autosufficiente,98
fuorigioco,453
irriducibile,253
entità,138
proliferare,103
ormeggiare,673
poltritevele,136
incalzo,138
immigrante,156
segreterio,306
prim',43
umidità,216
batture,96
vademecum,96
stare,359
nano,146
sguazzare,706
racket,119
attualizzazione,751
apprezzo,200
cancello,220
agitatore,320
impietosamente,281
cingolo,165
cicale,63
ventuno,191
burocrato,70
laddove,235
indonesia,248
dizionario,678
pico,557
telefonia,251
osala,238
patriarca,250
obbligatore,198
sciascia,577
assai,111
tribunale,140
disciolto,101
disintegrazione,209
affisso,118
presidenzialismo,312
udinesa,570
riversare,433
hague,547
parker,989
achei,13
danneggiano,98
anacronistico,912
proibizione,142
situa,6
macherio,118
arresta,320
oda,51
infrante,333
patacca,368
attergata,134
ambretto,517
giacinto,1112
incosciente,735
arma|arme,142
inutilmente,413
multiculturale,275
clero,188
arbitrio,486
armano,603
obiettività,313
sessantesimo,159
insistentemente,694
organizzazione,117
distaccato,54
dribbling,412
pixar,330
adista,534
hayao,475
scorrere,625
profit,66
murray,846
urlo,247
presieduta,79
interim,137
crepa,43
luis,301
raggiungimento,156
motogp,255
pareggo,369
bilbao,54
vulnerabile,201
anticristiano,422
pregare,244
compromesso,185
finirebbero,629
manu,10
ricave,275
vivare,158
sovietico,187
procedere,288
credo,381
capolino,308
mallo,327
striminzito,67
marcato,174
petronà,91
anno,162
carbone,100
adottato,277
ospitalità,44
sebenico,204
spada,10
giubbe,83
nandare,381
svg,18
chiedico,324
helsinki,315
binare,131
immanente,91
condonare,199
cile,20
odiato,187
disgelare,189
valigetta,101
scure,51
oriente,109
taro,19
western,927
peggior,61
dialogare,146
baffo,38
scesero,217
redere,42
opportuna,389
usl,147
superato,169
farso,58
ustionare,297
ritrae,307
mincio,321
insperato,251
sondaggista,47
provincialismo,172
esagitato,972
insistere,466
aprere,109
giovane,169
stizzito,533
somiglianza,41
habitat,137
nera,72
lacrimogeno,276
carole,264
centrista,310
peregrinare,161
delirante,1056
greci,23
scricchiolio,348
paciere,59
cavaco,536
protettivo,89
quindicesimo,146
pressione,77
federalista,221
erika,439
immaginato,1602
denunciato,427
botta,132
spal,103
corrompere,590
meschino,450
filologico,671
concettare,1032
giovannare,878
ispettivo,185
spiritualità,613
bergamo,414
fortissimo,193
jacopo,255
esogeni,84
badare,127
mattatoio,302
arenzano,459
equipaggiamento,235
bardello,1403
casinò,98
bettolino,788
cesarina,584
golf,162
porterebbe,196
pirotecnico,453
nomado,84
solcare,609
rere,218
liste,76
politicamente,497
misteriosamente,428
ripudio,340
differente,403
preoccupare,547
lanciatore,169
materico,862
gentilone,261
ascrivere,300
tailleur,389
imprimo,31
reverenziale,139
caddero,196
risucchiare,954
fausto,378
bulgario,107
utilizzazione,1029
sergio,170
attaccato,692
roano,119
telenovello,235
tranquillizzante,604
gaio,459
ringrazare,212
sciagurata,207
totò,107
sperare,480
zuma,79
tonna,40
illuso,128
olmo,60
punta,137
coretto,1265
lombardia,125
individualmente,622
proiettano,302
sismo,26
verre,350
violentato,501
sordo,28
wilders,137
spondare,160
bussola,70
torah,114
sms,55
bettencourt,47
scalvo,93
calare,159
meraviglia,213
muse,94
ristrettezza,126
inginocchiare,913
iscrivere,21
regna,22
prioritaria,256
dado,11
trasferere,95
bastione,157
trattase,71
ostinazione,666
soddisfatre,106
molteno,1844
avvertono,164
evasa,76
galateo,46
distillare,551
enter,151
tarantolo,530
reuters,128
ingozzo,1615
legislaturo,81
centristo,356
puntura,23
confederale,187
personalismo,1038
appiattire,828
pensionato,168
avvisare,255
stesso,731
leale,25
morde,130
ancora,518
internamento,87
confuso,537
sinclair,487
computer,242
gianluca,673
intemperanza,303
empirico,475
celere,20
tacchino,514
secca,12
platinio,399
newyorchese,477
antitrust,92
forza,117
formazione,137
escalation,195
editore,129
bulimia,310
rolo,312
inaffidabilità,192
chiappa,48
flebo,107
contrappone,614
muoiano,125
colpevole,317
csme,26
problematice,313
pardi,435
misa,122
triangolo,103
raffo,14
infedeltà,126
progettato,90
declassare,16
lainata,107
furtare,228
beinette,581
raggruppamento,75
engels,36
pignone,214
narratore,716
lina,900
multicolore,359
tridente,411
bina,87
provocatorio,887
coltivare,100
shabab,400
subalterno,711
tailandese,300
inghilterro,189
adozione,166
epifania,81
appartato,274
segreto,61
grare,168
boutique,186
molle,307
lusso,114
postale,82
diseredato,557
petrolio,112
villetta,532
glaciale,121
astona,37
papera,116
nucleare,72
notoriamente,405
indifferentemente,1584
varietà,386
infante,63
multilateralismo,406
farinello,1302
curario,601
iconoclasta,1030
amata,42
ereditiera,158
esposto,43
inseguire,485
ovvio,846
avrere,271
onto,26
febbrile,107
inondazione,278
apparecchiatura,458
discepolo,551
obbedo,173
cavour,69
lamente,263
garibaldino,568
elce,150
stridente,579
pia,161
giovannina,390
polveroso,795
gandolfo,744
direttore,80
futa,6
cupi,338
popò,26
ericsson,147
devoluzione,187
labile,5
cucire,542
spilla,326
bruce,458
maternità,201
insanabile,260
ingabbiare,866
paloma,606
etichettare,108
rostagno,396
relatività,688
barman,919
carucci,1260
moralmente,508
agognare,162
rimbore,194
albinoleffo,426
serie,25
val,91
paghino,157
digiuno,18
identikit,24
pérez,258
delinquento,481
penna,130
surf,15
risorgere,263
adorino,717
udio,20
operatrice,89
campionare,737
bega,47
orzo,132
vicesindaco,297
eliminare,87
riconsegnare,236
irida,63
dettaglio,116
moldavia,175
impostare,403
oliver,683
deviazione,128
preservare,459
snobbare,244
solvibilità,440
recinto,235
tattico,158
ano,23
sollecitudine,453
intrapreso,87
radicalizzazione,1192
melina,35
rovere,135
cisgiordania,129
straziante,462
centellinare,268
essere,1094
contentare,1086
rei,42
acquisto,218
mozione,125
orfeo,58
scomunica,191
antidrogare,83
casello,82
ripubblicare,376
racing,49
fresa,752
vanesso,884
didimo,309
tempistica,516
sopravvivere,394
riformatore,230
remota,37
ipre,65
arrestere,389
coinciso,125
stato,18
raffaele,51
veltro,59
invire,431
frantumazione,584
trasbordo,341
abile,258
fulham,668
redatta,100
scossone,106
platire,33
bratislare,190
seria,8
ratificare,218
marca,94
danio,368
temuto,98
edificante,574
sabbia,505
compiacere,1407
gatta,627
ecuador,89
inattaccabile,365
stragrande,134
ducati,152
margherita,237
conterraneo,276
interdizione,156
piovono,136
santander,305
costituito,259
faraonico,40
spregiudicare,811
esborso,367
visione,608
intricato,296
anatema,179
alberghiero,167
quantificare,583
ciano,1173
impattare,433
carcerazione,310
csu,152
amarra,484
grottesca,692
vanamente,706
candido,505
giulia,242
balvano,1438
metropolito,49
nostalgio,304
mutamente,417
reazionario,1025
contrastato,229
ingegnere,110
episodio,60
acato,403
pavarotto,205
abrada,162
attraversare,350
magistrare,236
camino,234
mentalità,1143
difficile,346
minnite,250
harris,679
band,212
pasquino,588
riconoscimento,78
antiacne,71
concilio,203
rigoristo,214
saraceno,417
faccenda,97
pareggio,206
camerone,297
cannabis,214
front,202
convergere,320
adiire,458
camionista,429
sbadiglio,326
riportare,105
burton,524
israela,153
tenario,59
errato,322
granaglia,515
montevarco,207
pollo,194
pattinaggio,264
fiaba,363
ivana,658
errace,92
clarare,920
onorare,64
dichiaratamente,408
occupazione,113
appieno,133
rigirare,774
tono,163
reels,534
marker,348
atterrare,330
siare,303
permettare,532
perla,132
galdinie,112
strumentalizzare,808
dirada,32
reimpianto,264
nervo,24
vaticare,125
pedagogico,396
conico,196
adulterio,327
resoconto,101
mozart,336
estremità,199
romneyo,180
basetta,495
fornitura,184
siro,218
nodo,81
puccino,471
attuale,95
aspettavre,437
tracimare,790
ritrova,21
proconsola,97
dosso,235
confondere,971
codino,398
azionista,296
banchetto,244
bittaco,10
accorso,373
abrogazione,171
diocesano,164
frequentato,188
aggiornamento,246
nascore,119
marginandole,36
consulto,87
attrattivo,278
aspirante,64
ragnatela,159
riascoltare,275
lasa,40
incorniciare,980
giuso,608
piemontesi,250
tranfaglio,259
manifesta,79
uovo,132
pericolo,150
abitato,391
cechov,173
rico,76
fermato,306
appositamente,127
organizzativo,301
inghilterra,208
calciare,552
inuma,6
ventinove,251
odierno,61
calco,273
contagio,235
solidalo,131
prescindono,996
lattea,315
formace,46
bestiame,495
economia,103
lemare,48
azzurrino,570
sottigliezza,900
vante,30
felicina,364
antifascisto,217
alitare,102
gialloblu,560
rottame,437
erede,76
scaglione,53
portella,144
spettacolarizzazione,687
glauco,326
bettinare,377
canonizzalo,929
ricongiungimente,146
bologna,305
allah,183
impercettibile,625
trevisano,1713
temperatura,191
rovescia,14
amichevolo,51
preparatorio,115
commettare,201
audizione,154
redazionale,53
affrontare,152
chiesta,98
bongos,103
econome,56
trovai,175
rogatoria,137
poliziesco,196
pianoforte,266
clinica,130
merare,99
leggio,92
strapotere,282
neda,133
benin,365
discutere,330
allestito,259
ariete,221
istanbul,112
arrivere,230
annetta,159
intransigente,831
citere,257
sparge,184
brasiliano,386
udc,104
volere,802
gestiscono,211
ilcommento,59
svincolare,323
bozzolino,902
esasperazione,966
tassa,248
charlia,364
gobetto,199
cancelliere,226
europea,108
dimostrare,467
lainato,91
rieleggere,105
more,14
coredo,87
delinquenziale,574
liberty,543
confermo,393
riprese,147
vendicativo,567
coque,173
cancelleria,64
riunito,78
perone,317
pompe,220
cridere,92
auspico,131
consuntivo,164
reperimento,527
broncone,485
ch',59
cesso,11
gratuità,69
depauperare,446
partitocrazia,666
espressamente,345
squilibrio,276
nordorientale,392
banale,521
lodine,362
rossana,119
candidare,181
rispolverare,511
libreria,162
osannare,427
mucchio,322
barletta,88
riassunto,118
campionato,538
conciliazione,29
invalido,136
cooptare,73
umbro,255
sintonia,147
provocazione,809
fanciulli,452
nudo,330
fernando,495
imbrigliare,560
garzaire,228
osseina,180
barrito,53
triesta,218
rammarico,264
anzianità,226
eccolare,823
straccia,484
evilenko,63
convergente,395
variale,39
ungaretto,278
berlusconare,260
dllo,208
tram,79
guantone,119
scapolo,94
giaccone,717
finanziere,253
inquinatore,132
acconto,156
insofferenza,788
adunare,176
pretendare,443
adita,116
eretto,45
temevare,399
farfallo,772
discutare,231
cestinare,250
fronteggiare,112
ingloba,36
pannella,78
nuorese,717
prolungamento,255
lambire,279
rape,73
settantesimo,156
autodifesa,286
amministrato,54
indecente,516
battista,562
azzecco,524
infiamma,153
scimpanzé,89
attribuzione,231
riscoperta,441
rie,8
velletro,591
scalfa,169
patetico,1797
ribasso,129
blello,677
cloro,135
fiscale,218
certificato,89
primato,71
cinzia,807
sprezzo,676
zeus,18
prema,116
doris,269
rinforzo,38
malinconica,703
facoltativo,275
perire,167
maxiemendamento,227
esigenza,512
sidney,510
compresse,34
concorde,255
forno,53
raddrizzare,256
caposele,1019
enfatizzare,831
fordismo,579
parto,146
bravissima,459
ottieno,129
renzi,114
rimottere,123
capriole,155
impiccare,320
teoricamente,385
prelato,196
eterodiretto,438
criterio,229
corporativo,200
critico,216
default,103
schiller,482
tripletta,859
scopo,179
prologo,399
legittime,286
indifese,528
filosofia,379
chiodio,121
giannetto,1497
fatturare,353
dietrologia,506
avessare,346
intascare,272
celebrativo,198
idroelettrico,231
pausa,71
scemenza,492
ideo,13
segnalato,198
vip,122
complicato,250
decadere,197
generalizzare,893
equipaggio,195
regolarizzazione,439
deliziare,769
bilanciamento,855
stico,286
ombrerosse,158
gelosia,140
rabbino,164
territorio,109
banco,8
attaccò,194
mortaro,385
eni,189
deterrente,393
obbligatoriamente,648
addensamento,233
maraini,524
connubio,158
inaffidabile,105
vandalismo,580
negri,108
guardiola,607
diare,43
imballaggio,566
egna,57
sempione,404
indonesio,295
impore,223
contadino,197
totalitaria,281
finanziatore,133
politica,284
eievere,385
martoriata,112
attero,32
anomale,116
motociclisto,158
eric,440
contrada,346
falsamente,626
annunciavare,214
andatolo,304
intramoenia,141
maggiorare,429
topless,50
sol,3
praticante,289
decentrare,456
lucido,208
costruiscere,283
ibridio,39
plenipotenziario,211
accumulo,275
digitalizzazione,426
faticosamente,143
premura,148
norvegia,143
abnegazione,397
sederino,523
colonna,21
raggiungare,84
imperioso,796
tormentone,300
new,144
intermedia,167
malvagio,419
gelese,207
avello,351
confidente,129
sporadico,165
marmellata,1057
occidentale,293
togliare,204
intervisto,99
impagabile,949
lungometraggio,617
multato,31
telero,39
rientrato,83
preesistente,833
antimero,173
marone,135
consigliere,150
discostare,414
feroce,436
poltrona,76
divina,186
infezione,431
trequartista,524
agibile,36
illecire,289
sudafrico,231
rovina,245
decentramento,261
ance,31
goethe,277
babau,193
oracle,349
tabellino,64
sensibilità,629
intitolazione,323
wwf,24
annunzi,541
stralcio,159
faoo,25
cozzato,158
debuttare,542
elargire,154
finere,413
improvvisamente,611
agiresto,195
innervare,683
guardalinee,395
addensare,176
disabitare,358
marzabotto,219
inesattezza,356
scrobogno,70
cosmico,159
veniero,921
creo,5
chiodo,72
frequentatore,279
rasenta,91
sostituzione,97
tesserato,86
ammortizzare,254
quantitativo,382
tamil,119
berline,482
fossa,153
zainetto,685
quotato,157
irrispettoso,395
permessi,94
stello,359
benefattore,421
corona,90
solire,417
divertito,1471
abitativo,123
spaccio,255
italica,64
ampolla,273
connettere,110
ricerca,75
sguaiare,1001
aliante,178
maccarello,290
panno,232
scompaiere,147
bolognare,459
strevo,338
schematico,1341
ugolino,160
vuitton,210
acino,820
diccene,699
perderebbero,270
giurato,65
primavera,57
predicatore,342
francesca,890
scarpare,1377
metrò,101
finlandia,106
dilemma,112
ricoverare,234
soleggiato,205
commedia,370
ricapitalizzare,323
inquinante,309
decremento,605
paritetico,173
acchiappare,358
proliferazione,202
richiamare,243
depositare,166
visivamente,595
paolo,464
solidale,78
provincia,120
maggiorento,83
tempesta,51
strido,29
cugino,282
bucarest,144
macedonia,190
dies,123
lontano,232
diagnosi,297
erbo,466
editor,241
organdi,368
scellerare,416
dillo,378
decapitare,418
invia,58
spazia,73
saltarello,524
alire,222
sporcare,689
antare,47
schumacher,255
antrona,912
misura,181
aurora,140
olocausto,101
chiamarire,406
rinnovabile,159
acquio,23
scomporre,130
perego,47
moralismo,995
goleada,742
astinenza,30
premito,147
eccitante,945
proclamazione,104
seggiolino,585
preservativo,214
tau,12
cucito,454
rapporto,49
irpino,101
quintale,281
coincidenza,116
ledere,335
ventenne,643
conclusosi,90
cancerogeno,486
pugile,248
venerdo,193
compact,145
partecipante,32
responsabile,43
deviato,110
offrivo,62
foriero,58
echare,90
allargamento,260
spettacoli-,312
grano,314
compiaciuto,886
disc,35
incassare,148
probatorio,152
invisibile,505
cullare,371
protette,113
tennista,640
dispensa,71
ruspa,194
sguardo,299
leonia,113
zie,9
studentere,93
droga,117
aumento,359
bombardamento,368
massonico,94
smorfia,687
titanio,47
heineken,178
attraversamento,336
contra,36
raccomare,79
ironico,911
fertilizzante,490
ginevra,24
trapianto,306
guerro,93
annunzio,635
chiarino,838
vas,51
stralciare,315
perugina,275
tasta,63
michelangelo,757
raffare,40
sottoscrizione,205
nazionalismo,848
lesione,154
ipnotico,793
sfangao,145
roberts,710
influenzare,248
beverly,371
attrito,160
riavvio,145
diavolo,107
probe,27
disciplina,177
vacue,47
dottoresso,133
ecuadoriano,139
sepoltura,106
quinquennio,68
pubblicità,170
hobby,356
antino,22
condivisibile,804
libra,55
obbligazionista,292
lapidala,103
ettore,326
vaccino,201
aulare,240
trentennio,302
troncone,32
tecnicamente,515
dissimulare,480
disk,49
circoscrivere,110
maurizio,178
peppino,310
mascalzone,146
ricostruire,112
cassare,221
ciclo,22
mutualistico,589
perpetuo,63
riformisre,294
tragga,103
tornante,290
trascorsi,90
crosetto,517
insostenibile,421
bosniaco,206
igienico,53
trump,142
lagnare,294
rimodellare,581
evenienza,94
agire,220
determinazione,443
undicesimo,153
volpo,868
tesoriera,49
suu,16
agnare,100
giostra,357
spendo,49
diretta,198
antonare,686
siero,130
liberia,153
ignominia,95
macchinetta,609
intento,215
reclutatore,125
ippica,45
temporalesco,223
agevolazione,568
instabilità,353
killer,77
aielli,395
solitaria,172
amleto,741
abbordabile,212
frontalmente,416
interferire,273
leggero,73
cardine,128
affollavare,358
addosso,433
includare,158
and,333
gettonare,305
reggae,379
aprilio,237
cooperativa,112
yad,127
play,157
sadowa,475
digerire,249
bianchino,917
narrativa,644
deferimento,200
pierino,1121
pelosi,38
ringraziare,267
carpire,236
vaca,14
preghiere,185
andina,149
dolevere,171
maccabeio,379
laguna,164
poverissimo,196
boiardo,155
stavre,271
padre,362
budelli,207
solerto,47
vele,34
culto,301
latino,80
rizza,612
benedizione,200
decidare,426
zimbello,303
sbandierare,198
abbonare,46
rivotare,580
rappresentare,319
ritmare,776
additare,779
kazako,33
washington,505
trasfusione,462
ardeatina,249
grande,121
indovinare,861
iride,54
sbere,424
reazionaria,601
adoro,269
newcastle,183
scaligero,65
undicimila,124
sostengare,475
comproprietà,81
sessantotto,321
istruire,63
emotività,585
bilico,85
calia,847
emorragia,133
riconfermare,192
promotore,102
wolfsburg,163
pedinare,283
mega,40
altare,105
collaborativo,147
ricetta,45
progressista,270
riferiscare,143
desso,1929
bakù,379
montana,537
quattroccho,130
federativo,104
canaglia,130
vicissitudine,360
defunto,104
motorino,212
cinquantenario,212
autoproclamare,140
esaù,17
terendere,1593
geronimo,161
liv,595
amadeo,357
cavalletto,1092
inaspettare,292
cristo,240
pirata,45
eurodeputato,92
erger,500
impiegano,146
organizzare,154
identificato,250
nasare,394
trombettista,660
convertere,83
sumatra,252
aureliare,557
etichettatura,144
basale,39
filtrano,70
obietto,29
amalgamare,1059
famosissimo,1081
accettato,409
boiler,582
rincorrere,890
tentare,190
fornaio,378
erpete,994
imprescindibile,557
corsaro,757
provochere,253
fermere,115
indagho,398
capezzale,166
mozambico,189
cooperante,96
natron,489
assemblee,105
impassibile,933
gridano,464
eterologo,241
inquieto,1094
cordone,33
lasare,89
ripe,14
dervio,241
sbrogliare,278
giave,184
ria,4
ratto,279
fondamente,510
fermat,181
traducere,218
cessione,307
talentare,474
impedimento,234
premier,126
italo,42
giovenco,699
contribuire,160
cinquecentomila,126
brno,411
destino,39
nave,215
fama,111
compagine,48
fagiolo,350
laureante,239
flirtare,461
sceglia,74
detenuto,130
arrogo,204
produttore,120
apparente,406
college,309
promozione,87
turismo,27
fisiologia,161
mariuccia,273
tripudio,168
ragazzare,877
scarpa,426
ricevevare,250
facchino,928
gerusalemmo,170
baronato,159
incerte,237
fuggi,56
avvento,249
cliente,78
darglio,91
tecnicismo,944
brevetto,190
balneario,76
stipendio,211
valletta,330
biscotto,39
concetta,613
decorrere,287
fiutare,479
saletta,431
spento,140
germania,104
guerino,433
osa,28
contestualmente,551
saggiare,348
shalabayere,42
tory,158
relatine,198
biodiversità,145
acare,175
analizzato,485
pronosticare,165
satellite,135
boemi,33
tafano,219
viennese,440
modenare,406
imperizia,94
salvere,141
endina,195
vaccare,246
consegnare,262
plano,239
quorum,70
conquista,72
espropriazione,201
arrendetto,395
numerico,167
incollato,407
antistorico,615
documentarista,342
abilitare,191
cecena,312
scultore,307
predicare,519
sostentamento,725
bini,298
canaria,237
importo,502
condurrà,61
intelletto,286
martino,398
ingenuità,687
incredulità,333
rapare,158
ivare,562
opponere,354
ibera,49
giulianere,57
levante,54
trave,231
idrico,164
post,8
caratura,209
ausilio,54
rasentare,138
compartecipazione,491
gil,596
priore,13
furbescamente,848
rivalutare,138
esposito,660
usufruire,189
psichiatrico,260
contaminare,385
power,55
curiosare,785
spregiudicato,741
feconda,102
opportuno,488
economico,191
sfasciare,745
omogenee,394
saharo,165
aggirare,77
south,251
priebo,62
pacificatore,68
secret,37
collecchio,225
modalità,333
intimamente,491
storto,187
erra,249
anelano,356
uruguaiano,550
venezuelano,119
prodigio,542
invalida,85
cino,69
avanzamento,346
preteso,797
ehud,162
genovese,162
pesantezza,370
contraggere,479
illumino,127
pendolo,95
guadagnare,135
sbandamento,251
ippolito,1096
addestramento,196
falcinellare,468
erode,41
bluo,524
sommergere,575
sorprendere,605
ammazza,277
inadeguatezza,433
lubrica,1143
twill,742
insaputa,47
fibra,46
zoccolo,52
azionisto,126
eli,6
rielaborazione,705
tortuoso,146
pregio,32
affettività,590
amba,28
luccare,997
assurdità,521
iseo,80
medioevo,270
mirabolante,367
forto,23
residenza,98
andrew,405
repubblicare,72
socie,139
viver,80
invadenza,564
nego,82
delegittimare,640
mariella,301
imbuto,383
accidentalmente,455
cameriera,648
savio,586
sterlina,124
editorialisto,165
autorità,44
chio,93
bergolo,225
stringente,354
incriminare,343
matador,619
epistolario,312
macerare,364
vegetativo,134
anticomunista,779
vignetta,97
trappole,169
sano,6
resuscitare,632
aspettere,743
viaggiatore,197
avvistare,397
epodo,5
sezione,33
atlantica,50
yemen,359
ambientalisto,111
dulio,185
vignete,26
quart,221
spere,162
indecoroso,547
dispotismo,975
brad,842
continuere,248
saddam,168
cattura,170
emancipare,289
separatisto,386
conformemente,447
barcone,218
bonobo,231
gilberto,249
scoppiato,137
frotta,529
aera,215
disgrazia,558
prosaico,626
atta,156
piovoso,193
gracile,208
jefferson,800
polverini,192
sessuale,183
fluido,295
fan,123
soldino,276
pinacoteca,318
anticipiamo,255
arro,221
caratteristica,646
liquidazione,221
centrosinistra,297
sgambetto,335
sparito,96
collocazione,233
tigre,82
messia,72
sigaretta,144
unire,86
checco,117
rand,187
stero,19
lectio,69
malaugurato,247
screditato,483
immagino,793
prendere,133
longonese,1001
fallimento,133
prudenziale,310
mietere,19
spendino,248
indiziare,186
stupro,289
ricordiamoe,165
supplire,64
caimano,231
operoso,22
siccome,590
rischiare,213
avviluppare,1012
ruth,204
malfatto,71
rendimento,215
alimento,183
repubblicano,147
dicendoso,265
attivissimo,164
medesimo,243
insire,825
cercar,56
ponare,197
nathan,660
confcooperativo,213
privatamente,278
prestato,226
variabilità,228
fascinazione,1664
investo,106
indiscutibile,1020
manfred,187
gipsi,136
laudato,219
catalizzatore,177
strisciare,502
amnesty,121
dimette,109
consorte,139
basketre,609
gestibile,373
organizzato,137
affascinante,1263
notae,57
agitazione,156
estendare,174
trattativa,79
infrastruttura,89
spagnare,190
successore,118
spagnolare,281
pensione,167
armare,190
anchorman,605
corrotto,383
sottoscrivare,147
affitto,215
spiraglio,75
natta,662
disincanto,1087
incomparabile,720
iniziativo,89
milena,298
sospensione,349
gatto,539
polverino,205
teme,26
gramsco,50
budelle,157
carnoso,515
prestito,250
biennio,41
trascinare,739
negozio,139
brevemente,99
scarico,312
assia,326
cantinare,1184
seducente,749
sproposito,948
commerciare,244
occupazionale,417
pedale,151
sollecitano,267
rimprovero,583
avvocata,59
chiete,208
appellativo,306
imbarcare,293
amara,79
notturna,81
invece,919
link,82
chino,100
rivenditore,114
par,46
strino,163
incarno,269
graffio,495
prematura,134
scalzare,243
peto,502
ostinare,913
aglio,171
liam,996
finzione,952
avanzo,16
padana,51
alluvionato,169
profondo,101
mazzata,37
ahmadinejad,161
donatello,726
estrello,208
genero,473
trinitaria,142
bicentenario,297
fosco,51
forzista,516
infinità,423
sfila,200
simoncello,841
slalom,69
replico,160
elica,39
demonizzare,1128
plurimo,128
sfuggere,532
ammutinamento,348
terziare,198
capria,752
dirompente,622
ruolo,35
servitore,120
fluviale,171
chirurgico,162
menzionare,423
flessibilità,416
chiuderare,87
rivoltoso,457
seghare,144
avamposto,255
agivare,231
benefica,41
sinergia,97
surrealismo,900
canduccio,1003
tant,75
processo,67
riuniscare,212
chimera,33
abolir,18
spietato,259
esprima,156
piazzale,229
perl,341
geode,48
ponte,45
artista,521
interventista,153
rapace,68
fiorone,133
indemania,63
crossi,145
immersione,412
presentere,329
leone,182
contattare,146
colere,512
notevole,184
disertore,134
password,86
videoconferenza,100
aeroporto,191
eufrate,237
coprire,109
tinto,263
precotto,75
evolutivo,419
normanni,378
decidessero,403
stillicidio,214
cesenare,755
pazzia,360
cassone,378
silenziosamente,801
interrogazione,126
perseguitare,720
simona,168
immateriale,194
ironicamente,422
postal,158
deviare,99
spunta,262
sentinella,129
cileno,169
allineamento,164
cagnolino,1129
persecuzione,445
affezionare,440
thomas,516
fenomeno,226
garage,51
gena,738
kaczynski,37
affidere,184
favoloso,312
pelugo,596
trafugare,192
atalanto,706
discernimento,1357
pastore,257
cancellare,243
agente,220
pompa,14
matilde,702
dito,54
antidoto,268
torcere,249
mercurio,125
callone,1843
vine,42
hippy,423
regresso,498
statuto,92
portale,173
tassazione,512
infranto,101
tradizionale,188
cruente,135
adamare,443
afghare,217
vetrina,218
manifestazionere,144
calunniare,285
taino,22
sanguinante,321
tengire,150
fanfare,207
consultare,134
arrossire,887
perito,212
fedelissimo,398
oltraggiare,857
debian,220
rozzo,82
sottoscrittore,86
femminismo,519
futile,320
intendimento,301
aggiusre,153
eta,36
carbonia,178
umbra,197
risulterebbero,423
prolungato,254
emittenza,72
ridente,409
emissario,27
recriminare,595
disservizio,187
vinello,948
ventaglio,21
ergastolo,194
contrattaccare,269
narrativo,714
catechismo,311
conclusa,41
abbagliante,566
pennello,1428
lello,398
magistrale,222
soffitta,250
kilt,50
lecire,279
sessino,141
apaca,105
passerello,551
castello,79
chiederemo,273
mite,205
mirabile,736
vincitrice,115
vincolato,244
guamano,231
razionalista,580
conguaglio,470
grifone,452
girasole,307
diffusione,163
newton,153
confermire,277
reversibile,173
comunico,90
alvaro,364
traguardo,101
descrizione,427
costeggiare,671
ursulo,241
arana,189
deriveere,508
topo,324
spartano,127
inutilizzare,634
patologia,471
delibera,174
passivo,45
baratro,213
commercializzare,416
hertz,252
riassetto,324
inquisitore,306
abbina,70
isbn,215
inesistenza,648
compromissione,717
formico,94
occhietto,147
scodellato,365
circostanza,555
graffito,451
pancreas,338
baco,315
recente,115
debbo,212
ripristinare,292
fascista,314
annichilire,359
boris,21
fukushimo,105
costante,210
nobile,89
distinguare,426
torrenziale,217
giovanotto,1427
battisto,47
ere,81
etrusco,104
rivolgevare,336
netta,17
buia,149
espandere,169
bue,45
batterista,842
fondanto,270
cataclisma,166
svuoto,33
video,134
regale,306
rete,52
apolitica,396
bozza,164
scappare,776
cottanello,82
montalcino,76
ricreativo,123
bazooka,224
cambierare,269
pervasività,947
lottizzazione,97
ristrutturare,234
contrastano,311
allegre,680
poture,49
simpatizzare,290
soffermare,304
calidaro,47
mussi,69
tellurico,171
bretagnare,94
covi,9
scelgo,28
insegnare,239
criticato,300
poggiano,21
milan,619
denominato,46
amelia,322
calcino,284
annegato,253
direzione,15
scherno,581
viaggare,139
display,196
partire,176
celebrità,398
sottolineatura,565
alpinista,122
separazione,104
trasmissione,185
bianca,255
relativo,567
moviola,167
illuminato,210
cast,215
incesto,204
eurodeputata,103
ammantare,1394
airone,157
storacere,159
esterno,19
edemo,108
brina,874
conservatorismo,740
denatura,293
mafioso,203
gusco,78
sire,51
griffo,16
sennòe,264
berò,10
xenofobe,235
ideologizzare,1123
etio,302
tagliente,462
composito,203
spino,519
fellini,79
florida,119
caldamente,25
rovescio,109
hughes,1107
scafo,211
itala,71
sfuma,60
bocca,132
cuscinetto,212
verbo,246
spazzola,443
dieta,101
antidroga,53
sindacato,226
parve,83
vacare,37
pretendono,119
corner,178
tbc,87
george,338
caricaturale,1292
offerta,77
minareto,661
ambizione,211
irregolare,102
melissa,905
adorabile,613
guarire,228
palestra,158
promozionale,124
sincronizzare,22
utensile,441
piacentino,752
sinistro,165
esemplare,43
fiorella,1303
gramo,140
gradevole,705
rilettura,793
salasso,231
influente,110
riformo,66
consentì,45
consalvo,309
mezzodì,163
sveglia,140
convention,98
impegno,128
spiacevole,383
prima,399
copertura,260
guido,106
varcare,103
scritta,299
conduzione,52
barba,109
filo,22
dotare,74
concorso,30
avanguardia,339
camp,63
cohen,751
disinvoltura,858
chare,310
nasale,79
svoltare,97
salentino,442
attivista,218
bombola,473
lisbonare,52
raccomandabile,373
ilde,114
steward,77
umanità,260
dir,101
nottata,133
basar,291
elettra,232
ansioso,259
illudere,335
record,129
ossa,311
segna,37
catturare,297
acri,60
diluì,18
mazzolino,1021
barzamino,211
rinvia,175
lottizzare,63
mendel,95
cusio,36
bigio,883
incorrere,576
sedicente,301
ritiro,42
cineasta,480
presidenziale,115
irino,737
cicala,61
sorridenta,615
fargli,238
romania,114
interno,9
guaio,135
covare,213
ceder,198
etnia,140
cambridge,466
pedana,590
dato,156
ehilà,136
pegno,105
semplice,568
lussemburgo,94
rotabile,314
credete,139
garro,764
catilina,451
riscaldamento,171
dovevo,228
gianmario,933
celleno,437
ginecologo,191
lasco,17
terrorizzato,904
apprendere,302
continuato,62
emblemo,28
ittico,143
tempia,88
circuì,155
struttura,177
percorso,110
virtuosismo,718
sciopera,178
producare,329
xiii,58
meglio,496
avvertimento,158
bencivenno,501
cervi,175
contatore,272
ingrid,39
racho,471
maledizione,420
pathos,361
picchiatore,683
farmaceutico,145
freud,146
unipol,114
congressuale,95
galline,475
campanella,229
portineria,336
led,59
ancestrale,618
congedo,83
tonino,664
stressare,397
clinton,247
docenza,132
estese,163
esplode,127
assolvimento,180
amena,295
colei,74
costola,62
decidemmo,149
riassumibile,255
giudicante,306
benvenuto,121
ingombro,163
nottetempo,66
inesauribile,109
tura,30
orlando,99
roboante,377
bacchettare,572
ambasciato,71
rappresentere,274
sospensiva,201
reverendo,339
puzzo,215
consorteria,117
risoluzione,90
confessare,663
fondamento,333
stretta,70
caboto,150
biancorosso,737
proselite,69
serenissima,172
bellagio,356
precondizione,789
oddio,138
svizzero,115
antisemire,218
metodo,95
importanza,176
azzeccato,933
prime,114
quarte,488
tracollo,157
musical,893
comunicativo,844
corone,188
sbalordire,1041
giuseppe,546
morione,1169
siluramento,249
capodanno,60
alludo,355
dissestare,263
padovare,299
moratti,22
legnino,612
chiazza,501
svelta,83
harem,414
immergilo,222
cale,205
barbatella,1837
svernare,563
bollare,122
nario,570
trasmettare,82
intenzionato,458
diurno,44
rincorsa,161
fbi,139
sarah,302
scatenante,396
strampalato,1036
truffatoro,237
lacero,135
ronaldinho,570
fioritura,613
pasqualina,1183
soldo,231
rosato,802
infuocato,153
spallata,205
listare,84
eccetto,82
nasa,94
mango,416
contraccolpo,435
disinteressare,1140
inventario,592
immondizia,259
minimalismo,1103
individuabile,617
manlio,239
idolo,705
emily,204
manatelli,914
precisione,123
deragliamento,115
omofobiare,108
allocare,220
festino,96
bisognosi,79
gabbanella,191
adiacente,524
resto,405
entertainment,553
blog,84
metadone,270
andavamo,250
produzione,368
brianza,220
constatazione,789
ucna,11
specifica,481
credento,328
capriccioso,1130
espansivo,273
spina,34
correttivo,623
ripiegamento,335
boxer,495
mini,6
vire,186
rinnovare,73
guardòre,359
philips,388
infortunare,412
leila,368
esplicite,591
commissare,95
digeribile,297
autiere,722
preannunciare,205
scivolare,398
nevicare,200
pecciolo,246
fallito,86
migliorato,205
patrono,219
stringere,91
ascoltare,251
abissale,515
fruibile,157
legalità,117
psicofarmace,297
cammino,91
torsello,169
referendum,67
bonino,56
card,30
appostare,532
attacca,370
indefinibile,1027
deformato,744
suolo,113
allenare,514
truffo,141
palmiere,785
bazzone,394
picchiata,59
scelto,34
aspettavamo,433
vestivo,273
vinokourov,400
ragionamente,646
tendone,269
tobia,15
ingranaggio,272
diverso,304
assistenziale,472
scrabble,160
precisa,201
nordico,65
spreco,169
pianista,988
esso,1423
rammentare,1260
mago,8
esattore,28
lamentare,457
chimi,40
lascere,97
valorizzatore,145
sfido,107
autonoma,91
sottovalutato,347
pampa,301
utilità,421
utah,315
revocare,199
veterinare,136
monopolio,118
empatia,432
probabile,172
fienile,447
zuckerberg,173
anselma,69
promuovere,185
chiacchierato,944
presenteremo,270
congiura,296
ricavo,250
forcone,240
asterre,98
atos,198
vigorosamente,257
verbare,557
direzionale,87
marina,138
ingerire,302
morrison,1018
socialdemocratico,235
facoltoso,29
esplicativo,465
incoraggiamento,310
eccesso,305
lampadina,434
sceicco,375
paghere,112
angoscioso,433
attualizzare,294
beppa,135
adendola,231
termale,101
ergi,41
dimenticatoio,434
offeso,443
ricattatorio,509
severina,77
rinsaldare,187
sottoponere,150
regnante,18
manicomo,69
probabilità,92
traballante,243
palazzaccio,225
benzinaio,163
tag,56
promettere,164
onnipresente,370
eietto,370
canto,88
scacchiera,20
ipocalorico,94
vasto,46
trafiletto,63
intridere,1890
combutta,120
ruberio,247
incardinare,429
straw,219
appeso,305
vissere,434
trasformato,441
anacronismo,735
sauna,125
stefanio,436
furbizia,619
alcalino,218
ecumenico,160
gerusalemme,140
apuano,255
elevare,244
fumetto,474
sagge,155
aventino,115
esponere,258
iena,382
bellezza,474
ascolana,348
canile,154
carrara,368
lastricare,254
stizza,500
salvabile,152
pergere,105
ralf,153
attenzione,104
mafia,174
panettiere,403
matrimonio,72
pozza,721
migro,522
dibattuto,71
aroma,104
enza,48
geyser,221
domandare,656
cusano,516
indelebile,157
cerebrale,284
traumatizzare,296
redatto,130
catapultare,774
soddisfacimento,498
gradimento,87
beringre,631
bordello,334
pediatrico,209
tolto,163
sottile,367
flirt,55
antro,99
saakashvile,115
economio,72
camerata,518
riscontro,339
clientelario,345
elezione,144
firth,850
tina,139
rifornire,252
dichiara,94
profetare,320
taormino,111
lecce,648
compagnia,99
smaltimento,195
riformatrico,612
nardino,896
occasione,43
pellicolo,420
concentrare,179
vissute,209
volata,627
sondino,162
adempiere,193
inode,19
avamposta,248
gemini,47
vietere,75
inferocire,496
consapevolezza,726
efficacemente,423
ostentazione,745
trasparente,172
corp,172
sofia,42
canalizzare,742
zucchina,331
chiaro,136
nascondare,299
invitato,201
orecchino,515
passim,216
manette,334
eroga,19
lissone,158
ossimoro,1073
sgranare,999
funzionare,238
ups,312
ercolano,444
conclusivo,79
concorrenza,117
goldone,39
bernardare,955
fornello,366
scherzi,536
mattino,84
affrontato,237
taluno,729
falla,52
vendibile,54
amen,223
alternano,146
prefazione,221
attestato,95
aspettativa,157
damaso,273
autoritratto,734
caglio,474
controfirma,290
titolarità,67
thailandia,231
sforbiciata,229
romolo,330
caligola,1285
iscriziorre,61
predeterminare,1084
addirittura,344
bussai,193
riconciliazione,116
ritrovo,82
albergo,290
ospite,151
intercorrere,99
completo,34
deficienza,236
coronare,238
cardiff,466
accettabile,807
abbaglio,36
barra,21
ripido,142
reso,43
klm,108
tenare,71
cavace,640
italianissimo,768
appaltatore,159
clericale,519
rustico,529
deteriore,730
acronimo,71
reprobo,192
unificazione,397
isare,145
mirino,52
pavido,280
chalet,300
rifacere,155
pesarese,613
idealismo,931
sella,28
partecipavare,124
gualtiero,537
bavarese,107
blandicio,166
ostiense,137
garda,88
settecento,208
bagattino,834
approvvigionamente,508
siderurgia,131
meritorio,149
indossare,346
roccaforte,140
banca,230
tonnellato,251
posto,27
riccardare,906
ope,20
protagonista,301
lepontine,124
auspice,39
debordante,569
tinta,152
tonico,108
mazzetto,245
altamura,408
internazionale,49
ucraina,136
reattore,191
nosocomio,189
niente,311
stizzire,496
vessazione,413
gustavo,90
boro,58
denuncere,166
fondatrice,211
cascine,135
mamma,460
onorario,81
tracciato,78
dedurre,288
astrai,84
calcolato,314
geloso,157
veemente,366
assago,108
firmamento,84
impeccabile,522
pazientemente,442
utro,106
appassionante,439
bolerino,34
simbolismo,589
tragitto,146
asseto,107
gancio,259
king,483
comparire,353
sprovvista,219
gianclaudio,331
ino,14
discriminare,286
israeliana,182
applicazione,551
irritare,310
scetticismo,307
sposa,210
cremona,329
piacare,333
jackson,645
bruxelles,156
vela,103
timer,52
insonno,470
vien,85
capire,899
sudamericare,148
ecologia,136
zarista,443
apiro,136
nipote,270
atteggiamento,500
alfare,185
contabilità,206
mazzino,171
procope,385
autonomere,100
nicchia,75
tricolore,222
limare,76
positire,38
chilooetro,64
battuto,849
draconiano,132
principio,362
biblioteca,134
bahamas,148
intendevo,461
giacimento,158
circo,174
camerato,429
timoshenko,46
arare,371
sovversivo,382
grato,224
soave,740
materio,80
python,353
puligere,248
materializzare,941
pre,2
incirca,179
imperatore,455
spazzaturo,104
folk,373
terracino,821
gabbiano,567
urbino,495
direbbero,199
bulinista,292
risanare,80
cattivissimo,900
scelsero,99
parroce,160
sfumatura,653
bulldozer,243
oxfam,42
solare,58
schioppa,91
miss,11
augurabile,249
ibm,187
figurare,166
protezionismo,425
consolatorio,592
tormente,303
microsoft,107
prescindere,869
filare,244
missile,213
petruzzella,492
soffiata,160
dubbia,116
eravare,477
filiare,455
corsare,248
beccuzzo,643
comunque,875
gianpiero,127
spinto,455
ramificato,195
scivoloso,261
transitare,300
mano,95
sultano,330
giungere,116
civita,119
erotico,415
celato,371
imprudente,34
illendere,297
nerazzurro,538
vissure,270
radcliffo,80
tutu,108
bistro,26
natural,216
annotare,236
esame,82
sparagnino,561
repertorio,167
etile,505
bra,79
sottosviluppo,301
togare,92
soffrivo,316
quadrato,75
mobilito,129
ingrassare,109
episodico,350
dismissione,347
bottaio,69
accorse,232
eritrei,192
adito,15
emmo,29
qualificano,107
oca,8
salaconsiliare,146
burrascoso,82
boccetta,589
nardello,1370
rondine,209
molo,328
algeria,331
assodare,413
mestre,44
andamento,222
dow,102
buenoso,67
cooperare,75
stimabile,77
manifestaziorre,132
batteriologico,516
trito,237
stellato,157
trionfio,372
amnesia,80
girardo,1145
fecondazione,161
adsl',322
rossetto,521
autonomo,84
densare,352
diossino,106
veliero,181
naufragato,130
tossico,237
tartassare,250
quinto,74
giordane,251
deludere,370
poderoso,50
piaccia,143
anagrafe,19
bagatella,518
raggiungibile,62
raco,331
annoiare,932
bacheca,14
preavviso,95
lamia,32
riaffermazione,795
connaturare,984
doha,137
birillo,929
itinerante,212
risto,10
pappagallo,646
allibire,706
sorreggere,142
carmine,1229
spalto,358
esibari,444
ergeo,115
gregoria,609
alassio,522
decesso,183
approssimare,434
collini,731
kevin,717
imprettere,419
sanremese,173
spavaldo,1101
panoramica,219
prada,175
fiore,320
accuso,84
ciadiano,223
musulmano,342
quadro,72
nutrita,34
abbiente,249
retrai,5
delto,110
ginzburg,690
intenzionale,763
fotogramma,200
incartamento,345
gravitazionale,787
arcipelago,123
brigare,138
ovvero,395
aieto,41
infimo,311
daria,214
scelgere,109
brown,155
confluari,61
nile,95
recuperare,122
fischietto,224
blasonato,333
legittimare,872
confezione,362
fiaccolato,204
tartaglia,1499
grinfia,273
chiude,42
convegno,97
disturbato,378
presero,266
consapevolmente,792
presunzione,628
pressi,627
fast,73
rufo,66
ricare,253
influire,302
island,307
bizantino,154
unicum,291
silius,148
giocattolo,526
egidio,309
austen,414
decodificare,621
politkovskaja,48
deducibilità,622
ascolti,54
richards,1023
folla,386
mondiale,55
lascino,50
rampe,122
elogiare,190
biglia,42
dolcemente,955
bacillo,357
parterre,209
appartenenza,430
improvvisi,265
stimolante,315
rivista,280
caracas,116
setola,597
depresso,115
analogo,107
mette,31
avvengere,401
canolo,234
scongiuro,202
ripropostare,277
gong,134
batte,68
fattibilità,434
sentere,410
conficcare,1059
seda,3
supermarket,234
rimaarr,48
giuliano,95
sussistenza,508
consuete,219
lanciano,96
governare,174
astro,39
ronald,213
virgin,300
risentito,152
alfabeto,160
ospedaliere,158
misurazione,957
sordina,94
damiano,132
salvatore,673
innesta,81
pulce,122
antecedente,66
gigi,286
improvvisato,380
basato,179
esplodeo,130
mattare,630
nanotecnologia,406
eque,40
teodora,234
neonare,179
spettare,269
ricambio,62
plateale,314
macino,48
eduardo,403
diatriba,79
lazio,156
piscina,482
giustificato,732
superman,544
banchista,496
miope,334
alluso,223
esternazione,560
costituere,127
tipicamente,1018
verificato,513
giudaico,455
sparire,566
terremotare,63
maghetto,187
imparo,60
scongiurare,238
cozza,34
gabriele,596
appannamento,1058
attuala,194
funzionante,181
svuotamento,478
impoverere,276
assumei,54
seguo,116
petrolifere,116
efficientamento,770
intessere,366
obbediscere,192
rimasta,85
opuscole,85
junker,131
revival,161
dissolvimento,243
trequarto,493
polder,59
schietto,208
prognosi,102
sinteticamente,621
esplosivo,167
videogioco,165
accentuato,433
barcamenare,434
portogallo,123
michelina,1152
pintura,909
rumeno,205
lamentavare,342
lineo,21
antenna,75
valeriano,600
barbare,900
bembo,499
maestro,505
hansen,68
affinché,152
natalizio,40
dovuto,105
fondiario,250
parmalat,133
montare,465
disilluso,252
avvelenare,188
trafila,11
forare,403
prevalente,320
disgelo,73
nurallao,346
investigare,210
miseramente,225
sorvegliato,93
insigna,152
muggia,670
zeitung,109
riva,86
allegrio,701
michel,257
sforamento,262
unilateralità,121
illusione,394
matematico,298
tregua,51
camario,985
luogo,18
diligente,43
baccello,1116
stravolgere,316
drasticamente,449
cinema,175
haram,367
penzolo,875
ideologia,1037
nunzia,108
anatra,28
seguente,30
palio,81
colorado,409
iris,24
azionale,151
ducale,371
oslo,60
dovessimo,347
malesia,162
fascicolo,156
spiegel,180
elettorale,110
thatcheriano,200
nozione,782
rivivere,451
farcia,297
estare,944
detectivo,237
concei,23
allarghare,107
siracuso,676
implicitamente,441
jeep,120
aspe,14
farmacie,50
irrespirabile,1087
scaldare,201
accesso,146
talebano,340
circolare,64
raccordo,78
timo,172
poker,45
soggettività,1152
tot,9
oasi,78
paradosso,659
trade,6
avvitamento,734
annapaolare,660
vallario,242
cattivo,195
cugina,336
autoritarismo,1095
nomadio,79
elia,211
istigazione,318
forzatura,591
curio,138
scommere,36
ottomare,217
addizionale,360
mach,498
cosmopolire,625
concittadino,139
consegno,134
inflazionere,163
evasore,83
tese,19
cocaino,241
avversa,411
dogmatico,1020
poveretto,634
sottovalutazione,705
camus,37
faldante,142
curare,136
esausto,27
orazi,14
statiunito,67
ignazio,136
antimperialista,545
califfato,218
moderatamente,168
legale,60
snodare,274
cortesemente,475
impegnativo,148
puntiglioso,364
sarkozy,142
meccanica,126
picchio,232
catenacci,194
chiamato,71
deliberazione,465
sacre,25
penitenziaria,56
bancario,214
tornato,37
coperte,247
emolumento,289
naufrago,164
canzone,457
scollamento,452
diffido,78
verona,343
prevalere,582
superpotenza,134
certificano,111
tamtam,20
prospetto,186
pianeggianto,282
tea,149
dupont,358
conteggio,108
clamore,201
prorogare,279
civitavecchia,549
biomassa,391
geograficamente,360
pannoline,334
pretendire,276
congregazione,223
benese,118
farmacologico,377
pizzetto,597
sgozzare,662
merano,243
lacerante,469
soccorritore,326
pesta,509
rassicurazione,276
giardinetto,718
enciclopedia,320
marcatura,265
farsene,230
mete,74
represso,177
votere,139
botanico,378
vedrete,180
acquazzone,415
considerevolmente,762
vendemmia,113
ottavia,1123
obamo,93
nonna,252
pakistanre,377
estinto,34
scomparse,156
pizzico,278
fiato,53
uscito,30
vana,69
intercore,94
workshop,46
esempio,284
maltolto,118
montreal,307
roccare,981
attentatore,513
vorresti,295
disobbedienza,188
test,29
colore,371
stanzetta,519
stelvio,382
disastrato,228
bale,388
profitto,287
spiegabile,979
memoriale,149
angario,532
affondo,83
katia,58
calvino,605
luigi,256
rimozione,174
insulto,433
guanto,613
park,465
stufo,195
allucinazione,1203
miracolo,90
proprietà,132
ccl,4
sindia,25
sampdorio,692
lesionare,103
modificare,434
impaurito,439
baratta,241
abilitazione,256
civismo,406
smaltire,92
cooperativo,130
diciassettesimo,159
devianti,362
allerto,76
lockheed,182
consueto,164
torgere,399
betlemma,140
dcxi,9
collega,77
brezza,196
ciare,674
ragion,108
compassione,1226
videogame,243
approvare,297
mandare,164
larghissimo,102
mutuatario,254
cioccolato,508
spenda,53
sceglire,281
bagnante,426
toronto,290
ashton,76
rupert,112
triciclo,95
derivo,418
lusco,60
autorizzare,268
mozzarella,418
brema,309
domenicano,322
varco,52
lapponia,82
trasimeno,514
arnese,262
bruciante,185
passerare,190
introduca,163
innocenza,115
debolezza,483
tacente,147
esigere,376
applicabile,650
rimarrebbe,201
nigeriare,280
volatilità,579
acciaieria,109
atteso,89
dafne,208
intendere,219
serrata,76
abazia,185
crudezza,817
appare,489
dole,18
togliattare,240
assistare,67
isterico,967
dedire,117
arancini,545
inevasa,14
coesistenza,581
carrozzeria,216
sfilare,357
ternare,286
calano,150
lassismo,771
rivendicazione,136
contromisura,335
sessualmente,270
antesignano,92
direttamente,76
antenore,383
castellare,1157
dollaro,111
antisemitare,296
rimpatriare,252
imbiancare,1027
facilitazione,619
argento,138
orba,25
avvenivare,161
radunare,382
ruvido,620
inesperto,164
tel,130
ammarato,424
scaduto,71
soggettivo,1120
tinte,235
galeotto,1218
educaticela,112
conduttore,198
slam,332
oppure,112
sobrio,112
firmato,60
acromatico,101
crescare,141
perennemente,81
calcole,28
applere,261
rottamatoce,98
dedicare,184
ricarico,215
diametro,46
uniformare,283
aggressivo,710
vorrebbero,388
calirre,168
ratifica,173
farfalla,559
seicentomila,136
automa,34
diname,6
marchigiano,524
giubilo,163
dolcezza,1003
svolta,55
mujaheddin,454
rice,95
deteriorare,335
ipermercare,231
barricare,532
personaggio,762
applicativo,589
elegger,80
cardedu,1253
nsa,107
ricreare,51
meduno,788
velenoso,259
training,241
ime,12
prospettivo,368
ingannevolo,115
presente,159
indicavare,166
lavorino,39
eneo,22
attiguo,397
dedica,199
nolente,64
pullman,226
nazareth,135
altro,473
nuovamente,125
curriculum,27
centralizzare,546
guardia,59
lezi,86
concerto,347
trampolino,95
luchino,858
commerciale,101
adoperare,263
bengaleso,350
prese,49
boniface,284
rilevazione,177
espositore,141
attentato,218
quiete,281
chievo,565
girotondi,117
condurre,40
mauritania,512
baiso,44
ferrere,974
agliè,57
rolando,623
neuro,157
revisione,354
indebito,183
mediorientale,165
postmoderno,1242
suppone,539
concetto,429
alitalo,120
zibaldone,508
analfabeta,55
suzuki,159
nadal,501
richiamira,98
dirottatore,210
cruiser,73
spartizione,35
promesso,15
fantastica,1204
sbirro,480
bustarella,346
pascal,469
proposizione,1133
archivista,100
scrollare,300
martini,486
confine,55
sauris,113
acquistare,135
tomo,111
vicinissimo,388
individualità,927
ateismo,399
pochissimo,193
assumare,109
crisi,194
weimar,195
voltaire,646
giglio,269
regata,240
ansar,311
registrazione,237
ambasciare,95
alejandro,557
speso,70
accomodare,352
ortles,229
staccato,212
plateo,45
fissare,170
preghiera,200
inverare,693
farcela,140
frare,431
conseguente,430
fabbisogno,374
compatibilità,485
odissea,83
miasmo,336
risolve,74
agostino,1017
ironica,373
ethos,35
inteso,47
ornerò,98
funzionalità,561
escursionista,868
concedere,147
visivo,765
raccolta,31
david,45
loreno,948
contrastante,840
sfilata,224
bilaterale,98
grattacielo,177
gibernare,290
acclamare,246
islamizzazione,574
prelibato,23
stura,21
oxford,286
ininterrotta,73
incastonare,984
piastrella,472
suonare,171
crudelmente,568
mure,31
interrompere,163
rimettere,94
competitività,264
nitido,228
pagatore,101
seduto,74
cafasso,240
approfitto,59
tumore,292
sentiremo,472
malandato,243
questionario,110
subcontinente,229
vicepremier,161
demotivare,280
tirocinio,183
derelitto,428
sigle,85
proseguare,331
scavalca,111
suonato,431
mirko,36
congeniale,1016
berluto,446
conformista,535
ristrutturazione,278
soldone,58
raccoltare,33
beccatello,1712
famigerato,34
macina,69
erranza,87
accentuazione,1247
linfoma,207
sottoposta,163
tosta,181
riquadro,41
grama,275
lottare,109
ravennare,711
samaro,69
ovviamente,975
ammontare,505
degrado,256
cavalese,812
polonia,123
vece,21
padronale,602
messinesa,542
dipendenza,206
dindon,659
quoziente,141
uso,93
bica,4
legislazione,293
affascinato,1528
concreto,338
somalo,376
condanno,306
esprimere,150
ecclesiastico,186
intensamente,255
manufatto,339
occidente,472
dirty,408
cos,53
sentirere,605
strevi,336
compimento,96
saccheggio,226
feriale,39
tebaldo,616
cucinare,747
taroccato,59
rerre,209
raccordare,175
agnellare,34
antitese,626
sacrosantare,334
colpaccio,815
ferrovia,117
binetto,297
arno,284
eleonora,1058
davis,940
low,52
legamento,38
sonos,704
forestale,77
incidentalmente,402
rientrante,87
fiancheggiare,541
implacabile,533
arcano,702
pranzi,176
deschamps,493
severare,146
caterino,1016
francia,60
inderogabile,676
ravera,80
scarseggiare,441
protese,180
binoma,202
taylor,585
rivincita,275
nodale,128
flero,356
concezione,883
armalare,223
tosse,69
covino,72
manicomio,120
marene,1126
pernicioso,1159
europeismo,324
ragazzotto,281
stornare,274
haifa,369
rss,55
vinsero,208
comitiva,218
albert,666
alimentarista,82
ago,13
radioattivo,299
erica,128
appresso,114
tifoseria,158
settemila,112
nancy,102
breda,40
bloccare,231
hoffman,971
dimestichezza,616
chioma,472
rassegno,79
autocratico,516
settantamila,100
glada,118
annientamento,773
gianluco,462
facendoli,60
tranciare,252
ritrosia,52
amicis,400
coltellata,470
frodare,362
garantismo,797
eur,67
sognare,539
spacco,113
parolaccia,795
svezia,100
pintore,441
coppa,469
acetino,226
dracula,399
nazionalista,600
sollecitare,463
concepì,186
zagabria,420
incolpare,908
incertezza,390
bozzolo,890
cinebox,120
disgustoso,1093
guccino,860
palazzina,338
riguarderebbero,476
insurrezionalista,408
sisifo,19
diffidare,322
esercento,92
siringatene,685
declamare,236
cinicamente,1002
islamico,368
fomentare,692
baresso,685
volente,576
catanio,333
liquida,8
schubert,371
portone,377
anticostituzionale,605
ministra,78
essenzialmente,1257
tirrenica,215
attendista,67
iron,214
anulare,229
acquedotto,380
stazza,113
abroghare,184
spensierato,1084
ovidio,265
accolto,52
approfondimento,114
collondere,365
ungherese,154
stravince,158
consegna,74
eccellere,369
scellerato,459
eccedere,413
shock,52
scrutinare,77
dada,37
dichiarare,229
riqualificare,200
fattore,400
dunque,834
creditizio,132
azzone,483
supremo,68
aggravio,520
alesre,359
quino,394
casomai,84
capiscare,651
estorcere,414
duca,82
messere,467
campano,216
rally,230
firma,46
accomunare,651
pippo,215
basicare,244
lunghezza,21
incolpevolo,319
saliva,155
rum,64
intensivo,225
miracolato,300
fassino,151
imposo,32
fiat,220
malavita,219
retrocesso,255
afa,71
celtico,220
aiuola,980
costituire,263
uccisione,320
tiranno,343
lapidare,227
vetusto,176
gabello,339
bisogna,152
regola,135
partecipi,60
bandiero,156
nencine,239
inquadrare,60
drammatizzare,269
improponibile,689
intellettualmente,492
governante,379
torello,1495
cinghio,74
ires,51
dribblare,183
north,248
danzica,134
rossino,506
coll,88
scioccante,384
pote,26
racchiudere,208
bancone,151
alimonia,93
bit,47
violentare,640
realismo,658
assiepare,696
aerea,183
canyon,437
rené,612
abdusse,57
malnutrizione,372
claro,235
figlio,311
purificazione,607
carcassa,873
utente,166
bluff,42
annozero,345
voglio,333
benedetto,208
arrampicare,342
aprir,129
rimanare,151
nicole,459
presuntuoso,1129
facendolo,137
siderurgico,162
ripare,136
individualistico,1176
complicazione,602
immobiliarista,222
idraulico,104
nicolo,446
gire,384
sfuggono,171
estato,306
tenera,345
screening,188
charme,97
garanto,101
goffredore,315
sonno,149
eseguono,24
slavo,152
erario,306
adriano,136
chiese,124
eolico,70
pragmatismo,565
aussinare,372
schiavo,128
argilla,315
nido,39
consegnere,160
aldine,129
stufa,145
anticomunismo,909
rimpiangere,259
lamio,38
ulivo,148
cabina,20
traboccare,440
manovrare,239
eccellente,148
comunicato,104
agata,68
plasticamente,624
svedese,166
lunga,27
petrella,588
reuchle,60
scappatoie,145
riposare,48
stupefacente,102
mediana,147
milare,119
definitivamente,90
bobo,184
sfiorato,182
diminuì,62
ditelo,68
dialoga,24
galdini,106
gianluigi,250
infere,110
fermare,427
rho,16
fior,26
fossile,318
pubblicazione,173
esco,59
dimore,361
kyi,16
accantonato,523
quest,13
madonna,303
maltrattamento,343
ricomporre,256
contrapposizione,961
violante,262
inopinatamente,561
intendesse,266
flagranza,156
linea,24
aggio,63
varano,348
curiosità,345
monasterace,262
cane,124
benevento,1016
incendio,169
cesare,45
sfinire,719
anione,369
operaio,157
columbia,275
quotazione,232
telenovella,218
irrisorio,115
regnare,144
sila,111
espediente,386
jogging,407
taiwan,100
bellocchio,1594
ogm,88
faticoso,123
liberio,101
torrido,306
gaso,27
armone,137
anziché,144
schianto,431
lusingare,357
risaltare,713
nutrizione,304
illegittimo,336
gara,372
ragionier,39
ceduto,90
collettivo,92
maldestro,516
posta,62
dispotico,755
carenza,274
ordire,279
contestabile,996
clientele,216
freelance,71
posizionare,217
las,180
bassista,1004
imperiali,61
second,110
smistare,227
attribuibile,279
mediatico,204
scivolo,127
razzolo,371
fuoriuscire,295
visconte,277
ribaltala,102
integralisto,452
metodica,273
doloroso,201
calende,297
intransigenza,884
cominciarere,275
proteso,152
funzione,143
inibitore,201
combattivo,50
zattera,185
esperto,123
specializzare,316
punire,275
orsù,125
insolvente,170
fase,53
parodia,761
gais,46
apprendimente,153
radice,302
minsk,123
azzurra,583
cianciare,135
mistico,778
garibaldi,429
ladro,150
penare,23
passatempo,1095
marialino,481
relazionismo,620
profanazione,455
bresciano,468
descritto,556
proponibile,511
gianmaria,1241
lacerato,276
appla,135
tardiva,193
frosinone,660
gioiosa,74
todi,56
avvitare,559
colorare,516
allocazione,793
estremisto,593
iattura,228
riutilizzare,365
immensità,183
padello,104
ciabattone,797
varo,217
torturatore,496
serafico,473
accanire,366
tozzo,123
pericolante,425
destro,79
azzeramento,441
parlamene,108
proietto,219
tiburtina,143
timore,255
inserzionista,141
patologico,677
puzza,102
averso,545
fiorde,186
cimo,25
trenino,485
memorandum,46
preventivare,325
sciocco,563
peon,29
amatissimo,1215
preparandoso,83
pergola,35
manzo,141
duro,80
monzese,114
puntato,87
spasmo,436
wilson,959
intermittente,59
sfotto,892
icona,167
duolo,116
autarchico,168
organismo,72
sensore,265
sequestro,110
giotto,580
colgiro,220
abituare,775
imitazione,700
mercatino,457
incarnazione,848
penalizzano,249
platealmente,666
piacque,136
duettare,650
figlioletto,835
newyork,160
reggiare,426
coinvolgento,286
piccine,168
ascrivibile,209
riassumere,202
dettano,108
comportino,95
terminato,150
scrupolo,206
perder,334
diversità,559
affilare,514
assange,83
ridare,109
essendocare,590
goletta,223
gaspare,170
cagliari,732
superiore,77
contraddistinto,635
frase,298
adeguato,310
gita,55
fabbrico,194
anticoncezionale,1079
news,108
facinoroso,492
leo,621
music,371
esedra,398
frustata,38
community,85
questiona,32
elettrico,162
autocoscienza,445
amministrativa,77
rimettare,221
disumano,298
detectiva,254
calamita,11
ostile,508
ancorare,138
tantissimo,569
riappropriare,410
detraere,86
mesetto,1083
azzardo,194
bittare,262
peace,29
vessatorio,339
sottosviluppato,319
carrozzerio,217
vincolare,506
fraterno,198
radi,126
prospetta,205
mancò,27
scapolare,148
aperitivo,203
beatificazione,235
nefasto,265
preoccupazione,244
sfavore,107
titolo,37
poltroncina,454
diffusissimo,346
elisabettare,937
filcams,196
norma,435
eroine,523
anne,183
tim,266
callo,228
bloccate,85
belisario,226
omicida,371
carceraglio,88
pedagogista,192
siracusa,359
melilli,162
ricorrere,111
optino,172
abbigliamento,150
sperimentare,228
difendeva,323
aggressione,479
fidana,506
hugh,532
scoprire,312
ineliminabile,774
sospettato,512
equidistante,812
permanente,15
pallottoliere,121
kart,449
inumare,325
monteverdo,1650
sociologo,245
mesola,50
contromossa,157
volutamente,727
università,156
oscillare,121
meryl,608
saccare,663
panzer,95
mentere,399
televisore,202
custodia,202
finanzia,135
osere,43
nomenclatura,177
primeggiare,905
pozione,811
penelope,207
specco,376
garantire,338
accensione,162
merina,369
provincie,50
machiavello,331
liberato,47
soffio,102
possedere,84
sevizia,244
claire,658
osso,118
dissoluzione,478
concordiare,94
battibecco,293
leccere,1100
picchiare,723
assalto,258
insoddisfazione,571
applaudire,272
astensionismo,256
adottare,278
cuce,30
stimolazione,610
alcione,645
amburgo,282
stanziale,139
sconvoltare,200
corradina,435
insidioso,170
carovana,167
tesore,64
vinco,25
masticare,625
singapore,197
sfoggio,396
egoista,593
raffreddore,382
tatticamente,433
precedentemente,368
scarcerazione,241
congrettere,45
punto,25
culpa,1
fondatore,158
sangue,66
illinois,196
fedelissime,237
arroganto,838
solfuro,147
arabia,317
barale,313
trentaquattro,170
quintino,342
heinrich,358
presagio,171
ingovernabilità,303
socrare,133
chiamarono,196
ardeatino,254
cadetto,205
ghiacciao,198
belluno,483
becero,552
sensibilizzazione,465
macellaio,104
bolla,49
panama,131
immortale,916
belve,501
parmigiano,153
persistere,498
eisenhower,242
banksy,1038
telecomunicazione,230
antisemitismo,276
propagandista,310
nedo,88
istruzione,84
federare,59
giorgia,1198
ridosso,108
astaco,225
riuscire,250
indistintamente,814
informazione,107
platea,30
lineamento,122
denigratorio,670
bundesliga,472
evitere,150
coprifuoco,132
pretore,89
regolarmente,87
pachistare,508
arrabbiare,776
osservar,190
comperare,344
sociologi,183
connetto,26
partecipo,84
antincendio,275
brutalità,818
caccio,669
inghiottire,715
parello,1311
contradode,369
somigliano,127
luca,171
iniqua,161
esercito,397
magistralmente,335
volte,816
aperturare,90
signora,377
attirano,137
valore,96
superavare,260
bisturo,145
peu,13
cameraman,388
diagnosticare,378
scampo,177
squadrista,515
anteo,68
mix,66
piccione,671
togato,68
impastare,428
disorientare,697
sballo,113
dilagare,204
pmi,431
baschio,88
vignettista,222
schiaffeggiare,1330
ritirato,32
due,112
ipotetico,141
risarcire,73
replica,95
cordato,69
diva,473
infatti,388
trofeo,424
tago,83
mussa,324
pantera,305
mondano,120
novecentesco,1010
ragno,220
allea,726
programmatico,215
interpretare,230
slow,12
condanniamo,407
delitto,265
ozono,145
coalizzare,105
genico,424
julian,301
sgomentare,1239
riparare,322
palermitano,344
medicinale,329
standovo,540
ilo,33
rompuy,130
pretesa,643
contemporanee,618
sonetto,335
ceceni,394
dalia,65
immatricolare,175
rossa,296
esilarante,1340
opinar,84
doppiamente,494
eccezione,38
spallo,319
mugugno,205
conseguito,295
mornico,980
inesorabilmente,422
itro,52
dignità,210
intellettualità,799
operator,155
tessuto,91
perdare,147
contraffatto,250
abramovich,180
leccio,614
atroce,495
scorporare,399
diffamazione,245
nascosti,249
rimbalzo,158
vendola,130
sopportato,548
ribadire,336
negrar,396
dantesco,422
radiazione,314
jobs,80
ricaduto,203
vespa,100
inefficiente,335
abradimi,177
plusvalenza,247
devia,52
agevole,132
ferrucciare,566
nanni,120
cesura,264
normanno,385
mentale,269
cognomo,60
vogliano,439
autotrasporto,219
chiedeere,403
backup,309
stagione,54
fante,247
cracking,222
prevale,184
cafè,291
emozionante,589
margere,372
problematicità,854
scoprere,407
museale,87
arguzia,813
limoncello,556
ristabilire,234
stamattina,134
numero,20
ristampa,244
overdosa,155
confezionato,375
sostanzialmente,687
glisso,130
genericamente,673
mecco,13
hosting,730
rotto,83
manifatturiero,184
schema,109
manfrede,616
pettegolezzo,620
stufare,815
onorabilità,249
permangere,245
toglierglio,190
deportato,232
convince,239
contestuale,563
giancare,210
comprendere,798
imbottito,505
apatura,101
amazzonia,192
collaudato,98
primario,91
licenziato,116
tinare,355
ospizio,214
campidoglio,95
sconvolgente,525
lucare,553
battagliero,95
gradualità,557
ferraro,345
evelino,308
sfrenare,480
sovrastare,589
calcutta,217
abrader,268
vistosamente,404
risarcitorio,145
osaka,227
tematico,170
austero,55
divieto,153
accadrebbe,297
yanukovich,69
dissare,849
provengere,132
beaso,351
veronicare,570
cambro,165
sbloccare,77
ndr,22
razza,145
bilancio,63
rifugio,268
borghesia,161
nou,140
sdegno,442
trattativo,104
flacone,90
psichiatro,173
falso,128
mediano,313
parcella,97
bente,232
intrigare,886
parificazione,756
sgombrare,50
bottone,559
riprodotto,386
mary,936
partitino,213
regime,86
bolare,596
lassù,40
licio,73
campeggiare,560
cisgiordano,106
dispendioso,216
tecnologo,208
perturbare,225
gemma,106
rendere,111
stravolto,112
allarma,117
auspichare,220
stimolo,276
vattene,159
rincorre,183
ramare,560
burocrazia,159
marx,212
sanre,89
baita,21
sfuggitare,1045
querelle,111
scomposizione,618
kathmandu,372
declino,277
gand,5
spenti,105
fugacere,128
producano,190
berluscone,299
bocchello,196
linearità,667
balaustra,812
priebe,96
tantum,419
affezione,221
punere,159
brasile,169
ingovernabile,245
ingiurre,343
investigativo,148
stremo,31
utilizzo,469
stanziare,165
immergere,1135
simpatica,519
soggiornare,100
rispettosi,238
naviga,40
conseguimento,246
pupillo,326
sarajevo,249
strutturalmente,928
boccio,960
galere,174
madone,440
retata,251
mediazione,161
crotonese,427
grata,488
celentano,419
scalone,66
babele,76
inconsistente,1033
riconsiderare,815
ispiratrice,266
paride,74
nugolo,665
assegnano,62
apprezzamento,189
fisico,82
psicologo,172
invocazione,381
lucidamente,399
nudità,530
esaurimento,177
an',329
oppo,91
tiberio,201
girello,637
ojetto,75
impaccio,899
caprinico,403
solista,746
bottazzo,235
championship,636
quindi,1421
parabola,298
lontane,129
scenografo,925
duetta,225
garofano,486
underground,451
moderatismo,665
assumeere,74
censo,18
trasformazione,704
casalese,361
mancato,105
svario,88
notes,819
contagioso,559
asciutta,424
sbarramento,88
labirinto,343
angiolino,1015
rinuncere,312
ingannevole,123
possesso,42
carcerato,176
fiavè,206
lettura,195
butto,136
virginio,114
dedicheere,56
acconte,32
michela,620
capitare,460
starr,793
tic,14
disney,179
ornare,446
nevada,198
falcamo,194
dicotomia,801
puntellare,467
alonso,306
integralmente,193
potabile,230
modellare,871
giorgiare,937
tuffo,279
torcia,70
arrandello,300
nascondiglio,371
tritolo,246
fascismo,382
christian,358
arredo,242
zitto,551
smacco,152
lascia,36
asettico,720
bilanciare,279
mcclellan,124
sorvola,49
partare,123
day,50
swing,457
henry,403
continentale,130
cordialità,161
imbrattare,835
cardinalre,193
sostenibilità,476
cirié,332
sinfonica,167
traù,36
venticinquenne,496
austria,243
establishment,302
obbiettivo,109
depressivo,442
proseguimento,141
sampdoria,545
fiaccare,119
peck,386
bering,314
otterre,107
capisco,594
rapimento,183
disoccupazione,236
scorretto,383
esonerare,249
torre,86
menzogno,433
demoscopico,76
deità,445
neghare,255
merino,952
svelare,254
propiziare,261
vallata,169
delors,124
chiacchiere,466
armstrong,202
schiaffo,200
spostare,250
schifo,379
iscrire,16
stregone,151
consistire,278
claunere,264
gioire,176
scapola,96
grafica,305
rossellare,837
missione,73
attivamente,222
rischioso,215
auge,115
qualcuno,635
capolista,194
coordinamente,184
minestra,734
riconciliare,297
malaysia,255
vendare,212
faenza,118
indiare,144
intesa,109
rosea,147
esposta,27
parafrasare,666
umts,205
mappare,322
emotivo,302
sbiadire,372
raccoglimento,77
introvabile,148
nanda,289
preporre,373
staffa,64
sante,173
multa,80
kefir,503
microchip,51
latero,122
abilire,25
gregorio,271
brunettare,320
messo,71
tonio,116
lena,9
reportagere,174
trattazione,220
persia,33
delusione,305
accuratezza,289
amos,38
imparziale,235
dialettica,735
riformato,203
forense,89
scandinavia,116
lussuoso,218
montecchio,1665
ricarica,220
percepire,222
colle,102
sofà,16
assertore,111
firenzo,244
psicoterapia,265
credente,422
inefficacia,797
weebly,495
comporrare,275
rassicura,123
padova,143
stupido,367
briciola,53
valdostano,359
bissare,952
locar,22
ragioniero,63
terminologia,528
yang,73
ergere,70
chiarezzare,593
codice,55
saronno,411
degradato,161
attivo,46
cieli,174
dissente,669
fotoreporter,140
migra,63
caraibo,124
xviii,56
parrucchiere,687
appena,167
ventata,105
veloce,63
cucino,594
statista,116
gazprom,117
manifestira,247
inoltro,111
contabilizzare,422
aiutino,85
deflagrazione,195
forte,108
vergato,115
bigame,787
largho,103
scortese,522
sciupare,327
interministeriale,213
naturalista,658
osamare,403
ordinare,168
archivistico,248
espansione,371
giustizia,31
intelligenza,594
amorevole,708
cipolline,406
osanna,30
incolumità,57
sentì,162
merrill,275
steso,400
quark,153
invidere,720
ode,115
beatles,515
riesumare,89
appannaggio,195
concertare,143
vincare,224
casertano,531
tutela,174
gianella,1347
affluenza,62
ghire,436
parimenti,270
sfascio,115
gpl,13
gechi,81
kafka,455
sorveglianza,78
difficoltà,188
rivo,76
controverso,124
ricevuto,69
odi,6
danimarca,124
bandolo,42
fermento,241
gladio,89
convalida,206
amministrazione,51
contropartita,161
tutt',44
province,50
esser,143
degradazione,567
deflazione,310
sciatore,454
google,141
moore,414
aspirare,70
spianata,341
aquilano,196
squalifico,473
elea,55
carrubo,51
virga,48
elegantemente,336
manto,210
friuli,143
stacco,67
inducare,329
beffo,167
russia,100
dottorato,155
pillola,118
urto,69
privatizzato,123
fotofinish,220
marciano,222
cancellata,90
distaccamento,114
proibito,68
mutato,125
borbone,237
visto,44
cessare,103
pirare,71
livello,126
cambiasso,507
personalizzazione,1487
appollaiare,925
lattiero,238
reggono,103
guidale,819
robertino,286
compressa,63
uzbekistan,203
minuta,28
unificato,36
bear,397
netto,53
adams,665
moschea,288
wal,72
arido,75
macedone,196
lardo,204
pubblichare,240
redino,13
guaare,146
mortaio,452
tondino,444
bowling,192
torace,236
praga,168
interpellare,236
neoliberista,465
volano,54
gromo,143
ordinativo,310
teoretico,496
rinomato,291
spettrale,869
spregio,225
dopo,230
fassa,7
crepuscolare,1576
volonteroso,57
guarguaglino,140
veemenza,454
avidità,621
complimento,443
piadena,116
assurde,801
procreare,118
bure,152
desto,35
moody,68
verificabile,806
borace,1027
manifesto,88
redattare,163
permeare,966
lee,225
concertazione,196
resterebbero,410
sversamento,352
vincenzo,461
nuoro,335
lascare,144
politologo,199
flag,127
medialo,38
ripercorrere,204
times,216
solleticare,709
scaramanzia,405
paritaria,53
virile,671
esulta,200
diaria,15
jim,485
comprato,278
prevarre,381
contrappore,832
scout,38
thailandese,281
frasca,583
riciclato,313
motonave,347
spianato,335
artefatto,971
portaborse,221
pinna,132
sanato,23
beast,412
foligno,1095
irridente,911
interpellanza,153
folclore,863
insediamente,97
samsung,130
versatile,371
sterilità,437
interessamento,237
banner,246
invitire,316
fiero,125
manco,132
pubblicizzazione,429
punga,100
metropoli,43
elton,580
impazienza,642
cremlino,111
gonnellino,671
accessibilità,574
allontanare,614
sommario,367
bracciolo,1112
retrocedere,134
piare,370
asportare,376
onofrio,265
adrianare,411
connivenza,453
funzionamento,543
presumibile,174
deprecare,271
snellimento,543
fil,32
brandeburgo,249
sfogare,651
federar,359
stabilito,344
beante,30
visco,78
sestriere,767
comacina,51
spugna,82
applicabilità,771
favorevolmente,270
venezuela,97
gomorra,79
viatico,58
fuori,80
stralco,148
connotazione,846
lentezza,33
glio,176
woodstock,731
sognatore,384
cremonese,715
lenire,186
ammonizione,327
sentenza,176
disegnato,428
insetto,854
merz,543
invalicabile,182
copto,329
manca,23
recepì,38
clientelare,281
perestrojka,162
eroda,73
preminenza,353
scoramento,690
mortadella,547
benché,275
fragoroso,484
moto,57
brama,21
tecnologia,318
istatre,70
hiroshima,86
accanita,100
camere,169
garzante,428
aro,6
sinodo,112
mutilare,119
feole,27
schizofrenia,193
flavia,214
lunar,20
moltissimi,78
scherzosamente,1020
ripescare,115
lupi,47
xxiii,127
birignaio,204
liberte,605
bimba,276
ceto,78
disdetto,137
propagandare,586
conclamare,172
felliniano,187
componere,223
assolutorio,226
pool,26
iridium,22
scaramuccia,343
celesta,601
già,331
congenito,329
lattina,477
xenofobo,188
casone,197
violentissimo,672
sbraitare,728
bobina,192
triplice,12
michael,476
ragionevolmente,552
boicottaggio,45
congo,160
pomicino,123
governatrice,121
terminator,169
propaganda,297
immacolato,165
accumulare,132
apuare,991
riformare,355
equipaggiare,260
massiccio,82
documentare,271
clone,180
vertigine,200
amputare,254
barbarie,431
cautelare,241
contrordine,289
riproposta,223
ininterrottamente,125
andrebbe,139
creditore,256
inoltrare,219
temporale,134
antidemocratico,561
set,176
servo,122
cimole,112
cab,114
riconoscibilità,780
penso,111
sabino,508
urticante,902
impetuoso,375
elga,372
barocco,682
inail,55
eseguire,43
blackwell,875
manipolato,553
morgana,319
enea,7
assolti,166
conta,59
tripolo,313
infernale,368
truccare,164
vasco,141
antipode,114
cannello,990
polacco,135
salutare,299
disponare,368
vendetto,303
trentenna,436
filologo,520
esilaro,60
moab,42
remo,16
chiazzo,1428
geologe,35
spaziale,102
insanguinare,457
cividale,600
metrare,188
ollandevere,228
escamotage,235
rotolare,1083
venuta,11
strambo,309
tatiano,285
cardè,464
propongare,447
bombardiere,163
sovraffollamento,111
lauro,471
toracico,251
affissione,108
trend,63
freddo,36
malato,359
finché,145
australiare,597
sarno,105
rassegnato,638
riavvicinare,225
macero,38
montiano,147
montao,261
prodi,119
adolescente,379
solferino,34
monatto,40
mettevare,329
satrapo,139
concepimento,277
liberalizzare,220
circolazione,66
benire,783
gheddafo,185
mediato,39
edmonda,215
abrogare,152
natalina,596
mcewen,434
polista,163
frullare,918
pagavare,220
figa,112
antiquato,204
ribadite,194
sentano,249
rieducativo,125
famiglia,112
marzia,319
utopico,921
speculazione,150
soia,306
dettame,157
videocassetto,247
attimo,222
invaso,253
rasserenare,201
impiccato,217
infetto,350
curato,131
fiorenzo,1041
comprimaro,203
lessicale,877
malumoro,203
suddividere,123
alexandra,60
spalletto,808
terrorizzare,1159
terlano,708
bonomia,14
harari,111
indicare,191
utilizzavare,441
praso,94
commare,328
brembo,199
indulto,98
innovativa,228
balena,340
cosi,213
integerrimo,502
evi,3
mimma,936
martoriare,414
cassetto,172
messico,264
snocciolare,139
ieri,223
autofinanziamento,186
negato,78
open,62
discorrere,497
giovanissimo,557
interroga,69
razzo,150
problematico,694
baldo,995
ironio,624
astore,408
formare,144
qua,51
errante,68
imprigionare,448
robert,636
zola,206
neva,142
talenta,375
minale,27
diramare,127
apporto,155
usò,17
pluralismo,361
yitzhak,140
porgere,110
corale,356
extracomunitario,199
tempestivamente,305
bullo,356
ritorsione,343
inappropriare,507
nonetto,1579
drogare,191
pippole,217
unici,7
baronare,237
prato,599
tracciare,135
tatto,43
obesità,311
oppressore,273
stagionale,125
one,97
nemo,191
animo,209
hong,95
abanese,347
sorpassare,260
cordaio,264
bighe,44
filmino,145
simulato,80
blm,189
utenza,137
spodestare,334
lanterna,487
ammortizzatore,308
obbedire,124
fondamentalismo,765
eredità,23
poe,105
scaramantico,1056
malversazione,325
cartignano,883
crucco,70
petrino,803
rooney,660
ermare,282
ridire,395
scandalizzare,1075
animatore,183
divano,525
scontrare,510
azzeccare,713
cinta,414
gambizzare,463
ponderare,360
risolvare,186
sepogliere,599
coso,91
onesto,137
dogmi,272
hopper,692
detenuta,82
infarcire,295
willy,184
deposto,239
intensa,94
parametro,214
costruttivo,342
avvarre,42
raccontavare,487
aurelio,181
recavare,595
rodere,411
tirato,444
presse,61
sistina,66
separatamente,271
tengere,75
piantina,384
ricambiare,300
sciolgere,33
sociosanitario,345
angelina,289
apparentare,270
dente,66
rinascimento,669
sferrato,216
eticità,484
mazzè,78
antonveneta,265
costitutivo,349
nazio,71
venduto,152
meccano,69
tentazione,528
msi,53
compagno,104
rimarginare,492
flashback,161
pasoliniano,739
ermellino,683
farmacia,39
insorgere,376
rinvio,330
coautore,470
summe,434
bombardare,508
elisa,446
saharare,215
bugno,781
razzismo,211
infra,12
imprevedibilità,831
spiccato,338
moscere,121
artiglio,206
saper,139
ulster,140
arrigo,434
valverde,406
novantina,157
irrazionalità,1584
ricacciare,127
concistoro,155
postumia,103
messinese,500
pantano,71
operazione,71
ristretta,14
valutare,320
teocratico,449
janjaweed,609
convogliare,191
vastissimo,479
dettagliare,336
officiare,152
dentista,83
risalto,225
distorsione,738
penombra,1070
plico,98
accora,107
maiare,315
nobel,51
impiegare,238
riabbracciare,608
competitivo,271
poggiare,171
fintar,255
macchinazione,764
rigidità,332
sussurrare,761
ammesso,222
sborsare,284
discriminante,602
convinzione,647
spruzzare,768
rimprovera,359
rachele,289
gassare,147
gehry,925
votato,134
arba,16
passeggino,430
ibla,193
appropriare,415
intercettato,84
omofobia,88
rhore,906
financa,47
carduccio,1278
inneggiare,400
stendardo,269
johann,375
manubrio,589
cofano,307
gioielleria,91
divisa,262
cat,618
professionistico,199
centrocampo,394
valsa,33
alleare,169
venditore,287
padellaro,168
distingere,639
scaricabile,165
dylan,367
allarmare,358
ibarra,218
gommone,255
amministrativo,71
buddisto,122
atalantare,738
affianchare,172
strisciante,499
puttano,842
sintomatico,597
smussare,101
ping,33
idrogeno,289
incidere,174
vegas,119
capellino,848
gettonato,115
frutta,385
pasteur,128
rubira,182
laureare,126
info,26
airfrance,190
belgrado,146
aleme,113
irlanda,81
mtv,198
orma,164
finalizzare,274
pettinare,605
biodiesel,278
cautela,89
ricucire,53
ettaro,132
nascente,217
pessano,134
rtf,88
renania,66
ricader,20
distruttivo,987
plastico,465
pane,89
ammaliare,1310
grandioso,403
quarantennale,83
politichese,715
largamente,373
torpore,221
vincitrico,98
piantare,469
unitamente,121
ricongiungimento,173
accortezza,240
plinio,117
pomare,219
serata,130
inanellare,120
castigare,130
predisponere,323
treviglio,695
decapitazione,185
conferire,77
oltreoceare,66
asia,190
settembre,89
sovrano,27
brembata,277
licenziamento,147
carcero,120
riparazione,196
cleto,172
razione,44
permettevare,410
tali,476
imperniato,262
fernandere,631
monsignor,218
patton,412
promulgare,173
miriade,112
gargano,509
consolidare,240
pdf,63
occultamento,365
irrompa,34
gamberone,980
bardo,782
polita,41
immutato,65
introdotre,209
dlm,92
astrofisico,80
recluta,104
acquea,101
indiretta,50
gera,156
precaria,66
faver,139
balletto,256
calcinaccio,868
davida,215
eros,74
giungla,15
andreotto,155
game,173
navarra,183
capiscere,1015
transitorio,314
mecca,16
squilibrare,418
influenzale,228
provocatoriamente,851
correggere,169
grotta,204
castelli,363
dilettantismo,458
impegnare,109
jugoslavia,132
sonu,23
legaccio,99
vivente,295
invisibilità,468
fulvia,439
etere,17
barbaccia,923
etiopio,408
allarme,63
vedre,139
stranezza,732
decomposizione,563
pinzo,272
cannonata,514
immunità,85
qualvolta,618
burrasca,40
concludere,258
gonna,320
priori,223
luterano,237
degenere,308
pecorella,262
premiazione,274
comica,355
cccl,201
ciliegino,161
abdul,380
artificiosamente,1143
riflessivo,430
malinteso,571
sozzume,161
inaccettabile,413
civiltà,289
nunzi,382
logoramento,592
briciolo,79
elaborare,123
approvato,364
fuggono,346
rugby,307
deformazione,968
praticato,275
giudice,218
parer,74
miliare,34
verrebbe,211
solenno,109
bizzarra,585
destre,56
centralità,592
penultimo,114
nostalgia,352
gliele,36
hassio,414
live,197
laverao,478
ermere,167
verde,30
logistico,157
ballotto,412
avida,326
asolo,372
inammissibile,421
clandestino,212
paganello,483
midollo,321
impreciso,286
erve,168
fessura,797
agroindustria,202
evoluzione,276
annessione,180
gran,20
cagnotto,299
padiglione,136
imperia,114
frontale,38
dossena,713
carolina,120
congiunzione,70
canzoniere,984
testicolo,300
noverino,523
scare,288
genoa,436
deputato,247
ballerina,452
incredibile,95
teologico,400
coreografie,933
acerrimo,92
settimana,205
materialmente,426
pesa,9
preso,27
schizzo,664
caratterizzazione,1207
scoprare,646
giulio,157
salvezzo,154
diligentemente,267
esibire,279
ravvisare,342
vilnius,29
mohammed,408
coniolo,537
opa,188
bandierina,335
insistare,548
raggiungere,64
shein,255
aia,24
ottanto,168
suino,214
risposo,63
inimicizia,458
prosperità,241
infuriato,350
contemporaneo,918
scoria,193
degenerativo,530
massoneria,95
comasco,338
pranzare,446
pilone,258
scorso,127
rancoroso,773
merceo,48
destrare,492
anticarro,323
goffamente,691
impigliare,992
contropiede,396
exif,16
rossonera,547
ridiscutere,296
conflittualità,903
cronache,329
taglio,220
risalire,108
requiem,440
solito,1136
care,179
forum,59
perugio,306
nerio,300
scomunicare,266
verare,113
vittorino,1233
appeal,110
credare,338
jenno,455
nicolas,219
rigoroso,229
trasloco,42
paralisi,125
sbocco,234
colpevolmente,422
bui,45
tranquillamente,648
afroamericani,165
istruttoria,257
lancaster,530
moderato,265
presenza,43
abroghere,399
aggiunto,54
annoverare,83
dakaro,178
briglia,191
fiocco,489
metastream,479
proletariato,178
gogol,473
condottiero,772
risso,116
saggistica,243
chiosa,89
moussa,605
ambigue,520
nervino,89
impersonale,941
conoscitivo,321
frustrare,337
nemesi,173
streetre,105
ottimale,421
centriste,281
graticola,68
abato,1145
arrendare,291
organizzatore,103
flora,20
settario,801
piazzamente,231
mogge,196
thiese,141
condotta,261
contundente,576
torretta,61
cohn,267
arricchere,130
pensatore,544
deludente,185
coordinato,125
espulso,53
aderenza,118
dinnanzi,83
anelane,534
cittadellare,256
percepivare,99
palischermo,245
ripagare,193
sintetizzare,238
madame,266
fuoriuscita,180
chiarissima,481
abbare,74
caporedattore,295
ballerino,370
commesso,223
positività,35
bardelli,1165
stadio,162
saltere,154
town,265
scorrevare,996
pneumatico,291
isida,446
contestare,374
tragicamente,438
radar,137
egade,87
apprere,301
keniano,49
persuasione,871
discutendo,311
attesa,116
sproporzione,500
avana,161
combat,50
cia,75
persiano,321
naturalismo,1004
odore,95
riaffacciare,479
incrocare,51
scolare,107
alchimia,133
protetto,82
insegna,62
soglio,6
baruffa,135
blocchare,177
piu,8
costantinopoli,334
guinzaglio,88
yale,184
respingare,238
angelica,498
tentativo,125
simbolicamente,87
sabrinare,749
cavetto,1154
frena,82
reggire,101
dure,23
genocidio,217
battaglia,44
croce,67
ferrare,280
accoppiare,123
accetto,99
foreign,212
ashcroft,478
cinquemila,109
alleato,94
ripiego,68
costringare,577
conte,441
afganistan,388
fusione,159
visire,273
sparatoria,462
soggiorno,79
fitto,36
accerchiamento,304
perse,27
contenuto,288
menu,98
subalternità,967
logico,826
irregolarmente,151
imperante,1055
calma,28
bellamente,233
robbio,61
hood,386
trasgredire,218
cittadinanza,84
sfiduciare,166
savoia,79
ascoli,532
controllanto,350
lampione,1140
saggio,241
recapito,116
postume,118
rudimentale,296
finora,158
genitoriale,365
chimica,102
giù,216
furgoncino,676
discorso,106
manovratore,242
violenza,367
biocarburante,372
gianna,958
fucilazione,429
risplendere,923
cromire,131
preci,42
petrolo,151
piove,143
meritato,158
monotonia,371
provare,166
luttuoso,252
compianto,714
clarino,866
fiammare,132
giudichare,322
darebbe,89
testimonianza,124
volessimo,471
telo,161
ennio,359
sciagura,128
lettone,166
factore,46
bruciapelo,747
redditività,477
arbitrariamente,728
entrante,31
fastidioso,350
porcinelli,633
kalashnikov,403
attivazione,660
macomer,10
ingolfare,198
frequenta,121
scudo,24
piega,250
inzago,611
centino,651
sgomitare,684
spaesamento,1022
marianna,609
myspace,372
lazise,127
stamattinare,163
artigianale,134
trovato,127
fra,70
mimato,124
gentleman,210
pronunciamente,311
diana,120
scomparere,500
carmiare,211
tafferuglio,253
incomunicabilità,1096
annusare,945
derivato,313
reggina,508
ferito,209
asociale,42
deroga,176
conscio,299
amanda,114
regalia,89
braccio,120
evaso,92
croma,90
colmo,113
malta,124
sibare,178
irrompe,215
paralitico,43
umanista,340
promossa,84
vota,75
tank,37
tobio,16
salvia,693
pillo,37
nesta,482
asimmetria,542
undici,111
intervengare,235
mila,153
malico,239
annullamento,419
fretta,137
conforto,240
antireligioso,339
islandese,234
piedistallo,327
mise,3
cinquantamila,119
considerare,467
stasera,349
camonica,270
morolo,131
zeppo,138
turbamento,164
ballar,513
jazeera,215
ascese,96
parlavamo,415
impor,50
cresciere,152
discutiamo,276
ipotetica,114
mettermo,192
aviario,182
lento,94
negazione,966
rinverdire,277
chongqing,89
adulta,206
bengala,310
disfacimento,697
solidario,99
banteng,195
gino,77
follo,62
schiappa,42
manna,26
profetizzare,487
tradottare,185
bora,202
shampoo,138
abire,893
accapo,39
polvere,728
faidare,299
lancare,86
cimolais,73
reclutamento,131
connettività,295
regimi,153
aberrazione,1194
indignano,285
louvre,275
festeggia,130
zampini,399
zero,4
scuotere,403
ergastolano,316
pole,23
vietnamita,388
barzio,157
balneare,63
trastevere,127
aurico,76
pensionamento,395
arrivo,100
bonere,899
stallman,938
chiedergre,354
attere,180
paliotto,1133
egli,213
fim,158
secchia,166
broglio,71
imola,204
doriano,799
riprendere,189
distintivo,640
fratino,138
scottare,171
globalizzare,182
sdoppiamento,685
rarissimo,537
energico,53
mondragone,615
agonistico,164
improcrastinabile,1119
granbretagna,109
miliband,241
discordante,410
performance,57
modena,282
utilizzatore,291
intermittenza,29
valorizzazione,469
carlos,281
rimarrare,106
smalto,55
reticenza,322
cistico,246
cli,13
fallere,91
direttorio,148
mastodontico,423
tiratura,82
bancomat,118
immutabile,328
servire,249
sarcone,182
enne,118
palliativo,243
autocontrollo,161
torte,361
coll',40
celebrare,161
civello,1516
annale,79
eccelso,146
patriota,198
downre,506
reprimere,389
sfortunatamente,372
spericolato,710
impallidire,844
instancabilmente,436
centimetro,219
luras,182
purgatore,760
assassino,541
sortire,119
disamina,223
associativo,104
affido,57
montepulciano,859
attestazione,191
salario,187
masie,241
scompaginare,84
guardian,306
barometro,94
scuola,97
svastica,284
ridefinire,508
procedimento,322
bornago,42
twitter,53
accogliare,153
matita,137
depressione,418
danese,179
nasdaq,154
oviedo,58
pero,43
arbitrato,136
nepalese,366
scortare,584
ticinese,78
frigoria,81
supponere,1037
purga,65
caere,118
archeologico,142
portante,119
grecare,64
mediale,115
manipolo,296
allestente,229
superlativo,933
collettiva,29
cippe,306
sconosciere,356
grancassa,262
sventura,176
contrabbando,110
scuolare,153
luana,187
meschinità,875
pulmino,631
biparto,24
sindacare,201
parère,36
carissimo,401
saul,157
aspra,51
orbito,468
portasso,246
paracadute,152
perenna,507
finanziamento,236
vitello,644
ominido,135
oceanico,196
bazar,65
mortensen,893
televideo,167
coperta,599
impresso,373
scaltro,763
patriottismo,727
circolo,15
basaglio,162
bbs,47
hans,386
nastro,189
estensione,383
fenomenologia,832
achea,50
giogo,205
collo,172
mastroianni,593
funerario,58
necessitare,501
sfracello,119
conciare,549
nilde,72
ridotta,244
postura,98
redio,121
novembre,76
rovesco,189
simun,131
florina,811
poetesso,920
tranciano,71
sconfinato,675
incontrato,38
spendere,211
indennità,227
futurismo,582
aspo,12
supporre,400
attraverso,106
seoul,192
bellomo,1418
interna,27
sahariana,255
schedo,55
inadeguare,467
lavorato,268
portata,152
richiedente,184
calabresi,399
tumorale,503
prelà,27
irrilevante,502
aiutateci,182
deflusso,106
ricollocare,133
tessera,20
spaziare,136
poema,682
immaginare,670
discretamente,548
amazzone,705
equino,38
trionfare,259
preciso,297
lella,710
eti,280
associated,146
autocorrezione,313
quantità,239
inps,105
sas,81
definivare,450
doc,83
eccoci,100
romney,175
picche,16
doppia,48
ruspante,392
crere,173
sparì,119
infrazione,100
sfamare,390
oliverio,571
rimonta,451
compattare,367
intervearr,96
riformulare,236
dolce,525
sostenitrice,61
carasco,873
pelo,300
venturo,325
terza,108
sfugge,165
nino,260
annunziato,198
sbocciare,518
ateo,178
diminuire,289
ignoto,113
ricavato,150
rifletterere,592
cacarella,1658
acnere,1099
stellario,52
spiazzato,505
conservatorio,285
deutschland,154
ufficializzare,236
conseguentemente,1192
gassoso,103
sbarra,159
casimiro,158
beat,124
nunzio,240
branda,241
hobbit,201
ottearr,70
universo,627
poi,437
morso,184
meter,239
boccata,29
diniego,177
assistente,58
connazionale,189
fanteria,328
rafia,319
talk,128
juve,490
intimo,206
sussidio,329
accentramento,260
orologeria,67
rimo,21
rinascente,148
zuffa,159
messianico,698
bonzi,432
genia,341
independent,91
scostamento,660
bruciare,492
abbandonere,397
congolese,236
gif,69
magda,135
williams,289
pietra,95
dolo,110
habitué,264
sgretolamento,547
alfabetizzazione,388
font,139
edward,288
ingegno,134
andriare,281
seduta,36
scrutatore,51
riflettere,361
tappa,63
pabloe,177
buttar,200
roba,332
furibore,346
apparse,121
architettura,261
impiantare,224
stregare,774
berlina,229
liberale,297
bidonì,231
presa,18
urno,34
bull,207
leninista,604
tenacemente,292
cigno,284
accia,25
salmone,197
mamelo,108
audino,291
chiederare,385
massimalista,748
sventolare,478
pianerottolo,808
kurdistan,359
tutelato,292
colluso,292
kitsch,20
autoferrotranviero,204
seppia,217
cocker,161
garfunkel,875
motovedetta,316
pergolinare,34
darè,150
usciremo,222
settarismo,939
busto,179
primopiano,78
umiliante,328
maggio,105
consumato,65
cristianesimo,552
paluzza,128
fuorviante,955
croato,142
rozzare,259
yamaha,160
scegliere,221
tantino,138
indiscriminato,392
senno,392
ebreo,159
claudiogandolfi,446
esplicire,329
fotogrammi,352
prontezza,131
scoccare,246
gratta,94
attrico,423
francis,376
lungomare,750
glorioso,237
miraggio,115
lettore,203
sfrecciare,618
regolato,339
torres,209
inco,38
astronomo,91
strizzare,814
bayrou,108
levare,291
angola,92
scolario,109
sperimentato,199
appariscente,827
gonnello,454
seriale,88
coach,585
antenato,331
tranquillizzare,427
ancelotto,525
addolcire,207
paoletta,1674
esto,66
gazzetta,39
giuslavorista,79
statale,146
esclamativo,698
immancabile,579
tasca,155
adempimente,292
convento,296
parella,1306
guardasigilli,136
catherina,137
pedine,70
rader,136
palace,521
flottala,280
agivo,67
controcanto,1077
noleggio,108
professoresso,262
lamberto,1872
orchessa,161
sinistre,120
salacità,374
fellone,774
freccia,158
aureo,16
andato,110
berto,69
bullone,440
excursus,124
spiegamento,271
ato,32
concordia,85
ghiacciaio,368
corteggiare,448
jaguar,228
emerso,42
ilvo,13
rasmussen,141
alcare,89
nozze,35
errore,151
vesta,149
elusivo,171
muto,328
bonaccino,1354
apparizione,403
terrore,442
balocco,415
esbore,372
complimentare,757
cercare,237
premere,148
gioco,40
rispedire,141
neon,124
misericordia,256
berla,75
chicchessia,180
oratino,81
professionismo,395
lenin,105
bergamasco,435
pseudo,642
diamante,37
componente,61
rimpinguare,298
dose,123
shakira,410
risultante,382
finalizzazione,698
colata,473
psicologicamente,419
norcia,203
stipendiare,81
servitù,51
decapitato,416
sostenitore,116
accra,17
sudest,359
passino,312
tymoshenko,73
dicesse,345
copernico,69
vulcanico,214
modesto,220
bollando,146
bse,100
carruba,30
inaspettato,265
qualifica,93
polverizzazione,714
rivelatore,910
matrimoniale,76
messina,450
cinare,102
scudiero,364
eretta,74
graz,956
resoconte,122
atteggiare,408
rimando,212
latera,59
capì,98
osteggiare,549
inquisire,424
gammata,2
emilia,254
aduli,129
nondimeno,105
edulcorare,613
silverio,1323
fatima,147
pretesta,672
frammento,234
ultim',104
windows,125
lisbona,50
penetrante,312
corriere,104
rilancio,281
ribadito,292
velivolo,204
adare,179
consecutivo,204
fedeltà,146
raffaela,145
disarmare,481
muove,8
vanità,100
olbiare,328
immemorabile,341
riaperto,54
emettere,114
torno,53
confusa,573
laicato,265
diseguale,455
moavero,141
judo,416
incenso,44
lapide,201
pallino,332
unicità,520
sud,129
bara,174
invischiare,961
profilo,34
sortino,106
cci,434
attare,368
intergenerazionale,1177
delimitare,238
placca,255
garantista,171
utilissimo,645
credenza,587
vigilia,172
calavino,264
congiuntura,248
lenta,38
spandere,186
rottamazione,52
dilatorio,387
baraccopolo,563
teologo,268
accusavare,456
rinviare,366
accapigliare,1825
artigiano,90
corrado,95
yukon,53
immagine,149
aco,129
duttilità,515
accorge,375
rilancere,116
frenato,197
provi,110
candidere,370
umiliazione,262
culinario,417
gnocco,339
perimetro,118
penalista,70
incognito,59
infastidire,1071
abbacco,251
cerda,373
cesara,366
render,17
asservimento,458
noro,223
vulnerabilità,415
recare,121
afferra,70
controbattere,120
nascita,76
glasgow,290
cruz,261
yacht,102
oberare,126
lotto,25
incrociato,24
montilla,691
offrire,133
diciamolo,225
comare,65
accentrare,245
ultradestra,360
scintilla,232
steve,450
youth,799
gianicolo,926
sauber,344
editoria,46
abate,547
giorgetto,667
prelevare,157
rabat,236
doppiopetto,1309
cirenaica,315
imprimere,189
araba,249
cessato,75
marnino,21
victoria,95
convintamente,504
irachena,330
lapidar,177
memorio,258
enego,102
detengere,97
anastasia,694
oortre,12
alce,78
coatto,27
spengere,410
decurtare,281
anagno,432
lodovico,1074
roisan,607
espiatore,48
marco,302
cnr,23
herman,313
voto,166
antinucleare,68
nessun,91
santine,333
fete,248
lacunoso,214
maligno,145
argomentazione,742
assenteismo,58
compie,8
sonda,59
macerata,549
alaere,31
fresco,185
respingere,234
pedio,229
teheran,247
ambivalenza,1084
intestato,150
maturato,68
vincenzore,575
fondamentalmente,1173
chiarificazione,739
fragilissimo,647
sfortuno,45
emergo,54
capostipite,558
disavanzo,227
idilliaco,410
acese,354
immensa,136
ada,56
user,4
psichedelico,1123
invogliare,184
surplus,150
ivoriano,353
vicentino,653
vendicare,499
scomposto,335
originalità,866
strutturare,844
giro,79
benigni,254
benestare,217
inappellabilità,300
sapevamo,327
agganciare,131
ozio,26
solitario,719
corno,180
militar,209
armonico,213
diabete,304
sintetico,366
airways,175
anticrimine,86
turca,90
teodoro,126
sommesso,338
ornella,434
alitalia,97
incognite,99
manila,241
annuvolamente,221
decano,180
tris,389
elettricista,54
multietnico,56
trascrivere,363
atomica,56
caslino,62
scadente,73
eccia,467
inficiare,822
click,139
sovraesposizione,527
balduino,921
latitudine,344
ondata,105
podice,588
inesperienza,485
berretto,1032
transgenico,505
municipio,132
quercio,202
guaitoso,194
vegetale,288
ottangere,139
troveretere,155
intangibilità,639
carrozza,73
benedice,101
legalmente,126
stano,125
freddia,134
seppur,48
evidentemente,2113
pinocchio,797
canestro,686
lato,24
attino,163
faso,61
locatello,774
jeso,71
esplosione,261
benservito,111
medaglia,88
net,75
protettore,114
località,114
belgio,134
diffidente,595
rinchiudere,246
bassotti,190
brutto,142
arazzo,200
diciassetto,152
cambiato,100
corporeo,558
neorealismo,939
serina,31
anda,174
cpc,46
migrare,124
liba,44
contributivo,390
contribuiscare,412
umlaut,416
svolgere,70
riccione,1207
divulgazione,199
scaraventare,1367
arcega,45
eguale,137
galantuomino,471
sembreere,206
sogno,167
annuario,164
andini,196
limire,311
pineto,521
schedina,68
vita,70
bassiano,186
pezzo,114
drake,765
ortodosso,165
ferraris,569
bava,44
pozzetto,1011
decrescita,384
avvenire,100
regolamentare,575
circostanziato,418
resa,17
berlusconi,145
locarno,284
balmonte,945
munizione,353
trattore,769
insù,26
focolare,194
bolognese,330
preparere,112
costruito,232
dimostro,93
trentacinque,173
lunedì,154
professoressare,372
eco',492
oncologo,192
brindare,124
bussere,233
coreografico,861
morfina,278
viviana,295
sbrigativo,339
riconosco,416
giandomenico,554
fattuale,254
zante,248
controparto,91
concio,50
apparivo,184
cronista,169
traccia,121
aspirina,98
sten,88
portoghesi,111
minatorio,55
quartierino,168
zia,47
incedere,450
eire,65
polverizzare,589
cavolo,274
assangere,144
cassintegrato,182
help,363
leggenda,141
gandhi,12
lecito,270
claudio,391
accenno,143
patù,363
rom,45
pesticida,341
rospio,35
porteere,256
ultime,80
omaha,79
estrema,137
colombiare,240
caso,201
rinfacciare,857
premeditato,319
nazione,99
radiare,17
denno,92
tonfano,208
areare,316
schiodar,131
performing,40
mihajlovic,468
specula,48
altrettanto,342
sobborgo,313
decisore,214
ruba,42
imperverso,657
amianto,149
sponsor,60
ringhiera,799
scandalistico,873
ritenere,449
moire,623
impressione,1396
minuscola,232
indette,100
annodare,97
celebrano,162
macabra,124
sperimentalismo,635
testimoniare,193
dodicimila,143
gustare,100
galare,326
bill,244
macere,231
montanello,398
parido,302
renata,25
concitazione,671
gere,903
blasfema,308
lumaca,125
arenala,60
olivetti,242
ingegnare,179
subirere,127
azero,332
spirire,26
desueto,669
asserzione,263
apro,18
drappello,134
campa,43
utilizza,198
contingenza,100
talpe,372
interlocuzione,487
epigone,577
ragionevole,468
fossato,24
vollero,128
cinese,107
pendolare,149
nba,217
sforzo,98
italese,171
galoppo,68
ballottino,504
esplorativo,47
android,291
osseinare,285
abbassare,58
sedico,151
articolato,515
inerte,151
comincere,162
richare,158
bellavista,908
oskar,186
combinazione,613
gamba,240
invano,106
formello,305
ballottaggi,146
scaricare,104
salinario,640
newman,1053
onda,62
pennsylvania,196
opportunare,458
vivibilità,150
ragionevolezza,575
destituire,91
parzialità,213
hills,287
delatore,303
tuffare,840
orbace,65
cos',179
ricavare,232
cota,83
viltà,435
carino,1609
fotocopia,99
pollack,427
igino,857
parmense,496
avito,60
foster,987
insospettire,353
dea,322
vendire,132
temporaneamente,130
malcapitato,536
falsità,283
suddivisione,274
vocale,509
importatore,219
eseguirsere,185
pensionare,135
camionetta,883
ararglico,689
udeur,118
adorare,746
raptus,421
garanzia,120
elisabetto,545
pelare,270
capisaldi,229
viceversa,483
annesso,11
incentivo,480
gravare,267
perare,247
implementazione,879
ario,290
gratuito,45
duellar,238
innesco,102
desistere,489
ciriaco,410
officina,140
santificazione,226
fatidica,37
antimissile,109
fritto,384
motta,363
trovere,322
fogna,191
viii,31
galuco,115
ricostruzione,41
disdetta,135
remake,380
correlato,316
differenziale,317
introdure,91
confusamente,1288
inferto,244
dissolgere,605
espiatorio,71
ergei,140
effrazione,234
soddisfare,179
stazzema,130
brada,1044
spinato,597
grecia,48
famigliare,165
riconosciuto,236
contraddittoria,997
lepro,143
coetanea,274
cenare,399
ispire,226
cappotto,713
tumultuoso,265
nume,4
ariston,501
sessantenne,427
mozzafiato,1100
stallo,142
aston,853
reddito,321
aspettare,532
implicire,286
riempivare,723
decennale,37
andere,73
commutare,108
rivolgere,238
fragilità,713
effettuare,203
undicesima,171
fumatore,33
gomma,147
inizare,240
omniroma,173
jfk,255
strillare,964
bacchetto,769
affidabilità,275
traino,52
captai,352
vibrante,696
territoriale,172
sciagurato,296
designato,73
puntino,24
chiarano,230
iwo,140
insensibile,1068
sfortunato,107
kaiman,1033
fasciare,896
qual,325
induzione,326
oratore,166
classo,32
phil,1079
sequestrato,145
mandella,1276
esonero,235
finanzare,144
casolare,781
voce,59
solenne,133
zeno,64
struzzo,89
collusione,520
inceneritore,260
guam,197
esuberante,900
ciaccio,2001
contabilizzazione,652
bocchino,325
guazzetto,154
crista,441
sfornare,226
romanzere,845
franchino,763
abbonamere,61
accenda,76
nuziale,372
com',123
crocevia,39
alcolizzare,443
europarlamentare,274
pop,468
principato,43
emerito,140
espugnare,219
artificio,115
sprovveduto,757
pungere,399
loreo,64
andriano,673
rimpiante,317
pensabile,258
riassunzione,284
siberiano,215
colre,184
informatire,237
simbolica,36
silvare,170
portafoglio,107
ridimensionato,353
monologo,346
squallido,1130
minimo,181
chic,159
subendo,155
svantaggiato,251
kigale,312
bananas,117
omeopatico,299
vitto,18
riducare,537
segregazione,380
venerare,378
estinte,46
rovesciamento,465
indirettamente,186
giaco,597
vivo,41
ernest,373
indù,26
tanto,1335
celtio,343
foglio,106
maoisto,247
procinto,27
amerigo,862
ubso,188
sbarazzare,858
aliene,327
equamente,38
simultaneo,22
joachim,683
latto,88
integrato,311
salivare,481
bolero,119
maremoto,209
lavora,103
capretto,198
qualsiasi,451
timoniere,130
indotto,198
nonno,356
palombo,759
identificativo,348
buongoverno,128
affermare,307
partecipata,167
deraglio,23
anninare,45
annoderò,143
surrogare,830
leccia,497
rinviato,170
adire,72
ramadan,194
astere,23
mesotelioma,182
dicere,628
capannello,389
disprezzo,1045
precauzione,46
transfugo,143
corposa,75
sventolio,470
pazienza,97
carter,412
vetrata,356
edimburgo,223
hilbert,580
apostasia,275
occhiata,80
arrivedere,157
rendicontazione,347
vendere,302
poldo,574
quinquennale,99
accalcare,906
giunge,41
infelice,607
ascrivo,93
decima,210
benedetta,277
islanda,167
sirto,70
dasà,44
telefonata,137
raccomandi,148
passeggiare,803
bovino,140
colleferro,624
disinvolto,820
mille,40
catena,16
protestavare,353
asso,12
addomesticare,328
bonuccio,680
riuscivo,611
batavia,614
mantenuto,67
insulso,585
piogge,169
abere,140
incorso,63
lacrimo,8
deceduto,178
corruttore,267
tonco,355
molgora,79
coraggiosamente,451
masto,213
lunaro,257
scientifico,227
epidemia,146
boves,797
ludo,119
ravenna,434
simbolico,89
bulla,494
faie,6
implicano,222
operante,153
arcobalenare,61
caporale,112
decida,138
socialisto,305
castellane,1641
barbina,872
eugenio,129
fobia,47
sfondare,293
scorribanda,454
avitola,170
legislativa,107
caravan,911
fregata,149
brav,16
scurita,98
anoressia,247
contraddire,1249
bastia,653
tessere,67
inneggianto,303
boom,46
castità,303
dimenticato,550
arabico,318
complotto,272
mica,416
disturbo,241
omesso,340
agricoltore,95
infortuno,42
pece,529
isabella,532
chiesero,180
vanna,216
raffrontare,229
solaio,122
triodo,65
stancamente,841
ankara,125
toro,79
sanctus,322
metallico,611
involare,644
batteria,206
impervio,175
asiatico,214
convalescenza,76
comportamentale,1062
previdenza,167
antidepressivo,418
competitore,52
vaticana,134
fica,31
listello,297
servilismo,664
fastidio,637
spietare,590
figiano,228
disillusione,853
inguaribile,114
repubblichino,133
aggiotaggio,251
villare,551
disgregazione,925
controllata,403
ballarcisi,617
risparmio,270
falzes,117
calzatura,232
verifichare,248
riguardere,396
irripetibile,434
insospettabile,714
pavia,444
uniforme,65
rubi,7
avanzato,114
dispositivo,254
agrigento,405
cacchione,1233
avellino,273
mostravare,396
antiriciclaggio,270
naziste,257
corrurre,222
villanovo,563
intengere,111
temporalmente,296
agiare,61
lavarello,1068
impoverimento,657
ergo,11
finire,578
ate,616
duplice,30
piomba,175
preconcetto,1210
bevanda,257
processore,41
genialità,750
nascosta,360
videro,126
padare,70
abbondare,166
ornagli,102
venare,1274
ghianda,204
accoglare,111
dosare,239
disorientamento,756
campus,122
valo,10
tombo,402
annettere,65
egoistare,765
carinare,1783
falcidiare,157
cisterna,489
politologio,379
irrisolvibile,416
impoverito,55
liso,335
ricacco,140
pacatezza,437
formula,15
autoptico,148
primefilm,1262
deduzione,462
ariano,140
fascistone,302
decisivo,70
kosovaro,113
affliggere,269
lgbt,137
will,457
steinbr,192
gaspere,64
partecipere,111
violino,640
opposta,216
geraldo,799
sgradito,360
goal,197
situo,7
giudico,459
microcriminalità,397
sanatoria,182
lungaggino,98
facere,752
cerare,265
inchino,297
emerga,33
folto,148
incisione,718
baldanzo,215
strinato,245
telespettatore,136
impadronire,362
sassario,494
libio,220
luano,281
telefonino,182
pinza,51
arco,23
tesso,52
pullulare,514
collocato,32
parcheggiato,545
bae,217
tesserare,84
timbrare,171
commercialista,196
avvertito,408
boko,287
esulto,90
indisturbare,571
intimidito,335
beccante,442
sorta,185
susseguirso,318
disaffezione,440
sorgere,65
scatolino,563
collaboratore,84
supplemento,30
classica,415
imboscare,281
mccarthy,530
siam,27
accusare,328
buso,137
arnolfo,802
scioperare,188
aung,35
commosso,259
occhio,168
ormai,199
fruere,233
vanity,150
calcolo,194
intestinale,185
arienzo,139
dovette,77
staff,26
interessare,177
diciottenne,372
ciclomotore,201
caleidoscopio,1187
stucco,233
sperpero,183
jerzu,335
mammut,143
ruthre,356
duecentomila,113
esalazione,659
bobbio,205
maroni,130
damma,23
normale,30
esportare,129
drenaggio,411
generoso,164
indonesiare,270
tranca,232
dian,55
segretaria,104
astorio,560
radei,103
cenno,67
favelas,228
brace,231
jewel,55
insistente,219
restii,14
ognuno,72
formalità,78
bancoposta,311
renato,39
vagheggiare,581
stuprare,523
diffondare,70
rocare,399
dipartimento,51
sciopero,131
tergetto,492
bandi,29
apparrere,142
telefonicamente,90
inopportunità,322
orpello,76
minuto,185
circe,302
ostracismo,409
degradante,370
bicameralismo,163
singolare,571
potentissimo,70
lemma,28
disperrere,642
martire,112
storicamente,593
cadore,232
sri,98
stoccarda,171
trarre,29
gas,88
spionaggio,98
sospirato,229
compiere,50
comparare,279
capocannoniere,834
stanle,558
spintare,361
potire,274
obbligato,103
difese,59
tutù,247
flavio,114
portatrice,400
tabloid,163
compredere,569
ras,37
irridere,1222
verticistico,1526
continare,207
uni,21
forcing,215
velato,139
iaea,79
amy,617
pariniano,86
venti,154
credibilmente,284
sean,906
stuolo,345
costituirebbe,555
catania,487
fotografia,277
sacrifico,69
addio,217
socrata,162
tamponare,98
fallo,356
platone,175
gobbo,139
marvel,435
ricaricare,165
bruto,54
locro,143
zucchino,300
corrente,28
perlustrare,633
riordinare,361
sorellina,718
ricandidare,251
annientare,591
palestinese,198
incancellabile,585
ferrero,127
gestito,221
osto,53
tiratore,154
incerto,340
comprensibile,1282
berry,1044
ridistribuire,242
inseminazione,398
limite,179
avigliana,430
strategica,201
sistino,132
parè,76
piacevare,652
miserabile,507
epa,59
tempora,75
amai,3
torrente,422
patrie,355
nomination,226
cespito,480
produrrebbe,493
contrattuale,250
sprecare,259
popolazione,108
influenza,97
scrobognare,154
uninominale,137
castellano,1188
orafo,58
stand,165
appianare,75
sorprese,294
innalzare,64
bellone,1738
parso,757
avancia,71
normativo,841
palazzo,111
positivo,90
galleggiare,723
incolore,473
albertre,752
intercedere,91
sachs,192
concorrare,63
sommerso,55
definitivo,91
allievo,108
diciottesimo,140
supplente,56
temibile,75
genitale,247
madras,285
accessibile,222
sgravio,398
jakob,159
valuta,173
papandreou,111
indispettire,689
scio,11
guastatore,494
percorrenza,101
rullo,176
pakistano,449
estromissione,411
mick,764
besta,907
emanuela,912
durevole,275
altroché,127
opacità,355
esequia,121
maglio,190
discrezione,156
progressivamente,534
cremasco,177
ari,146
valutario,115
furto,136
premierato,317
generico,275
serietà,257
abbinamento,199
stigma,237
ebbrezza,36
modulazione,468
evolere,370
spasimo,768
lainare,148
definiscare,473
nettezza,164
barrichello,198
ibrida,115
filotea,177
straccio,603
grigia,70
ambizioso,85
brigante,1088
impieghare,153
sacca,16
inoltre,339
vigilantes,141
equilibrismo,306
taguma,178
speciale,13
buddha,199
ponendoso,78
manina,428
salvatato,115
fratricido,151
graphql,195
fruitore,94
mattinato,307
adempimento,351
bazzotta,214
spostandoso,126
cunevo,209
gradone,150
sandra,335
tondello,989
oscurare,365
rossonere,409
ingiunzione,91
albonese,1060
cappella,292
convinte,276
dispiacere,616
alternanza,274
dense,142
vesuvio,238
accluso,256
steppare,697
svolgimento,95
fiabe,115
carrellata,301
barbara,665
cassazione,253
mattinata,106
severità,60
lontanamente,664
elenco,46
cianuro,215
scandisce,121
catalane,273
collina,467
debuttante,950
arrembaggio,450
smarrimento,599
sciarpe,743
omnia,113
pereto,138
memorizzare,317
picciotto,828
sopralluogo,196
senegalese,278
dore,108
braccetto,105
naturalezza,1152
intermediario,226
diedero,117
harare,317
ammassare,626
parasubordinare,547
emendare,180
egeo,4
malumore,179
idrante,620
paradigma,356
impartire,58
insulina,404
tesco,22
maschilisto,462
fatalmente,887
applichare,264
falena,211
invettiva,784
dorio,102
risolutamente,254
sidone,59
battane,14
piacere,677
manuel,157
afasia,501
restarere,261
davo,116
comparsi,211
asinare,252
terminere,272
ruandese,125
mailing,99
mantenere,106
sabrina,270
imbarcazione,311
inviare,138
pascolo,602
conclusasi,82
fieramente,413
gutenberg,405
ernst,159
virtuale,136
oretta,159
schettino,310
mascherare,465
village,286
gestore,225
nette,2
fossare,171
albera,565
rosselline,729
attracco,246
coppia,105
erosione,408
credio,137
insignire,127
acireale,689
collage,478
tanno,218
imprevisto,502
contenure,282
ostico,344
aratisi,156
eccezionalità,742
rubino,296
postumo,222
replicare,398
carisma,101
sostenare,339
fotografano,115
sero,75
lue,51
eastwood,517
dissenziente,918
dere,473
pratese,234
capare,440
toyota,117
gratificante,656
finocchiaro,366
ceppo,132
importante,182
scommettere,63
bloccaco,407
costruiscare,259
benevolenza,553
benedir,156
cliccare,171
frascato,514
tenaglia,5
moderazione,310
coreano,129
pardon,91
caucaso,133
recedere,171
inqualificabile,445
laterale,95
siluro,120
partano,20
latitare,208
darebberare,478
emergere,265
coppola,125
cauto,84
preferenza,147
meditato,412
muffa,69
zapatero,113
sequenza,147
palazzinaro,281
cooptazione,263
johannes,366
trento,371
oppressione,746
retrogrado,486
trionfale,139
augurare,397
costa,331
dostoevskij,558
ipofillo,174
optato,390
particolarizzazione,798
ingaggio,13
conferimento,158
senz',107
dazione,148
selezionato,79
avviò,58
sherlock,540
inesploso,358
gramscie,143
manipolatore,627
campanile,231
alquanto,351
tattica,145
canonico,124
atro,124
lussemburghese,179
frapporre,362
pedaggio,168
ciclone,99
teorio,360
terme,124
bonito,117
bisca,120
suicidare,503
riassunte,77
insembre,612
fruire,126
agilità,400
tropea,368
udina,227
contrappunto,1035
ecumenismo,254
ristampare,298
marino,456
prostituire,312
esplicitare,599
decise,85
lilla,100
bancaccia,566
tutt,17
apparivere,697
pedagogia,256
fertilità,294
gabanello,170
centralissimo,308
proficuo,106
salvino,140
gerre,93
truffaldino,153
personalistico,1095
piattaforma,27
supremazia,164
continuerò,354
videla,89
indiscrezione,134
insabbiare,401
logorante,705
pulcinello,862
fornaco,209
lacune,112
giudiziale,287
sfocare,375
imponire,160
stage,29
ovviare,965
beffa,85
centenario,195
flore,123
ove,36
strascico,71
aracelo,150
unesco,11
carissima,298
imolese,411
ergile,98
iniquio,207
pollino,181
indagine,169
velata,99
grone,70
fuorilegge,280
raniero,480
edificio,255
bollo,79
riverso,223
colleghare,140
galoppante,261
olimpico,253
incauto,424
egregio,49
oleg,19
piovra,45
colto,660
elettoralmente,427
limitrofo,342
rincuorare,748
lufthanso,129
musicologo,693
goccia,105
ridisegno,282
cogliere,167
mana,89
tremendo,462
interdetto,45
attratto,214
penalmente,445
semplicemente,1602
cecilio,75
eroica,190
glucomannare,182
mogol,391
casuale,169
dottrina,281
tramontare,388
mortale,69
ragguardevole,146
neutralità,379
branco,74
franceschino,306
regolamentazione,877
haitiano,137
sceneggiato,388
conosco,374
ateneo,86
stroncatura,371
scienziare,236
oppenheimer,341
invariare,160
peggiorare,234
grana,123
esta,62
straziare,878
risposare,184
lookre,532
messaggero,260
street,111
aratesi,431
plaudono,193
rigare,125
bai,134
lukashenko,85
destabilizzare,352
requirente,229
fagocitare,587
geronzio,184
senior,111
sovrastruttura,266
irlandendere,334
basterebbe,162
inversamente,266
piea,159
figliolo,675
supermercato,283
carbonio,290
lillo,150
riflettare,241
cortigiane,276
sciogliere,44
ennesima,141
demenza,182
europeizzazione,728
nizza,18
sprangare,611
altronde,491
ricapitolare,71
pretoriano,467
scrivere,403
sole,89
condanna,206
santanchè,330
contemplare,185
anzare,933
turno,37
consolante,223
occupire,130
dividendo,321
gialloroso,609
zaccaria,643
amplificare,348
piazzettare,166
mesto,756
polla,116
ferguson,802
riscritto,118
causo,315
confindustria,128
sessantottino,525
esprimo,154
tonello,694
salvaguardare,226
superabile,340
pronto,146
anti,74
sap,4
rambo,301
londinese,287
minuzioso,198
ultimato,130
monocolore,63
automobilista,151
davino,992
bellunese,620
affascinare,1258
rubens,501
minnesota,293
cedrone,986
choè,173
parole,133
muretto,643
cosette,499
sincerità,596
malinconico,698
scrupolosamente,265
pagare,280
balia,239
ramazzotto,1139
latina,554
pezzettare,198
mediagroup,254
celebre,619
durare,82
spaccatura,236
notorietà,221
antifascista,221
marsiglio,314
crescente,408
sufficienza,412
bellico,87
gauss,304
indifeso,494
elettrodomestico,346
carriere,72
difficilmente,422
tifa,73
pregiudicare,352
annuvolamere,221
cosima,518
familiarità,178
andazzo,72
abboccare,384
statistico,282
spurio,61
crosta,215
placebo,190
misticismo,885
manutenzione,283
squilibrato,174
caricare,304
ricomposizione,627
egemonico,906
portabilità,779
napolere,277
poliedrico,536
irreversibilità,380
esine,9
alternere,125
mutante,569
morra,127
intraprendente,66
palmo,293
febbraio,101
degradare,125
messino,451
bizzarre,794
avresta,546
moreno,548
manesco,814
laceranto,313
nascituro,200
tariffe,212
arcuaio,916
annuire,244
schiera,109
maggiordomo,318
graziare,787
pittella,359
redatre,154
mieli,69
indiscusso,108
ammorbidire,202
tremila,99
blindato,410
barella,493
limo,24
sportello,96
inventato,1091
blitz,131
lontananza,473
caricala,155
superficialmente,1883
separatista,446
accogliente,149
lunghissime,69
estratto,181
riproporre,267
trentatré,151
impossessare,420
scolastico,92
compatto,92
garbato,385
converge,144
intrecciato,564
variety,425
campiona,585
interventismo,450
litro,175
lama,21
scelta,145
fatiscente,324
donare,271
powertrain,224
speculare,158
manama,156
granello,711
gonfiore,194
dire,1131
atlanta,84
consegnano,63
pesce,329
sufficiente,369
mostrare,239
modero,330
rinnovamento,306
inventa,490
arabi,458
dilare,235
stanziamentio,186
fattivamente,406
mobilitare,143
catalogare,120
macroscopico,375
tarlo,30
savonare,742
termico,263
aggiudicazione,207
premessare,214
assecondare,728
egiziani,186
assalire,719
solaro,86
semplificato,332
ambrogino,627
fire,5
arcade,122
uomo,92
grandeur,370
trailer,229
ghiaccio,190
vero,364
cesareo,171
piattello,383
factor,83
spendare,188
onorato,60
asprezza,589
tam,69
cruciale,133
antoniano,235
individuare,168
puzzle,24
liquidare,224
piromano,243
spranga,499
labario,64
riscosso,105
cominciavare,469
luogotenente,373
ufficializzazione,296
suonatore,522
dimalosio,125
spese,186
caldeggiare,224
ridimensionare,299
infarino,353
irresistibile,987
risvolto,175
erba,149
fantastico,1290
ricca,29
botricello,905
appetibile,268
rimarere,91
cossovo,97
perdita,37
zappino,173
inadempiente,227
rientro,37
generice,134
vagone,315
rama,469
proponevare,349
sonore,544
logorare,364
mosso,158
loach,340
manduria,525
strappare,454
ultraconservatore,272
valorizzo,132
avventurismo,860
ecosistema,181
mauriziare,596
pian,108
onestamente,653
liturgia,235
prestabilito,626
soffiare,328
irrompere,607
indeterminare,453
leccare,533
boutade,121
financial,137
leghare,22
togo,95
conoscenza,477
ire,22
cortigiano,307
plaus,280
arricchire,77
gremire,299
strozzare,72
troia,42
colorato,858
meltina,35
prosciugare,244
epico,507
repentino,200
terma,177
incenerire,202
deliberare,254
potere,1046
soffrire,222
mainardo,1548
ararat,164
moscato,1165
beale,760
ardito,302
cassaro,1795
schio,427
boston,278
cocaina,93
alessandra,395
esigibilità,650
letterario,789
chiedendogli,171
respirazione,357
emendamento,169
neurone,253
solo,1206
diabolico,205
ritravere,278
ventisei,149
retorica,775
asello,676
contrassegno,107
perciò,706
destrutturare,531
congruo,177
finalista,139
richiesta,186
ovverosia,222
rancore,378
raffinato,868
scintillante,993
autobus,253
sostitutivo,316
inducono,406
guelfi,96
ribadisto,460
giovanangelo,132
unghia,185
statalismo,666
tracciabilità,381
inerire,80
aquilino,276
riposo,102
ansa,68
europarlamentario,144
riciclaggio,216
indebolere,508
rigore,74
consociativo,272
buonafede,103
sicuro,391
newsweek,225
precipire,134
colonizzatore,297
pdoggiare,89
filippini,565
tallone,68
cecoslovacchia,190
exit,23
sommovimento,500
discussa,214
viso,288
alalo,74
budda,16
fiji,177
jersey,227
une,40
travisare,300
infettivo,494
francofortere,85
burkino,334
epiteto,293
promettente,85
wall,60
valdese,137
resso,434
imposta,432
privazione,633
eietti,232
intenso,122
redistribuzione,417
elider,221
kofi,102
eden,769
samio,219
orsa,25
diplomatica,48
piegare,744
ricamare,1272
ascoltere,112
conformità,538
svilire,350
cantone,50
trasformandolare,649
spicciolo,320
riorganizzare,185
chiesre,97
infergere,761
meir,81
sviluppato,271
monetizzazione,785
osservo,92
reintroduzione,238
specialistica,208
contatto,85
onlus,7
scipione,443
delirio,440
inaccettabili,419
karma,114
qualificazione,309
perseguare,644
some,589
debito,191
quest',16
ricezione,159
rima,152
fran,157
pranzo,140
lobbia,77
rezzo,386
tradure,190
pantalone,490
parkinson,262
rito,69
piera,1014
apparare,317
riesame,189
mafiosi,199
rimandato,70
diversificato,832
passaparola,156
immortalare,693
tradizionalista,672
innovative,295
consapevolezzare,1157
settoriale,538
grilletto,152
alluminio,304
peggiore,162
testardo,1054
jane,377
geminare,41
premono,38
prestare,180
don',204
entrere,113
allagare,293
alcol,28
consuetudine,256
secessionista,345
scommesse,110
velocemente,157
fiscella,151
proponere,297
attualissimo,326
benestanto,128
ottavio,1365
sub,6
ambone,222
distortare,692
reinventare,457
collegamento,101
hamburger,288
assorbire,497
amorale,926
clino,51
arignano,150
enorme,79
penalizzante,570
galvano,323
scampolo,498
mazza,304
gore,132
predire,377
concorrenziale,637
equità,100
erroneamente,435
giovacele,816
espongere,84
incentrare,229
mogia,244
anticorpi,303
penny,466
pervere,635
dieter,45
avvolgere,693
durallumino,257
danno,127
ebbene,263
incessantemente,198
ton,238
adrio,174
carità,158
badia,160
lessico,700
revoco,96
vedova,158
compro,29
annotazione,409
filiazione,31
proposgere,263
squillare,101
formale,221
stilista,809
giungare,122
alexander,334
strumentalità,795
duramente,102
ghetto,109
tagliola,174
giulietta,114
selezionare,106
progressistare,541
ricercatore,187
coree,87
adii,122
bce,109
danubio,224
esorbitante,712
patologica,713
guggenheim,220
strutturale,563
conseguire,262
giapponese,62
appuntare,845
vizioso,91
educato,83
accetta,127
boccale,216
eminentemente,407
bendi,329
consueta,135
eseguito,44
pappone,404
bahrein,166
sare,201
gildo,119
congiunto,65
inibizione,104
decada,31
ragazzone,779
pratico,904
provetta,269
cappellare,361
sbaraglio,85
eleggere,173
aggravamento,600
avvertire,371
ottemperanza,224
appiccicare,1145
viterbese,477
stentare,624
hollywoodiano,310
bendit,174
partìre,106
elmo,37
rallegrare,159
richiudere,131
cogente,723
valligiano,172
cronisti,41
interdipendente,681
mantenimento,270
ripetare,294
calci,353
caines,429
bitto,185
battare,364
conquisto,102
westerwelle,161
sir,104
autoregolamentazione,1095
però,988
vene,70
scalare,85
spegna,108
ugoo,76
semplicità,1177
utopio,209
apprezzare,342
civice,26
carato,31
narra,391
liturgico,233
derrata,253
smarcare,327
perorare,79
fabius,251
accorsa,268
parrucca,819
liana,194
nation,508
brenta,122
achille,121
ricore,99
errare,61
allappo,393
desmond,199
tedesca,103
restituzione,214
vando,373
condominio,257
incrociano,25
saltar,185
contrappese,527
confessione,395
approfondito,262
bukowski,974
delinquere,231
racconti,309
stragi,192
distacco,79
sbornia,115
pamphlet,323
metodologico,537
palaio,388
federa,61
lambro,106
aipac,64
vico,74
aperre,75
difendere,320
cima,50
falsariga,37
cospirazione,216
massaggio,218
livorno,656
diffamare,301
soddisfacente,286
rendare,77
salilo,339
carrarare,668
assomigliare,657
laos,148
controllore,122
scimmia,177
femminilità,512
integra,128
volger,354
premare,274
ungere,53
impiegato,145
alleggerire,383
leggoo,105
venutare,302
convivente,141
seul,82
piaciere,415
kabul,204
riecco,132
facciamoci,131
gruppuscolo,382
polpaccio,610
boicello,343
noie,161
rospo,115
sbriciolare,688
capocciare,1459
giuda,94
calligrafia,385
toledo,424
danilo,184
ripiombare,550
reperire,312
trinità,44
poté,56
sfruttare,137
plutonio,233
indur,195
implicita,122
leghista,216
incubi,141
trono,66
tagliare,177
disposto,143
saccardo,578
sinuoso,1219
recalcitrante,171
dorare,498
fragore,400
nostrum,55
persino,1279
annunciato,189
jazzisto,584
atletica,373
garzella,520
vergine,35
lallio,1060
inchiodere,208
ristagno,134
salvaguardato,152
pienotto,627
vinta,114
sommozzatore,334
artefico,28
attuativo,269
riccho,30
deportate,173
smobilitare,214
raggirare,41
stufe,164
scelga,30
duraturo,128
accogliento,102
triste,268
sensile,111
moneta,51
svendere,174
taverno,403
fango,408
elettivo,188
ereditario,94
insensatezza,1193
distruzione,210
semplificazione,499
devils,493
ferrara,641
datore,93
telegramma,97
accogliire,73
dragare,114
illuminante,317
folgorante,1255
trasportatore,274
sortita,179
ragioneria,119
camionisto,379
stop,159
deragliare,89
asfaltare,485
mir,21
gallia,617
scozzese,288
giardare,393
imbarco,247
jumbo,93
svelamento,452
sarchiare,81
trattoria,265
alzata,48
feudale,315
scarcerare,246
volgario,557
appennino,355
chilo,49
osata,146
vetta,472
luciano,318
warren,548
bolognetta,853
pagano,263
fard,24
percezione,865
discussi,108
rigurgito,512
parzialmente,157
autonomamente,238
scarpino,855
group,249
omnibus,13
loop,463
inscrivere,688
mirafiore,173
iran,175
imprenditoria,185
maltrattare,411
steccare,159
isolano,56
imprinting,188
raere,142
tumulare,167
guttadauro,319
condoglianza,217
dritta,40
otrantino,216
rock,443
tuttora,59
maastricht,51
espressività,617
eternamente,286
checché,52
nominare,186
suggellare,131
contraddizione,705
canadese,403
mandela,71
fognare,123
cassere,355
battezzare,348
ardo,520
sbafo,277
lira,161
alcamo,140
cecina,164
plancia,83
scettico,117
meccanicamente,192
prelazione,224
tiziano,1310
perdonare,829
cosciente,342
pape,110
inne,93
caruso,173
maliano,642
insegnato,321
scrutino,60
ciglio,199
bresso,31
lombarda,61
chiacchiera,374
aplomb,168
provengano,148
inneggiano,244
condivisione,621
fumo,82
abnorma,225
inalterato,325
affidare,173
kong,142
pile,55
spoleto,295
lettuccio,132
cacciabombardiere,149
dimezzato,55
brachetto,647
ghana,344
constatare,293
storiella,299
presidenza,129
vacanziere,97
giocoso,668
demordere,261
deboro,48
balcani,37
protervia,864
cristiani,239
incomodo,166
uscari,13
doletto,142
ciambella,76
pudore,662
approvante,409
indisciplinato,221
corporativa,141
peruviano,308
petroliere,75
accettazione,609
bottino,93
appesare,375
informatica,317
dorato,182
canzio,94
regia,134
spendine,132
mangiare,518
aprilia,186
galluccio,189
volantinaggio,286
potenza,50
sirio,209
fluttuazione,557
domo,20
assure,123
nuoto,132
targa,71
sbigottire,601
quotidiana,36
polso,68
figurazione,572
bagnine,310
bufala,51
monolitico,809
dee,171
illese,289
contrasto,164
esca,10
sfogo,225
eritreo,252
indegnità,616
dar,17
segretamente,116
ripetutamente,208
dopodomano,137
saziante,81
depositario,141
eurosport,396
languire,109
previto,120
sbilanciare,292
difeso,58
eterosessuali,206
elvetica,63
valletto,735
fingire,423
emiliano,888
attui,57
vergogno,208
divenute,87
scegliare,334
divaricare,499
invasore,501
carro,240
fotografo,169
offese,322
meandri,14
avversione,1403
continuo,138
spelling,508
dirittura,103
raggiro,32
stucchevolo,899
preferere,144
infertire,508
schiacciato,630
elogio,171
targato,31
allestire,157
sociologia,310
marc,624
insurrezione,317
annan,95
dirigenziale,179
volfango,181
molestia,177
bersano,166
salina,438
maldino,657
cote,135
motociclismo,279
scissione,86
http,50
femminicidio,118
ambientazione,474
entroterra,273
sotto,32
golfo,176
dubbio,126
obbligazione,336
contribuente,297
giustiziere,236
divampa,108
pattumiera,479
natività,62
bulteo,171
serge,194
salso,612
ducare,185
naso,130
razzia,214
mousa,119
diverre,231
cattolico,270
bristol,465
slot,10
nuto,38
mediatale,154
adelasia,395
atrano,140
neoo,5
boriagliele,169
proteggere,167
torturo,346
innocue,119
prematuro,64
ventidue,140
segnaletico,168
sconfinare,511
ricono,86
irriguardoso,455
epsilon,117
fidane,339
affondamento,156
orante,1250
bracciante,254
quattrocentomila,151
mandira,46
mignolo,444
solidarizzare,257
decoro,49
lotus,325
allen,483
blinda,15
adriare,219
export,40
affrettare,536
periodo,48
daily,181
salonicco,207
perseguito,448
inusitato,418
cosacco,219
tessile,184
miniera,107
accresciere,293
patty,561
cenere,137
pendolaro,145
foxconn,127
borro,357
mirabella,1048
fume,182
zecca,128
opposero,219
arengo,958
minimamente,513
assera,46
contusione,320
intasare,280
artificialmente,552
pagliaccio,1030
falcare,146
depp,790
attacchare,457
collisione,58
trappola,120
damine,127
pescante,197
lovere,342
completezza,351
clip,250
marittimo,267
ridisegnare,141
bittone,1075
contrassegnare,281
loden,42
emblematicio,359
ammettere,444
corsetto,279
raimore,1418
bare,8
copioso,289
gazzettino,137
orfane,100
piuttosto,1378
sfinimento,454
bondo,196
avessimere,450
bellare,499
organde,236
fisicità,802
sanità,43
realisticamente,1092
pancotto,736
indirizzo,31
pornografia,263
certamente,825
decado,88
scalpitare,571
bandire,87
piazzato,124
lucio,536
maggior,52
baviera,76
thyssenkrupp,96
valtellina,320
scongere,468
xenofobia,299
khan,696
articolazione,848
polis,4
quarantacinque,191
incline,264
pinochet,57
prodigare,345
impennata,250
palude,84
assaporare,440
terapia,309
novarare,567
illusoria,559
agato,72
sommato,280
soldato,260
promessa,47
abbellire,796
referto,88
presupponere,937
barace,178
conservo,125
ripetono,277
uniti,41
castagna,189
duno,254
fiducia,48
gobare,462
pasticciato,314
marangone,2077
ultrà,251
elida,855
contraccettivo,712
rafsanjane,160
pompon,720
concretezza,383
traversia,99
privacy,58
inventiva,289
ultimativo,221
accusatoria,312
truppa,178
confinato,264
antigone,69
pallavicino,1187
cadena,66
procaccino,256
rispettare,320
chitarro,592
battezzato,301
sprazze,723
drappo,535
drammaturgia,732
decisionisto,866
gioacchino,774
dimentichiamocare,696
esteso,191
auri,152
volenteroso,147
proust,175
musicare,255
sospetta,259
figuro,141
ricongiunzione,190
accingare,278
mira,65
venticinque,135
aggregato,226
dettagliatamente,408
posizionamento,532
rosicchiare,730
cicogna,367
monda,87
omelia,201
antagonista,389
apparve,181
anomalo,75
cantato,610
eneare,39
clown,131
taipeo,145
biologico,217
arrogare,610
invasi,43
medusa,207
immunitario,293
esplodere,278
invidiare,400
assottigliare,585
accompagnamento,170
riporre,305
usar,339
aereo,200
immere,620
fiorare,259
malare,110
pone,12
woody,483
ostacolo,35
originare,208
termometro,46
aziendalista,250
ammonimento,328
maiuscolare,49
malore,185
nuotare,457
infermeria,170
arra,365
piana,223
variamente,435
trenta,182
difatti,105
lanciato,157
inaugurazione,234
bicicletta,185
laurino,1153
decimare,185
clan,220
autogoverno,326
bellano,262
riduca,320
sbrigare,70
arrede,213
wemby,42
ribatte,233
retrospettiva,663
processione,238
miracolare,330
bes,25
omicidio,298
mondiali,263
brave,120
stone,266
stravoltare,212
merire,322
sovraffollare,80
intensificano,140
cortile,506
raggiunto,59
prospettano,182
eclissi,97
motocicletto,183
furlani,492
emolo,26
fraintendere,602
ballo,22
polaccare,330
muraglio,179
bonobi,137
jennifer,810
esitare,533
campana,54
recludere,304
comun,28
orgoglio,130
sinteso,139
pubblichere,263
forchetta,45
sassaiola,336
ingiustificato,657
risparmiatore,133
equidistanza,762
melfi,167
escluso,172
contezza,437
beppeo,148
fatalismo,696
flagello,97
moena,138
crespo,509
agenzia,18
vandea,129
acquirente,274
indirizzare,75
faccendo,128
gelatinoso,152
cassino,124
serva,15
dormire,401
incitare,588
cassaforta,104
controbilanciare,839
miliardaria,137
braccare,966
calogero,599
trasmere,101
nomignolo,200
dispiace,316
body,153
filmato,128
qaeda,515
impossibilitare,528
cripta,348
collins,979
comunista,244
cattolica,211
beare,59
confluenza,162
annina,16
resistenziale,450
recinzione,632
iniquo,231
aeromobile,265
geert,197
abbo,218
bojare,661
software,184
armistizio,113
nascere,76
tabacco,34
ceramico,392
portiere,593
accento,75
animano,232
stabio,106
docente,147
risorgimentale,623
padano,65
planetaro,72
oresta,860
immediatamente,159
imbonitore,564
verdone,1076
bersane,130
traversa,484
intossicare,385
guidone,565
ricordatevi,560
annegare,483
frode,151
marxista,436
gemellare,218
complice,335
renza,184
ustica,71
huffington,219
superficie,275
nixon,345
oppor,212
reclame,89
rivolo,57
violazione,240
buddhista,275
pagamento,212
doppio,26
nuca,342
ostare,17
procurare,178
bitly,1135
sofferto,76
acuto,106
deputare,243
santone,586
tullio,634
trovo,109
autocertificazione,538
gesta,439
niccolò,172
osi,327
cilindrata,171
aizzino,265
giovannangelo,436
paniere,103
peggiorativo,752
meritocratico,579
marare,370
grimaldello,102
schiavone,310
insindacabile,687
pianto,375
jorge,447
valer,60
erogare,67
erasto,409
paoli,985
igp,14
azzardare,253
sfavorevolo,252
richiesto,527
oggetto,76
condicio,71
dettato,430
seguari,45
moltiplicare,143
patro,54
convertibile,248
divorare,874
milazzo,889
disdire,117
ombra,48
sgradevole,1049
trincerare,294
gilè,157
imprenditoriale,298
disumare,518
inondare,227
atelier,290
avverare,482
chioso,100
vintage,556
delinquenti,404
inglobare,83
allarmante,315
demagistris,113
scacciare,760
fiorello,973
anonimo,153
picchetto,318
multiplex,89
criticare,436
berlinghe,99
lai,21
prostituta,379
georgere,341
paolino,1192
castelletto,883
militarizzare,709
offensiva,199
seui,71
pagò,35
coffa,39
punitivo,260
avutoglio,309
fisiologico,326
asseta,148
meticciato,1082
succedere,281
alessandria,469
bestemmia,250
tela,148
irta,68
eleggare,165
sfoderare,495
condizione,102
fioretto,906
graziellare,1594
populistico,596
smantellare,83
sbugiardare,397
impensierire,839
mistura,46
lancet,107
creere,312
bottiglione,152
spalancare,489
ascho,227
interposizione,232
alessandrio,986
consolato,165
princere,417
abusivismo,134
commessa,192
classere,135
scese,75
infausto,304
satirare,390
datare,76
farneticazione,530
ultima,16
agricolo,84
lido,293
bestialità,1191
tote,155
fisionomia,336
fesa,17
malestro,300
wanda,554
puntigliosamente,669
grinza,35
svago,171
marcia,33
vitalizio,117
corso,50
zaccherone,771
tentacolo,154
incongruenza,770
dichiarazione,173
lavorazione,236
estetica,881
vienna,180
ama,133
over,96
scisma,166
allorché,31
handicap,64
institore,258
perfino,1580
locandina,724
pacato,386
braca,63
slegare,680
listone,173
celso,809
trare,60
maturità,41
strasburgo,66
capitolina,50
sarere,230
titolare,26
gradualmente,272
biscione,167
sudafricano,352
spinte,335
cip,65
dicembre,104
emblema,24
millesimo,133
usare,158
scambiato,99
sollecitato,386
cicchire,175
piramidale,208
silenzio,80
trasfigurare,1360
austis,567
proibitivo,217
nordafricana,323
calendarizzare,303
boomerang,131
trascendenza,1296
corradine,517
cernia,372
sfarinare,241
unabomber,46
amarcelo,741
raschiare,253
appendere,693
seviziare,392
scrire,366
parsa,116
maclorem,652
ecclesiale,154
postfazione,221
bredo,193
cerone,471
teso,116
elidere,278
gerarcho,134
carica,58
ineguaglianza,360
fortezza,103
sudamericano,145
wenders,720
gregge,9
invincibile,436
strumentalmente,902
ranger,179
copia,127
biro,130
debitorio,378
giacere,272
terence,1034
sovrintendenza,47
disattendere,467
preventivo,97
votino,54
ritroso,161
idrocarburo,262
arbore,237
spirae,37
rione,266
azzaro,566
polmone,280
suspense,613
sottrae,156
squadrone,483
scommetta,29
ripropongire,385
scalato,170
vincere,327
compilation,339
dirigare,99
lucina,634
curo,189
vittorio,494
anni,19
bresciare,524
sostanziale,774
cuffia,195
novartis,165
apparre,185
differita,61
bace,258
invocato,193
allerta,102
sottobanco,162
dopoguerra,128
riaffermare,423
rubrica,172
questione,153
fattoria,300
pandora,86
atterrano,76
barzelletta,746
seccare,44
haaretz,155
lame,15
attitudine,984
dormitorio,561
repubblica,37
lesbica,95
laurent,166
pure,1449
mandamento,161
irrealizzabile,306
indeuropeista,512
alito,25
jesse,980
moggio,203
casistica,359
diario,101
legislativo,230
emano,59
esequie,105
editorialista,169
raffreddare,150
abete,69
informatizzazione,604
compensativo,791
agliana,135
diventi,41
ternana,341
busi,93
schermaglia,51
tribale,283
colpito,120
gudo,79
aborigeno,293
convulsione,694
abbozzare,329
assunte,110
alessandro,919
fit,148
capovolgere,414
royalties,101
imu,151
arlington,634
tempra,288
faida,120
premeditazione,458
ardore,205
pontificato,192
dischetto,647
deliberato,438
saluto,159
ideal,40
corsivo,100
tacco,330
umano,113
copenaghen,63
dispendio,246
atout,64
depor,39
visi,348
chiusura,54
riesaminare,274
caprone,938
dorso,305
davidere,493
sterling,252
calcio,291
argomento,172
monto,31
porno,159
aida,373
attentissimo,277
org,47
repere,47
esploso,189
cancellazione,268
eufemismo,327
psicodramma,103
grossa,17
facciale,348
laggiù,64
esproprio,104
mangione,818
annualmente,340
avvocatesso,46
roberta,773
limatura,81
sleale,156
cordoglio,147
rinascere,128
convenuto,50
boero,51
ritoccare,242
filone,37
compiacenza,385
fornace,124
danneggiare,204
road,131
dedito,45
intimazione,103
aptero,56
eliminato,29
ramoscello,103
cultura,322
eguaglianza,226
alpino,102
harvard,695
feltro,173
caiolo,816
affidabile,141
smentire,254
connere,273
giornaliere,118
oscurità,62
catalogna,48
billy,807
autosospensione,278
abbreviare,167
finn,7
riconvocare,176
vivaci,53
decisione,214
oriano,869
peggiorato,277
compromessare,439
leopoldo,56
tokyo,81
filippina,242
petra,89
cubismo,793
elemento,178
amazon,207
cipriota,132
innanzitutto,494
colonia,169
parino,626
periferico,117
mexico,396
heisenberg,995
etiopia,278
ricandidatura,193
inviolabilità,387
malefico,514
contemporaneamente,289
alcazar,225
inserzione,164
egea,15
passero,98
artiglieria,366
capestro,90
scusa,177
potentissima,41
acarpa,98
faglia,176
cazzotto,212
verso,39
tripoli,193
rodero,602
costanzo,666
mirandola,409
confederatine,109
affollata,146
semestralere,132
morta,136
chuck,216
guidere,417
guerra,166
metabolismo,316
sigla,38
fitness,220
gestivare,279
spirale,188
insussistenza,532
ammortamento,447
successivamente,232
satirao,217
kid,660
angela,677
arde,226
ammodernamento,342
slittare,268
alibo,159
dileggiare,1353
collegare,142
visitato,194
clorico,407
mercenario,269
ces,62
son,73
festeggere,132
pavone,726
indimenticabile,1031
roland,759
sartorio,518
monopolizzare,147
sufficientemente,837
sbottare,950
legione,53
ruotare,60
granada,556
apicale,110
camico,231
linciare,897
affar,112
estivo,72
international,126
terzista,166
squalifica,420
raffigurante,647
stante,381
end,16
iene,186
castel,340
portino,41
bambù,203
spesa,315
macchinisto,161
sopravvissere,255
avviso,69
scarso,187
scambiare,178
archeologo,108
sudovest,525
complesso,228
marciapiedio,727
airbus,150
segnalazione,195
edificabile,221
inchiostro,355
testo,139
capogruppo,284
marasma,174
quadra,58
ravvicinare,90
distrettuale,174
interverre,123
differenza,215
esubero,137
scattare,24
prigione,221
testimoniale,303
morale,199
pervasivo,694
nonviolenza,358
estroverso,233
rinvii,139
horror,209
parlassero,528
riscontrare,273
brusio,122
oltremodo,449
albergare,516
alloggio,126
tensione,159
allergico,458
uscivo,175
moribondo,173
separatela,254
corbello,657
binomi,56
litania,136
ibrahim,287
spoletto,558
buongiorno,285
ridurre,195
imma,81
anso,76
angosciante,547
disperatamente,359
esordiento,648
pistols,699
scivolone,206
arala,87
pasta,120
tendopolo,217
scomodo,222
crucis,61
imminente,128
magra,16
adige,100
mangimo,335
suprema,51
votò,56
plesso,34
disappunto,360
scomode,223
asfaltato,375
quintessenza,972
spontanea,30
impazzare,493
besson,894
aspettativo,267
tromba,176
reggiani,919
impunemente,418
pedinamento,239
condiviso,454
valter,612
pupazzo,662
jazzistico,848
ottocentomila,114
coca,89
imperfezione,586
foschia,188
sudafrica,189
retrivo,697
balcano,129
corpus,23
manfredonia,714
durissime,105
debbi,42
libico,236
alfonsoe,92
developmentre,243
massacrare,543
biologia,323
monocola,143
arnold,358
evvivare,480
bertelo,999
mimetico,358
nebuloso,81
bacole,166
osservato,91
fognatura,418
depositato,169
etano,72
edonismo,887
galantuomo,385
aggrappare,534
chiassoso,582
brigata,126
rilevanza,398
indiscreto,506
reinvestire,328
realizzato,72
agricoltura,85
emozionanto,569
peggiora,80
velatura,190
aquitania,46
penalizzare,303
transformers,261
ristorazione,356
coreografa,485
ispirazione,388
contendere,190
minimale,344
monocratico,143
monoposto,198
nuora,305
dimora,97
richard,700
quattordico,231
nicolaj,340
coetaneo,259
sagoma,418
gioielliere,61
turbina,168
boehner,226
poltronare,123
schifare,658
saccheggiare,602
commemorare,175
nicolò,434
scivolamento,401
bollano,560
anglicano,190
propongo,149
percepiscere,187
mutuare,97
ripicca,344
orto,256
riavere,77
intendire,290
sacro,219
orticaria,129
ebay,165
marie,555
sopravvivenza,124
concessionare,450
significativo,330
abitudine,188
povero,182
denso,217
afragola,547
eloquento,331
ricattare,457
glorio,406
approvazione,325
papi,50
fingere,686
illecitamente,202
aroldo,836
gabino,256
genuinità,685
foraggiare,327
spi,80
agonismo,332
affore,162
gallerio,461
ritagliarre,395
gattopardo,282
hinterland,108
imminenza,90
sentivamo,332
verto,14
comunanza,417
assestare,138
osbore,204
vicepresidento,200
cengere,102
diligenza,15
anteprima,361
maldipancia,331
dépliant,96
sofisticato,173
sacrificale,90
impazzito,265
ringraziamento,201
ammorbidimento,404
rosse,187
annegamento,219
restaurare,133
ombrellone,655
spicciola,134
adorazione,247
curva,111
scoraggiato,234
pestato,673
colonialismo,544
urbo,33
guardingo,151
dante,519
riformirre,368
nunero,50
ini,2
ammucchiare,945
accertamento,277
guglielmo,247
ron,717
ecografia,218
ripetitivo,350
turbante,512
fischio,311
pacifismo,313
sceglie,41
dimagrimento,242
patriarcato,199
flaibare,317
surriscaldare,140
impazzire,490
risiedere,106
eccettuare,121
colta,78
neutrino,163
suicida,234
cronisto,129
senonché,428
dignitario,84
cabra,432
romanista,589
calorosamente,362
chiamata,31
approccio,529
putin,70
faccare,1107
tota,93
emigrai,94
diametralmente,148
parero,146
nauru,17
fadda,374
cognato,780
lario,124
infiltrare,301
verme,710
secolarizzare,380
stravaganza,1238
agroalimentare,220
bancarotta,129
barello,314
scomodare,359
scotta,191
associato,48
egro,183
perplesso,273
maestrale,166
francisco,244
accoglienza,84
capitala,321
ravvedimento,204
economicità,574
delineare,424
monitor,161
frodo,95
digita,49
resterare,366
azov,196
anemone,90
complemento,261
compra,120
vortice,351
victorio,184
bis,4
insistito,131
clementina,280
anticasso,408
cromosoma,179
adriatica,217
tenebra,93
vocare,97
aviero,406
manovrabile,376
eutanasia,148
rappresentante,126
esperta,167
angelus,141
afte,105
professione,97
proseguo,108
inosservanza,218
madornale,199
vincenza,803
east,238
criticamente,686
perlomeno,513
modica,284
frontiera,65
ribera,452
svizzera,74
redigere,201
malesco,290
rispettivamente,180
buddare,368
ingannare,671
capriola,81
colpere,176
assistita,142
avvilire,729
alatame,247
bassetto,656
vista,34
prescrivere,203
tecnocrato,262
angore,688
cartono,398
differito,209
stock,152
pallido,514
natio,133
previa,120
immaginifico,1274
disgustare,666
infondato,394
sauro,167
consultorio,170
bassissimo,361
addetto,81
acciaro,272
ciccio,719
avvertivo,386
taco,181
inquisito,350
salvacondotto,357
league,255
visibilità,237
duetto,628
roccia,785
leggare,304
abalietà,389
lagarde,118
burbero,926
simonetta,1259
sviluppo,217
inabissare,519
benestante,163
contestualizzare,489
cone,68
alberaco,1537
bacino,62
malabo,153
corteo,233
ambedue,61
rendire,131
sseldorfo,27
ovvia,443
retrospettivo,635
filmare,195
nore,65
stimato,38
manuela,1014
fugace,60
civile,28
alabamare,766
indebitato,364
fortunare,436
ariosto,142
parroco,232
risultavare,215
platonico,310
ripercorso,88
scheda,87
svegliare,509
collegno,286
sottratte,257
significhere,218
milio,29
supporter,169
documentato,315
oggi,54
zio,49
monviso,50
interessato,179
scaricabarile,115
tavolino,61
islamisto,476
luc,426
compresa,194
trae,41
direbbe,119
autorevole,123
ricordiamoci,105
appia,244
precipitazione,224
ascoltatore,145
brillii,183
distinguere,628
distrutto,387
adeguatezza,488
defezione,165
andaluso,219
azzurre,483
dietrofront,240
avvicendamento,85
sfuggire,423
testamento,121
omosessualità,292
cassonetto,624
radiocor,39
permesso,111
are,79
seduzione,1101
riconoscibile,538
blues,423
pablo,368
piero,190
rivendere,159
maltrattato,360
mecenate,299
tata,51
leopolda,77
cantare,620
diminuito,253
impugnare,86
filosofa,525
immediato,167
discale,308
susa,12
ispirare,287
nicolino,1433
sovrapprezzo,159
john,837
adeguare,386
esecutiva,29
antichità,504
ardue,100
pesto,437
crogiolo,454
usanza,348
accorato,299
ribatto,245
pseudonimo,591
livia,193
coordinare,130
occulto,118
cementano,321
sedasta,615
fiorire,145
palesemente,500
incinte,255
rocco,388
rockpolitik,259
sgombro,64
indignalo,94
fuoriuscito,167
monace,38
serre,108
ottimizzazione,1084
cospicui,256
quare,183
marescialli,189
mortalità,319
esclusivamente,522
conformazione,1055
mediobancare,324
latitanza,112
incompatibilità,349
stoner,368
scurito,64
magari,616
converso,45
infanzia,44
riapertura,69
triangolazione,60
ministero,58
parlò,82
piperno,1197
coldplay,1042
cipolla,204
frustrazione,693
benetton,211
simon,437
scoppito,136
alcolico,175
peacekeeping,173
riguadagnare,193
griglia,116
cairano,919
testimonial,150
sedare,144
casimira,212
orso,225
sirte,339
impatto,162
distanto,174
calabrese,462
baudelaire,930
ribes,38
maleducazione,768
piacimento,287
supplicare,331
gota,12
affittuare,162
stente,147
annaspare,699
pessimista,169
direttiva,230
virus,190
rifinitura,72
credito,224
ocelli,16
bartolomeo,989
modernizzare,356
claudere,159
esperimento,184
pala,235
suscire,204
fugar,332
misano,669
santi,534
cimato,215
rao,10
merlino,763
sdoganare,185
cucciolo,384
accurato,156
damiana,453
roda,64
monale,9
richiamato,169
ucria,190
mettessero,292
conviene,257
andalusia,82
siena,241
elettronico,194
lufthansa,110
corresponsabilità,579
rajoy,84
oppressivo,662
antiveggenza,45
contesta,158
standing,101
fortificare,292
scivolata,303
gira,94
principale,33
mutevole,800
vecchia,31
giuntare,224
echino,90
norimbergo,97
ulteriormente,159
areo,77
metter,39
frizzante,826
figo,25
colasi,122
incollare,849
catello,1127
recintare,517
pensai,191
vanno,329
rocchio,1167
montgomery,751
manifatturiera,167
lealmente,312
dedichare,87
cola,105
contraffazione,122
bacio,142
pago,47
ghiacciare,405
stampa,85
perseguire,371
predico,304
aiello,444
sciancala,718
traghettatore,276
dino,25
zingaro,110
attanagliire,237
motivo,36
rubini,73
eligio,156
rossinare,891
umile,261
bagagliaio,269
comincio,309
esistenza,469
desiderabile,559
sfacciato,1472
rovesciato,166
distesa,261
coerentemente,893
calerò,127
criminale,314
agroalimentaro,184
geometrico,391
sfuggita,183
sundance,679
seme,39
velocisto,388
rifilare,516
crescere,145
significato,445
segnalare,185
errere,569
incalcolabile,518
rolare,1715
minuscolo,560
potenzialmente,561
fondamentale,434
perfido,757
retroscena,147
ubalda,54
esaustivo,349
palazzolo,473
controproducente,852
abusivo,75
aviere,320
trentenno,276
elvetico,52
fraintendimento,395
melania,283
vile,457
mito,506
ifa,68
economicamente,253
irpef,295
arpe,129
bernesco,215
verbale,93
omologazione,582
assolato,161
variopinto,598
stimano,91
rappresentavare,221
agrigentino,333
selva,60
riferibile,285
approfondire,178
halliburton,127
pronunciò,58
broccolo,1326
pessimistico,356
com,99
allestimente,229
precedere,139
disavventura,262
discesa,58
estimo,34
porco,167
spagnola,72
liberare,100
assumano,75
madrid,126
eldorado,129
baconiano,104
primogenita,278
massachusetts,170
sterminare,655
padrona,149
tribù,158
sporcizia,470
riff,449
land,302
riconvertire,300
cassandra,130
formaggio,489
folklore,548
impressi,540
legiferare,349
membro,79
sedile,374
committento,176
mosco,79
cronometro,247
responsabilizzazione,515
dispario,75
autobombo,369
insistono,434
pattuire,302
incoraggiare,319
giochino,129
esposre,21
costernazione,80
ricominciare,281
rapportare,631
sabotatore,186
invitere,235
abrado,138
scorrazzare,821
broker,132
alex,228
laburistare,157
elefante,202
cispe,2
silvano,383
trait,39
pub,23
periodicamente,266
spire,169
baio,301
rinare,189
inverno,165
savino,196
doppiamenta,465
lettonia,60
inascoltato,98
saint,111
disegnare,265
ometto,117
antisommossare,201
annuo,324
risanamento,194
immaginario,1624
schierare,171
coadiuvare,64
aerino,404
amendola,776
bolivia,137
occupavare,360
ratisbona,162
pessimo,179
dislocare,192
ambiento,82
microfono,250
consentirebbero,728
contrabbandare,230
somministrare,316
organizzira,97
difforma,252
nalles,306
comune,70
minerario,375
aulico,604
trio,552
ban,105
aspetto,286
palmare,206
diga,60
complementare,539
spermatozoi,300
golo,68
ciad,133
gioioso,578
conferma,236
stemperare,489
irpeirf,266
progettazione,330
alante,1040
tangentopoli,75
omosessuale,145
riallacciare,152
apprezzato,210
eversire,239
progressivo,404
wars,211
scartare,264
inoffensivo,413
ricamo,614
autismo,313
anteriore,193
senatrico,180
autodefinire,326
massaia,179
americano,281
sintonizzare,304
genitore,211
fregiare,98
tempestare,122
effettuato,272
kirghizistan,281
renis,65
assuefazione,322
stampato,110
distinguo,354
privato,84
ram,144
comunismo,464
omologare,101
cape,23
silenziatore,197
autosufficiere,87
arrocha,211
tamburio,92
concretamente,604
mussoliniano,442
avviare,213
mantovano,571
giachetto,1190
cloud,121
approdo,59
polemizzare,460
disonorare,487
antiaereo,114
necton,275
longa,37
concedare,61
virtuoso,35
goder,35
agostano,125
ferma,110
disporre,225
decade,17
asserito,438
pubblicitario,82
candore,951
legalizzazione,404
avvicendare,112
irrinunciabile,330
soprannome,525
agro,84
biglietteria,128
sfiga,241
polimere,461
proporzionalmente,587
fallimentare,72
scadere,98
impresse,174
guscio,144
desaparecidos,159
rivelare,287
granza,300
luare,694
vicepresidente,177
antico,192
cdu,145
lifting,49
crudo,194
paletto,73
sparare,453
plagio,117
polarizzazione,457
bell',164
mercé,109
moderatore,83
zelia,325
insigne,117
gruppetto,259
mediocrità,864
attentare,281
sosterrà,191
uditorio,31
arancione,94
sulaimo,300
anteponere,523
dignitoso,109
candidatura,134
bordelli,527
coordinatore,279
afflusso,68
battistina,767
ricollocazione,415
alfreda,29
uruguayano,118
elaborazione,312
prudentemente,496
interpellate,50
inconfessabile,862
sinfonia,195
barcellona,315
senatrice,132
sospettoso,395
tartaruga,105
evangelico,293
rieducazione,150
frizione,231
dara,53
rimanenti,68
nullo,123
dovizia,53
civetta,60
stragista,236
incalzare,319
calcestruzzo,192
scorsa,100
terapeutico,288
paradiso,43
han,65
scottante,94
granito,156
panoramico,462
reintegrazione,199
conveniente,503
rado,9
casaccio,723
odino,990
delicatezza,291
cartaceo,230
sgretolare,331
diserzione,162
accudire,293
cirello,110
josquin,200
saldatura,178
appagare,973
giurisdizionale,356
saetto,467
spartiacque,152
placet,24
tradizionalmente,279
gestualità,671
boschivo,205
mariolo,839
assoluzione,249
sconfessione,698
apposta,78
controcorrente,394
lione,31
rovento,61
indigenza,256
carmela,845
candio,414
surclassare,226
astengire,172
impoverire,345
sola,4
mobilità,331
noemi,103
rita,322
vincente,187
pierrere,478
benedire,161
saga,291
vituperato,251
casetta,706
vertebrale,238
laprere,76
puntiglio,231
penta,19
calzolaio,542
padrino,557
petrolifera,135
opportunamente,467
portandolo,51
veduta,6
trauma,188
ragazzini,557
momentaneo,143
gazza,142
passività,310
mischia,318
praticabilità,1032
assediare,399
istruttore,271
e-mail,78
nutro,116
maura,924
spente,353
peer,135
segrino,500
maniera,191
colla,464
soda,23
entusiasta,276
discendenza,440
bastardo,768
wen,39
vague,62
emergare,214
accasare,187
rilievo,80
legittimo,308
frugare,534
esule,120
diplomazia,82
angelinare,511
telaio,288
religioso,329
sannio,203
pepino,254
ignavia,320
cisare,189
traspare,108
bollire,614
colon,111
clientelismo,460
alitalio,100
cheto,25
arzana,60
breakfast,84
mento,12
omeno,338
discoteca,279
attorniare,765
eclettismo,980
aliquota,237
ganglio,61
operatorio,170
utilizzato,538
filctem,313
concitato,375
fotomontaggio,251
carrefour,184
sollevamento,113
distruggere,300
intramontabile,346
cesario,155
testato,104
massimalismo,996
fotografico,354
crudele,255
profondamente,178
industriale,255
sodo,32
esoso,83
carroccio,206
bartolo,1026
clonazione,232
pillare,165
tenebroso,231
selvagge,69
ugualmente,511
cologno,110
smania,40
scattere,168
bizza,167
sfare,27
giovanne,488
toso,165
spallone,801
borsino,673
autostima,81
frediano,134
tendere,586
palmiro,187
assolo,106
ingegnoso,326
sgomberare,130
tocchare,99
arolare,921
lacerare,299
districare,208
ricciarello,1508
postulare,542
ersilia,772
allusivo,839
penalizzato,240
augurano,165
astana,155
alveo,9
moda,137
inagibile,89
app,318
giurre,177
milord,23
jugoslavo,116
panathinaikos,756
sebastian,396
impellente,674
polifonico,925
cortese,269
oco,9
lavorio,11
filosofo,360
reiterazione,825
considerere,960
periferia,210
assodato,546
teatrino,329
nasi,363
servilio,954
fucilata,409
chiarire,379
gabinetto,101
petroliero,83
ascendenza,303
carré,968
schnabel,842
privatizzazione,200
irriconoscibile,577
cosicché,164
antagonismo,865
imprenditrice,93
benintendere,288
natalino,686
acca,11
concerre,16
franchista,225
copertone,451
assemblea,101
discrete,271
neutra,45
urlavare,1026
amante,722
ricreazione,11
auser,16
maro,35
crepe,56
loano,29
souvenir,582
simo,26
ascanio,105
pubblicato,274
ruta,533
ecologista,93
trattenere,244
destra,384
frastornare,212
adale,202
fisac,251
ligure,264
involontariamente,790
schegge,11
iscritto,47
dote,99
sferrare,366
holding,338
denice,83
fota,549
aggiustamere,449
concitare,542
indegno,559
codicillo,134
combattente,257
attengere,605
ribaltamento,368
capisre,671
gaeto,43
pagante,74
spare,750
ciriello,253
millantato,115
bendato,568
telone,550
bacchettata,261
produttivo,252
ipse,44
pecco,76
barese,513
compiacento,449
estro,247
fruizione,364
eversiva,177
insorgenza,414
confidenziale,64
avveniristico,447
boia,72
cacce,6
baca,483
genealogico,596
pronuncia,141
amplificatore,219
correndone,245
ubs,223
abbattare,131
stufire,633
svolsero,79
offrere,30
sconsigliano,365
tenendoso,90
nickelodeon,258
perversione,1415
secolo,156
binasco,254
rottamare,51
unilaterale,104
validazione,430
adendolo,634
verificheremo,207
egre,150
attualmente,92
baez,323
furbo,249
dittatore,280
breguzzo,295
wyoming,434
compromettente,300
milanista,865
manifestazione,136
franchising,21
fatah,227
argon,253
chissà,640
distanziare,76
everest,190
incontrollabile,424
consultore,142
apocalisse,245
guarino,812
paggio,272
disertare,145
sussidiario,417
bino,76
offerente,104
erro,39
rotazione,138
confisca,48
scerò,208
motivare,285
oro,71
tonno,246
gru,38
elettrone,241
nonostante,230
unite,71
benzone,1030
ottocento,195
puntualità,81
vorrere,372
ininterrotto,91
compagna,409
protettorato,94
duemila,128
inibire,157
corrido,117
cunere,243
attonito,653
usura,200
frazione,224
abbronzato,289
reazione,224
porto,197
antivirale,203
stiva,254
trentadue,182
multo,68
ripassare,549
comprensibilmente,1144
mariagrazia,941
chiesa,203
collassare,329
dinamo,285
patta,23
moralizzatore,252
ammasso,481
simmetria,358
turba,46
comprendente,172
diagonale,376
francese,167
sereno,80
ingiuria,331
lettrice,31
orecchio,112
completare,144
puntualizza,180
stretto,37
alfiere,118
graffiante,1369
gerarda,422
pag,10
campanello,80
vandalico,155
rimorchiatore,220
perdire,85
apple,161
basilio,917
didattico,232
sposare,218
bloccato,77
folle,384
dispiaciuto,676
risalivare,138
recessire,186
alamario,376
applicare,370
sovente,1759
interloquire,180
lilia,243
kahn,165
tamburo,152
termoelettrico,321
terrorista,403
look,142
tana,237
lugubre,66
stravolge,164
ciclistico,99
delinquentio,375
bandole,93
topico,319
librino,696
catastrofico,171
angelettare,208
armamento,119
furia,150
egitto,336
vertenza,187
meravigliosamente,1252
programmatore,119
lance,58
stars,384
meina,190
ritirare,128
morte,187
ferrazzo,1192
trattamento,183
minoritario,573
azzere,89
gramare,625
irreparabile,460
macaria,239
estrazione,263
supervisionare,154
convenzionato,184
antonio,239
contraddistinguere,1084
centravanti,627
juke,488
villa,266
rinuncia,127
fusa,27
debolissimo,431
condividere,418
gasolio,187
niue,13
sport,85
costrizione,393
bitta,96
aggiorno,138
investente,237
toccò,60
cacao,214
convenzione,122
speravamo,297
raio,126
intitolare,495
bossolo,200
svettare,633
dissolvere,558
mancino,284
prevaricazione,1798
cicchetto,414
travestire,754
traume,252
fesso,365
turista,155
tizio,188
riscaldato,194
santiago,156
rispondo,186
lanciare,81
trentare,311
divertento,928
disponere,280
cerotto,499
informativa,270
macra,307
poligrafico,84
suffragio,23
ermanno,640
accoglimento,181
salgere,147
musetto,673
lavorativo,191
laureato,100
arefatto,429
discriminato,304
vibrare,530
cioccolatino,642
bicocca,132
alternativamente,441
arrese,210
camozza,783
povertà,148
irlando,90
spinere,54
logistica,239
antiterrorismo,95
registrere,54
sceriffo,49
svignale,264
toltare,333
india,181
affollamento,41
ingoiare,113
pezza,90
venerabile,136
polonio,61
gemino,39
proiettile,300
sheraton,218
punteggiare,753
clemente,96
volumetto,439
venticello,968
insistenza,313
propizio,198
vulcano,291
feroci,426
sdoppiare,239
pagliai,834
scalfaro,156
rendiconto,97
musi,99
ugolina,59
meridiano,38
morivare,652
soubrette,228
minaccia,140
adro,19
nonché,60
migrazione,137
monastero,94
orecco,67
pretendere,605
castione,297
cinemas,380
fosforo,226
ricoverato,265
cossutta,226
reperto,169
assisi,198
direggere,214
leucemia,336
elettore,120
nigeriano,299
invasivo,295
buddismo,216
molla,71
milanisto,562
malgoverno,395
addolorato,236
micaela,468
pierluigi,121
giustificare,807
palestro,162
accettere,413
ripartire,211
ingrato,194
geithner,173
selezionatore,99
casta,366
svoltosi,106
innocui,132
stantio,376
ballata,1117
squarciare,409
squarcio,201
duellanto,98
abramo,194
fuie,76
discere,690
rosee,102
librario,236
disarmato,483
commissariale,118
igiene,50
creatività,346
fegato,309
combattimento,381
drammaturgo,929
dadini,470
collana,486
vena,309
alale,279
forgiano,722
nacquero,386
franco,132
sindone,205
arrivare,300
avvii,253
tribune,72
erminia,1019
sarde,116
eccetera,12
confermare,325
anglosassone,220
barletto,156
vitro,303
inestricabile,790
avendoe,124
guidatore,91
rinvenuto,243
vano,105
ingiusta,242
engineering,218
dominio,200
politicizzato,760
posticipare,284
intendiare,371
pescara,529
indissolubilmente,447
valido,112
toare,78
inattendibile,331
amalfi,305
austriaca,285
expo,14
tregue,539
intensissimo,252
pedroso,582
denuncia,131
viviare,55
attuare,433
thai,376
attinenza,137
aggiungereo,740
imprecare,669
life,158
destabilizzazione,684
drammaticità,402
reggio,387
gratitudine,343
riso,286
convertendo,191
gramse,178
alludere,624
bouquet,45
tale,1268
belize,21
terremotato,61
grafico,245
nascondere,380
attese,156
populisto,407
pigio,22
fumagallo,1081
chiedare,272
farage,47
titto,573
votare,155
suor,470
crescendo,109
risarcimente,72
inviso,70
salute,51
pretto,462
basico,187
budello,187
inverosimile,855
tormento,374
ammalare,250
affiorare,670
querelare,262
appartamento,273
monitoraggio,307
rovereto,376
psichico,311
anuro,172
capone,666
compressione,1136
centrifuga,96
ridondante,1038
evangeliste,561
fornivare,193
fortunatamente,353
notabile,241
decentrato,354
santuccia,1212
gradire,476
entrambo,79
gsm,63
occulta,38
aranci,128
cospetto,462
mulino,37
mendeliano,262
lefebvriano,200
almese,97
cortelleso,1104
raso,25
perforare,200
micidiale,201
concordato,218
cerniera,58
allargare,75
sostenire,120
soluzione,98
accordare,483
inaudito,273
sciacallaggio,155
abbassamento,339
liberalizzazione,249
chimo,47
fantomatico,111
inganno,386
addare,110
distorcere,608
blockbuster,282
inazzurro,693
biancone,1305
bielle,183
tonale,504
fraintendimente,461
atmosfere,440
priorità,94
raz,108
stratosferico,255
dinamite,147
gentiliano,309
affare,16
confindustrio,142
commuove,341
autorevolo,168
bosco,149
atterro,76
deterioramento,580
cerine,561
sbaragliare,313
refe,4
shuttle,49
giornalista,144
noia,403
gato,120
national,239
civette,140
azzurro,525
falcinelle,281
sornione,1090
barlume,62
autorizzato,179
sfruttamento,150
addur,193
metterare,312
balcanizzazione,436
calendario,125
spuntare,537
sky,58
federico,648
cerner,86
quaresima,156
sabotaggio,98
tudisco,186
ternano,292
obbligatorio,229
collaborazionista,160
innocente,258
buccolo,1048
flusso,103
fide,8
tout,20
investitura,94
andino,126
dota,11
utilitaristico,771
dogana,27
gagarin,646
dissociazione,117
contrattacco,114
ostruzionismo,239
pornografico,294
gusto,677
datala,50
premuroso,378
saltare,250
nascare,41
politica|politico,98
nucleo,9
ditta,148
soro,83
abolizione,186
accisa,216
falce,78
remunerativo,422
mordente,618
bagnolo,537
inedito,324
indire,141
compassato,1047
adducere,126
assolere,135
saggiatore,346
veno,177
thao,244
conduttrice,155
semola,77
architrave,255
peste,240
altipiano,218
clinico,272
basaglo,59
costanza,410
continuativo,263
gleneagles,40
abe,130
avvisaglia,178
piergiorgio,182
stevens,985
gloria,214
manganello,195
rivelere,335
capeno,852
ritrattare,458
oncologico,331
galtellì,486
infangare,551
superenalotto,17
borgarello,1747
annebbiare,1033
ferocia,535
fabbro,706
vinile,61
tassativamente,547
posi,6
perbenismo,964
intollerante,867
recitare,141
delittuoso,242
usb,76
sberleffo,511
pienone,111
lungamente,155
eccessivo,394
trasferito,138
odio,489
proseguire,175
annata,296
introduzione,155
rinascita,115
imprudenza,41
scontentare,887
eventualità,250
tempismo,258
uscendo,60
laterare,130
conducente,100
sforbiciare,261
tessitore,97
garantiscare,571
orca,400
honduras,255
pira,233
poligamia,291
votavare,144
stordire,1229
scavo,128
revolver,69
commemorativo,143
guerriglia,401
bongiorno,285
liberalismo,514
dettoce,204
esenzione,297
negro,22
anarchismo,739
generano,511
amario,476
bolton,205
cartello,125
ingruppo,133
sutura,149
barbaro,296
intensificare,153
thiago,455
accorto,501
internazionalmente,293
durezza,354
irpinia,140
garden,88
stravincere,458
appaltatrico,270
vantaggioso,381
sore,78
dovessare,338
coniuge,70
gasso,183
edicolao,85
status,68
vole,238
svilimento,172
alì,79
fintanto,452
tommasa,242
tramite,111
giustificabile,899
pulitzer,289
telecamere,183
olga,81
piersilvio,78
calzaturiero,213
rossini,233
ricapitalizzazione,479
bidone,663
dimostreere,202
miee,68
rinuncare,231
traditare,525
certificazione,366
aizzace,851
mollere,321
tornaconto,78
assordante,322
morricone,568
patronato,57
coltivato,117
tonnellare,235
straripante,541
lancia,38
balla,33
padoan,116
juncker,245
paventato,238
devolution,80
indissolubile,274
traire,143
frustrato,256
delaware,282
castelnuovo,773
raie,121
inquietare,905
dimetro,34
sconcertato,768
rapido,74
mail,83
tardivo,253
bnl,140
dotazione,193
inclinazione,1735
balenare,308
fondiaria,214
mariare,396
mitragliatrice,553
pedro,137
dominiare,258
connecticut,208
passionaria,379
hawaii,332
balene,107
fortune,61
pastoia,95
bando,29
trascorrere,190
diretti,115
disciplinato,202
travagliare,65
dilatato,653
isolamento,259
investire,184
costoro,549
carbonico,338
inglorioso,127
proclama,201
goloso,186
condivise,517
estirpare,210
gela,26
sedici,109
assortito,268
sbandierato,329
riferivare,382
collera,463
robinson,638
rights,116
farnesina,110
microcosmo,479
bagno,391
realista,152
contaminato,435
analitico,508
desiderato,319
ansale,310
michelo,690
sedativo,383
uria,42
mac,153
vaccinazione,290
versatilità,722
sappada,67
conseguere,649
profumare,638
anestesista,228
spicolare,131
pregevole,226
ottavo,419
creepers,257
ape,40
chiere,408
monetiamolo,75
teenager,126
ics,148
stracciato,368
gionare,78
contratti,210
fino,84
sloveno,111
seguito,119
olo,92
beneficio,274
zara,192
ineleggibilità,234
pera,58
argentare,406
background,288
bettola,399
peraltro,858
unionista,204
bitterai,34
discutibile,737
condi,86
dogmatismo,872
uffizio,131
familiare,93
stere,71
gonfiato,132
erchia,38
formidabile,306
villano,1014
programmazione,146
scapito,281
giovanissima,438
pennine,179
ticino,110
preferì,65
picnic,477
pechino,98
fidanzamento,138
redina,47
missoure,253
mediterraneo,163
geddo,34
tema,105
vergogna,239
deliro,946
contrapposto,392
stimole,170
dedico,89
baghetta,201
carlo,313
elemosina,62
precoce,106
conquirre,241
accendere,118
restauro,145
ombelico,77
ampio,81
appuntamento,195
contrade,128
parrocchia,179
calde,20
auto,115
mayo,204
costello,315
cercatore,165
sbarco,115
tardo,51
hannah,415
avena,113
tarare,36
respirare,268
incriminazione,443
recessivo,384
mississippi,232
parcheggio,363
ricostituzione,161
confino,109
ordinario,47
pittsburgh,106
ethan,841
cabale,98
amoroso,267
carteggio,200
langua,170
ufficiosamente,309
tentere,79
solidarietà,54
cinquantesimo,178
addolorare,230
diciannovesimo,193
cheryl,123
compagina,63
pixel,264
corro,63
reattività,355
ebook,82
dannare,313
porger,189
improduttivo,619
rui,224
poveraccio,609
forcella,310
procedire,97
modernissimo,619
conferenza,82
anima,216
purezza,929
giancarlo,279
propulsore,83
soldano,885
lettino,62
spaventoso,225
repentaglio,112
gauchore,306
precludere,603
soqquadro,312
contraddicere,849
evadere,136
sicilio,114
falsificare,190
fusta,521
astato,21
tratti,226
appaiano,1050
arizona,166
muoio,77
abbacinare,119
distinzione,557
procurato,154
guado,18
west,287
consumò,133
plebiscito,36
venute,38
palese,352
tesoriero,72
eroina,62
imputare,221
donna,192
norvegese,149
millantare,141
tevere,427
negoziatore,169
esercizio,53
magma,109
audio,150
ottusa,925
cauzione,85
promemorio,35
bicamerale,79
rugosa,153
fidanzato,471
infarto,256
cancerogene,421
giannino,746
imponibile,432
gabbia,45
mirca,46
peloso,35
reddire,343
incremento,502
pompiere,226
affidato,100
ermeto,211
riduzione,503
inscindibile,395
vento,204
fingile,132
petrio,1066
suscettibilità,419
chiedergli,325
abbandonò,193
faust,279
befana,78
tranviero,95
euler,291
avvenimento,155
vaghezza,204
binarismo,583
thompson,415
esploder,87
menzione,85
mara,200
indigeno,210
perlustrazione,831
galdinare,97
aragonare,711
speculativo,183
sicario,316
protestante,309
chiuro,182
storace,129
lodigiare,227
trafficato,296
incursore,262
apollinare,522
ambrogetto,82
castelluccio,1407
ingiustificabile,890
revisionisto,329
postino,210
ratzinger,177
duisburg,58
circondare,810
allentamento,468
instillare,96
affidamento,314
feticcio,1052
epurato,112
economist,99
muso,30
bipartare,46
originaro,30
niger,112
ambire,95
truce,263
chiameresti,86
aguzzini,491
rincaro,179
modifica,321
grazia,52
bastato,122
alfredo,141
meccanico,166
vicequestore,739
postonico,135
economica,185
biblico,75
messinare,843
interrotta,63
assunto,87
mora,9
alterno,79
ritocco,147
bonifico,158
inclino,530
brancaleone,280
miriam,309
mah,98
tremendamente,313
decennio,177
triei,203
disattivare,100
aggressività,860
erotismo,859
colmare,41
densa,243
pappare,580
lionella,183
riempie,284
latifondista,181
gin,229
riconsiglio,283
linfa,60
cassano,747
misurabile,684
stoccato,36
ricompensare,244
fratellastro,413
city,43
rigidamente,549
fallita,53
vladimiro,275
preposto,340
guade,127
cazzare,790
ricchissimo,190
avvincente,1004
leandro,1293
ovest,177
procuratore,204
exchangere,366
viareggio,262
sardegnare,146
china,10
sfuggente,1218
esclusa,31
kibbutz,153
amar,307
sottomesso,849
renale,78
mcdonald,139
rodriguere,174
task,28
usuale,143
carosello,286
trabocchetto,373
viola,439
cambio,29
possibilirre,604
filastrocca,1217
ameno,17
ininfluente,282
modestia,392
indebitamente,360
emozionare,733
catalogo,134
tirrena,180
rimbalzare,262
yemenita,506
confronto,100
atalanta,569
qualcos',458
maceria,160
deregolamentazione,936
oceania,223
ammorto,24
stazionario,385
patriote,153
collezionare,219
musulmana,283
professionalmente,222
cinegiornale,359
diabolica,182
cintura,360
barbo,377
raccolgare,190
sostanziare,542
contravvenzione,712
usato,253
ricordato,70
amicale,119
troiai,562
fatto,831
pieve,662
disciplinare,291
sedotto,333
assommare,125
intermezzo,515
stracquadanio,485
salisburgo,383
dotto,246
voglia,499
autogol,296
statuale,670
rivoluzionario,370
istituire,113
celio,250
controne,1162
inciampo,231
allegato,158
bibbia,147
contemplazione,1509
agosta,115
paradigmo,698
cono,84
sgabello,1057
cavo,137
licenza,35
cappuccio,492
trombone,300
metrovia,230
turbolento,109
insuperabile,286
bulgaria,146
cappellaccio,229
fassare,170
ceda,15
johnny,892
riformisto,335
intellettivo,300
stilo,32
capillare,187
origliato,254
trascorso,87
diseducativo,510
fuciliere,129
scacchiere,20
lealista,337
perfezionare,79
neill,567
dividere,184
corana,136
inquinamento,221
accasciare,1211
raccolre,60
fumario,105
parre,76
cronaca,77
alpi,58
popolarissimo,310
azionare,172
caricatura,801
ingenuamente,1308
latrina,108
calcagna,308
grintoso,756
chiesto,128
flauto,596
peso,58
svilitoto,243
aster,320
golpe,106
mensa,153
gonfia,79
gallucci,170
speziale,815
ava,67
contere,228
aprite,165
calore,148
servile,508
calisto,180
infine,472
modulo,25
saccho,177
dinosauro,292
atp,25
sindaco,151
leggendario,1339
calciomercato,457
eccedenza,510
steppa,350
immorale,763
schieramente,331
insorge,108
sgomento,379
nenno,161
burlando,469
normalizzazione,650
frammentare,644
istituzionalizzare,1086
ortofrutticolo,236
consentivare,518
donatellare,1105
accademio,228
salmour,829
gridare,446
metodologia,343
dopotutto,479
teorema,102
transenna,628
titola,46
appaltante,146
occasionale,95
oscillante,99
giacimelare,176
gratificare,182
mausoleo,184
seguedallaprimo,40
unanimo,82
niet,30
gollista,334
esista,150
pilota,152
retorico,834
pentita,167
tragicomico,350
raffico,166
mania,132
talento,235
neofascistare,171
annamariare,808
cingere,437
chip,134
reinterpretare,103
solerzia,211
rotore,444
pulizia,24
forcello,464
impraticabile,467
propaggine,150
fondale,319
santadi,266
schiave,141
afroamericana,243
introdotta,221
psicologa,115
indigente,125
assiria,167
allodola,23
leprire,344
down,150
depardieu,413
penitenziaro,88
buddista,107
sian,43
tele,98
grandemente,637
ammirevole,524
scanio,136
alemanno,169
ali,253
lorello,1502
espone,56
cobrare,298
corridore,201
costituzionalità,420
impresario,475
aliasre,881
razzistare,409
opus,56
commento,307
sbarbato,453
immobiliare,247
incominciare,525
andesite,223
nives,382
fabrizia,358
lastra,420
incertare,264
paradigmatico,1131
colleziona,246
centrodestra,353
specificazione,1016
tira,49
buffalo,127
denotare,610
scorgere,1058
variabile,155
bersagliare,436
office,89
bersani,147
benessere,181
insinere,502
mediasso,452
fiorentina,599
utile,76
freddare,608
chiameresta,157
svendita,90
banana,41
sostantivo,668
biglietto,54
sonia,233
iniettare,183
tratto,110
eurocomunismo,407
psica,391
pallanuoto,469
angelo,675
bianconerare,652
ascolto,63
sfondo,153
installare,210
maniero,647
oltranzisto,297
giocatore,410
segmento,103
stremare,496
gelato,332
liberista,467
ramon,160
virato,96
abercio,156
farmaco,225
nordista,171
dateci,62
odorare,554
integralismo,785
nomura,255
solco,66
nereo,490
schivo,91
balzare,113
islam,383
dominico,93
cartare,212
sardo,72
chicca,461
snello,99
sciita,258
verticale,129
matteotto,273
indirizzato,73
medical,69
detenzione,242
stupendo,1115
color,615
marchio,159
registrato,174
rimare,158
difformità,525
metaforicamente,1089
burgos,102
indebolire,314
giustifico,292
zelanda,213
prepensionamente,438
ginnastica,250
differire,194
thriller,314
caratteriale,666
sostenure,142
fiammingare,128
intimare,181
piombino,174
sensibilizzare,188
serio,43
macroeconomico,288
clix,215
mangano,72
dongo,188
manovra,123
rimuove,24
graditare,310
simbioso,577
cardinale,190
permanenza,55
incaricato,99
abbondantemente,178
intransigento,958
immigrazione,92
ginecologia,262
globale,93
poltrono,49
dormivare,807
inevitabilmente,790
capite,146
frettoloso,266
arista,689
laura,414
disponibilità,154
settanta,207
inarrestabile,455
registratore,176
tortora,1766
dacco,32
nascevare,307
landau,589
rubicone,340
corsia,66
orizzontale,218
incetta,123
distensione,243
considerato,625
frivolo,1121
liechtenstein,56
stradina,404
parecco,89
citazione,518
ife,10
kafkiano,268
seppo,380
merceologico,658
terra,157
velare,160
torturare,424
sch,179
esclamare,758
melotto,1274
arsiè,691
torchio,122
elasticità,442
progressirre,382
conteggiare,430
livornese,406
danzatore,587
acuire,81
becera,55
risorsa,222
nube,210
ricordavare,545
ginsberg,1135
mestala,283
volgo,29
chiacchierata,492
partitile,234
assonanza,385
emarginare,128
carico,54
attore,398
scordare,288
sottovoce,766
cicerone,922
provvedimento,325
attenti,38
giustiziare,142
consenso,98
recepimento,303
doors,16
operatività,530
commercializzazione,618
costituenda,209
palato,877
cinquecento,100
riaprere,107
giocata,428
remora,293
ingiustizia,438
putine,71
camorra,208
isabellare,964
aggiornare,103
poolo,40
rudere,47
estemporaneo,568
materasso,920
centralizzazione,830
necessità,410
miglior,194
regimo,116
girone,190
danila,770
miceli,344
ragionato,459
fiumicino,129
carona,1060
cravatta,431
campato,246
sospendere,159
depuratore,232
apartheid,80
corporazione,387
magni,446
campegine,159
nordoccidentale,543
obsoleto,128
ispezionare,279
brigaglio,389
stagno,133
autogrill,289
hiv,85
salvare,172
mariso,1099
spiegare,491
scandale,73
fuggitivo,292
liberismo,562
lagere,253
scenario,64
moretti,134
farina,215
giordare,497
balordo,527
consultivo,234
realizzazione,223
stemma,289
cuoio,176
bipartitico,411
asuno,173
tariffario,476
dolere,39
riguarda,96
sbracciare,1342
penale,184
vessare,341
autocritica,364
raccomandato,65
frantumare,426
calo,164
cimentare,811
oppio,35
gambetto,1020
indigeribile,274
agrario,29
alterato,622
bollito,592
central,155
fierezza,556
combine,88
vandale,238
farsa,167
doccia,111
rotole,476
altruismo,634
ferentino,823
busso,167
attaccante,769
sportivo,87
bengase,378
unifico,15
sconnesso,333
regressivo,920
moltiplicazione,435
redattore,76
fara,69
strategico,121
veleno,179
groppo,312
milita,103
bimo,279
menare,412
inquirente,258
subordinare,580
senato,151
chao,430
adriana,488
appor,471
assillo,55
beduino,392
bernino,750
irrilevanza,584
sudorientale,509
hyde,323
provento,246
yoko,742
accontentare,640
fiera,66
didier,352
sotterraneo,245
osar,53
delusa,135
duronia,178
recentemente,106
leghirre,117
rettificare,365
forca,47
giraldo,154
raymond,212
siriare,393
indulgere,793
pietanza,304
miscelare,478
spropositare,747
baruzzo,1110
altissime,46
valre,8
caio,72
ralingar,250
ricomprendere,498
vastità,412
asserragliare,823
federica,257
canterbury,309
turbato,126
obiettore,68
lemio,42
audience,74
ravvedere,181
terno,192
pirello,278
tirar,46
starare,530
retroattività,354
simbologia,600
prescrizione,203
contrapporre,1136
pedalatore,179
pubblicizzare,141
olimpo,111
ammanettare,1194
sconto,210
galattico,259
cucco,343
fiesole,192
morbello,599
palaci,159
sinio,67
raggelante,497
verificare,285
zaio,84
sesso,121
tenda,453
adonia,180
asprio,85
fittize,162
occhetto,410
strema,96
alternato,16
purtroppo,686
cellio,691
rimasero,158
dna,102
prosciutto,211
concessionario,501
stio,27
sibillino,388
cervello,190
battere,202
temiamo,175
beniamino,104
carso,183
padoa,95
virgilio,728
trota,126
abrre,284
abbruno,59
bustone,110
tamburano,72
imminento,137
bottega,48
condito,466
cantavo,360
federer,500
lake,759
augurio,120
tornasso,53
diffudere,124
integro,48
studio,139
napo,16
incivile,720
provato,78
sferzare,358
populista,382
commissario,53
imeneo,417
parallela,95
albertino,358
candelotto,723
aedi,70
xix,114
prere,127
trichet,121
macerio,320
partere,72
bookmaker,238
ted,200
elsa,23
ingrossare,212
nordovest,195
decretato,277
stilistico,856
ininfluere,251
mese,141
tollerabile,518
falda,184
legittimazione,616
autoctone,314
emirato,172
agnese,103
babila,128
tara,49
ulm,144
verere,59
garlasco,379
staccare,134
cenone,109
mortae,367
rischierebbero,366
party,172
crono,203
barattare,379
pontificia,199
dismesso,312
distrazione,354
mafiosità,164
conciliabile,535
osta,9
seta,182
ipetro,63
pieno,21
predestinato,1017
oltralpe,43
valicare,41
tumulto,93
port,157
intervenere,102
fabiano,664
motocicletta,156
necrologia,9
chiave,52
www,46
gerardo,321
fungo,283
emimere,279
fondativo,386
annidare,531
mae,10
prece,10
pariolo,490
tosco,861
elevato,373
tempio,190
alsaziano,56
tene,199
zaffiro,242
timers,31
alimentazione,306
avvezzo,342
contavare,327
enclave,104
chiarella,408
mcchrystal,224
disarmo,109
chiarificatore,502
goffredare,455
talorare,993
manterranno,124
carife,209
esente,27
dialettico,898
forzato,99
ingrosso,249
popoloso,129
rallentamento,441
oltranzista,282
sostanza,281
astanto,218
parolare,713
agiio,149
brigatista,215
contenitore,249
stupidaggine,976
dispiaciere,512
comprimario,104
fao,21
tenore,69
loco,12
sexy,112
antisemito,223
vascello,609
partigiano,207
sedentario,107
ridicolizzare,1687
mettendolo,109
italiano,54
riuso,87
taglieggiare,419
volontariato,127
saere,17
incito,45
smarrito,156
volla,328
accredito,63
arcinoto,225
estraneo,606
pozzi,1052
didone,74
terry,526
arrendere,459
uranio,68
generale,33
hollywood,257
iniziale,99
coendere,322
eversivo,246
qualche,124
ricevare,95
elaborato,58
pendico,46
discrezionalità,745
carare,417
danielee,813
distrira,119
fabio,522
hopkins,846
pistoiese,620
ladrone,310
bengue,341
gonfalone,87
viscere,822
nuvoloso,151
linciaggio,807
fantasista,635
trasmettere,103
senegal,195
after,551
liquidatore,68
pianificato,109
scolo,354
montano,279
svista,159
verrebbero,356
axa,281
ricognizione,118
assira,174
moglie,421
accorgimente,425
numericamente,485
anelo,24
sovrintendente,69
imprevedibile,878
vegetariano,102
drammatico,66
pena,88
tournée,236
bombo,139
robusta,84
agguerrito,77
torrettare,108
tir,92
fermo,22
mancare,179
martoriato,194
chiamare,53
conduttorio,184
trac,128
ripugnanto,1201
lasciato,253
digos,82
copre,62
paiono,593
aspro,74
intellettuale,378
liberatorio,250
precedente,95
sentito,171
vezzo,455
maridere,1619
ammirazione,506
busco,353
indure,311
davanti,93
scomparsi,107
adelaide,1520
eresia,455
corea,133
muratore,372
minorità,222
banario,739
mancante,88
barzotto,188
vietare,98
marcellino,1147
guardare,403
rintuzzare,296
ritorno,51
bar,16
riduttivo,833
velocità,72
insaziabile,487
aura,141
bieno,198
compore,99
soffocare,483
applicato,221
tegola,147
auspicare,272
trentasei,165
laudo,54
gettone,66
cesto,186
drogo,71
fumante,449
steven,555
ballalo,226
strapazzare,952
compratore,279
inviò,85
muover,69
scarica,169
capitanare,285
sconquasso,366
didascalico,1088
pepe,349
transfrontaliero,219
lecchese,399
revisionista,266
bigotto,30
feisoglio,496
sangallo,420
rimorso,211
rateo,19
protezione,53
alba,54
poppa,66
correvere,183
reperibile,150
lirismo,830
creativo,254
segrere,30
litica,50
barbera,385
maquillage,38
lager,152
risentimente,741
crude,101
fucile,388
soccorrere,283
scheggia,119
rispetto,136
bifronte,97
rispettabile,633
parete,612
globalizzato,232
eu',71
afgano,369
noema,75
burkina,323
combina,39
addormenta,294
nazionalisto,490
lumen,98
allacciare,185
camerun,289
risanerò,576
seguedallaprima,55
connettivo,350
pretendente,205
virulenza,497
espellere,119
cappo,311
barroso,124
alaska,66
guru,56
attardare,719
cooperativare,149
humus,50
cuto,217
cattolicesimo,540
herpes,463
gallo,581
miller,704
scomposta,172
remore,571
decifrare,257
minniti,303
gravandolo,150
locale,67
serenare,368
gestapo,277
classico,563
granata,289
anatomia,205
siberia,238
costruzione,113
sauditare,291
succhiare,931
detenere,65
pere,45
noè,7
europeo,128
comandamente,43
consultabile,221
fatturato,338
allineare,251
ganga,480
siniscalco,109
urbanistica,103
cela,62
desino,339
piccinina,208
straordinariamente,443
chiuso,57
nomino,36
immedesimare,954
santina,363
multisala,394
magistrato,264
gallura,204
subordinato,392
implosione,352
dioniso,499
essenzialità,1034
lesinare,248
strumento,248
designare,153
caminetto,118
bossi,88
seppe,53
virilità,532
delicato,122
scrittore,443
penalizzazione,388
idolatria,923
assomiglia,370
scanner,125
blandire,307
lazzo,549
colpire,158
anzi,355
cinquanta,179
cavare,338
narrante,831
scelgare,377
pigiatone,671
compiuto,189
chirac,123
partecipato,72
pecorello,264
copricapo,222
artifico,146
isso,308
bell,784
delta,136
satanico,202
sedurre,889
sollevato,101
veritiera,123
fischer,162
metto,23
ruino,160
giubbotto,376
rappresentato,163
bislacco,1067
venuto,84
tesissimo,220
minusvalenza,308
durata,100
ingombrante,217
punzecchiare,773
azzerato,218
cena,105
gorge,343
insegnante,144
soffitto,756
carmen,1071
fratini,137
alo,240
sbarchare,114
aderisco,126
scendare,85
coranico,138
carceragli,79
save,32
notevolmente,397
sondrio,140
chiacchiericcio,1067
morgan,275
erutto,249
abbado,253
premiato,180
espiazione,263
consenziente,300
sesta,252
eclatante,151
estradizione,146
interessa,287
provocare,280
assimilazione,843
bistecca,331
francere,932
rouletto,64
trotzkista,123
registrare,157
professore,200
pettino,163
eludere,169
abu,126
adolescenti,218
bagarre,107
preparare,163
integrità,177
marilena,774
soppiantare,534
plurale,239
ricondurre,544
celebrato,215
imbarazzare,945
sconcertare,793
additivo,273
mensilità,238
inequivocabile,140
narrazione,1190
silicone,330
lusitano,427
druso,448
dominiato,234
buca,216
nureci,128
scandire,158
corrisposre,265
dubbioso,442
carl,185
ugo,114
beffare,99
appetito,169
devolvere,74
prestatore,108
incognire,87
dopare,115
capace,204
comincare,177
proprio,664
tendevare,262
provocheere,225
edito,152
industrializzazione,621
chiudo,55
contentino,187
fair,152
malcontento,249
blasfemia,309
spedire,88
esordì,572
travaglio,51
equiparazione,270
somatico,430
wikipedia,167
esiguità,323
rilassato,322
teppista,394
indivisibile,385
preparazione,88
egemonizzare,695
traversare,549
barasso,1277
gerarchia,244
sterilizzare,329
coniare,133
spauracchio,126
rogge,26
valvola,101
cerca,18
facoltà,60
immettere,292
cartapesta,1157
emancipazione,234
misfatto,389
lieve,44
misterioso,310
defunte,50
argentina,132
segreteria,171
sic,26
mutui,102
restituiscere,221
rischiavare,437
alza,10
frittella,180
coloritura,983
christopher,560
transcendere,124
sostituto,219
preclusione,755
rifornimento,377
sperimentale,221
dirimere,181
tassello,44
intimità,172
capalbio,477
dolore,163
pescatore,249
esclusiva,61
reinserire,72
naomi,455
incubo,283
protestare,236
generazionale,445
chelidre,372
logia,41
canavese,506
colonizzare,309
tabù,24
filippine,173
natura,480
catone,531
richiamo,170
visionario,1359
mirato,156
assembleare,158
cambia,18
baltico,187
for,284
macario,130
opinione,127
raffinare,378
considero,348
tenutasi,145
caucasico,165
anfetamina,475
riattaccare,367
normativa,600
cimino,841
sventare,308
signor,529
mondializzazione,441
polare,33
mendicante,695
accidentare,239
reattivo,141
filate,121
salito,142
pazzo,193
lotta,60
programma,36
sconvolgimento,263
competenza,255
chele,4
ideazione,300
teclo,161
drone,458
sovrapporre,941
gargallo,567
cantina,425
dosaggio,86
postare,254
smog,63
cece,78
sostituire,131
lombardio,115
panso,31
condurere,91
libare,239
aringa,139
inattesa,184
alga,152
illogico,658
gorgo,141
scialonare,746
inesorabile,265
degenerazione,887
sullivan,1102
braga,153
cronologico,338
andata,543
galera,225
zaire,115
imperare,542
scalpore,141
inalare,259
argano,803
interdipendenza,909
virata,71
rilere,192
scottanto,69
giove,161
france,92
cio,40
sordità,613
incutere,449
oceano,190
calabriare,625
charlio,544
puzzato,66
parmenso,403
puntualmente,308
bucato,1303
stracciare,342
ultimare,322
abitabile,216
perfetto,114
assieme,181
inquadramento,493
stanley,280
bacialo,591
feretro,266
distrugge,173
precipitoso,125
amputazione,227
gian,532
controfigura,295
laurentino,555
telefonico,89
dicomano,89
francoforte,60
sottomissione,1556
renda,35
cernobbio,30
pinto,642
organigramma,53
padronanza,634
prestigioso,92
dargli,56
danneggiato,121
presiedutare,121
nominato,143
risultanza,331
acceleratore,89
batter,93
network,157
specialmente,605
allestì,94
cieca,100
miccia,86
site,193
crampio,189
hacking,233
alpe,153
tabaccaio,91
patibolo,241
sopire,307
energia,112
circoncisione,523
olivetto,72
sismico,99
slogan,100
configurazione,1023
mastro,181
torso,720
tacono,95
vaglia,135
contuso,264
valentinare,1339
volteggiare,1721
disparte,145
nuvola,159
giampaolo,292
facilmente,327
incartare,182
repulsione,708
voluto,284
raguso,356
monica,433
rischio,164
rimangare,251
pupo,458
coop,28
alandone,666
distante,171
sicumera,506
veneto,201
pacifisto,113
arrosto,435
trascinante,1287
sottocultura,1165
rilento,45
invocare,219
allevamento,356
incinto,271
riete,270
gerarco,151
sarandon,907
scettica,137
concita,183
cesarino,817
camorristico,265
rispettosa,251
destituzione,141
natante,389
inosservato,103
ineleggibile,149
minacciare,137
rio,15
maffeo,190
anzitutto,701
marionette,1083
diventare,142
lampo,156
storica,137
cipro,86
fotografa,58
urgentemente,409
boliviano,145
irrigidire,313
brusco,38
dispiegare,143
antisociale,354
ristretto,24
abbai,220
graphre,1250
sollievo,50
cellulare,152
demoniaco,1371
bertolt,435
cairare,749
bon,50
ennahda,264
brandere,335
pistoia,760
lavoratore,281
purificare,574
aviaria,70
roth,1084
sapre,528
evaporare,625
blindatura,103
presenterò,343
raffa,48
milito,473
xxiv,206
manomissione,467
amabile,353
insultare,563
descrire,230
avvalere,179
seppero,50
quieto,587
karate,61
soldatessa,254
sconfiggere,145
giurare,137
affittare,224
vietcong,228
inquilino,34
pasticca,191
abusare,179
zarqawi,350
inspiegabilmente,822
marcorè,615
round,7
salariato,52
alighiero,543
nietzsca,493
guevarare,308
raffronto,143
omettere,320
fragile,205
arabismo,546
trentesimo,157
lynch,225
filmografia,569
mastella,158
terre,133
politicità,1088
incondizionare,526
trionfatore,599
trovare,215
mensile,108
fin,17
ripetibile,287
julia,279
union,79
nausea,114
melassa,597
designatore,172
sienare,342
tube,100
ridicolo,930
disegnatore,725
lasciandoso,435
gialle,199
rottura,167
alone,109
sandro,245
euforia,143
poliziotta,436
ausiliario,138
riviera,300
peculiarità,713
urgente,169
sincronizzazione,172
allegramente,624
epidemiologico,394
ruggero,1142
inachio,164
sfidere,298
privatistico,697
pnl,136
inalterare,166
responso,69
giacchetta,759
diciassette,155
papale,144
pedalare,319
pong,15
quarantenne,208
distributore,247
nuccia,516
caporalmaggiore,556
calderone,190
colludere,450
chinare,165
secondere,186
riccio,863
summa,310
asma,62
attenuante,274
addomesticato,417
vincolate,143
sottratre,125
continuazione,346
basare,214
duo,94
allignare,540
respingimente,188
vii,14
ibridazione,395
gustoso,639
pergolini,26
catodico,456
mutanda,361
universalistico,927
saturno,82
gaucho,33
basteranno,140
abusa,69
evocazione,838
ingiù,23
sorriso,638
prebenda,146
bel,56
accuratamente,171
invalidi,113
castellani,1091
bifuno,618
aurismo,155
walter,161
server,146
rovente,196
chiunque,188
istinte,515
frequentazione,202
guasto,104
retroterra,214
allarmismo,220
brasilia,132
draga,35
strozzatura,204
embargo,69
pil,102
morello,1745
aggiustamenti,541
smemorato,164
granare,1084
preminente,388
buenos,67
laude,62
spalletta,659
spinoza,497
mostrato,215
ubriaco,229
rubato,126
saturo,33
farci,25
pubblicare,245
acriticamente,1037
ripartare,115
dileggio,722
metallurgico,236
petrare,534
consentito,389
democraticamente,374
cedere,115
fosso,287
giolitto,214
barack,178
riunificazione,92
conforme,344
commistione,329
infischiare,286
sfitto,236
banda,75
slang,155
schematismo,1119
megafone,239
trentin,124
bordano,34
borghesi,91
preistorico,640
oggettino,142
malaria,199
stmicroelectronics,329
biotecnologia,241
antigas,149
versante,141
sudan,334
sbiadito,351
arto,152
transalpine,310
bollore,143
addormentato,578
vissuto,353
ignorante,1471
saggiamente,401
compatibilmente,315
evidenza,462
munire,369
prender,52
bernate,146
musico,678
vacanza,74
simposio,67
amaro,114
corollario,275
athos,56
terzetto,402
lapida,74
partenopeo,276
acrobatico,175
dimenticare,992
kazaki,21
tommaso,155
inseguere,353
opprimente,972
atomo,30
prete,266
patria,114
scontento,379
ellisso,348
murale,63
palendere,181
pluviale,393
battito,123
donatore,41
penato,163
tifare,394
esponenziale,728
ricatti,252
berlingo,146
guazza,13
casella,26
vorticoso,179
poligono,207
acustico,486
scioglia,20
mondere,181
vattimo,630
giamaicano,595
comicità,1011
tarantino,155
udito,21
giallista,530
guitto,164
interpretato,464
perfidia,593
telegiornale,195
orchestre,298
copyright,14
sincero,398
alain,154
verze,41
particella,200
uscio,252
convulso,149
sbattere,508
artare,125
pierre,224
forziero,110
capannone,396
fisco,145
concludire,162
dissimile,662
prestire,250
vecchio,39
bonario,198
intervallare,353
ridico,208
carcerario,90
patogeno,427
tempere,16
melaneo,61
rasare,859
mordo,29
resistente,161
prerogativo,304
ronaldo,370
podestà,68
eton,132
adottivo,236
bretone,183
lor,57
agglomerato,277
stallone,356
prue,847
belvedere,1128
sentirme,384
agnelli,42
oncia,54
arino,1672
saviano,332
capovolgimento,596
harry,300
volute,33
claustrofobico,1322
rimodulare,400
accadde,114
uniformità,519
imponere,132
ereditare,60
caciotte,450
falò,223
protendere,240
probiviro,129
orlare,345
avvere,492
spagno,112
distruvere,338
favola,306
sconvogliere,455
smetto,264
volkswagen,186
documento,115
indigesto,165
rettile,209
marginale,550
longo,144
samuello,250
dissennato,290
cubitale,145
confermato,218
irruzione,248
paragone,339
spargimento,206
estinguere,180
incamminare,429
repello,458
glasso,108
gallare,824
lunare,33
dettatura,418
singolarmente,315
prestanome,292
transitoria,233
speaker,55
molfetta,542
rudo,192
storia,294
tunnel,26
decurtazione,471
portato,132
bere,107
belo,72
tuonare,334
rimanenza,47
feria,64
modera,19
pensante,615
prince,257
svi,6
buoi,122
chinina,62
rimontare,718
propagare,499
progettuale,550
ante,39
inala,45
ottenimento,378
cosentare,237
cavalcata,393
stupito,821
sonoro,355
voterare,238
ripropore,262
nove,136
brunetto,214
antonomasia,308
parte,269
paesino,272
autorevolezza,305
incoerenza,1085
schulz,127
busho,106
bollento,64
radiofonice,164
riferire,205
piagare,90
comitare,113
bisarca,259
intendiamoe,292
ciampi,45
rientrano,87
aids,68
cottarello,155
innanzi,202
postazione,362
scomparsa,152
pittura,800
mannoia,926
aristo,303
dovere,709
chiasso,370
opporre,374
amico,257
inerma,640
chelsea,511
volpe,620
presepe,158
ridevare,758
pordenone,234
eno,283
proibire,120
sinopole,256
tecno,58
invidioso,975
domattinare,240
continuare,344
bonea,245
postindustriale,338
lapresse,48
irene,81
indoor,188
rettere,50
attuabile,687
lucidità,386
comunichare,239
baraco,172
orgogliosi,209
brano,410
cotone,219
centralista,445
arte,332
riattivazione,408
contrario,299
single,86
risata,89
ailare,198
primavere,64
racchetta,351
idrogeologico,196
galimberte,231
rimodulazione,784
pino,312
cappellino,850
mogherino,322
bisessuale,195
accolre,152
esausta,74
stupidamente,1274
janeiro,61
ammiraglia,123
otranto,26
sassuolo,336
sviluppare,369
moralista,683
cognitivo,544
ibrahimovo,563
congelamento,194
unirere,134
ultimi,63
irreperibile,244
penetrazione,460
litiga,104
ricopre,34
salomon,351
ascoltavare,370
birkenau,184
divisi,72
calidari,101
ude,46
carne,169
combatte,61
dormitore,517
setto,97
musicale,586
federale,35
pollico,58
innescere,353
percepibile,348
chiomonte,700
atlanticare,90
associa,39
evidenziare,322
corazziere,398
bonsao,336
matricola,37
campetto,937
cifrato,180
martello,278
inviato,69
borghese,111
rurale,101
suggestione,1483
siniscalcare,126
realisto,56
infermiera,248
radire,785
grottesco,798
medole,83
burro,205
sara,252
condizionare,581
incluso,28
alzato,234
purché,152
bidella,44
apposto,60
gestionale,503
ineffabile,639
alitalare,163
determinare,1019
gonfaloniero,79
esiger,304
concordere,656
alamaro,245
arona,205
rifiuto,70
treviso,343
cranio,208
xvi,162
ornerare,127
venatura,1092
stagista,23
sgarrare,278
correrà,271
pioniero,160
padrone,154
sottostimare,692
fidanzare,583
ventesimo,130
taglare,161
esplorazione,207
trinidad,411
stalin,103
giure,93
indomito,194
aizzare,768
dimensione,438
benefico,33
concomitante,171
contenzioso,85
condire,617
piazza,87
prolungare,154
considere,622
effettivo,696
otre,8
trano,321
difettoso,144
urlato,715
risconto,338
boneo,535
london,247
goffa,104
pluralità,346
infilare,726
johnson,647
oltre,216
malerbo,785
teppismo,424
alìe,38
pellicano,192
denaro,126
presupposto,730
frequenza,55
acro,110
affermata,57
arbitro,254
procedare,238
apere,39
zenit,220
acqua,201
elusione,416
capua,182
quiz,25
marginalizzare,1027
universityo,406
ambrosiano,49
riassungere,177
brez,66
birbaccione,1315
natolo,687
cancelliera,165
corposo,92
abitare,316
senare,282
disorganizzazione,880
indegna,459
extraparlamentare,462
legittimità,307
capote,605
formulare,180
giudiziario,127
gorgone,544
maniere,509
geopolitico,286
conchiglia,399
feste,72
torino,247
psicanalista,545
sentiero,64
allego,602
mela,161
indolore,244
insistire,369
indiretto,91
fetale,145
fumata,13
strabiliante,357
pagno,221
sconsigliare,175
novemila,85
sionismo,469
nevrotico,978
camillere,425
piccolo,44
panacea,39
albano,587
amplissimo,127
comincire,195
austrio,253
prepotento,463
iraniare,385
sfociare,203
fiatare,306
proselitismo,271
nule,8
udinese,668
temerario,208
psichiatra,158
superg,512
jamie,1145
profonda,57
depenalizzazione,379
bustaia,511
controparte,97
impedere,192
accerchiare,462
spregiudicatezza,1016
vigilante,67
riscaldare,178
impunito,248
ocr,129
piccante,530
sacrificio,52
rombo,383
elleno,629
notturno,57
assegnazione,108
stragismo,272
rapidamente,215
sgombero,64
rimangiare,531
accline,252
bacucco,141
norris,207
alea,114
pioppo,573
terremo,33
sibilare,1021
stalla,405
pesantemente,131
jet,139
spinetta,84
denigrare,382
drastico,259
denota,198
vallo,87
minato,32
melato,372
storcere,432
giornalistica,209
vergognosamente,574
duttile,309
barista,207
sampietrino,946
eppur,197
sfiorare,187
sfoggiare,717
magazine,249
societario,204
ambientalistare,142
rondere,294
pacifista,84
fabbrica,202
selvatico,249
costitere,60
raccolgere,101
lara,194
cisl,192
groviglio,338
brocca,886
tangibile,176
invitano,89
miopio,783
ramni,452
retaggio,711
auspicabile,518
risolvere,124
imprenditorialità,385
ostetrica,135
caino,256
spesso,937
disincantare,1702
ponderazione,422
fitzgerald,336
franz,558
premettere,738
verginità,66
tenero,489
pot,55
rimpiazzare,105
visibilmente,247
trincea,66
scesa,65
abnorme,269
convivo,109
distrure,210
getto,84
causare,173
istanza,77
quartetto,82
mossa,93
allentare,182
sostituere,49
delizioso,1341
tiptop,824
rianimare,115
permea,520
luce,36
iowa,173
colpiscore,104
esauriente,242
top,25
monco,12
sperimentazione,401
etereo,758
emissione,184
usino,55
appannare,633
barcellonao,408
illustrazione,928
palin,200
colombiana,239
sony,326
viotto,275
traumatico,351
clara,284
ilario,467
edile,63
rotta,40
arcaico,723
cere,233
null',253
sceneggiatura,513
retributivo,286
sottoscala,146
vigoroso,85
lavare,679
deridere,625
passarere,377
progressisto,519
bernardina,1022
emanuele,438
riservato,75
orgasmo,67
diciannove,187
massimofranco,121
sospingere,567
giovanninare,300
dottore,74
razionalizzazione,1153
calzare,519
tangentopolo,68
militarista,697
vesuviano,474
ferme,44
redditizia,292
letizia,212
irretire,643
elvia,466
indietro,34
lavagna,166
detassazione,445
avventato,538
regionale,184
occupy,51
giustezza,262
schiodare,73
devastazione,332
bovine,76
espatrio,61
spalla,160
domino,113
guineo,194
giurista,132
prostitere,216
der,223
venditare,159
rispondevare,267
molteplice,477
stanca,99
bug,91
vello,175
inverre,416
veicolo,161
bisogno,209
soprassalto,840
occorrare,77
trainere,88
scheletro,328
temare,178
merchandising,244
rinfocolare,377
nominativo,161
grezzo,181
vacca,51
siparietto,768
marzano,107
accecare,1116
vitamina,136
algere,84
accompagnatore,87
mollo,133
marengo,1194
keniana,74
ressa,261
buono,66
normandia,77
lascio,23
amarone,141
galleggiante,770
acquiescenza,954
autonomista,151
uliano,105
sottomarino,392
sinnia,238
monetina,71
cinica,590
batto,197
sensazione,532
siglato,110
scarpone,689
dubitare,296
stabilità,246
esorto,184
longevità,95
incante,676
galletto,1213
burt,267
cirano,1573
congloba,88
yogurt,248
gomito,321
agone,35
rurre,317
subliminale,1393
mastra,20
vecchiaia,112
slare,249
bernstein,688
insegno,120
appostamento,198
interagire,357
rapito,223
salernitana,468
selezione,61
lungimiranza,292
operare,208
abdur,194
furlano,511
riciclo,177
farraginoso,369
prua,326
colonnare,411
milione,241
sedimentare,1031
avanzata,170
kamikaze,356
egemonia,588
valuteremo,199
talvolta,1188
vegetazione,428
mogli,285
salva,63
cerro,369
palcoscenico,358
indiscriminatamente,580
liberazione,84
giuro,28
fenomenale,265
mastruca,151
rincorse,311
sposato,171
irrecuperabile,679
comma,36
rumore,216
stillo,458
afillo,57
occupere,83
ribelle,658
meritere,112
cialtrone,642
mezzanotte,79
ricaduta,319
segnato,147
lapis,43
nautico,171
confinanto,349
barenboim,384
estorsivo,217
persecutore,401
disinvesta,169
rire,89
novantesimo,158
giussare,1438
autentico,75
neonata,114
sudanese,491
provinciale,193
susannare,423
disinvolta,761
scandere,313
movente,221
armenia,130
retrovia,134
ferrari,296
qualunque,575
lunghissimo,113
dualismo,315
rocambolesco,429
atala,156
brindisi,251
prepensionamento,503
barbarico,194
coglia,67
trivulzio,111
gangster,180
occupante,192
idi,1
apostolico,220
massenzio,556
watch,109
aiutante,36
sentivare,441
speravare,299
sfrontato,507
saudire,342
scatolone,544
abilissimo,251
conducere,65
enigmatico,977
guasta,94
sica,427
fittissimo,168
kit,52
paracadutista,438
pannello,114
incontaminato,566
buccia,212
bobino,702
bacato,232
alessandrino,1924
maschio,183
gargnano,599
orosiano,156
consumo,337
garbare,260
olimpionico,518
grasso,48
varre,166
rispettoso,323
james,845
pedofilo,121
poiché,1366
papaio,525
assale,202
isteria,264
equilibrato,236
discriminazione,355
nicholson,815
stesura,97
giovamento,189
cda,68
efferatezza,599
sopraffazione,1094
fabriano,515
combattere,143
irare,453
raitre,131
testata,56
stalinismo,403
spietatamente,832
potessare,373
spicco,115
investa,63
rano,629
esaggere,70
daniel,72
opportunismo,1263
partitocratico,530
usa,185
dominiqua,95
sinai,92
contorto,743
parassitario,634
proposito,319
cimare,340
maggioranza,200
perfezione,269
mongolia,315
verificatoso,266
lucciola,173
drink,208
pretere,230
incongruo,565
getta,46
predecessore,28
venturino,1693
gambino,818
cimente,285
oppie,16
sabina,284
accademico,176
inferocito,686
raccomandare,196
britanna,286
tirannico,367
percussionista,278
esalar,318
interbancario,420
valerio,524
gesso,515
miete,67
quarantamila,112
osservatore,52
cameriere,641
avvolgente,1044
presiede,100
regalo,112
demandare,396
aostano,208
costato,64
edema,39
urbe,26
fallire,107
setaccio,95
bertoluccio,733
seconda,111
sunnito,325
eletto,156
paola,437
roso,106
scuolo,66
comandar,166
uscivare,528
svanitare,56
pachistano,467
postuo,549
pimpante,346
subivare,196
tastiera,518
spettacolo,372
istituzione,207
travolgente,1009
fondatezza,311
cordova,312
linguaggio,907
prendare,242
centi,60
supervisione,146
formica,139
conoscevore,917
flessione,251
gates,203
sigmare,195
rilevere,136
occhiuto,148
violare,159
iglesias,225
controluce,179
sanare,36
reticento,244
godimento,191
tredici,130
inale,181
illiria,248
riparlare,435
rendendolare,358
insolitamente,506
cassiere,392
variante,203
emersione,406
realistico,583
forbico,124
templare,133
provino,97
comandare,152
localistico,281
soffocano,290
sicurezza,42
turo,231
nirvano,180
trimestro,235
ingarbugliare,388
stratego,66
stringe,100
enrica,183
modella,712
intravvedere,282
assistire,70
operetta,242
massa,6
custode,6
padovo,97
incorporazione,368
coltura,242
ibidem,116
scrosciante,262
pianistico,367
libiare,330
ferere,389
candidato,223
coccio,196
intaccare,600
distrare,596
oggettivo,840
sancire,182
celibato,173
militare,308
realizzabile,309
diparte,6
ido,768
ovadio,157
opponeva,79
esaltante,338
antiberlusconiano,658
traiettoria,145
pesere,112
italico,29
capita,135
corleone,232
pestare,962
supereroe,157
moschettiere,1252
vedovo,173
cuor,17
marzo,116
centrismo,578
raffigurazione,714
vado,126
adeguatamente,389
kiwi,1189
staliniano,322
universale,101
parecchiare,789
sottratto,276
diffonde,91
reagere,300
melodia,807
firmataria,143
amale,291
riprova,445
carmelo,880
dolomito,346
federazione,59
incontrao,50
ciampare,58
balano,1603
radicalità,567
mina,93
cannone,358
graio,88
distributivo,269
tonalità,785
perquisire,186
spropositato,519
profano,347
etiope,299
qualificare,114
incompleto,194
fulmine,66
ragione,390
jean,201
invettivo,821
persistenza,540
retribuire,193
mantra,30
privare,376
schedare,109
borsone,311
troverere,174
eugenia,99
chela,35
urba,22
assurdo,675
potresti,193
riformatrice,541
accingere,177
prioritario,410
norton,469
posseduto,208
inidoneo,168
obliquo,487
mesolo,168
avido,108
culminante,162
astensionista,224
clamorosamente,338
desiderare,608
fusano,163
bistrattato,461
strettoia,162
presentazione,105
genoma,268
israeliane,207
amicizia,88
psicopatico,128
disposizione,288
infantile,250
stenella,121
sincerare,225
singolarità,505
cognome,36
latte,269
novero,29
accertato,159
elsare,448
accresciuta,240
subire,103
riminese,177
limitato,390
genealogia,665
imperialo,54
consumistico,771
convenzionale,332
unicredit,305
darei,190
rotzo,23
fuoriere,245
impazzata,386
concede,46
biasimare,1190
affannoso,344
svalutare,140
cilento,475
contestatore,424
usuranto,211
toilette,326
colabrodo,91
complicare,441
urbanista,79
smistamento,255
basco,70
comodità,252
sciite,269
osteria,105
accasi,54
sistema,180
doma,36
cityil,260
illustre,193
plaudente,426
nader,102
cinquina,59
atipico,124
patrone,138
strip,498
bartolini,1570
breccia,96
aeralare,120
origine,57
pentolone,443
centralina,178
vietnam,104
sfortunata,181
trasmissibile,124
sbarrato,94
classificare,92
varese,452
leggina,99
disputa,39
varzo,1014
quotidiano,93
responsabilizzare,199
ineguagliabile,300
coreografia,643
improvvido,442
giovedì,116
berluscomico,246
risentire,307
ormone,421
berno,274
spessore,357
riscontrabile,572
ebbare,262
dardo,398
salatito,338
propore,314
stomaco,269
migratore,150
maldivo,85
buccino,1208
specialità,72
schizofrenico,692
ribadiamo,177
cameristico,582
sistemico,660
fallace,113
incire,249
milire,470
allein,154
incoronare,470
umanitare,129
sismi,74
bosone,98
preve,34
lievemente,61
eruppo,87
scisso,27
limone,273
migliorativo,551
maniaco,440
restante,149
viterbo,342
disprezzare,1334
pensato,148
rilanciare,146
equilibrio,193
materiale,167
almirante,226
gpsre,246
nie,23
etna,247
sai,51
sorrentino,665
tropicale,362
tazza,616
dilettare,349
salento,376
orrere,496
troiano,342
pene,93
problema,168
anita,40
espatriare,244
intercorso,88
addii,216
padellaio,73
copertino,270
shinzo,179
sassare,530
bracciale,289
anselmo,400
comunità,48
interfonico,126
gianfelice,883
perfezionamento,438
reprimenda,154
impacciare,1476
carneficina,424
risogliere,259
presupporre,864
oscurantista,670
tessero,46
mondatore,115
reclutare,84
consentivo,395
ivrea,75
avviamento,531
grido,133
frenesia,234
cubista,448
monicello,1447
colge,154
pompare,305
piacevole,462
kuiper,106
riacquistare,124
cambiale,85
onorevole,483
mugic,381
sposo,57
piave,84
gittata,69
sensazionale,712
danna,40
atene,68
completamento,480
sconfitta,162
esortazione,113
uil,141
ottone,753
rigorosamente,151
prevaricare,1182
grinta,540
potrere,92
enrico,141
nora,239
pietrare,268
stupidità,1065
prosegue,69
wiesenthal,259
senatoriale,127
concertista,136
restaurazione,359
fisk,483
refuso,16
napoletana,160
controbatto,176
bielorussia,118
conclave,96
pulito,22
scandiccio,432
interazione,997
nobiltà,273
arano,302
caramella,598
quatto,81
adattamento,248
neo,124
politecnico,244
deporre,182
ricorso,132
jarrett,1119
escludere,423
provider,308
minacciosamente,626
avventurare,552
rafforzamento,458
nutrivare,349
incurante,658
tempestivo,193
chrysler,157
accoltellare,560
licenzia,52
colpiscere,106
riparto,86
icn,97
vivido,550
morbida,201
frontex,131
usurare,129
versus,16
ipad,26
intano,564
lampedusare,210
target,42
intersecare,246
mostruosità,744
prontuario,251
criticità,344
ricercare,51
mesta,757
petrolchimico,270
accostare,1022
costretre,169
illuminismo,671
jazz,391
eccole,138
random,232
accennare,233
intentare,203
riarmo,66
aretino,233
tendenziale,426
tortorello,1589
ambulatorio,227
pietroburgo,54
concernere,325
stale,12
smire,65
elle,55
aberrante,322
caterina,661
seneca,349
bigliettino,213
pianello,1628
discriminatore,370
invalidare,162
chiarissimo,605
idiosincrasia,1299
gradino,94
malvagità,909
epocale,117
smascherare,490
panzone,802
immane,230
polito,54
sottomessa,836
donato,769
grugliasco,249
diciassettenne,251
sharon,217
locato,41
presumibilmente,119
montenegro,128
gentile,650
lamiere,539
memorabile,877
tradotto,64
incostituzionale,315
irremovibile,351
festeggiare,185
comice,651
mondanità,303
hindi,95
incappo,62
libro,350
crac,114
alterazione,874
stamane,152
miniato,172
poggioreale,381
scrittura,702
fumogeno,169
ocello,17
licenziare,81
hubble,5
afgare,335
aggiunta,306
zoeggeler,389
apportare,418
polmonite,289
bambola,241
passerebbe,292
magnetico,86
eloquente,259
scabroso,701
acquisere,391
brevissimo,164
patchwork,105
vittoria,212
gestaccio,308
stilare,92
universitario,142
plasmare,462
ideologismo,781
contrasta,244
pennellata,802
urdu,91
irachenare,315
schiere,333
telecom,93
laterano,207
sasso,163
atlantare,144
squisitamente,975
imparzialità,440
composire,207
aprare,110
squero,99
equipaggiamente,226
sublimare,1393
borbonico,127
ospedaliero,154
moltissimo,244
monsignore,191
nadia,120
ruggente,519
rifiutarere,202
alleanza,173
petto,356
motociclo,62
ammiratore,388
como,335
beotico,219
verbania,385
luxottica,232
bilobo,37
coltivatore,131
capa,141
malaga,541
maligni,264
illegittimità,426
medicine,203
indie,254
essa,134
berlino,190
fisarmonica,353
collegato,175
canton,259
papato,216
imboccare,133
avviato,178
art,51
sprezzante,1225
miglio,34
indifferenziato,414
richiedere,474
mock,748
presidiare,259
asinaia,81
eleggibilità,190
favorire,226
criticabile,741
cinico,625
insoddisfacente,543
riannodare,94
preferirei,692
incolto,309
rendevare,167
avventuroso,398
petroliera,194
quattordicenne,461
sellare,342
michaele,668
diffusamente,454
afghano,264
sciito,296
gedda,160
lettero,176
sindrome,133
brilliamo,258
partigiare,265
scoiattolo,407
palazzone,302
calabrio,312
evoluto,320
ambiguo,658
avallo,38
moroso,54
fratta,299
aleggiare,329
impedirglio,275
strazio,456
emersa,115
ufficioso,164
bettino,109
asserire,480
stoccaggio,284
liberamente,162
studioso,314
equazione,267
catia,215
iperbole,111
mongolico,489
piglio,256
libraio,115
condizionatorio,347
dimensionale,794
imprimatur,42
bacetto,1739
gravità,240
vassalli,294
bolletto,140
mediatica,166
corruzione,174
preparatore,66
contrappeso,472
desideroso,425
bisello,228
sopravvenienza,389
lagunario,363
sarchio,81
almeno,217
pantani,165
ego,104
salvini,113
verano,136
ampiezza,175
acquifere,417
menomare,242
demanio,97
pattuglia,217
devianza,431
annullo,94
meteora,100
ribare,221
consistere,459
localizzare,202
eccessivamente,808
reintegrare,92
scarno,448
israeliare,274
depistare,229
padanare,70
indulgente,839
pronunciamento,273
disgiungere,540
caserma,315
genesio,604
sandwich,756
marineo,305
autodeterminazione,521
pontefico,199
ottantenne,392
accorgere,795
affino,102
sistini,180
favolello,527
fon,22
borromeo,383
fornari,114
conseguenza,504
fumettista,1321
spaventato,780
pierina,685
vanto,77
tesauro,155
crescita,317
striscia,88
indignare,545
narcisistico,1208
jenne,351
territorialmente,259
borgiallo,862
sierra,214
indubbio,371
pretese,748
cambridga,324
anarco,80
bormida,7
abusivamente,150
costituzionalismo,683
soprintendente,97
sorridire,1019
convivenza,149
churchill,176
bollino,312
cavea,17
afferrare,663
edoardo,217
edwards,374
condominiale,101
olierò,194
irlandese,215
okay,230
lobbistico,305
arsa,55
scommessa,36
dazio,34
fiscalmente,330
patteggiamente,307
transfert,65
mediasse,387
incrollabile,347
integratore,187
rumba,378
adrano,360
brigatisto,200
illiberale,650
confinante,368
globo,38
iraq,197
specialista,191
bettina,144
ingegneria,145
dilaniato,362
intrigo,200
iva,143
marginalmente,536
cavaliere,235
riavvicinamento,331
pontefice,186
relativismo,1118
vicecapo,306
semel,99
garanta,92
entusiastico,469
turbativa,127
lazzaro,655
team,195
adda,120
rodriguez,373
rotondi,337
renzo,240
melazzo,1076
attorno,24
eleno,520
playboy,195
cecilia,147
debuttere,633
scoop,156
traere,244
vashem,120
frassino,463
incrocio,84
fazione,274
regolare,158
campione,426
foresta,155
dublino,155
cessate,126
forfait,34
trentino,301
alitala,137
extra,14
alias,302
acume,341
confinare,206
tunisia,192
albenga,259
pacatamente,673
albare,547
attendibile,276
parecchio,172
concorrente,142
ciò,374
montuoso,326
cascina,458
bipolare,262
bilocale,109
insicurezza,329
incisivo,233
credieuronord,159
contropartire,153
riassorbimento,654
check,19
onorio,291
badoglio,149
mendicare,653
cinefile,431
predicato,336
canzo,74
tosca,143
cogli,11
riconsegna,70
reputazione,88
solennemente,41
giudizio,129
eucaristico,147
crocettare,448
mandante,429
listino,57
clarinetto,1278
colpa,273
pulire,287
avvertare,612
traghettare,120
mentire,454
deferire,138
espresse,166
spezia,206
orbello,475
polo,16
laicisto,358
estremo,37
pessimisto,223
finalmente,203
rotocalco,67
bighere,156
annare,886
rinascimentale,827
gesto,197
rifavere,237
minore,91
delicare,270
prenderselare,1086
sound,361
ripartenza,116
futurista,274
discordia,9
arignare,327
cosciare,702
sequestrare,221
rubrico,153
androne,1209
famigliaro,103
mollare,386
contromare,112
soderbergh,905
autogestione,142
animalista,526
metaforico,1275
avitolo,185
barro,26
sega,583
aziendare,426
issare,517
connotato,398
distintare,645
banchisto,432
cosiddetto,83
commissariamento,119
tramare,860
doorso,23
cornetto,467
concentramento,143
orta,222
tav,14
miopo,513
perfettamente,367
cesarare,603
agrumo,271
relitto,246
leitmotiv,47
ulrica,235
fulco,122
tante,326
tonnellata,287
manovre,98
siede,51
orizzonti,83
timbro,92
spagnolo,182
mondo,58
tagliere,114
ingessare,253
trionfa,313
peripezia,259
suicido,138
confrontere,170
cascare,858
mais,243
cross,200
abitante,223
lanka,73
svuotato,128
ovatto,714
cavallo,70
capivo,515
cubanare,272
diesel,84
becchino,787
raggiunte,75
tardivamente,774
ridefinizione,744
attrezzare,169
odiare,476
calante,117
bolerini,52
maciullo,212
antiberlusconismo,897
naomo,196
tibetare,113
copiare,203
convincimente,1292
ior,38
capigruppo,225
flaminio,180
fissato,110
severo,56
show,56
corinare,1222
tastare,255
silvia,959
svolgare,86
oliviero,504
isolare,311
afelio,71
maglia,404
lux,22
erodere,88
autorevolmente,262
bellino,1883
baghdad,353
amadio,732
pregiudizialmente,653
spinoso,63
durante,57
incare,172
albania,215
cascio,827
gradito,197
potente,123
litorale,479
burattino,191
rimboccare,140
estremistico,929
concludono,156
shunt,1227
rivestimento,221
innestare,477
confermativo,629
laila,309
ripudiare,360
professare,203
mores,61
rothschild,310
stese,689
ciampo,70
panelli,471
scleroso,150
asco,62
barzellette,893
rutello,210
futura,64
autoproclamato,147
dorinare,1061
taoista,110
utopistico,1115
pagina,102
racconto,558
partecipe,125
monarca,88
concordo,199
materialismo,1198
raccontato,493
parla,87
rad,138
germare,750
sacerdozio,252
massacratore,586
dimessosi,144
impiccio,166
disperato,357
coperturare,229
eureka,378
commentatore,321
segnalere,73
consolare,215
coercitivo,526
mare,282
vigere,99
neoeletto,149
credenziale,196
supponenza,987
pinuccio,984
teatrale,666
texano,216
ferie,66
feuilleton,772
penitenziario,63
spuro,482
platino,244
pakistana,503
gisella,978
suoneria,157
sterile,187
penetrare,255
traversata,344
informalmente,344
snob,233
elio,109
laico,251
disobbedienti,164
assolgere,336
eccepire,406
norberto,198
tristano,851
clave,171
albanese,152
illegalità,381
rame,31
aggressore,453
astone,1132
risveglio,27
ferruccio,588
desiderata,249
vittoriano,855
invernale,61
esportatore,184
voracità,379
raid,365
roccioso,778
densamente,260
maneggio,6
nuocere,571
foza,151
congresso,68
udo,70
progettare,96
fondato,215
fato,174
fabia,94
scholz,148
cultore,437
viale,39
sana,3
mortifico,362
accare,256
scempio,158
incensurare,337
dottoressa,134
pirateria,28
annacquare,350
niro,347
arabiya,416
cunicolo,660
ripone,87
diarchia,75
intercettare,86
laghetto,789
capra,255
montillo,714
edgare,550
samuel,349
daere,62
munifico,27
rapitore,156
raccoglitore,279
invitandole,96
dispiegamento,211
ruolino,81
sciacallo,31
riflessione,314
pluralista,324
minaccioso,380
riletturo,652
orgia,112
occorrenza,29
defenestrare,509
intuito,718
strago,157
vivacchiare,691
estrada,134
aurea,37
rimpallo,118
biondo,782
guardrail,735
chiarimento,241
accollare,334
alfa,45
automezzo,317
granaiolo,416
samo,203
domenico,656
gordon,218
sessantina,174
carnet,384
ller,431
patire,187
ingoia,95
ambivalente,1129
dinamicha,161
fracasso,541
bolzone,524
gastone,799
sciire,296
peluca,821
corrare,79
urbanistice,109
quarantesimo,161
elettoralistico,762
singolo,158
imo,4
giusta,31
nevralgico,112
dpr,57
pen,74
revisore,63
intravede,208
arretrato,121
dedicato,171
esaltano,373
carialo,155
lucia,447
cassa,175
infiammabile,672
secolarizzazione,676
frate,174
bortolo,88
cambiare,193
papo,183
schifano,210
arcobaleno,36
hockey,126
pocenia,361
finimondo,162
demiurgo,677
tacitare,956
albertina,210
sottoscrivo,74
totto,696
arsenal,558
raddoppiare,183
ostina,665
prare,291
fiorellare,1850
megare,100
consumismo,567
assembramento,279
onere,295
rossoblu,410
zimbabwe,151
dissentire,957
amadeus,784
nerve,144
spagna,145
gubbio,374
fatebenefratello,453
riscuotere,86
pupa,30
distinti,69
renna,233
galeone,715
matvejevic,54
eneidere,642
macché,19
ceca,60
matebook,226
arnad,390
diplomare,59
irpefre,339
oligarchia,359
ecologico,147
decrescente,555
contrastare,368
aut,28
vettore,174
annibale,64
condannano,297
pavimento,603
imbroglio,282
civico,29
tuta,121
addison,304
vanone,671
prossimo,214
marchese,1240
informatico,239
cifrare,110
archiviazione,340
autocensura,124
aussina,228
beethoven,161
legga,40
eloquio,187
riforma,236
briga,75
tornata,126
gentilezza,1001
gambero,421
mirabello,1769
civ,156
efficienza,300
editoriale,101
corruttivo,271
crani,66
scimmiottare,702
altarino,1430
inchiesta,146
canottaggio,158
singhiozzo,207
men,53
bertone,220
coproduzione,172
lavorare,104
webex,17
eleganza,762
bolle,18
sposine,80
terres,63
dadi,139
bingo,28
dispensare,193
popolano,160
doganale,81
salerno,564
ingente,270
monastir,255
borselli,104
autocritico,328
estrattivo,345
scagionare,445
veglia,81
mariastella,229
fatuo,549
carine,503
quinte,11
diplomato,39
sparse,170
gasdotto,71
spiaggia,443
piro,103
granato,596
irmare,609
incommensurabile,1368
meraviglioso,817
diossina,114
edizione,216
presto,170
stuart,606
stratificazione,281
diventarere,252
vogliare,1223
paraguay,189
programmaticamente,579
usta,251
enfatico,598
appannato,523
contrariare,493
involuzione,641
sita,91
movimentista,85
ripropone,110
amicare,369
stancare,840
poco,180
egual,29
suggerere,308
bacia,306
cannavaro,970
suscito,122
bissau,300
togliatto,141
darwiniana,493
orda,137
corna,305
ripercuotere,356
osé,250
guadagno,302
commozione,218
dipietro,59
intralcio,94
pizza,64
paleo,84
strumentista,113
circoscritto,142
altoforno,208
dilettantistico,166
desertico,312
gora,196
rock',642
musicista,421
sanzionato,239
introdurre,211
passare,351
stritolare,307
indurire,481
troveremo,155
eurotower,108
poggio,125
paesagge,116
pugno,77
grigio,287
costiero,264
buio,197
greco,24
rettilineo,339
triestina,310
ragionamento,527
milionaria,76
lascito,40
stecchendo,526
impropro,347
manganellata,450
versetto,129
slovacca,92
ruggito,438
maquis,77
industrializzare,354
andremo,155
vinto,26
dedalo,85
raidue,102
tronchetto,124
umo,124
marsilio,724
amministrare,83
yemenito,559
bush,196
lancinante,453
cinematografo,257
roulotte,281
ricattabile,562
adolfo,117
aristocratico,574
lagna,189
terribile,406
stewart,817
gospel,393
incrementare,738
assimilabile,819
serviere,133
caldes,56
sfidante,158
turare,107
trasfertare,270
amicone,181
bandista,82
irrisore,114
agosto,107
sinodale,200
sconsolato,268
farino,719
serro,466
affatto,419
agevolmente,245
elmetto,393
dissesto,157
ritraere,477
crede,128
castigo,56
lehman,183
risorgimento,381
stefania,544
rifinanziamento,138
incantesimo,230
roteale,199
valso,30
predisporre,327
scia,65
space,453
giannantonio,1212
pappano,304
accadure,166
camera,146
giunto,74
grazie,38
diremo,266
tribuno,56
opportunistico,1163
eccome,242
quadriennale,57
rangere,184
indipendente,35
prodo,65
solano,88
adatto,267
negus,19
sfatare,23
principalmente,139
artificiale,267
sopratutto,589
imperialismo,691
preziosissimo,143
setta,246
commentare,360
eccola,147
mai,551
imposizione,575
tor,48
bolivar,263
riccarda,115
frantumato,197
sceneggiare,299
donatella,735
dakota,206
concessionaria,306
raffigurare,583
abbandonato,550
definendolo,246
sassonia,100
deontologia,266
lang,477
comfort,63
arcibaldo,142
femore,225
disgraziare,983
animato,252
norare,229
bormio,103
proponire,678
cazzo,238
latente,315
differenziare,319
controvalore,346
riprovevole,1417
episcopato,146
atrio,162
gobbe,226
schifoso,637
brut,442
alexis,176
cristallino,615
tuteli,101
chemioterapia,448
seccamente,279
ortica,99
quasi,208
jerry,1165
zoo,81
spicchio,131
sipario,135
leonarda,351
sensoriale,460
trasgressione,460
santinare,757
parentale,146
sestetto,778
lovero,150
pernotta,259
riconosciere,213
eppura,415
sodare,339
dispersione,413
ucraino,124
maya,96
compresenza,308
prematuramente,216
gorare,668
retro,276
percorrere,80
supercoppa,595
interpersonale,440
dentale,87
finestra,280
trafficante,334
illegittimamente,599
toscana,172
avi,81
mitologia,959
inconscio,1283
sperone,543
autista,218
giudicano,141
spring,537
fiare,16
cresciuto,47
patriottico,330
tanzania,110
ravaglio,136
polarizzare,88
canapa,180
dvd,113
codico,104
galliano,300
groscavallo,988
geovare,256
dicendogli,197
tizzo,1621
nascosto,377
felpato,375
addome,114
greta,102
costituzionale,241
avverre,470
libero,10
scenare,137
unto,195
patere,59
sprigionare,555
scandaloso,378
indovino,462
troncare,159
mcdowell,886
caschetto,1026
madamo,188
tendenzialmente,516
metropolitana,96
disoccupare,111
gazzella,110
epopea,431
dissanguare,143
attenuazione,275
avaro,41
aggiornato,152
superbo,783
architettonico,330
capizzone,192
aggregazione,249
levato,288
learco,217
mandato,64
sbilenco,172
ultimatum,34
sovranazionale,698
confezionare,340
morente,439
pirro,442
murare,398
pubblicamente,462
paradossalmente,1275
postilla,76
sovrapponibile,749
pacca,114
curiale,139
chiostro,545
giurisprudenziale,166
aumentato,602
smith,419
preconizzare,253
alarico,756
nardo,76
signorina,517
utilmente,318
letale,196
generis,123
delineale,724
falsare,81
profilare,308
martedì,133
delia,107
lezo,143
aspramente,211
piramide,37
vernice,511
esilio,226
irreversibile,279
insperare,374
mancherebbero,402
fermata,271
godibile,735
originale,565
israelo,79
marsigliese,495
ministre,48
ordine,23
menade,396
belligerante,123
monaco,50
passione,316
guglielma,497
pericolosissimo,487
militanza,178
robotica,306
modo,422
omero,428
ruffrè,355
dipanare,248
barone,493
aido,270
dugnare,568
farad,196
postbellico,240
verosimile,769
dogma,102
oggettivamente,1399
paziente,277
talebana,428
galleria,217
missino,17
offuscare,307
ive,116
mono,93
clacson,359
attendare,431
terzino,570
settennato,58
agnosia,62
staticità,717
bielorusso,105
psicoso,153
palazzetto,448
peccare,411
consigliare,325
bilance,37
correzione,391
vinicio,577
morimore,143
righetto,1048
wes,837
buttiglione,108
nazifascisto,187
nona,14
glissare,415
collaborare,76
badante,131
ayas,274
simpatizzante,185
dispore,184
frecciare,359
puntare,97
patrizia,641
jong,469
leopardo,222
pocket,319
effusione,204
ricongiungere,101
democratico,106
cricket,30
latitante,247
plenum,106
calandro,715
teorica,125
partilo,110
lacciole,35
orchestro,327
brizio,513
sicché,372
riconducibile,164
deprezzamento,235
cattedrale,299
ricere,103
romanziere,633
esoterico,804
reclusi,175
dinanzi,58
acre,29
digressione,1654
armonizzazione,914
concludo,105
dimentichare,674
tom,669
talora,775
intervistato,48
bastare,307
centovente,236
biologa,117
analisi,200
costellazione,210
sahib,359
discriminatorio,522
conoscere,505
scansione,475
vox,87
assenza,285
infuocare,191
allargato,68
affondare,225
cesenatico,574
comparsa,98
pillar,121
individualista,783
riedizione,173
compattezza,223
modenese,316
liegio,99
striscione,271
inciviltà,669
sarcasmo,559
scaglia,149
culo,491
ché,501
assunse,24
vessillo,259
confortare,449
dyson,419
radical,189
capomafia,403
rappresentanza,153
fieno,319
maledire,775
westfalia,77
monografia,697
sedicento,343
avere,570
moresco,732
nus,11
moltiplicarso,269
cinger,1150
pacifica,28
cistica,177
decina,213
ritrasporto,165
cervice,126
inumano,246
micromelia,262
oreste,519
eraldo,140
totalizzante,612
omar,387
reintegro,86
trasversalità,515
gioia,122
ostello,484
scippo,53
sottoposto,173
wagner,462
eliseore,61
civo,96
urino,280
raccomandata,78
completamente,281
presidente,181
comportamento,493
imbrogliare,721
proporzionare,392
ammollo,281
patrimone,118
pausania,199
mino,103
vistoso,154
urbanistico,93
aderiscare,194
auditorio,159
pigrizia,370
stima,21
spiro,38
nuovissimo,432
kennedy,547
nilo,179
proposto,429
vorremmo,406
tripole,56
militante,221
aratore,259
germogliare,475
riposta,17
corteccia,442
assaggiare,789
interpol,172
regge,18
giorgionapolitano,106
mutande,512
delrio,200
congegno,142
bocciantisi,99
liberatoria,134
abolere,129
nefandezza,554
frittata,240
zanzara,119
dialogante,451
violo,391
esemplificare,434
geneticamente,402
viscerale,1111
detestare,872
minacci,162
trafficare,299
rimorchiare,233
indistinto,659
inalienabile,404
friulano,530
pineta,402
igor,44
riletto,747
saarp,161
ormonale,420
assicurare,303
telemann,153
sparso,157
disperso,211
neonazisto,141
aderere,114
minimum,86
enunciazione,535
ottuso,158
cittadina,50
pezzetta,147
lineare,207
grosseto,365
alzare,247
sergente,554
spray,216
saggistico,246
residuo,86
lievitazione,636
audacia,432
danneggere,154
ardara,256
pattugliamento,343
fiorino,407
scandalo,58
fiancata,316
passeggio,451
drago,110
escare,233
tolgo,31
colo,118
attendere,279
autosospendere,283
cartone,109
tipico,559
oms,73
generalità,228
slip,141
basket,293
naufragio,131
assessorato,158
pani,522
tuono,255
pennacco,403
osservazione,146
arameo,542
bevere,401
mischiare,965
uncino,273
godetto,240
alata,325
sherpa,17
foia,873
cuscino,526
ossia,256
copertire,182
olivia,411
vaglio,189
cilindro,110
giuliani,44
fattivo,399
smembrare,201
diluire,63
perturbazione,256
barbaramente,970
percossa,220
mussulmano,452
ospitale,104
egra,54
cammello,72
gibilterra,433
alda,88
composto,99
flamini,186
camminare,548
sant',282
busta,111
panca,208
fantasia,849
soragare,1267
gregoriano,738
scalfalo,95
carrelle,128
prettamente,450
hitchcock,876
pansa,27
narcotraffico,163
inciampa,98
enclisi,189
troverebbero,394
tuttofare,581
ribellione,388
pongono,69
possibilista,188
interforze,141
laccio,26
svolto,59
management,219
moderno,365
dirigere,140
littorio,243
lieto,46
web,149
contrapponere,865
culturalmente,715
posteriore,217
cordialmente,138
giordania,338
dettare,300
nerina,373
gestere,168
aggiungere,482
interpretativo,530
mcdo,175
geddare,270
masai,78
succettere,255
dolorosamente,401
neruda,191
esecutore,92
canadendere,1255
scolarizzazione,346
rifare,130
insolire,528
proibizionista,238
confartigianato,173
sellers,989
routine,103
sfigato,390
gigio,422
nazareno,113
parità,74
arduo,100
larghissima,117
michigan,134
apparentemente,1140
agguantare,733
didattica,206
così,1128
compositore,815
fiducioso,144
reclusione,205
scioperano,180
accanimento,481
esopo,107
trullo,285
mettevano,201
presta,277
corciare,243
adela,265
vodka,160
demonio,587
pomezia,179
impressionista,1071
naif,232
decisionale,632
levata,68
saliente,289
preistoria,365
abbazia,208
asi,38
liberatore,158
sanremo,91
venere,112
olino,470
carolino,50
vivibile,84
optimum,21
cinquantenne,351
fidato,175
manipolare,314
vagina,176
carretta,420
intoppo,106
implorare,309
divergenza,171
malizia,245
elargizione,385
sottoscrivere,118
ambigua,396
autogestire,100
giubileo,67
caltanissetta,267
prometeo,26
saverio,954
intervenuto,112
baste,265
dischiudere,179
infliggere,119
sie,11
lesivo,323
costiere,268
ricostruiscere,199
montalo,204
pronunciato,86
carismatico,324
ballottagge,148
patrio,30
tosa,54
hard,182
nina,231
borgo,619
baccanella,1153
nepotismo,343
impotenza,628
inflitto,166
sessantamila,82
enos,46
massimino,134
quadralo,425
audi,98
filologia,590
lorena,354
mane,83
pellegrino,174
diluizione,754
disinnescare,139
accusato,310
mitt,227
colonnina,169
salaria,11
succursale,23
coesistere,524
spaghetto,490
satire,462
violoncello,785
ulissa,519
lordo,224
reinsediamento,73
vetriolo,324
sprinter,235
tania,151
biffo,51
metropolita,82
servizio,115
marciare,123
stanchezza,561
ramificare,232
mutuo,49
brembilla,267
comprovare,154
citato,135
ardente,180
galilei,86
lapresso,61
interdisciplinare,254
padron,85
oppore,376
stefano,394
veltrone,163
vladimir,127
puzzare,42
bombai,123
verità,255
divorziare,140
americare,360
braccato,643
perso,121
savina,545
ventiduenne,382
calibro,119
adrenalina,182
girare,304
abdullah,323
bombardato,366
ostilità,363
boato,60
galvanizzare,171
deportazione,269
disimpegno,90
sgradire,483
portatore,223
precetto,99
jacques,210
conditare,145
altresì,376
arché,857
automatismo,308
timido,49
egiziano,280
sorbona,97
sorto,45
roosevelt,154
medievale,261
bruscamente,117
vorace,232
animatamente,224
robot,120
suscitare,172
villeggiatura,420
forlì,292
sostenibile,302
complessivamente,261
lorettare,1284
vertere,211
contingentare,116
roof,255
scossa,49
copione,441
inezia,57
fidare,439
raccogliare,134
suggerimento,290
chilare,126
marescialle,195
foggio,304
volatile,162
astronave,258
decolla,53
prioritariamente,747
sradicamento,553
esatto,71
attaccare,604
federconsumatore,91
villino,502
scherzare,783
segnare,138
mullah,351
dibattito,58
brandy,818
rimarca,120
educace,77
zelig,113
romina,58
serissimo,48
enunciare,463
redazione,68
immobilismo,344
trasferimento,262
letteralmente,933
credit,251
compiacimento,948
terziario,227
ingroia,331
documentario,423
professionista,138
ortese,463
orizzonte,141
remoto,200
empoli,548
offerto,158
doppietta,824
ripetuto,179
palinsesto,116
sintedere,243
spazio,40
costume,328
prospettico,237
cancellere,99
vicinanza,67
free,103
ignobile,570
salotto,175
cala,40
scherma,257
inesatto,315
emigrante,174
laser,177
miscela,219
sgarbo,62
vendita,262
ripor,16
legnare,644
primissimo,115
testuale,82
impervia,102
quotidianamente,196
tossicodipendenza,246
drammaticamente,525
cornice,71
iacopo,1034
investimento,431
livore,677
pattino,565
terribilmente,485
benevolo,75
johan,576
benedica,220
pacis,60
uccidare,332
idoneo,222
emma,45
pensiero,831
imponente,59
combattére,180
scotland,157
immensamente,313
concepibile,681
fortuna,316
scienziata,169
sorteggio,161
invadente,935
calmare,165
sorte,11
scorta,33
cippo,288
spudorato,1156
lerico,626
nutrere,341
blindare,83
usci,17
articolo,72
isernia,477
autografo,346
pila,23
lago,206
pressoché,53
rush,11
parcines,36
acefalia,116
capitale,49
riempire,285
prefissato,211
bello,411
perforazione,337
duomo,239
score,63
manganellare,417
ribattere,392
tranviere,83
pesantissimo,158
dilaniare,364
bonato,460
egregiamente,94
condoleezzo,166
infibulazione,375
querela,134
allenamento,371
milva,537
insindacabilità,686
bagliore,376
resecare,274
donald,314
neutralizzare,593
rompere,101
metafora,556
maltrattamente,385
gal,342
stampella,389
lipare,516
arrivato,59
pressing,101
ipod,180
casato,1018
maledetto,241
piacciare,478
napole,107
licato,465
cassaintegrato,236
chiudono,69
romanzesco,958
sabbatico,97
onnicomprensivo,831
finalissima,225
armata,212
stagnazione,593
matrico,75
ciclismo,230
pacificazione,306
colletto,110
californiano,318
fico,65
pancione,146
aviare,115
extraeuropeo,109
diffida,49
molecolare,402
sirone,1191
voleeva,383
vespare,303
privilegiato,163
babinsky,208
leporino,437
prevenire,235
denunciare,248
metà,140
arenare,129
mate,342
voltare,194
contaminazione,485
samuraio,90
risaputo,325
schermo,215
visitatore,159
greve,788
drammaturgico,777
astronomia,39
biografia,471
wilma,174
pervenire,355
deteriorato,543
osare,126
trionfalismo,758
rabbrividire,618
sollecita,296
lubiana,150
ufficialmente,212
ponticello,727
rivero,469
arcidiocesi,134
cantello,860
infondare,503
comprovato,179
sermone,260
disattenzione,327
chiusa,50
brillante,332
elitario,1036
accademice,209
paritario,234
montecco,1147
buffone,598
scienziato,173
praticabile,452
calciatore,356
visuale,129
scioglimento,86
andar,59
disabile,224
esimere,457
renon,8
acquario,925
ellenico,82
eldo,153
gaietto,276
noce,143
risato,588
supereroi,587
imita,123
globe,78
discovery,147
caparbiamente,414
mezz',85
marlon,1532
sonora,93
anversa,486
panico,134
incolpevole,250
cgil,165
fonderia,120
obamere,130
multidisciplinare,284
distrofia,191
approntare,328
traccio,68
costruire,176
popolato,189
oberto,24
ineluttabilità,821
honorem,45
puro,450
transizione,61
midere,177
dormiente,39
svenere,804
bordeaux,295
garibaldo,243
topolino,184
bellusco,210
cipriani,812
fax,18
grattare,298
cannataro,543
riferare,281
preoccupato,366
imbroglo,335
anteguerra,351
traduttore,411
dividire,116
finanziare,255
alberto,454
paternità,56
moabo,7
tabe,177
mazzetta,153
tecnologicamente,496
riaffiorare,350
satin,88
missionario,228
berte,103
perdurante,470
scoperto,41
tenente,355
michelle,543
corrosivo,1006
stroncare,170
noma,19
bhutan,331
surroga,249
ricchezza,161
stanare,255
salvaguardia,221
srotolare,734
amazzonico,315
scanso,95
socio,161
moriva,345
precario,128
billia,1143
prolifico,542
quotidianamento,206
sparuto,163
dipingere,576
affianco,84
zittire,676
corallo,416
poetico,1038
recepire,188
cherubine,782
trevigiano,310
aquilone,440
pragare,398
millenario,239
giardiniere,560
ossola,70
pletora,66
frusta,92
inflazionistico,328
sincere,190
sicre,46
albe,174
negoziante,83
procura,259
fatturazione,441
rimedio,68
divertente,947
ferroso,202
taddea,499
rafael,376
marzio,724
numerosissimo,236
ambasciatore,80
insegnamente,232
doro,117
cosca,204
ironia,504
ricompensa,124
cavallino,414
gemella,107
ghiacciato,373
invito,155
sociopolitico,859
incuria,201
illustrato,352
lampada,202
sfondamento,205
comportare,546
padovano,124
raia,124
marley,795
lanciai,32
bluffare,718
paletta,74
reggino,366
olmert,151
rodaro,202
infedele,40
malese,140
bustina,218
provere,204
ivan,177
schifaco,177
tiziare,1092
debutto,283
raccomande,110
adele,251
assolve,77
thurman,1280
stabilmente,208
discreto,323
reperirere,368
diversivo,449
salvato,76
delizia,587
natalia,488
saura,189
crea,16
sventurato,389
aumenteranno,227
convenzionare,233
prire,218
dannato,165
acne,404
deterrenza,150
pubertà,66
mediamente,232
ricollocamento,326
buttafuore,779
ricomprare,176
supplementare,69
censurare,217
doppiare,274
inerzia,442
basso,61
dernice,304
divergente,342
antonino,830
svantaggiare,293
franchigia,131
patto,33
pancaliero,363
ironizzare,650
comincino,101
rubacuori,181
immancabilmente,987
boicottare,89
adente,324
raggio,79
spielberg,411
incaricare,165
xxi,54
ristorante,321
questura,119
mundi,220
enunciato,407
abbandonare,460
costere,116
bufera,84
ceramo,159
ambientale,114
mettere,88
correttamente,506
musicalità,700
nepe,131
inettitudine,679
informatore,243
entrambi,92
librare,203
trasformismo,716
mappamondo,210
anziano,119
allore,85
amare,399
parasubordinato,488
sottoutilizzare,636
trentenire,672
argino,140
veterinario,162
agostiniano,735
costellato,344
ospitare,228
numerato,209
comprere,151
prendiamoci,38
patrick,484
monumento,216
emotivamente,455
periodico,79
andreare,1025
esperire,83
infettare,420
ontologico,650
eleggibile,86
cumulo,30
categorico,136
tifone,178
bruno,360
ingrediente,184
superstar,47
impegnere,301
opposo,91
progressismo,707
bozzetto,471
welfare,44
innamoramento,450
trainare,148
amatore,409
batch,347
castellania,796
susseguire,186
iorio,513
giunte,19
faticare,422
trivellazione,159
piffero,152
pascicelo,400
rarità,188
facciamolo,305
affamare,398
comodo,374
inoltrato,111
disattese,141
disincentivare,687
meramente,1085
carta,33
incendiare,581
generazione,115
prefisso,38
indisponibilità,297
sciocchezza,474
prepotente,513
emigri,70
cavaliero,209
isa,16
capolinea,61
subalternare,706
anarchico,93
lunumba,103
desidere,407
scompare,314
zar,24
porcato,205
inanello,347
login,43
lobby,24
alitoso,186
lurido,39
impunità,209
stefaniare,953
aumentere,378
adirare,232
cinisello,721
stupere,664
alino,699
dunia,110
resero,93
fazzoletto,909
spetto,15
alaire,100
orango,107
centrifugo,119
prevalgere,407
shutdown,59
cupo,557
mancanza,254
concentrere,171
civilissimo,267
inducere,435
creazione,277
hanoi,90
criminalizzazione,751
concia,262
lavanderia,520
riconore,309
divago,312
riprendare,352
pale,47
commando,346
insensare,1329
black,175
lungimirante,372
franchezza,271
limitrofe,290
romanesco,724
tollerare,698
propinare,801
oppositore,327
paribus,331
esaltato,621
memoria,123
indipendentemente,727
frustrante,299
tampone,27
morbo,309
girandola,94
dominare,304
perentorio,329
ammiccare,1121
riconversione,474
agitato,312
paparazzo,268
ritornere,333
doppiaggio,457
gave,67
filippino,187
diaspora,66
lettera,138
volessero,348
spettro,92
edice,102
sorretto,108
controffensiva,294
rapide,22
scadre,111
segueapag,23
scavalcare,227
juventus,497
impeto,501
montecare,117
omo,58
arpa,68
sapientemente,983
catanese,461
carnico,260
imbarazzato,599
cup,223
insostenibilità,687
verifichere,389
virgola,21
trionfalmente,195
rischere,111
applaudito,143
petrazzo,1179
sfangai,58
umberto,134
vangelo,142
elementare,79
metalmeccanico,228
rispettere,655
polemicamente,303
agiste,168
dirotto,57
colorito,872
statta,471
governana,268
compromette,374
favo,245
curzio,92
cisco,45
telemeccanico,184
campanio,314
rapidissimo,265
barzana,161
truffa,69
banalizzazione,740
sax,474
foga,205
catturato,457
musica,420
somarello,1119
assassinato,552
dimenticherò,628
costrutto,57
arizonare,311
pattugliare,414
fukushima,92
parigi,96
giustamente,414
deprecabile,820
ninfa,544
scantinato,665
ginnasta,290
debbio,66
vienere,210
solliere,70
conviviale,81
dimagrante,90
sottostante,413
indecenza,697
tributo,69
ristoratore,147
ricettivo,235
fox,201
ustionato,253
sperdere,208
pacchetto,95
messa,15
disastrare,354
spegnimento,177
monfalcone,428
federalismo,112
musso,160
aquino,514
sana',171
severissimo,22
derby,451
castell,486
ermanna,435
doveroso,397
coabitino,42
sterline,145
ducato,222
verifico,256
raimondo,1579
coppolo,307
impiccagione,337
rifugiare,245
lenno,469
catalizzare,549
flessibile,301
beo,20
watt,73
disturbare,474
vitalità,581
portaerei,202
nessuno,332
decalogo,45
semiautomatico,132
cratere,305
carreggiata,248
fraseggio,719
ascoltato,109
inciso,51
fuggiasco,462
inerme,552
almo,74
carnale,612
ono,570
boccia,347
gravinare,776
propulsione,96
jimasaturno,82
siedere,96
frangente,203
governassimo,355
pestaggio,431
mandarino,875
libera,40
demerito,119
spudoratamente,1101
stabilizzazione,397
reportage,203
nazi,55
evocato,380
ascendente,240
jagger,1033
plaudere,191
jonathan,332
consolo,619
sovere,84
comore,122
compromessi,126
friedrich,539
aosta,184
barackobama,150
ritaglio,143
tolgono,231
capitaneria,320
dilatare,264
camice,193
capere,109
depressionario,396
consiglia,67
bancacciare,732
von,427
ultimissimo,227
illustrativo,176
nazionalsocialista,694
segueao,54
fiabesco,1227
sorgente,333
base,45
inseguita,218
schiacciante,114
dette,318
dovunque,165
credire,155
angheria,204
arcivescovo,135
incredula,343
riino,187
classista,282
divampare,303
segnatamente,444
irrevocabile,155
manuale,45
intatto,150
salere,81
timidamente,170
immore,112
sel,144
ritratto,528
tipologia,262
fidanzata,360
leonardo,428
preferiere,286
inconsistenza,1242
peccioli,508
ventura,312
capacita,299
esondato,94
presupposta,523
tuto,94
brunello,788
interlocutorio,221
dimostravare,367
blu,49
collateralismo,559
amaco,610
praticare,182
emico,75
stonato,356
banchiere,117
gettito,351
dos,95
pigiama,644
lupetto,712
panettone,325
sparpagliare,1357
opportunità,39
bracco,373
trasformino,122
raccoglere,96
fronteggiano,98
veroneso,447
todare,208
giovare,72
country,472
emergenzo,47
airlines,220
orrendo,385
wayne,483
volpi,524
losco,216
docile,376
achilla,114
vaie,235
pressanto,208
maria,580
risibile,668
albo,14
hall,282
aizzo,667
identità,125
alese,470
spezzone,97
assedio,125
frontaliero,80
angosciato,507
convissere,343
recensire,333
distese,432
preda,279
libération,184
mao,33
diffuso,63
unilateralmente,128
strumentazione,658
lapidazione,245
calibrare,255
prussia,216
leccese,280
molto,460
dominique,268
incidare,414
efferare,492
ritardato,88
oss,56
magazzino,224
martellante,154
migrante,170
mappa,61
alternativa,183
fiorenza,1021
fideiussione,219
melo,546
appassionare,204
educaticelo,118
moralizzazione,962
fraudolento,252
sadico,389
onirico,1089
sontuoso,485
svincolo,133
incoronazione,164
materia,207
gentiluomo,112
indebolimento,615
medagliere,113
abbi,281
sinfonico,130
piatto,117
scommettitore,54
finezza,572
tute,88
esire,77
magliaro,578
warner,159
rimescolamento,593
clonare,55
selvaggiamente,508
whisky,45
presentare,174
alternare,385
eredere,278
biliardo,97
possessore,89
oltremare,266
lungometragge,576
negare,305
difficoltoso,183
interrare,578
buie,242
calice,297
calmo,19
biancheria,294
ascii,201
ignude,131
aerospaziale,295
pessimismo,384
ninfeo,98
raffinazione,534
scommesso,50
ambientare,452
futuribile,240
galileo,33
gremito,324
sfortuna,229
astoria,196
vendetta,81
scalabile,198
himalaya,226
sbeffeggiare,883
plus,6
anatomico,260
sant,171
incontrere,257
fiorente,98
sepolto,249
rino,386
ferroviero,137
sgocciolo,142
magistero,210
addensamente,218
cornacchia,840
sostare,364
alesai,267
triestino,253
dodo,229
adorno,457
assunta,27
volantino,156
urbanizzazione,380
mobilitazione,134
esecuzione,101
dorotea,52
moon,64
nazario,44
infedelo,139
vanessa,873
fische,143
ombroso,99
quantomeno,753
sanzione,147
celto,435
sarcastico,811
monopolo,117
distribuito,112
rispondere,247
paramilitare,581
reprettere,253
sospendare,232
inappellabile,212
reagita,291
somministro,116
assa,18
navata,115
elvio,421
appresare,174
colono,135
gerino,550
petale,153
incapiento,475
fuorché,457
bachelet,182
bowl,110
tamara,425
disintegrare,234
privatizzare,112
resistire,174
interruppe,62
forbes,105
indeciso,159
intuizione,369
gabriello,933
opportunista,819
critica,186
campania,182
saggista,302
intanto,136
maglietto,419
incoscienza,840
incompleta,123
ridistribuzione,452
organicamente,354
sconcio,246
baggiani,731
labirinte,237
rabbinico,85
lionello,949
consone,75
plebiscitario,363
sabatina,755
unificante,405
circuire,11
locomotiva,28
sampdoriare,624
rasoio,142
voluminoso,306
ilarità,66
convenire,800
vanni,267
hangar,180
debitore,132
bacare,775
camorristo,337
abbraccio,150
petardo,389
tabaccare,265
stabilire,335
sfrattato,43
rischare,192
beneficiario,302
letterato,734
iperbolico,429
bidè,565
politicizzare,962
spremere,373
nubi,144
ariel,181
murphy,736
protrare,186
malamente,414
dici,51
propensione,557
multipla,111
adibire,290
ricevimento,110
reo,48
scindere,167
sudore,364
bona,628
aggettivo,567
tsipras,222
migliaio,130
brade,295
galatasaray,697
jacobi,293
barco,196
assicurato,242
bizzarro,403
arrabbiato,638
unitario,185
capirossi,302
antea,333
paglia,347
unanimità,126
acate,59
state,401
difendare,379
scomparso,283
influsso,219
causalità,336
compromettere,509
gaffa,83
semestre,68
toto,5
eterogeneità,781
maccabei,306
arruolamento,110
quattroruote,62
filato,261
micca,22
vodafone,149
proscenio,458
theatre,368
metteranno,102
hunziker,272
adolescenza,189
caltagirone,241
contraddetto,715
ustico,60
silea,94
calzino,122
superbie,566
corrispettivo,427
inoppugnabile,541
aitante,381
reni,46
accompagnato,53
teologia,347
mancavare,211
nanne,85
carrozzone,128
ciao,377
nissan,98
ambito,79
ingrano,166
biotta,116
monetario,126
clic,155
roca,22
atto,145
instancabile,209
comacchio,321
sessione,76
lariano,74
sagra,172
paole,1243
alfonso,114
protagonismo,373
qualità,119
azzera,63
cristiere,502
medichare,82
joel,1170
provvidenziale,83
puramente,878
battaglione,289
cubare,201
comprire,258
rore,110
celestino,337
obbligare,384
ame,53
nonstop,151
candidata,195
meridione,163
tappone,153
alesar,445
correggio,8
usum,110
tornado,286
scientology,124
zafferano,250
rialzare,309
antropico,243
egadi,97
ritardo,77
gola,40
qui,260
ricoperto,192
inchinare,461
ipnotizzare,741
imparentare,332
onu,114
fine,112
minerva,301
accolgere,164
alcunché,318
osservanza,291
mediobanca,244
pelle,163
parallelamente,231
mello,592
scranne,90
gianfranco,233
chimico,109
ateniese,22
strage,172
pressare,491
costituìre,81
separato,73
arancia,184
fervido,228
gratis,90
graffo,60
orchestra,269
collegialmente,439
smettere,571
definere,306
ois,126
produre,137
rivoluzionare,103
assassinio,196
cautelativo,283
ella,34
greto,25
bire,326
elencazione,488
immobile,168
lavastoviglie,249
vociferare,201
cesarò,373
gala,59
rotonda,268
palare,811
decoroso,234
vermont,201
sanguigno,218
fondere,360
ipermercato,239
maltese,74
turbativo,141
ricicla,210
groppone,277
mimetizzare,934
medicalmente,169
rionale,122
unilateralismo,298
supera,36
meneo,103
ritardare,262
facente,183
intossicazione,540
configurare,619
cappuccino,645
coinvolgare,122
macbeth,761
bocciato,193
pontida,55
ristoro,60
fondare,104
volume,198
ricaccio,143
fenice,55
biodo,159
misurato,207
dimezzare,176
massimizzazione,806
debellare,82
triplicare,261
indomabile,496
pozzaglio,505
internazionalizzare,605
erre,203
apollo,118
modem,24
traghetto,295
espositivo,272
sindacale,178
quattro,146
neno,30
macelleria,9
cronologia,287
pax,7
tartassato,210
faro,77
elizabeth,178
sentore,318
rompicoglione,136
esportazione,250
patata,109
formalizzare,431
popolo,92
scola,44
mediante,366
biden,141
parlamento,179
aggravato,222
pongano,70
nicaragua,141
commissariare,88
italiana,60
asini,562
zolla,825
tullia,581
jeb,130
shaker,304
appunto,748
infamo,369
vadano,182
rispondente,242
questore,389
compiaciere,916
simultanea,53
rovinare,479
iniziato,163
valutazione,375
anestesia,286
ottomano,192
scatenare,315
galles,449
bollettino,93
occupo,46
neonato,141
secchio,558
incapacità,626
alfia,134
cameron,420
exploito,82
calcistico,162
erogante,15
allai,267
pizzicato,1250
orsetto,205
inclusivo,507
saccone,164
bordone,118
reaganre,146
eone,130
accusandolo,256
social,61
religione,283
sprofondare,502
pie,8
how,108
solitamente,308
inafferrabile,836
bond,80
partito,320
decidere,327
stappare,386
dissenso,297
piovasco,217
hill,478
lobbie,41
terminal,288
ségolèna,86
geopolitica,128
eclissa,359
pronunciare,153
cita,49
sentire,556
floyd,500
dome,28
quadratura,111
erariale,293
nobiliare,97
quantificabile,704
mattia,642
pasticciare,296
punito,149
elo,6
senese,135
woodcock,127
metterebbe,255
giuliana,110
rifondazione,263
ruota,74
addettare,92
trascurabile,657
controllare,165
culmine,137
colao,192
trasportare,387
regalare,473
pasco,152
microspia,149
contesa,76
notazione,302
montecitorio,176
sketch,524
captare,90
santità,274
vertiginoso,344
baker,761
banalmente,1039
rimostranza,359
thornton,297
sottraere,332
firmare,96
debilitare,473
rompe,17
tirannia,514
etiopo,387
allagamente,405
apprendare,363
mit,205
sappia,438
acere,311
gaetano,532
jiabao,91
bendame,224
clientela,209
precursore,77
scontrino,225
ritenuta,476
poster,187
regio,38
eccellenza,174
storiografia,562
incalzante,666
circondario,716
terrorismo,167
riformista,270
escoriazione,252
cadenza,80
bufale,113
volta,370
volto,292
dimissione,125
pitto,349
pola,53
zebra,91
allagato,448
portatile,282
finta,408
luxottico,276
superstite,109
origgio,61
vagliare,317
parentesi,153
condizionato,193
deserto,301
profilattico,302
imbecille,661
secondario,83
divo,297
disdegnare,600
contante,497
tematica,224
bardosso,1021
bellicoso,383
deborah,193
reversibilità,307
assolino,226
charter,208
sintetizza,58
cangiante,1025
pressante,176
scoperta,154
giornalismo,201
innesto,82
imbracciare,1074
eletta,53
cometa,43
trezzo,438
apertissimo,68
mel,377
pertinente,419
calaze,599
cirillo,1817
magno,79
complottare,549
alae,97
lascario,365
moro,45
miracoloso,245
ardere,189
ionico,310
festival,276
consegnato,167
sconfitto,310
entrato,81
padore,261
papà,384
preliminarmente,363
spicca,103
salvòre,141
gavetta,260
patrico,305
nevere,275
parere,365
lincoln,382
pungolo,98
recidivo,163
nalle,196
raccolgo,49
paddock,581
deutsca,250
polline,201
valente,1145
dominanto,515
gignese,186
inizio,173
pipì,461
birra,225
mobiliario,280
fare,1392
adone,678
lasciapassare,448
andro,292
lia,61
lucillo,1345
ione,52
legato,14
emesso,185
radiohead,739
dandy,535
disdettare,166
fondazione,44
dipartita,5
orizzonto,11
poggare,55
neoliberismo,559
massimizzare,398
crisafullo,607
carrello,68
timothy,188
sballare,625
teutonico,345
educativo,231
vajont,52
priolo,158
ottengare,380
ribalta,39
chire,75
venuti,105
gemina,53
mangare,270
idealità,744
conservativo,172
fila,47
cécile,160
negoziabile,276
sconvolgere,268
concere,38
agriturismo,155
scrivo,337
reclamizzare,436
senza,137
immigrato,174
salvataggio,67
falange,142
diradare,202
gabriela,283
ripio,9
ventilatore,124
glielo,231
strangolare,309
umbrio,105
facilità,170
ottomila,83
arrotolare,1022
permanentemente,274
unitaonline,122
calpestato,178
indicizzazione,824
sito,72
barbia,695
meritata,24
estraere,366
esterino,209
leaderismo,694
capotto,56
riprodure,447
molecola,296
farmacista,55
spartaco,266
inviata,121
equilibrare,307
sospirare,474
constare,244
irrealistico,611
detener,72
mattatore,781
giornalino,127
moscovite,104
rifiutavare,343
fellino,76
baluba,534
restyling,102
figurante,786
studente,113
dotta,78
manico,768
sottogoverno,463
facciata,233
schivare,612
dimettere,214
terremoto,100
paranormale,358
scendire,228
tramandare,432
perugino,672
devozione,562
pellicola,341
santino,909
refrattario,451
cormano,566
africa,255
specificamente,699
risarcimento,100
barriera,61
avvilente,823
spacciatore,488
irrazionale,1708
sospesa,93
farabutto,602
diagnostico,375
code,6
argina,149
mihaileanu,159
linguistica,438
dizione,213
magnificare,814
metano,450
contribuzione,457
aeronautico,170
crollare,133
fallout,55
ralphare,343
campobasso,635
pasquale,546
ambiguità,537
epoca,209
comprese,194
xenofobi,230
raccomandazione,180
bezzo,601
identico,254
dardanelli,359
legnano,418
provinciare,222
comino,155
aude,86
malmenare,856
romaeuropa,632
sciarpa,680
remunerazione,412
gergo,46
potenziare,352
simile,453
raion,142
attenere,361
casinare,157
cusago,696
gelosamente,113
unicamente,1045
napolitano,65
apoteoso,729
notissimo,872
distratto,572
avocazione,285
proporzionale,196
mante,18
oblio,13
pinguino,217
caparbio,241
ceco,96
affarismo,717
semina,13
organico,191
ammissibilità,590
impulso,106
cardiovascolare,380
fissazione,476
acquisito,239
pennarello,840
raccomando,184
adolescenziale,374
neofascista,160
dettovi,360
altamente,163
neil,393
bloccò,44
esasperato,704
stampare,304
migranto,166
sparigliare,695
arso,41
bendino,559
trasformere,246
apprendistato,245
ponente,109
scientificamente,398
superiorità,574
stimare,69
verva,435
iniziativa,77
economa,48
riconnettere,199
opzionale,333
imputato,199
dirottamento,174
cagliario,539
fortemente,204
canna,367
essen,41
operavare,242
previe,67
perno,64
cre,63
gero,40
lucca,260
paulo,397
preponderante,616
cantù,326
offendere,519
valentino,158
lamentela,229
auspicato,312
giacobino,441
dozzina,124
aliano,435
crack,68
scacco,29
reiterare,328
notiziario,122
mariangela,811
panchina,592
abbondanza,141
streep,525
benone,297
sopito,368
riot,37
templio,147
svolre,91
deflagrante,181
raditi,460
mauro,372
master,90
mangusta,213
autobiografico,626
adelfo,216
corato,504
orio,154
anice,304
incendiato,669
moncherino,159
confederante,139
malcelato,583
indecisione,313
casco,129
espressivo,1056
rossella,437
insufficienza,155
nebraska,268
compare,584
minorile,73
civitare,298
anello,19
addietro,122
temperamento,471
insolvenza,159
sproporzionare,643
volire,470
bip,80
ligneo,522
scolpire,331
roe,22
carlozzi,797
rabbia,349
happening,534
istruttorio,252
arrinire,117
cittadine,38
assolvere,121
philadelphia,422
cedola,210
nomine,63
avvenere,180
ansiolitico,550
aspromonte,728
guancia,849
alaio,63
sottosegretario,184
finestrino,687
sospensivo,232
civato,134
carriera,67
paolini,1087
ritenne,76
pastorale,172
risorto,332
caruccio,1370
touca,41
autotrasportatore,221
inappropriato,464
affluire,86
papaleo,756
profugo,221
alunno,108
legislatura,79
sparizione,315
sieropositivo,288
simulazione,163
ingorgo,175
precipitosamente,246
spola,196
certosa,96
manforte,35
scritto,460
elencare,116
ecci,425
rientrare,119
liberace,241
soffice,188
deprime,100
fiorito,123
todt,162
ippodromo,55
dietetico,220
zucca,181
egualmente,556
annido,44
personalissimo,1404
pubblica,148
alvo,201
necessario,369
indubbia,309
cofinanziare,250
soma,143
avvelenamento,247
champagna,172
superstrada,385
lodevole,75
magnifica,389
forbice,28
ancare,108
amalia,979
tipografia,19
narcisismo,967
censore,101
barnfield,412
avvalsi,118
store,109
stralci,91
seno,17
stipulare,133
ricomincia,75
vertiginosamente,288
gallese,471
rimanente,54
distribuere,84
spillo,303
emilio,408
situare,207
tesi,85
schiettezza,258
renderebberare,639
alacela,541
candela,237
tallonare,457
arai,170
lume,302
secolarizzato,341
umiliato,163
parsimonia,448
merenda,270
sotterrare,578
incondizionato,323
apprendista,96
giacché,804
privilegio,276
fatalità,591
foto,86
giuseppino,1159
disumanità,391
cubano,117
arma,97
misuro,43
cioè,830
grondare,682
goffo,293
derubare,353
piceno,491
classifica,208
ciee,141
sussidiarietà,524
capitolino,99
altoparlante,348
salazar,151
agra,10
famigerare,88
accusò,173
maestria,806
lanzillotto,268
aleeme,82
procrastinare,353
ruare,172
ebola,119
fatica,326
accumulazione,770
pomeridiano,103
assegno,238
romeo,198
damon,525
omogeneo,419
