token,degree
disputato,247
disarmante,134
coccodrillo,266
stravagante,531
indicazione,178
attutire,83
prepoter,10
cammeo,355
incolonnare,501
piazzolla,412
legionario,10
alma,156
possiare,138
speditamente,177
attivato,77
indio,117
serpeggia,136
adeguamento,515
aggiuntivo,469
farere,290
zelo,33
caraibico,83
coniglio,199
tbilisi,35
mediatore,36
scandinavo,49
temporanea,70
illuminazione,196
caletto,742
resterà,37
amaranto,540
madia,45
dirottare,39
negoziale,87
groenlandia,163
paraggio,103
conteso,41
provochare,149
impressionere,112
attecchire,147
jintao,23
qualunquista,594
arzillo,226
roggio,23
rosi,324
risapere,265
irresponsabilità,507
occhiello,9
garretto,357
riscrivere,128
maranello,151
stupide,179
massino,170
toscanino,285
caratterizzare,399
gabbano,23
mandello,672
estonia,98
tunisina,86
prosciogliere,220
approdano,75
item,16
paniero,186
sofferente,157
rigone,145
perequativo,436
pronuncare,94
sepolcro,179
transito,88
erno,21
baretto,313
installazione,128
soio,163
beneficiare,200
riina,138
interrogato,130
intensificazione,198
brandt,54
paganizzo,41
antropologi,236
occultare,105
tabuccare,241
incoerente,687
tfr,251
indonesiano,205
negatività,105
giornare,42
eluso,14
saltato,67
vecchiare,163
dalmare,276
nipponico,56
omertà,40
subalpino,20
controriforma,87
caldo,62
charlotte,716
delega,161
piduista,156
autolesionismo,366
barbaresco,422
revisionismo,510
apertare,44
monterey,266
coccia,436
indebita,73
lite,31
evita,10
compostezza,381
giornalistico,78
appio,108
piede,213
bailamme,4
inserto,190
corretre,45
profeto,95
volontà,257
pac,219
varesine,254
rimbombare,438
collino,464
mitigare,91
fronde,7
imperialistico,551
esigente,68
arrola,817
impedìre,45
finiva,98
collusivo,99
olbia,117
sobbalzare,306
accreditamento,520
cooperatore,45
anticipò,27
prelievo,242
riproduzione,304
costruttore,50
motors,141
ingestione,145
simposo,293
spalluccia,63
pearson,497
fiela,579
mathi,190
austerità,48
riferendosare,99
debello,108
poveretta,311
coscia,98
gorizia,287
eruzione,144
iil,48
mirna,265
femminista,172
elisabetta,65
breme,32
rosolino,160
elegiaco,14
probabilmente,296
suocera,183
solgere,56
scavato,97
arbitrario,195
antartida,218
media,24
esibizione,192
inutilizzabile,186
stanziamento,225
travaso,8
quali,50
innescato,125
sottofondo,579
olimpiadi,104
nunziatura,32
elettorare,210
fendo,10
brutta,62
mieta,52
illecito,118
erasmo,69
imprevedibili,180
cabotaggio,70
gerharde,182
modigliani,9
cagare,65
illazione,126
sussulto,88
imputo,18
assurda,208
emir,124
idoneità,194
rigido,82
tour,77
rosalia,219
incontro,86
toccato,50
interesse,24
maldiva,74
nutrito,37
fedelissimie,91
nando,115
oppostere,131
sbagliato,117
morto,83
ovocito,249
giocare,171
auditel,55
avare,114
disincantato,1227
abbaiare,283
condiziona,50
ronchetto,48
imbottire,371
cattedre,63
rapallo,332
presidium,92
invecchiato,42
massmediatico,163
deutsche,111
esplicare,465
esanime,45
sponda,18
cartiera,75
apportato,197
greeicy,249
riserbo,37
biellese,455
brennero,72
evocare,333
achilia,134
villone,123
zootecnico,151
magnete,33
opzione,27
chieder,150
armatura,60
travalicare,181
ricostruito,24
ciclicamente,70
accostamento,418
strategia,65
specchio,127
emarginazione,173
estense,62
gippone,16
meteorologico,23
navigatore,30
account,106
maiuscola,6
cosmetico,159
ponderoso,60
consultazione,86
zagrebelsky,34
inconsapevole,817
cruciverba,150
risolutivo,47
gardenese,145
eversore,97
densità,109
ado,7
sfacciare,720
cuccarini,534
boldone,145
triade,7
postere,33
caviglia,267
svecchiare,105
ranch,14
argentino,138
viaggio,24
demetrio,33
congiurare,98
defilé,11
silverstone,307
risultato,51
marra,244
calciato,225
cubani,53
spore,127
cinquantacinque,189
federfarmare,56
pentapartito,240
gastronomico,88
nipotina,565
loquace,130
pattugliamente,189
crocifissione,186
precisazione,197
shakespeariana,376
persico,21
classificazione,244
irrituale,238
libanese,245
fantino,320
cinquantennale,68
scalino,29
espropriare,72
crudeltà,276
cordo,44
lontanissimo,196
maxi,7
campaci,163
balistico,61
esistare,271
orrenda,133
paca,3
diccio,49
telecronista,133
cavalier,81
autodistruttivo,494
lodato,25
guidato,9
rassicurare,209
stravedere,88
squarciagola,394
angioma,76
pecoraro,175
ullrich,167
porcheria,188
macello,7
umanistico,415
massicciamente,88
chiamandolo,27
profumo,37
bardolino,448
antologia,531
congratula,78
panchià,51
luccio,171
manovella,49
anidride,174
prosa,344
cardalo,940
einaude,190
brandello,350
regolarità,111
subdolo,299
insoluto,37
corresponsabile,127
padrono,197
repentinamente,99
indisturbato,273
liceo,66
ridiventare,207
pollica,32
jugoslare,88
interconnessione,232
pensare,705
eurostar,82
liguria,153
svogliere,72
smottamento,205
arrena,208
eccezionalmente,184
esiliare,93
destabilizzante,201
turing,107
costituto,203
tradimento,262
disapprovazione,155
loca,6
infame,231
estremismo,611
contraddittorietà,649
mandanto,193
pidocco,184
portaereo,199
svere,116
gomitata,138
sottolineato,372
introito,227
accresciuto,264
nattare,249
ruga,151
comando,43
boccone,15
vicedirettore,68
icone,300
pcio,86
stipasi,114
asciugare,327
sospinto,44
rocchetta,338
puntano,23
extracomunitare,88
bang,72
deformare,171
incentivazione,789
violinista,448
tassare,272
refettorio,18
scott,626
legenda,255
preoccupo,164
riesumazione,60
contempo,334
veleni,40
lona,67
favoreggiamento,300
ignarare,165
excalibur,29
aires,74
ariccia,490
coerentemere,551
battagliare,48
pace,27
codificare,322
celero,15
appropriato,205
censorio,43
soap,127
ogniqualvolto,103
parse,22
ree,415
avvertenza,54
sfruz,63
scientemente,219
capriccio,232
passivamente,251
illegalmente,51
strenuamente,49
giudichere,183
sovvenzionare,162
parodo,439
imago,58
favore,33
honoris,21
lailare,54
impotente,230
bottego,12
traliccio,139
costernato,16
biondare,710
acqui,19
vivacizzare,557
metabolizzare,358
soglia,22
differenziato,387
affanno,79
royal,158
center,127
ludovico,235
quantomai,127
riammettere,69
formino,220
cantore,454
senatore,122
atmosfera,47
bonificare,95
alpignano,230
proteggare,115
rientravare,119
tridimensionale,319
meditazione,528
vietato,62
vitale,0
aden,65
bernardino,623
finto,182
escano,8
sussurro,281
maschera,230
antonia,85
tortura,161
hitler,100
avvertì,36
arrangiare,176
giova,61
barchino,167
piemonte,78
innare,243
spintonare,367
diffusa,36
casa,34
rispondare,141
semino,33
umanesimo,581
strettissimo,47
vescovo,146
tragedia,63
umanitario,39
unitaria,105
starfield,551
tonaca,152
bitter,208
titolone,55
tabula,7
parona,431
prestazione,160
catalano,252
esile,394
salato,92
roncone,277
maggiorazione,680
graduatorio,38
piacevolmente,352
inusuale,156
coppietta,548
adir,63
spaesare,680
faoe,23
grembo,138
marchesa,406
semafore,110
amarillo,290
gabriella,719
compatibile,220
detentivo,159
rabbioso,206
innevato,438
corporativismo,583
fuoriclasse,504
tirrenico,212
canapine,81
scialuppe,98
sottosegretaria,51
dipendere,255
intravisto,293
astuta,194
vacante,28
trattato,40
procedura,168
transnazionale,144
attendibili,98
fernare,332
novella,22
inameno,190
nautica,32
smodato,111
pensere,182
ballato,422
balzello,79
sopravvivare,641
universalmente,264
intervenire,75
liscio,25
capofilere,92
potenzialità,363
élita,173
permettere,237
schiaffone,180
statico,161
impere,52
borsello,117
choc,10
maestranza,70
diversissimi,508
azienda,228
cercatone,234
universalismo,609
mirella,236
valle,72
attanagliare,210
eredita,31
altitudine,98
ondare,123
pianificazione,335
compenetrazione,755
predappio,116
apocalittico,121
guadagna,52
nicco,272
rimescolare,120
metropolitano,46
seminare,150
infelicità,602
piaggeria,13
cartesio,182
podio,193
sospetto,49
caldaia,161
ciminà,19
marto,82
baciare,568
sopravvivo,167
borgogna,52
cartografico,280
oglio,210
telecamera,102
assemblaggio,121
gemito,25
morfasso,189
meccanismo,155
clooney,405
nutre,50
zione,114
divenere,85
settimanale,85
kerouac,1141
sellerio,221
assagliere,50
chitarrista,837
continuire,267
ritenendolo,152
dicastero,32
incamerare,103
khartoum,234
margherito,115
pognano,590
fusco,350
attentamente,115
fiancheggiatore,256
federicare,251
impronta,16
vivacemente,126
macroeconomice,166
venanzio,406
gev,89
ripeto,101
deprere,58
darebbero,97
crema,123
uva,27
osalo,18
bonucci,225
ink,90
alitale,333
dilatazione,632
shrek,177
lancetta,16
pro,5
opinionista,63
sapevare,413
usata,77
mine,62
movenza,209
pallottola,169
ficcare,469
precariato,118
bracciare,608
supposizione,548
scalpello,350
marxiano,582
vigiliare,142
timor,110
batosta,80
affaristico,336
loiero,68
ingiustamente,153
muta,20
scadenza,89
portabandiera,199
supersonico,135
fandango,199
alaare,72
tavoletta,378
prosperoso,51
prassi,122
ardaro,46
esporre,42
mitologico,863
sapienza,105
dopolavoro,26
alstom,65
aviv,67
sottosuolo,324
automatico,39
bridge,379
avvistamento,208
gobi,23
emisfero,55
panchine,203
lasciandolo,152
moretto,239
chopin,276
pari,26
intervistare,70
previsto,45
fasullo,5
honda,116
tronco,57
ambientalismo,374
picconare,94
grondante,246
gobo,32
inconcepibile,536
parloe,212
confido,72
spumante,273
quadrilatero,29
reco,411
fallaco,15
cellere,76
assaggio,51
ponzale,51
sbancare,186
cernomyrdin,99
spd,95
rivolere,80
elda,24
trotto,1039
quadretto,965
scandagliare,205
preparativo,26
cromwell,885
afoso,40
ardare,271
arcadia,194
cantino,701
illimitare,225
mercede,47
catenaccio,134
monumentale,417
calcisticamente,181
qualitativamente,519
spingare,235
epuro,26
maputo,160
lucchese,338
lituania,149
guerina,73
bloccar,43
antiproiettile,297
contengare,207
plodio,52
ricomparire,75
adornare,75
unità,24
afflato,416
medina,186
sottrare,199
diffondono,47
volendo,40
volentieri,207
letteratura,423
lennox,636
profonde,68
integrazionere,82
incrostazione,332
guardavare,261
riacquisto,71
gasbarro,1093
battuta,161
petrarca,147
gargotto,521
hoè,234
burroughs,1076
rivalità,87
pontino,295
pauroso,232
depurare,86
aronne,549
stoccata,18
spuntato,73
termine,42
antipatico,282
perversa,142
peliamolo,557
torrazzare,500
doppler,36
inaspettatamente,175
pizarro,432
pierfrancesco,64
sciabola,84
ripetere,209
connore,361
cicatrizzare,459
miniserie,118
navetto,222
crocetta,189
guatemala,135
manfredi,773
pulsante,30
beneficare,103
accaddo,44
cometare,69
dacio,17
aiutare,193
divenire,39
screditare,233
pariga,22
chiara,52
italianeggia,179
prevalentemente,184
verma,68
fiala,110
concretizzare,171
socialismo,297
sales,68
teo,13
dismettere,162
claudia,494
britannica,66
dailye,86
precipizio,56
marcellina,523
ingrare,172
indiziario,128
carpi,209
ischio,26
ferocemente,207
bruttissimo,130
galliardo,155
riappacificazione,185
conci,77
truman,25
prevedibilmente,178
picasso,292
sentimentalismo,729
sembrar,49
settantacinque,184
crumire,92
saba,28
attizzare,147
conservare,88
estrapolare,254
aliena,20
electric,214
avvedere,84
mittelfest,296
sollecito,147
mero,151
settentrione,202
tariffazione,251
etnico,51
principessa,80
imi,49
cellare,319
aversa,132
giallie,585
gelare,32
tengare,103
sottopore,27
risposero,53
qualunquismo,837
adagiare,407
riscontrato,184
notte,42
frattura,76
remigio,229
attacco,47
rambaldo,846
cabrino,877
scrofa,18
spezzato,83
merlone,16
metodico,17
anticonformista,403
mimo,148
leva,14
cee,29
friulo,67
scarpetta,824
propriamente,568
convenere,91
infestazione,92
tode,38
combinata,28
henri,221
nibbio,75
reinvenzione,190
imporre,205
equiparabile,110
sussistere,300
nealà,16
ascendere,170
slum,124
razionalità,839
antina,43
farmacologo,230
oliveira,345
termitano,133
oralmente,227
epistemologico,806
documentale,180
comporre,56
manerbio,64
residenziale,134
lusinga,61
blue,395
assistenzialismo,596
giacobinismo,824
prostituzione,180
nettarino,249
associazionismo,129
sopperire,56
bonn,40
geometra,38
autodisciplina,177
strettare,83
orale,53
nebiolo,76
stratega,31
silvio,25
romualdo,661
savonese,343
intuitivo,476
bombarolo,120
boghossian,499
quirino,89
militarizzato,212
evacuato,97
ceceno,150
mahler,195
mitezza,607
contenere,98
democraticità,322
dondolare,382
feccia,82
estensivo,61
frato,323
vere,76
giorni,23
fregatura,116
aiace,9
apaco,188
istorio,13
disputare,329
brutale,215
gare,83
galliani,25
bolzano,47
petrello,889
baone,53
mutare,140
blando,21
calamità,46
cannella,390
hha,0
partirere,151
pueblo,49
valoroso,59
sintomo,263
sportività,81
crane,28
uscente,188
viceministro,29
predestina,137
controproposta,264
filmo,103
ernesto,210
stabilizzare,161
dopodiché,33
roggere,7
frapponere,168
importato,232
sconsolare,173
moggi,150
ceramica,217
specializzato,159
irenere,813
adelco,103
insipienza,373
rievocare,307
plotter,205
accodare,302
abbattuto,54
tappare,124
affila,29
rabuffa,239
ottawa,30
connessione,291
equido,33
celesto,145
figuraccia,57
lampante,83
infarina,119
miniseria,173
interamente,27
abeilino,100
mozzare,156
giacarta,22
turchese,195
convocare,144
fattura,54
razzolare,138
fantasy,127
avversario,117
apposito,148
intercettore,55
disfatta,66
indulgenza,249
danzare,620
strozzino,74
luidere,766
anticipatore,23
dragalo,138
riad,32
zappo,264
cassaforte,59
spoiler,86
agile,23
sforzare,176
insisto,156
thermos,55
beccare,94
avvolto,502
esordiente,823
trattabile,252
somaliare,170
bitetto,397
rinforzare,26
carraro,53
ricevere,87
spaventosamente,562
dilagante,252
convingere,957
sensuale,421
letto,56
microprocessore,150
serafini,380
leana,48
suonavare,251
relazionale,509
dop,14
ansia,220
adotto,18
calandre,16
ilaria,7
cassiopea,149
abituale,69
cire,61
lezione,41
accidentale,75
endemico,141
impersonare,639
spontaneismo,706
opponevare,212
capro,37
visibili,17
violenta,121
ayatollah,119
altilia,31
ipotizzare,117
democrazia,178
rugbisto,332
collezionista,151
marxismo,403
bastiglia,78
variegato,155
vincita,40
tega,43
accende,21
pierangelo,516
geografico,104
allieto,281
adula,103
loredano,339
gary,826
irrobustire,149
decenza,115
confronta,56
zona,176
ritenuto,193
whitewater,51
napoletare,96
creto,34
coreografo,380
colera,165
trasbordare,226
cabala,67
fortuito,144
diane,140
diplomazie,24
echeggiare,375
impreziosire,415
asfissia,62
assetare,29
anatolia,65
stratiforma,242
hyundai,123
dolente,89
ferrario,354
giovanni,98
forse,953
malvina,30
cubetto,922
legna,257
cicatrice,154
infiammare,77
affilato,172
brillio,43
pastorello,1090
trapiantare,196
galassia,20
restringimento,413
discontinuità,543
tipografico,142
dibattire,38
delegata,24
inasprire,52
addebito,138
dintorni,184
alterità,650
navicella,75
pattere,35
nocara,38
fano,43
insoddisfatto,81
chiudevare,247
beatore,224
robi,581
tecnocratico,421
predicazione,262
esecutivo,123
danzante,614
corsa,73
ricorrenza,67
nettamente,84
configgere,137
chilometro,70
angoscianto,198
pediatra,141
chiarere,223
romagna,43
archiviare,54
bernese,54
malgrado,99
irrefrenabile,346
socializzare,215
compiare,67
snai,9
sensualità,502
reggiano,417
sartre,95
letta,62
chan,361
piemontese,189
jeepers,175
anfiteatro,120
prona,27
peninsulario,296
iscritte,21
teoria,285
stringare,63
stilito,40
aggredire,244
cassetta,135
gaffe,40
rivoltella,359
liguro,56
immoralità,852
insurrezionale,164
trascendere,814
ridere,367
lecco,565
raggranellare,156
danone,75
gramsciano,187
spineo,226
fatevi,79
ventimila,84
metafisico,711
classifico,94
sere,8
elektra,709
lungi,360
ritocchio,59
associare,40
esasperare,353
pentecostale,237
salsa,77
calzine,304
diversissimo,983
bruciato,322
celare,49
ufficiale,26
beassi,165
notorio,35
nomade,121
york,46
lamento,49
disonestà,287
chiama,58
studiano,86
ponevano,35
uguale,26
sostegno,47
giuseppa,499
sacchetto,177
laurina,629
aero,34
brabante,178
celo,5
caverno,60
finivano,242
ecu,54
raiano,140
cappuccetto,300
alternarso,167
montaldo,984
supero,10
buchetto,579
burano,221
house,196
capovogliere,260
sevizio,149
alao,81
biondi,170
condivido,217
gallone,592
decido,59
giornale,74
angeles,68
attitudinale,194
implichare,333
studiere,60
asse,5
reciproco,48
annetto,36
cancelliero,113
perseo,35
cigliè,19
riunione,86
elisia,85
allietare,318
cablaggio,227
ghano,128
nafta,24
daimler,123
caute,6
deturpare,113
semente,100
lionel,102
marcianise,185
finivare,354
dritto,87
basile,101
prestante,23
cervino,71
cinisi,46
sansone,161
dia,65
qualificato,154
fuoristrada,255
caratterizzante,919
dovettero,101
glenire,121
magrebino,84
tempo,53
giacimelo,20
rispondenza,133
affiancare,107
saldo,18
spulciare,78
atrocità,130
intruso,179
aleatorio,340
accumulato,129
compensare,497
suggello,51
tamaro,256
sheen,911
immatricolazione,192
alai,43
ribadiscere,366
nicola,138
acerbo,482
raggruppare,50
infrarosso,199
abbacini,44
svariato,46
burma,47
esecrabile,499
denudare,584
frangia,139
pensionistico,318
rendendolo,137
sfumato,33
vedetta,112
defenestrazione,130
clemenza,45
mettimelo,38
immuno,254
arpione,503
veniale,187
dovrò,143
scontato,262
squalo,75
annotto,914
provveditorare,124
paracadutare,140
coffo,72
impianto,137
abetone,70
sorvolare,66
superficiale,771
goya,122
cardo,128
impensabile,74
incompetente,72
medioevale,407
sophio,320
coercizione,344
rivestire,33
funaio,244
cartellina,130
same,23
patrocinio,28
celesti,129
suggerire,222
forzatamente,483
vittima,131
naturalistico,648
brillano,323
porpora,96
promulgazione,109
none,39
sesto,52
miramax,294
scalinata,262
alcinare,239
accudere,229
davvero,312
otto,137
mugliere,85
socializzazione,706
liverpool,149
senaria,8
pittorico,580
multiculturalismo,356
mezzale,272
comparasta,34
emblemare,59
dimentichere,359
protratta,27
alliere,151
spingevare,162
lesionato,45
cornale,142
rossare,593
bambino,193
basilicato,140
goodyear,35
percorribile,47
detective,77
cunningham,439
andana,147
federalisto,143
arei,43
notificare,192
progressività,550
redimere,80
dilazionare,423
irresponsabilmente,555
sposta,30
oscuro,38
luino,530
arruolare,115
ottemperare,206
giovagli,513
borsistico,131
multi,26
esaminato,94
indeterminato,250
avita,14
assorbimento,530
nuoce,60
prosperare,66
benda,32
omissivo,287
ricucitura,72
azionariare,190
olanda,104
ubaldo,140
avvertimente,64
codazzo,244
infestare,140
orchestrare,45
depenalizzare,109
focalizzazione,510
tamburello,320
preservale,22
isolazionista,344
carbonizzare,387
spiccare,37
ipotecare,52
discrimine,327
inedia,15
tonare,413
anse,8
tornatore,120
inabilità,193
viario,150
parafrasando,250
quarto,110
pelliccia,282
considerazione,266
incondizionatamente,344
tangente,99
dislocazione,202
veronare,299
torto,34
poetica,764
impavido,426
pattare,64
trentenne,645
militarizzazione,384
prolunire,43
divaricazione,727
preferirebberare,779
cix,542
pettegolo,407
allenre,679
bevilacqua,79
rappresentatività,404
inammissibilità,355
roder,329
rupia,19
dimentichiamolare,466
incatenare,103
coperto,177
normare,132
vialetto,184
marvin,1106
acciaierie,101
ipotecario,82
riequilibrio,403
autore,436
ridure,96
incendiario,193
bordare,101
rifuge,63
validità,147
offesa,161
sconfortante,153
cerchiare,114
ricoprire,27
agroindustriale,122
castagneto,184
costoso,89
informale,50
integralista,318
condensare,350
rognone,93
deriso,74
conversione,93
alca,19
cimento,151
incenerimento,305
strevere,26
meriterebbe,65
luanda,87
menù,61
cdi,2
conl',54
pluriennale,90
vermut,143
fmi,47
tubatura,236
amplesso,118
trascinamento,471
credano,64
giobbe,66
ricambo,6
melodramma,545
proporremo,287
bendar,268
listo,41
ossequioso,213
culatello,416
ingeneroso,449
tesserino,71
edda,337
rimproverare,427
revisionare,67
tirere,93
bouteflika,43
significare,266
carbonizzato,408
demotivazione,763
mattonella,469
municipalizzata,222
incompiere,46
batik,87
azione,9
giustizialista,319
ali',17
settimio,77
braies,287
red,164
avo,50
capanno,268
pluralistico,544
monello,198
nide,15
disordinato,333
triestinare,511
sovvertimento,28
globalmente,144
sputo,263
margine,0
intitola,238
scampa,19
pesanto,54
introiettare,500
paterno,56
yen,60
leonard,337
entrata,126
fauce,36
ricollegare,227
festoso,143
dan,634
mattina,106
malfa,114
rintracciare,150
africano,144
emancipato,176
dintorno,66
cella,80
spettatore,58
atomico,61
scultura,358
risposto,177
sognante,462
bretton,45
limpidezza,364
rinvenere,194
rinegoziare,172
germe,58
oddo,159
astravere,315
sierro,131
nazional,111
elicottero,265
rinalda,337
razzisto,168
spoliazione,167
maestoso,323
prestissimo,218
recherete,101
algerio,144
legalizzare,111
svariare,11
persecutorio,281
regolazione,527
pirati,5
oleastra,7
diocesare,84
mulo,139
primaria,15
stagnante,40
esautorare,231
aquila,129
designere,82
condizionale,316
schiero,35
persuasivo,257
lilliput,3
francesco,428
mala,47
nico,212
mclaren,141
teorizzare,372
censimento,52
versare,141
incitamento,164
dolorosi,67
tifoserio,93
bipede,158
marme,45
condrò,31
pugnalare,484
polizza,132
adombrare,126
acquietare,174
egnare,202
gaudenzia,453
louis,86
ammiccante,710
conservatrice,410
pubblico,18
vertebra,131
lucrezia,144
purissimo,484
rais,30
coabitazione,45
torà,74
ottico,178
salto,9
civilizzato,201
superfice,250
accidento,92
spegnere,65
lodè,218
gameto,113
parabolare,201
fecondare,112
interrotto,67
coprere,9
telefona,35
strale,43
pensoso,446
filippico,266
ambo,16
lauto,115
furgone,268
publio,25
serpente,288
incappare,194
canottiere,253
rumoreggiare,493
pungolare,73
strapieno,273
allestimento,302
colloquio,61
conquistare,109
popòre,131
esprettere,107
iro,2
corvo,17
mimare,868
marketing,60
coagulare,84
pesantissime,67
film,231
prodare,89
coinvolgimento,65
tristezzare,607
avendola,16
marabotto,125
pellicole,245
cliffo,1010
moratoria,39
incontrastare,341
oriundo,100
sindacalizzazione,438
montecavolo,511
realpolitik,392
arsenale,67
regina,33
proviamore,167
megafono,102
sblocchare,91
empolese,247
etichetta,71
indiscriminare,269
icaro,3
smembramento,105
riace,3
trasmettitore,86
gravido,135
registico,231
immagare,447
ferdinare,25
morgano,37
maga,252
costui,120
democratizzazione,339
acme,147
mostar,134
esistere,284
aliquoto,175
amanzio,250
miso,29
illeso,30
spopolare,112
gastronomia,72
colonnato,279
appe,20
gerhard,196
pianeto,16
pinare,553
scoraggiante,134
vestigia,84
ignaro,21
calza,237
affaticamento,319
marrazzo,355
ulnare,207
flaminia,49
cingolato,87
candidamente,149
stecca,15
produrre,116
assolare,102
redenzione,334
rimorchio,171
ingordigia,211
aiutavare,320
canticchiare,558
mirco,2
scarpinato,165
rilancare,165
pastello,370
maresciallo,163
smentita,91
orice,5
cingalese,166
taccuino,161
premire,118
malaffare,168
calpestare,101
leopardiano,231
legame,53
techeo,12
vergare,30
jules,274
contralto,32
gabon,42
lunghissima,61
contrabbasso,266
pasquetta,216
alseno,155
rouge,208
opprettere,284
impostore,37
perdente,152
pendolino,127
journal,59
filarmonico,213
assetato,87
edf,100
botto,272
geisha,646
apprestare,83
sedurvela,467
pirandelliano,517
emigrazione,91
connery,605
pina,14
digione,12
giornalmente,60
mimica,700
biennale,31
australia,117
bolletta,97
imperturbabile,278
university,245
transessuale,125
mortificazione,706
bricolage,55
riposizionare,221
appante,293
atame,33
innovatore,83
viscido,143
batterio,411
natan,111
ruinas,6
bontà,79
ripenso,36
città,84
betto,371
cambiarere,161
seguire,102
polizie,23
vuoto,41
intrigante,875
ammaestrare,346
tidal,137
tenue,55
infertilità,491
leverkusen,418
adora,335
zeppa,74
solone,205
bacon,307
salamare,132
stregua,23
eliana,216
ispezione,31
motivato,131
nick,567
spedito,16
minoritare,147
diverbio,36
rafforzato,208
ingiurioso,301
trimestre,117
digitare,107
esagerato,523
presley,649
dentare,269
passasse,37
baglione,379
scateno,25
carillon,77
schiarì,172
centrosettentrionale,222
caprero,442
bestseller,302
kissinger,83
biomio,12
superteste,140
stringento,109
tanica,165
avventuriero,130
indico,25
prodigioso,177
rifatto,53
mielo,30
riempiere,252
bari,199
dormentisi,90
protone,147
nonna|nonno,233
niello,475
ricadere,77
schiavitù,73
sena,34
mattoncino,689
cambare,122
virginia,110
ungheria,74
setacciare,192
tradito,116
tariffo,21
centrosinistrare,229
piccolissimo,21
ingenerare,468
uhi,60
muro,47
duilio,75
ept,26
pecca,4
attaccamento,270
prevalga,237
antimafia,93
battello,171
pentola,91
muccare,137
fittizia,60
spirituale,166
prigioniero,115
elette,63
accelerare,213
proibizionismo,234
bastone,169
agrare,106
funzionere,33
pazza,58
assiduamente,63
gray,264
gollistare,139
riabilitare,36
araldo,337
belatovo,156
anticipere,101
planare,227
abuso,178
risoltere,75
ideologio,635
piroscafo,128
airbag,32
cinse,78
pianare,181
selettivo,320
afilla,98
compositivo,331
male,32
paese,76
fantasmagorico,948
drenare,21
manichino,392
colossale,31
traballare,86
ugc,157
brio,33
anelare,29
ici,80
inadempienza,90
maiala,174
corbetta,327
nascorre,65
giocar,53
bipolaro,60
rada,24
svuotare,76
seicento,121
hakkinen,223
risolgere,80
socia,30
mediare,129
parlino,164
abituo,58
intimista,162
limitatissimo,212
durissimo,68
urio,40
dopa,65
coperchio,298
tilt,34
competo,20
dovevamo,158
provo,178
brigato,61
ileana,76
ciecamente,463
investito,179
fanetto,533
fiduciaria,53
combatto,60
specializzando,168
ossessivo,332
alina,131
sinaie,6
sventrare,644
capitano,70
fendento,38
pacchiare,140
angolare,21
slamre,171
agostina,384
cognare,549
vomitare,249
archetipio,847
affrancare,105
placer,44
tremare,269
rommel,4
evitabile,265
segnale,28
young,159
borsa,123
bestia,89
gendare,164
sarto,183
fabbricato,152
gigliola,188
sabatino,204
defilato,208
mercallo,10
celibe,8
spinale,404
inaccessibile,24
scalatore,89
esprimevare,123
patrigno,360
aprire,56
difensore,77
emetto,5
hitleriana,175
azzurrere,399
cargo,200
lewinsky,43
pinturicchio,382
progenitore,222
sacerdotale,211
sanatore,20
ordigno,160
reggia,141
fanello,1320
genova,73
zana,44
preferenziale,104
arretra,10
campiello,360
prefissare,124
nolo,7
zecchino,42
affermo,434
firmo,13
bonificio,54
humour,59
incorre,42
guarigione,179
beneficenza,41
graduatoria,34
silvestro,394
sgradevolo,501
eurolandia,94
accadere,130
speranza,76
prescrittivo,210
operativo,26
crescenzio,9
ginare,484
scomodi,52
genuino,110
prigioniera,125
cuomo,135
aritmetica,53
sanabile,65
anemia,355
federatimico,93
piombare,376
ettario,36
carnia,55
seminario,78
neologismo,316
destinatario,90
ribellare,332
provvisto,34
linoso,323
el',0
orco,201
stones,364
pianeta,39
vigente,452
zambrone,406
mcewan,622
album,262
nere,2
piume,372
valevole,99
ipoteca,20
rizzo,222
ariberto,743
fahrenheit,44
favorita,351
spiritoso,1205
mantovare,211
furtivo,23
modellino,223
benjamin,202
proporzionalità,245
liminale,69
pizzeria,180
peronisto,137
artico,54
iso,8
leno,106
trofia,3
diventino,52
attributo,62
merda,183
rinaldo,495
aguzzine,340
coffe,89
intenzionalità,779
affetta,267
turbolenza,99
dirompere,408
dolcissima,574
fornisco,15
mandibola,314
clare,59
gel,35
comizio,27
binda,76
farto,164
big,114
indaghare,81
sigaro,66
onore,35
affianchere,120
compagnone,324
aperti,40
palleggiare,779
leadership,56
vicecomandante,171
macho,94
uguaglianza,111
facilissimo,163
famigliario,105
sottrarre,158
immutare,29
semestra,37
paralizzante,229
infinire,398
intrattenere,127
quadruplo,30
wto,14
spartito,46
monossido,238
razzirre,165
croupier,52
calabri,14
minervino,26
fetore,6
autiero,285
capacità,256
riverre,127
suola,266
fruttuoso,17
vagamente,632
neve,90
scioperere,102
infortunio,106
elettrogena,160
arrotondare,98
martin,543
ventilare,143
tech,111
agiografico,693
sunday,64
rinfrescare,394
molestare,209
battire,94
costringendolo,138
foro,47
erma,20
malaparte,113
mazzocco,989
dominale,57
maggiore,56
promere,17
mescolare,399
segretario,93
bolognino,89
navigare,34
incompetento,87
lusinghiere,79
streisand,842
snocciola,5
annuncio,69
segnalo,35
riservista,21
addire,178
califfo,148
impressionare,585
giusto,102
devoto,191
dominicana,156
cpu,64
pisa,87
morando,203
ferimento,151
incomprensibile,825
riflusso,104
ledi,5
disarticolare,612
medola,5
braccialetto,122
triennio,156
acie,21
joan,872
crollato,44
decader,52
urgenza,23
telefonira,37
ginecologico,302
casareccio,141
abbondante,137
duopolio,38
sperperare,204
rizzato,62
gabarra,127
annamario,277
colorante,998
padroncino,139
rodolfo,96
dormivo,571
rotaio,116
leffe,250
antonellare,803
provine,68
rimpatrio,45
brone,572
pescarare,508
incurio,50
limitazione,371
giunio,11
entusiasmare,245
ossea,2
xxv,120
disinquinamento,185
limbo,6
svignare,846
sopravvenuto,115
idealmente,166
esitano,51
stupratore,406
basiano,106
nato,69
azzolino,594
ulrico,149
progredire,222
risare,18
retto,18
navigato,13
comprimere,389
cliché,357
equipe,134
varesotto,424
spirito,174
denunciano,58
proterre,113
frana,36
cade,104
controllo,44
santuario,85
prenotare,13
impressionismo,634
metamorfosi,125
fuio,21
anglo,9
hepburn,1058
coppo,118
elso,55
hun,309
astenuto,35
esaltazione,1050
pallo,199
bosforo,200
sentii,230
lazzarone,497
aerala,43
respinto,31
marasco,378
doso,13
hot,474
spogliarello,941
telefonicamenta,43
ricompattare,129
colombiano,183
palleggio,332
ingraziare,294
calla,381
capigliatura,724
controinformazione,157
comparto,206
colomba,32
ivi,16
affinare,115
porterare,262
noam,89
valango,19
elenio,63
resurrezione,240
container,135
bargere,158
sydney,105
orsinere,21
dispiaciire,281
flash,35
rica,118
manciata,157
antigiudaismo,346
ferro,53
quattrocento,153
fénis,97
pare,37
inseme,48
vivaco,207
incallito,141
quarantotto,144
rivendicato,25
galapagos,93
alter,75
colin,61
cantico,113
impasse,51
owen,608
comunione,223
cinetecare,45
stoppare,151
portuale,76
pugliese,264
chiederge,181
opificio,108
surrealista,280
pericolosità,172
briantino,268
schiappo,12
lasciatece,206
paesaggistico,280
scrissero,184
vittorioso,57
corroso,309
disvalore,657
sonoramente,44
riconoscere,298
stilizzare,649
discuterare,276
finista,63
sfollare,125
foglietto,214
aduncare,407
old,92
frequento,88
controvere,157
collaborazionismo,213
eterodosso,381
tolgere,144
amore,102
sgominare,262
maturazione,384
dormare,236
finanza,24
rispettabilità,573
discettare,220
paternò,256
stormono,25
assatanato,325
melissare,404
simultaneamente,14
pacello,45
mortalmente,284
limonaia,340
prefettizio,34
singleton,430
canore,306
esauriento,143
benzene,124
voterò,80
paramedico,164
esodo,15
emmanuela,105
febbricitante,34
fumoso,34
tipografo,35
maserato,154
alé,6
checkre,82
birrerio,114
addormentare,833
piccino,214
alii,155
oxforde,126
tirone,199
cardare,722
natalizia,40
asettica,18
trapassare,230
sputare,546
evander,217
acquerello,369
delinquente,189
vetero,174
reimpiego,158
barno,445
scioperio,59
lobbista,39
arida,33
latinare,127
sciopere,81
usciere,40
assicurativo,220
arae,8
converre,40
accelerazione,232
felicitazione,39
mesopotamia,104
pogrom,6
sanito,62
municipalità,71
coerente,439
minaccio,31
palatino,487
relax,21
imperterrire,231
diego,29
veronico,99
psicologi,107
alchimista,283
discusse,116
giornaliero,97
carbura,75
imbecco,38
papeta,96
europeistico,282
previsionale,173
sbavatura,270
immaginabile,644
missiva,33
nevia,52
nestore,19
napoleone,139
autenticità,244
ricusare,127
longone,96
sgrave,209
limitatamente,530
lappo,161
tallin,243
disonore,388
paesano,145
rimborsare,237
combinato,42
confcommercio,67
nichilismo,789
ostentare,246
settangere,128
assassinare,210
italiota,61
sagare,264
recitante,707
superstire,80
indosso,446
malevolo,509
mentivo,21
imbattibile,300
asprare,60
crown,200
orbene,52
protocollo,29
manchester,347
antignare,81
ripercussione,129
mitra,239
samar,48
rafforzerebbe,160
buratto,40
taciturno,42
candiano,87
abbinare,25
areale,43
gelido,153
bolide,216
metronotte,337
rigoletto,1196
vialone,71
intrufolare,848
dimenare,217
sfregiare,228
inseparabile,184
novata,152
carogna,536
mammifero,279
merce,85
rudolf,67
coerenza,278
bordato,28
severe,25
preludere,251
maldestramente,321
assisa,81
contini,762
ohio,68
soppesa,8
sinistra,212
analogamere,55
crespi,102
stupire,191
illusionista,517
marchetto,1492
disagiato,160
arginare,190
monticello,577
mandere,285
grigiore,42
dimostrere,93
andretta,48
busse,25
democrito,80
ardire,42
tranne,73
alfonsina,51
pressato,34
westchester,44
uccidere,273
trattengere,130
impasto,317
siedare,66
normalizzare,293
galla,30
ruzza,162
supposto,273
civilista,30
iniziatico,117
averò,11
spianare,63
introspezione,587
poligraficio,59
stentato,40
ken,279
serale,65
scomparve,153
congelare,31
lene,63
birmingham,116
equivalgere,43
abbattimento,86
praticavare,172
precettazione,107
faticano,43
motto,7
riproposizione,655
olimpio,58
schiena,266
rassegnazione,548
lanzichenecco,10
alimentare,68
inscenare,65
denuncare,76
vasari,302
sabare,832
gaia,298
vivamente,189
rosignolo,149
filarmonica,217
radicalmente,182
ritualità,400
villepin,77
infrangere,67
baileys,107
elena,188
legittima,293
onofria,63
garno,293
inaugurale,144
benna,2143
sudato,119
bastonar,86
partnership,70
camuffare,218
vocazione,360
inique,21
insuccessi,25
eloiso,478
concepire,236
iroso,14
fraternità,156
redditizio,167
rina,172
pentere,59
ablazione,140
apparvero,200
bisognare,270
fornitore,161
sopportabile,291
capovolto,73
televisione,170
incontestabile,655
marte,62
autobotto,494
ridda,26
racimolare,169
sensare,455
barolo,361
fandonia,173
antimateria,17
marchare,78
lagunare,245
aldinare,20
ginecologa,175
passato,68
duole,156
prode,157
sguinzagliare,152
carentino,316
disperazione,392
pedonale,138
patrice,133
scardinare,222
gavino,213
presiedere,92
garzone,109
ovulo,221
veterinaria,167
assistenzialistico,899
accurare,67
edith,298
finanziariamente,246
milutinovic,109
parassito,285
appaltare,106
tintoretto,894
lanusei,48
sinceramente,437
diffusore,22
guida,16
romano,36
strenuo,60
contrappasso,46
oltreturre,229
duccio,58
colico,29
rinegoziazione,389
abaco,32
cerbone,413
consistare,260
cancellerio,46
vieusseux,210
licenziamente,84
vanire,49
sezza,98
esiliato,61
filantropico,85
idiota,198
bentornato,589
contratto,179
leggevare,355
esattezza,20
bono,154
contestazione,149
aguzzino,351
irricevibile,193
coltivazione,276
circonvallazione,314
aggancio,12
segate,33
ottobre,66
razzista,190
prevedibile,355
costituivo,92
gip,48
oltrepassare,47
antirazzista,110
marocchino,169
semestrale,80
prevalso,176
transistor,56
sos,5
aggravante,179
insinuare,249
disastroso,103
vomito,192
ciclico,91
mercificazione,1053
intestino,188
avversare,368
alato,96
eliseo,20
marcare,48
alleviare,64
coniugare,288
martellamento,46
fanciullo,66
proscrizione,45
freno,30
rilevatore,36
intollerabile,331
harley,637
traballo,11
limpida,67
abito,300
robertsre,825
halloween,232
brescio,219
derivata,44
enel,46
sradicare,160
delimitato,215
improntare,372
baraccone,223
allucinante,483
lidio,46
filmico,527
logge,6
deprimo,32
tendenzioso,57
miracolistico,284
macis,46
civilizzazione,710
scollare,291
oort,10
focolaio,32
convalescente,57
manifestino,37
alberghetto,354
cazzuolo,395
danneggiamente,99
contendente,114
impressionante,259
dittero,23
pubblichiamo,162
comire,203
tratteggiare,153
bevuta,66
passavano,460
napster,158
mezzaluna,27
faula,474
servirebbero,182
cader,120
lasceremo,82
terminale,178
guardo,56
tagliando,117
evo,9
pacifico,11
spencer,665
cosa,398
esagerare,501
spalare,283
provveditorato,110
fanalino,6
collezionismo,145
vivisezione,98
armalo,87
processare,176
siciliano,112
nazista,166
cavallerio,271
intendare,364
efficacia,233
edmore,16
abruzzo,141
individuo,142
contraccezione,367
pretestuoso,393
sepolgere,265
svarione,13
normalità,51
disparato,107
antonietta,428
lateranense,34
greenpeace,19
ovile,36
castalde,149
allungare,41
verno,21
cinematografico,158
penalizzere,28
piantagione,222
calais,202
convincimento,921
ossire,243
apollonia,105
ingerenza,217
conclamato,54
intendevare,202
world,95
olla,470
contenimento,526
guaritore,73
abba,106
bastian,92
toppa,51
furiosamente,231
pentito,196
condotto,23
corfù,21
lesa,9
dozzine,121
derubato,217
corporatura,33
iscrittare,25
preselettore,35
espletare,229
finirebbe,234
suso,6
bestemmiare,290
saccheggiatore,220
traslare,97
ravanello,369
interruttore,173
svogliato,127
infamia,66
trattenuta,268
elettrochoc,90
contestato,153
assolutamente,279
conflitto,28
trotzko,88
santificare,90
fedelmente,121
trentina,122
bestiale,302
contrappongono,607
ostentatamente,278
prostata,265
democratizzare,211
traduttrice,178
enzima,480
aliquotare,218
celestiale,79
archivio,84
fasto,94
facendoe,99
leggo,78
assolute,13
gamma,22
avvia,59
ariorre,92
mercedes,124
arresto,161
allere,125
telescope,143
confezionamento,349
ispettorare,67
vinceranno,143
yahoo,70
beneplacito,33
addì,5
accesa,28
coltivabile,125
fantoccio,85
stasi,14
vito,69
implementare,424
partitico,472
angoscia,218
umbria,42
incompiuto,100
daniele,390
venerando,111
profondissimo,92
colonnello,80
citar,69
naio,15
rubin,39
caprera,545
josé,85
powell,78
individuato,190
restare,119
pedace,67
tolleranza,101
altissimo,67
sottopagato,191
rivendicativo,110
urss,68
tassode,144
kenwood,411
cossignare,168
neli,3
edificare,182
level,215
bertinetto,30
iconografia,637
saggia,11
bassifondi,19
azerbaigian,182
fontano,24
dinamicità,407
coraggioso,48
bonifica,92
parlamente,123
collaudo,51
sergere,185
brenno,49
sottil,98
wisconsin,226
terraferma,198
corto,7
ordare,304
amartene,49
affamatore,87
luigina,964
oberdan,148
antieroico,117
blocco,32
richiedare,330
commettere,103
glass,497
pilato,41
riposto,64
frettolosamente,120
digiunare,37
confraternita,305
eppure,827
arroccato,24
atlantismo,205
inadeguato,127
anard,3
radiotre,80
sparere,119
custodire,148
giappone,95
madonnina,341
riaccompagnare,73
arrostami,63
antigua,38
saudita,111
berlin,33
ure,1
fiscalità,358
treno,138
confluiscere,66
interculturale,189
calunnioso,296
somministrazione,360
lasciavare,165
zolfo,197
est,48
oculare,20
full,23
tentato,205
nietzsco,320
imbufalire,142
evincere,126
bavaglio,29
falun,92
messinscena,333
appartengo,132
tone,10
assimilare,244
vilmo,27
messero,104
fame,41
ferire,236
festività,41
sistematicamente,542
paolozzo,47
aumero,9
raveo,263
italia,15
organo,38
fioccare,45
coloniale,184
ruzzante,328
mirabilmente,758
riere,16
vespaio,56
barbato,686
argo,10
bei,8
virtualmente,98
picco,7
acaro,46
identicare,167
risoluto,11
viscore,43
forgiare,167
adesivo,260
esercire,33
mutazione,498
gargiulo,344
sabrino,992
irritato,420
omissione,208
delicatissima,80
giocavare,551
bodone,134
conco,74
autostradale,116
qualificante,242
avventore,72
affastellare,753
alema,87
conformismo,661
barbra,1224
brivido,324
omega,37
motore,125
melme,81
forga,165
intelligente,29
sape,21
unione,23
ripugnante,633
isabello,177
infittire,259
inchiodare,170
imito,15
caos,15
famoso,147
seminale,110
caudillo,105
beccario,130
capannellio,122
onne,5
modus,0
grog,573
oligarca,73
ambientato,72
significativamente,239
unanimemente,82
migliorare,54
boccino,229
cero,137
colposo,70
acidità,71
andai,24
attico,194
emergire,84
percorrer,130
lanzi,18
dicitura,81
biancorosse,596
eclissare,200
iguano,101
genesi,196
novecento,208
serra,18
evidentissimo,123
figura,44
canniccio,527
pentagono,83
bonaro,213
masso,37
valentina,711
immune,107
élite,20
staffo,117
asciutto,171
intraprendere,75
demagogia,372
schiodaro,125
apriere,31
hcltech,91
conio,5
invitandolo,82
nazionalità,91
terminare,167
ricordere,228
metallo,220
mistificazione,1257
innumerevole,28
babilonia,107
dopodomani,114
aragosta,88
global,23
fruibilità,280
perquisizione,109
filorusso,120
spermatozoo,403
stella,26
circospezione,271
frese,429
monal,4
moloc,2
garantito,137
cogno,202
xvii,52
predoi,12
stigmatizzare,275
ellis,318
integrazione,125
omino,327
abiurare,138
padroneggiare,414
porticciolo,459
tranquillità,33
tradiscere,269
tambura,8
biografo,213
attribuere,113
lucchetto,382
individualismo,1039
imbandire,430
differenziazione,802
plastica,638
cervia,100
lanfranco,133
zampino,49
contraerea,208
intestare,108
contiguo,45
grattacapo,27
ascere,271
trasp,36
appiedare,162
cespuglio,170
danaro,112
districo,53
prova,20
ruffino,123
divora,53
debole,43
fervetto,642
archeologiare,170
volontario,25
sperduto,114
lire,8
acquistato,54
coimputato,150
amasta,37
sganciamento,68
taranto,186
dopante,128
baritere,473
fnle,180
basilare,445
waterloo,72
accusa,133
interiorità,476
giudicare,155
segnico,411
spendire,99
pioniere,96
realtà,291
gratificazione,327
allargo,9
navigle,49
olimpiade,88
manifestante,176
torio,3
vinci,33
chiapparello,467
capolavoro,559
vittore,135
sgonfiare,131
disinformare,96
campionamento,120
mele,225
nocerà,35
diffondersi,124
milizia,287
porre,25
desdemono,41
pierangela,768
consulenza,64
carpentiero,205
arta,2
castelfranco,452
tesoro,16
oaso,43
cuprismo,323
anta,29
ultra,42
scranno,24
devote,131
localismo,442
desii,87
confederare,112
egualitarismo,934
tape,220
altisonante,53
ester,742
illuminare,272
bici,19
adelino,721
sgravo,203
offrano,9
localmente,212
spaccare,188
ambite,91
daniela,345
eguagliare,35
turbata,23
adunata,70
istituzionalizzato,878
intel,74
abbiare,235
giamaico,250
pretesto,167
causa,22
vez,23
seminarista,122
tassone,197
sfruttato,108
autoritare,482
veste,32
chiamante,287
meritare,89
basinger,1145
nord-est,76
burnus,119
trazione,202
inserimento,187
istigare,184
rimodernare,110
napalm,57
arturo,105
dannoso,191
crolla,22
strumentalizzazione,747
recuperato,35
connivente,159
durere,64
dissolvenza,122
vocalist,379
obese,275
magnate,42
montecelio,472
redford,789
accademia,72
tenete,2
aio,3
impantanare,244
pietoso,147
non',10
nientemeno,588
bracina,40
cagliare,795
cherylo,40
bastonata,427
centrato,150
alà,54
elettricità,117
riproduttivo,393
alessio,88
beluscio,982
personalizzare,464
socialità,255
deo,164
riassuntare,185
supposta,143
recondito,173
marileno,468
citare,144
alfio,6
eurojust,66
corazzato,134
eucarestia,152
bimi,173
daewoo,106
imbarazzo,208
barboso,43
deciso,60
firenza,186
esplicita,123
assistenza,169
osservante,56
frattempo,76
yard,31
arringa,36
ornatore,439
ingrandì,12
visualizzare,411
danny,552
pareggiare,492
bicchiere,347
pescanto,44
corrivo,47
destreggiare,295
spin,34
ludico,557
ritirere,74
rasoterra,281
trascurato,162
veramente,368
fronte,7
consacrato,242
piccare,399
insorgo,16
biondino,1267
costrevere,58
capetto,600
scoprio,236
comitato,51
tottenham,454
farvela,118
tesoreria,71
scatenato,157
fredda,11
simulacro,175
lucky,281
traverso,371
espressionista,705
stoccare,36
tascabile,171
fiesta,154
devolere,25
disgusto,457
ricci,401
orologo,59
meticcio,579
tunisi,25
beta,16
cox,81
tongare,219
stele,24
fecore,107
metall,22
riverbero,88
manifattura,72
carlotta,643
gadget,61
volatilizzare,334
dosa,29
collocare,129
predominio,126
maglie,120
zambia,148
effettività,633
prenderanno,98
zanè,43
santare,171
nordamericare,113
nuociere,55
tariffare,163
quebec,26
pecoraio,123
leve,94
inabile,100
arola,476
allettare,130
sorvegliano,54
aedo,83
beppe,40
pisana,72
rasato,575
previdenziale,309
mattone,302
essenza,865
cacca,128
inconsueto,763
invio,13
torare,178
antologico,653
nordafricano,138
conferente,42
prenatale,118
liquore,258
pendio,35
bangi,55
drogato,96
partecipativo,313
motorini,121
milicia,5
risolto,79
battiato,835
bugia,78
viandante,199
manifatturiere,145
aptere,29
sofisticare,118
odetta,272
antitumorale,520
nomo,20
danzatrice,554
champagne,70
credere,773
orne,294
comandamento,25
incredibilmente,421
tee,70
tubazione,221
scalario,52
affrescare,247
porzione,29
petroniano,50
spogliatoio,332
velleitario,530
appenninico,251
robusto,62
sem,47
asterere,25
apparecchio,241
ampliare,139
beana,245
forzare,122
calvene,250
farglio,149
fanfano,138
daga,9
quantificazione,727
armamentario,86
ingiustizie,157
assenso,76
sovraccarico,174
sequenziamento,275
clandestinità,71
cadavere,175
olinto,115
vantaggio,38
carmina,203
polemica,90
vin,18
pendenza,12
reed,506
ultrasuone,73
muscolare,219
eccentrico,627
desolante,79
tettare,86
patina,737
promiscuità,305
teramo,349
virtù,24
omonimo,194
rushdio,85
william,261
opposizione,129
tremonto,33
paradisi,6
garzai,98
ghiai,3
dionee,20
scappatoia,51
repressare,95
secretre,42
orrore,201
meteorologo,18
costretto,59
macro,7
bordata,64
megalopolo,126
lata,10
fasta,90
finivere,57
pentire,123
koinè,182
penitenza,31
escludare,123
medio,9
orde,43
semiconduttore,102
ingarbugliato,207
curia,95
oleodotto,101
ligurio,55
estasi,103
ahi,75
proteasi,429
tac,55
artificioso,159
intangibile,325
agiscano,114
indennizzare,118
lesbico,49
assentare,116
gorno,89
fecondo,53
intorno,7
esternare,282
brechtiano,1166
difettare,92
innegabile,466
zuccone,97
capitalista,230
rsu,90
cubo,49
ritrovare,136
godesberg,103
tondo,49
istitutivo,210
venticinquemila,150
caprarola,50
bipop,112
escludo,170
consona,95
sporto,45
medicare,195
fuggivare,587
casalinga,53
brufolo,163
riserva,7
aversare,183
missilistico,98
bach,71
gusta,140
mezzora,88
presentino,146
economo,14
berezovski,83
calvinista,268
mobiliare,165
osato,142
chioggia,479
susan,429
interiorizzare,514
imeno,9
collaterale,90
riga,26
nordest,76
sensato,409
sregolatezza,262
salariale,203
metodista,171
redaz,13
mccain,43
motu,27
panda,63
succube,133
sopraffare,704
delfino,9
rammaricare,337
inimmaginabile,193
regiare,232
similitudino,237
promossare,82
vocabolo,79
scrutare,51
beatitudine,330
quadruplicare,130
stela,47
impennare,81
scattante,75
pisano,81
colare,123
gerardare,253
metterei,174
troneggiare,543
handicappato,171
utilitario,134
pannicello,90
biagio,24
angolo,46
fumare,43
higgs,611
edilizio,103
adama,65
falloso,306
zire,48
anto,25
universalità,358
pede,37
rullare,417
escogitare,64
grisham,728
eliare,264
barico,60
tossicologico,338
briano,244
bandito,280
smentito,87
sanguinoso,129
napoli,379
prescritto,123
dimenticano,266
polire,85
bella,61
lentare,79
baricco,376
ricomposta,72
baharain,157
vicario,34
lavaggio,102
ossessionare,216
coeso,185
dormere,183
suggerivo,92
scaricato,172
suicidio,67
merendine,144
rettore,60
soppressione,205
calendarizzazione,337
basilicata,147
cornicione,388
puntualizzare,396
piovevare,266
attendibilità,216
tanta,104
manicomiale,73
concettuale,1022
acco,15
girellone,45
inculcare,729
incuriosire,271
balbettare,668
jeremy,333
veronica,81
robespierre,201
armadio,91
donatrice,97
islamabad,193
sondaggisto,34
rapina,142
contrastanto,534
soffocamento,227
semolare,25
respingimento,288
worldcat,62
raiuno,64
consorzio,86
irruenza,395
schiarita,166
itinerario,51
demonizzazione,621
geremia,89
velasco,166
cantiere,65
ortodossa,137
guere,155
darsena,169
annoso,64
anomia,26
divistico,381
ripetitività,130
managua,88
dall',6
sigillo,6
diamone,418
divisione,23
cirino,88
ananas,3
esisto,56
carno,159
foxe,86
steroido,311
intravedere,189
opaco,25
malessere,204
bengodio,28
peculiario,428
rifacimento,83
duchessa,236
febbre,36
uruguay,91
eccido,128
calendaro,14
benedici,23
piaga,12
commercialmente,129
profetico,444
compiaco,209
lunario,36
sembrerebbe,261
valdo,81
trivella,14
informatizzare,155
spontaneità,525
gestione,179
grida,94
romea,53
balcanica,10
visitare,60
trapano,321
sociale,206
ati,4
siffatto,321
aggiustamento,596
teamsystem,192
valdarno,424
pacificato,22
avendolo,77
carcere,117
accentratore,85
bredere,106
pulsione,502
evira,8
calca,77
traducare,164
affibbiare,103
flipper,197
bee,243
indennizzo,141
squalificare,407
elettronica,104
sventato,108
effetto,95
astorica,393
esclama,277
maestà,2
foibe,40
aggiudicatario,69
anni',23
variegare,215
report,77
investigazione,212
donazione,56
computo,208
cacciato,53
cartacee,200
lloyd,827
damasco,226
scudetto,367
zoom,9
neozelandese,179
andreotti,158
sennò,189
omentale,144
ingenerale,262
cantautore,333
fiessa,150
acile,123
residuare,107
storce,43
pittrice,351
maratona,73
pulcino,114
preferirebbero,417
duello,79
infondatezzo,211
invero,183
pompea,172
riunitare,21
saponaia,200
ermeneutico,520
etichetto,65
praticamente,165
cirare,800
impogere,72
asportazione,285
boma,365
volavere,561
orestere,61
redgrave,1213
isolotto,195
famiare,306
ugnare,120
ufficialità,26
epicentro,63
sperma,283
stupore,198
montagna,145
indottrinare,214
inseguitore,228
malinconia,938
ringrazia,100
picca,21
asmara,79
cimico,69
particolarità,868
giocatrice,224
crasi,4
corrigere,9
brivio,365
durato,26
ambasciatrice,47
punteggio,91
pettina,155
valico,50
vedente,30
ripescaggio,60
germanico,126
aderì,38
istallazione,183
nienti,34
cattiveria,872
dura,8
leaguere,356
data,60
vimercare,149
adite,18
lomé,151
seabo,68
gesù,174
testualmente,116
atlantic,75
risistemazione,230
assone,205
faldone,124
esprere,60
appaiare,115
presso,20
modano,28
tabella,13
scooter,139
autonomia,125
maldine,259
resina,199
detrimento,509
sansa,62
aldino,22
soccorsi,76
wojty,122
antinazionale,140
gei,29
nuvolo,115
gianluigio,211
ascetico,847
baeldung,31
trilogia,277
confidenza,150
giampiero,219
sostenuto,221
coefficiente,422
indebitamento,460
sbando,24
cubi,81
golem,30
monegasco,91
retroguardia,274
detersivo,260
barcellonare,334
margaret,166
allendere,84
blera,2
intricare,174
commissariato,39
giravolta,492
balzane,361
rinvenimento,147
colgare,106
omettine,159
congedio,150
adempimenti,303
common,16
assurgere,206
allattare,265
ipotizzabile,185
continuasse,81
cime,36
cartina,7
simpatico,462
radiotelevisivo,76
immediatezza,425
nickel,127
meditativo,631
ripulitura,160
valdagno,406
fatalistico,578
troupe,69
remissione,207
elemosinare,94
barre,9
bruna,603
sedicesimo,69
thatcher,67
sfaldamento,244
incidente,67
comete,43
fans,121
sciato,346
tracotanza,297
tollerato,264
cavarsela,248
amareggiare,361
validamente,361
ventisetta,179
dono,108
asperità,163
sovversione,231
tossine,336
capito,40
cervantes,237
cando,14
neeson,1188
banditalare,121
morbidio,124
infaticabile,57
attualità,95
misere,34
difendevare,218
camo,16
naturo,38
eurasia,39
bieco,253
combustibile,199
esultato,47
tollerante,162
multiforme,237
omeopatia,295
pressa,12
andalo,37
peppare,103
ostento,95
locazione,536
capitolazione,97
pds,111
pendant,68
perseguimento,188
relativamente,417
castrazione,72
mestra,67
insufficiente,222
fagagna,566
milieu,45
zare,97
bopp,63
sinigallia,910
sudista,168
successione,50
ande,33
servente,24
ovale,4
luminoso,189
sagome,99
cimitere,149
islamismo,337
impreparato,150
gigante,69
specchietto,321
mistero,73
abeba,73
filiberto,92
abenzio,231
rispungere,55
sostengo,153
posizione,53
abeto,24
basilea,31
posticipo,253
losanna,69
goleador,606
grosso,12
godere,36
traffico,59
arrabbiatura,334
chiariscere,308
reietto,332
barcellono,164
cioccolare,470
predeterminato,551
riportere,20
don,42
sbandare,277
polemico,109
industrializzato,182
vaccaro,848
candida,50
contabile,96
morbillo,52
maleo,114
calzone,74
compromettare,442
premetta,179
samara,141
affogare,299
stupefatto,212
definitiva,38
divenuto,61
arthur,166
giangiacomo,295
fernandare,88
hobsbawm,149
backstreet,658
molière,316
ira,25
timidezza,392
principesso,177
gps,34
urp,14
colombia,130
risalgore,75
attonire,336
casalingo,123
coinvolgere,52
zeppelin,368
nerone,293
disonesto,147
consiglio,80
esporrà,24
fiaccola,59
conserva,15
coscienza,123
mostruoso,179
affaticato,172
alio,35
antronare,253
ubicato,179
clamoroso,61
cuccio,100
indifendibile,116
clou,57
ford,105
iberista,85
religiosa,252
giunta,109
nevoso,105
sisto,68
cyberspazio,78
fluttuante,39
liberiare,138
challenger,167
pennone,119
folta,112
manageriale,102
spinta,141
curaro,129
algido,173
reciso,9
alberale,117
montese,320
camilleri,437
lupo,95
percussione,182
spiccio,60
scherzetto,812
ideale,227
betancourt,38
atterrire,84
riluttanti,70
marcatamente,280
irreprensibile,393
tossina,390
sunderland,637
intimorire,498
dinamismo,228
manifestere,45
extragiudiziale,250
anale,29
traspor,36
smantellamento,128
ferino,172
pci,77
erodo,166
ansio,43
impostazione,487
tre,153
sterminato,110
parametrazione,611
fanatismo,587
arrone,699
palabnl,465
turnista,45
costruiscono,170
aria,47
locuzione,550
carlino,24
umiliare,111
divere,45
calderona,97
fattibile,147
olio,155
sessanti,184
inconciliabile,586
sveltire,129
natalità,98
rospi,92
quindicimila,145
pandolfi,912
editing,9
cingia,66
aggravo,122
esime,19
carroll,696
fanto,83
preferibilmente,216
formulato,86
filmetto,483
ispanico,37
pedone,76
immotivare,338
formere,20
sanpaolo,107
spero,170
porce,13
disseminare,219
vasti,43
spinare,297
introdotte,139
rimandare,189
quaranto,202
deficiente,18
generato,53
scaffalo,117
ballottaggio,125
editto,5
alifeo,376
omeo,9
muraglia,25
corvetta,252
accidente,91
lucroso,105
censurabile,514
pierferdinare,134
psichice,210
sceneggiatore,511
infrasettimanale,28
sottintendere,874
leiss,117
furioso,121
conducare,156
divulgare,122
caprio,51
propagandistico,303
etto,27
esplorato,135
metrico,224
sorrento,39
fiere,21
rarefazione,296
tossicodipendente,181
incrociare,38
loren,381
ritmato,618
procacciatore,109
siracusano,169
orticello,159
intensità,152
vincitore,139
accogliere,63
vampato,38
febo,7
canne,57
impertinente,266
acuì,5
conterre,125
terrazza,552
posa,75
ramo,3
burla,9
importantissimo,216
inpsre,240
rispecchiare,334
hilton,116
hardware,222
macrina,14
deterre,16
scozia,31
narcoso,134
romantico,472
burattinaio,29
delegittimazione,411
alibi,12
orefice,166
scusare,124
guaire,275
costituzionalista,191
finanziato,76
irresistibilmente,616
alluda,165
vergo,14
delucidazione,138
foulard,90
mirare,118
appese,84
proves,15
piazzetta,46
paramatro,670
particolaristico,1212
fantascientifico,404
radium,56
giustiniano,345
nilla,432
annui,324
umanitaria,24
football,101
paradossale,409
adesso,512
tracy,620
inizialmente,103
psicoanaliso,190
aloisia,280
fimo,32
aiuto,22
sbronza,132
moravia,203
cantaro,109
riguardare,208
reperibilità,317
insorgono,15
chiarello,1647
carburante,134
scudere,278
vedevare,492
distorsivo,398
contagocce,9
irrisione,454
feliciano,55
ripartizione,335
pratica,266
responsabilità,101
shakespeariano,358
bot,65
pdo,55
trib,12
sentivo,61
versione,15
aeroportuale,124
intrecciare,223
appellare,188
italare,78
parlerare,291
imputabile,265
durevolo,137
poppo,287
buonsenso,249
sdebitare,34
bisso,211
pizzaiolo,700
predisposto,168
squillante,126
salmo,26
parola,77
fashion,31
indifferibile,332
pentecosta,246
anguilla,166
spartire,57
rustavelo,154
inferire,55
oppongere,245
indetre,96
regista,441
peschereccio,220
ideato,27
ghepardo,380
mimosa,129
natale,17
riluttante,98
investano,41
sistematico,308
alano,1184
osceno,293
kant,48
aduna,5
decadimento,678
allarmato,140
settecentesco,629
urlare,429
calcare,414
multinazionale,57
copertina,22
matte,64
rodia,155
ryutaro,72
effondo,106
concare,344
casualmente,232
persuaso,174
nouvelle,152
animatrice,88
poche,26
operatore,53
implicito,201
prerogative,180
proibitare,51
ripulire,295
rissoso,136
fondista,32
restaurato,185
studenti,31
aletto,233
parra,80
bizzarria,408
spezzatino,48
bianco,45
sedevare,281
rodare,85
turbinio,71
frankfurter,112
aristofana,516
mandala,57
spasso,173
progressiva,119
grigno,270
appassionatamente,227
fanciulla,673
armonizzare,190
satrapia,298
bernato,75
ozioso,58
monolocale,43
martellare,66
ales,118
fortunato,189
passassero,160
affiliare,64
sabea,67
distribuiscere,115
gus,686
deriva,107
gramscere,25
vetio,30
palina,51
adisco,82
distogliere,167
sede,14
dimezzamento,149
scorseso,921
animasi,444
pensarere,231
puglia,115
elve,359
duratura,77
olivare,516
buttare,275
avvicinare,202
fisso,28
giovannie,129
gerra,149
sterrato,481
colpe,35
pensionamente,283
trance,7
antillo,45
polvero,231
plausibile,266
provenienza,43
sindacalismo,213
cinofilo,92
avversaria,180
ming,48
investitore,136
sassofonista,740
belare,308
proverre,103
mostriciattolo,206
malavitoso,162
vestire,429
tommasino,699
telepromozione,94
casacca,302
sancì,14
speranzoso,190
recensione,217
trasparenza,181
avvocatura,155
marziale,11
cedimento,94
portavoce,36
stivaletto,654
buco,9
borsini,321
elettro,48
yost,701
disuguaglianza,275
separarso,61
autoveicolo,163
contrattare,306
collettività,438
ebro,142
inceppare,140
astrazione,639
maissano,360
nullità,152
derivare,296
cinquantina,208
lirio,66
casualità,769
arrotondamento,317
erbata,14
monocultura,498
teologica,357
azzerare,170
sporta,66
quesire,23
marsala,5
oulx,129
funga,36
bloomberg,19
dirigibile,17
possiedere,155
psi,65
peccatore,111
nevicate,161
aviazione,144
chiarimente,201
alacremente,33
forcaiolo,261
volpone,400
locomotore,185
occorre,45
diffidenza,351
inosservare,33
derogare,492
malaysiano,132
svenare,171
aperto,30
cervo,54
sibilla,22
landolfo,382
vicino,29
restio,18
cervellone,70
risonanza,9
burhanuddin,292
istituito,47
supercinema,351
salare,17
mile,5
murata,78
montello,706
conduttura,101
incantatore,1091
avorio,50
contemplativo,820
sfavorevole,105
broncho,22
rimessa,8
impastato,231
impeachment,21
simulare,42
miseria,220
angelare,453
indesiderare,129
alerei,70
buere,40
nordio,114
prole,36
imboscata,130
probità,61
dissuasivo,158
appartengere,344
giallorosa,421
agiresta,127
confermere,113
parquet,193
cotto,242
musicalmente,329
scià,75
bojano,380
accompagnare,67
intifada,91
cranico,188
obbedienza,130
ossessione,447
slavina,79
bonare,589
vicinato,35
orribile,170
meschina,360
rosare,175
aldilà,13
mazzini,42
aviatore,76
progresso,65
abusato,128
internare,61
esigibile,273
drivo,129
determinato,505
pentimento,119
portere,57
consumatasi,17
protegge,34
malora,119
autoaccusare,378
tango,197
nylon,392
amnistiare,58
distorto,235
produssero,42
pomeridiana,82
colantone,190
seppellire,155
arretramento,174
antichissimo,508
invadono,185
fede,162
mercantile,37
presidere,143
essenziale,443
maine,287
civica,50
fascisto,175
pavimentazione,531
lelio,295
attivare,190
ecc,13
reticolo,176
ritrare,257
walt,154
ieratico,77
vantere,42
ercolino,67
martine,196
laburista,114
gravissime,105
pregiudicato,278
allorquando,50
tato,476
suol,19
teano,35
capitalistico,632
namibia,223
subappalto,64
serare,329
obbligazionario,161
giovanneo,778
beccasso,128
loculo,344
compendiare,114
sindacalizzato,240
distilla,156
sconquasse,127
infallibile,123
fernanda,51
sicuramente,434
divorzio,24
oncologia,253
kaiserslautern,528
accadare,212
infinita,189
programmato,103
compartimento,87
colgere,221
viggiù,42
cibo,141
bensì,296
antropologico,776
pasqua,51
psicoterapeuta,159
straniante,917
cuneo,34
polto,76
agisso,68
fugge,51
vega,5
calvisano,476
kirchmedia,173
valorizzare,296
tasso,103
collinare,261
provvisorietà,43
internalizzazione,776
precostituire,536
criptare,67
reale,18
ferrarese,676
bios,46
vercelle,144
abolire,94
panino,37
cencio,432
amarcelare,338
fioravante,184
ampiamente,188
itinere,10
occidentalizzazione,519
trapelare,74
locomotivo,26
baronzio,268
piena,35
orazione,229
particolarismo,1305
pavu,369
jay,320
deposizione,86
sdegnare,283
caldarola,180
industria,105
baracco,262
crepuscolo,982
pochissime,75
attinente,213
ordinazione,143
detector,60
boxe,4
aspira,12
menomazione,502
voghera,67
perduta,9
laboratorio,112
celebrazione,161
apice,10
tirare,106
borgomastro,109
cognata,383
perdine,64
alida,46
volevamo,188
valanga,11
terrone,51
chere,94
intasato,149
navono,42
dongiovanni,375
storio,222
promo,80
mappatura,202
spiego,242
portiera,352
impossibile,199
apologo,181
vuelta,267
gianmarco,532
aieta,6
anomalia,85
aspre,45
sopportare,187
magreb,17
accantonamenti,448
pope,23
percorrire,112
piazzola,77
ammirevolo,336
caldissimo,74
soverchiare,406
tremore,125
diere,125
carceriero,179
gene,199
ruanda,145
rachi,126
invecchiamento,356
pataro,43
monopolista,102
spalleggiare,322
stereotipe,596
gramscare,43
wimbledon,345
ferra,132
prefigurare,234
solitudino,390
bertrandt,274
uble,105
dulbecco,97
latinoamericano,97
cista,96
sopravvissuto,110
grammatica,347
parsifal,712
considerevole,325
clapton,1000
capeggio,36
zoologia,104
partenariato,136
risente,122
disconoscimento,253
tatiana,105
lista,22
ragone,107
suppletivo,63
detrai,7
terso,235
improvvisare,189
malè,127
avvocato,125
spinserere,77
utopia,245
inattivo,107
tradìre,73
agevolare,207
curdo,148
limousine,214
solierare,193
matteuccio,439
redivivo,447
rodato,19
eco,2
mente,97
pallacanestro,325
asiago,16
interattivo,255
dimettare,150
radicale,118
rodrigo,220
dattiloscritto,188
stecchere,490
neurologico,387
necrologie,8
duravare,180
incidenza,275
asie,6
culturale,104
camuso,225
tentone,46
fischiare,343
rielezione,102
auditorium,123
approdare,50
siriana,170
torinese,69
evans,303
autorizzazione,183
domani,68
giallorosso,488
oliera,26
cimele,122
nascenta,28
apparire,285
mascarpone,304
insediare,45
autodenuncia,60
lloso,90
confetto,174
schumann,216
corricela,9
cineteca,43
pitbull,84
giurisdizione,147
carattere,158
letre,51
trench,833
facendoge,94
difesa,15
primitivo,747
riscossa,19
andranno,42
logicamente,316
appiattimento,674
talmente,356
cataldo,986
arguto,59
centralinista,39
dissenteria,60
insabbiamento,135
tormentato,126
villo,38
impediscano,305
sballato,121
dialetto,125
custodito,171
sorgi,138
contestatissimo,132
sodio,289
primissime,57
elettrodo,75
scena,249
simbolo,53
rover,43
ventitreenne,585
cesano,194
dequalificazione,499
esattoriale,101
savona,117
arbitrale,40
glacé,251
specie,106
alatro,179
glebe,95
incontrare,92
espurgo,30
pelliccione,114
intemperio,103
chierico,532
terreno,3
farge,142
bagheria,130
escere,111
parigino,84
ristabilimento,45
insormontabile,70
valentia,386
italiane,28
nicholas,93
calabro,29
facsimile,20
fertile,71
raikkonen,165
guastalla,94
eminento,117
stabile,14
israele,113
grandezza,179
angosciare,345
chito,160
ita,24
paragrafo,45
ebollizione,216
millenno,32
librerio,103
bognanco,585
argentiero,57
politico,379
ottusità,875
camillo,420
rtc,7
avola,393
cosimo,994
trattare,568
buchanan,123
riandare,223
inventare,440
abbonamente,17
rettangolo,402
sardegna,177
manifestavare,131
abraham,73
esplodare,137
bendare,293
maschilismo,799
velocizzare,146
californiana,236
riaprire,50
specificare,274
troisi,111
odeon,94
spezzettare,47
ortopedico,133
esordire,238
biscarto,24
chienes,56
amosre,25
chiare,407
alezio,63
eremo,6
decelerazione,288
canticchio,281
pianta,371
antisemita,121
politicante,320
attratta,112
quito,21
sconvolto,111
bardella,682
lizza,82
brulicante,353
amuleto,215
inaugurare,99
belloccio,320
slego,125
intenzionare,301
alco,21
eduard,88
diplomatico,45
psicotico,307
irascibile,375
ingaggiare,94
maschietto,230
uscita,13
estenuanto,43
pinerolo,537
palestina,123
tibetano,66
rotterdam,151
mediocro,91
scatenò,50
intentato,210
ghirlanda,523
apertamente,319
scoperchiare,382
numerazione,213
rave,190
fluire,4
tifo,67
malachia,56
trascurare,483
liberal,126
teff,852
personate,23
brusson,487
wim,234
cretino,21
coincidevare,178
privilegiare,354
calcolatore,171
dimessi,23
mann,236
malco,12
confiscare,50
kenya,201
mentano,141
modere,127
decantare,410
alberona,495
united,135
kiev,118
vecchione,876
pergolendere,19
cosmo,80
tachismo,477
macchinario,111
disapprovare,157
carugare,266
introducare,193
spiare,72
umorale,420
svoboda,75
scalata,68
doroteo,21
ricco,50
oriolo,282
ocalan,7
verosimiglianza,267
innovativo,394
scaletta,105
degno,76
accidentato,101
macchia,189
erboso,86
bramante,266
traumo,59
farmacologia,317
romagnolo,165
abbonamento,20
cruccio,117
negrare,429
bioetico,76
preside,62
infido,159
adria,15
schermire,431
agnostico,101
ambientaliste,90
paragonabile,70
patrizio,651
pogliano,906
ottimistico,130
venture,189
sfrontatezza,638
tanti,64
compostaggio,47
trascorrare,156
lucro,38
verhofstadt,163
favorevole,62
cineteatro,156
done,22
estenuante,33
ross,50
atella,390
guerrafondaio,301
felice,19
lepri,22
avvelenato,75
sottrattere,248
tagliamento,93
accentuare,303
udire,108
anticipatamente,138
porporato,83
intoccabile,33
totocalcio,99
inserisconore,291
aolo,64
previo,188
gappista,159
sapone,199
silvestre,268
recapitare,79
molteplicità,1123
interesso,65
apprestavare,188
contea,67
bravata,171
parietto,391
percosso,269
snaturare,259
risolvibile,167
ridimensionamento,490
inserire,173
attribuivare,133
negativo,115
rappresentativa,37
togliaggere,42
adenino,191
inglese,86
rinuncio,149
mezzogiorno,54
divagare,457
laborioso,30
direttrice,34
giorno,111
ginnasio,116
berardo,291
antiterroristico,80
urla,248
serratura,196
unger,6
stappana,187
indecisi,58
degenerato,244
inevitabilità,382
miliardario,40
recitazione,526
modernista,308
addentare,196
analfabetismo,80
discendente,107
gelatina,279
nebbiare,237
pillole,40
pappalardo,356
embrione,139
strepitoso,732
riconoscente,240
diabetico,414
stoico,172
esaurito,11
galdine,65
riepilogo,65
amichetto,644
triveneto,68
incessante,53
distendere,336
velocista,314
erg,17
meteo,25
coincidente,93
esistito,82
parentela,65
inazione,623
pacificare,44
detrattere,13
bila,12
spinore,24
tracolla,108
tabello,21
barreto,385
cestina,130
udienza,98
protezionistico,304
pescarolo,1135
nicea,54
brescia,233
schneider,958
latore,53
aguzzante,159
similare,76
ciclista,125
ceffone,234
risistemare,233
cilecca,58
simultaneare,12
antiglobal,80
sottolinea,134
apologia,262
ghisa,10
verifica,176
por,11
emersere,106
precipitato,135
sostenere,434
cesta,116
cerea,24
satana,139
confessionale,172
anomalio,142
meritocrazia,388
lancere,11
conciliare,336
leitmote,3
giambattista,1039
peculato,165
sestino,84
vertecchio,56
ambrogio,77
quattao,58
montatura,105
indigene,150
avignone,230
tumulazione,134
special,22
verificatore,93
erigo,189
sfratto,35
sarong,21
ikea,41
loreto,310
muscoloso,171
rompono,88
vegliare,61
eternità,149
riaperta,25
tolgare,117
fattorino,142
inanimato,49
cinque,149
eelissere,84
uscere,55
contrabbassista,408
dipinto,284
sartoria,43
perenere,267
novello,289
ottenevare,112
porca,149
ammirare,293
boccare,191
avolo,615
corrispondare,203
imperdibile,656
spiazzante,598
accreditato,20
andria,10
pallare,514
pista,40
gina,93
precocemente,159
chiedire,302
vent,34
uccisero,313
resistibile,103
nome,37
ungherio,92
attestare,82
impunire,145
canapini,109
autofinanziare,176
rubavare,423
consacrazione,228
contraente,150
concomitanza,95
prosegua,32
giudea,60
varesino,571
felicita,11
douglas,762
animazione,161
emulazione,238
individuazione,326
rossinie,227
impalpabile,511
snaturamento,538
scorcio,41
colesterolo,365
guinness,33
trans,12
dolomitico,268
rumorosamente,264
maggioritario,189
unita,5
mahatma,94
generalmente,188
schiacciare,419
nova,110
ankaro,76
succoso,80
appesantimento,394
onofriare,157
motorio,57
pacem,30
assiso,65
versa,15
delimitazione,507
lasagna,172
programmare,59
trasfigurazione,1162
prefabbricare,223
imbeve,27
acerno,110
annamaria,238
varsavia,64
romanzo,416
lane,364
trattasi,21
lift,59
lucania,311
rivirre,108
seppure,181
bange,105
inclinato,241
dinaro,4
secessione,50
travestito,586
siccità,85
resistere,57
goffredo,327
insolito,160
comboniano,124
avversità,33
ade,33
sollecitudina,265
malfunzionamento,351
self,15
pizzo,88
lazzare,303
louisiana,111
diciotto,140
tubo,178
redde,2
gommare,48
progressione,365
pallone,460
voga,74
meticolosità,112
packard,200
municipalizzato,289
fantasioso,278
indipendentista,190
cordicella,350
cellula,192
accattone,356
erogazione,414
quesito,45
autolesionista,216
aga,14
legittimato,489
liano,652
panco,91
simultaneità,87
bendamo,135
cocuzza,243
avventare,574
vite,3
totalizzare,41
aderente,55
buffet,69
etnicità,101
polanski,480
gozzo,26
panna,148
meneghina,104
patricio,94
giorgione,1008
improvviso,75
sorella,388
coacervo,245
domingo,89
sifone,14
malefatta,378
spiacere,536
infiammazione,76
duellare,148
lottano,46
porter,121
ombretta,187
gendarme,18
privilegiira,428
fazioso,181
springsteen,684
lino,573
steccato,82
patito,122
incaco,44
fangoso,233
cavalcare,154
stress,85
diverrà,53
affollatissimo,185
gioca,156
acheo,46
azionario,191
sospeso,48
messe,11
rallentare,127
rido,8
seggio,75
recita,149
moscovito,60
contagiare,127
hotel,52
continente,82
gemellaggio,11
mariah,607
decorso,59
divine,139
michele,294
velo,41
sobrietà,339
russo,90
gol,461
dissipare,67
replichare,91
finalità,50
jones,46
soldatine,104
compiacente,256
chiante,180
sorvolo,52
albareto,495
uccello,120
suffragare,52
iberico,57
bastonare,620
scarcerato,147
ritrovamente,105
pigliatutto,58
preventivamente,302
elefantino,117
esegesi,315
corde,55
liberticida,254
propensio,119
concentrico,56
copulare,68
filiale,92
intendiamoci,61
empire,163
gente,305
samurai,54
eversione,148
enigma,23
ufficio,31
disaccordo,143
divertire,717
quota,63
universiade,42
dostoevske,310
commuovere,275
difedere,152
smart,48
confindustriare,109
ansaldo,140
miopia,292
prefetto,63
fornito,51
funzionale,723
diktat,53
romanità,42
joint,94
yankee,79
situazione,43
rivolgimente,259
insidiare,154
oramai,49
bete,152
prelevato,117
daino,197
rateizzazione,644
ispettore,28
provengare,60
pack,55
multare,58
organizzarono,93
magi,5
manettare,85
catario,20
neutrale,25
conflittuale,434
argomentare,305
notevolissimo,164
predica,136
bigia,117
tempietto,560
denominare,14
reception,106
confutare,127
separatismo,314
pragmatico,255
sharp,45
coleman,917
elibus,3
chiaramente,268
indomani,48
precostituito,550
ammainare,62
ramificazione,251
bagnino,508
entramba,7
margotto,562
vanificare,268
minority,234
magica,472
fossòo,341
apposire,33
svelto,110
esultare,156
ordinamento,310
delibere,158
guidare,69
mordere,281
socioculturale,594
costringere,120
avvenuta,42
sutherland,724
smeraldo,131
incolmabile,39
liberistico,603
torricello,168
continuità,186
internato,34
esclusione,62
consistenza,422
pur,2
cappellotto,594
trasposizione,325
pse,66
beirut,193
pertinenza,146
sampan,80
bipolarismo,218
riciclare,104
spettacolarizzare,177
balilla,97
bernard,148
nsis,67
iconare,370
bussolotto,89
grado,39
remare,162
difere,86
pietroo,9
slittamente,121
neuroscienza,219
sting,729
vedrere,225
relazione,15
mentre,184
coordinata,38
traditore,222
truck,82
cocktail,90
chance,3
craxi,30
girolamo,27
nepal,98
reims,125
pence,110
rifar,6
manica,57
penne,207
decisi,60
schiarire,119
psicoterapeutico,273
piccato,183
opposte,121
caratteristico,400
nuotatore,143
teschio,516
governatore,17
dapprima,24
nubifragi,132
semenzaio,63
inospitale,99
avviira,56
avellare,373
sentimentale,269
materno,131
ispirato,310
gaggere,351
einstein,109
sconfisse,51
disponibile,100
salde,7
sahariano,142
correttezza,227
fremito,138
scagliare,233
ascia,148
estradare,81
percorrare,107
mogadiscio,165
uragano,95
sismografo,31
cristiare,137
indira,8
ricorrente,55
sapessero,280
autopsia,48
orbo,7
grimaldo,423
optional,147
affermazione,246
uopo,17
sovraffollato,64
cairo,41
affollato,74
parliamone,46
campagno,7
stazione,188
rimpasto,53
usurante,255
saturazione,451
disso,114
reagire,166
premiata,125
astioso,454
padella,28
accaddere,87
mercanzia,41
ipocrita,587
comunisto,278
razziale,71
reparto,79
affiliazione,49
zaira,36
rigidezza,373
graziello,954
auletta,238
irap,42
serial,104
beve,51
bianconero,574
attribuisce,103
litico,62
acciaio,97
somalia,122
ponzio,72
governo,135
ofofe,31
gravissimo,86
prodezza,494
limitatezza,664
stortura,163
aloisio,457
commutazione,44
welt,37
lombarde,128
chicco,95
bunker,15
agostare,249
scolarità,99
lungho,56
procreazione,89
carambolare,38
mazara,82
appalto,42
carnefice,159
partorire,30
volterra,263
scasso,191
chicago,186
disconoscere,633
conversare,79
germo,20
delude,77
misto,10
sparto,22
teato,85
dry,846
trentotto,150
indistinte,188
andy,572
calabra,35
volontarietà,277
antipatia,155
liliana,666
spedere,26
fraudolente,140
triplo,13
battezzo,66
partes,4
redistribuivo,233
berna,43
sottoporre,19
profanare,122
sminuire,140
negoziare,80
mortola,233
aggrovigliato,183
dimostrerebbero,245
titanica,24
circeo,229
percepisce,69
leasing,67
virtuosistico,736
tacciare,425
intendenza,79
repertare,216
figurina,188
scoglio,16
cedrine,83
affiatato,342
budellare,186
trucco,89
magnone,182
dicare,439
rispetta,79
terzo,40
oggettività,885
melma,70
linguista,107
rialzo,128
pegaso,44
divearr,35
beige,7
allodi,117
mixer,75
beautiful,182
morosità,32
fitina,316
estintore,155
riuscita,49
eminente,102
sferzato,97
prescindare,871
benz,91
finari,16
calto,35
tranvia,149
consere,150
depero,4
alcuno,214
multipolare,183
sebastiano,418
vitaminico,289
verna,14
miranda,832
ferio,21
rivarone,536
jwst,484
segretariato,44
noceto,258
preliere,175
labor,42
contributo,157
adira,75
edita,35
gabriel,87
carioco,224
unitare,65
nasco,16
cattedra,82
morbido,45
libar,36
artistica,342
metropolitan,42
banalizzare,588
luna,46
pistola,216
turistico,67
banato,201
vergognoso,298
crimine,121
bronco,47
violentatore,451
obiettivo,64
curiosamente,364
subentrare,43
dinastico,125
canotto,255
fasci,69
perù,68
forma,55
fermezza,135
siderale,18
ventre,291
arrovento,73
spungere,107
comode,48
nagasaki,22
proporre,213
alegrere,29
anticrese,29
delego,43
coronamento,81
renaldo,112
magneto,11
oman,117
marcire,83
campionario,173
sgangherato,21
trasgressivo,407
magagna,28
disavanzi,203
vertice,24
adina,31
proseguere,71
plausi,39
ancona,55
raddoppio,32
alzò,39
cavallaro,505
coltrone,157
capofamiglia,135
ulisse,35
catalizzato,169
eccone,60
siciliare,142
seguace,112
ignota,32
intercontinentale,79
bimbetto,258
intasamento,281
sprizzare,537
prossimamente,62
sanguinario,139
archibugi,492
cantastoria,539
amministratore,89
microscopio,213
tecnologico,192
infedeli,29
cavriglia,160
abatantuono,132
bussano,38
para,79
tarallo,161
ricercato,75
aussino,97
sommariamente,228
pessime,27
contino,608
paridere,264
seclì,21
polento,366
pigro,241
prerogativa,158
napolo,284
indiscutibilmente,717
effettivamente,549
avezzare,175
competente,181
falca,88
distorta,147
abm,35
raffineria,174
dispetto,492
figuriamoci,19
accantonamento,552
ribaltare,95
avocato,169
surrettizio,432
oliare,136
runner,312
sanzionatorio,366
trepidazione,180
bosello,309
sottrazione,493
manierismo,875
inarrivabile,495
soprannominare,484
adirtene,224
inaridire,296
acquisizione,171
catione,115
arringare,66
paventare,97
falcone,152
boutros,36
fore,14
cinismo,671
buster,318
secessionistico,228
grader,21
riammissione,78
capitolinare,335
utopiao,516
affevere,385
strangolamento,30
calcolare,275
proverbiale,146
ammissione,139
premiale,405
ghiaia,34
cova,9
serrare,32
tropico,184
recital,501
canora,205
alpine,60
lese,77
dilatino,87
estencere,284
barete,6
contemperare,505
contorno,92
costantemente,112
ilio,85
cles,42
continuarere,181
arantiso,36
psicologio,200
minimalisto,252
taurare,71
trino,71
negoziato,73
allineato,35
versamento,350
merone,494
mormorare,170
indicativo,226
aggiungerà,197
lievo,28
recettore,242
scopro,35
tunisino,103
marcio,60
adolf,18
veronesi,119
sacrale,218
emerico,62
ferroviario,160
presumere,146
interrogativo,74
force,15
randage,148
incestuoso,544
olimpia,33
quadrare,30
parrocchiano,155
orsare,41
chilogramma,152
nazismo,197
extrascolastico,179
carlotto,879
preparato,60
invalidità,207
diviso,66
sciacalle,72
contropiedere,280
ace,29
torsione,209
giustifichare,382
censura,45
seguita,35
immediare,37
scalfire,115
assoggettare,344
cinghiale,295
nevico,144
agostinacchio,569
intriso,453
linosa,227
gnome,37
aggregante,149
teneramente,714
campagna,12
dominatore,163
sovietica,112
adamo,35
caduta,32
indifferente,421
coda,11
comunicante,174
connotare,410
esaltare,367
seduttivo,479
autoreferenziale,857
scomunico,45
imprecisione,170
altopiano,344
kenneth,408
allegoria,683
ricordo,184
riesco,394
regino,16
cassiare,86
melone,59
olandere,137
adì,122
filomena,418
contemporanea,113
imprendere,195
riveste,27
paravento,18
perdeere,140
acido,55
palladio,153
composita,80
bruscello,332
debacle,28
stormo,30
misogino,844
appresta,31
amaramente,88
preferibile,330
ricopertare,253
genera,32
bramosia,43
andré,141
nanna,267
amato,123
omegare,42
carrozzina,322
antonietto,674
splendidamente,253
pinnato,24
umanamente,341
navarro,12
kaiser,181
cozzare,77
proscioglimento,202
automaticamente,216
rato,80
fluente,38
asino,223
interrogare,80
proporzione,48
mastello,188
infila,269
viganò,162
scotto,239
siris,62
antibes,16
lotteria,55
mentalmente,312
sentir,247
perplessa,119
quo,3
sylvester,819
controprovare,367
figuravare,163
capii,547
benemerito,22
frecciatina,73
beh,119
produttività,418
interdire,27
valutabile,271
agenda,8
desistenza,222
perl',20
antrace,64
capofila,21
presuppone,696
strillo,110
ernendere,633
pioggia,140
incandescente,155
intonare,456
diventere,83
allungo,71
filtrare,72
giovanna,315
persa,315
fotocopiatrice,95
retare,78
spieghare,266
silp,79
mantova,108
addestrare,132
congettura,211
direttissima,106
aggravare,181
ansante,447
nutra,74
obbligatorietà,384
condannato,148
cofondatore,35
quarantina,170
spoglia,89
accentro,58
acciarino,1103
cospicuo,117
rampa,40
dario,190
riducere,277
classe,15
mulatto,182
moralistico,972
agii,150
deimos,47
simonare,216
sessantadue,187
prosecuzione,140
anconare,453
assicuratore,91
querello,45
iceberg,3
cuba,27
signa,135
sceme,55
convenuti,46
brado,74
caltanissetto,268
cecoslovacco,92
cofferare,106
confiscato,75
melatonina,348
accampamento,487
roscano,72
variare,207
gliela,66
ambiente,41
vincolante,306
autoritario,719
commercio,31
scocciare,287
apostolo,165
predatore,90
basic,107
rivalutazione,307
giganteschio,402
rocky,437
sentimento,362
avvenente,252
pezzetto,47
ore,9
lunetta,534
forceo,19
iridare,297
multiutility,216
conoscare,201
novare,92
settantadue,185
ecomafia,76
fortunatissimo,826
suonere,357
borso,32
volgare,627
castellammare,390
eluda,19
pallina,255
ristampe,84
bigino,505
kim,30
radiofonico,123
makhmalbaf,65
giustino,559
assistono,57
gioa,23
tufello,1433
ermes,74
scarsamente,368
darare,210
madeleina,84
gottardo,405
potenziamento,437
primordiale,350
cioccolata,453
esportato,81
efu,15
teorizzazione,751
premessa,245
ammaestratore,100
pariso,348
ospedale,140
ammiccamento,717
fuoriclassa,518
repressione,165
savoio,31
spezzare,74
melanoma,405
razzoli,29
velina,30
dimostrabile,190
iracheno,152
jasmine,363
laudere,243
figurativo,430
momentaneamente,53
motivazionere,97
preoccupi,148
fiammella,294
affrontere,66
sfumare,139
trai,2
solidaristico,655
beato,145
terrestre,107
mola,7
suggestiva,549
vaccinale,259
entro,70
preoccupante,274
mafaldo,342
middlesbrough,473
sforza,31
scala,23
macigno,23
riattivare,85
tragtiere,127
cosenza,322
pirico,221
sopruso,191
losine,53
angels,491
fonder,132
primo,124
veleso,362
tubercolosi,276
plato,124
slc,132
arkansas,158
esorcizzare,495
weah,470
icono,33
mazzo,483
politicanto,521
bruttino,250
hamilton,386
batterico,417
stockhausen,352
luisa,133
nana,63
formalismo,416
monitorare,117
peronista,146
informe,23
settembrino,82
massimiliano,714
trattere,84
permanere,131
odo,5
molti,30
rotolo,152
smoking,371
innaturale,989
castiglioncello,1085
invertere,161
supermercare,95
easton,476
controrivoluzione,263
paul,166
consacrare,177
preselezione,70
meta,16
addurre,219
unanimismo,173
stupidaggino,465
monk,921
azzano,534
gromore,143
keniota,214
pilastro,32
spacciare,446
pionieristico,593
prestigiatore,121
toner,350
radere,55
vittimismo,272
tentennamento,215
monta,12
competizione,47
diagnostica,368
centralismo,387
rispondano,153
rudero,354
ottenuto,54
affezionato,122
proletario,109
metro,139
attivismo,374
stevire,895
opulento,196
spender,475
asteme,78
espore,10
criceto,60
istituzionalmente,418
incognita,40
avvertere,186
oriana,34
issi,9
distinguibile,279
combattività,44
ricompattamento,127
contravvenere,158
naturalizzato,82
aduno,26
eminem,765
sorridente,482
determinante,258
tovaglia,769
restiare,41
piene,12
correlazione,345
coco,52
calpesta,75
impenitente,61
ribatta,69
beneficiano,209
comprensione,568
tito,92
sbagliare,188
complimenti,221
gromare,153
hashish,16
segrate,14
scongelare,33
sentare,279
benigno,81
linguistico,397
restia,14
motorine,141
predisposizione,529
fronda,35
solita,335
effimero,185
roseo,21
pentodi,7
casimirare,107
immaginazione,1357
sommatoria,151
griffe,43
ospire,155
brucare,126
centa,194
mastino,468
immatricolato,91
fortini,30
ottimizzare,216
depurazione,261
ambulanza,92
battagliera,20
briccico,59
esclamazione,71
dionigi,285
omologo,21
zelante,61
innovazione,137
togliere,186
gallup,15
eroe,66
bune,4
sdoganamento,145
galano,358
perseguibile,221
express,91
rinforzio,115
vis,19
crostata,35
inneggiavare,310
tulio,73
regolarizzare,125
casier,134
diversificare,460
disponire,113
taormina,40
ragioniere,55
compaiere,184
imprevista,147
proficuamente,9
pomposamente,254
arbus,304
san,25
tamura,19
argere,105
tassullo,499
celeste,93
macchinoso,205
preferire,382
preferito,171
fonda,17
incatenato,79
fabbricone,191
udine,355
chilometrico,101
ottica,340
cosenzo,490
abbonaccio,277
visino,226
deputazione,126
haas,204
bollato,43
dirimente,287
coma,26
tiravare,619
idolatrare,649
anfo,0
riservata,20
sbirciare,394
squinzi,19
esaudire,21
municipale,35
superalcolico,152
minatore,33
macchino,167
wittenberg,12
motel,64
dian',5
benzina,104
denigrazione,420
inquinamente,115
meteorologia,23
magiare,400
serbia,73
carla,72
definizione,591
bus,87
provocatore,204
acclamato,85
dispaccio,34
prodiga,51
afghana,92
primogenito,132
vai,86
evento,15
adesione,25
compresso,83
culla,36
ralph,253
irrimediabile,221
bocciano,46
rotondo,37
ripresa,40
rilevamento,143
mussaco,18
testimone,56
indiana,94
illustrare,96
cardiochirurgo,164
specificatamente,298
indesiderabile,245
cieco,29
cappellano,112
eliminatorio,62
monoreddito,192
patriarcale,298
css,6
geova,2
gambo,235
pacco,98
opinino,22
allegria,460
griffato,209
aneto,53
riscopertare,454
riecheggiare,102
intrusivo,136
spavento,24
rivole,96
dovessero,166
inapplicabile,326
pardo,640
conduce,64
acl,18
nash,538
lacerazione,244
enzimo,346
privata,44
evitare,165
filadelfo,116
guastare,69
corredare,161
scrive,88
pilatesco,74
accusandola,142
accusire,627
trittico,258
spike,838
netanyahu,115
tettala,83
esserino,31
beniniano,322
rotturo,91
buffo,85
antisommossa,76
coinvolga,25
fondalino,220
algoritmo,249
inconveniento,471
accartocciare,870
norimberga,54
comprensorio,103
livo,451
cetacei,137
gratiare,244
abbandonarere,482
diseguaglianza,244
eterosessuale,154
riunere,29
khomeinista,446
addominale,159
tedere,25
corteggiamento,70
rovigo,324
mestamente,223
sudcoreano,71
categoria,57
spegne,31
stacanovista,184
ottimamente,128
creditrico,186
fabrizio,412
saudito,151
laburisto,84
manifestare,65
servare,135
pelato,561
acutizzare,306
stracittadina,91
vizio,104
bassa,8
tardare,146
incredulo,146
casale,101
pacino,445
ideare,49
costruare,81
disgregare,314
assiduo,20
aerovia,78
prevalgire,298
pasto,97
detonare,165
strutturato,625
duplicare,77
atea,1
attenuato,87
registro,23
barbario,197
eccolo,245
este,50
monitoro,88
deceduti,65
produttrico,121
naturale,74
bussare,89
rechare,35
immobilizzazione,272
know,55
lea,18
abbattere,55
rilevante,359
competere,142
studiosa,299
vitiello,495
cielo,91
dirigenza,9
palmer,264
deleterio,737
precisamente,146
personalizzato,448
cede,7
fregeresta,552
illeggibile,59
dimaro,176
malafede,178
gestiscire,114
ricettario,36
focoso,93
iniare,26
tirana,27
aulla,60
lorenzo,232
neurologo,231
stazionare,353
ordinato,31
degente,155
tasto,4
edire,149
masi,93
cantùre,262
signorino,1006
sfera,17
epifano,115
atassia,40
sconfortare,162
nulla,166
consolidato,42
ammalato,314
fermanello,737
deforestazione,211
poliziotto,201
cannibale,102
antigovernativo,233
mirabolanto,126
spronare,81
abortire,92
mimmo,169
esemplificazione,625
browser,27
plaid,218
mutualità,440
folgorare,424
mazzette,110
castelverrino,937
patia,14
vigileremo,39
etra,19
castelporziare,66
ricevuta,70
fermina,75
suora,180
maturo,111
gennaio,74
generata,29
balcanico,24
orione,269
manovale,158
deneuve,464
incuneare,178
traslocare,67
buscema,198
accado,857
bargo,42
dano,172
anticipato,59
martella,36
extraconiugale,112
burrone,120
zena,212
flaubert,823
ondeggiare,565
fervente,36
chiarito,81
formulazione,378
mattarello,290
spiazzo,47
omene,75
handicappare,173
speculario,82
siciliere,94
uicc,64
domenicale,48
varare,150
abbandono,158
imbarbarimento,668
giacenza,23
videocassetta,107
arrangiamento,559
taiwanese,119
pressappoco,81
segreta,30
lucco,322
gazebo,50
lorino,224
profezia,72
oscar,77
collaboratrice,62
idillio,10
telematico,147
modifichare,204
coinvolto,33
cavacurtare,413
cerete,86
prototipo,91
schierato,115
presentabile,145
veronese,160
sars,28
impopolare,76
vietnamito,177
verissimo,209
denominatore,24
efedrina,27
tranello,42
marinella,878
ogiva,112
pio,32
benedii,107
oltraggioso,200
tano,87
idealo,105
pallavolo,270
allegare,177
malcolm,153
polmonare,367
lola,2
pervenuto,28
capìre,186
flagrante,31
perugini,310
diventerebbero,199
rileggere,173
giallo,44
mugello,40
circuito,18
psicologia,257
castellucci,458
caratista,145
ottimismo,71
parata,62
presi,23
compromessa,255
abare,304
ghigliottina,115
riassorbire,194
finse,52
piccardo,561
provvista,82
salt,63
relatore,213
umorismo,838
trapanese,273
gesualdo,914
canio,289
tetto,40
bernare,82
hadetto,20
glia,153
paleolitico,377
nettuno,45
pregnante,98
appoggio,24
invadere,134
volontariamente,155
stravinto,62
assillare,105
cline,532
conformare,186
cosmopolito,191
trecentomila,109
prudenza,76
bomba,140
difficilissima,191
lesto,318
fastido,166
diecimila,90
carena,27
semplificare,196
cloruro,349
naldo,117
genetica,273
tarantella,135
roatto,17
beatificare,186
stanislao,149
appaia,176
aurare,444
comunicazione,50
altezza,22
catastale,101
amiens,23
dispere,119
esalare,28
sovrapponere,454
linux,58
poto,93
pescaro,333
rivissere,164
clinicamente,209
peninsulare,277
politiche,354
boscone,438
istituere,91
filigrana,32
iermattina,126
amenità,13
cedare,40
teca,22
capocomico,1062
pesca,35
autovelox,126
collaudare,47
aspirapolvere,250
toy,676
tbilise,37
decimazione,55
superba,173
stampo,155
congratulare,109
musco,33
barry,646
silurare,101
protrarre,83
corretto,203
tributare,15
lenza,37
perenne,190
arena,180
meritavare,162
schevchenko,52
flutto,32
valutato,59
fender,93
inganna,49
sfidanto,62
centralistico,557
rembrandt,94
vedere,830
dodici,131
manovalanza,48
ribassista,83
sece,28
accorpamento,211
ghigno,43
propugnare,217
eusanio,30
raffica,42
attraere,143
regolamento,185
sperimentatore,190
antiglobalizzazione,156
veio,21
duliare,520
erminio,300
twain,630
convocazione,103
courmayeur,36
mottare,226
darwiniano,325
bogotà,118
chiamparino,563
concentrato,95
ardeatine,79
pietrista,199
max,103
perifrasi,68
leso,16
terroristico,91
adirono,42
pochezza,351
mescolanza,433
ingigantire,424
hemingway,435
ultimo,208
argia,26
sonic,665
armageddon,583
nuovo,36
dimmi,72
cancella,12
etsy,414
valere,143
rocko,573
fudere,104
invivibile,67
servirebbe,156
presunto,151
cortona,688
economic,42
avario,13
attrarre,104
mone,60
condoleezza,46
spread,70
perseveranza,211
cartellone,267
avvolre,408
mottere,23
mercoledì,75
coopera,13
educatore,86
subissare,66
ecologice,126
parlamenta,164
antropologo,294
sezionare,15
reginetta,292
scolaro,55
fotoromanzo,743
tifoso,161
orario,40
inconsapevolmente,894
lubrico,125
svaligiare,161
mitica,448
dominante,301
discrepanza,137
sviare,91
ventimiglia,94
antoniani,60
giuridico,210
accese,27
aronzio,43
truffare,89
munito,77
efficiente,126
attingere,90
dividare,75
marocchina,82
solidità,67
predestino,258
gettare,120
peruviare,124
sguarnito,27
davide,63
caracalla,200
idea,101
umana,9
portello,32
apparenza,664
incazzare,922
interrotte,78
pervicace,139
sovra,70
mancini,472
generosità,205
piano,33
esponente,94
sfruttatore,191
rinnovatore,24
sottovalutare,188
berlinga,73
lamina,125
lorda,121
effimere,332
schiaffore,129
casellario,9
arraffa,94
ricorderere,223
sferico,29
capolavore,412
centra,28
puntiamo,42
bivio,1
ortodossi,140
avveduto,167
superstizione,582
ariana,16
persero,172
ritmo,47
brook,372
prenotazione,19
aravare,309
arrecare,82
ascolare,298
saragozza,66
giustizialismo,419
temperare,91
quotidianità,447
riposizionamento,457
temporanee,104
cenerentola,60
stoccolma,54
rivolto,124
lima,11
peppers,248
catalogazione,278
ambasciata,44
giulietto,80
navigante,21
idiozia,395
crivellare,267
gaetare,162
elba,9
abilitato,180
boldrino,256
multicinemare,354
annullato,42
sbarcare,88
azzoppare,65
pacchiano,117
statura,92
wellington,610
cordata,126
greca,16
impermeabile,381
archeologia,169
suisio,6
unere,16
affranto,110
degnamente,54
confartigianare,114
parallele,58
realizzere,19
effe,97
basilica,132
riutilizzo,219
ennesimo,42
colpo,90
accarezzare,1297
domina,62
coscientemente,699
indifferenza,653
circolarità,80
sepino,271
poso,11
arese,45
repressivo,231
ferita,78
elido,211
roccaforta,82
premiare,60
persistente,256
spillare,540
romanticismo,912
escremento,540
ansiolitica,810
esercitare,25
intensifichare,74
azoto,300
formicaio,37
story,570
riacciuffare,86
greggio,51
testare,43
costituzione,151
sahara,102
buonuscita,272
sacrilegio,372
ezio,106
jolanda,210
poeta,299
pasticciaccio,165
infierire,414
compromissorio,188
marocco,144
disperdere,133
assegnare,94
svastico,196
appassionato,58
borsetta,391
increscioso,92
cristoforo,351
fortissima,55
boa,29
occupare,46
meticoloso,170
strampalare,747
profittare,91
convincere,547
cassandre,24
sponsorizzato,68
pigliare,587
senigallia,1010
prevalenza,122
susseguente,33
legno,511
smobilitazione,117
irrazionalismo,941
complico,77
milly,119
rovesciare,58
penalità,45
altero,54
ilare,181
nipotino,452
caccia,34
gallore,23
battuti,66
corrida,104
falde,328
elegante,431
pirandello,738
centro,12
durissima,74
aromatico,386
mohamed,93
sorso,381
provenire,42
rendita,309
abasia,236
alabama,118
spettacolare,206
delegare,159
isp,4
annunziare,79
replay,136
massi,9
aubry,22
penuria,137
cartella,46
procaccio,146
strutturazione,558
pencole,23
tribuna,38
turcare,111
indagata,183
conciliante,145
tare,6
assioma,159
bellissimo,1559
pascige,95
spettanza,98
capitanerio,184
innalzamento,149
garantere,206
rinascito,60
trinitario,68
oscurantismo,708
ragazzine,315
sterzata,130
vaga,32
squallore,186
intrepido,349
manterre,41
caritatevole,77
rimborso,265
rivelazione,94
altalena,52
atleta,133
presidiato,135
rilke,204
trust,19
intrinseco,847
medusare,113
minuziosamente,199
andrio,150
ripetitore,43
capri,70
sforare,111
aragonese,365
diploma,86
canzoncina,626
werner,440
coltrano,747
crano,44
stermino,129
swift,563
acuminato,246
contrarre,115
indispensabile,374
precipitare,138
zucchero,179
caffeina,330
stabilizzatore,134
mitsubishe,159
rintracciabile,216
gioventù,5
calvetto,1305
malfattore,269
nula,21
murdoch,25
sciolto,15
avverrebbe,318
depennare,12
spirare,78
aldo,100
cavere,105
rimarrà,19
ovvietà,390
cossiga,170
accennato,58
tauro,18
visore,72
allegri,96
specialismo,211
apertura,29
olimpiaco,191
rolex,42
cipriano,723
pregiudiziale,221
esordio,480
metterla,50
ammiraglio,53
buick,189
schiare,490
allestere,113
ehi,114
hurre,466
vincio,22
irrimediabilmente,299
giudicato,111
banchina,184
arrancare,160
vale,39
rata,254
vettura,183
vigno,119
discografico,83
arnhem,35
corazza,56
pinnare,40
grave,139
pienamente,211
addebitare,145
impiegatizio,104
abilmente,253
corda,97
interrompe,77
nemmeno,229
confudere,387
bagarino,235
implodere,129
decongestionare,178
lasca,12
infuriare,206
ossigeno,73
sommossa,55
scemare,171
vice,47
accaparrare,88
ravvivare,117
coattivo,144
riprogrammare,108
sbaglio,58
patema,19
irreversibilmente,207
leder,100
desolato,196
trentacinquenne,123
lede,6
nitida,88
funebre,59
immunologo,223
agiatezza,311
tumefatto,739
ridotto,153
ventiquattro,94
adagio,283
culminare,77
resistenza,63
circoscrizione,47
feeling,4
cambiere,58
apprettere,189
massese,14
tobago,117
banderai,31
minimizzare,96
usere,38
trilaterale,90
pettine,34
reiterata,93
corredo,166
numerosissime,70
mastellare,300
scalmanato,335
teor,140
formalizzazione,502
abruzzese,256
tariffa,53
ugandese,245
coronarico,139
casare,582
atterre,22
marsale,55
perizia,60
quindici,109
riinare,226
clausura,19
nobiluomo,282
annapaola,191
spettacolarità,342
strappato,509
ribellismo,568
nullaosta,65
radune,98
tratterre,78
anticipazione,103
sacralità,308
ciuffo,349
vigilanza,40
cobas,48
santo,139
arroccamento,354
avvantaggiare,162
ferrone,799
aurore,215
belucistan,301
iglo,90
serenamente,59
concretizzazione,567
chiameresto,240
depredare,111
porgono,119
rinnegare,285
supporto,104
brocco,197
margheritare,212
ronco,111
vivaio,109
verdura,249
ticket,49
populismo,473
affluiscono,22
modulare,136
tribunire,38
milionario,109
demolitore,60
sgarbi,30
bottiglietta,264
oleoso,93
fotocopiare,51
veglione,54
riepilogare,148
faentine,42
polifonia,399
distrutte,159
fere,6
indenna,34
punibile,154
niton,65
dirigente,23
gravoso,23
vocabolario,126
bovinare,140
analogico,164
lacrima,130
cervetere,266
compito,54
station,158
vedrebbero,155
capoluogo,80
raffinatezza,435
giare,779
gorgiera,262
curatrice,196
orbita,73
garzello,170
sfregio,115
petronio,122
alto,15
carpo,43
iniezione,71
briccica,40
seriamente,94
marionettista,397
riuscito,69
finte,159
strombole,169
portandolare,64
monografico,498
indo,3
butterala,108
adultero,106
sancta,201
antonella,931
telekom,60
soprattutto,361
inno,56
rapire,210
daone,65
bisceglia,502
sonante,22
reazionare,266
rugoso,68
suocero,254
sintese,264
saresta,57
fii,116
fornovo,24
impreparare,252
islamista,255
salgario,112
cantante,680
affleck,781
anniversario,56
tire,35
ventiduo,139
attergato,117
segare,138
manifestato,61
accelerato,139
maneggiare,232
sterilizzazione,519
centravanto,517
soppriro,17
piso,68
risvegliare,170
mirror,92
cullo,105
opera,207
ribaltone,115
irachene,172
crusca,26
canino,257
estone,72
desolatamente,160
onnipotente,180
colloquiare,189
requisire,26
arretratezza,456
imperio,12
goffredere,1034
sottotere,568
corrispondente,20
oklahoma,39
crescevare,208
hurrà,112
rallyre,412
lanciarazzo,265
carabiniere,172
bechtel,40
gemer,46
diatribe,69
interposta,10
congiunturale,240
estimatore,138
erigere,28
pensionata,79
ideologico,673
papavero,137
leggermente,62
razionale,823
mole,2
dichiarere,118
gemello,20
porterà,14
ruppe,39
incerta,32
franchisto,156
isolato,137
atinare,408
davido,172
esentare,115
rigenerazione,397
imperativo,349
esterare,65
fio,113
ossere,48
espressione,577
abituato,361
cereale,306
omogama,241
entreere,73
riproducere,181
reinserimento,125
palloncino,579
addetta,28
contrappongere,816
impaziente,107
guaco,233
capsula,138
apostrofare,203
terrestro,102
verdino,513
condanne,77
bacchetta,146
tornano,50
avvogliere,925
abbino,27
passaporto,29
marmirolo,282
nefanda,29
real,114
proto,9
clandestinamente,112
formativo,435
amedeo,12
affettare,204
bedollo,6
luciana,395
electrolux,129
monire,38
reuchlin,61
malloppo,15
accoppiata,181
certezza,149
atmosferico,164
approfondimente,215
disaccordi,94
rugge,11
inerpicare,663
raiare,170
punch,288
soppesare,76
cortocircuito,71
riscoperte,159
ammazzato,386
trone,85
posteggiare,280
emersero,114
antoniane,196
etneo,63
quai,41
disfatto,179
ritornano,171
infermità,185
protrae,41
camioncino,637
mitraglietta,424
ice,8
foco,15
andre,15
discordo,64
instaurazione,378
convitto,124
cowboy,25
andirivieni,60
meno,107
camping,69
abbracciare,120
destare,118
sfilacciare,368
panato,65
fiorinare,91
licia,84
sciitare,238
fingo,89
alagna,152
duplicere,42
raro,153
compenso,213
policlinico,137
maglione,170
namo,33
macchiato,300
conobbero,96
tredicimila,126
avezzano,359
annualità,242
zignago,109
miere,21
philarmoniker,221
ricompare,73
affannare,263
cantautrice,612
discussione,127
carrozzella,189
impedivare,88
assurdamente,297
nirvana,110
interpretazione,275
ermetico,206
servissero,87
intrinsecamente,1012
finanzo,47
maschilista,544
bernareggio,904
scostamente,262
straordinarietà,116
prudente,70
biologo,141
ripartere,57
alia,98
marce,14
orvieto,110
diluvio,7
arbitraggio,83
epurare,24
frido,504
rivolso,109
sirtore,31
elevamento,220
stupida,92
strafare,470
treguere,504
caiano,729
ranocchio,421
titanico,53
zoppo,10
ora,53
madre,310
lemano,180
comparso,165
fruscio,13
semilibertà,54
indizio,99
musiche,327
graziale,123
aol,158
bellinzago,492
fabbricante,206
verga,180
sottinteso,356
separabile,145
salettare,472
frustare,117
genere,242
distensivo,66
pink,429
ricordò,117
epidemico,161
banconota,56
diversificazione,938
epatico,432
esplicitamente,188
cataratta,179
curdare,62
abitavare,300
ricondotto,448
sfida,10
esitazione,249
avero,102
squadrismo,268
presenziare,158
lucano,144
agie,162
decontratto,105
spasmodico,62
rilascio,45
harum,829
iraqo,140
immissione,114
prevedare,384
astorico,192
irradiare,49
tendenza,99
pancia,190
vecchietti,84
seimila,94
risalente,53
pitare,395
prospiciente,300
tensia,1
lutto,59
grappa,68
pravo,352
sci,140
zhirinovski,122
insicuro,193
dinastia,38
quotare,193
venticinquesimo,147
cogna,64
rivivo,420
statte,36
veto,14
zeto,486
rattristare,392
samoa,98
ila,9
amplare,10
baratoleci,895
girotondo,36
frea,127
invitare,106
steffo,189
erbare,23
esegeto,193
immenso,29
gramaglia,530
balcane,52
invidia,106
traviata,260
smarrire,199
avio,15
tarzan,466
ricevitore,70
tombale,12
artigianato,65
evanescente,213
promettare,143
use,18
prim,52
contesto,466
alme,10
congruità,350
francamente,426
perdonere,164
bertoldo,15
susi,19
water,151
ricalcare,128
concorsuale,316
acario,11
pensavamo,295
rivendico,18
contrare,159
interrogavare,187
estate,42
passante,439
distrarre,205
sinagoga,61
trattenimento,109
franale,420
nocciolo,4
invitavare,178
pidere,80
frigorifero,283
magro,17
ridondanza,849
contribuari,80
diocesi,76
soviet,87
vette,54
dallas,30
arnaldo,302
scafista,108
marcere,120
pristina,131
dina,51
diliberto,133
esteriore,277
doppiatore,119
antidoping,61
mitragliatore,356
involontario,452
slitta,29
fernandel,168
appartare,219
comit,61
vigliacco,436
canta,365
lievito,46
sapri,40
gitano,263
selce,137
ugarta,366
americana,169
riscoprire,319
cello,97
zappa,130
affidandolo,51
nero,45
compasso,141
librone,370
mase,65
piovano,212
unico,62
etc,2
leggibile,107
aggrovigliare,249
mitizzazione,720
rappresaglia,97
emittente,100
partner,20
microfone,75
biosfera,231
tandem,57
amministra,25
tutele,142
aprile,52
insano,23
stupisco,425
dormentidere,88
salsiccia,250
indefinito,153
qatar,79
classicismo,564
possibilità,93
razionalismo,795
ovunque,13
slittino,37
commiato,69
afghanistan,170
illimitato,195
convalidare,119
vannino,139
untore,75
ing,272
ortodottere,152
rea,11
capirosso,259
noioso,304
sconfessare,388
patagonia,166
aranda,224
spergiuro,116
scettro,9
ricada,22
prelieve,123
intermedio,91
sentenziare,134
accingire,54
conclusione,33
cdl,118
quantum,118
cingano,73
erta,3
weil,59
solistico,412
annone,128
kelly,1181
freudiano,601
tupac,47
sanamente,103
dave,439
palazzoe,60
monastico,355
inviolabile,70
monico,33
limbiare,388
alan,1012
suspensa,27
riscoprere,88
racco,16
rincontrare,76
età,46
elbana,55
dimostrante,198
maturare,97
dominazione,208
sfrenato,335
limito,33
dianare,138
box,79
nient',105
mettesse,66
benderà,485
ray,524
resia,64
fugo,8
conan,363
pentagere,99
affettuoso,192
pentium,10
figliastro,158
geneso,168
club,98
taorminare,57
stiramento,409
etica,272
avvolge,300
roisanre,450
cinematografia,130
armato,212
collante,298
svalutato,66
creatore,289
imperversare,205
articolare,378
taciere,157
forziere,32
lamo,70
moderare,69
paolare,657
longare,179
teatino,174
passere,124
prega,77
cosentino,638
inespresso,506
creerebbero,186
ivonne,418
herald,94
uesto,8
stata,12
nelson,481
contrattazione,227
compassionevole,400
fata,53
riconquista,31
inte,27
graie,507
calve,119
minerale,356
blasfe,90
microgramma,150
lentamente,136
mosaico,52
tesseramento,59
rapidità,78
teleschermo,81
polizia,124
cafone,58
videoclip,517
definito,329
nazionalistico,746
boe,45
allenatore,346
cavalleria,71
pandemia,161
malconcio,35
cesena,210
rigar,8
fading,133
gallarato,660
gettato,132
amministro,33
saldamente,17
neofascisto,98
pasticcio,102
anomala,31
fecondità,147
faraone,190
compongere,180
orecchia,80
maskhadov,81
gratterio,55
montagnoso,145
falstaff,391
umbre,10
movimentato,67
abnore,132
deperimento,49
liquido,263
bersele,128
rosalba,509
luongo,51
luzzana,423
debora,15
scrigno,54
filt,130
cabaret,198
livingstone,96
barbiere,55
ipocritamente,810
augusto,54
sapiente,571
egualitario,724
affaccio,44
fabiare,277
evasivo,21
galante,334
tony,43
sottocommissione,79
pappa,50
palpabile,201
avariato,30
edilizia,132
accatastare,480
creatura,297
risanato,22
cicca,308
maurice,614
easssere,139
tufillo,137
montevideo,197
contingentamento,338
ignorato,235
fuggire,310
scandito,87
sanatorio,83
rubere,254
stelletta,99
scolaresca,129
reciprocamente,126
almanacco,357
istituzionale,195
cappello,405
marcello,598
tamigi,126
frequentare,85
stael,238
calvare,360
dive,10
bombardiero,140
cura,81
gonfaloniere,40
ammarare,292
sansonetto,104
quantunque,208
epidemiologo,158
dicasi,3
malanne,151
multimiliardario,35
sudoccidentale,242
maledettamente,230
parlamentino,218
cancellato,19
riscrittura,171
archiviato,122
mobilire,18
ricombinante,247
avocare,101
disaggregare,169
astenere,69
rinnovo,80
istat,51
ani,17
contenire,40
rude,33
filosofale,280
capitalismo,297
vivevare,154
metafisica,539
iniziare,124
stanco,167
architettare,77
comprensivo,91
gonfiare,54
itainvest,117
corroborare,150
marcatore,101
estremamente,140
fastoso,342
consumar,46
intrappolare,426
neste,28
sequenziare,181
pisello,139
bundesbank,81
papabile,91
assestamento,118
occhieggiare,944
bancarella,282
fervore,85
pedigree,95
calico,204
appello,50
oltranza,40
commediografo,510
forgere,330
sterminio,97
estorto,124
anpi,29
meeting,21
immolare,167
antiproibizionista,49
studentessa,115
ineluttabile,333
subari,25
turchia,153
clarence,514
controdeduzione,367
rabbonire,109
solidarismo,451
espressi,93
capitalizzare,221
sottolineare,238
mediocre,14
floc,34
deflagrare,126
sottotetto,609
asprire,50
rosetta,280
intavolare,175
saletto,596
lodo,19
invertito,53
altrove,4
cucinetto,355
angelici,117
burundi,168
asfittico,86
versanto,142
fondue,265
aloe,173
rissa,78
rayman,36
virene,181
sen,15
caterinare,614
inviolare,11
salatissimo,50
pray,83
furente,306
xiv,10
controfirmare,135
cossuttiano,165
brutalmente,256
canuto,350
accusatore,125
aseità,44
tacito,32
glore,312
anagrafico,104
odioso,234
bimbo,156
legatore,21
commercia,111
afterhours,241
commovente,600
suissa,154
razzistico,351
autoconvocato,71
tubanto,49
assist,217
truccho,53
rintocco,37
continuamente,166
patriarco,292
sorprendentemente,627
riequilibrare,265
treccia,349
mutolo,197
tavolozza,271
paramount,471
buste,40
strettamente,272
sciarro,839
motorizzazione,188
recentissimo,57
commisurare,432
notaio,19
preferivo,98
vino,176
liaison,352
avellano,173
tulipani,180
riducibile,158
acciacco,488
maiuscolo,27
assumere,41
soliera,102
canale,38
vagare,259
latta,222
martinetto,960
stanford,387
obero,9
pignolo,8
svanire,163
berbero,20
fabbricare,131
neoclassico,590
helmut,177
unicio,7
litre,53
brunetti,174
intervallo,47
preliminare,108
larico,95
fardello,20
flavon,30
sollecire,218
rimanevare,169
fondino,105
adelio,919
paterazzo,502
attirare,107
fuggere,252
pretendevare,195
coniugale,104
ritornare,186
incipit,202
mutamento,250
incantato,862
ovaia,388
rai,112
quadrangolare,121
scenda,9
inasprimento,151
scientifica,148
prefigurazione,566
fuoriclare,574
antitetico,340
riallineamento,404
arroganza,524
algerino,108
cordiale,40
mandria,18
rodace,79
occhiale,220
funerale,76
affamato,106
lode,6
concorrere,57
possente,75
beaubourg,290
propendere,236
degna,70
ammaino,1
diversamente,393
glamour,375
carluccio,528
partecipazione,21
parsare,58
bennato,330
laconico,87
schedatura,82
accorpamente,125
somala,174
giocatrico,226
discipline,170
sherry,395
prefiggere,167
sfrontare,248
appunta,187
antisindacale,54
convincente,261
arenamento,19
sicura,15
mistica,747
nadiare,292
reggiseno,920
sinistra',218
caricatore,131
auschwitz,89
tennistico,185
montone,165
paga,95
santa,98
fiction,174
serenità,69
pescare,118
dominato,114
disimpegnare,102
gentiliane,93
cerimonia,108
vallare,160
succinto,235
rischiò,28
mitocondro,445
istitere,24
erbato,38
roco,6
matto,33
infiltrazione,66
turn,26
oltraggio,201
graziano,1669
giuramente,29
spera,80
rinomare,74
durò,33
presidentesso,287
modificabile,411
specchiare,514
daverio,34
irrisoltare,116
ineluttabilmente,806
occasiona,5
frida,134
cocomero,152
banditala,97
parallelere,84
lloyds,75
hugo,27
mazzuolo,929
favere,413
restituito,49
sociali,20
transazione,277
durazzo,268
diabolicare,306
lembo,12
avvocare,82
bank,115
orsacchiotto,1205
proiettato,99
spaventare,361
deposito,94
evacuare,101
palagalileo,353
bulgare,27
tantissima,162
truffato,109
vestere,387
stereotipo,461
coccolare,644
inserviente,322
presule,38
impallinare,429
elsinkivere,73
residue,151
sorteggiare,201
grace,819
retromarcia,45
funai,409
golpista,80
esaminatore,69
guance,427
fisica,86
bravo,304
funestare,189
alpina,154
solennità,46
frequentemente,406
appurare,153
bebè,51
off,4
salmonella,377
flebile,79
nicosia,76
reggente,207
felicemente,142
abdure,10
artisticamente,284
producere,56
auro,17
betta,131
fulvio,70
commissaria,32
andreis,490
debitamente,64
berlinguer,58
rovello,22
misera,53
quarantuno,152
nazifascismo,206
piropo,18
trovassero,46
parato,253
eurostat,47
decisionismo,575
ascolo,460
fustigatore,107
terrificante,330
aula,29
irritante,398
breznev,59
scrupoloso,36
maiore,106
reintrodurre,101
scioltezza,112
riacutizzare,278
baffone,346
dogo,45
applauso,60
emblematicamente,385
poggiale,104
bassura,162
incontra,37
trainer,49
prospettiva,197
agevolato,420
bistrare,146
pediatro,207
dancia,651
perseguitato,252
referente,72
proiettore,57
laudare,89
surrettiziamente,435
decontaminazione,357
confortante,153
winfield,695
pilo,39
confidano,60
suggeritore,54
interfaccia,176
intero,9
anverso,64
applauditissimo,325
ricettare,38
belluccio,398
movimento,89
sbucare,532
totalmente,183
clavicola,183
costermano,77
invulnerabile,109
biacco,654
sbrigativamente,251
aquilare,80
interverranno,124
cineplex,228
ottare,172
delocalizzazione,630
revoca,108
sciogliare,24
medeare,197
posticcio,107
agnolotto,34
ciel,132
promotrico,67
budapest,73
indettare,101
sottobosco,109
radiotelevisione,79
contraddetta,256
proroga,126
remotare,33
nativo,195
scuso,175
aberrare,26
nespolo,373
decretare,59
dissestato,95
ginecologi,189
documenta,96
camerunese,625
boolo,833
trasporto,81
pacere,11
napoleonico,154
schiamazzo,86
giurisprudenza,74
alcesto,116
dimissionaro,89
consentire,366
sconcertante,440
abeilina,116
contato,192
puritano,305
epilessia,374
illuminista,495
xenofoba,187
raccontare,193
viadotto,308
decimo,61
sbarcano,88
avanzavare,327
antiretrovirale,401
fucilato,216
mercante,19
cento,92
otis,141
rituale,191
caporalato,29
sionista,163
ecco,144
leader,42
piegato,295
inequivocabilmente,119
aerale,15
rimango,95
orino,395
nicchio,108
domanda,25
luciare,446
raggiunere,78
occasionalmente,83
gianrico,79
immerso,158
pesare,62
librar,150
ineccepibile,132
estetico,694
autosufficienza,127
complicità,242
edificazione,462
ong,26
normalmente,343
mercare,26
assassina,184
convire,281
camillero,565
dimostrazione,103
certificare,95
dipendare,260
monarchia,82
adolescento,151
ovazione,101
meneghino,409
electron,185
pregnanza,413
tradizione,277
pozzo,30
intromissione,376
favorari,63
desinare,181
celi,14
amando,412
acuirò,195
tajano,317
incontrovertibile,516
dipendente,222
estere,36
corrisporre,172
riconquistare,55
ottaviano,254
nata,88
condo,12
rimarrebbero,125
noir,45
retroattivo,319
bergman,511
marito,338
virale,438
opinala,4
stabilimento,126
residua,79
votazione,109
denominazione,8
multiplo,5
iraniano,106
mozzafiare,254
corresponsione,339
neanche,314
sottovalire,150
exploit,48
nicoletta,755
pois,1
temevamo,122
istruttivo,85
ferraio,1081
dirigismo,491
efficace,132
miniatura,249
svelato,70
baldassarra,62
boeme,21
imbavagliare,134
accetterebbe,266
decaduto,14
impossibilità,439
colui,56
azzardato,231
criptato,76
beatty,857
liberisto,417
acuito,9
olivetano,322
nielsen,93
colletta,72
intercettazione,124
patentino,26
stipula,133
malattia,405
corazzata,55
arasso,188
assicurò,20
inamovibile,29
seinfeld,370
digitale,58
radiografia,113
endere,298
solto,30
istinto,312
attenuare,101
servendoso,17
oralità,413
rag,2
ecru,63
cassese,15
giuliare,88
caterpillare,457
dittatoriale,181
scavare,192
assaltare,301
rivolgire,131
coeve,265
geco,118
senz,11
magnitudo,26
mancheere,223
arricchiscere,176
fondante,409
fulgore,79
confermavare,236
allergia,553
bonello,558
assolutismo,551
accordo,96
adugliere,191
focus,58
allarmistico,122
cosso,27
charliere,453
anticlericale,434
parlare,465
paralleli,51
sestro,182
fascia,11
salpare,180
segretare,32
occorrere,239
cappone,745
maghetta,74
piazzare,45
partente,54
concentrazione,221
provenza,110
evolvere,39
religiosità,635
travolto,128
finalisto,24
birmano,32
sofocle,141
rilegge,78
deficit,97
superiora,6
rintanare,200
merì,50
ole,31
involgere,703
aloso,82
nazionalsocialismo,662
balcone,294
ammutolire,164
azzare,146
schiantare,217
devastare,143
antropologicamente,602
bollente,44
schiuma,390
passamontagna,545
tenerezza,725
maialino,320
dinamitardo,175
cogestione,455
autocorrezionere,178
caprino,50
quarantena,149
capostruttura,82
pronostico,138
nascito,53
doyle,517
incarcerato,188
vinti,68
irritazione,285
pizzicare,69
riporto,9
anticapitalismo,339
model,50
lamentano,45
colosso,242
azza,215
tappeto,3
satura,170
ratio,17
condannare,170
accusatorio,131
ridley,641
ralingo,85
implicazione,728
iolanda,235
divorziato,126
sorbire,87
apposizione,242
can,19
disinvoltamente,716
pomposo,93
presieda,72
bifune,143
agliano,245
cappio,131
importazione,212
indebolito,172
monteforte,65
sintomatologia,257
emanuelo,215
ripensamento,153
scema,8
grandissimo,129
trafitto,638
finalre,189
montino,133
cenacolo,278
teatrante,109
putiferio,115
titanic,87
tietmeyer,75
sinare,114
virtualità,189
spegno,22
inesplorare,265
telefonare,53
inning,137
visito,21
etico,270
realizza,37
riferere,92
ronda,56
ang,441
aggius,138
alò,97
pierpaolo,158
confusionario,52
lega,61
eretico,358
dirienzo,91
telecomandare,96
nanismo,239
residente,49
distaccare,115
contraddittore,294
casino,81
diciassettenire,443
disarticolazione,747
baldino,243
discolpare,313
nailon,76
cozzo,365
musulmare,174
realizzare,126
sabato,98
affaticare,344
quel,1
scanzonato,1040
noto,28
manon,166
ostinatamente,353
includere,121
bologno,84
pacificamente,51
partì,57
adore,112
anticancro,373
bullismo,442
autunnale,46
harper,808
improbabile,182
disgraziato,449
laverai,390
vallechiarare,303
sheikh,140
lateralmente,45
grazioso,536
indumento,362
retti,13
incursione,112
antagonistare,327
mucca,100
prosieguo,77
cremare,286
tradurre,75
movimentare,34
soffocante,184
suarez,165
mussarla,76
maryland,181
poliboro,68
agretto,432
trevignano,686
guatemalteco,110
combattuto,63
dibattere,78
raccomanda,25
stanza,117
professoressa,278
rivolgono,55
reato,155
dirigista,215
incroco,13
stime,58
tabellone,75
salernitano,434
ventennale,53
madagascar,94
sobbarcare,72
cooperazione,92
puglio,130
trama,121
traduzione,57
arcola,34
finocco,49
somigliare,68
all',8
allevatore,44
esito,26
cavallai,314
dettero,149
salma,38
nazifascista,193
malo,19
redarguire,51
tuttavia,219
ghz,12
signoria,101
acheare,82
emanazione,132
zemin,99
estire,237
epilettico,421
lantere,34
collaborato,25
elisir,109
evocativo,894
costruttrico,61
aerostazione,266
inedire,286
cercasi,17
sopportazione,310
sacrosanto,124
frizzo,270
rividere,91
pedofile,71
behe,5
nessuna,63
detassare,162
rinunciare,203
sopranazionale,775
potenziale,72
decorare,333
ipotesi,63
scambia,35
transalpino,101
nebbia,95
retrogusto,834
hewlett,240
bob,198
ssis,63
canaveral,134
soggezione,535
augurere,154
galizia,34
apparato,73
marconi,6
magna,23
accondiscendente,257
dimostrativo,35
puntualizzazione,467
percettivo,91
canova,662
arrivarono,319
fondamentalisto,322
riformismo,332
analizzare,188
estenuare,35
petrizzo,146
declassamento,115
alegro,26
rastrellamento,97
allontanere,299
fognario,227
maiorca,222
elettrogeno,291
capo,34
empolo,371
confederazione,121
adiconsum,27
malto,37
bilancino,13
cubico,164
chianco,8
newyorchesi,82
stonare,347
falcho,68
magone,178
firmano,21
bassotto,240
mci,86
borgata,142
obiettare,611
cambogia,104
parificare,181
eritrea,120
impongere,463
fragola,289
tentennare,265
coloro,50
geiger,173
confindustriale,73
tecnologa,112
sufi,60
sfrondare,608
estroso,208
melboure,44
funzionaria,52
similitudine,364
perca,38
retrocettere,349
sublime,583
beole,144
velere,32
edenre,557
porro,193
campo,5
indugio,17
convitato,57
showman,248
pubblicizzato,128
nominale,225
lavavetro,167
riferitare,151
turchino,24
appiccare,358
paesistico,242
proporzionato,95
fremere,92
compravendita,164
cascino,222
corrisposto,181
violentemente,283
caraibica,35
collettore,52
rescissione,110
pedofilia,87
corazzare,168
skinhead,62
tarcisio,271
fiom,152
armonia,108
scatto,23
lusinghiero,114
lacuna,27
aerare,151
sporco,61
governabilità,418
sessant',127
ferrico,11
calcetto,254
zingaretto,187
django,1366
scrivare,443
lavoro,116
colombare,1269
annuale,34
passibile,56
catino,272
carnivore,132
superfluo,315
spia,24
delegazione,65
monferrato,632
sardista,61
copular,49
estorsore,277
ritardatare,60
malanno,172
mater,64
gargare,286
eccitato,273
stringato,64
massaggiatore,76
gaffo,32
cinepresa,230
assorto,769
erastare,88
adattabilità,624
replicanto,7
approssimativo,244
incubazione,234
intimidazione,162
crawl,137
psicoanalitico,318
trionfante,54
impegnato,83
barattolo,470
ladre,278
arrogante,423
ministeriale,118
alala,66
clint,509
amarezza,269
capofitto,30
beffarda,127
affettuosamente,308
chiano,32
laicamente,305
sera,73
giona,36
reynolds,935
richmond,352
commonwealth,40
gliel',75
fermamente,129
adriatico,182
ironiare,176
arriccha,41
lamare,29
decisamente,131
soprintendenza,73
castrovillare,1086
ultras,110
verdetto,76
automobilistico,134
coito,23
direre,93
intervista,94
ucciso,248
contiguità,161
guzzante,227
rivolgo,90
cimabue,102
precedenza,120
carnici,100
brava,168
civilmente,168
festa,113
impolitico,799
fiduciario,77
figare,122
tripla,12
decorazione,445
maestra,80
dispute,63
aldilàre,15
nebbioso,162
archè,565
percepito,280
spicciolata,397
prediletta,460
vendico,25
nouveau,112
travestimento,653
leonessa,154
contrarietà,177
galilea,77
magnum,5
ricevitoria,65
lugare,18
scuro,389
declinante,107
improrogabile,267
uber,281
canonizzazione,197
cigni,97
cfc,14
anch,54
ombrello,40
maniacale,688
igliare,983
paris,29
bacolo,41
imbarazzanto,472
bacco,426
renare,170
prediletto,435
siringa,293
aggiungare,137
naome,72
predilezione,863
regine,58
flacco,165
americo,77
savana,167
avanza,19
rossmann,262
coriaceo,49
delicatissimo,78
scurite,54
specificità,529
averglio,162
provenere,47
campanare,558
cele,24
cardiocircolatorio,406
aspare,89
sorridento,586
minacciato,53
aureola,103
rettifico,18
bocciare,149
scoprimmo,253
verve,675
marta,59
lasso,18
cera,247
propedeutico,21
collegialità,310
vicesegretario,72
cristallizzare,515
disintossicare,246
rilevare,118
fiorentino,473
laziale,359
guerrino,372
dialogo,82
catarrorre,202
merito,140
coinvolgente,190
biage,100
rumoroso,149
importare,162
parlato,112
bombaro,253
corrispondere,267
tibia,28
indento,29
truccato,45
optare,53
crollo,40
polemizza,113
collezione,223
boccaccio,314
serpentone,313
casacco,199
testosterone,367
punticino,251
tocquevilla,108
tannae,7
trascuratezza,433
aerodinamico,110
bertolda,84
alluvione,66
molise,56
belletti,271
bipartitismo,358
pulere,590
curda,90
spadroneggiare,324
mosè,102
converrebbe,172
uscire,68
integrativo,369
educare,39
esuberanza,483
biotto,65
energetico,102
costellare,66
urbinato,153
farcire,55
erette,21
veicolare,127
fendere,481
maretto,443
immotivato,205
chetare,531
insiema,653
vicole,201
lugano,17
esssollecite,197
giovannini,54
astrattamente,83
chirurgo,102
rinunciatario,221
crocifisso,63
tormenta,99
divenuti,34
interiore,840
sommerrere,233
astensione,65
suddito,29
asfissiare,100
mansuè,97
esistente,581
rossi,221
aggredito,159
tagare,41
marmoreo,422
atema,19
riunificare,67
ambasciatricere,60
pantomima,241
interconfessionale,92
sfilza,26
richiederebbero,329
fulcro,18
narrare,599
indetta,80
zeffirello,279
assoluto,44
rimuovere,41
andrebbero,146
stavolta,192
occupato,23
inverso,51
genericità,467
barbero,13
clarinettista,806
ulteriore,112
stuprio,189
arquare,232
rinchiusa,105
impugnazione,431
collegio,50
star,464
ruben,145
chiarezza,264
cuocere,228
perpetuare,475
accursio,83
scuritare,52
deliberatamente,261
crescire,120
junichiro,51
monte,26
elogia,18
dorsale,62
reputare,59
allevamente,178
ghettizzare,85
ranella,155
investigatore,179
storta,43
concesso,52
bicelo,331
confratello,212
irido,24
intralciare,115
tradotre,30
montenegrino,79
impedì,14
timoroso,160
extraterrestre,84
lucasre,398
agere,70
rifuggire,199
obiettivamente,501
impacchettare,528
camuffato,161
marzuolo,640
elesso,80
cerimoniale,55
destine,17
rammentano,131
unicef,11
generalista,139
terzietà,281
egiziare,170
auspicio,106
tolstoj,82
sospettare,237
cavriago,346
virulento,105
rutelli,197
accavallare,211
superflua,301
americanizzazione,480
vigilare,58
urna,57
accadano,146
efferato,213
sblocco,34
residuale,151
vigevano,388
cactus,133
perdurare,66
imperniare,124
cancan,0
tasco,52
cognizione,276
criro,11
equivalenza,124
pistolero,619
lavis,75
gattucci,192
manomesso,109
fratello,166
interezza,458
danneggiamenti,106
consociativismo,634
vasile,118
daffare,118
ideologo,254
passa,39
loyolo,113
liceale,37
fadila,116
impercorribile,118
podenzare,509
miamo,69
lirica,510
migratorio,108
illudare,174
rogo,35
cacciatore,91
comparabile,699
società,49
strana,109
racchiusare,582
elisiare,108
steppe,534
leonardare,512
oristare,376
crocefisso,99
cook,7
marinaio,137
magnare,68
nair,16
pompino,74
settecentomilo,153
xii,22
pertanto,340
marrone,393
divinità,376
esemplificativo,255
diletto,89
astio,29
pretorio,22
straccione,995
artere,59
aritmetico,103
chiedere,255
potentato,71
peia,87
plenaria,90
barca,134
rinnovato,21
restere,102
spieghere,167
diano,89
falsificato,138
agognata,12
parallelismo,370
lamiera,356
contengere,264
montecatino,155
elfo,139
facile,156
scompigliare,378
coincido,83
processuale,144
pasolino,197
rivolge,59
bordatala,33
itc,195
lavorerò,21
estromettere,177
guevara,21
catanzaro,403
gioconda,220
mccartney,426
scorciatoia,60
arendt,120
bersone,91
felino,215
cavità,226
ricetto,15
sosta,158
aliare,118
vicepresidenza,95
supere,40
festivo,34
torneo,263
commere,48
bilingue,13
cristinare,1584
ecologicamente,220
interessante,194
rinviabile,302
luigio,384
tragico,151
roubaix,413
sostitutire,144
shirt,10
dirottamente,116
sghembo,255
freeman,541
celeberrimo,1026
serioso,169
finanziaria,148
banditismo,220
serse,141
peugeot,120
televisivo,188
dalila,14
globalismo,190
cheney,48
scandalosa,94
tangere,125
gioiello,80
ungi,4
vilipendio,43
schr,138
bado,141
asterio,100
cambieranno,74
iugoslavia,140
decana,70
scampagnata,16
gergale,556
sopraggiunte,79
cascata,26
scandinare,163
agitare,141
risultassero,220
censurato,187
pompilio,385
malleabile,42
ida,254
cpp,2
palestre,81
villeggiante,216
quantistico,248
secondogenito,227
psicoanalista,220
muros,70
qatarlo,103
prendendolo,114
escarine,174
restar,39
imputazione,252
scarsissimo,265
meritevole,83
quattrine,110
narcotico,98
scopare,77
pivetto,26
turchendere,259
tullo,247
lawrence,369
cucina,129
informativo,195
ripromettere,235
faccetta,24
omissis,43
sapiens,118
frutto,34
impacciato,644
nevrosi,363
corrispondenza,42
imperiale,81
moltitudine,173
aveto,62
jarno,200
convoglio,209
inferno,125
marziano,128
pakistan,225
canzonetta,582
radioso,97
sbalzo,79
gershwin,786
bachino,894
generare,53
planck,617
conquistato,37
fieri,15
avvio,127
sprone,133
riscottere,47
devastante,197
costrette,90
gennargentu,45
trasparire,154
dance,263
grossolano,252
farmacisto,125
azzo,86
libia,77
accampere,45
licheno,74
stragare,90
reliquie,151
seguere,55
plotone,38
esattamente,75
squassino,6
estraggere,32
vacillare,12
bluesre,688
statisticamente,253
robbie,447
plenario,106
vincent,138
prostituto,213
apporre,64
perduto,20
dannazione,47
balzo,17
tatticismo,409
trasferta,221
consentirglio,174
ebraismo,293
cesio,52
detrito,217
philip,87
amide,3
cristianare,244
azeglio,30
petrolifero,51
buckingham,27
sbranare,396
annato,11
manza,64
scontroso,668
romeno,76
sinatra,890
torce,26
bea,82
imboscato,166
sdraiare,269
qualsivoglia,207
milanese,36
ricontattare,128
satem,10
duke,864
bangkok,65
viabilità,99
incontrastato,139
farsesco,552
ventina,185
director,21
sgarro,105
saracinesca,113
acuii,33
asl,32
annovera,18
stanziamente,177
insensibilità,710
utilizzare,176
infinito,72
massiccia,69
filarello,892
mothman,154
legislatore,222
canceroso,306
ebraico,94
peperone,108
deli,2
puntata,146
furore,55
spontaneo,11
anticamera,73
segno,35
devastato,101
femmina,131
ispiratore,84
telespettatorio,82
ritto,16
savonarola,79
winslet,1031
americanismo,156
notizia,46
crespio,26
sparo,54
giasone,244
rosa,115
siculo,237
desumere,27
extremis,29
versailles,63
convertito,18
boss,115
colpevolisto,67
esclusività,236
partigiani,98
visibile,128
volante,41
detentore,17
sottomettere,482
toga,23
radiomobile,139
concausa,274
accompagno,138
congegnare,102
pdco,183
mobile,19
iridato,304
mascella,192
gualberto,314
sfrattare,48
lan,192
ludibrio,29
mass,2
assalitore,332
sincretismo,788
franare,132
colf,4
candidate,124
kuwaitiano,245
esperanza,53
inerente,188
berio,34
chiamerei,27
maleodorante,574
bighero,9
travagliato,112
narro,503
astratto,576
myanmar,100
votivo,90
matematica,173
ingiustificare,376
orientamento,286
estraneità,411
pompeo,100
incallite,69
arriso,741
sottotitolo,184
spargimente,60
bambina,190
tradire,327
zina,43
opere,17
ricostituire,46
primatista,153
tarantello,247
fagotto,626
schiacciamento,183
indurre,426
tittone,463
immigrare,76
molecolaro,439
htm,42
riottenere,233
acquatile,186
almè,27
sudare,492
astruso,14
arianna,127
freezer,31
reggare,219
zurigo,53
considerevolo,348
inalberare,172
petizione,24
possiedono,63
mandi,27
isabel,35
operato,51
gerusalemma,112
paladino,43
bernarda,510
speculatore,62
alido,105
pervicacia,154
arrugginito,450
sopratutgere,249
apprezza,142
attraento,70
raccattare,179
sottobraccio,488
cadevare,549
istintivamente,346
venerdì,56
insuccesso,67
iacchetto,671
problemino,83
palmira,28
altrimenti,253
ematite,9
scaturire,166
disinteressato,698
russare,59
totalitario,295
oregon,41
creatina,109
moio,125
schioppare,43
demotivato,136
domare,135
avre,98
out,91
torturato,331
enele,19
smisurato,348
intercity,95
scrivevare,181
generatore,100
core,2
boccalino,122
logore,107
maggiora,82
grappare,219
femminile,29
ululare,183
variazione,71
cortometraggio,139
unare,59
dovevi,214
intromettere,364
anarchia,277
rimini,257
ripensare,220
guccio,102
impennato,52
stanzone,78
baia,184
passeggero,137
consolazione,95
sostere,83
stalinista,252
papero,40
canapino,87
quintetto,720
fiacco,10
epilogo,66
cinquantennio,122
barbone,130
naufragare,73
comparizione,53
alasta,114
riappare,226
generalizzato,477
christia,187
garfield,586
jolly,26
campeggia,325
tonfo,42
baionetta,97
tappo,126
feudo,27
fiaccolata,94
beneficiato,153
note,9
ballotta,65
hollywoodiana,272
patrimonio,43
disastro,78
ideologicamente,663
tenacia,92
furibondo,97
cortina,9
sconforto,203
sento,243
particolare,219
minneapolis,297
vadere,78
colmere,88
kentucky,155
larry,287
convinto,202
manuele,153
giacchetto,622
ricordandolo,176
innervosire,289
paghare,65
imare,145
serranda,20
salema,46
cibare,57
biscotta,87
rapinatore,314
siria,182
arcore,19
ivo,37
covo,77
bonsai,11
secondo,68
adsl,9
angelopoulos,253
cerchare,203
triennale,63
binomio,14
gendarmeria,167
british,28
dieci,177
acquoline,250
pagòre,19
addossare,78
torro,14
lenzuolo,568
jan,35
franca,345
governatorato,36
satira,178
infortunato,253
scoppio,104
comi,165
economista,56
arricchimento,366
spazzatura,244
piangono,133
ecoterrorista,119
chilogrammo,112
noncuranza,651
lontana,94
sviluppere,153
georges,399
costellino,44
sosterre,149
beffardo,326
brigida,39
minare,182
cornetta,178
giochetto,201
provvisoriamente,48
riproposre,105
accorciare,96
appoggare,144
statua,199
porsca,156
minere,10
settimanalmente,73
abbandone,61
baracca,302
giocato,355
particolarmente,90
cupola,40
boot,451
spallare,206
fiorano,96
irriverente,847
pargolo,349
usai,33
strato,123
aumentare,191
pco,125
futano,156
tremagli,37
parcheggiare,451
fierare,91
digito,107
baratto,60
cristiano,197
imperialista,393
ragù,3
sempreverde,89
afghanistanre,199
decorativo,223
distruttore,62
rimanire,105
naturalmente,889
caro,76
convenienza,513
consiliario,102
rispuntare,106
garantisto,199
pascere,279
tennis,66
estremista,275
sisma,46
mummia,12
parlo,202
ventennio,162
padronato,145
nocività,258
pacare,102
chitarra,425
allgemeine,132
tenace,47
filosofico,539
pilotato,30
osvaldo,71
informato,93
tombino,156
ballano,696
rivalsa,201
eterno,86
autrico,340
maometto,189
figino,149
saffo,29
libano,182
assomigli,71
eccidio,151
glorificare,361
orsùe,115
dorella,1400
frosone,430
favara,96
soffriva,298
curry,319
slittere,133
quercia,164
ottocentesco,425
salvavito,324
declinare,27
abolì,25
chiedevo,172
fondo,22
assediato,83
patinato,582
novellino,582
obolo,32
clonato,200
imperterrito,76
credibilità,78
follare,398
quadrante,186
musicho,352
risolti,50
omologato,126
agamennone,267
idem,0
shoto,69
francescare,524
grappolo,130
spalancato,111
mapello,157
autobomba,154
odere,254
ter,8
benito,45
tristezza,416
ciascuno,55
mcd,24
immigrata,57
cardinal,108
comunicatine,76
amstel,93
salame,75
satine,56
canada,62
tario,55
neanderthal,223
winston,749
altario,192
grant,617
consulta,107
scope,30
lustro,52
infermiere,172
soleo,61
farinaccio,165
inquieta,161
idaho,108
baricentro,99
agguato,149
duplico,13
camper,39
gonfio,379
tamponamento,97
fez,31
banano,31
vivacità,334
pazzare,65
astaire,1305
cupole,65
ammettare,376
muzio,106
ischia,26
promuovare,168
attrezzo,139
alpax,76
etiopico,176
sospinte,61
gallerista,605
demaniale,96
eminenza,32
nonsenso,236
pensabilità,372
ramala,132
benevola,19
tricre,606
giga,25
cinquantenno,109
dama,30
apnea,90
acrobazia,174
accenna,39
avvenuto,48
perturbato,148
soffro,113
californiare,211
outsider,22
esse,7
trasversale,73
dibattimento,149
alienare,23
perentore,39
incrinare,84
marginandolo,162
scarlatto,972
nitidezza,487
dreamworks,411
sapremo,164
seicentesco,538
bevono,181
gaulle,23
settantina,184
reincarnazione,423
filatese,16
scompiglio,114
magistratura,91
legare,59
pardio,100
apri,18
entusiasma,171
orleans,213
preannunciato,83
andare,301
bigo,189
simpatia,87
flagellare,84
campanario,759
chiudare,59
olivier,721
incarico,76
prolusione,82
patente,23
drammatizzazione,511
scricchiolare,194
equiparare,34
consugliere,63
vedovare,830
brandire,111
atterraggio,152
supergigante,338
tassativo,60
cossa,35
jurassic,282
miles,526
penalizza,98
dovre,181
angeletto,136
afroamericano,90
follia,188
gigione,131
boys,460
sappiare,313
difensivo,20
confagricola,90
pontificare,207
ello,268
dilettante,140
inaudita,183
conglomerato,80
qualitativo,614
lego,15
ervere,85
squattrinato,151
edgar,31
files,150
temporaneo,129
accampare,42
aerosol,184
predominante,281
monopolistico,263
costituiscare,224
rolling,459
fiammeggiante,850
premurare,292
marinaro,645
individuale,230
inneschare,81
orienta,24
persona,48
cada,5
ring,19
anestetico,287
negativamente,177
vittoriare,324
gamia,9
terrazzo,463
popolarità,33
affiatare,202
inguaiare,216
albino,244
folgore,64
grore,9
rivoltare,388
carbonchio,200
liceità,107
iscrivo,11
cacciata,29
pugilato,129
bucale,711
saladino,68
sanguinare,66
freeland,123
gravitare,40
bavero,112
neppure,306
liscia,12
cabiria,10
tendare,159
cronaco,37
atletico,146
muovere,37
volvo,136
roma,18
incontenibile,134
longevo,71
donzello,51
toyoto,135
piagge,46
bulletto,1233
millenove,195
passera,87
machine,108
giacca,312
soprassedere,504
nunziato,75
macchietta,308
indipendenza,29
bombare,232
piatta,44
fluidità,51
cornare,169
caparbietà,149
reggere,181
subiaco,417
tornere,33
elvira,444
oppresso,225
scambio,15
smetta,104
gruppo,23
guarnello,63
suddetto,17
line,144
embrionale,315
piuma,328
geroglifico,265
pregiudizio,477
jeff,1207
feedback,100
edilio,29
rifiutare,228
venatorio,128
declinazione,838
inseguito,82
paralizzato,88
sgorgare,239
ottantamila,89
abolitare,41
disattento,101
originario,17
seghetto,464
mutilato,76
momento,123
clima,17
basterebbero,102
acquisire,79
fulminare,160
palau,79
scarse,82
accorare,186
tronto,86
pretoria,6
attività,64
bretella,163
scialuppa,90
colombine,306
contrazione,529
cerco,19
cronico,250
cernusco,238
temporeggiare,95
nutriente,287
orsino,188
accadimento,852
commissionare,63
verte,8
pavese,152
incisività,241
castano,642
mussoliniana,173
infinitamente,200
nebbie,128
tesaurare,45
azzannare,750
chomsky,142
nigeria,92
responsabilmente,290
intempestivo,80
assomigliano,231
segregare,164
laicismo,589
centriro,6
usurao,79
indipendentismo,242
abbasso,13
indagò,162
possidente,77
rose,17
addenso,58
saggezza,230
insultante,256
placa,7
accente,402
alberatone,589
salire,37
incontrario,218
capeggiare,89
rigettare,112
tangenziale,223
coese,32
offa,85
controtendenza,90
saldezza,143
tratta,40
danzato,416
plasma,289
branagh,802
retoricamente,539
falciare,308
maoista,279
teorico,285
georgiano,120
frecciata,53
benedettino,458
goldfinger,993
loris,54
condere,254
armo,2
basto,42
catenona,46
occorso,14
pupi,53
edicola,28
correlare,308
felicità,131
viktor,133
truffaut,177
sarsina,201
muscolo,136
prosit,37
psicologico,167
hoc,5
brevettabilità,383
costo,312
dola,124
lou,535
signorile,41
consumare,38
lewis,212
vilma,39
baraglio,60
insider,13
molino,1269
cippare,273
prussiano,89
fateci,76
renault,129
petrosa,96
assicuro,49
stivale,268
partari,20
ingrandire,24
alamene,71
legge,163
esquire,66
albani,83
florido,47
cospicue,125
storiello,461
fluttuare,71
urina,141
benino,70
niccolare,311
aeroplano,168
messer,169
maratone,423
trecento,168
sommo,43
kyoto,22
geologico,179
nota,24
riesplodere,94
condirettore,121
incordare,148
cestista,261
esorcista,119
leconte,413
astuto,260
commensale,56
dissacrante,1276
senzatetto,125
prendimo,53
allucinato,633
manomettere,56
break,192
paio,138
calabria,129
carnevale,59
recriminazione,314
liliano,838
funesto,76
sostitere,86
nedda,151
contrabbandiere,155
consapevole,476
alcatel,164
confortevole,150
orsola,344
detrazione,379
smithre,131
criminologo,113
menzionale,81
interferenza,117
commerciante,99
favolo,133
peggioramento,191
sacramento,249
perseverare,195
astronomico,58
orgoglioso,74
marginalità,273
sene,63
aperra,36
ragionare,156
bidello,50
babbo,22
ricorrare,55
controllavare,176
collaudatore,130
postulato,90
succedare,154
franklin,347
venivo,229
scriteriato,68
straniero,49
tardone,175
insieme,49
caravaggio,292
proposta,201
diffamatorio,157
recidere,71
ospitante,15
analogamente,186
adelardo,190
circondariale,270
landa,21
fortino,27
geniale,711
suire,47
pertino,11
innamorato,494
bildt,44
bucchero,271
gallardo,697
nicoloso,93
intonaco,128
gesuita,68
oculato,26
scattane,70
minoranza,31
eolia,245
disincentivo,375
confare,43
intimidatore,129
palo,269
gagge,185
agio,181
supervisore,22
infamante,311
stringire,70
nigerio,117
veneziano,166
magico,93
addizione,47
panello,409
decente,84
comandante,106
tunico,170
aiola,100
alegre,29
raccolto,39
solido,39
disfare,192
riabilitativo,277
emigrato,53
ottanta,183
murazzo,235
pire,120
luno,71
notare,195
autorizzo,40
finge,32
agre,37
saliere,28
orno,187
biotecnologico,114
saigon,117
anaciclico,351
veronal,8
cofanetto,209
perseguere,153
comprendare,422
evolvare,75
hostess,10
adunar,59
puerile,108
nesso,116
alaco,96
sommersa,106
rimonto,204
ponderato,128
nemico,87
muovendoso,50
faccione,378
berlinese,59
casual,85
disneyland,110
inconsolabile,310
deprimere,287
rampollo,115
bacerà,247
simone,336
imparare,196
eclettico,900
capitello,561
ansietà,433
finale,70
colazione,98
ospita,25
meier,223
ciarlino,526
nbc,36
disuguale,155
forio,790
prontamente,71
sinnie,170
allegorico,462
galeazzo,627
playstation,10
riscatto,23
polpetta,328
colorane,488
viziare,329
cartacea,175
menso,59
prepotentemente,242
hacker,74
confidare,269
provvisorio,6
atena,31
babboo,70
consensuale,74
lit,21
designer,130
perfida,532
danielare,671
barile,39
puntuale,61
rivelatoso,71
didascalia,293
prasso,173
botteghino,23
trionfalistico,299
marini,101
gotico,556
problematica,436
preferivare,279
costò,42
fondello,169
molotov,106
trippa,43
gregoriana,394
interruzione,61
didaco,61
contraltare,129
concilianto,152
sommessamente,145
joyce,100
sottilmente,557
indago,400
sovrapposizione,329
tentarere,241
incitazione,226
giornato,40
patare,43
emozione,354
arca,6
mccoy,661
cecchino,133
identifico,105
squisito,573
fautore,162
diretto,15
larghezza,17
victor,157
indebitare,144
ambrosini,405
coabitare,19
sarroch,186
merck,142
figlia,280
cito,11
rievocazione,523
gerarchico,123
intitolato,284
incanto,27
interregionale,175
amica,142
divagazione,638
sirena,54
pattuito,251
comprare,160
ascensore,203
square,64
modernizzazione,473
ovare,83
camorrista,262
bard,442
prendendoso,77
gallery,292
risolutore,12
equivalento,161
corano,23
bagatto,275
asburgico,97
donnino,376
rivisitazione,251
ferrante,711
coordinamento,119
fonico,129
paura,139
altrettante,49
cerignola,403
ome,14
madamare,56
dimenticabile,219
berkshire,201
matt,701
contrapposre,295
antistante,250
rittana,88
barcea,25
mecuccio,234
ritegno,205
al',6
nascire,138
abitacolo,415
scagnatige,25
sacrificare,103
comunica,24
pii,62
wagon,97
stravolgimento,554
rombare,581
pianura,195
replicano,19
autostrade,87
riproducibilità,827
rubricare,26
tortare,209
sabaudo,61
costernare,81
novità,27
jazzista,942
notarile,45
procedurale,208
brooklyn,119
sbarramente,54
polisportiva,337
preterintenzionale,207
positivamente,113
incagliare,189
triplere,53
emiliare,327
spostamento,183
biografico,387
spacciato,254
fiscalista,126
israelitico,105
apparo,48
canalone,221
acutissimo,109
paoluccio,496
concludare,140
everton,184
dissuadere,125
napoletano,104
saporito,89
charlton,261
intrattenimento,180
donadone,425
touco,10
safario,173
sfortunare,415
muddy,969
osano,93
guidio,135
alceste,156
ancoraggio,504
oppone,63
rosanna,247
albero,140
introdotto,238
erzegovina,122
postonica,82
deprezzare,187
invadare,97
partigianeria,46
inviere,22
frank,291
montaggio,92
irrigazione,244
settimo,77
testa,297
dileguare,585
divino,56
arandone,445
accorgersene,524
triturare,324
tran,54
aniello,1185
obbligazionisto,111
espianto,40
microscopico,270
scientificità,294
demografo,29
aviotrasportato,96
soldare,194
riservare,41
qualifico,53
intestazione,91
informa,50
festeggiamente,144
svaria,8
baso,67
levatura,106
watson,583
pinuccia,373
bussero,23
teletrasporto,101
vetto,40
jack,85
dev,8
vincolo,225
manodopera,107
luccicante,950
barberino,279
armeno,20
epurazione,64
parziale,47
calce,53
selene,227
demente,204
applaudere,76
demone,115
bolina,262
flamino,39
mutilazione,197
comprimo,20
indeterminatezza,378
decretazione,205
cessazione,89
luccicare,873
wolfgang,120
confluire,34
castrista,146
roll,295
cortesia,94
liedholm,323
asta,22
ibrido,73
desolare,223
lente,16
rimasre,71
girato,170
dipinger,101
borussia,360
ghezzo,135
libertà,24
raggiunsero,60
impresa,231
aristocrazia,353
messaggio,35
antifascismo,213
bibliotecare,76
strozzo,60
anticipare,209
meto,6
omicidi,226
agitai,7
grassi,201
snobbar,235
benguo,64
tatuare,388
baccano,274
loggia,17
semplicistico,1138
stento,42
rondinella,484
giustifica,242
federcalcio,100
titolato,22
marebbe,56
tiraturo,25
lutero,112
magia,301
costretti,31
delegittima,297
gaeta,12
biga,352
innato,267
cucitura,118
nike,34
modificato,240
press,61
costituendo,125
flegreo,156
volare,83
chieso,221
serbo,120
valtopina,355
cenzo,25
ripensamente,63
samuele,18
tosso,165
siepe,120
idra,5
contumacia,179
banderas,681
particolarissima,482
longostreve,44
rotturare,171
allente,4
reciprocità,204
reliquia,158
ruggine,85
elettorato,145
prezzolare,191
omogeneità,586
rubene,191
bravasi,138
colpevolezza,236
deficitario,159
recupero,37
avvalso,34
innocenzo,31
telefilm,273
travesta,557
nefandità,74
bariletto,243
sepolre,157
rettorato,40
dandone,91
modestamente,331
circostante,405
evidente,808
div,35
spunto,30
apripista,4
cava,116
addobbare,515
ghibellino,339
conto,18
cent,16
pigna,46
riesci,248
esterrefatto,247
virare,270
ricomincare,64
terrebbe,117
giordano,50
necessariamente,1078
immensare,142
barrare,23
obbligaz,64
falco,53
mirano,329
giocoforzare,109
congelato,72
imperdonabile,468
intenzionalmente,504
bigare,98
mutua,16
sicilia,107
integrare,402
recuperabile,94
illusorio,264
orgiare,365
illegale,98
chiudere,64
ascesa,24
acerra,297
geologia,163
amana,57
capodanre,85
chirurgia,146
nazionalizzazione,725
gianpaolo,126
euforio,69
lungo,93
rollare,328
perdano,24
nightclub,201
trincee,70
brodo,69
teulada,85
busano,66
bene,17
desta,67
calvo,131
cardiochirurgia,199
attuazione,233
giochere,177
gallina,225
intare,180
elastico,121
golosità,12
reggenza,75
impedire,179
carabina,170
derivino,125
esimer,34
montante,14
sottotitole,135
grand,141
eme,19
telegraph,96
organetto,412
atteggiamente,412
nascoste,76
manager,69
associazione,50
miele,117
caotico,52
marialina,186
anormale,300
rivendicare,36
velocissimo,280
riservo,28
salo,76
espletamento,484
accantonare,286
sfidare,99
radioattività,234
calmiere,44
esiguo,48
statuine,609
congenire,429
polidoro,1239
casba,103
gag,7
scontrano,172
semmai,466
pesaro,80
disteso,195
becco,51
defunse,124
effettuazione,288
astener,43
adulto,183
hillary,111
scippare,51
simonettare,753
ente,129
poetessa,484
grumo,35
focalizzare,239
trapelato,90
barracello,284
bassanini,43
elettronicamente,144
tricarico,14
matrice,56
fidano,115
bersanio,73
antieroe,55
caccamo,292
carniare,247
raccapricciante,309
fatale,32
punk,244
contento,555
allungamento,350
affinità,229
emergenza,29
effervescente,156
calibrato,62
maggiorenno,90
rosina,851
peccato,31
modificazione,683
precauzionale,29
bioterrorismo,51
ravanelli,382
incriminato,102
favoritismo,54
cautelario,256
maggioritaria,194
rimasto,38
autobiografia,310
arbitrare,49
rivisitare,185
stangata,57
risorso,45
aggiustare,72
begardo,369
cagliaritano,405
autenticamento,448
sommergibile,218
esulre,274
macchiare,272
domicilio,49
immortalità,538
bile,10
asiare,114
avventurista,211
chieto,195
avvoltoio,522
imitare,113
caloroso,114
assicurazione,62
assunre,23
inquinare,95
tesoriere,40
spostato,63
morfologia,361
bigello,169
perverso,61
generosamente,278
riordino,220
prevertice,17
salvo,7
colluttazione,408
incassato,165
incolpo,61
radiodue,135
pietro,31
agari,9
bridgestone,158
armani,3
biglione,60
asce,32
stimolare,169
angloamericano,163
capirebbe,482
gaza,174
ladri,121
fulminante,96
impareggiabile,426
decantato,464
alarsene,54
alare,186
scarsità,113
sgangherare,62
abbagliare,114
metare,35
casaro,618
dubire,201
riscossione,358
emergente,24
algebrico,148
stamano,86
schieramento,178
reduce,13
discapito,480
atere,32
freschezza,506
standardizzazione,985
tagliatatelo,856
reuccio,117
cencioso,292
deborare,33
pennellare,1077
ohe,335
laurare,287
garbo,70
cresta,56
planet,109
simboleggiare,392
odor,6
fontana,28
ber,8
casciare,420
rotella,126
stalingrado,79
rabbonì,158
ginestra,87
ventisettenne,206
cluster,76
follone,323
prescriggere,110
modernità,457
carestia,97
marcone,70
transigere,144
stoffa,782
dacia,110
ozi,59
nubifragio,141
schwarzenegger,258
burundo,228
volt,17
aberra,31
discarico,166
consigliato,21
tecnologare,156
breve,19
descrivere,146
incontrerai,106
disegno,48
militere,155
nazisto,151
istante,229
frankenstein,261
andatura,85
fuggito,152
reagan,64
condor,7
finanziario,159
canterino,164
corpo,58
risparmiare,151
battevare,209
unitarietà,375
sun,169
latifondo,35
raggiante,55
permeabile,185
aprirebbe,118
prono,165
attrazione,137
zen,104
stipare,280
badato,283
beatrice,419
dipartimente,26
gherardo,34
man,486
melodico,518
vargas,71
misurare,195
quaglia,143
sovrastimare,187
djukanovic,67
dispone,90
originariamente,181
ritrattazione,48
berardinello,534
urbano,31
benedicere,65
governativo,29
andrò,87
ampliamento,269
erodiano,100
pellegrinaggio,202
davanzale,54
stampante,93
lolo,4
direttivo,178
piovere,62
vulgata,432
nature,69
senna,90
nord,65
monarchico,206
sabir,34
autoironia,932
sordomuto,176
squalificato,470
gonars,304
governamene,36
incasso,109
settore,64
zavorra,51
cuccia,77
tripes,471
peggio,89
condolere,25
sopravanzare,102
mantengere,66
inquinato,220
sforzesco,341
menisco,58
ereditaro,29
mediterranee,83
crociata,59
sfiancare,371
giovan,480
gravemente,36
dicenso,342
mandore,522
egoistico,758
paperino,637
amicarello,1409
opulente,204
tippie,216
scosso,60
riminio,93
addebite,82
tancrede,24
sempre,526
salvezza,19
affida,23
ineguale,89
geometria,166
condure,46
eolino,1178
teolo,125
gratuitamente,88
soprannaturale,922
radio,57
river,168
riaccendere,78
aiellare,724
rifocillare,162
bagnole,124
arrestato,316
confondare,769
fuco,181
valgare,210
doping,67
tessitura,63
lituano,161
atomi,37
lito,6
nine,18
cucchiaio,201
indagare,177
capienza,72
missaglia,30
joseph,176
esaminare,137
cuore,15
corte,89
dissidio,38
ripetizione,115
stendere,251
inetto,321
sottratta,159
garantivare,322
lady,574
coltello,216
alee,499
anticorpo,508
opposto,53
incautamente,288
geologo,80
dennis,479
armonioso,141
codardo,147
caseario,152
genoano,259
fiasco,5
trovarmo,208
congedare,162
computerizzare,313
comunale,60
alcolismo,183
frammentario,304
fondamentalista,415
mostrere,31
fattaccio,76
espello,11
semplicissimo,413
bompresso,61
compilazione,251
prosciugamento,251
bordo,190
quell,42
golpisto,121
vivevano,113
calzoncino,552
accorpare,67
quao,83
scagnatiglio,89
torpè,374
cassina,459
neivo,335
sarti,94
tagikistan,276
porcia,207
filtro,70
toscare,462
alame,38
inali,46
turco,24
indietreggiare,276
svantaggio,81
griffith,682
pedalata,104
importanto,219
sopraggiungere,163
consigliabile,123
gordonare,566
borgare,302
giovanile,13
abisso,87
rossello,138
start,8
rema,5
corsica,22
reps,109
chiglia,574
rapinare,250
salone,104
raddoppiato,64
cachet,58
preludio,80
macellazione,13
infilzare,501
monterò,411
prestine,61
porta,57
riccardo,305
sacco,16
pongere,259
corriero,6
uilm,138
wolfowitz,56
osservare,125
animare,177
inventivo,279
eliso,110
gaber,193
ferretto,706
gordiano,15
inimitabile,678
battesimo,79
cine,283
quaggiù,293
ordì,5
profume,243
intrusione,151
contrariamente,441
democristiano,302
disoccupato,83
totale,17
stuzzicare,405
aveve,45
bugiardo,165
albergatore,68
necessita,142
intuibile,307
file,12
schifezza,202
legittimamente,494
gang,52
piè,0
cibernetico,186
razziare,98
ritirata,44
monreale,516
giganteggiare,423
prossimità,153
assordanto,107
macchione,459
baldanzoso,87
rivisto,37
offrare,32
annichilito,209
afferente,47
pozzuolo,175
eroso,26
buonismo,452
utri,67
islamica,180
sveller,234
collettivamente,454
splendore,129
vorrare,91
asfissiantire,117
esa,16
traiare,540
arredamento,184
circa,172
indignato,181
oroscopo,123
trentennale,74
bestiario,83
bolo,29
centesimo,74
autocarro,227
chaplin,379
squadra,323
sagrato,296
iver,24
arlecchino,533
damocle,6
versato,188
pianificare,45
secolario,384
deltare,162
scadimento,530
figaro,54
dirette,28
vaiolo,200
afghanistano,197
milano,59
essai,107
vinte,18
usufruere,163
abilità,150
assistere,36
sebbene,348
indebire,103
prestabilire,408
reagisce,97
stiare,126
previsione,62
subordinazione,679
univoco,329
benigna,81
angolazione,91
ingesso,69
fiandre,235
eccitazione,358
scoraggiare,180
sopravvissuta,114
disparità,227
basilico,244
outlook,58
succo,119
banalità,477
leinì,37
cartier,7
argine,36
shake,81
palazzotto,240
prospettere,410
soavità,306
enormemente,153
part,21
riapre,43
idealizzazione,839
dandogli,36
recrudescenza,153
discredire,208
mazzuola,698
catarrosa,105
terriero,93
europeista,66
gogò,43
affidatario,73
vigliaccheria,756
requisitoria,90
ritagliare,138
pulpito,66
rilassare,94
personale,12
ranci,7
viviano,229
osai,179
cintola,319
sapo,4
emblematico,204
crociano,234
orribilmente,146
lafontaine,118
crotone,250
meli,156
amo,13
moschino,26
affiliato,114
dotato,47
disabilità,130
pamela,102
sottendere,490
opinato,139
scampare,222
sico,276
causale,129
velista,216
foggia,257
mortuario,81
cash,429
erroneo,157
rigo,20
precisare,191
confusione,203
dissociare,136
cordare,326
orfare,34
concepito,156
contadina,133
morris,197
evire,49
csm,69
quid,19
accusarono,279
flotta,144
burocratico,131
coronavirus,379
internet,135
talare,58
retequattro,177
incarcerare,204
vivaldo,440
graduale,166
susseguere,58
ghiso,173
morre,287
inversione,222
condone,123
montelibretto,530
sconcerto,185
barga,27
gareggare,129
anfratto,409
werther,340
borsine,59
mestiere,22
clark,664
sorvegliare,71
staffetto,54
fiuto,35
decollare,40
impero,77
ruby,266
incanalare,256
cotanto,139
clarissa,525
coglione,20
stro,18
matignon,69
scave,72
fedra,14
lapsus,44
omertoso,59
rielaborare,253
lauregno,48
see,1
reunion,880
noleggiare,89
riprovazione,104
francasso,55
perde,34
lastrico,92
chiosco,667
riferimento,260
esteticamente,699
scanna,599
stilisto,137
chet,320
gibson,627
riemergere,236
affronto,28
rimarcare,166
climatico,75
matthew,530
computare,238
dossier,36
sostennero,143
sopprimere,63
sans,21
spigoloso,676
affettivo,412
curno,687
egida,10
leggere,142
garbala,97
recesso,57
pellegrinaggo,153
costner,1038
ripristino,45
radiofonia,116
compatriote,71
contese,40
formio,148
litigio,23
turrito,56
essi,12
poor,70
divario,102
letterina,41
morivo,110
giovano,323
metal,10
frattanto,13
lozza,91
insorto,34
pregiato,66
generalizzazione,651
marianne,616
comico,432
caduto,36
rider,218
intimidire,151
ashley,201
cottimo,69
valenza,162
fratturare,132
ecocompatibile,287
volo,97
newsletter,165
brandi,65
nutrimento,473
popolare,11
aiolo,366
brokeraggio,177
orfanotrofio,185
portavalore,360
anteporre,279
maliziosamente,723
esplosire,35
apparso,47
smettare,313
nous,15
acrobata,196
pecora,132
frenata,116
texas,98
rossiniano,250
tabellare,77
passeggera,104
demolizione,106
lindere,381
statunitense,115
miracolosamente,202
sanzionare,254
lcd,41
stipe,87
compendio,94
tamburino,238
ferrigno,64
valeria,500
disfunzione,219
imbarazzante,400
arridere,489
fiuggio,1
irragionevole,487
amelio,27
visita,24
inascoltare,109
composizione,115
freddamente,67
stradine,103
lincei,107
entrambe,8
dissuasione,216
forsennato,306
messicano,148
investitare,95
dentro,102
contempli,112
eolica,186
bandana,151
biomo,55
maltempo,105
crocieracon,103
fuggirono,242
autoriforma,358
possedevare,143
cattaneo,112
madeleine,91
regolere,97
rage,139
cristallo,102
veloco,113
invitante,52
ricettazione,156
disparare,161
montaione,379
ddeutsca,75
cumulativo,258
quadrimestre,136
mirò,838
rimino,143
affossare,179
euforico,72
laureo,53
assemblare,69
berillo,307
pomello,148
muscolatura,266
desio,104
lorenare,220
erto,13
occorrevare,101
benita,190
onicoso,43
valzer,16
luandare,217
moria,66
parlante,438
ripercorre,49
crisma,9
grossolare,161
trentamila,92
personato,138
quadriennio,52
ciliegio,198
impaginare,574
ostaggio,106
digestivo,25
gigetta,226
cecità,424
vannare,113
soltanto,546
trincale,53
oscillo,6
significhare,183
professionalità,281
ventolare,272
cartere,429
massone,32
golia,33
formate,142
inestimabile,58
patteggiare,72
retico,280
saetta,255
los,55
didatticare,251
fotter,539
ovra,9
infrastrutturale,244
tagiki,112
arenile,197
eva,57
volontaria,34
sommità,190
intrattiene,32
antartico,212
inflitti,49
pierluigio,80
enfaticamente,476
predisposta,198
guarda,100
pizzale,321
violoncellista,871
geometro,26
trentuno,161
calunnia,195
menestrello,497
capogiro,140
rotte,10
omaggio,32
fioriere,42
battente,10
domandere,106
fucilare,218
boole,577
delinquenza,115
pitta,127
allusione,424
sabra,58
rocca,58
tagal,125
partenza,40
centinaio,158
collabora,21
insanguinato,142
vaguire,100
ritornello,191
piccone,73
distinto,229
disinflazione,186
salino,277
marame,176
spazioso,75
committenza,99
campale,28
ligabue,142
dimissionario,125
ventotto,146
ricordare,220
indubitabile,716
impiego,145
monia,30
gruzzolo,36
grando,59
ammazzare,415
rechere,52
altoatesino,97
quarantasette,201
colorire,372
doble,244
vigilato,56
prevedere,273
interinale,191
sopravvalutato,99
nostromo,40
europarlamento,102
falegname,39
bignola,442
cosetta,223
masque,269
parare,730
juventino,612
fieristico,231
novanta,125
espiare,66
unificare,153
dichiarato,86
canberra,45
fuso,11
anziare,108
miscuglio,466
eremita,169
guada,31
marzocco,1460
novo,44
tristemente,113
isoldere,85
posseggono,60
trere,67
ischemia,135
bilanciato,49
appartenere,157
reclamo,18
dimentico,343
accorgare,304
salvifico,375
estinzione,35
indro,37
gongolare,296
denatalità,150
abbonato,51
belligeranza,71
ratee,197
prefettura,51
scirocco,194
fratellino,234
manoscritto,262
prevenzione,151
sondaggio,42
slittamento,245
baule,136
osama,97
cosciento,172
accedere,85
cristianità,309
distanza,25
foresto,54
votante,85
famelico,127
contraddittorio,335
supplenza,60
detonatore,168
week,14
asserragliato,293
sconveniente,265
aranza,61
requisito,258
cromito,76
giungevare,215
precarietà,196
collano,328
ciononostante,131
agguare,123
caratterizza,340
milite,53
prorogo,100
tore,33
dependance,14
aalà,0
controllato,130
contestualità,452
appezzamento,47
snobismo,780
rioccupazione,115
tredicenne,408
piombo,19
edere,212
spumeggiante,346
ilenia,73
villaggio,279
console,24
surrogato,102
cadere,164
pierare,789
oliva,218
ribellano,84
baby,12
canon,99
mister,180
difensiva,21
spot,134
popolace,52
irraggiungibile,103
immagina,589
sorpreso,146
caverna,75
immodificabile,553
colorazione,649
mazzettino,93
rinvigorire,73
scommetto,28
atalantino,507
scansare,257
gioielli,108
simbiosi,128
comunicare,97
rivale,87
palco,119
rafforzare,166
pagato,170
bramma,37
robo,146
audiolese,11
belga,121
aci,31
inefficace,260
inaudire,274
osimo,910
etero,23
intimidatorio,207
scuderia,89
impostato,314
mar,28
trajkovski,107
ingiusto,152
eudoro,345
piroetta,350
sottoscritto,66
tacciire,144
alimentira,19
spizzico,15
iolandare,256
ave,127
anticipo,53
achillo,47
aneddotico,684
baiocco,718
vaticano,116
sveglio,64
satirico,165
caustico,177
puma,147
egemone,205
scarto,45
comodino,401
contrastere,157
serialità,328
emiro,65
daterò,121
trascinatore,557
vedrei,104
sulmona,177
pirato,15
cittadello,199
carniere,65
controrivoluzionario,370
cambiamento,160
involto,285
stingere,289
rimarre,39
keith,199
piacevolezza,502
cardi,18
intenzione,145
bibita,241
quattordici,105
difficilissimo,227
prospettato,474
mangime,225
federcasalinga,47
lealtà,14
ambra,121
occam,2
lobo,17
limitativo,719
artù,21
ciliegia,166
polivalente,87
residence,216
inutile,183
salda,9
chef,35
spareggio,353
epica,327
controversia,63
gerarchiare,126
impietoso,82
ormeggio,150
scotch,51
dettagliato,146
procedine,49
ascella,51
impartito,12
decure,279
salvador,96
sublimazione,1176
corista,105
illuministico,754
propenso,159
neolaureato,96
barbuto,250
familiarizzare,63
alzo,7
pontificio,166
trascina,159
campicello,366
avanscoperta,115
indole,46
autenticamente,429
cristian,123
chiamarere,157
attento,104
ortodossia,202
antoniare,142
sparato,295
creato,66
giusi,315
mussare,79
obi,0
cracovia,128
cantata,921
accelero,46
descrittivo,559
inorridire,346
taleban,209
altura,48
vetro,77
forenso,8
bolgia,67
ossuto,140
tant',65
indetto,93
ciampino,42
nemee,11
bipartito,122
stalliere,73
astronauta,50
affievolire,190
preventivato,106
import,40
joe,622
adorato,473
bombar,593
udb,90
eolo,39
introspettivo,483
colma,4
tardi,30
ostruzionistico,254
cerchio,20
udita,20
assente,25
palesare,68
emozionato,489
castro,303
ristrutturato,107
tenta,33
spudorare,341
baden,12
giaccare,432
artificiero,176
calandra,70
svobodo,80
marro,663
hampshire,113
ingresso,2
officine,78
telma,22
francescano,98
air,47
cisterno,186
diceria,71
internazionalista,298
sinora,20
fianco,26
illustro,110
sparta,23
sottufficiale,155
janis,872
saldare,56
accanì,96
oracolo,63
shanghao,43
referendare,134
trieste,70
binario,91
governato,34
modello,148
francoforta,46
luglio,46
alluvionale,114
sconsiderato,292
evangelizzazione,408
esalamento,135
smilitarizzato,181
facilitare,193
tabulato,71
lapidario,31
borierò,210
rno,16
alzheimer,123
exilles,665
rosone,658
roberto,139
qatare,87
vollo,108
canzonetto,475
rosario,190
wireless,109
nutrire,124
kubrick,534
point,10
chetichella,36
pervenere,50
imprecisamente,193
mansione,77
distrattamente,74
omologa,6
raduno,80
indicato,67
acilo,32
macabro,128
gallagher,624
salvadanaio,11
tomb,146
tatuaggio,334
betti,479
abilito,31
castore,533
smamma,538
mediaset,107
interminabile,127
ricordiamolo,69
semifinale,335
oscenità,321
evasione,140
amor,1
ripreso,29
nemica,63
rachela,90
massicce,46
primula,49
commilitone,228
volgarmente,250
brecht,390
brand,34
respintare,80
provvisionale,107
combustione,243
dimagrire,34
tremante,218
onofri,65
giuridicamente,528
pentone,114
forge,167
monrovia,189
indefinire,238
dambel,107
combattare,98
cossato,89
inciampare,390
stati,11
suez,9
carovita,61
papa,193
animosità,371
insomma,722
istituto,62
cementare,75
intenditore,56
durre,68
pittoresco,382
cna,39
prof,38
proteina,368
stile,534
macchina,60
confusionale,113
riflettore,25
chierre,46
proprietario,60
sproporzionato,123
videoregistratore,132
mella,416
servito,14
stimo,52
filippo,555
rincara,15
aie,52
mantello,128
invertire,103
gigantismo,254
immanere,52
ghiotta,85
meteorite,161
sciorinare,30
navone,367
tassista,108
azionariato,134
condizionano,496
impressionato,643
locanda,25
valigia,104
alcara,115
zhang,59
premevare,361
sorprendente,332
dialettale,389
quattromila,137
miguel,95
sex,54
targare,30
sembrare,635
indescrivibile,338
cumulabile,210
criminoso,177
manetta,68
approvvigionamento,297
domestico,39
yaml,91
iniquità,179
scovare,86
ilor,7
agognato,27
accada,116
biscoggere,48
avanspettacolo,647
decibel,18
sondare,44
godi,194
femministe,18
vegasre,197
hezbollah,200
ecatombe,36
fatema,75
honeywell,164
loti,41
duce,80
promesse,20
frano,57
croft,159
fenico,7
riunire,99
enigmo,149
troppo,170
inesistente,191
sicare,251
preconizzazione,505
sacrificato,41
ripeter,60
ovvi,56
isolazionismo,628
subordina,173
collasso,88
irrompono,276
dine,59
cantuccio,550
emme,41
regolatore,243
qualcosa,236
plauso,72
accoltellamento,287
deu,0
netro,32
sassolino,76
bocciante,16
scioccare,446
taddeo,729
recensore,161
morare,364
fiaccolare,115
inquietudine,337
scatarro,575
issea,4
digestione,60
dio,31
un',0
rizzare,197
edulcorato,287
altalenante,85
convertibilità,260
arosio,1017
dodicesimo,73
limpido,81
linneo,271
vitaliare,306
effervescenza,194
rosso,26
socialdemocrazia,282
whitehead,871
zulu,13
ragusa,162
tempestività,195
angherio,69
premio,30
uau,0
ripa,142
equivocare,414
caetare,787
comparazione,547
architetto,133
prateria,55
green,41
automobile,180
decreto,126
interpretabile,815
allora,417
dismisura,51
tires,95
stan,16
tralasciare,311
immagazzinare,288
labbro,95
cittadella,128
boschetto,255
atlante,34
gergeo,159
fugare,32
bruco,163
organizzatrice,43
flai,208
rinato,25
ventoso,41
fiscalizzazione,694
collodi,69
separate,24
stagliare,654
turbare,82
aidare,491
congiuntamente,82
prodotto,246
vocalità,376
occupi,10
dolcè,17
realmente,261
michelin,40
valutere,116
conoscevamo,228
balbo,90
straordinario,5
emanare,78
tass,16
profeta,149
capifamiglia,158
leggerezza,713
condizionamento,469
tossicità,434
consesso,21
discriminanti,377
vingere,224
tomba,92
disinformazione,214
parrocchiale,106
xxvii,256
crismo,94
maddalena,25
cadente,496
polverone,61
spice,501
malvolentiere,233
folgaria,107
massimale,177
contudere,229
stein,282
autenticare,251
sconfinamento,189
aritzo,134
parma,296
tipo,103
ubicazione,400
forre,264
ancorché,234
libretto,85
proferire,160
piazzamento,130
connessa,151
contemporaneità,936
invariato,87
giullare,838
fiamma,76
ritorcere,340
business,85
conferme,117
improprio,257
ingegneristico,417
squassare,185
recessione,145
hawk,121
duplicato,58
laburismo,45
appropriazione,258
straziato,429
dissidente,131
junior,15
denzel,521
presidio,63
delio,134
lula,61
potestà,117
riformulazione,485
tramutare,253
equo,23
malapena,22
impunita,51
aggregare,108
volge,23
masocco,5
orientato,151
numeroso,61
disorientato,370
severino,334
inattività,294
vedrebbe,94
microscopica,257
ruffia,287
innescare,129
formicone,92
oso,16
propositivo,723
esclusivo,77
cammare,45
assomma,19
buffa,313
bretagna,35
tenere,38
esimo,45
doriana,365
sapero,427
fontanella,198
postar,103
capello,292
eteo,0
ragazzina,497
ispettorato,54
sdegnato,239
ahimè,1
ragionieristico,458
granaio,44
massacro,165
torgnon,102
bore,30
antiabortista,118
approda,17
accertare,134
renderge,23
crociato,7
acutezza,456
dicevare,624
affrettato,227
scomparire,89
antiuomo,9
smerciare,204
dimensionamento,989
contraddicire,347
conservatore,260
foglia,374
soros,70
autunno,40
cardiaco,291
risicare,70
analogia,81
maggiorato,341
dappertutto,334
sopra,23
venezuelare,88
trasversalmente,282
frammentazione,863
soddisfatto,135
siglare,39
pantelleria,191
funzionario,81
ventilazione,270
imbroglione,156
adagi,97
debordare,285
nairobi,116
sanitario,140
rombai,262
ryan,623
marinare,432
bastere,35
trattenuto,51
navigazione,72
classificato,49
ravvicinato,15
cremano,877
sintetizzatore,249
emirare,92
vivende,67
democristiare,194
tambure,73
lampare,307
multimediale,19
allianz,130
comunitario,103
attilio,172
ludovica,208
micro,61
terragno,207
testone,80
saldatore,20
saltuario,98
collaborazione,46
fedina,39
pervicacemente,309
cercato,19
scrittare,403
pochino,248
suno,58
trasgressore,45
mezzo,8
oceanica,38
progetto,90
impropriamente,542
trucidare,320
movia,133
rifugiato,47
fratellanza,70
introducere,86
discografia,111
carto,66
inconsueta,473
possibile,255
frequentavare,168
retribuito,167
prevalgare,350
grezza,157
concussione,286
iper,12
muffi,78
demenziale,559
alterare,204
dardanello,210
insito,438
criminalità,89
dallò,6
alberai,828
granitico,38
annoia,203
cult,139
strehler,31
rincorso,39
protesta,96
ventitré,140
misurano,318
timida,21
sparata,70
riportavare,281
soprintendento,80
inesistento,198
velleità,118
raisportsat,185
disco,219
qassam,124
freneticamente,138
volle,76
lustrino,387
indignazione,278
caldei,11
nerissimo,522
tarantare,253
egno,22
present,84
coalizione,159
scrutinio,60
virgoletto,37
sorgare,21
dago,123
cuoco,79
britto,903
bice,12
aborto,79
teresa,602
immano,121
centrico,90
gabrio,27
disposta,62
emergenziale,294
cole,171
pallottolo,116
pensierino,404
sprecato,74
giansalvo,424
istore,200
emigrare,73
polemizzo,98
gondola,54
supplizio,109
sovrintendere,33
chiaroscuro,591
lollobrigido,648
riavviare,88
apparere,85
serpeggiare,215
decalcato,376
appendice,30
neuronale,292
svevere,310
insorsa,48
inconfutabile,109
assistito,85
maramao,342
van,31
verta,6
mire,11
domaso,284
trimestrale,129
suole,46
burocratizzazione,394
cardino,39
camion,277
contromanifestazione,118
rimpolpare,45
fetta,24
onde,11
seat,53
invecchiare,66
risollevare,91
inapplicare,254
aggiudicare,101
indubbiamente,279
sottostare,237
incostituzionalità,262
ottantina,191
operande,20
dakar,196
angusta,40
falliscere,168
spogliare,299
prescelto,53
lupara,303
sonorità,499
salomone,182
contardo,889
puntamento,29
concertane,304
radicato,395
prc,207
tributario,101
tagliato,66
qualora,169
proiettare,113
sovranità,58
meandro,9
diagnoso,268
cartolina,50
riparatore,18
orchestrale,232
inatteso,114
convincare,570
dilapidare,81
nuda,223
lezioso,243
conoscente,309
vasca,306
aire,7
abele,31
gerano,54
apatia,110
decimale,134
progettista,75
vigila,28
keplero,104
grossman,131
hurt,1035
sino,9
rau,77
raimonda,471
interistituzionale,665
designazione,153
destrutturazione,596
severamente,140
gamorra,244
improvvisazione,697
frastuono,194
circostanziare,300
ipotizzato,107
mattanza,60
villagare,257
dissero,234
wehrmacht,95
shetland,407
silvana,344
riconoscenza,267
cappa,25
tannamene,12
parlar,193
smottere,174
massima,26
lombardo,203
auguro,49
spiccano,97
impegnatire,77
comparativo,354
gangle,5
colombo,41
assumevare,116
professo,73
pandemonio,53
boca,443
oscuramento,189
disordinare,408
viziato,241
meda,32
umoristico,764
disordine,103
lancio,23
attraversòre,171
discount,90
navale,52
equivalere,68
proceno,55
brando,362
sciente,196
pallonetto,719
interrompare,114
monza,156
ascare,213
risultere,49
profondità,104
maccartismo,251
fiume,114
imbastire,109
funambolo,644
millenaristico,664
commessare,38
assise,53
sudamericana,133
pomo,75
soccorre,52
bonaparte,20
enciclica,85
suffrago,30
fatidico,17
sfogliare,241
alfiero,175
delazione,185
camerino,713
disinfestazione,96
transfuga,23
aziendale,194
acrobare,321
ideatore,45
bureau,44
cittadino,25
bloccano,48
rousseau,126
svalutazione,196
allevare,144
ubriacare,295
rifondare,82
toglare,117
esercitazione,82
acquatico,361
scorrimento,252
eia,46
jodie,774
affarista,199
nascer,125
barricata,118
discredito,118
avvertivare,351
pranzetto,588
retribuzione,387
rota,6
calduccio,191
alar,73
rivendita,45
immobilizzare,38
preconfezionato,140
lendere,101
sofferenza,134
officino,82
bolscevico,214
matassa,21
sollevòre,42
gioiellino,348
morire,192
fissi,15
bottiglia,236
georgia,106
ferver,306
scalo,85
dimensiona,57
consonanza,157
cher,152
alì',4
sale,9
cri,1
sociologa,115
surreale,503
radioterapia,195
pupilla,32
vare,148
silicio,126
smobilizzo,40
aruba,183
fantasmatico,1087
tereso,188
inferiore,216
risposta,43
murario,158
poesia,470
perlo,8
piantonare,192
disidratazione,634
sessanta,164
viaggiare,158
lampedusa,124
medium,63
slancio,162
armatore,109
marea,32
riottoso,44
scorza,147
impreparazione,420
volgere,132
olandese,155
ragazzetto,248
brenna,53
molisano,296
avverto,162
monetizzare,193
nascondevare,243
dico,86
ragazza,394
avverso,106
sfacelo,146
natelesi,140
tosto,188
ma',0
matera,134
stridere,288
sincera,221
prius,6
preconre,11
cnel,71
sembianza,82
forzisto,118
pomelli,73
deluso,98
commemorazione,128
bosso,12
colosseo,148
strevare,334
pano,22
uccisere,325
sassofono,458
balta,9
torbido,91
gerico,137
parlavo,149
bud,469
faccendiere,166
abbellì,50
lavo,11
introduttivo,98
neutrone,154
greensill,235
panario,188
yorker,271
conoscete,259
vivissimo,176
inflessibile,67
nevicato,161
orine,50
esperienza,82
divertimento,196
dinamica,43
trattenure,49
sprovvisto,43
entere,77
dissonanza,190
bagnato,275
susanna,225
apparecchiare,433
controspionaggio,92
innocuo,133
bite,10
giornata,36
comunemente,282
avvalorare,274
tecnico,48
capitalisto,156
design,160
vagante,37
talkie,244
schmidt,203
bersaglio,31
matematicamente,122
ogni,20
psa,21
comacino,34
vago,49
guarito,210
renate,14
cartuccia,167
capriolo,148
diagramma,131
affermato,170
manchere,65
soddisfa,93
crinale,90
ottenere,88
liquidità,197
sciroppo,240
sabatinare,196
sabba,40
ipertrofico,310
accomodante,111
corridoio,43
bevi,21
franchismo,254
compere,72
audace,64
rarefatto,494
letargo,41
sembrerebbero,424
certosino,49
discarica,209
tentacolare,245
salivo,60
cornelia,776
condono,118
necessitano,269
ammodernare,157
parlamentare,170
lenzuola,501
sacrario,217
bangladesh,163
egizio,78
psicofisico,104
provetto,107
agonizzante,321
diminuzione,265
studiare,74
afroamericare,136
malincuore,266
nicoletto,582
robin,329
orologio,36
adam,267
guadagnato,91
giustiziato,118
riferito,105
supportare,133
mattutino,48
ballare,1103
ronzaglio,258
fatar,16
lano,1099
bisco,18
arella,173
vapore,46
carente,221
avariare,69
sterzo,37
buddhisto,103
sarchia,35
foiare,280
bagaglio,17
moccolo,686
perlopiù,26
europa,30
carota,69
montanario,995
omano,163
osseo,127
berlusconire,191
commissione,96
cocente,79
rollo,186
passionale,634
palpito,385
peno,29
gallino,270
jospin,98
sulo,2
baseball,174
emittentere,93
nostalgico,301
disinteresse,343
cadelbosco,355
bitonale,90
erico,120
emporio,80
osservatorio,58
credibile,173
microonda,381
ristagnare,93
igliano,1334
venete,138
dock,114
compiace,106
magmatico,1018
medicino,220
fortificazione,478
arabio,102
immobilità,40
canone,67
risolta,42
contestano,59
fattispecie,97
unioneeuropea,83
factotum,17
morterone,301
golden,198
bottura,157
interparlamentare,232
palma,43
ribattezzare,203
milosevic,99
ipotizza,29
dipartito,23
coincidere,173
soddisfazione,127
pastiglia,193
discrezionale,486
episcopale,100
ingestibile,207
miliziano,458
disgraziatamente,407
formulario,46
frantume,176
annaliso,263
pietrificato,774
paralizzare,107
policentrico,269
ossessivamente,445
inox,42
incurabile,338
ruppo,11
presagire,100
bmw,108
venire,281
ineludibile,291
svoltoso,64
agorà,59
minorenne,192
pitt,455
agghiai,23
mannaia,4
etichetti,145
taste,42
novene,279
transatlantico,17
dilazione,437
psichiatria,137
barbarosso,480
decedere,194
forzoso,54
armala,117
empitocelo,89
esecutività,185
coltro,31
svolgevare,40
vorere,77
rianimazione,194
prefabbricato,206
perdere,135
proclamato,21
medito,34
favoleggiare,511
marcherà,69
assoldare,359
placare,94
iniziatore,84
ripulsa,35
cavillo,29
alosa,111
scoraggiamento,242
mentito,14
abbondio,242
ghiotto,33
democratica,152
uniscanore,112
banchino,71
bobby,434
partita,266
robe,23
spargere,88
nessi,4
giacomo,281
statutario,330
ecce,3
intercorre,31
reinvestito,246
unito,15
prealpo,170
sami,280
profuso,77
goliardico,724
sdrammatizzare,249
frazionare,120
firmatario,70
berkeley,192
vecchietto,126
castraglio,528
usher,72
crociare,70
byron,18
provocarere,193
ferroviere,91
allontanamento,104
oscilla,31
insidia,34
commendatore,115
totalitarismo,658
machete,274
sodale,19
chiedio,59
fauna,104
ritrovamento,111
conchino,1095
mortificante,569
catai,115
roy,217
inviano,29
sperequazione,492
sfore,41
splendere,277
irrilevanto,356
anelito,386
sandinista,96
teocrazia,239
autistico,99
alcidere,213
incorporare,96
ombelicale,83
vicolo,27
intuire,389
rifinanziare,120
anca,10
malcostume,138
smithkline,114
tinello,344
resistono,41
brillantemente,114
strattonare,1034
alice,158
giugno,69
rassegnare,250
attrezzatura,191
legionare,19
impresentabile,284
esercente,31
anteprime,164
rodaggio,41
teresio,132
montanaro,442
depotenziare,317
montedinove,158
semaforo,13
funger,50
decorrenza,142
mascherato,85
agazio,31
orrido,124
ammonire,68
scoppiare,118
babysitter,49
barabba,15
recupera,22
migliora,33
feto,268
dimissionare,123
scibile,167
lince,40
immaturo,30
giosuè,162
personalità,152
pazzesco,168
arvier,37
bernini,93
incantare,957
capriato,122
regressione,810
martinello,932
gabrielo,139
tenuta,8
elegia,14
montenegrine,121
ammacco,194
involucro,293
regione,90
antisismico,37
radicalismo,809
censire,23
pittore,385
basa,26
lomello,271
senales,192
rigenerare,185
lirico,217
natico,102
lanetta,436
juniore,39
propoarr,89
ottimo,60
colino,496
jacob,142
agonizzare,378
illustratore,239
circolante,49
apprensione,125
spedizione,13
scontare,72
rode,37
intermediazione,256
gaudenzio,262
saprio,5
tuff,155
ampezzo,112
rimpianto,156
opposre,78
inadatto,143
divergere,111
radicamento,675
laces,80
industro,36
agatha,289
seguare,202
decadenza,93
airola,33
tentano,42
scandivare,246
certezzare,348
scherzoso,384
mario,98
parallelo,16
frangiato,80
vestito,440
angusto,99
riescare,251
tavolo,29
farigliano,453
pregiudizievole,694
sorridere,557
taglia,16
pomodoro,170
tradizionalisto,340
zebre,17
fotografare,100
storiografico,484
cromatico,594
disperare,280
noiare,79
liquame,211
carpa,60
eccitare,118
dovresta,278
minor,27
manovrina,79
incipiente,304
decolonizzazione,249
poro,4
frac,422
regionalizzazione,778
guamaniano,97
alfredere,404
sponsorizzazione,118
manichea,222
voile,156
scatola,179
rivera,223
mascherina,266
benpensante,499
anonimato,17
tuareg,51
pedina,37
sciamano,722
regno,16
antiquario,209
sadale,22
potrete,43
albarello,500
museo,145
purgatorio,54
matere,83
nerazzurra,402
oscene,195
pagliaio,65
strappo,60
pcr,0
affollare,133
silenzi,68
serbatoio,126
compleanno,96
rosaria,442
lapin,40
inattese,142
costituente,149
ematico,79
danneggiamento,117
ricovero,200
freddezza,129
roteare,141
asola,28
ordinanza,73
arnica,47
parente,98
super,2
palasport,124
pericoloso,76
roman,525
maremma,136
bosnia,130
comodamente,131
reggimento,93
rutilante,216
telegrafico,57
edmondo,27
word,140
commossa,109
irrealtà,134
terramaro,302
gema,11
oligarchico,394
angelico,229
malasanità,94
baud,71
dinamico,220
charlotta,636
incassi,61
acquo,24
approssimazione,779
locere,25
driver,267
respinte,66
spazzare,117
confesso,38
rimore,34
imbottigliare,502
doloso,68
made,21
editare,73
artois,34
passerella,254
brunetta,52
tino,228
fortissimamente,95
schiudere,183
prodigo,7
fungere,104
siringare,174
impudenza,542
asimmetrico,220
miniare,254
rinoceronte,178
risaia,44
utero,246
bernardo,73
ruperto,12
tiro,120
conda,8
signore,56
ndrangheta,101
divorzo,62
food,21
allarmo,36
remunerare,183
discendono,169
capistazione,123
ridispiegamento,96
contrapposta,395
bompietro,118
centomila,72
archetipo,968
canarino,40
flamenco,138
pericolosa,88
fascino,339
amman,24
soffocato,399
ocse,39
frappongere,255
mercatura,42
ragazzo,198
castiglione,680
mene,16
espressionismo,848
mantovo,145
leonere,305
erotica,367
incomprensione,479
temù,0
pongare,238
schoenberg,150
labbra,172
edipo,38
gennaro,78
orgogliosamente,174
dovrei,200
mode,25
paragonare,139
terlizzo,494
nardò,10
ributtare,338
bilancia,13
satellitare,161
iter,73
dare,99
degnare,402
negavare,233
ritmico,199
lettucci,61
insignificante,462
avvicinamento,94
cenade,33
indenne,34
consiliare,106
litigiosità,206
segretezza,67
cbs,59
alasso,214
indiano,69
horn,6
scambiavare,216
razionalmente,420
sparsa,20
caposaldo,184
pollame,168
spalmare,83
boare,24
mancone,399
espulsione,40
mera,8
aderire,65
lungotevere,163
partitura,598
europeisto,112
lettere,182
email,12
isera,149
verbalmente,143
taumaturgico,458
delano,296
verro,733
avila,183
eccezionale,84
titubanza,39
imitatore,217
matteo,396
criticamere,182
boemia,78
vigna,35
gingrich,91
antine,11
sovvertire,130
adattare,110
baluardo,18
autonomismo,381
lucrare,138
incapace,191
esiziale,505
apprezzabile,213
ala,42
maggioritaro,157
equivalente,125
picchiato,348
tornasole,10
rilassamento,62
attendire,134
cardiologia,230
inciucio,146
arioso,182
erogato,235
montale,180
assogliere,148
tedesco,137
reddituale,485
macedono,110
lesmo,16
portatrico,179
panorama,21
trova,16
solamente,286
nordamericano,88
arnoldo,137
acclamazione,47
spezie,101
convergenza,198
amatoriale,39
consigliera,27
comminare,122
pore,127
catalare,151
inquisizione,160
cagano,241
franger,229
paranoico,673
alloggiare,282
socialmente,156
inconcludente,196
enzo,57
navetta,209
insegnamento,207
elevatissimo,338
zitella,327
rastrellare,22
todd,495
mitico,567
membra,11
sturzo,65
combattevare,269
graffiare,460
cadano,55
indugi,12
avvire,322
nazionalizzare,413
costantina,335
birmania,112
differimento,401
invenduto,198
sebastiana,385
studentesco,43
concertato,84
impropria,269
indugiare,377
espresso,44
baccare,764
saleme,114
benemerenza,37
tap,6
provvido,11
pullover,248
rene,40
mcqueen,755
falsificazione,244
gigantografia,423
gestire,68
antitrustre,50
memento,23
lesso,121
goffaggine,650
settantenne,280
amichevole,84
pendente,90
sommare,229
inutilità,205
cappucci,146
serrato,43
resta,36
anitare,191
unisono,10
ceccarello,609
abitazione,168
gravagnuolo,22
vivero,67
spanna,219
gestazione,55
bosch,37
detrattore,10
esaminere,104
olivo,149
marijuana,89
fanatico,221
somigliante,152
destinazione,76
esportabile,140
iscrizione,22
ripert,7
esistessero,267
sacerdoto,184
asparagina,333
meridionale,141
libertino,35
stranamente,718
tace,84
capitolo,20
identificare,120
traggere,59
irrisolto,86
chicagore,232
eccezion,8
prezzo,88
sociologico,482
spionistico,78
obe,5
bufalino,45
riaggregare,89
protesi,250
edo,18
polpettone,402
bada,7
termolo,145
bonus,97
sottovalere,271
allegro,204
attribuire,96
inefficienza,235
tirano,29
sorellino,431
agibilità,106
quando,254
rassicurante,204
indicibile,354
attraccare,231
quaderno,182
definibile,572
tempestoso,86
lore,224
docere,109
gnostico,209
baccarine,626
rovesce,197
zaino,174
strumentale,158
vorre,161
garzo,32
viareggino,254
cipresso,348
falerio,184
atc,60
bucare,641
defiscalizzazione,772
scendere,61
restringere,110
uniscere,60
storo,201
alfierare,327
agrodolce,167
marchingegno,84
moncare,33
festante,103
cavalcavia,171
java,26
bruttura,17
incultura,588
bivo,5
eticamente,335
assidere,229
balle,49
tappezzeria,338
argentario,203
trasudare,641
propone,122
formalmente,188
emarginato,71
abbacino,112
dpef,86
marlene,1133
internazionalismo,552
general,166
teatro,139
periferio,113
invendere,266
pennino,41
ildo,87
mostro,43
area,34
allertare,90
cage,589
ritrarre,309
inattendere,253
tenutoso,112
bicchieraia,438
lungaggine,85
inferiorità,189
cristallizzazione,1122
governabile,326
sconsiderare,310
perentoriamente,122
cripto,36
orbitare,107
sbalzare,370
italianità,32
tritacare,448
chinato,531
discendere,197
beto,3
laion,87
insaputo,171
reginaldo,267
contornare,507
foggiare,280
portare,160
sospiro,28
sferzante,160
valgere,23
salita,134
osio,390
colpiremo,44
specifico,627
interverere,37
immacolata,99
progettavare,88
sintesi,141
sembrere,286
predetto,245
costituzionalmente,410
istruito,20
nomina,108
altrui,92
ragazzino,465
mascolino,493
inia,40
invelare,243
salimbeno,17
dimorare,140
carire,92
escursione,78
ponzano,107
disperante,237
festeggiano,114
paravente,83
omnitel,149
mettare,57
cina,93
pagliolo,945
belinda,171
rimpatro,27
psicoanalisi,226
esasperata,407
woods,198
fillea,136
goetha,162
ricatto,82
demagogo,309
rispettivo,82
gemelle,12
fauno,13
remote,72
micron,27
sbandato,200
pioltello,314
mortificare,371
bragg,697
scassare,219
valley,50
maschere,222
roses,331
successo,82
ingrandimento,72
lavatrice,135
acclarare,88
natia,78
paganino,239
ladruncolo,377
impopolarità,119
smilitarizzazione,186
araco,19
beckham,75
telefono,21
melchiorre,85
coloratissimo,787
lievitare,189
suite,24
scollacciano,395
presentato,153
elico,57
russell,526
annuncare,103
sovvenzione,140
ola,32
emidio,199
inconfondibile,1021
logoro,28
equivoco,63
nordcoreare,123
medico,125
arrestare,301
rerum,58
finanzino,53
totem,74
raramente,360
simmetrico,118
stranare,1061
ricoprere,14
mattar,20
ciuccio,183
juvarra,370
talking,870
agghiacciante,215
riguardo,230
cerchere,109
somma,157
lapo,22
cemento,340
demo,1
dottrinale,281
sfiducia,36
iii,11
addis,42
dissonante,195
rassegna,200
affresco,146
convertire,25
invare,35
claudiare,725
logo,9
assunzione,150
rivoluzione,42
dignitosamente,164
asservire,223
inflitte,72
silenzioso,92
relegare,45
rimandano,58
politeama,331
carrè,250
paria,19
italiani,12
bertinotto,110
giuramento,23
irreale,143
costituirescere,473
invi,11
forestiero,65
faeto,15
bonaventura,439
bloc,25
vitae,20
rampante,57
mitigo,318
canterella,93
evitato,45
parabrezza,554
campare,168
nidil,40
condividare,263
ignoranza,515
boy,113
romani,57
minimalista,396
affabile,118
eso,4
trainante,166
abdicare,91
vergandolo,845
sinché,31
spaccaturo,93
monito,32
cante,283
sadismo,345
bronzo,154
sincronia,127
caspio,60
alcun,89
peter,429
dicevo,378
planetario,55
vegare,125
compire,28
vigore,72
deregulation,195
ilota,33
sam,638
interlocutore,55
curatore,172
pensino,39
ambulante,227
polifunzionale,323
nicoe,334
rincalzo,16
possibilmente,327
primaverile,43
pulp,313
astare,421
staffetta,72
gladi,31
funzionavano,227
primate,60
formato,104
gravidanza,194
defilare,325
riaprare,64
deontologico,218
siviglia,69
amone,141
eventuale,73
edicolo,62
slovacchia,124
calvario,57
apparentamento,175
marcel,376
abel,27
lagnasco,570
oasis,190
integrale,37
ostacolare,141
ricusazione,197
congratulazione,106
viceré,40
cossigare,122
gonfiabile,660
barbie,258
insostituibile,81
licare,70
complessivo,249
vacillo,3
dindin,41
animale,268
arre,35
batta,92
impositivo,574
tentavare,295
banjul,9
prendersela,229
trucchetto,251
scrivevanore,246
fantasma,81
gay,24
memo,7
vari,32
numano,89
ammenda,43
lagos,79
turato,44
velluto,392
apocalittica,123
vania,24
nokia,125
mormone,58
barare,108
vediamo,11
arrovellare,23
mckellen,1274
mangia,260
ricomponere,117
rispolvera,19
coazione,524
menar,32
trias,7
posare,419
malvivento,376
penn,693
pendere,23
modestissimo,200
irregolarità,89
giacente,69
gismore,356
cimitero,161
credeto,121
smontare,81
blackout,4
nubile,11
bandiera,81
argomentato,302
istallare,91
regnanto,19
sequestratore,339
ciclabile,124
litigare,81
dilla,419
informare,124
intervento,40
riappropriazione,327
bersagliere,152
allento,18
governano,45
ricordae,117
scrivente,75
rese,10
famigliola,106
itar,49
maggiorenne,101
rettifica,18
terze,8
cristina,1120
agna,28
appoggiare,95
asolano,66
volevare,629
monguzzo,249
assessore,94
rumo,23
paco,92
redistribuire,187
concessione,84
idioto,198
grottere,134
sformare,258
siciliana,155
philharmoniker,307
trainspotting,1088
avaria,97
bancare,157
opinabile,686
relazionare,129
vampiro,308
compardere,256
soddì,9
assegnato,176
guglia,184
coltre,89
clickre,13
ines,1
borneo,15
fortran,49
restrittivo,153
riqualificazione,315
lisciare,251
prozac,61
lipomo,30
mandolino,91
collinas,400
robilante,79
assolto,102
luson,388
egoismo,506
serafino,226
scrivania,95
londra,27
love,580
esperimenta,63
propulsivo,78
gregario,104
isole,40
avventura,173
reno,5
baldaccio,520
spione,18
muti,38
laudario,106
eurodeputare,141
conservazione,90
combinare,50
incontrollare,169
panorame,77
uefa,222
alaso,144
determinere,299
ciancio,240
quaranta,217
kingston,665
talmud,142
spendibile,62
esoleto,89
fattezza,132
coesione,339
dresano,118
approde,25
casine,118
smuovere,161
spoglio,22
zuppa,390
senso,281
teseo,140
trascrizione,111
gerarca,50
accezione,807
impalcatura,126
lucas,148
basta,166
regolamentato,470
tornare,135
aeronautica,39
intolleranza,340
globalizzazione,182
casablanca,114
spiazza,51
entrare,36
accrescere,179
cornell,312
lisergico,515
eroismo,204
balestrino,599
tutore,28
finito,21
asinello,168
duecento,166
pianolo,246
schedato,32
sinistrare,113
cnn,54
paladina,45
quindicina,180
baccio,83
metheny,812
schizzare,339
settecentomila,120
borsellino,118
incrinatura,256
adwords,123
piacenza,550
sequela,37
assetto,104
ostruire,18
clausola,103
calmierare,114
sin,54
gianlucare,525
alife,262
trevi,97
avanguardista,257
disabili,16
accattonaggio,320
metere,22
filiera,123
arricchito,106
insonnia,26
ventunesimo,59
arale,268
esotico,477
capitol,109
difronte,10
sfaldare,291
malformazione,481
pungente,342
infausta,128
ripianare,223
indipendentisto,189
ipocrisia,592
temile,549
neonazista,105
fumosa,61
subbuglio,12
tocchere,22
ventunenne,455
magnifico,211
automobilismo,89
reiterato,203
umore,62
stratagemma,98
prediligere,479
rateale,138
abatino,387
dissapore,105
rompicapo,17
sentirebbe,364
centromeridionale,247
carezza,322
summit,58
mentare,313
oli,13
basamento,336
nostrano,230
benzinao,107
dion,864
instaurare,34
percento,72
inespugnabile,89
succede,99
rovinoso,68
epos,1
autovettura,197
difetto,144
karakiri,102
sudtirolese,106
vassallo,16
contingente,108
bionda,198
alienazione,232
sormontare,215
attendevare,105
partecipò,56
prezioso,39
pubblicistica,324
estrogeno,520
spopolamento,232
america,138
impaurire,395
helen,680
manchare,123
richarlison,848
gaudio,42
arpo,46
mercato,163
oil,41
emozionale,501
impuntare,260
ammonì,40
scomparsadelcompagno,130
amento,68
astuzia,146
oscillazione,145
compaesano,589
centauro,138
inclinare,171
stucchevole,445
trent,74
infiltrato,109
lare,55
localizzazione,620
monsare,13
splendido,459
centocinquanta,158
titubante,7
scie,37
convivere,83
riassume,78
centrale,10
ian,660
chris,373
ciio,19
logicio,395
politeamare,429
coordinatrice,83
pollaio,34
baro,25
cavia,360
sollecitazione,231
narcotrafficante,126
obiettano,149
desiderano,78
realizzo,24
cerreto,1476
recluso,85
sete,5
aguzzare,253
certo,1746
armadietto,352
repressi,87
incompatibile,327
ossatura,133
invocano,41
cheope,7
metti,37
riformistare,280
downing,54
socratico,452
consulente,40
diramazione,43
maggiormente,148
sporgere,138
puntavare,123
barbiero,232
versace,33
presentatore,168
melodrammatico,659
magreglio,1369
detta,34
accreditare,27
analista,60
voarr,48
identificabile,208
elimino,9
antefatto,332
daccare,28
validare,89
cesia,27
derubricare,95
riterre,131
suppletiva,70
gestuale,318
manio,37
homo,9
interprete,459
misero,17
gimignare,177
strada,58
econoe,15
sceneggiata,129
melzo,185
potrare,17
rubare,168
orlo,32
falcinelli,169
uzzo,12
codrione,252
tizianare,447
adepto,41
voragine,29
prevista,115
rocchella,79
cavallerizza,261
american,137
adalberto,977
immaturità,81
scopritore,275
talebane,207
retrocessione,251
superere,102
produca,95
umiltà,85
riduce,80
arrampico,33
urgere,49
strategicamente,178
ubbia,4
dissertazione,288
tesa,2
accettare,309
cifra,65
appesantire,116
semidistrutto,160
intele,14
rana,45
innamorare,258
unica,10
pulitala,78
manre,80
dodicenne,389
vivace,40
riconferma,81
radicare,408
rossore,56
splendente,467
canchere,50
canetto,34
stressante,119
lam,23
tendente,141
morante,698
gradinata,104
gogna,103
database,139
caffè,37
necropoli,14
moltiplicatore,94
yehoshua,46
burlare,36
carbona,51
vuotare,146
edvige,626
metastase,322
staso,26
irrisogliere,179
morsa,9
semivuoto,112
scollatura,154
afo,7
micee,329
giovinezza,496
nevicata,158
graham,715
fartare,275
tavola,75
poolre,48
nicolare,323
ornamentale,51
bico,30
dubai,14
medire,89
punibilità,262
visone,199
vedersela,142
avanti,37
perplessità,116
lacchiarella,273
strano,404
leggetere,306
francare,589
identificazione,229
panne,5
slovacco,126
suono,307
inclusione,408
pallonaio,134
carrù,707
sugo,436
boroneddu,539
melandri,156
documentazione,235
esplorare,119
accludere,130
burocratica,83
raccogliere,41
podere,115
spariscono,104
pregresso,400
paro,4
eterogeneo,348
rimosso,120
pietà,112
subere,48
minimizza,39
arri,42
palla,179
vignetto,45
bersagliero,173
riparo,33
cadde,71
buvette,142
montalbano,181
miglioramento,144
tappezzare,480
fibrillazione,62
dubino,44
gilberta,375
menzogna,177
corinto,631
fittizio,89
varato,80
esistenziale,911
vue,49
ara,14
geografia,67
martina,153
focale,27
riabilitazione,100
retta,8
sedicenno,193
depistaggio,147
crociere,96
intere,27
peseta,137
estensore,21
iscritta,19
agguerrire,38
soddisfattare,212
amsterdam,40
insinuazione,414
laurea,75
voltafaccia,225
sentimentalmente,563
avanzare,120
gorle,229
ricredere,644
lasciare,142
pensionabile,179
gaiamente,178
tarquinio,43
emulare,129
minger,1070
evangelista,318
paternalismo,546
oratorio,334
componentistica,121
meravigliare,765
prevenere,59
favorito,125
ringo,136
bomboletta,621
sviluppano,349
dissentere,233
ciarnello,141
spiegazione,136
doues,151
deutsco,177
travolgere,155
nit,65
energicamente,222
schlesinger,327
soppresso,50
molesto,124
die,48
stil,245
asserine,200
rial,1
scontro,79
domenica,113
dirce,74
capanne,23
insediamento,64
california,99
riconsiderazione,570
venerazione,212
grillo,62
alfano,620
deplorevole,174
oligopolio,158
spaesato,547
sensibilmente,201
limitata,239
turkmenistan,329
rodata,17
andrei,113
deprimente,483
kosovo,124
mollico,36
molettere,56
progettualità,658
morboso,239
samare,123
beone,250
impuro,183
producevare,134
strare,296
ricostruere,27
sinonimo,256
movimentazione,156
veterano,203
ponere,119
ottenibile,80
ammirato,105
istantaneo,75
lorenza,358
brosso,953
pervadere,510
ercole,152
encomiabile,108
donnas,10
jeans,68
incombente,32
triesto,194
snervante,13
incompiutezza,592
ovadia,19
agonia,79
pienza,9
turnar,591
scesi,31
crespare,220
carpente,1029
cedro,51
tredicesimo,51
inter,486
inveire,199
insopportabile,213
rappresentazione,1032
canoa,266
bisente,77
oltreché,38
unisere,13
tomahawk,181
ingenuo,435
fune,72
albore,82
madama,42
omanre,393
ignorare,698
canovaccio,427
consistente,259
cablale,180
bibliografico,284
insensato,607
unitariamente,224
sponsorizzare,64
medere,320
miliardo,172
degenza,137
gordona,619
riprocesso,90
abbozzo,32
demolire,54
loewe,228
guardaroba,442
inventore,339
disuso,143
decorosa,45
secolare,423
destrezza,47
arato,152
aneddoto,263
inutilizzato,337
ripresentare,143
schiavismo,352
antibiotico,382
colpevolizzare,313
videoteca,114
interscambio,164
catullo,778
perquisito,110
abbarbicare,315
rincarare,28
scorporo,80
scuolabus,128
interrogatorio,153
castrare,302
granché,150
ansare,46
gorilla,122
rivitalizzare,293
frequente,81
pacemaker,104
talpa,47
scandiare,103
patteggiamento,175
baggio,548
superare,56
cofinanziamento,397
cermes,11
tirreno,97
letterare,587
sacerdote,207
senile,268
salvagente,6
sapere,801
pollice,62
contenuti,101
inflazione,156
santoro,214
dumping,12
carsico,134
mondovisione,256
urtare,113
dragone,67
monaldo,126
solitudine,360
assungere,123
germana,313
polaroid,177
smalla,438
ritenevare,159
antagonistico,935
badalone,216
stanziato,68
pepsi,90
centrare,43
garcia,888
salesre,105
antepone,11
enfasi,35
fucina,32
confae,95
inforcare,187
motivazione,133
perpetrare,314
snodo,31
cumulare,105
desume,24
carretto,191
oneroso,116
sortito,125
obelisco,18
trombadore,295
catinella,75
vario,84
ivano,24
dibattimentale,127
biologica,310
chiacchierare,429
istriano,7
patinare,803
onorificenza,54
orfano,26
diseredare,34
bidente,32
botte,135
costiera,249
acqueae,183
risma,21
datato,39
logica,293
briosco,469
draskovic,59
protestanto,160
champions,318
festeggiamento,125
contare,173
comparato,288
affo,87
decadente,513
protestantesimo,134
oltretutto,325
strega,53
zenone,342
dimesso,38
eliminazione,78
naviglio,201
sofisticazione,282
sbotto,276
genetico,297
arciere,146
epperò,145
esister,372
sover,70
professionale,241
sedicenere,548
griffa,101
nadir,54
violato,36
adere,23
particolo,95
demarcazione,27
compreso,61
spassoso,670
condare,150
storico,38
genovare,124
sette,112
toscano,53
berzo,209
casina,51
specializzazione,523
controindicazione,607
riverberare,508
agnello,66
anticlericalismo,773
amarte,76
musa,91
usuraio,69
suadente,611
anzio,117
donate,191
totalità,27
oria,22
libertario,362
kate,577
gaffes,56
fazio,20
oresto,172
magnano,550
sedia,147
seveso,5
flores,63
macinare,102
alatila,50
trasmesso,59
etologo,150
amartya,37
rozzezza,522
ultrào,83
acceso,40
hanks,923
patrica,80
yves,314
spingere,257
ognuna,14
tolosa,26
tere,63
monca,9
arder,41
sorpresa,60
mezza,60
catacomba,186
debbono,19
artefice,15
pienezza,104
parastato,29
massimo,9
esplicito,160
match,360
evoco,366
tormentoso,187
mammone,99
alghero,213
avance,56
obitorio,189
monoteiste,164
realizzatore,91
quarantasei,169
goldman,185
turner,413
pearl,28
ferreo,33
folco,50
chiavenna,495
statuetta,135
acta,5
istintivo,476
abbas,92
fida,13
letterale,205
vaio,246
fedele,32
manetto,23
elettroshock,49
frenetico,48
arabo,130
gotto,111
danza,252
scoppolo,58
squillo,20
cinghia,82
manipolazione,26
camomilla,148
conversazione,61
pilare,47
ultimamente,331
cementificazione,411
terminazione,293
intreccio,194
linda,176
terziarizzazione,408
intravedono,212
taggia,7
gilio,19
passata,25
stagionalità,201
incompetenza,192
buonumore,193
abitualmente,209
martirio,144
placido,361
fuga,65
meritatamente,105
indisponibile,66
nor,101
cappelletto,791
riprodurre,272
parrucco,457
sassata,127
dimentichiamo,167
distare,37
dimostrino,32
ginocchio,118
terrà,104
interista,614
estorsione,220
scemata,72
ventiseiesimo,169
ammissibile,237
cotte,98
smuove,21
antonello,415
fissa,19
commestibile,178
mortara,99
sconosciuto,213
lingotto,83
rientrere,75
time,20
terapeuto,319
oliveto,74
esperio,123
compensazione,601
mirandare,954
largo,10
derivazione,722
irrequieto,182
altoatesina,73
intonazione,81
casso,40
restauratore,145
cornello,404
straripare,119
acciuffare,225
bypassare,33
branca,17
brianzolo,116
citata,43
marmo,219
accaduto,61
nervosismo,134
farare,231
proiezione,40
marciapiede,44
accanito,60
rieletto,84
persuadere,178
radura,112
sovrappiù,218
affetto,106
audaco,70
inopportuno,205
lesta,85
maschile,59
esortare,136
abdusso,23
concordemente,447
obbligo,76
vassoio,235
sabinare,61
fascio,175
equilibro,68
iconografico,602
parleere,271
riprendiamo,21
selciato,912
animonare,86
armonio,31
medo,109
reggiana,520
portico,622
menta,79
guizzo,315
traforo,18
trapasso,120
trasparenti,90
passeggiata,156
asile,57
guardiano,16
sopravvalutare,187
pencolo,26
superamento,544
financo,29
incarnare,348
attesissimo,284
fantascienza,431
amatacela,85
amplificazione,500
dda,133
atlanto,81
strapazzo,653
sensibile,136
capitombolo,344
fini,36
irresponsabile,345
risicato,48
andrea,319
incoraggiante,122
vigile,73
scalzo,36
dimenticanza,390
richiedevare,111
valls,15
vecchietta,182
celerità,101
bravissimo,351
colubro,526
militarmente,125
fascinoso,1189
bignardo,430
sessualità,237
ardine,77
acerba,141
mancia,33
diarrea,380
entravare,340
incombere,31
compagnare,287
cerchiato,137
comandi,78
tivolo,242
brusca,43
punizione,85
sinergico,126
ebrea,93
manifestamente,126
psicanalisi,353
limitare,356
cerchia,13
giannicolo,154
saltimbanco,441
mucco,82
abbastanza,182
perugia,331
arroccare,49
standard,28
apolitico,482
dimostrato,99
sollevare,60
tramonto,47
livio,259
licata,24
kermesse,86
lottatore,45
trionfo,124
bastassero,256
formia,28
patrimoniale,297
toccare,39
escludore,287
bondeno,23
ancor,8
risalita,45
aleppo,534
cotta,192
distintamente,303
fumato,13
combaciare,133
esultanza,163
taxi,100
vercello,329
imponga,162
dick,17
crimea,26
ibis,4
svagato,598
fornire,98
negoziazione,218
sceso,37
tabucco,164
presuppongere,960
ostia,181
incastro,113
biomedico,213
immiserire,194
strofa,106
rigetto,51
ubbidire,129
perequazione,595
tiepido,18
portoghese,119
razionalizzare,839
apologetico,538
bibliografia,245
balsamo,43
salman,95
ambiare,312
discusso,30
struggente,751
venturoso,192
staminale,344
imbattere,209
desunto,96
torrazzo,585
laro,63
disobbedire,64
abbatto,14
puntere,35
scissionista,80
confrontare,226
appassionano,76
arietto,562
indicatore,263
statutare,274
esagerazione,1001
pugnale,216
nocivo,220
entusiasmo,121
euro,93
riservatezza,166
eroico,18
provveditore,90
alterano,109
abbassato,31
chat,66
pulsare,91
stremato,46
copernicano,139
seder,72
pellico,195
stanotto,113
autodromo,90
rilevabile,241
successivo,112
costare,28
formalizzato,123
arredare,193
capivare,570
narcisista,532
inserito,87
ferragosto,51
foce,97
brevettare,213
parvenza,46
controllabile,376
flop,24
baluffo,272
diaframma,134
maglietta,413
bernia,73
catastrofe,62
assedia,27
aspirazione,399
creare,80
imam,41
rebus,4
finanziala,116
cannes,210
ventiquattrenne,229
fulviare,409
arear,580
provvidenza,21
incolume,55
ballottaggo,100
pulizie,13
respiro,13
ripiegare,206
spacey,1269
agave,196
isola,58
pergolese,11
nono,74
propor,46
mosca,140
meriterebbero,119
quartier,36
gramsci,16
ritrovato,25
campeggio,477
ciro,74
vichy,29
esposizione,72
dissequestro,91
deportare,157
restituire,109
download,72
pota,6
mons,76
cagno,64
distribuire,82
proponente,274
cattivone,262
golgota,308
leano,74
sala,89
alana,348
picconatore,183
vanolo,214
vibrazione,299
giardino,337
sabao,123
tuona,26
annullare,54
voluta,43
pericolosamente,171
vivai,23
confere,18
inconveniente,439
vince,115
tingere,292
bruscare,82
tacere,458
aere,11
vendicatore,340
redattrice,59
cream,496
bremer,97
rovistare,778
serbala,160
substrato,1195
interessavare,347
avendone,14
alfred,194
citrine,98
personalmente,262
insaccare,618
molochio,26
marsiglia,190
tradere,24
costreggere,80
marchiare,215
catasto,54
propare,28
ipocrite,233
butta,30
entourage,35
nuvolosità,172
acetoso,45
principe,33
collier,177
lumo,1
fulmineo,19
zone,77
cartellino,179
wolfenstein,44
quieta,128
mostra,262
pagella,12
bano,428
meditare,216
contrattualmente,344
geo,11
anzitempo,48
prospero,9
faziosità,447
cacciare,155
sapore,71
prosindaco,107
dissidenza,97
quattordicesimo,114
primare,51
schiarite,192
prigionia,102
scioperanto,101
foggiano,194
parigina,104
insulta,83
cazzuola,165
bertabello,392
autostrada,95
snellire,85
divento,33
belluria,82
dortmund,413
elettromagnetico,125
eccedente,207
astrale,78
abilita,27
cinquenne,117
premeditare,214
mammario,232
insopprimibile,570
dica,60
via,105
raffinatissimo,163
leon,58
neonazisti,107
desertificazione,298
proverbio,42
distorce,106
blindata,21
cinematico,155
hooligan,32
sistemazione,125
discuttere,238
cavenago,582
perdono,87
indecifrabile,467
desirée,33
frammentato,299
strauss,166
balestro,860
godo,91
ossuta,106
count,376
guerrigliare,310
buzzo,76
malizioso,344
ingerì,406
spaccato,51
joplin,837
distribuzione,200
nozza,40
simpaticamente,409
australiano,214
brigo,351
sigillare,165
altolà,41
panarcelo,194
trasformista,173
fonte,11
esistire,319
sulcis,9
sfollato,88
costosissimo,147
riferendoso,64
darwin,25
festeggare,94
lindh,72
afflitto,139
maggi,26
centralizzato,320
rivolgare,123
silo,23
esprimare,59
gialli,169
sommira,81
silente,42
capanna,331
bisognoso,81
rovinosamente,152
cronologicamente,195
fecondato,99
utilizzabile,311
atavico,263
tecnica,264
striscio,55
approfondere,112
cinise,18
batman,457
nordcoreano,90
cocco,214
centrodestrare,189
sbilanciamento,336
ritornato,76
emergenze,49
angioino,55
madrileno,96
caviale,126
rappresentativo,168
accorrere,228
tranquillo,70
tormentare,386
folcloristico,404
paramilitario,251
fontanalucciare,467
forobe,5
biberon,76
antidolorifico,232
suggestivo,607
telefonista,87
bozzo,268
cervicale,62
stracolmo,113
avallare,278
ccc,8
addentrare,155
inspiegabile,185
camilla,93
smorzare,131
indichare,134
vagabondare,366
nicol,317
accalorare,310
definire,206
gilda,21
barbarossa,635
trasferire,52
scherzo,263
migliore,57
slovenia,101
intraprendenza,32
appiolo,505
concatenazione,702
crociera,85
militarismo,693
pilotare,24
cerino,157
rilasciare,44
sciare,381
promosso,49
novantanove,156
scultoreo,415
medea,39
carcare,163
decollo,52
corrispondevare,119
committente,66
rare,71
cordovare,135
livido,515
artistico,164
oppi,14
edge,130
scopergere,165
gigantesco,124
investere,134
brevità,49
orazio,605
fiammata,43
giochare,116
ceno,32
monsiu,61
disagiare,165
arancio,165
riportato,14
attrattare,361
affamo,13
tuile,29
vicenda,46
rosà,9
garros,295
diritto,82
aleandro,657
accasa,11
telefoto,78
paganto,36
estrarre,48
ioduro,199
market,36
sfarzo,89
invidiabile,123
dramma,56
innovare,186
granillo,637
angeletta,109
corra,6
handelsblatt,90
oscurato,19
rivolta,118
fantasticare,941
parlata,423
rubinetto,46
millimetro,34
affiggere,102
dune,150
decretane,186
convocato,64
portame,17
mouse,65
emi,63
crematorio,34
suddiviso,56
affermativamente,504
floriano,585
editorio,51
fregare,429
corpicino,421
dicevamo,190
ossequio,86
gianni,83
lentino,402
acconsentire,279
criptico,450
separare,67
precisato,33
rossonero,475
diurna,162
altere,28
cagnesco,49
taluna,13
apra,7
rateizzare,354
romanello,1781
ovule,381
veridicità,169
spontaneamente,54
risultare,168
belva,70
bicio,27
cartagine,34
mormora,85
gravida,68
imprecisato,67
volgarità,521
tamo,76
sistematicità,777
affermativo,496
cosco,108
autodistruzione,240
giorgio,134
scenografico,382
pomeriggio,67
cominciai,93
impreso,30
politicizzazione,778
siemens,36
furio,8
laicità,301
smentite,44
deplorare,87
stereotipato,994
hackman,521
sfilano,92
sorpasso,67
iniziazione,227
semi,5
eventualmente,312
colonizzazione,255
duplicazione,550
convincento,259
collegiale,138
secondino,123
patrocinare,38
ostinato,361
intergovernativo,103
restrizione,137
addotto,212
moggo,138
prospettare,497
zampa,43
alcool,69
boemo,255
veritiero,156
attraente,53
stinco,336
liegi,139
bartolino,299
salvò,40
sandrare,357
sabotare,55
corina,105
marcella,813
board,51
redditometro,249
nervoso,76
pensassero,474
soccorso,55
arsenico,281
gottolengo,280
the,71
percore,104
feyenoord,512
paranoia,483
lemmon,695
polveriera,36
development,177
quirinale,61
spezzino,172
preferirebbe,322
capitolato,44
filmale,367
bocciatura,80
hakim,221
protocollare,26
ima,53
dilungare,120
vittorina,228
panare,146
impregnare,677
liberalsocialismo,534
ictus,42
modernismo,543
andano,151
indesiderato,198
indistinguibile,342
pazzarello,841
proclamare,43
imposero,58
darci,73
vantare,59
microcircuito,51
costantino,1161
aerodinamica,94
folletto,533
identitario,578
brillare,127
fortificato,135
guerriero,227
localizzato,319
reticente,272
sudditanza,336
millennio,41
riorganizzazione,441
pecuniario,155
macchinista,93
insilare,86
verosimilmente,177
indice,41
robrire,425
pericolanto,205
vivere,130
bruneo,150
del',8
obera,89
bubbone,15
quentin,263
oppressa,150
aggirano,23
capitolare,24
rimediare,84
lumicino,2
bah,22
teleconferenza,26
emiciclo,34
disagio,37
kofe,59
leghisto,91
esulare,555
pakistare,243
peculiare,755
jessica,410
ustione,166
compilare,102
concluso,79
tetro,112
sfaccettatura,723
annunziata,45
dora,73
correre,13
ripostiglio,206
complessità,905
insista,76
diranno,32
percentuale,158
riscattare,157
nichilista,620
debolmente,212
arasi,195
grondano,153
incentivare,432
coppe,80
superflui,363
tocco,178
giuria,27
neutro,6
neorealista,415
palombella,684
savoiare,16
avene,43
vido,80
rinunce,42
catasta,91
sanguinato,71
direvere,279
aberro,108
subito,135
coraggio,137
geofisica,115
scorsese,697
bravura,312
esaurere,31
tette,144
sopravvento,325
morettino,115
blair,78
alleggerimento,442
pollare,45
parco,65
grafia,122
diciannovenne,233
appiare,98
dacca,9
frigo,36
taglione,50
dittatura,169
carsolo,927
bagnare,468
dustin,950
alieno,70
epistolare,194
languo,37
attrezzato,150
cobalto,45
pessimirre,217
aerazione,125
disdicevole,263
ginevrino,44
acritico,666
erbio,13
estendere,94
rivendica,14
titano,38
falcinello,142
germano,293
completere,82
roger,368
cruento,95
referendario,103
cene,24
visionare,170
salesiano,240
dichiaro,115
potito,136
cumule,136
doverosamente,323
guerrigliero,376
sperato,80
bimestre,120
berciar,24
offshore,21
stamana,91
dealà,2
mittente,20
cleveland,327
sandale,356
sprint,247
prepagato,139
statistica,55
degenerare,167
vergognare,208
villaga,206
levità,268
narrato,618
arretrare,26
doppiezza,342
spinola,184
apnee,22
accattivante,994
vaccinare,166
eurosia,35
somatostatina,271
caard,7
comprenda,148
trasformandolo,94
ippico,29
francescani,125
emiedrico,236
assoli,104
vallone,600
anna,113
biselli,185
competenzare,86
orero,40
anabolizzanto,229
appagamento,150
scompaia,112
finder,286
psichedelica,503
caritas,34
rubbia,190
esplosi,89
potter,127
tonina,98
bioetica,63
sganciare,82
sostanzioso,157
rimella,353
soggiacere,64
novolo,212
tur,48
online,53
sferza,34
annunciare,120
pantheon,127
brare,190
calamai,121
definendola,64
spider,162
galoppare,83
bela,332
indizione,274
lingua,47
insofferente,526
amerio,54
carolyn,671
radierai,66
controcultura,563
asilo,29
stradale,86
schifa,17
evacuazione,85
fisicamente,171
intossicato,273
pessima,49
utilizzere,62
desolazione,400
ortaggio,172
cambogiano,174
statalista,386
intervistatore,47
desiderio,207
odone,271
acutamente,156
invenzione,495
elvis,827
raffaello,192
sistemare,520
atroci,130
agì,5
fantapolitico,554
istantanea,56
spinello,80
marionetta,234
descritta,237
madison,132
veterana,121
rimbaud,664
accanto,163
daccapo,6
regredire,221
gianno,150
svoltesi,59
giustificazione,743
sedicenne,430
defuntare,88
bbc,57
scaffale,175
ontano,26
cosma,157
domiciliare,81
raffinata,249
imbrodolo,69
lussazione,54
becchetto,1245
alloro,68
larga,7
spettere,210
pan,3
circoscrizionale,74
riprovare,49
siriano,262
indagato,148
spiegato,170
invigorire,13
categoricamente,131
costituari,95
lettare,256
compiutamente,446
felicissimo,329
meridionalismo,323
udp,52
ancella,20
asserere,249
immesso,185
drop,23
alessia,154
invasione,23
motociclista,150
mere,21
welles,289
timone,23
ardea,79
scenografia,539
caratterizzano,560
commerce,152
torta,46
stragisto,136
indichere,222
affossamento,347
antropologia,445
bassano,480
bertilla,41
sollevazione,47
marginalizzazione,942
tiepolo,528
facto,13
oscura,12
coppio,88
riflesso,170
salamandre,162
onnipotenza,217
diventato,109
spiazzare,166
assembleeo,66
calar,8
schopenhauer,221
inquietante,185
gionata,47
quote,4
mensilmente,176
reclamare,82
faccetto,169
attrire,199
court,5
binar,32
secco,6
telecomando,75
lime,91
taiwane,134
maso,13
abbico,589
brasa,194
prestigio,32
casanova,550
anone,9
sospese,19
termo,19
simeone,89
donorire,1026
fido,7
boeing,138
contessa,631
rivedre,99
vaso,101
guyana,99
amnistia,51
moralità,455
consumatore,65
arezzo,362
corretta,77
ambrare,302
specialistico,295
lipsia,52
garibaldine,42
risuonare,133
dedizione,117
demografico,167
radetzky,116
apprendimento,418
affollano,85
tortellino,485
riproponere,256
multilaterale,89
sbarrare,158
dircene,36
palermo,270
bibliotecario,66
grosse,4
fabbricazione,308
gladiatore,55
capitalizzazione,591
semantico,992
privo,70
unanime,32
sloggiare,428
ministro,74
raffreddamento,182
delegato,48
genetista,216
sognato,294
salume,262
isolai,17
aceto,31
bloody,85
genio,13
riassuntivo,183
rtl,68
figliol,119
epidemiologia,237
sfigurare,689
biologi,136
sindacalista,115
bracalone,298
dulia,339
vancouver,62
azzorra,33
abrogativo,76
coorte,20
temere,271
misso,97
solerte,46
gagliardo,441
scienza,144
conquistatore,45
areno,260
manterere,84
showgirl,514
deputata,117
frego,326
erm,12
risi,22
garante,31
caloria,22
controllante,189
entusiasmante,201
shell,34
soprano,479
malesiano,386
capiamo,299
pugni,127
abiura,192
antipasto,90
dietro,35
imperfetto,177
frenare,130
distretto,41
rollins,837
urssre,100
franga,100
rango,4
vibo,173
matero,286
riparlere,187
ripresentere,113
ringraziamente,154
lourdes,37
monetaria,70
inossidabile,71
sarte,38
gibuto,26
incrina,35
misconosciere,313
diffondere,44
dirigire,76
arrampicata,124
riluttanza,84
raffaella,682
soccombere,157
asfalto,444
orientare,419
litigioso,21
concordare,282
concione,79
stefare,150
limitere,124
contrariato,77
austriaco,177
esaurire,14
impenetrabile,156
artemisia,380
carletto,688
ammanco,76
ulire,354
agnone,21
bypass,35
tossire,81
evasi,15
sebastiare,431
zucchini,114
garantirebbe,220
bay,32
castelgandolfo,149
suscettibile,312
medicina,185
interpore,20
chiosare,280
augusta,41
mosse,7
mau,167
milenare,510
cefalù,63
foca,26
spartitorio,112
obiezione,114
batista,445
tagliaferro,1044
sostituendolo,32
affidarglio,150
convochare,171
saltuariamente,184
toccante,267
psico,72
burrino,795
somale,170
scenico,518
cecenia,145
subaltere,259
inca,28
quarantadue,176
alfabetico,14
perdo,31
pol,21
apprezzere,121
sciame,68
futuro,34
soffrare,152
trasformare,269
ragas,98
comunicatore,48
prepotenza,393
marine,29
paleontologo,180
patron,68
eritreare,157
estero,16
consolidamento,390
scelsi,120
destinare,103
rimanere,61
partecipare,67
preambolo,38
prestere,163
ritrovere,70
cominciare,203
sovrappeso,73
rossano,657
tiziana,399
gentilmente,168
lucente,92
accessorio,129
sovrappongere,631
tento,53
aukland,110
sfugga,128
cancro,313
trovata,22
approfittare,72
ottimista,72
operistico,508
gasdotti,2
provvedere,138
rispostare,142
guant,42
fruttare,126
albrire,25
omaggiare,102
madrina,170
obbrobrio,71
provocato,378
polpa,121
inaugura,86
eppoi,148
enna,93
stangare,118
canaro,39
selvaggio,13
tibet,29
grafo,89
idealista,467
georgofilo,108
nazionale,12
carcinoma,494
scoprirono,320
angiò,75
difendibile,73
sviscerare,411
professa,31
muovare,43
agare,134
enfatizzazione,669
galvani,30
osmoso,444
umido,70
modico,24
campagnola,229
sodalizio,81
range,10
footing,174
culi,148
canonica,95
alt,115
detrarre,161
imprendibile,34
irrigidimento,231
sfacciatamente,650
maretta,257
affacciare,170
demagogico,334
quartiere,150
weber,145
incastrare,382
rispore,158
duale,7
inseguimento,31
agiato,29
radicalizzare,600
adiro,22
fifa,67
squale,32
briciole,21
incontrollato,94
computerizzato,273
calotta,214
spira,26
bema,105
botanica,67
carlozzare,59
comunisme,278
airtags,74
murge,110
inietto,76
terracina,1109
ventilato,36
gareggiare,334
novara,262
marziare,44
lelia,333
scampato,49
socialista,226
tortolì,165
uganda,197
congiungere,37
discontinuo,178
magnificenza,212
ronzio,15
servere,34
variegata,62
menopausa,438
rumsfeld,69
agno,5
paginetta,33
annoiato,510
detto,92
pischello,149
attila,33
britannico,88
opuscolo,90
ramiro,155
quindicenne,381
passo,49
predere,100
scere,382
sondere,49
incensurato,229
approvo,67
recore,397
panza,100
cadessa,83
telemeccanica,91
cappe,124
scopa,63
conosciuto,157
malmenato,571
malvivente,400
perbene,76
finlandese,132
sdraio,64
quantitativamente,345
sbalorditivo,373
pcc,35
magge,97
sosia,217
campionessa,714
nitore,280
vicenza,562
pluridecennale,50
curante,147
camicia,214
poligone,46
rivedere,154
esacerbare,283
maiale,362
vincevare,331
centralino,63
quattrino,125
domini,32
penoso,47
venezia,95
offensivo,89
foriere,38
aguzzo,232
anthony,569
sbarrere,127
imprenditore,79
eschilo,7
sciolre,27
pesante,30
prater,424
notifica,179
rimanda,38
litigante,59
magicamente,327
bacie,352
ernia,33
sindaca,126
lodare,13
incappucciato,358
esploratore,141
leghiamo,60
garantari,37
potessero,310
fuoco,43
enormità,82
telescopio,137
videocamera,91
grammo,33
inquadratura,388
onestà,181
audiovisivo,73
reporter,34
ufo,32
penisola,164
gulag,91
manzone,158
strabismo,562
conduca,29
rube,86
curioso,447
tredicesima,50
silenzo,60
paesaggio,246
topografia,280
incassa,51
giunsero,104
vacco,89
criminalizzare,385
shopping,27
corporale,21
stellare,24
stralunato,1641
facenti,43
baldassarre,59
ilpresidentede,64
guarnigione,168
violano,68
soggetto,137
ariello,382
macao,9
educazione,66
risolere,64
treve,390
delhi,42
coro,79
nare,35
ceraiolo,858
risentimento,362
settentrionale,169
respiratorio,462
sommere,51
inta,111
talentuoso,654
memore,89
rin,41
compressore,52
magnificamente,214
canfora,8
rifiere,243
francobollo,48
centrocampista,474
violento,134
instabile,106
orientale,190
passaggio,82
permissivo,528
mentore,64
andora,73
ecclestone,17
trading,80
alfonsare,204
superficialità,873
conoscitore,68
appiglio,50
sigillato,243
timotea,311
stilizzato,606
negligenza,97
selz,26
ostentato,221
arroventare,151
hbo,174
surriscaldamento,168
implicare,358
piangere,349
mico,131
sedere,121
spintone,502
tero,147
torri,48
israeliano,141
casotto,1597
scorciatoie,71
avis,137
atlantico,55
apparirebbe,248
vestaglia,389
turbo,8
adattabile,224
gallipolo,142
anderson,978
ocra,161
nola,140
bulgaro,42
boola,416
mariano,856
arteria,108
caveau,40
inerto,72
amandolo,80
antilla,14
segnalavare,99
inevitabile,288
arcangelo,157
alternativo,42
dicaprio,268
volturno,220
pipistrello,479
sguarnire,117
integrante,154
sfreccerò,79
fiammingo,89
folgorazione,356
lana,17
peone,46
ambientalista,36
terio,314
tutelare,115
incombenza,34
agiatamente,279
monaca,125
federato,28
yourcenar,347
infondere,119
socioeconomico,446
scorrettezza,224
accompagnavare,242
locare,33
terento,99
gelo,27
sposi,2
paurosamente,232
abbiosciare,442
zquez,518
improvvisa,77
strumentare,164
orson,668
collocamento,206
connesso,188
jonadi,12
pier,36
magre,53
fuorigioco,378
autosufficiente,92
irriducibile,80
entità,11
proliferare,53
ormeggiare,250
poltritevele,73
audrey,618
incalzo,24
immigrante,63
prim',7
segreterio,142
umidità,156
batture,106
segnere,55
vademecum,6
stare,199
nano,4
sguazzare,291
racket,94
attualizzazione,734
apprezzo,140
cancello,170
agitatore,37
impietosamente,296
cingolo,194
cicale,35
indiziato,59
ventuno,133
burocrato,34
laddove,137
indonesia,167
dizionario,452
pico,467
telefonia,188
anticare,202
osala,17
patriarca,191
lindo,216
obbligatore,89
sciascia,129
assai,59
tribunale,31
disciolto,43
drug,56
disintegrazione,141
milligramma,59
affisso,67
presidenzialismo,186
riversare,279
udinesa,507
hague,147
parker,607
achei,30
danneggiano,60
persistare,181
malata,145
anacronistico,676
proibizione,73
oda,62
macherio,26
scaturiscire,424
arresta,201
situa,3
infrante,16
patacca,151
attergata,50
ambretto,588
giacinto,313
incosciente,319
foe,228
arma|arme,75
valvassore,312
inutilmente,93
multiculturale,129
midi,32
clero,145
arbitrio,172
detonazione,65
obiettività,248
armano,45
sessantesimo,123
insistentemente,318
organizzazione,71
distaccato,71
dribbling,291
scorrere,342
cleopatrare,120
profit,11
iss,15
urlo,201
presieduta,58
interim,61
crepa,19
luis,178
raggiungimento,111
motogp,192
miracle,452
vitivinicolo,156
pareggo,337
bilbao,19
vulnerabile,84
pregare,134
compromesso,164
finirebbero,258
manu,20
disquisizione,336
ostetricia,180
ricave,240
vivare,39
procedere,149
sovietico,116
credo,308
capolino,531
mallo,74
striminzito,9
marcato,161
petronà,259
tonga,179
anno,149
carbone,70
adottato,115
ospitalità,22
sebenico,125
spada,9
nandare,79
giubbe,128
chiedico,97
svg,13
spericolare,116
helsinki,62
binare,25
zooprofilattico,215
univo,32
immanente,10
condonare,85
sboccare,286
cile,16
microbo,451
odiato,63
disgelare,85
valigetta,262
scure,10
oriente,52
taro,134
western,574
peggior,18
dialogare,52
baffo,291
scesero,129
primola,34
redere,98
opportuna,321
usl,48
convolare,77
superato,209
farso,56
ustionare,163
ritrae,173
mincio,185
orbitante,142
insperato,91
provincialismo,183
esagitato,200
insistere,314
aprere,76
giovane,191
mondaino,505
stizzito,183
somiglianza,68
habitat,119
nera,36
betele,388
lacrimogeno,164
carole,410
centrista,208
peregrinare,235
delirante,399
greci,28
scricchiolio,139
cavaco,441
paciere,8
protettivo,118
quindicesimo,96
pressione,32
proviamo,77
federalista,217
erika,3
botta,122
spal,94
denunciato,90
corrompere,182
meschino,444
ventottenne,435
filologico,564
concettare,344
giovannare,350
ispettivo,81
spiritualità,511
bergamo,520
fortissimo,92
jacopo,98
monumentalità,202
badare,267
mattatoio,74
arenzano,68
equipaggiamento,94
bardello,669
casinò,55
bettolino,721
cesarina,695
golf,44
pirotecnico,108
porterebbe,136
ipertensione,397
entusiasticamente,281
nomado,52
solcare,347
rere,108
ripudio,54
politicamente,302
liste,41
misteriosamente,216
differente,199
cerdo,110
min,44
sequestra,180
ailano,28
preoccupare,331
lanciatore,53
materico,571
gentilone,639
ascrivere,148
tailleur,240
imprimo,8
reverenziale,68
caddero,136
risucchiare,610
fausto,88
soldatino,145
bulgario,108
utilizzazione,769
sergio,103
ghiandola,259
attaccato,296
telenovello,129
tranquillizzante,233
rivolgimento,304
gaio,4
ringrazare,101
sciagurata,69
sperare,185
totò,56
klaus,202
illuso,118
olmo,51
punta,24
alaglo,162
austera,149
rometta,9
coretto,1196
lombardia,71
individualmente,380
rimae,102
proiettano,176
sismo,10
bufalo,72
verre,186
violentato,324
sordo,25
spondare,89
bussola,23
torah,73
sms,18
esigare,43
bujumbura,210
calare,35
meraviglia,338
carrubba,398
infruttuoso,24
muse,15
ristrettezza,54
inginocchiare,561
iscrivere,23
prioritaria,200
regna,11
mazzin,17
dado,311
despota,134
trasferere,46
bastione,29
trattase,11
ostinazione,341
soddisfatre,85
molteno,976
avvertono,86
comandino,149
decorato,241
galateo,30
distillare,249
endeavouros,160
enter,133
reuters,31
ingozzo,550
fasce,11
legislaturo,50
puntura,24
confederale,153
personalismo,756
appiattire,294
pensionato,112
morde,24
stesso,411
leale,23
avvisare,109
ancora,335
internamento,98
trentinare,319
confuso,141
equitazione,57
parevare,335
sciara,322
pietrelcina,447
computer,138
dionigio,432
gianluca,307
empirico,463
intemperanza,322
celere,6
tacchino,410
secca,18
platinio,323
antitrust,36
newyorchese,215
forza,45
formazione,128
riefenstahl,94
escalation,76
editore,68
bulimia,237
statizzazione,704
rolo,81
inaffidabilità,112
chiappa,18
croazia,113
flebo,135
contrappone,363
muoiano,103
colpevole,206
csme,2
taratasi,110
ritentare,78
pardi,457
misa,63
triangolo,6
raffo,56
infedeltà,32
progettato,80
declassare,14
lainata,56
furtare,185
beinette,301
raggruppamento,80
tastierista,737
engels,8
pignone,89
narratore,563
lina,349
carabo,36
multicolore,175
tridente,317
naviganto,18
bina,8
provocatorio,516
coltivare,72
shabab,236
subalterno,424
tailandese,133
inghilterro,70
adozione,108
epifania,7
assodo,447
appartato,79
sottosopra,251
segreto,27
grare,44
molle,139
boutique,104
lusso,61
postale,32
diseredato,90
petrolio,51
rozza,28
villetta,259
glaciale,22
papera,152
nucleare,63
notoriamente,172
indifferentemente,1018
varietà,32
infante,203
multilateralismo,239
farinello,706
iconoclasta,479
umanissimo,186
amata,35
ereditiera,88
esposto,23
inseguire,265
accolsero,92
minervare,269
ardese,8
ovvio,477
avrere,186
onto,8
febbrile,54
inondazione,126
apparecchiatura,289
discepolo,299
obbedo,76
cavour,25
lamente,95
garibaldino,50
elce,15
disapplicare,231
stridente,489
pia,13
candelina,198
polveroso,433
gandolfo,586
direttore,43
futa,22
popò,18
cupi,172
ericsson,136
devoluzione,160
sospettavare,358
labile,3
cucire,240
spilla,425
bruce,815
maternità,132
insanabile,131
ingabbiare,371
paloma,101
complicatissimo,139
etichettare,105
mazar,148
rostagno,110
relatività,407
vidare,414
barman,197
levigare,470
fozae,86
carucci,388
moralmente,307
collaborira,33
agognare,90
rimbore,190
albinoleffo,543
serie,10
val,56
mash,185
contrabbare,78
babbuino,64
digiuno,17
identikit,19
delinquento,187
penna,109
surf,87
lazzaretto,638
interstellare,374
risorgere,120
adorino,649
udio,31
operatrice,52
campionare,492
cebano,339
bega,1
orzo,20
vicesindaco,128
eliminare,64
riconsegnare,100
irida,58
picattere,144
dettaglio,41
platì,6
moldavia,159
impostare,429
oliver,186
deviazione,47
preservare,291
snobbare,121
cannoniero,409
recinto,115
elaboratore,37
tattico,27
ano,113
sollecitudine,305
intrapreso,60
cronacare,44
radicalizzazione,891
melina,67
rovere,69
cisgiordania,108
concertatilo,190
ondoso,143
straziante,440
centellinare,218
avercela,39
essere,755
contentare,587
rei,22
acquisto,119
precipito,46
mozione,102
orfeo,40
scomunica,60
antidrogare,52
surgelato,432
casello,56
fresa,452
racing,55
ripubblicare,224
orchestrazione,230
eietta,285
vanesso,614
didimo,115
tempistica,380
sopravvivere,187
internal,24
riformatore,176
remota,22
poarr,39
ipre,23
gravita,16
arrestere,157
coinciso,71
stato,10
raffaele,51
veltro,70
invire,96
frantumazione,500
trasbordo,182
abile,84
redatta,30
scossone,63
platire,56
seria,13
bratislare,147
adulo,99
ratificare,112
marca,34
danio,53
temuto,42
edificante,312
sabbia,349
compiacere,674
gatta,173
regalar,253
spiritual,302
ecuador,123
inattaccabile,168
stragrande,32
margherita,194
conterraneo,94
interdizione,97
luzhkov,59
piovono,19
santander,135
costituito,153
faraonico,42
spregiudicare,312
esborso,301
tacitamente,273
visione,388
anatema,41
intricato,134
alberghiero,105
quantificare,413
dragala,188
ciano,718
impattare,138
carcerazione,167
ambitere,128
amarra,40
grottesca,312
csu,100
vanamente,283
candido,79
giulia,191
balvano,420
metropolito,30
nostalgio,225
mutamente,241
reazionario,763
contrastato,143
veloso,471
ingegnere,61
episodio,47
acato,324
pavarotto,205
abrada,81
attraversare,235
magistrare,111
camino,408
mentalità,816
difficile,209
minnite,122
sobriamente,433
harris,632
band,346
pasquino,610
riconoscimento,85
infatuazione,584
antiacne,8
arcivescovado,146
concilio,166
saraceno,266
resista,10
crafen,74
cangiare,587
faccenda,50
pareggio,229
cannabis,172
front,66
convergere,162
tentatile,21
scatenamento,174
micio,68
camionista,159
sbadiglio,158
riportare,33
burton,160
israela,116
intarsino,88
errato,75
granaglia,108
montevarco,262
pollo,160
pattinaggio,76
fiaba,315
ivana,103
errace,51
pianofortire,413
clarare,99
onorare,80
respirere,174
dichiaratamente,240
occupazione,96
appieno,113
rigirare,513
tono,59
reels,827
jesi,23
marker,824
atterrare,193
siare,151
permettare,229
perla,7
strumentalizzare,361
reimpianto,286
nervo,13
vaticare,71
derisione,526
pedagogico,284
automazione,211
conico,267
legnago,209
teismo,248
èerano,191
adulterio,135
resoconto,109
mozart,346
estremità,148
umilmente,318
basetta,134
spendaccione,167
fornitura,75
siro,84
tyler,1278
nodo,55
puccino,463
attuale,72
paillard,376
marpione,265
aspettavre,250
sgozzato,350
tracimare,282
ritrova,20
proconsola,17
dosso,126
confondere,688
codino,486
azionista,204
banchetto,188
stono,241
bittaco,4
hashimoto,73
accorso,125
abrogazione,145
diocesano,71
frequentato,82
carrey,469
aggiornamento,41
nascore,22
marginandole,165
consulto,49
attrattivo,192
aspirante,18
ragnatela,54
riascoltare,127
storno,10
elevere,18
lasa,34
incorniciare,811
giuso,214
esperente,51
piemontesi,144
tranfaglio,82
palpitante,416
manifesta,47
wilder,650
weser,119
pericolo,70
uovo,90
scarpina,38
abitato,265
rico,55
cechov,69
fermato,277
organizzativo,188
appositamente,59
inghilterra,72
calciare,623
inuma,4
ventinove,158
odierno,26
calco,64
gimondi,131
contagio,181
solidalo,53
prescindono,784
lattea,61
formace,9
bestiame,161
inutilizzabilità,459
economia,72
lemare,132
azzurrino,475
sottigliezza,569
vante,15
felicina,94
antifascisto,146
alitare,13
gialloblu,452
rottame,267
lanette,422
erede,39
scaglione,21
portella,16
spettacolarizzazione,399
intuere,46
smaccatamente,242
glauco,199
sassone,54
bettinare,705
ricongiungimente,106
bologna,182
allah,158
impercettibile,349
temperatura,166
persio,119
rovescia,5
amichevolo,18
preparatorio,62
commettare,79
audizione,62
redazionale,23
pipare,96
affrontare,124
chiesta,61
econome,52
trovai,54
rogatoria,75
poliziesco,79
pianoforte,319
appartenire,242
clinica,181
merare,212
leggio,89
strapotere,98
neda,130
benin,120
discutere,251
allestito,158
istanbul,41
arrivere,92
annetta,58
intransigente,458
citere,68
brasiliano,165
sparge,98
autoradio,60
volere,590
gestiscono,67
svincolare,174
bozzolino,904
esasperazione,728
tassa,197
charlia,139
cancelliere,144
caratello,218
europea,34
dimostrare,250
lainato,49
rieleggere,92
more,68
coredo,4
delinquenziale,247
liberty,78
scalpare,700
urale,48
cassio,108
confermo,217
riprese,46
niki,193
coque,59
vendicativo,60
riunito,12
cancelleria,29
perone,109
pompe,83
avventuro,140
cridere,105
vedendolo,247
particola,118
auspico,88
consuntivo,43
broncone,142
ch',19
reperimento,395
assolutezza,515
cesso,15
gratuità,34
mota,136
pugilistico,86
stako,6
partitocrazia,613
espressamente,192
squilibrio,230
nordorientale,237
banale,459
lodine,468
rossana,491
candidare,100
rispolverare,119
struggere,58
libreria,103
osannare,124
mucchio,254
barletta,139
riassunto,85
campionato,390
conciliazione,34
invalido,105
cooptare,46
umbro,189
sintonia,92
disonesta,197
provocazione,317
inflivere,70
nudo,139
fernando,148
imbrigliare,242
garzaire,133
beccaria,77
pacchia,24
triesta,191
rammarico,136
aimone,365
anzianità,175
eccolare,611
straccia,346
convergente,190
variale,32
berlusconare,136
ungaretto,453
tram,110
guantone,45
scapolo,43
inquinatore,120
finanziere,87
acconto,156
giaccone,255
insofferenza,534
manciato,43
adunare,40
pretendare,302
adita,6
massacrato,276
temevare,211
eretto,34
farfallo,153
discutare,191
guerinare,161
mazda,114
cestinare,292
rebecca,627
lemming,509
fronteggiare,50
brure,102
pannella,41
nuorese,197
prolungamento,129
lambire,198
denutrizione,327
rape,34
autodifesa,58
anire,218
cartografia,270
amministrato,28
indecente,525
battista,602
azzecco,346
infiamma,41
multirazziale,60
scimpanzé,201
attribuzione,259
riscoperta,555
rie,0
velletro,661
drizzare,162
graduare,122
patetico,990
ribasso,104
gees,879
cloro,88
fiscale,215
certificato,74
martinella,423
primato,22
cinzia,53
sprezzo,305
zeus,18
prema,63
immersa,198
doris,400
rinforzo,46
malinconica,716
facoltativo,63
allittero,141
perire,64
maxiemendamento,171
esigenza,264
sidney,181
narciso,399
compresse,23
concorde,58
forno,69
raddrizzare,215
caposele,689
hale,54
enfatizzare,420
anzia,6
fordismo,211
parto,155
bravissima,506
ottieno,48
principesco,60
rimottere,34
sulfureo,909
capriole,157
impiccare,285
teoricamente,351
prelato,97
eterodiretto,96
criterio,166
corporativo,240
sposame,19
critico,151
schiller,256
default,62
tripletta,507
scopo,73
prologo,104
legittime,132
indifese,233
filosofia,339
chiodio,272
giannetto,895
monovolume,150
fatturare,175
dietrologia,115
solidissimo,84
fortunosamente,146
avessare,373
intascare,178
celebrativo,285
idroelettrico,213
buna,6
pausa,35
lavoretto,64
scemenza,260
ideo,25
segnalato,86
vip,30
complicato,157
decadere,90
pontecorvo,268
generalizzare,532
equipaggio,127
infoca,15
regolarizzazione,265
deliziare,695
bilanciamento,178
stico,132
gelosia,83
rabbino,88
thabo,64
territorio,37
banco,4
attaccò,74
eni,86
deterrente,181
obbligatoriamente,260
connubio,162
addensamento,209
maraini,380
inaffidabile,57
vandalismo,228
negri,133
guardiola,173
diare,19
imballaggio,309
impunto,229
egna,3
sempione,158
recitativo,309
indonesio,140
suggestionare,603
impore,328
reichstag,77
contadino,126
totalitaria,108
finanziatore,66
politica,218
martoriata,65
attero,14
anomale,81
motociclisto,112
strame,15
contrada,163
eric,716
falsamente,179
annunciavare,65
andatolo,638
intramoenia,68
maggiorare,362
sol,7
formavare,212
praticante,107
decentrare,353
lucido,132
costruiscere,212
ibridio,121
plenipotenziario,74
accumulo,168
rimpicciolire,253
petriolo,634
faticosamente,81
reducere,35
madrigale,217
premura,116
norvegia,125
abnegazione,448
sederino,161
equivoci,169
colonna,13
raggiungare,47
imperioso,71
rilevato,162
tormentone,108
new,54
intermedia,141
malvagio,261
becchi,54
gelese,93
avello,563
confidente,162
sonata,141
sporadico,133
marmellata,372
occidentale,121
togliare,157
intervisto,40
impagabile,480
lungometraggio,218
multato,9
telero,20
unile,18
preesistente,427
rientrato,86
efficacissimo,331
marone,54
consigliere,69
discostare,180
feroce,125
poltrona,36
infezione,516
divina,107
trequartista,531
agibile,44
sfuggento,576
sudafrico,147
illecire,109
adagiato,175
rovina,161
decentramento,375
ance,2
goethe,53
babau,89
oracle,106
sensibilità,388
wwf,26
annunzi,290
stralcio,79
faoo,19
debuttare,249
elargire,78
finere,114
improvvisamente,327
organizzavare,151
dean,758
innervare,273
vanvitello,597
guardalinee,154
consequenziale,596
addensare,116
disabitare,192
marzabotto,64
deplorazione,146
inesattezza,187
ligio,14
cosmico,167
veniero,177
creo,6
chiodo,71
frequentatore,150
sostituzione,84
tesserato,46
ammortizzare,208
quantitativo,186
berline,48
tamil,88
fossa,12
zainetto,411
quotato,115
irrispettoso,100
permessi,63
stello,64
benefattore,151
corona,38
solire,261
divertito,841
assiduità,18
consortile,17
samuela,7
reticolato,268
abitativo,167
spaccio,197
italica,5
ampolla,50
connettere,328
ricerca,35
aliante,16
maccarello,1249
panno,111
scompaiere,144
bolognare,219
strevo,65
prez,15
schematico,1292
ugolino,115
acino,24
vuitton,123
diccene,604
perderebbero,200
intelo,21
giurato,14
primavera,46
ha',50
antagonisto,299
francesca,613
scarpare,609
predicatore,289
metrò,103
repubblicanesimo,244
finlandia,87
dilemma,41
ricoverare,161
commedia,87
ricapitalizzare,248
inquinante,293
decremento,441
paritetico,102
amminoacido,250
acchiappare,156
proliferazione,118
richiamare,144
depositare,65
visivamente,365
paolo,163
solidale,41
provincia,143
maggiorento,16
tempesta,81
prosciolti,194
strido,48
cugino,98
bucarest,133
macedonia,152
dies,80
lontano,102
diagnosi,224
plasticità,480
erbo,247
editor,94
organdi,253
ventiquattrore,123
scellerare,63
dillo,57
decapitare,194
invia,30
astrare,151
spazia,69
antiquare,58
alire,49
sporcare,888
antare,24
schumacher,145
accorgire,475
antrona,196
alberatoco,179
misura,60
aurora,297
olocausto,68
chiamarire,76
rinnovabile,47
ritrattista,348
acquio,116
scomporre,107
perego,100
colavare,811
moralismo,789
goleada,501
astinenza,65
premito,112
eccitante,380
proclamazione,48
gastrico,126
seggiolino,470
preservativo,190
tau,4
cucito,216
rapporto,37
origina,46
irpino,212
quintale,303
coincidenza,60
ledere,96
ventenne,361
postua,38
conclusosi,90
tmc,53
fondisto,133
tavullia,186
papillon,8
cancerogeno,386
pugile,56
venerdo,125
compact,63
astor,674
partecipante,21
responsabile,28
deviato,37
foriero,17
offrivo,13
impaginazione,1039
allargamento,147
grano,308
comparivare,274
compiaciuto,481
disc,49
incassare,79
precettare,19
cabro,65
probatorio,132
invisibile,123
cullare,111
protette,37
tennista,393
rogatorio,115
inseguimente,16
dispensa,14
ruspa,124
sguardo,152
leonia,46
zie,7
restituiscono,102
studentere,38
ciccione,1154
droga,88
aumento,192
bombardamento,80
massonico,29
smorfia,362
heineken,73
attraversamento,333
contra,80
famigerata,4
raccomare,36
ironico,693
fertilizzante,547
spogliarellista,1125
inflessione,51
convertitore,29
ginevra,24
trapianto,317
eccio,61
guerro,15
annunzio,283
vas,2
chiarino,543
stralciare,133
perugina,136
strepitosa,721
tasta,59
michelangelo,431
raffare,21
sottoscrizione,125
giulivo,107
nazionalismo,656
guaribile,77
lesione,98
ipnotico,879
verono,429
sfangao,87
roberts,852
dubito,71
influenzare,146
beverly,182
sii,40
attrito,109
riavvio,82
diavolo,42
probe,10
disciplina,235
temporalescho,210
dottoresso,180
ecuadoriano,148
sepoltura,76
quinquennio,50
pubblicità,116
antino,32
hobby,377
condivisibile,499
libra,104
obbligazionista,129
lapidala,15
efisio,80
ettore,342
vaccino,325
aulare,33
trentennio,156
troncone,4
tecnicamente,278
dissimulare,437
disk,67
circoscrivere,44
maurizio,110
peppino,158
cacciatorpediniere,298
mascalzone,13
ricostruire,42
cassare,24
ciclo,9
mutualistico,620
perpetuo,7
riformisre,268
boulez,512
tragga,14
tornante,233
trascorsi,35
multiplexe,192
insostenibile,195
bosniaco,110
igienico,41
popolari,10
pacione,182
trump,43
guappo,306
lagnare,378
rimodellare,212
evenienza,40
dilungere,397
agire,207
determinazione,270
nguyen,592
undicesimo,87
volpo,167
quistello,461
tesoriera,18
suu,11
agnare,330
giostra,182
avanzere,84
quassù,24
spendo,33
diretta,146
antonare,347
siero,240
mitomane,274
sabbioso,276
baduel,49
addebitabile,226
liberia,114
ignominia,30
inservibile,162
macchinetta,327
intento,122
ippica,47
temporalesco,201
agevolazione,545
instabilità,202
skopje,110
prizzi,1089
killer,76
aielli,628
chansonnier,766
solitaria,36
marconio,14
amleto,160
abbordabile,129
caine,807
frontalmente,43
interferire,78
leggero,17
comprensibili,194
fifty,54
cardine,60
affollavare,292
addosso,262
includare,81
reggae,362
and,81
gettonare,121
aprilio,155
cooperativa,66
yad,67
kinder,226
play,71
sadowa,467
digerire,98
rialto,138
bianchino,1068
inconsciamente,1099
narrativa,452
deferimento,86
pierino,1133
orietto,748
ringraziare,186
carpire,118
girardengo,381
corresta,174
vaca,41
preghiere,149
andina,172
vicentina,250
laguna,103
boiardo,17
poverissimo,156
rancia,82
stavre,143
padre,156
budelli,135
solerto,50
vele,17
spallanzani,109
pretecnologico,175
culto,156
latino,21
rizza,160
benedizione,91
decidare,205
sbandierare,70
abbonare,21
rappresentare,243
moshe,254
ritmare,494
additare,343
kazako,58
washington,152
trasfusione,388
ardeatina,73
grande,79
indovinare,145
sbere,342
reazionaria,372
iride,17
newcastle,365
scaligero,115
undicimila,113
pugnio,178
sostengare,380
sessantotto,164
comproprietà,51
istruire,16
emotività,397
bilico,25
sceneggiatrice,593
mantengare,94
calia,187
emorragia,161
riconfermare,124
promotore,54
wolfsburg,72
pedinare,153
mega,15
altare,97
collaborativo,65
ricetta,15
progressista,351
riferiscare,193
desso,1090
cerdare,97
montana,316
bakù,94
federativo,140
canaglia,12
vicissitudine,132
campanila,118
defunto,45
motorino,212
cinquantenario,118
primicerio,150
autoproclamare,41
esaù,7
terendere,1139
geronimo,354
liv,526
amadeo,364
dorno,161
cavalletto,340
ammoniaca,364
inaspettare,138
cristo,172
pirata,18
eurodeputato,138
brunellesco,368
erger,91
impiegano,105
cnel',9
itale,4
identificato,140
organizzare,103
nasare,46
trombettista,746
convertere,19
basando,5
aureliare,235
etichettatura,160
basale,48
solzo,20
filtrano,20
obietto,31
amalgamare,509
famosissimo,797
accettato,136
boiler,274
rincorrere,489
tentare,111
fornaio,71
erpete,11
imprescindibile,603
corsaro,301
provochere,122
fermere,50
proda,3
indagho,360
capezzale,166
mozambico,66
natron,570
assemblee,61
impassibile,269
gridano,185
inquieto,342
eterologo,130
cordone,12
lasare,136
ripe,8
dervio,140
consolle,106
sbrogliare,72
giave,76
ria,1
ratto,226
fondamente,246
fermat,85
traducere,121
cessione,218
erva,44
invaghire,570
impedimento,358
premier,103
italo,10
contribuire,134
cinquecentomila,94
braco,21
brno,155
destino,38
nave,194
garza,30
fama,30
compagine,22
archetto,1267
coglier,49
fagiolo,328
berlingueriano,197
flirtare,162
sceglia,28
renoir,231
detenuto,70
avvocatessa,278
arrogo,11
produttore,66
apparente,393
college,128
promozione,93
affiancato,78
turismo,17
fisiologia,173
cavacurta,398
mariuccia,40
tripudio,55
ragazzare,645
curvo,200
scarpa,369
ricevevare,115
facchino,240
ascialia,103
dorma,68
incerte,50
fuggi,33
prophecies,430
avvento,148
cliente,61
darglio,83
tecnicismo,601
brevetto,91
balneario,40
stipendio,155
valletta,83
biscotto,108
alunna,73
concetta,189
decorrere,197
fiutare,184
saletta,225
spento,98
germania,122
guerino,89
contestualmente,488
osa,15
saggiare,145
tory,96
transitore,22
relatine,165
recepere,85
biodiversità,126
acare,30
analizzato,343
pronosticare,145
satellite,115
merlo,31
armeggiare,457
boemi,25
tafano,64
viennese,196
modenare,292
imperizia,11
vaccare,225
endina,103
salvere,39
cinquecentesco,254
famulo,23
scrutatrice,10
take,431
conquista,30
plano,92
consegnare,92
quorum,45
arrendetto,162
antistorico,489
numerico,31
espropriazione,165
incollato,337
documentarista,241
abilitare,133
elencato,19
cecena,140
scultore,335
bini,389
predicare,222
sostentamento,468
ernano,69
canaria,23
importo,395
revanscismo,681
condurrà,17
intelletto,43
martino,19
ingenuità,443
rapare,35
incredulità,230
ivare,35
opponere,245
bisentino,630
ibera,13
levante,66
trave,117
idrico,104
post,4
caratura,97
ventinovenne,374
ausilio,7
rasentare,443
compartecipazione,388
gil,173
marcata,34
priore,9
furbescamente,422
rivalutare,44
esposito,697
usufruire,183
psichiatrico,161
contaminare,189
power,6
curiosare,250
spregiudicato,260
feconda,78
opportuno,272
economico,151
sfasciare,435
omogenee,286
interroghare,83
saharo,78
aggirare,42
south,330
priebo,63
pacificatore,29
secret,5
collecchio,213
modalità,313
intimamente,361
storto,95
erra,253
anelano,137
uruguaiano,417
venezuelano,98
prodigio,36
invalida,64
cino,22
avanzamento,335
arrangiatore,440
preteso,580
ehud,104
genovese,164
pesantezza,214
contraggere,236
idioma,72
illumino,129
pendolo,48
guadagnare,108
capacitare,361
sbandamento,124
ligi,3
adesempio,89
teenagere,165
ippolito,355
addestramento,99
falcinellare,178
bluo,327
erode,49
sommergere,406
sorprendere,265
ammazza,140
inadeguatezza,280
lubrica,188
twill,603
insaputa,55
inalazione,194
fomenta,60
fibra,129
zoccolo,3
azionisto,84
eli,0
rielaborazione,391
tortuoso,73
pregio,83
affettività,357
amba,19
luccare,290
assurdità,258
tesimo,50
iseo,20
medioevo,222
neuropsichiatria,259
ammodo,15
forto,7
residenza,56
andrew,422
repubblicare,49
duemilacinquecento,119
socie,13
invadenza,177
rumsfee,66
nego,57
delegittimare,297
imbuto,20
mariella,631
trapianti,221
accidentalmente,137
cameriera,155
savio,79
lucrativo,318
sterlina,45
autorità,12
juventina,501
chio,31
accorre,64
agenore,51
stringente,71
castoldo,117
incriminare,177
matador,262
epistolario,252
macerare,273
anticomunista,400
vignetta,55
trappole,87
sano,7
resuscitare,224
viaggiatore,88
aspettere,525
landere,149
avvistare,303
epodo,2
sezione,11
negrone,855
atlantica,25
yemen,98
ambientalisto,61
vignete,22
quart,127
spere,121
indecoroso,125
gwyneth,811
dispotismo,690
imp,59
brad,861
cominciarono,135
continuere,167
saddam,79
cattura,42
emancipare,126
separatisto,221
conformemente,211
pome,16
biffi,44
barcone,179
bonobo,36
mareo,162
scoppiato,96
frotta,59
gilberto,234
soppressio,25
aera,20
disgrazia,132
prosaico,427
affrante,201
bedonia,69
ciai,14
atta,54
gracile,70
sterzare,46
piovoso,109
jefferson,629
sessuale,150
puntello,45
pinacoteca,285
fan,18
soldino,15
fluido,76
arro,233
eui,13
caratteristica,550
liquidazione,206
centrosinistra,219
cascinare,422
faceto,34
sgambetto,260
angre,116
sparito,27
collocazione,139
tigre,37
messia,44
sigaretta,100
unire,61
checco,138
contratta,88
cambiar,22
rand,89
stero,4
grauno,25
malaugurato,186
sessa,32
immagino,304
prendere,74
calimero,150
longonese,186
fallimento,46
prudenziale,204
mietere,12
pamelare,375
indiziare,184
stupro,202
scarpello,647
ricordiamoe,59
supplire,51
operoso,46
siccome,437
nuvoletta,97
rischiare,114
avviluppare,493
institorio,140
behi,18
pampino,292
ruth,329
rendimento,184
alimento,240
nocare,202
repubblicano,78
dicendoso,260
attivissimo,116
medesimo,172
insire,668
cercar,30
ponare,137
mitchell,906
carnera,831
nathan,96
confcooperativo,89
privatamente,172
prestato,163
variabilità,217
fascinazione,1284
investo,54
indiscutibile,641
rispettato,100
manfred,266
oxa,349
catalizzatore,78
strisciare,147
amnesty,18
basketre,502
consorte,52
dimette,65
gestibile,189
guarnireo,405
organizzato,89
affascinante,958
notae,53
agitazione,75
estendare,41
trattativa,73
infrastruttura,84
spagnare,72
successore,85
spiderman,657
pensione,136
armare,20
anchorman,194
corrotto,127
abortista,83
affitto,147
spiraglio,40
israelito,101
cokeria,66
bagnale,107
natta,133
disincanto,666
incomparabile,752
iniziativo,72
bernardetto,455
milena,385
sospensione,171
gatto,99
teme,18
gramsco,35
spruzzo,591
canoso,71
budelle,171
vignaiolo,607
carnoso,73
prestito,158
biennio,51
trascinare,408
negozio,143
brevemente,21
scarico,346
assia,48
mal',2
seducente,720
sproposito,422
commerciare,123
occupazionale,367
pedale,149
ostetrico,128
monetarista,156
estivaglielo,43
sollecitano,179
rimprovero,385
avvocata,76
chiete,122
appellativo,40
imbarcare,165
amara,22
notturna,36
invece,591
link,56
rivenditore,88
chino,843
par,13
strino,272
cineclub,190
sbarcò,42
incarno,218
graffio,453
acchito,48
prematura,81
maccherone,523
reminiscenza,461
liam,577
scalzare,49
peto,92
aglio,379
ostinare,663
abbronzare,145
riattizzare,128
finzione,586
avanzo,12
padana,25
rubli,48
alluvionato,93
profondo,66
verbalizzare,173
miliano,193
trasferitoso,31
mazzata,35
donatello,523
genero,173
bicentenario,129
collido,113
trinitaria,45
onnivoro,158
fosco,4
fasulli,5
forzista,198
infinità,199
scalve,44
orologi,22
sfila,61
slalom,36
replico,58
elica,32
demonizzare,186
plurimo,14
sfuggere,409
ammutinamento,125
capria,260
dirompente,279
ruolo,15
servitore,58
fluviale,85
chirurgico,122
menzionare,221
flessibilità,256
chiuderare,76
congedere,86
bientina,153
rivoltoso,163
avamposto,75
agivare,99
benefica,30
organicare,57
sinergia,194
pispoe,173
canduccio,193
surrealismo,422
tant,10
processo,45
pfizer,43
riuniscare,79
chimera,61
alettone,113
spietato,180
esprima,49
urare,137
incorporato,95
enfaso,46
piazzale,175
perl,13
ponte,16
artista,376
interventista,107
kayak,138
rapace,62
fiorone,248
indemania,21
crossi,105
immersione,92
presentere,122
leone,17
contattare,88
colere,523
notevole,104
pontedera,108
disertore,47
password,17
videoconferenza,11
annerì,71
aeroporto,96
batticuore,143
precotto,32
coprire,31
normanni,179
tinto,371
evolutivo,278
eufrate,131
premierare,150
decidessero,167
stillicidio,74
cesenare,251
pazzia,86
cassone,184
silenziosamente,479
interrogazione,109
perseguitare,380
simona,103
immateriale,186
ironicamente,440
postal,22
deviare,37
spunta,96
sentinella,52
cileno,121
bastiano,252
allineamento,199
cagnolino,199
persecuzione,247
affezionare,192
thomas,323
fenomeno,83
garage,88
gena,145
affidere,46
arme,2
favoloso,67
pelugo,130
trafugare,111
atalanto,575
discernimento,603
pastore,205
cancellare,78
agente,113
alberato,342
pompa,7
matilde,35
dito,25
torcere,115
antidoto,111
superbia,124
mercurio,70
callone,1253
vine,49
hippy,172
bret,343
regresso,270
statuto,97
voivodina,120
portale,75
tassazione,493
infranto,22
betlemmo,97
equatore,59
tradizionale,84
cruente,59
adamare,228
afghare,92
lastrare,171
tremaglio,92
introdotgere,72
vetrina,83
dialisi,35
calunniare,229
manifestazionere,100
appaltatrice,80
taino,2
sanguinante,108
tengire,34
fanfare,77
consultare,72
arrossire,845
perito,68
fedelissimo,87
oltraggiare,368
debian,16
rozzo,10
sottoscrittore,29
futile,227
intendimento,514
femminismo,432
quandoso,135
rilevantissimo,449
aggiusre,118
eta,6
carbonia,101
umbra,71
risulterebbero,144
prolungato,90
emittenza,52
ridente,560
emissario,8
recriminare,286
disservizio,71
travet,5
vinello,588
ventaglio,10
ergastolo,139
contrattaccare,93
narrativo,690
catechismo,142
conclusa,43
abbagliante,103
geraco,423
pennello,1070
magistrale,99
lello,814
vivendo,69
soffitta,116
kilt,44
pescato,153
montesquieu,349
lecire,137
sessino,267
apaca,120
passerello,190
castello,41
chiederemo,242
mite,218
mirabile,687
elabora,11
vincitrice,117
furibiro,61
vincolato,350
guamano,131
razionalista,421
conguaglio,331
grifone,352
girasole,172
diffusione,142
newton,24
mascagno,358
confermire,188
reversibile,184
comunico,18
alvaro,25
traguardo,110
cibore,172
baldassarrere,58
descrizione,194
monolite,29
spiccia,330
costeggiare,340
ursulo,310
arana,12
deriveere,291
topo,317
spartano,65
inutilizzare,290
delibera,124
patologia,469
passivo,29
magnani,393
baratro,34
commercializzare,238
hertz,465
riassetto,138
inesistenza,366
pogere,257
isbn,27
inquisitore,187
abbina,12
trasportato,74
compromissione,427
formico,25
occhietto,120
scodellato,332
deall',6
estiva,171
circostanza,277
graffito,250
pancreas,450
lattice,375
baco,4
recente,45
debbo,170
ripristinare,66
fascista,229
annichilire,202
boris,97
costante,120
nobile,165
distinguare,243
giovanotto,66
torrenziale,178
battisto,160
ere,313
chilowattora,166
siegmund,18
etrusco,98
rivolgevare,186
cucciare,141
netta,13
appiglo,14
buia,211
cooper,73
espandere,110
bue,14
batterista,768
fondanto,229
cataclisma,108
video,47
regale,151
cobra,56
rete,55
apolitica,215
bozza,86
scappare,546
vitrociset,90
cottanello,603
montalcino,86
pietismo,719
fiesola,277
ricreativo,126
bazooka,140
cambierare,113
gennai,61
lottizzazione,138
ristrutturare,116
gandara,19
contrastano,301
ersilio,156
allegre,217
poture,47
simpatizzare,196
soffermare,175
calidaro,147
mussi,72
tellurico,65
bretagnare,33
covi,4
insegnare,160
criticato,249
poggiano,17
milan,522
denominato,4
batteremo,63
amelia,34
calcino,385
annegato,83
giannichedda,327
direzione,19
scherno,39
viaggare,62
display,114
partire,115
celebrità,478
alpinista,65
sottolineatura,509
cremella,60
separazione,81
trasmissione,134
bianca,179
relativo,380
moviola,35
illuminato,129
cast,218
incesto,272
ammantare,622
airone,59
storacere,139
esterno,7
brina,571
conservatorismo,573
denatura,147
diabase,172
mafioso,142
gusco,417
sire,43
griffo,244
xenofobe,142
berò,7
sennòe,173
ideologizzare,866
acconciare,474
tagliente,226
rigoglioso,330
composito,120
spino,197
fellini,24
florida,77
caldamente,18
rovescio,116
hughes,669
scafo,102
itala,12
sfuma,33
bocca,59
cuscinetto,71
verbo,83
dieta,48
condussero,85
antidroga,38
sindacato,191
parve,41
pretendono,57
vacare,30
corner,121
vimodrone,144
tbc,29
bressanone,854
inseriscere,248
george,174
riprogettare,186
tortona,371
caricaturale,792
offerta,55
pochissima,85
ambizione,91
irregolare,87
melissa,384
ecarté,3
adorabile,560
promozionale,83
palestra,76
guarire,240
sincronizzare,112
utensile,188
piacentino,895
sinistro,122
esemplare,15
daimlerchrysler,149
fiorella,801
gramo,115
gradevole,575
rilettura,464
salasso,107
influente,48
riformo,74
consentì,27
consalvo,154
sveglia,34
secessionismo,260
rasa,12
convention,22
miro,34
ideinare,270
impegno,74
spiacevole,147
prima,251
copertura,96
brizzo,37
guido,336
varcare,44
scritta,155
conduzione,18
barba,72
filo,15
dotare,97
concorso,15
avanguardia,179
affiancamento,345
camp,67
cohen,654
ahern,121
disinvoltura,604
tortorella,713
chare,31
nasale,164
svoltare,68
ramazza,126
salentino,577
attivista,104
bombola,289
lisbonare,194
raccomandabile,176
ilde,36
steward,256
umanità,69
dir,122
basar,55
nottata,33
psicolabile,138
scimmietta,191
elettra,46
ansioso,111
illudere,325
record,49
ossa,221
centroamericano,148
segna,19
catturare,194
acri,2
arrembante,390
diluì,6
concertistico,217
vandano,44
mazzolino,1034
barzamino,435
rinvia,107
castelvolturno,492
lottizzare,30
mendel,131
cusio,3
bigio,404
incorrere,126
sedicente,154
vederla,58
ritiro,14
cineasta,190
presidenziale,80
irino,360
cicala,254
sorridenta,442
fargli,154
romania,144
interno,2
guaio,65
covare,131
ceder,51
etnia,107
dispettoso,273
kuwait,225
cambridge,239
pedana,344
dato,52
pegno,12
semplice,456
lussemburgo,61
rotabile,196
credete,29
pianeggiante,154
garro,513
catilina,152
riscaldamento,161
dovevo,182
gianmario,385
celleno,194
ginecologo,197
continuum,312
lasco,13
terrorizzato,288
apprendere,128
continuato,16
emblemo,10
ittico,112
tempia,131
naturalità,288
circuì,47
struttura,195
percorso,59
virtuosismo,638
sciopera,102
producare,211
xiii,14
meglio,233
avvertimento,74
bencivenno,535
paliero,52
cervi,100
figlioccio,404
contatore,158
ingrid,211
racho,290
pathos,274
picchiatore,322
albertinare,318
maledizione,58
appai,43
farmaceutico,66
intima,6
freud,82
congressuale,69
galline,185
campanella,76
portineria,206
led,21
ancestrale,634
congedo,16
tonino,488
stressare,212
clinton,100
docenza,100
allontanato,95
estese,175
esplode,99
testardamente,85
assolvimento,108
amena,11
colei,95
costola,46
decidemmo,83
riassumibile,221
giudicante,133
benvenuto,46
nottetempo,88
ingombro,49
inesauribile,167
tura,3
orlando,228
guardone,299
roboante,116
bacchettare,316
ambasciato,66
rappresentere,67
sospensiva,91
reverendo,166
risoluzione,51
confessare,316
fondamento,210
cingetto,462
stretta,23
caboto,13
proselite,73
biancorosso,595
nobilissimo,598
serenissima,75
bellagio,67
precondizione,414
oddio,144
svizzero,44
antisemire,152
metodo,69
minima,9
ciii,15
intervistira,72
importanza,133
azzeccato,168
imbeccare,180
prime,27
crimson,622
quarte,281
tracollo,97
musical,249
comunicativo,490
moschini,19
corone,44
sbalordire,574
giuseppe,132
morione,665
siluramento,79
capodanno,37
alludo,8
contrappuntare,967
padovare,531
silla,65
ordii,97
moratti,22
lichene,32
sostituibile,152
ritire,43
chiazza,376
svelta,114
harem,204
ghilardotti,375
immergilo,94
cale,132
collidere,112
scompaiono,251
unilever,109
bollare,21
istare,42
nario,323
trasmettare,57
levy,125
magellare,368
intenzionato,210
diurno,39
rincorsa,87
fbi,47
conselice,252
scatenante,199
strampalato,1043
datsun,416
truffatoro,132
lacero,68
ronaldinho,426
castragli,299
fioritura,252
pasqualina,576
soldo,121
rosato,236
spallata,19
listare,43
infuocato,84
eccetto,12
nasa,22
mango,351
gioiare,72
contraccolpo,264
aggiravare,368
disinteressare,529
inventario,355
insalato,291
immondizia,243
individuabile,206
fionda,386
minimalismo,675
manlio,269
idolo,168
emily,550
manatelli,200
precisione,85
deragliamento,111
allocare,94
festino,81
bisognosi,61
gabbanella,137
adiacente,362
resto,104
entertainment,311
blog,96
metadone,248
andavamo,153
slave,25
cuneese,406
produzione,178
brianza,78
constatazione,232
cedure,20
ucna,7
nonio,9
qualunquistico,999
specifica,291
bobre,108
opulenza,152
credento,239
capriccioso,588
varenna,260
espansivo,252
spina,23
correttivo,371
ripiegamento,137
boxer,270
mini,4
vire,47
antidiscriminatorio,358
rinnovare,32
tacca,113
guardòre,95
philips,114
infortunare,372
perturbante,212
leila,90
pasdere,162
esplicite,141
commissare,59
digeribile,80
autiere,359
preannunciare,105
vertare,101
scivolare,237
agonistici,172
nevicare,144
pecciolo,174
fallito,42
migliorato,96
patrono,151
stringere,46
piedere,358
ascoltare,119
abissale,90
fruibile,85
legalità,86
psicofarmace,268
cammino,35
rosei,17
beghina,10
referendum,77
bonino,24
card,6
appostare,428
difficilissimare,408
attacca,126
indefinibile,518
deformato,306
imprecisare,139
suolo,74
comerio,87
allenare,321
truffo,76
palmiere,380
bazzone,257
scelto,12
picchiata,83
aspettavamo,299
vestivo,124
altucci,60
ragionamente,354
tendone,167
tobia,2
ingranaggio,88
diverso,222
assistenziale,448
scrabble,88
precisa,95
nordico,68
spreco,27
pianista,432
esso,426
rammentare,525
mago,16
segmentazione,585
esattore,19
lamentare,162
lascere,54
sfido,31
autonoma,82
sottovalutato,138
pampa,31
utilità,195
accettabilità,865
botulismo,314
esitere,75
utah,94
revocare,118
veterinare,103
sordido,572
agitatosereno,174
beach,183
monopolio,62
empatia,414
cruscotto,605
probabile,93
fienile,271
anselma,63
promuovere,145
chiacchierato,459
ditto,11
rincrescimento,49
torero,203
colonico,122
presenteremo,127
congiura,123
ricavo,240
asterre,31
atos,10
fontane,12
vigorosamente,111
verbare,44
mosto,157
storicismo,943
direzionale,88
marina,99
ingerire,276
aragona,89
morrison,542
copparo,308
scoprii,272
esibizionismo,451
socialdemocratico,202
facoltoso,29
esplicativo,296
riconoscire,209
incoraggiamento,118
eccesso,144
vvvvaaaa,101
lampadina,483
sceicco,148
paghere,60
emanavo,50
angoscioso,260
attualizzare,395
beppa,201
adendola,50
termale,72
induno,193
ergi,10
dimenticatoio,141
offeso,212
spaziotemporale,344
ricattatorio,140
severina,73
rinsaldare,67
sottoponere,48
arie,3
regnante,16
manicomo,19
baderà,28
probabilità,29
traballante,23
palazzaccio,54
benzinaio,125
promettere,72
onnipresente,57
eietto,431
canto,76
santuzza,104
scacchiera,5
ottaviare,546
vasto,33
trafiletto,26
intridere,1009
combutta,90
spalle,93
ruberio,76
incardinare,272
straw,47
appeso,122
vissere,357
masaccio,563
trasformato,134
sauna,16
anacronismo,524
biti,14
furbizia,236
stefanio,221
ecumenico,167
lucifero,228
gerusalemme,106
apuano,113
elevare,69
fumetto,587
sagge,181
aventino,53
becca,70
esponere,63
iena,300
bellezza,189
ascolana,381
canile,136
carrara,41
lastricare,128
polinago,176
stizza,254
saggiace,248
salvabile,42
pergere,62
ralf,132
innevare,612
attenzione,64
mafia,121
panettiere,417
matrimonio,27
fidelio,165
pozza,230
migro,26
defraudare,149
dibattuto,56
aroma,103
enza,32
domandare,453
cusano,50
indelebile,57
ripalta,144
unionisto,90
empio,82
cerebrale,280
traumatizzare,217
redatto,54
catapultare,229
soddisfacimento,336
gradimento,34
beringre,282
cesello,136
prodiero,32
bordello,94
pediatrico,257
tolto,38
sottile,145
flirt,3
antro,25
partitella,558
camerata,93
economio,19
riscontro,310
clientelario,331
elezione,120
tina,82
rifornire,123
dichiara,60
profetare,162
taormino,88
lecce,461
compagnia,29
nazisti,157
smaltimento,242
riformatrico,373
nardino,437
occasione,35
pellicolo,281
concentrare,110
vissute,131
volata,297
adempiere,106
inode,52
avamposta,89
hitleriano,268
inferocire,299
consapevolezza,567
efficacemente,211
ostentazione,499
trasparente,77
corp,90
sofia,55
sventrato,316
canalizzare,213
chiaro,40
nascondare,103
invitato,84
orecchino,206
atterrane,59
passim,56
manette,168
eroga,68
lissone,264
acata,56
binocolo,306
sgranare,790
ossimoro,256
novantenne,482
standardizzare,841
funzionare,126
intermodale,206
ups,39
ercolano,191
conclusivo,46
concorrenza,55
goldone,4
bernardare,515
cannere,40
fornello,249
cinquant,124
scherzi,272
mattino,54
affrontato,185
taluno,314
riadattare,120
falla,5
gerald,268
vendibile,40
amen,120
camminata,160
alternano,69
attestato,65
prefazione,286
aspettativa,159
damaso,52
autoritratto,504
caglio,365
controfirma,112
transennare,641
titolarità,98
thailandia,135
sforbiciata,68
barbados,134
romolo,886
caligola,147
predeterminare,667
addirittura,173
bussai,18
riconciliazione,112
impegna,16
ritrovo,47
albergo,161
ospite,42
romagnola,320
intercorrere,90
completo,17
vitellone,691
deficienza,90
coronare,27
cardiff,218
accettabile,369
ardilo,620
barra,15
abbaglio,9
ripido,210
reso,12
klm,68
ganghere,134
quina,22
tenare,87
panaro,357
appaltatore,83
italianissimo,318
clericale,485
diplomazio,23
rustico,178
deteriore,454
acronimo,40
unificazione,300
isare,142
mirino,15
pavido,134
chalet,162
rifacere,104
pesarese,493
polole,31
idealismo,874
sella,44
partecipavare,64
astrologo,41
gualtiero,647
bavarese,64
bayer,362
mentita,10
blandicio,40
ostiense,220
garda,11
settecento,213
cosmonauta,51
agrore,45
bagattino,310
approvvigionamente,209
siderurgia,127
meritorio,104
indossare,249
roccaforte,82
banca,109
tonnellato,126
posto,24
riccardare,840
ope,47
protagonista,195
lepontine,104
tensostruttura,54
auspice,29
debordante,151
tinta,273
tonico,153
mazzetto,148
altamura,166
purista,504
internazionale,29
ucraina,86
nosocomio,106
reattore,138
trecase,339
niente,159
vessazione,253
stizzire,198
gustavo,63
boro,16
denuncere,95
fondatrice,66
mamma,331
onorario,30
sparpagliato,306
tracciato,50
buontempone,581
dedurre,165
astrai,48
cogitate,78
calcolato,170
geloso,21
veemente,163
inauguro,104
sbracato,27
assago,34
cabrare,145
impeccabile,310
firmamento,34
pazientemente,168
utro,89
appassionante,156
rilevòre,55
bolerino,102
simbolismo,672
tragitto,100
gancio,218
allagamento,228
king,493
comparire,134
sopravvenire,257
sprovvista,49
blare,244
ino,6
creatoso,74
discriminare,205
israeliana,141
applicazione,382
irritare,333
sposa,90
scetticismo,177
cremona,178
piacare,287
jackson,474
vela,43
bruxelles,52
timer,16
insonno,77
vien,39
capire,647
sudamericare,124
benevolmente,174
peio,23
ecologia,69
zarista,366
apiro,27
nipote,225
degento,141
atteggiamento,254
alfare,531
fosta,213
contabilità,203
mazzino,32
procope,201
insurrezionalismo,513
autonomere,128
nicchia,62
tricolore,101
positire,33
limare,45
infore,15
chilooetro,13
battuto,148
montatore,217
fraintesa,30
principio,223
iperbarico,85
biblioteca,91
bahamas,16
bombone,84
intendevo,203
giacimento,65
circo,105
camerato,126
pettorale,5
arare,550
sovversivo,126
grato,72
soave,67
materio,33
python,271
puligere,234
materializzare,395
pre,1
divertare,506
incirca,125
imperatore,36
guthrio,1000
spazzaturo,90
folk,347
comio,7
terracino,1004
urbino,212
gabbiano,428
gavettone,265
direbbero,75
bulinista,265
risanare,41
cattivissimo,487
scelsero,124
parroce,93
grignolino,563
sfumatura,471
bulldozer,123
solare,117
miss,12
trasformandoso,139
deriverebbero,288
augurabile,188
ibm,105
figurare,76
protezionismo,316
consolatorio,171
invarianza,209
microsoft,77
prescindere,782
filare,159
tillo,546
missile,114
petruzzella,218
soffiata,119
dubbia,70
eravare,246
corsare,145
comunque,604
bambinello,344
gianpiero,664
spinto,297
ramificato,107
scivoloso,63
edenico,253
transitare,186
mano,43
sultano,114
giungere,70
generate,40
civita,16
erotico,563
arcella,367
celato,64
berti,5
imprudente,132
salutere,112
illendere,53
nerazzurro,469
girotore,26
vissure,113
natural,123
bistro,10
sburocratizzazione,489
annotare,47
accedare,80
esame,69
sparagnino,344
repertorio,519
etile,119
bra,57
esaminano,80
statine,139
easy,71
togare,39
soffrivo,289
sottosviluppo,237
proficui,30
quadrato,123
mobilito,52
ingrassare,189
episodico,238
dismissione,276
graffa,48
bottaio,81
accorse,147
ulisso,149
eritrei,88
zagare,156
desidero,171
emmo,18
adito,22
oca,25
qualificano,60
doblone,66
burrascoso,46
rondine,46
molo,24
algeria,98
assodare,78
mestre,51
andamento,171
dow,37
buenoso,63
cooperare,47
stimabile,56
manifestaziorre,72
batteriologico,167
giaciglio,180
stellato,59
trito,79
trionfio,249
girardo,410
amnesia,7
fecondazione,109
interporlo,64
adsl',257
rossetto,430
autonomo,47
densare,223
veliero,214
diossino,99
naufragato,88
tossico,323
ausiliare,4
aforismo,662
quinto,83
tartassare,130
giordane,68
deludere,218
cartigliano,227
poderoso,19
piaccia,170
bellicista,436
anagrafe,23
bagatella,169
apprese,29
augurale,42
raggiungibile,55
raco,151
annoiare,247
bacheca,48
preavviso,24
lamia,7
connaturare,835
riaffermazione,489
doha,26
birillo,194
itinerante,87
mobilita,54
risto,21
bronconi,141
pappagallo,233
picchia,291
allibire,290
sorreggere,142
carmine,292
spalto,158
battitore,17
datazione,352
angiolina,412
esibari,191
gregoria,333
alassio,188
decesso,147
approssimare,114
gutta,35
kevin,843
imprettere,305
sanremese,95
spavaldo,320
panoramica,155
prada,41
fiore,57
arenghi,474
contrattempo,52
accuso,254
ciadiano,56
musulmano,198
quadro,42
ibernare,21
abbiente,168
nutrita,27
retrai,3
delto,33
alno,164
ginzburg,213
intenzionale,471
fotogramma,268
incartamento,165
gravitazionale,326
arcipelago,26
aieto,22
ovvero,175
brigare,67
referenza,106
infimo,66
scelgere,102
daria,95
girovagare,352
brown,196
praghese,36
trainanto,178
confluari,34
maceratico,201
nile,63
recuperare,45
fischietto,221
blasonato,251
legittimare,507
multicinema,263
confezione,313
fiaccolato,97
pentagramma,241
zaccario,100
tartaglia,818
grinfia,66
fausta,51
cembalo,382
chiude,40
callisto,118
convegno,55
disturbato,148
presero,198
consapevolmente,552
tratgere,48
presunzione,437
pressi,344
seneco,63
fast,15
rufo,50
terranova,369
timpano,106
colala,436
beatoli,91
helms,17
ricare,149
influire,186
island,212
zootecnia,138
unicum,423
bizantino,228
sciaguratamente,181
ridle,468
ccnl,137
silius,43
giocattolo,309
egidio,25
austen,499
indovinello,28
decodificare,401
cassaco,57
deducibilità,450
ascolti,24
richards,844
folla,179
rebeccare,798
mondiale,26
lascino,23
rampe,31
biglia,39
elogiare,79
dolcemente,654
bacillo,101
parterre,145
appartenenza,183
fukuyama,138
improvvisi,198
jenkins,971
stimolante,157
rivista,143
caracas,49
depresso,51
analogo,37
rastrello,9
canolo,173
avvengere,173
mette,24
scongiuro,91
torr,76
ripropostare,192
mobilio,24
gong,30
batte,30
fattibilità,304
navare,168
garfagnana,27
sentere,325
seda,3
conficcare,676
supermarket,45
rimaarr,23
essendoso,242
giuliano,40
sussistenza,482
cinefilo,317
consuete,74
lanciano,28
disgelano,218
governare,127
astro,67
ospedalierio,134
nutrare,187
croviano,161
ronald,61
virgin,169
risentito,73
alfabeto,54
serbare,15
ospedaliere,157
misurazione,531
sordina,85
damiano,603
salvatore,454
innesta,85
pulce,7
antecedente,29
gigi,201
improvvisato,107
basato,140
esplodeo,99
mattare,454
spegnare,199
eque,8
anch',67
finita,36
teodora,68
montefare,409
cotogno,172
neonare,157
capiente,159
galbiato,26
spettare,169
ricambio,26
plateale,188
macino,30
eduardo,50
diatriba,33
lazio,142
piscina,219
insegue,43
giustificato,460
superman,309
banchista,262
organicato,56
miope,202
alluso,163
esternazione,192
costituere,130
tipicamente,735
verificato,236
giudaico,208
passerino,243
seregno,341
sparire,223
terremotare,56
maghetto,58
imparo,18
cenci,467
prorogato,188
scongiurare,92
cozza,208
gabriele,236
appannamento,478
funzionante,124
svuotamento,210
assumei,32
seguo,26
petrolifere,50
intessere,141
obbediscere,94
rimasta,43
glie,10
opuscole,60
junker,44
corporeità,634
revival,84
dissolvimento,150
coltare,237
trequarto,343
polder,49
schietto,89
prognosi,89
sinteticamente,213
esplosivo,99
videogioco,100
accentuato,560
barcamenare,135
portogallo,115
ficus,36
papere,119
michelina,593
pintura,262
rumeno,121
lamentavare,224
lineo,13
norman,486
antenna,68
atollo,38
preannuncio,84
valeriano,1115
barbare,248
bembo,47
maestro,491
hansen,805
affinché,82
interazionale,253
dovuto,44
fondiario,144
natalizio,38
montare,184
disilluso,221
morena,158
simbolista,473
avvelenare,78
trafila,3
forare,510
prevalente,186
divergento,87
segretano,104
disgelo,32
militalo,33
insigna,70
investigare,109
miseramente,155
sorvegliato,53
muggia,500
zeitung,59
riva,92
allegrio,409
michel,194
sforamento,272
unilateralità,101
matematico,224
illusione,327
tregua,13
tufo,203
luogo,11
diligente,48
riempito,101
baccello,788
drasticamente,216
stravolgere,286
cinema,101
penzolo,510
ideologia,772
nunzia,126
anatra,165
spinger,44
seguente,51
palio,40
colorado,164
iris,3
azionale,108
ducale,199
oslo,45
dovessimo,233
malesia,82
fascicolo,125
spiegel,102
elettorale,104
thatcheriano,110
nozione,732
rivivere,232
infondatezza,319
balneazione,110
farcia,154
estare,289
detectivo,168
concei,13
ferragostano,110
allarghare,63
siracuso,266
implicitamente,332
jeep,116
aspe,12
discordare,367
irrespirabile,313
scaldare,99
accesso,34
talebano,196
timo,4
circolare,19
raccordo,76
poker,87
soggettività,936
olfatto,167
tot,3
oasi,13
rigoverno,208
paradosso,197
conciso,54
trade,2
avvitamento,488
annapaolare,256
cattivo,97
cugina,198
autoritarismo,885
ritenevre,281
nomadio,37
glene,376
cipollato,71
elia,14
lauco,39
istigazione,240
forzatura,554
curio,49
scommere,33
ottomare,75
addizionale,368
mach,27
cosmopolire,198
collinetta,565
concittadino,90
consegno,41
inflazionere,124
evasore,51
tese,23
cocaino,102
avversa,220
dogmatico,543
poveretto,400
sottovalutazione,485
camus,30
domadere,299
faldante,42
curare,58
orazi,26
esausto,14
statiunito,17
ignazio,103
antimperialista,211
moderatamente,55
legale,26
snodare,124
cortesemente,76
impegnativo,105
puntiglioso,71
aristotelico,631
picchio,159
meccanica,58
chiamato,14
deliberazione,218
sacre,100
bancario,117
tornato,35
atlantide,20
coperte,172
emolumento,347
naufrago,108
potresta,90
gustav,98
canzone,427
scollamento,416
diffido,9
verona,540
prevalere,438
trillo,81
superpotenza,39
tamtam,2
prospetto,78
pianeggianto,220
tea,16
besano,843
dupont,40
conteggio,71
sovrumano,126
bridget,367
clamore,79
prorogare,213
civitavecchia,196
biomassa,287
geograficamente,149
altra,61
pannoline,267
pretendire,147
congregazione,229
raf,176
farmacologico,416
pizzetto,737
rischiarare,135
sgozzare,257
merano,217
lacerante,143
papua,84
acquaro,416
soccorritore,125
pesta,246
rassicurazione,113
giardinetto,702
rosetto,279
enciclopedia,118
marcatura,220
farsene,160
mete,19
monteveglio,628
represso,116
votere,100
millecinquecento,93
botanico,76
vedrete,120
acquazzone,284
considerevolmente,415
vendemmia,33
osco,125
ottavia,682
nonna,208
pakistanre,298
estinto,7
scomparse,67
pizzico,146
fiato,22
coupon,2
uscito,27
vana,6
intercore,37
inopportune,208
workshop,28
esempio,209
galdino,53
maltolto,34
montreal,56
informatizzato,202
roccare,305
attentatore,207
vorresti,89
disobbedienza,64
globalità,61
abortito,56
professionirre,99
stagionato,41
test,38
colore,363
stanzetta,239
maissana,206
stelvio,161
distribuivare,134
disastrato,79
bale,78
leibniz,116
profitto,164
spiegabile,399
memoriale,51
frasco,44
angario,251
hope,1133
pedante,300
coinquilino,27
affondo,22
katia,3
calvino,271
luigi,83
rimozione,18
anfibi,171
basai,61
assessora,76
insulto,198
guanto,294
park,65
stufo,160
allucinazione,852
miracolo,27
proprietà,77
ccl,12
sindia,7
lesionare,56
sampdorio,603
modificare,181
impaurito,358
attene,59
baratta,14
abilitazione,254
smaltire,42
cooperativo,140
diciassettesimo,196
devianti,56
allerto,27
territorialità,209
consueto,71
torgere,347
betlemma,95
collega,38
ciare,325
brezza,110
bulinisto,178
ragion,43
fonema,477
compassione,680
videogame,88
approvare,184
ciampa,30
mandare,46
bertibello,163
larghissimo,45
cioccolato,482
spenda,45
alta,38
bagnante,106
toronto,139
rupert,47
formatore,76
triciclo,17
grandine,252
viesta,219
lusco,21
derivo,126
autorizzare,47
fidi,127
multimedio,19
mozzarella,604
brema,171
domenicano,307
varco,31
paludato,258
arnese,110
bruciante,28
passerare,121
introduca,113
piagnone,17
sigario,59
innocenza,60
debolezza,181
tacente,64
esigere,242
relato,46
applicabile,325
rimeditare,39
kia,117
rimarrebbe,91
nigeriare,90
volatilità,256
acciaieria,117
atteso,61
dafne,129
intendere,100
serrata,28
abazia,101
crudezza,473
charleston,879
iblare,177
darto,149
toledere,17
appare,175
dole,70
assistare,38
riducendolo,125
isterico,623
dedire,62
carrozzeria,146
coesistenza,542
inevasa,58
sfilare,140
giustina,356
calano,58
componibile,94
lassismo,283
rivendicazione,38
contromisura,105
sessualmente,238
cossio,39
direttamente,73
antenore,23
castellare,641
sconcare,217
radiodiffusione,105
dollaro,80
antisemitare,153
rimpatriare,102
imbiancare,423
facilitazione,505
argento,79
avalla,14
sentiere,43
avvenivare,74
radunare,224
ruvido,381
inesperto,213
tel,54
ammarato,214
scaduto,25
atanasio,378
soggettivo,978
tinte,132
galeotto,118
educaticela,91
conduttore,136
slam,280
oppure,109
sobrio,183
solarolo,287
firmato,17
crescare,130
perennemente,179
calcole,32
avvolere,400
applere,91
dedicare,93
diametro,72
uniformare,171
aggressivo,242
vorrebbero,152
ratifica,69
farfalla,89
pollio,20
seicentomila,106
dobbiaco,307
automa,23
diname,7
marchigiano,584
giubilo,33
dolcezza,613
svolta,60
schioppo,49
mujaheddin,215
rice,53
ipermercare,81
ciliegina,138
deteriorare,137
barricare,338
personaggio,449
applicativo,421
serviz,10
elegger,315
cardedu,239
nsa,69
ricreare,90
meduno,791
velenoso,63
coriandolo,276
training,30
ime,9
prospettivo,203
ingannevolo,104
presente,33
indicavare,127
lavorino,22
eneo,12
attiguo,217
dedica,83
nolente,7
pullman,99
birichino,56
altro,236
nuovamente,59
nazareth,140
centralizzare,380
curriculum,16
guardia,35
lezi,67
concerto,300
trampolino,121
luchino,692
commerciale,43
adoperare,47
prese,32
carellare,333
boniface,75
belvì,94
rilevazione,157
espositore,92
rieti,391
attentato,96
quiete,101
chievo,513
erpeto,9
pesco,89
girotondi,34
condurre,20
mauritania,267
baiso,42
ferrere,751
plateau,65
agliè,16
rolando,199
neuro,152
servie,33
revisione,268
indebito,87
alanis,501
mediorientale,66
postmoderno,707
suppone,210
concetto,287
zibaldone,213
alitalo,51
crowe,321
analfabeta,41
suzuki,104
mezzanto,232
harada,144
richiamira,56
dirottatore,93
cruiser,83
bombardino,64
spartizione,12
promesso,19
ezer,102
fantastica,850
sbirro,247
bustarella,91
pascal,34
proposizione,935
arrocco,51
scrollare,245
archivista,81
martini,214
confine,28
acquistare,111
tomo,20
vicinissimo,56
individualità,863
ateismo,420
assumare,50
pochissimo,135
crisi,72
weimar,49
voltaire,480
giglio,347
ambasciare,54
ansar,99
registrazione,118
regata,72
maggiolino,297
alejandro,92
speso,42
bruegel,63
accomodare,246
ortles,39
tincone,295
staccato,149
plateo,10
fissare,128
preghiera,168
farcela,66
diavolare,239
frare,279
conseguente,315
fabbisogno,215
odissea,9
compatibilità,444
economicistico,729
risolve,47
agostino,438
ironica,248
ethos,5
inteso,74
funzionalità,491
escursionista,154
concedere,91
visivo,557
raccolta,20
david,19
loreno,236
contrastante,507
bilaterale,63
sfilata,99
grattacielo,58
gibernare,341
acclamare,121
stura,5
incarnato,334
oxford,154
ininterrotta,50
incastonare,862
stonatura,736
piastrella,368
suonare,138
elucubrazione,847
crudelmente,184
ronzone,228
lametta,88
mure,13
interrompere,77
rimettere,71
mollica,12
competitività,230
nitido,212
seduto,30
aliscafo,167
approfitto,19
tumore,357
sentiremo,333
malandato,226
questionario,134
presentassero,156
subcontinente,201
vicepremier,41
demotivare,287
ematocrito,30
understatement,283
tirocinio,110
riguardante,62
derelitto,140
sigle,39
proseguare,90
scavalca,44
suonato,342
dassault,110
mirko,17
congeniale,1027
berluto,156
conformista,167
ristrutturazione,188
soldone,5
raccoltare,43
beccatello,796
famigerato,6
viare,96
accentuazione,790
parapetto,1168
sottoposta,29
linfoma,392
rilevira,31
angstrom,12
tosta,372
riquadro,50
grama,329
pretura,88
lottare,72
ravennare,210
indocina,199
samaro,191
ovviamente,225
caballero,405
playmaker,483
ammontare,384
degrado,157
cavalese,121
dissociato,36
polonia,121
prenderare,113
furiosa,72
vece,71
padronale,147
liofila,248
truccatore,86
dipendenza,39
dindon,527
quoziente,43
uso,37
bica,4
legislazione,193
affascinato,1040
concreto,218
somalo,110
condanno,163
esprimere,100
ecclesiastico,107
intensamente,111
estella,290
adottere,85
manufatto,301
occidente,231
cos,37
zagre,38
riaffrontare,150
verrès,377
sentirere,450
strevi,107
compimento,89
feriale,31
saccheggio,81
cucinare,259
caserta,340
rerre,177
raccordare,230
agnellare,90
colpaccio,596
binetto,21
antitese,184
ferrovia,107
sacrosantare,101
arno,98
eleonora,514
davis,475
obeli,63
legamento,32
sonos,724
forestale,29
incidentalmente,151
rientrante,28
cuocare,201
fiancheggiare,180
implacabile,60
arcano,139
pranzi,60
deschamps,355
pianterreno,192
severare,21
francia,111
inderogabile,615
suppellettile,549
scarseggiare,284
binoma,139
taylor,364
rivincita,79
nodale,52
flero,63
teatrine,269
concezione,881
tosse,47
neofito,130
manicomio,27
covino,27
marene,757
pernicioso,414
europeismo,153
ragazzotto,487
operosità,246
banalissimo,727
stornare,187
haifa,98
vinsero,147
comitiva,115
quinziano,185
albert,261
ago,3
maderno,353
radioattivo,204
coincidare,183
erica,53
appresso,40
tifoseria,97
inconsapevolo,732
spadare,34
settemila,80
nancy,316
umanizzazione,562
finnre,29
asciare,562
freso,429
breda,20
bloccare,134
dimestichezza,262
eddy,257
chioma,433
rassegno,33
autocratico,511
monsiuo,147
settantamila,97
glada,35
annientamento,326
costavare,173
gianluco,329
vidal,391
facendoli,19
tranciare,156
tester,579
ritrosia,39
amicis,191
coltellata,316
redento,240
frodare,91
garantismo,598
eur,4
sognare,219
parolaccia,404
svezia,88
pintore,126
coppa,293
acetino,60
nazionalista,405
dracula,242
sollecitare,260
concepì,41
incolpare,296
incertezza,221
bozzolo,438
disgustoso,551
guccino,532
palazzina,293
funivia,111
riguarderebbero,193
insurrezionalista,346
brini,728
sisifo,5
diffidare,231
esercento,28
siringatene,658
declamare,82
televendita,143
cinicamente,476
ritiriamo,6
islamico,178
fomentare,136
baresso,519
importano,89
volente,239
calenzano,45
catanio,329
innocentista,37
safinare,27
esigui,100
cesaro,39
omogeneizzazione,992
baronessa,349
liquida,6
portone,360
schubert,406
anticostituzionale,505
ministra,25
essenzialmente,970
attendista,52
anulare,208
acquedotto,77
stazza,28
abroghare,627
spensierato,701
ovidio,25
agi,14
accolto,33
stravince,46
approfondimento,204
ungherese,127
diteci,55
consegna,24
eccellere,51
scellerato,45
capirere,399
eccedere,378
shock,16
scrutinare,63
dada,97
dichiarare,132
aerovironment,293
riqualificare,178
fattore,206
balestra,628
dunque,611
creditizio,240
supremo,36
aggravio,202
alesre,317
quino,641
casomai,5
capiscare,442
sbucano,578
duca,60
estorcere,215
determinarere,242
campano,277
rally,92
firma,29
domingere,252
accomunare,359
pippo,124
corino,577
lunghezza,13
incolpevolo,224
saliva,244
rum,56
larva,60
intensivo,157
miracolato,106
fassino,106
imposo,18
pallado,89
fiat,138
malavita,131
retrocesso,239
afa,13
celtico,102
aiuola,373
costituire,168
uccisione,190
tiranno,161
lapidare,36
vetusto,139
gabello,755
bisogna,106
regola,104
partecipi,27
bandiero,19
nencine,178
inquadrare,46
drammatizzare,299
setere,45
improponibile,251
intellettualmente,310
governante,198
promemoria,34
torello,1405
reinterpretazione,132
changeover,97
cinghio,8
verbruggen,25
dribblare,133
north,364
cardiopatia,446
rossino,460
coll,201
scioccante,339
dimeno,22
pote,5
faentino,271
racchiudere,367
bancone,231
alimonia,50
bit,6
violentare,479
realismo,504
assiepare,330
adottabile,145
aerea,61
canyon,233
rené,234
malnutrizione,299
purificazione,457
abdusse,9
figlio,236
claro,103
masturbazione,93
carcassa,358
utente,78
cineasto,166
bluff,24
voglio,198
benedetto,154
arrampicare,169
bito,32
ramai,232
rimanare,116
nicole,188
presuntuoso,596
facendolo,162
siderurgico,106
ripare,144
pamplona,426
lamborghino,95
individualistico,1139
complicazione,359
idraulico,66
nicolo,165
sfuggono,137
gire,252
estato,50
tenera,312
screening,250
peregrinazione,483
charme,334
garanto,91
sonno,54
eseguono,20
alveare,240
slavo,74
erario,19
chiese,74
adriano,87
neoavanguardia,649
pragmatismo,586
eolico,112
aussinare,130
schiavo,69
argilla,186
uccellino,297
nido,26
aldine,39
stufa,68
consegnere,50
anticomunismo,664
rimpiangere,109
svoltasi,93
sfar,84
ulivo,196
nassau,48
cabina,17
manovrare,66
traboccare,109
eccellente,41
arreco,21
comunicato,49
agata,59
impelagare,47
svedese,91
lunga,7
cinquantasei,201
petrella,614
scappatoie,56
riposare,66
stupefacente,100
ferdinandare,47
mediana,11
milare,41
definitivamente,53
bobo,61
sfiorato,33
diminuì,10
dialoga,16
tima,18
galdini,62
gianluigi,165
infere,31
fermare,214
rho,18
nostrana,100
fior,8
protezionista,78
fossile,211
viavai,74
tristissimo,668
pubblicazione,127
surrettizia,299
turandot,440
esco,15
dimore,166
kyi,9
accantonato,225
quest,88
madonna,331
maltrattamento,200
ricomporre,143
contrapposizione,695
violante,224
inopinatamente,162
intendesse,263
flagranza,63
linea,14
aggio,472
anziture,81
varano,120
asservito,59
curiosità,161
cane,39
benevento,563
incendio,108
cesare,25
sfinire,369
anione,263
operaio,77
columbia,88
autonomistico,286
quotazione,187
bonifacio,222
stessa,79
telenovella,96
irrisorio,51
regnare,72
sila,12
albito,65
espediente,67
jogging,211
taiwan,119
bellocchio,382
ogm,46
faticoso,81
vierchowod,464
liberio,25
appigliare,83
torrido,144
armone,13
promontorio,375
anziché,38
schianto,147
risaltare,528
lusingare,255
nutrizione,342
illegittimo,230
gara,105
ragionier,24
ceduto,34
collettivo,69
maldestro,291
posta,24
ionio,176
dispotico,235
carenza,175
ordire,73
contestabile,332
vichio,69
freelance,54
posizionare,98
las,41
panata,128
bassista,791
imperiali,30
magnanimo,17
second,10
smistare,100
attribuibile,181
mediatico,99
scivolo,56
razzolo,56
fuoriuscire,228
visconte,116
integralisto,272
impruneta,201
metodica,77
schweitzer,141
doloroso,94
aritmia,177
ridimensionamente,398
calende,12
intransigenza,482
cominciarere,206
amsterdamre,51
proteso,70
sintasso,322
funzione,92
astrattismo,595
confessore,50
martesano,624
inibitore,334
zattera,185
combattivo,48
esperto,82
specializzare,140
malthus,48
terrò,73
punire,135
massacranto,66
orsù,124
insolvente,70
fase,23
parodia,494
gais,2
radice,203
minsk,87
azzurra,334
cianciare,218
mistico,873
garibaldi,83
ladro,184
penare,59
organicità,659
passatempo,361
marialino,136
profanazione,76
bresciano,196
descritto,340
fiandra,233
proponibile,338
gianmaria,573
lacerato,99
appla,63
tardiva,65
ganza,303
frosinone,354
irica,90
interessantissimo,279
gioiosa,77
todi,82
perimetrale,89
avvitare,286
colorare,659
administration,77
allocazione,595
estremisto,338
iattura,91
riutilizzare,280
immensità,96
padello,97
ciabattone,402
varo,129
torturatore,311
serafico,201
accanire,247
tozzo,49
pericolante,128
destro,43
azzeramento,551
spago,206
proietto,333
tiburtina,243
timore,126
inserzionista,115
patologico,637
felicia,12
puzza,9
averso,217
sottopassaggio,309
cimo,32
antifumo,23
trenino,209
eleve,26
memorandum,40
preventivare,165
sciocco,340
peon,59
marisa,997
amatissimo,1642
preparandoso,36
pergola,165
puntato,19
duro,35
monzese,81
manzo,48
adattano,32
wilson,986
matrigna,183
sfotto,506
intermittente,170
icona,124
trasformistico,830
autarchico,102
organismo,61
sensore,131
mozzato,144
graficamente,217
waters,636
molestatore,217
sequestro,143
giotto,223
colgiro,155
abituare,563
imitazione,391
mercatino,157
penalizzano,212
incarnazione,488
platealmente,244
piacque,89
duettare,664
figlioletto,452
newyork,81
romaestare,668
high,17
reggiare,386
coinvolgento,137
piccine,97
ascrivibile,167
riassumere,149
sposteranno,61
ulricare,140
dettano,58
comportino,59
terminato,69
scrupolo,59
tabulale,49
perder,83
viuzza,634
concordante,193
diversità,517
affilare,143
loto,31
ridare,90
essendocare,685
picaresco,621
goletta,140
gaspare,107
cagliari,469
superiore,40
adeguato,292
frase,147
contraddistinto,732
gita,45
fabbrico,117
abarth,303
anticoncezionale,957
news,88
multimedia,24
facinoroso,241
music,321
leo,135
esedra,146
frustata,9
community,254
questiona,15
lisa,143
elettrico,109
avile,22
consuma,41
autocoscienza,565
portoricano,178
amministrativa,54
elettromeccanico,129
rimettare,98
disumano,170
major,41
detectiva,85
stilisticamente,515
calamita,4
ostile,102
ancorare,142
tantissimo,269
riappropriare,291
procediamo,12
detraere,10
mesetto,862
azzardo,188
peace,16
vessatorio,272
sottosviluppato,256
carrozzerio,124
vincolare,453
fraterno,115
radi,8
prospetta,181
specificira,102
isoletta,152
mancò,23
scapolare,79
aperitivo,63
cartesiano,124
sopravvalutazione,445
beatificazione,151
sciantisi,18
tek,49
nefasto,167
preoccupazione,174
evito,29
indare,438
sfavore,42
titolo,19
poltroncina,249
diffusissimo,129
elisabettare,90
filcams,168
norma,313
tim,243
anne,43
preistorio,193
eroine,339
callo,561
belisario,124
omicida,190
carceraglio,35
incordo,23
pedagogista,175
abiuro,29
siracusa,191
melilli,72
risulta,46
ricorrere,12
optino,72
abbigliamento,102
sperimentare,142
difendeva,56
aggressione,247
soriano,321
pentitismo,121
fidana,419
hugh,820
scoprire,234
ineliminabile,695
sospettato,170
equidistante,229
rospe,99
ragazzaccio,255
permanente,16
pigmento,785
kart,176
inumare,50
monteverdo,314
neutron,67
sociologo,133
mesola,134
contromossa,33
volutamente,422
università,140
oscillare,48
meryl,758
saccare,319
intercomunale,86
panzer,28
biparta,6
mentere,139
televisore,149
custodia,142
finanzia,44
osere,6
nomenclatura,159
pozione,428
primeggiare,276
penelope,153
specco,110
garantire,223
accensione,89
vasanello,1021
merina,165
provincie,66
pazientare,73
machiavello,247
liberato,18
cessanire,28
soffio,55
possedere,42
sevizia,252
claire,406
incombe,4
osso,77
bellicone,25
dissoluzione,236
concordiare,42
battibecco,81
cedente,18
leccere,470
picchiare,603
assalto,81
insoddisfazione,231
stanotta,120
applaudire,122
astensionismo,165
sestolare,343
fierro,94
adottare,78
cuce,54
stimolazione,535
alcione,623
amburgo,143
stanziale,67
sconvoltare,143
insidioso,135
vinco,7
tesore,72
carovana,50
sbarcato,84
masticare,597
singapore,97
ah',8
sfoggio,146
egoista,352
raffreddore,346
tatticamente,231
precedentemente,275
scarcerazione,144
congrettere,80
punto,14
culpa,2
minerbio,217
fondatore,54
sangue,33
leninismo,596
illinois,156
fedelissime,82
arroganto,435
arabia,137
barale,108
trentaquattro,172
heinrich,169
presagio,54
ingovernabilità,296
dignano,64
socrare,91
chiamarono,88
ardeatino,80
cadetto,22
ghiacciao,198
belluno,188
becero,307
stelo,59
sensibilizzazione,371
macellaio,31
bolla,9
panama,22
sfarzoso,291
immortale,626
telespettatoro,80
belve,141
parmigiano,132
persistere,273
eisenhower,36
banksy,531
vasta,53
telecomunicazione,171
antisemitismo,231
propagandista,242
dopato,98
malintenzionato,668
nedo,9
istruzione,65
federare,48
giorgia,1135
ridosso,54
astaco,174
riuscire,181
indistintamente,404
morbidezza,485
informazione,36
platea,23
lineamento,205
tera,82
denigratorio,417
bundesliga,307
evitere,64
coprifuoco,28
pretore,84
regolarmente,76
pachistare,257
arrabbiare,615
osservar,111
affina,13
comperare,122
sociologi,125
connetto,55
partecipo,37
antincendio,137
ruggire,82
brutalità,486
avvicinavare,272
caccio,80
inghiottire,419
contradode,138
luca,491
iniqua,39
esercito,246
magistralmente,113
valutativo,359
volte,295
aperturare,52
signora,19
attirano,48
valore,59
superavare,123
bisturo,124
peu,3
cameraman,123
diagnosticare,398
scampo,23
squadrista,244
anteo,41
mix,65
piccione,268
discrasia,377
togato,41
impastare,444
disorientare,516
sballo,43
dilagare,101
auckland,186
macellare,52
govone,218
veleggiare,127
baschio,28
vignettista,293
schiaffeggiare,798
irrequietezza,777
ritirato,9
due,147
ipotetico,99
venegone,125
risarcire,53
replica,29
cordato,57
tago,72
infatti,308
trofeo,144
diva,332
pantera,211
mussa,69
mondano,95
tetra,14
novecentesco,817
ragno,52
allea,450
programmatico,197
interpretare,103
slow,8
condanniamo,188
mendoso,47
delitto,90
rossellino,268
ozono,94
coalizzare,71
genico,475
deliberante,225
julian,750
sgomentare,527
rimodere,91
riparare,63
rallegrere,43
disegnira,62
palermitano,247
medicinale,249
standovo,292
ilo,4
tazzina,382
cerivastatina,340
pretesa,624
fisiologo,53
contemporanee,567
sonetto,56
dalia,62
ceceni,148
immatricolare,95
rossa,194
esilarante,377
tripartito,86
taciuto,255
doppiamente,255
cagnottare,176
fia,6
eccezione,9
ricomparsa,34
spallo,113
mugugno,73
conseguito,90
mornico,435
inesorabilmente,223
itro,33
dignità,170
intellettualità,568
operator,28
tessuto,79
perdare,156
contraffatto,185
abramovich,76
leccio,387
atroce,314
scorporare,131
diffamazione,135
nascosti,118
rimbalzo,75
sopportato,200
ribadire,223
esercitato,24
dantesco,381
radiazione,292
voglioso,128
ricaduto,61
ischiare,29
vespa,65
inefficiente,210
devia,142
plusvalenza,253
abradimi,85
fiderai,36
agevole,124
ferrucciare,226
ingessato,82
certosina,48
nanni,83
normanno,116
cesura,276
mentale,182
cognomo,35
vogliano,398
autotrasporto,94
chiedeere,214
backup,24
stagione,25
fante,74
montalcare,124
cracking,195
prevale,144
cafè,179
emozionante,400
scatoletta,623
margere,288
scoprere,36
formazza,154
museale,126
arguzia,668
stamattina,80
ristabilire,89
numero,8
ristampa,155
overdosa,31
confezionato,273
sostanzialmente,279
glisso,32
abbeverare,388
genericamente,401
mecco,18
hosting,910
rotto,163
manifatturiero,147
schema,22
manfrede,775
pettegolezzo,128
discolpa,100
stufare,46
onorabilità,190
permangere,134
toglierglio,147
rieto,621
deportato,104
convince,165
contestuale,321
giancare,89
taverna,161
udere,198
astema,9
comprendere,427
apatura,64
posillipo,247
masochista,63
amazzonia,131
collaudato,46
primario,10
licenziato,40
tinare,477
ospizio,95
campidoglio,65
sconvolgente,185
lucare,312
macco,107
battagliero,36
gradualità,531
ferraro,177
filcea,188
gomes,141
sovico,83
sfrenare,243
sovrastare,494
calcutta,68
abrader,90
vistosamente,135
risarcitorio,84
osaka,33
tematico,93
austero,130
divieto,59
accadrebbe,208
dissare,471
provengere,72
veronicare,232
sbloccare,56
guardale,465
ndr,0
razza,28
bilancio,48
vestiario,157
rifugio,58
borghesia,28
trattativo,74
sdegno,121
flacone,113
psichiatro,136
falso,61
mediano,213
parcella,121
bente,96
intrigare,643
insolente,179
parificazione,561
sgombrare,25
bottone,55
mary,860
riprodotto,219
partitino,175
regime,63
covent,72
lassù,8
campeggiare,522
licio,57
pierrot,97
cisgiordano,92
dispendioso,49
tecnologo,113
perturbare,170
gemma,240
stona,64
rendere,56
stravolto,114
allarma,41
stimolo,143
auspichare,227
promanare,287
rincorre,224
ildebrare,232
burocrazia,64
stola,111
stame,4
sanre,185
marx,110
cecare,169
baita,126
sfuggitare,293
scomposizione,425
querelle,46
kathmandu,122
declino,162
luanare,86
gand,15
spenti,41
fugacere,32
castrano,470
producano,48
berluscone,125
priebe,35
balaustra,228
linearità,695
tantum,201
affezione,136
equestre,6
doriare,523
disfida,12
brasile,105
investigativo,102
stremo,11
ingiurre,229
ingovernabile,190
articolista,95
utilizzo,273
stanziare,74
antimperialisto,182
immergere,578
simpatica,470
soggiornare,67
rispettosi,125
naviga,21
conseguimento,99
sarajevo,72
federalistico,369
pupillo,72
strutturalmente,676
boccio,333
moquette,247
indicere,30
galere,66
madone,210
highway,107
retata,66
cercatale,247
mediazione,79
grata,185
celentano,438
tartaro,28
scalone,62
erere,34
babele,11
inconsistente,613
riconsiderare,410
paride,26
nugolo,503
ispiratrice,164
assegnano,39
apprezzamento,96
fisico,45
psicologo,137
invocazione,158
lucidamente,196
nudità,370
esaurimento,8
an',13
oppo,35
spiacevolo,163
mitteleuropa,253
tiberio,150
girello,147
impaccio,404
solista,525
bottazzo,111
pizzerio,237
itinerare,29
quindi,1023
processualmente,211
lanterno,24
parabola,158
guinea,154
lontane,40
scenografo,386
duetta,95
allocco,512
garofano,81
underground,243
moderatismo,410
assumeere,48
censo,13
trasformazione,518
scacchistico,83
mancato,41
veti,27
svario,13
gonza,203
notes,29
contagioso,301
labirinto,95
angiolino,888
sbarramento,44
asciutta,117
rinuncere,105
moby,20
ingannevole,160
possesso,42
australe,48
fiavè,190
carcerato,93
isacco,14
lettura,193
prostrare,122
butto,76
virginio,43
dedicheere,82
giostrare,335
acconte,14
chilometra,68
michela,51
positivismo,374
capitare,385
starr,588
tic,6
disney,52
ornare,566
aizzala,83
nevada,39
falcamo,140
dicotomia,424
puntellare,155
stoiber,107
calò,267
integralmente,56
potabile,222
modellare,427
giorgiare,1113
tuffo,192
torcia,26
nascondiglio,168
bissole,36
tritolo,171
buonarrota,298
fascismo,314
christian,355
arredo,242
zitto,254
smacco,24
lascia,28
asettico,114
nomadismo,353
bilanciare,21
partare,109
day,73
swing,366
henry,311
continentale,65
cordialità,56
imbrattare,411
sostenibilità,507
cirié,126
sinfonica,145
traù,58
venticinquenne,249
austria,110
establishment,170
obbiettivo,54
depressivo,273
proseguimento,107
sampdoria,469
fiaccare,47
peck,601
bering,56
otterre,103
capisco,365
captazione,390
rapimento,122
disoccupazione,121
scorretto,187
esonerare,99
erogatore,109
torre,97
demoscopico,34
deità,620
neghare,239
merino,674
svelare,128
propiziare,98
bieca,128
vallata,100
delors,96
chiacchiere,181
armstrong,94
schiaffo,89
spostare,91
schifo,256
iscrire,8
stregone,56
consistire,329
onorifico,27
sbizzarrire,570
accusano,109
herlitzka,388
claunere,166
gioire,133
scapola,70
grafica,254
rossellare,86
sabattino,220
missione,27
lascerebbero,111
striptease,555
oronzo,58
sistemato,91
attivamente,125
rischioso,139
auge,45
qualcuno,478
capolista,301
minestra,423
coordinamente,161
riconciliare,186
malaysia,160
vendare,100
tabaccheria,120
ordino,51
faenza,181
bertelsmann,169
indiare,50
intesa,117
rosea,13
esposta,15
parafrasare,501
ritmica,322
umts,68
torchiare,163
cirio,41
emotivo,283
sbiadire,185
pat,26
raccoglimento,49
introvabile,42
nanda,49
preporre,170
staffa,21
sante,23
aragli,41
multa,49
microchip,20
kefir,127
latero,78
abilire,42
gregorio,297
messo,9
tonio,102
lena,46
reportagere,45
trattazione,175
persia,4
carinzia,69
delusione,162
accuratezza,256
amos,12
imparziale,121
dialettica,397
riformato,116
segnatura,254
forense,2
sgridare,538
dietrich,132
scandinavia,74
usco,301
cozia,122
lussuoso,139
montecchio,599
colle,32
percepire,86
sofà,9
assertore,289
firenzo,70
psicoterapia,245
credente,308
weebly,59
inefficacia,380
rassicura,64
padova,186
stupido,423
briciola,22
valdostano,112
bissare,447
venno,161
locar,7
conculcare,471
ragioniero,18
terminologia,319
yang,76
ergere,75
chiarezzare,429
concretare,102
codice,46
saronno,413
degradato,165
attivo,26
cieli,10
palacio,54
dissente,212
fotoreporter,22
nocco,29
migra,22
caraibo,79
xviii,32
parrucchiere,459
appena,138
ventata,21
veloce,44
gazprom,56
statista,19
manifestira,49
inoltro,160
contabilizzare,227
aiutino,36
deflagrazione,164
forte,40
anticristo,71
vergato,101
sottoscrive,40
largho,18
scortese,138
sciupare,270
interministeriale,219
naturalista,287
osamare,124
espansione,339
ordinare,47
archivistico,219
fordista,184
radiouno,112
giustizia,33
intelligenza,358
amorevole,340
infettato,371
osanna,27
cipolline,204
incolumità,22
sentì,42
merrill,199
tourbillon,12
steso,30
quark,25
invidere,339
ode,73
beatles,423
riesumare,92
appannaggio,66
concertare,68
vincare,144
casertano,326
prosodia,520
tutela,138
affluenza,38
parimenti,137
sfascio,36
economato,41
gpl,6
furoreggiare,436
kafka,314
sorveglianza,44
difficoltà,63
rivo,22
controverso,63
codare,279
ricevuto,40
odi,6
danimarca,75
bandolo,39
fermento,106
gladio,15
convalida,136
amministrazione,23
contropartita,138
tutt',6
province,43
lucertola,465
esser,34
degradazione,433
deflazione,225
sciatore,151
moore,589
aquilano,206
aspirare,63
spianata,121
calcutto,57
squalifico,407
elea,10
virga,20
elegantemente,248
strafalcione,847
manto,44
friuli,64
inflessibilità,265
stacco,56
orecchiabile,509
inducare,255
beffo,67
russia,92
dottorato,165
pillola,110
urto,45
privatizzato,150
solfa,21
marciano,55
aleso,100
fotofinish,128
cancellata,69
distaccamento,60
proibito,32
mutato,65
borbone,129
visto,36
cessare,44
autoparco,176
triangolare,13
pirare,79
antifurto,157
livello,75
crollò,27
personalizzazione,1056
appollaiare,528
velio,65
semiologo,174
lattiero,56
reggono,49
guidale,671
stopper,571
robertino,75
comprio,40
marilyn,455
collimare,538
uzbekistan,207
minuta,24
edison,54
unificato,53
bassare,43
bear,354
netto,11
adams,131
moschea,102
arido,3
lardo,33
macedone,113
pubblichare,191
lanzada,78
redino,24
mortaio,229
finestrare,648
roditore,349
tondino,47
catastrofismo,200
bowling,158
torace,128
praga,98
interpellare,107
allegace,176
neoliberista,344
volano,3
gromo,96
ordinativo,130
bigname,12
teoretico,578
ottantacinque,177
rinomato,81
allenato,369
spettrale,357
spregio,58
dopo,186
fassa,6
crepuscolare,1246
volonteroso,23
guarguaglino,75
veemenza,126
sporca,321
avidità,399
crasso,25
complimento,262
piadena,94
assurde,488
abacuc,20
procreare,70
bure,202
sventolavare,502
desto,20
stelline,70
moody,18
verificabile,430
borace,205
ripondere,72
manifesto,75
redattare,43
permeare,709
lee,904
mcm,38
concertazione,263
resterebbero,144
vincenzo,80
nuoro,85
ricalcano,36
lascare,55
politologo,93
flag,0
anodo,1
detrasso,65
medialo,34
ripercorrere,89
times,104
solleticare,390
scaramanzia,180
virile,603
esulta,24
jim,423
comprato,117
garre,502
prevarre,104
contrappore,706
scout,15
thailandese,129
frasca,30
zerbino,256
riciclato,86
motonave,225
spianato,59
instrada,210
artefatto,194
portaborse,218
pessina,220
pinna,25
sanato,30
ricordira,163
foligno,76
irridente,444
interpellanza,113
folclore,191
insediamente,100
samsung,80
versatile,377
sterilità,374
interessamento,68
banner,146
fiero,103
invitire,141
manco,142
pubblicizzazione,254
divertere,406
protettire,109
punga,75
jeeper,182
metropoli,43
cremlino,80
impazienza,104
elton,717
gonnellino,455
accessibilità,135
cambiavare,213
codoli,316
allontanare,526
retrocedere,181
sommario,41
bracciolo,925
piare,269
asportare,256
onofrio,44
adrianare,229
connivenza,193
funzionamento,288
presumibile,44
deprecare,55
snellimento,412
consci,157
eludibile,228
fil,50
brandeburgo,76
sfogare,426
federar,29
stabilito,272
beante,324
system,29
visco,78
sestriere,316
compartimente,16
comacina,29
asquino,798
spugna,15
applicabilità,506
favorevolmente,101
aerar,221
venezuela,68
viatico,6
fuori,13
stralco,110
connotazione,432
glio,22
lentezza,118
cremonese,627
sognatore,191
woodstock,90
gregore,295
lenire,140
ammonizione,156
sentenza,123
predatorio,169
disegnato,276
insetto,463
merz,663
invalicabile,69
manca,12
clientelare,169
perestrojka,47
preminenza,197
eroda,166
scoramento,131
mortadella,626
benché,45
fragoroso,372
moto,34
fidanzatino,406
brama,17
tecnologia,199
istatre,41
biossido,343
hiroshima,26
accanita,37
camere,73
garzante,182
aro,4
sinodo,145
mutilare,149
feole,29
accorgimento,329
schizofrenia,64
fargo,80
flavia,170
lunar,17
moltissimi,128
almee,73
hari,20
spiegargli,420
velico,71
scherzosamente,425
ripescare,56
wilmare,85
lupi,12
xxiii,111
liberte,84
bimba,114
ceto,51
disdetto,35
propagandare,142
conclamare,44
felliniano,90
componere,98
assolutorio,147
pool,54
scaramuccia,36
almamegrettare,750
celesta,184
già,189
soggiogare,181
congenito,322
lattina,419
violentissimo,252
casone,196
xenofobo,151
sbraitare,379
bobina,89
triplice,8
michael,374
ragionevolmente,406
boicottaggio,16
congo,153
pomicino,130
terminator,109
propaganda,120
immacolato,99
accumulare,47
apuare,115
riformare,180
equipaggiare,146
massiccio,22
nettare,48
documentare,157
aficionados,30
clone,19
moira,797
distillato,206
gliere,120
lumiera,168
vertigine,66
amputare,164
interconnesso,104
barbarie,243
cautelare,187
contrordine,52
riproposta,215
ininterrottamente,66
andrebbe,133
creditore,112
inoltrare,103
becker,449
federtennis,143
temporale,133
elide,16
antidemocratico,717
set,49
servo,87
cimole,56
cab,41
riconoscibilità,573
penso,111
sabino,52
impetuoso,71
elga,254
barocco,626
inail,58
eseguire,28
manipolato,77
morgana,88
accusabilità,446
enea,20
contrattura,44
crescano,30
assolti,90
posero,59
attravere,258
conta,61
biochimico,250
tripolo,34
infernale,112
truccare,73
impacchino,111
matire,182
vasco,42
antipode,152
cannello,803
vitoria,21
polacco,72
salutare,209
disponare,254
vendetto,205
presidiavare,260
trentenna,355
filologo,287
radiologico,258
stayer,257
moab,90
remo,1
geologe,45
spaziale,89
intesabci,254
propino,157
cividale,177
insanguinare,120
metrare,173
escamotage,53
rotolare,685
venuta,9
strambo,7
tatiano,64
cardè,105
bombardiere,153
propongare,370
spensieratezza,794
sovraffollamento,111
lauro,75
affissione,76
panni,8
trapattone,499
trend,41
freddo,21
malato,286
rudio,33
finché,79
australiare,135
segretissimo,91
sarno,119
rassegnato,403
riavvicinare,70
macero,29
montao,117
prodi,118
adolescente,250
effettuere,39
solferino,5
mettevare,138
monatto,27
liberalizzare,162
concepimento,223
legatare,21
circolazione,27
benire,315
mediato,9
edmonda,132
abrogare,73
natalina,628
mcewen,381
polista,147
saro,17
masino,896
frullare,764
pagavare,246
figa,79
antiquato,48
ribadite,167
maore,176
marzia,82
sentano,104
famiglia,91
rieducativo,91
vitare,168
nurburgring,404
utopico,563
speculazione,45
soia,224
dettame,24
videocassetto,132
attimo,289
invaso,51
rasserenare,64
impiccato,239
infetto,331
curato,71
fiorenzo,731
comprimaro,393
fregio,21
sambuco,105
raggiunire,60
lessicale,397
malumoro,64
suddividere,102
materialità,736
alexandra,159
spalletto,521
terrorizzare,429
terlano,682
bonomia,21
indicare,135
praso,142
indulto,54
commare,182
sfatto,153
utilizzavare,238
innovativa,138
balena,14
cairotio,360
cosi,240
mimma,521
evi,2
integerrimo,81
martoriare,95
cassetto,46
messico,165
snocciolare,37
ieri,99
autofinanziamento,450
negato,9
open,26
giovanissimo,90
interroga,51
razzo,139
problematico,529
baldo,408
ironio,350
astore,417
formare,81
qua,10
errante,41
imprigionare,398
robert,757
zola,23
minale,19
sospettabile,228
diramare,71
campionissimo,1054
apporto,51
usò,4
pluralismo,138
yitzhak,85
porgere,13
corale,176
extracomunitario,103
tempestivamente,186
bullo,540
ritorsione,165
inappropriare,444
nonetto,356
drogare,164
pippole,472
ricardo,42
unici,7
prato,416
tracciare,54
tatto,13
obesità,402
oppressore,229
stagionale,60
one,100
nemo,96
idro,15
animo,66
hong,109
abanese,151
sorpassare,132
nenia,165
cordaio,157
filmino,279
simulato,21
utenza,71
spodestare,228
lanterna,62
ammortizzatore,293
obbedire,52
fondamentalismo,596
eredità,17
poe,74
scaramantico,837
pluripotente,7
malversazione,191
confrontano,172
cartignano,418
tepore,68
mike,1218
cedine,11
petrino,627
ermare,142
ridire,285
scandalizzare,745
animatore,95
benderò,331
divano,312
scontrare,295
azzeccare,221
scabine,60
cinta,392
ponderare,130
risolvare,95
sepogliere,227
coso,155
onesto,68
coinvolge,27
dogmi,142
alterativo,615
carabine,157
hopper,512
detenuta,63
infarcire,102
danilare,833
finalizzato,324
willy,41
deposto,51
contagiato,229
intensa,102
parametro,196
costruttivo,282
raccontavare,358
aurelio,182
avvarre,25
recavare,239
rodere,204
tirato,46
presse,4
ginseng,72
separatamente,114
piantina,256
sistina,144
tengere,142
ricambiare,266
sciolgere,23
sociosanitario,367
angelina,510
apparentare,62
dente,30
immaginativo,634
rinascimento,550
risotto,292
ostruzione,48
eticità,607
sferrato,150
tenessero,53
mazzè,277
costitutivo,221
assere,145
nazio,18
venduto,105
maccare,270
finissimo,354
bottegaio,57
meccano,18
tentazione,557
msi,22
compagno,101
rimarginare,224
flashback,207
falconara,263
pasoliniano,482
castellanza,100
ermellino,321
aldeno,17
farmacia,82
insorgere,95
rinvio,156
coautore,231
bombardare,151
elisa,117
saharare,126
bugno,196
razzismo,105
infra,18
imprevedibilità,428
spiccato,199
moscere,110
saper,37
artiglio,172
ulster,57
indicizzo,130
arrigo,114
valverde,34
novantina,180
irrazionalità,1064
ricacciare,270
concistoro,89
messinese,476
pantano,153
operazione,9
lattemielere,102
ristretta,12
valutare,184
teocratico,292
caciotto,56
trigesimo,142
convogliare,149
vastissimo,260
dettagliare,264
officiare,77
dentista,47
risalto,48
distorsione,250
penombra,594
plico,76
accora,37
maiare,28
nobel,55
impiegare,113
riabbracciare,296
competitivo,122
poggiare,89
anatroccolo,709
macchinazione,271
primole,51
rigidità,474
sussurrare,292
ammesso,62
sborsare,127
altrettantare,148
nonnismo,73
discriminante,440
convinzione,483
pacar,46
spruzzare,576
rimprovera,261
rachele,289
pietrostefano,86
gassare,10
deviante,317
votato,78
ombrettare,229
arba,2
ibla,80
appropriare,356
intercettato,61
omofobia,79
sfolgorante,501
amerete,85
financa,10
carduccio,890
giudaismo,391
inneggiare,220
stendardo,135
vidiciatico,305
johann,131
manubrio,395
nitidamente,436
cofano,84
bocciolo,357
gioielleria,193
divisa,115
professionistico,173
valsa,32
centrocampo,278
alleare,33
venditore,164
distingere,363
plagiare,196
dylan,400
allarmare,151
ibarra,37
curricolare,339
amministrativo,96
buddisto,166
gommone,175
liberiano,163
atalantare,689
strisciante,113
affianchare,97
inconsistento,619
puttano,735
pubblicitaria,50
winterthur,144
sintomatico,391
smussare,72
ping,11
idrogeno,180
incidere,83
vegas,46
disidratare,560
contingere,66
demoralizzare,402
gettonato,53
frutta,260
pasteur,99
rubira,42
laureare,71
info,27
moraiolo,322
belgrado,116
aleme,70
molare,58
irlanda,51
mtv,153
orma,22
finalizzare,248
pettinare,717
cautela,78
ricucire,46
timide,36
ettaro,53
poppar,104
consorella,180
nascente,74
pessano,84
renania,44
ricader,5
plastico,350
distruttivo,256
juniors,306
pane,70
ammaliare,993
grandioso,278
particolarissimo,552
risultarere,126
politichese,527
largamente,154
torpore,202
quarantennale,88
vincitrico,67
mambo,378
piantare,434
unitamente,38
ricongiungimento,148
accortezza,151
obbedere,93
plinio,51
pomare,137
serata,65
inanellare,126
elettrodotto,167
castigare,122
fujimore,26
predisponere,287
treviglio,877
mitizzare,839
meningite,389
decapitazione,124
pretenzioso,72
conferire,65
oltreoceare,13
asia,91
mashkadov,162
settembre,31
sovrano,31
inguardabile,553
licenziamento,79
conca,209
carcero,82
riparazione,174
cleto,140
razione,22
crossare,460
permettevare,219
tali,296
fernandere,143
imperniato,123
patton,227
esorcismo,284
miriade,56
gargano,327
promulgare,85
fonia,32
remissivo,84
consolidare,139
pdf,60
occultamento,141
irrompa,54
bardo,391
gamberone,345
polita,45
immutato,56
apprestere,122
nobilitare,116
zampata,231
introdotre,106
astrofisico,130
recluta,32
acquea,76
indiretta,15
gera,62
precaria,39
faver,166
balletto,221
calcinaccio,673
davida,68
eros,17
giungla,1
andreotto,141
navarra,52
game,80
merende,86
capiscere,406
transitorio,187
eloquenza,117
mecca,9
provocatoriamente,482
squilibrare,278
influenzale,214
cossignano,95
correggere,86
grotta,303
castelli,294
dilettantismo,194
imponderabile,426
impegnare,101
jugoslavia,104
legaccio,61
sonu,0
vivente,229
invisibilità,197
fulvia,254
nocciolina,186
fortezzo,16
etere,18
etiopio,242
allarme,32
vedre,41
stranezza,304
decomposizione,243
pinzo,779
cannonata,147
immunità,43
qualvolta,143
burrasca,50
concludere,150
gonna,347
priori,56
les,304
luterano,183
degenere,135
pecorella,177
premiazione,160
comica,669
cccl,242
ciliegino,108
abdul,251
artificiosamente,321
riflessivo,194
malinteso,473
sozzume,35
inaccettabile,322
civiltà,124
nunzi,229
logoramento,439
briciolo,19
elaborare,73
bette,131
cattocomunista,335
approvato,176
deformazione,360
fuggono,192
rugby,163
duecentocinquantare,179
praticato,132
atinù,49
diverere,61
giudice,134
scommessare,48
miliare,10
parer,17
doge,42
mezzago,230
civilizzare,163
verrebbe,133
solenno,81
destre,34
bizzarra,432
centralità,378
spiano,60
rapino,169
penultimo,97
basano,155
nostalgia,166
contenente,106
gliele,21
live,138
laverao,405
ermere,58
verde,9
manzoniano,435
logistico,43
ballotto,102
ienia,239
asolo,16
avida,56
inammissibile,237
clandestino,93
paganello,1122
midollo,322
impreciso,109
fessura,322
erve,33
agroindustria,142
guerreggiare,114
evoluzione,140
annessione,143
gran,7
padiglione,108
cagnotto,97
extraterrestro,86
imperia,43
frontale,16
dossena,323
carolina,75
congiunzione,132
canzoniere,606
testicolo,437
sanatoriare,65
noverino,926
scare,415
genoa,118
lavinia,48
volitivo,340
deputato,147
curre,38
bevitore,111
peta,96
ballerina,485
peres,78
incredibile,307
teologico,315
acerrimo,76
settimana,98
indagatore,104
materialmente,144
pesa,84
preso,8
schizzo,379
caratterizzazione,1005
scoprare,154
opale,16
addormentata,588
giulio,80
salvezzo,67
diligentemente,264
liberino,68
esibire,112
ravvisare,55
vilnius,20
mohammed,167
adelma,311
mediceo,23
anticipatone,147
coniolo,358
opa,104
bandierina,296
ibio,207
insistare,225
avventista,96
raggiungere,47
shein,110
pendo,13
aia,7
ottanto,106
suino,327
risposo,26
espansionismo,495
rullino,354
inimicizia,132
stramba,7
statisticare,112
prosperità,106
infuriato,130
contemporaneo,546
scoria,91
dedichere,84
degenerativo,398
massoneria,81
comasco,331
pranzare,127
antenne,53
pilone,173
scorso,73
casazza,1346
rancoroso,245
merceo,44
qualo,25
destrare,178
anticarro,278
sbuffare,514
goffamente,468
impigliare,546
contropiede,233
giacobina,257
millenaria,191
exif,23
apertosi,49
rossonera,445
ridiscutere,186
conflittualità,460
cronache,68
dividono,61
potentino,51
taglio,97
beh',20
scriverare,445
risalire,92
smagliante,229
requiem,132
emaco,46
solito,516
care,50
forum,50
perugio,125
vittorino,514
nerio,61
scomunicare,105
verare,84
martelletto,203
appeal,13
credare,285
jenno,58
nicolas,181
televisioni,96
rigoroso,184
belgo,15
trasloco,10
paralisi,38
sbocco,45
colpevolmente,220
bui,59
istruttoria,149
tranquillamente,252
lancaster,382
aziendalizzazione,623
interattività,425
moderato,93
nigeriana,136
presenza,13
abroghere,684
aggiunto,27
paderno,367
annoverare,81
dakaro,199
briglia,19
fiocco,362
metastream,92
proletariato,129
gogol,171
condottiero,86
risso,25
saggistica,322
artemide,91
chiosa,33
ferve,12
ambigue,246
nervino,107
osservere,23
impersonale,277
conoscitivo,268
cretine,76
frustrare,46
nemesi,21
streetre,66
gollisto,127
ottimale,271
centriste,271
graticola,63
estrare,118
abato,520
arrendare,170
scaturito,62
ciak,126
organizzatore,47
contrattato,123
scheggiare,474
flora,101
settario,474
piazzamente,106
thiese,44
sce,49
condotta,40
balconare,104
appaio,291
contundente,263
torretta,34
arricchere,30
pensatore,401
elimina,11
deludente,102
coordinato,99
espulso,32
omerico,41
aderenza,17
dinnanzi,70
anelane,201
normalissimo,81
stacchine,46
forzata,124
mitomano,184
precluso,38
cittadellare,267
percepivare,132
tapis,57
palischermo,130
ripagare,55
scalcinato,572
sintetizzare,217
madame,196
fuoriuscita,136
chiarissima,228
abbare,59
caporedattore,118
amomo,130
ballerino,107
commesso,56
positività,28
bardelli,521
stadio,52
saltere,104
scorrevare,591
pneumatico,162
isida,408
contestare,217
radar,96
tragicamente,157
egade,25
apprere,118
keniano,92
persuasione,420
discutendo,104
attesa,42
jannacci,722
sproporzione,151
slealtà,4
agresta,232
avana,38
cia,37
scarpata,639
lauda,105
persiano,144
naturalismo,698
odore,56
credulità,195
riaffacciare,184
incrocare,44
scolare,134
alchimia,94
protetto,34
insegna,13
soglio,5
baruffa,22
blocchare,89
piu,0
yale,194
guinzaglio,77
respingare,175
costantinopoli,224
angelica,168
tentativo,65
simbolicamente,58
sabrinare,822
umida,40
frena,26
reggire,62
battaglia,24
dure,12
genocidio,108
croce,15
ferrare,110
accoppiare,344
accetto,37
foreign,76
magento,332
ashcroft,34
cinquemila,98
esce,21
alleato,35
ripiego,50
costringare,257
conte,139
afganistan,199
fusione,143
visire,104
sparatoria,249
adaway,409
erbaccia,355
soggiorno,61
fitto,18
accerchiamento,109
androgene,97
perse,50
contenuto,163
menu,6
subalternità,632
logico,589
irregolarmente,219
ecstasy,59
imperante,561
calma,27
bellamente,36
robbio,16
trasgredire,153
hood,176
cittadinanza,59
sfiduciare,63
savoia,12
ascoli,457
lampione,470
saggio,205
recapito,80
postume,118
rudimentale,288
capacire,181
finora,119
genitoriale,176
chimica,91
giù,211
furgoncino,674
discorso,47
manovratore,31
violenza,158
flettere,99
olcese,758
gianna,808
fucilazione,132
servigi,15
encefalopatia,311
risplendere,538
erudizione,431
cromire,67
preci,4
masnada,214
petrolo,32
piove,39
meritato,120
monotonia,213
provare,41
luttuoso,256
compianto,449
clarino,622
fiammare,76
apparari,20
modernamente,213
giudichare,124
darebbe,75
testimonianza,71
volessimo,432
telo,271
ennio,151
sciagura,60
factore,12
lettone,79
bruciapelo,297
redditività,308
arbitrariamente,403
segato,37
entrante,24
fastidioso,264
savignano,342
porcinelli,530
kalashnikov,173
attivazione,558
macomer,11
lupus,71
ingolfare,81
frequenta,65
tarso,90
scudo,9
piega,104
centino,514
inzago,531
sgomitare,402
spaesamento,896
marianna,498
lazise,80
stamattinare,148
artigianale,79
trovato,60
fra,58
gentleman,42
pronunciamente,180
diana,62
scomparere,334
carmiare,25
tafferuglio,149
giocale,59
incomunicabilità,637
annusare,552
derivato,297
cosmologia,394
reggina,450
ferito,120
vischioso,202
asociale,30
deroga,290
fucino,17
amanda,256
conscio,130
evaso,24
braccio,47
regalia,43
colmo,21
malta,35
irrompe,144
paralitico,31
umanista,152
promossa,44
vota,128
dissennare,175
tank,99
tobio,1
rammstein,49
salvia,440
pillo,565
nesta,431
asimmetria,182
undici,118
intervengare,134
mappi,153
mila,152
malico,146
annullamento,173
fretta,49
conforto,113
antireligioso,196
islandese,229
piedistallo,219
mise,56
collare,241
inre,7
cinquantamila,108
considerare,212
stasera,197
camonica,747
morolo,107
zeppo,64
turbamento,232
ballar,523
puskin,14
deprettere,151
jazeera,105
ascese,56
parlavamo,156
cresciere,98
impor,38
mettermo,84
ipotetica,59
dylanre,586
aviario,57
lento,56
negazione,696
adulta,149
rinverdire,160
tizia,32
petrone,711
bengala,153
interventisto,151
disfacimento,395
solidario,42
banteng,140
gino,24
follo,30
schiappa,16
ostammo,117
manna,34
profetizzare,216
tradottare,114
bora,32
accapo,6
abire,380
shampoo,111
polvere,363
faidare,147
lancare,32
reclutamento,131
germinale,238
ministere,65
auster,780
stefanel,258
aberrazione,701
regimi,125
louvre,76
festeggia,93
zero,2
scuotere,143
ergastolano,206
pole,8
scillo,15
vietnamita,206
barzio,85
balneare,52
scito,20
trastevere,121
garbale,38
pensionamento,326
arrivo,72
bonere,557
stallman,672
chiedergre,181
attere,101
paliotto,157
mcguinness,221
adidas,73
bazzicare,336
egli,160
fim,158
secchia,147
imola,133
doriano,327
broglio,16
riprendere,96
distintivo,196
ricettività,455
povere,106
fratino,44
scottare,95
globalizzare,62
sdoppiamento,145
rarissimo,212
energico,37
mondragone,609
agonistico,123
improcrastinabile,953
splendor,167
discordante,188
performance,34
utilizzatore,276
modena,228
estasino,62
terrare,162
intermittenza,273
valorizzazione,494
carlos,193
smalto,95
rimarrare,45
trentunenne,611
reticenza,298
cistico,228
cli,1
fallere,123
direttorio,58
mastodontico,163
tiratura,24
bancomat,34
scagni,231
malvago,204
immutabile,111
servire,160
abril,229
sarcone,6
enne,176
palliativo,129
torte,135
autocontrollo,123
settorialo,235
febbra,40
celebrare,144
solidamente,226
coll',3
civello,735
annale,25
eccelso,26
downre,112
patriota,71
sfortunatamente,282
reprimere,117
spericolato,236
impallidire,395
instancabilmente,146
centimetro,114
luras,96
assassino,297
sortire,72
alberatoci,231
disamina,114
associativo,126
affido,29
epidemio,143
sabro,76
montepulciano,427
souvenirre,343
estremizzazione,870
attestazione,110
appioppare,250
salario,116
masie,24
marcetello,1245
scompaginare,115
guardian,65
barometro,68
scuola,83
svastica,246
ridefinire,437
procedimento,218
bornago,320
accogliare,82
matita,223
depressione,222
danese,19
anghiare,107
nasdaq,63
pero,79
arbitrato,63
ticinese,56
scortare,414
nepalese,151
supponere,682
frigoria,110
purga,66
caere,56
archeologico,175
ovattato,81
portante,84
grecare,88
artaud,237
mediale,51
tunica,84
nasetto,601
manipolo,22
superlativo,762
collettiva,35
cippe,203
profilassi,226
sconosciere,166
grancassa,35
sventura,59
contrabbando,96
scuolare,78
luana,35
topografico,320
meschinità,686
pulmino,370
dedure,81
biparto,11
sindacare,190
parère,2
legume,430
carissimo,333
saul,50
aspra,48
orbito,44
infurio,27
portasso,123
paracadute,55
perenna,147
finanziamento,181
vitello,388
ominido,162
oceanico,60
bazar,27
edgardo,55
televideo,83
coperta,373
impresso,161
pasticcione,344
scaltro,505
patriottismo,382
circolo,5
insondabile,481
basaglio,26
bbs,48
hans,80
viarv,2
nastro,43
estensione,170
concesio,22
fenomenologia,623
collo,115
achea,17
giogo,45
mastroianni,279
originato,187
funerario,66
necessitare,466
sfracello,66
fisichella,230
rattoppare,98
conciare,410
nilde,56
ridotta,146
rivaldo,410
redio,2
postura,44
novembre,58
vie,48
rovesco,167
florina,246
simun,26
poetesso,685
tranciano,11
sconfinato,162
incontrato,36
spendere,127
indennità,282
futurismo,396
aspo,2
supporre,173
attraverso,97
micromega,20
seoul,26
interurbano,138
bellomo,660
sahariana,113
schedo,17
inadeguare,201
lavorato,132
appetitoso,93
portata,76
isidoro,481
richiedente,33
calabresi,126
tumorale,551
prelà,1
pivot,57
irrilevante,278
georgievski,154
aiutateci,93
deflusso,85
trepida,145
funambolico,389
ricollocare,123
tessera,17
spaziare,126
poema,261
immaginare,514
autonome,91
discretamente,262
missivo,15
sharif,87
amazzone,531
equino,36
trionfare,91
preciso,251
accendare,73
lella,467
associated,76
autocorrezione,236
quantità,191
domodossola,751
inps,85
sas,60
definivare,223
doc,23
eccoci,53
disprezzabile,748
annerire,334
telemontecare,108
elios,267
picche,4
doppia,20
ruspante,836
crere,127
sparì,247
infrazione,134
sfamare,262
oliverio,215
rimonta,235
nonantola,91
compattare,142
intervearr,56
riformulare,148
dolce,103
sostenitrice,64
carasco,293
pelo,110
avicelo,255
venturo,116
poligrafici,62
terza,31
sfugge,68
nino,319
annunziato,115
bavagli,26
sbocciare,331
ateo,89
diminuire,147
ignoto,41
suggerivare,238
ricavato,90
rifletterere,307
cacarella,230
acnere,868
stellario,69
langue,39
sofiare,377
parabolico,143
conservatorio,107
ufficializzare,123
montato,182
apprimere,200
conseguentemente,1039
lamentazione,532
gassoso,134
sbarra,87
nunzio,79
beat,21
casimiro,115
branda,21
hobbit,14
ottearr,63
universo,303
poi,413
morso,104
meter,71
boccata,39
diniego,139
assistente,37
teorizza,161
connazionale,117
fanteria,105
rafia,39
benemerita,23
talk,101
juve,428
intimo,183
sussidio,118
accentramento,273
orologeria,49
rimo,4
bassolino,172
mitteleuropeo,244
things,274
rinascente,55
zuffa,49
messianico,316
genia,105
independent,73
scostamento,357
bruciare,223
abbandonere,148
congolese,193
gif,49
magda,52
williams,143
pietra,12
dolo,16
enuclear,51
habitué,25
sgretolamento,258
font,16
alfabetizzazione,232
edward,437
zubin,421
derek,556
highlander,493
ingegno,122
seduta,18
scrutatore,23
petroso,111
riflettere,166
tappa,51
pabloe,114
buttar,37
roba,24
validissimo,131
taratase,52
furibore,54
praticità,651
apparse,46
architettura,284
aggressiva,60
impiantare,221
stregare,427
berlina,20
liberale,332
parodistico,729
bidonì,2
presa,8
urno,11
leninista,401
tenacemente,188
accia,42
cigno,124
riapparire,340
salmone,520
mamelo,91
audino,258
chiederare,208
massimalista,547
sventolare,289
pianerottolo,754
kurdistan,138
tutelato,147
kitsch,152
autoferrotranviero,148
seppia,188
davare,127
cocker,71
motovedetta,204
schematicamente,1021
orgosolo,347
darè,66
usciremo,156
frontone,187
settarismo,748
busto,26
umiliante,74
maggio,73
consumato,30
cavallini,24
cristianesimo,366
yyy,11
antimo,11
fuorviante,391
croato,131
rozzare,84
yamaha,104
creatrice,156
scegliere,62
tradivo,122
tantino,82
senno,65
indiscriminato,247
ebreo,101
snaio,4
esplicire,227
fotogrammi,155
prontezza,111
scoccare,60
gratta,14
attrico,673
francis,581
alpinismo,39
lungomare,238
pervaso,368
glorioso,71
miraggio,40
camerare,349
angustia,57
lettore,68
sfrecciare,425
regolato,296
fanfara,67
inco,28
astronomo,100
strizzare,422
levare,126
angola,32
scolario,110
gonnello,300
appariscente,512
sperimentato,110
sfondio,71
seriale,132
coach,270
suspicione,59
antenato,137
tranquillizzare,209
ancelotto,354
addolcire,166
inghippo,79
paoletta,531
esto,29
gazzetta,25
verrare,284
bassorilievo,519
pony,2
giuslavorista,43
columbiare,190
statale,51
immancabile,238
tasca,109
adempimente,381
convento,315
parella,633
guardasigilli,111
flesso,8
bozzolamo,297
catherina,797
pedine,12
rnc,40
rader,77
palace,15
agivo,4
controcanto,577
noleggio,54
professoresso,321
lamberto,725
sinistre,129
fellone,111
freccia,49
aureo,2
andato,41
berto,50
bullone,669
excursus,105
spiegamento,76
ato,13
concordia,17
fidatevare,19
spiragli,40
minimizzo,24
ghiacciaio,254
corteggiare,268
jaguar,211
emerso,38
ilvo,11
temporaneità,293
erzegovino,116
nozze,15
errore,52
attillo,539
vesta,185
elusivo,203
bigi,54
muto,271
aspettato,214
apparizione,188
tuzia,57
terrore,67
balocco,149
esbore,185
terapiare,398
complimentare,497
trattaci,8
cercare,148
premere,48
gioco,33
rispedire,35
neon,55
misericordia,83
aladino,57
chicchessia,121
professionismo,150
lenin,87
produr,22
bergamasco,354
pseudo,115
diamante,10
componente,67
rimpinguare,75
dose,148
risultante,226
finalizzazione,624
colata,297
psicologicamente,281
norcia,85
stipendiare,80
servitù,23
decapitato,139
bellocci,304
sostenitore,79
accra,14
sgargiante,794
sudest,53
passino,432
dicesse,351
vulcanico,93
modesto,117
bse,9
inaspettato,168
qualifica,70
cimbergo,510
polverizzazione,562
missionaria,72
newt,63
rivelatore,279
matrimoniale,36
messina,362
cinare,38
delegificazione,697
fiesse,43
scudiero,144
tie,67
eretta,14
graz,153
resoconte,105
ciba,20
atteggiare,125
rimando,211
colloquiale,215
cosparso,487
latera,72
capì,99
osteggiare,140
inquisire,247
antioccidentale,332
gammata,7
emilia,45
straniamento,1377
pellerossa,200
passeranno,51
bernabei,13
ammanre,92
edulcorare,301
godre,13
nondimeno,151
silverio,202
oste,11
fatima,18
friule,99
pretesta,342
frammento,240
ultim',18
windows,67
maierà,53
novato,16
occore,16
lisbona,71
penetrante,134
corriere,10
rilancio,186
piacciono,192
ribadito,213
velivolo,164
psichiatrio,151
consecutivo,114
adare,182
fedeltà,23
raffaela,132
disarmare,105
fraternizzare,83
muove,6
vanità,233
olbiare,328
dimensionare,256
immemorabile,140
riaperto,34
selenio,30
emettere,56
torno,15
cenerentolare,122
mimoso,235
confusa,197
diseguale,305
fletter,295
judo,206
incenso,80
lapide,60
legazione,23
pallino,53
unicità,392
sud,59
anaconda,17
bara,85
invischiare,405
contraere,119
profilo,47
giustiziero,145
carnagione,499
bartolomea,448
cci,306
attare,95
intergenerazionale,783
delimitare,182
ferrato,184
placca,340
garantista,150
utilissimo,309
credenza,486
vigilia,85
calavino,143
ladra,196
congiuntura,184
lenta,16
bianconere,658
spandere,307
prevendita,51
passista,205
rottamazione,135
dilatorio,223
baraccopolo,264
accapigliare,665
accusavare,318
rinviare,194
teologo,218
artigiano,88
corrado,100
yukon,10
immagine,163
antismog,25
aco,50
duttilità,297
innsbruck,72
accorge,240
polario,51
rilancere,63
provi,117
frenato,80
candidere,182
tiroide,385
umiliazione,107
culinario,158
gnocco,178
perimetro,126
penalista,65
incognito,35
ed',5
infastidire,439
abbacco,28
cerda,57
cesara,156
render,12
noro,140
asservimento,432
esibito,110
recare,46
vulnerabilità,201
controbattere,290
nascita,37
fraine,137
glasgow,78
cruz,33
yacht,67
oberare,14
ubriachezza,139
lotto,23
fred,611
incrociato,9
caramello,573
broadcasting,200
montilla,545
interrato,265
offrire,65
classicità,887
diciamolo,248
comare,74
accentrare,254
labro,5
koch,100
ultradestra,199
scintilla,114
steve,849
youth,774
gianicolo,365
sauber,234
editoria,44
trekking,72
evergreen,466
formuletta,82
abate,157
giorgetto,481
prelevare,111
rabat,80
doppiopetto,329
imprimere,107
araba,133
cessato,27
marnino,10
victoria,95
irachena,173
neozelandesi,79
lapidar,29
memorio,113
vagito,231
detengere,68
anastasia,640
oortre,7
alce,21
coatto,4
decurtare,279
spengere,191
anagno,223
lodovico,444
persone,66
roisan,233
espiatore,17
antigeno,198
marco,55
cnr,20
trionfere,81
dissolvire,204
voto,107
antinucleare,60
nessun,47
santine,165
scannare,789
progredito,410
fete,280
lacunoso,91
maligno,112
luminosità,318
dix,45
argomentazione,383
assenteismo,147
compie,7
sonda,99
annerito,489
macerata,225
alaere,56
repressire,163
fresco,27
respingere,116
teheran,170
ambivalenza,1108
intestato,97
maturato,56
vincenzore,206
fondamentalmente,584
chiarificazione,527
sfortuno,46
capostipite,140
emergo,17
pericolosissime,147
disavanzo,200
idilliaco,30
acese,191
immensa,53
ada,5
user,49
psichedelico,692
invogliare,111
granatiere,774
surplus,132
paltrow,1131
vicentino,627
vendicare,187
scomposto,114
originalità,751
benigni,186
giro,68
strutturare,519
benestare,81
sapevamo,118
agganciare,65
ozio,1
solitario,246
corno,56
armonico,187
militar,136
diabete,429
sintetico,141
airways,62
inclina,234
anticrimine,46
turca,68
bonbon,24
considerino,562
teodoro,23
sommesso,203
ornella,614
pastrano,66
incognite,42
mal,7
manila,93
annuvolamente,194
decano,103
primizia,57
tris,14
elettricista,54
multietnico,36
trascrivere,256
cercola,14
atomica,43
caslino,63
scadente,80
eccia,22
inficiare,379
sovraesposizione,515
serenata,16
click,11
riceviamo,44
balduino,266
latitudine,184
ondata,32
podice,282
inesperienza,280
berretto,452
transgenico,253
municipio,128
quercio,182
vegetale,360
ottangere,92
troveretere,42
intangibilità,480
chiccare,455
carrozza,254
benedice,17
indostan,20
sfasatura,482
gigliolare,570
legalmente,62
stano,54
arcare,72
seppur,12
picare,313
evidentemente,1153
pinocchio,282
canestro,534
spallato,34
lato,54
attino,85
faso,28
locatello,856
jeso,15
esplosione,139
benservito,69
net,54
medaglia,60
facesso,242
protettore,81
località,147
diffidente,277
belgio,56
rinchiudere,122
bassotti,56
brutto,66
lanciatissimo,356
arazzo,34
afro,62
diciassetto,174
cambiato,32
corporeo,481
neorealismo,554
anda,112
cpc,4
migrare,57
scialba,274
liba,8
contributivo,350
contribuiscare,321
svolgere,22
riccione,324
polentone,511
divulgazione,168
scaraventare,785
tramortire,125
arcega,61
eguale,119
sembreere,143
sogno,77
annuario,78
berlinare,14
limire,146
pineto,56
schedina,77
vita,10
bassiano,77
peregrino,28
pezzo,64
gattuccio,245
drake,596
ortodosso,137
ferraris,317
pozzetto,685
porcino,380
regolamentare,379
avvenire,57
circostanziato,186
resa,10
berlusconi,102
locarno,226
stendhal,354
balmonte,503
mitchum,1174
munizione,210
trattore,245
insù,0
focolare,38
matrixo,237
affannato,106
bolognese,191
preparere,30
coli,88
costruito,156
dimostro,58
trentacinque,164
lunedì,65
professoressare,315
oncologo,170
brindare,138
retrovisore,102
coreografico,601
morfina,308
yuval,7
brocardo,124
viviana,349
zelda,104
sbrigativo,121
riconosco,359
giandomenico,312
afl,26
pete,417
fattuale,148
zante,30
controparto,128
concio,70
lande,59
apparivo,62
selettività,679
cronista,105
traccia,69
aspirina,184
baritono,659
sten,75
portoghesi,78
minatorio,17
obblighare,56
incedere,308
zia,30
eire,74
polverizzare,263
cavolo,34
cassintegrato,130
help,121
massimato,13
leggenda,86
gandhi,9
lecito,91
claudio,132
accenno,60
patù,144
acerrimi,108
rom,186
feist,160
pesticida,405
moquettes,102
rospio,106
porteere,93
ultime,10
estrema,48
colombiare,201
caso,92
rinfacciare,548
premeditato,195
direi,82
nazione,19
bauladu,54
straordinaria,18
radiare,27
denno,208
areare,189
schiodar,129
mihajlovic,238
borio,950
specula,13
altrettanto,177
sobborgo,141
decisore,32
ruba,20
imperverso,159
amianto,82
sponsor,54
ringhiera,317
scandalistico,379
ritenere,265
moire,772
impressione,665
minuscola,127
indette,70
annodare,104
celebrano,138
rep,19
macabra,49
sperimentalismo,431
testimoniare,113
dodicimila,110
gustare,66
tip,105
cantorino,637
galare,198
bill,78
macere,114
montanello,153
parido,44
renata,23
concitazione,263
gere,790
blasfema,83
lumaca,5
olivetti,175
arenala,37
ingegnare,101
subirere,66
azero,67
spirire,63
desueto,283
mcmix,525
preghere,74
plutone,51
asserzione,175
apro,18
drappello,80
campa,12
utilizza,121
contingenza,122
talpe,65
interlocuzione,467
epigone,248
ragionevole,305
fossato,6
gomire,16
rudolph,21
vollero,123
cinese,92
pendolare,121
ortolani,392
nba,199
sforzo,42
revò,248
galoppo,11
esplorativo,117
abbassare,47
articolato,388
inerte,116
comincere,145
richare,205
italianista,211
oskar,131
combinazione,364
gamba,48
invano,87
formello,166
ballottaggi,92
elias,55
scaricare,91
salinario,281
newman,835
onda,41
boucle,229
pennsylvania,177
opportunare,353
vivibilità,111
ragionevolezza,432
destituire,45
hills,193
parzialità,77
delatore,60
tuffare,828
orbace,55
cos',129
straripamento,167
ricavare,108
cota,7
viltà,101
carino,833
paginone,31
fotocopia,58
igino,306
parmense,202
avito,75
motoscafo,216
foster,836
zoppicante,441
insospettire,145
dea,225
spettatrice,121
vendire,43
temporaneamente,76
malcapitato,340
falsità,145
eseguirsere,111
vocale,387
suddivisione,171
importatore,89
pensionare,104
radiolina,266
camionetta,423
casolo,243
ararglico,321
adorare,731
manda,24
raptus,174
garanzia,123
elisabetto,56
pelare,138
capisaldi,54
scilla,19
viceversa,265
annesso,20
ossi,126
incentivo,326
patatine,272
gravare,102
riorientamento,481
perare,200
giunti,9
implementazione,751
ario,7
gratuito,15
perorazione,156
duellar,190
innesco,53
desistere,279
sarso,16
ciriaco,71
voyeurismo,668
tagliar,17
officina,100
santificazione,232
laives,456
fatidica,17
antimissile,54
fritto,263
motta,137
trovere,111
fogna,126
sumo,3
viii,12
galuco,653
ricostruzione,16
disdetta,49
remake,354
correlato,313
differenziale,607
introdure,45
confusamente,613
inferto,139
ascensione,68
dissolgere,228
unente,10
espiatorio,46
esauriscere,127
ergei,113
effrazione,113
soddisfare,124
stazzema,141
brada,750
spinato,383
pistone,394
grecia,60
famigliare,97
riconosciuto,95
contraddittoria,306
lepro,29
coetanea,138
cenare,107
ispire,122
cappotto,663
tumultuoso,48
nume,12
sassi,103
ariston,117
attagliare,63
sessantenne,299
mozzafiato,240
originalissimo,948
stallo,41
reddito,249
aspettare,406
implicire,376
riempivare,526
sigmund,367
decennale,17
andere,77
commutare,25
rivolgere,118
fragilità,309
materialista,672
effettuare,43
undicesima,122
fumatore,17
gomma,77
inizare,58
jfk,24
strillare,304
bacchetto,654
traino,9
savinare,422
poll,14
affidabilità,100
antiquariato,175
mesa,133
solbes,79
vibrante,322
libre,73
territoriale,194
sciagurato,69
designato,76
puntino,17
insensibile,473
ballabio,77
sfortunato,98
kaiman,570
tillon,244
fasciare,963
qual,151
monellare,326
induzione,201
classo,24
oratore,73
phil,609
sequestrato,237
mandella,289
esonero,78
finanzare,47
bruciatura,156
casolare,510
voce,29
solenne,76
zeno,211
struzzo,64
collusione,220
inceneritore,219
guam,49
esuberante,678
ciaccio,832
contabilizzazione,538
makhmalbafo,131
bocchino,845
pronunci,54
guazzetto,124
crista,147
sfornare,75
romanzere,381
franchino,820
abbonamere,18
nuziale,33
accenda,29
com',176
albuquerque,77
crocevia,15
alcolizzare,194
floreale,346
europarlamentare,192
pop,237
principato,14
espugnare,105
emerito,65
albione,17
artificio,18
sprovveduto,262
pungere,151
ipodorica,80
andriano,255
schedere,131
rimpiante,56
pensabile,192
riassunzione,169
siberiano,202
colre,40
informatire,192
simbolica,46
portafoglio,73
silvare,140
antonione,304
ridimensionato,146
monologo,204
squallido,95
minimo,62
chic,91
subendo,14
muratura,67
belgradese,79
svantaggiato,214
ilda,18
kigale,253
desinato,93
omeopatico,380
vitto,34
riducare,198
merluzzo,84
segregazione,136
venerare,344
estinte,47
febbro,168
rovesciamento,183
indirettamente,88
giaco,303
vivo,25
ernest,167
badiale,15
indù,74
annunciazione,90
tanto,805
celtio,113
foglio,103
pareggiano,523
maoisto,262
procinto,6
valtellinese,280
amerigo,98
rilasciato,46
ubso,71
sbarazzare,294
wagneriano,279
aliene,11
equamente,12
boscoso,148
pente,71
simultaneo,7
joachim,154
latto,19
integrato,437
salivare,336
longino,312
lavora,67
maremoto,118
bolero,114
capretto,110
qualsiasi,40
timoniere,134
indotto,155
nonno,254
palombo,705
identificativo,341
buongoverno,172
affermare,261
partecipata,30
deraglio,20
demarco,54
anninare,75
surrogare,158
rinviato,46
leccia,364
adire,146
sceriffoo,17
ramadan,45
astere,16
dicere,465
barricato,222
capannello,133
disprezzo,709
precauzione,12
sottopasso,124
transfugo,66
firenze,52
abriola,13
rublo,50
corposa,33
sventolio,258
letame,5
pazienza,22
concilia,54
carter,353
edimburgo,77
vetrata,171
cartario,26
hilbert,615
mutismo,301
occhiata,40
arrivedere,110
vendere,164
poldo,426
quinquennale,31
pilotaggio,114
accalcare,473
giunge,22
infelice,206
lirare,135
ascrivo,16
decima,87
benedetta,103
autoambulanza,167
digo,3
islanda,262
cineteco,59
dasà,29
telefonata,60
sirto,96
ringiovanire,53
passeggiare,558
bovino,111
colleferro,396
sentitamente,142
disinvolto,430
allieve,126
arditale,54
mille,63
catena,8
protestavare,191
asso,5
addomesticare,118
riuscivo,473
confrontabile,171
mantenuto,28
insulso,209
piogge,174
abere,107
incorso,28
lacrimo,15
deceduto,51
salomonico,143
corruttore,138
tonco,92
molgora,251
coraggiosamente,233
riemerso,16
lunaro,32
scientifico,203
epidemia,182
concordanza,179
boves,522
ludo,29
ravenna,294
portofino,179
simbolico,46
bulla,754
faie,8
castaldo,664
implicano,26
operante,127
dirige,16
arcobalenare,13
caporale,42
decida,91
automatica,48
yimou,103
celluloide,282
socialisto,319
castellane,590
barbina,258
fobia,15
eugenio,98
centesima,69
curvatura,265
sfondare,221
scorribanda,116
legislativa,58
caravan,206
fregata,127
brav,32
scurita,61
partendone,92
disputo,82
redatte,30
anoressia,375
contraddire,741
bastia,272
tessere,31
inneggianto,121
boom,23
riconquistato,25
zanicco,190
sottocosto,226
castità,96
dimenticato,430
arabico,151
mendelssohn,515
complotto,151
mica,159
disturbo,326
agricoltore,47
omesso,259
infortuno,29
antey,347
pece,491
isabella,59
chiesero,133
vanna,70
raffrontare,235
solaio,88
stancamente,361
ankara,136
incoraggare,124
toro,33
apposita,41
sanctus,206
metallico,467
involare,546
batteria,100
impervio,68
asiatico,110
chelone,4
convalescenza,67
comportamentale,599
previdenza,186
antidepressivo,351
competitore,57
vaticana,111
fica,14
listello,237
servilismo,396
fastidio,450
spietare,118
raul,25
figiano,129
disillusione,568
valicho,40
inguaribile,58
repubblichino,101
aggiotaggio,109
villare,508
disgregazione,465
controllata,250
risparmio,302
falzes,47
calzatura,134
verifichare,111
riguardere,158
irripetibile,149
insospettabile,175
imballare,464
pavia,217
rubi,39
uniforme,39
avanzato,104
dispositivo,115
agrigento,204
avellino,570
mostravare,317
naziste,144
corrurre,121
intengere,168
temporalmente,161
agiare,34
lavarello,1083
sedicimila,97
impoverimento,501
ergo,4
finire,185
ate,39
cromosomico,456
bovina,67
duplice,28
piomba,99
cimar,78
preconcetto,656
bevanda,152
processore,30
genialità,509
nascosta,51
videro,111
padare,33
abbondare,78
respiratore,318
scappato,360
venare,275
parliamoci,80
accoglare,83
dosare,66
acustica,268
disorientamento,556
campus,29
valo,12
stet,122
tombo,73
annettere,17
maritare,289
godet,105
egoistare,284
carinare,638
falcidiare,31
cisterna,163
politologio,192
irrisolvibile,212
swissair,82
impoverito,86
liso,280
pacatezza,280
formula,9
autoptico,82
primefilm,972
deduzione,310
ariano,34
decisivo,40
incancrenire,288
intesta,18
kosovaro,114
affliggere,132
vescica,383
will,382
gaspere,98
partecipere,76
violino,384
opposta,100
geraldo,400
sgradito,112
goal,210
situo,1
giudico,163
baveno,54
microcriminalità,172
congressista,97
smaliziato,359
sanatoria,118
lungaggino,61
facere,314
cerare,318
inchino,241
emerga,34
folto,47
incisione,508
santambrogio,98
telespettatore,59
robustezza,260
impadronire,214
cusino,106
sassario,434
luano,75
telefonino,121
pinza,56
arco,12
tesso,88
pullulare,104
collocato,62
parcheggiato,389
bae,158
tesserare,55
timbrare,63
cocullo,493
commercialista,81
avvertito,127
lacchiarello,465
esulto,20
indisturbare,278
intimidito,291
sorta,45
susseguirso,109
disaffezione,172
egido,8
sorgere,28
scatolino,363
ostale,3
collaboratore,35
almere,204
supplemento,10
accase,116
classica,285
imboscare,117
popcorn,823
mccarthy,208
plebo,4
berg,160
siam,3
accusare,171
buso,200
scioperare,101
aung,12
commosso,140
intraprendare,97
asteria,13
ormai,83
occhio,81
fruere,407
eresso,44
calcolo,142
staff,21
arienzo,94
dovette,55
intestinale,461
interessare,95
diciottenne,278
ciclomotore,107
caleidoscopio,808
stucco,215
sperpero,124
metropolo,66
rimessione,189
mammut,68
ruthre,46
duecentomila,100
esalazione,323
elevazione,152
capoverso,51
bobbio,79
maroni,43
tendina,60
damma,5
normale,71
esportare,79
drenaggio,207
generoso,135
ibero,3
indonesiare,212
tranca,135
dian,10
segretaria,39
astorio,291
radei,49
cenno,69
favelas,80
brace,197
pomario,141
jewel,95
camara,259
sukarnoputro,165
temperia,33
insistente,78
restii,25
ognuno,26
formalità,32
bancoposta,148
renato,69
vagheggiare,234
stuprare,394
diffondare,77
rocare,108
dipartimento,41
sciopero,96
tergetto,88
bandi,4
apparrere,46
telefonicamente,41
inopportunità,97
eritropoiese,307
orpello,89
minuto,61
circe,437
strapiombo,406
villeneuve,221
ostracismo,92
dondolino,430
degradante,187
lemma,24
singolare,345
potentissimo,36
bicameralismo,217
disperrere,161
martire,54
fiumana,139
storicamente,631
cadore,8
sri,43
infortunistico,77
stoccarda,74
trarre,20
gas,57
spionaggio,29
sospirato,45
compiere,31
comparare,218
haaggiunto,42
capocannoniere,668
stanle,347
tabi,170
spintare,219
potire,247
obbligato,33
difese,34
tutù,98
flavio,193
portatrice,206
tabloid,54
compredere,261
cingare,132
ras,41
irridere,437
verticistico,919
continare,227
uni,23
forcing,63
velato,34
iaea,55
venti,184
credibilmente,238
sean,474
stuolo,144
costituirebbe,297
catania,331
fotografia,202
sacrifico,29
addio,51
sosanimale,8
tamponare,94
mistione,145
fallo,266
immaginaria,328
platone,123
gobbo,81
ricaricare,32
zucchino,204
locro,130
bruto,7
pana,12
corrente,6
perlustrare,208
riordinare,232
sorellina,228
ricandidare,106
annientare,221
palestinese,144
incancellabile,276
ferrero,461
gestito,203
osto,6
tiratore,39
lune,78
incerto,159
comprensibile,710
berry,768
ridistribuire,153
inseminazione,220
limite,90
strategica,57
sistino,8
parè,9
interrogo,34
piacevare,827
miserabile,207
epa,7
tempora,58
torrente,405
romino,114
patrie,674
nomination,111
cespito,204
produrrebbe,283
contrattuale,190
popolazione,46
sprecare,189
influenza,27
tigro,34
scremare,49
tarquinia,22
uninominale,104
castellano,318
orafo,88
stand,36
appianare,105
innalzare,17
romanico,376
bellone,633
parso,198
tematice,74
avancia,4
onno,20
normativo,854
uliare,183
palazzo,60
positivo,66
commentato,186
galleggiare,620
incolore,367
tolentino,544
albertre,267
afagia,68
cogliare,96
intercedere,63
marmi,42
sachs,90
concorrare,45
sommerso,44
definitivo,55
ungoo,34
allievo,88
diciottesimo,125
supplente,33
temibile,30
genitale,213
madras,45
accessibile,17
sgravio,211
ritrovarere,191
jakob,98
giovenale,855
valuta,85
indispettire,236
scio,8
percorrenza,138
guastatore,57
pakistano,274
rullo,33
estromissione,238
mick,506
emanuela,351
durevole,73
altroché,9
opacità,509
rubiera,184
esequia,55
rivendichare,40
cercarere,210
maglio,166
discrezione,40
progressivamente,489
cremasco,150
ari,13
valutario,151
furto,139
premierato,142
ricerco,28
mutere,51
serietà,169
generico,131
abbinamento,44
ebbrezza,173
modulazione,277
evolere,120
spasimo,197
lainare,77
definiscare,388
nettezza,39
barrichello,163
filotea,139
straccio,480
grigia,140
ambizioso,38
impieghare,139
brigante,178
sacca,16
inoltre,272
vigilantes,74
equilibrismo,291
speciale,2
buddha,58
ponendoso,25
manina,480
fratricido,100
fruitore,74
mattinato,68
adempimento,446
bazzotta,464
mezzosoprano,477
spostandoso,73
miare,137
gradone,51
sandra,180
tondello,341
marana,100
oscurare,99
ingiunzione,90
rossonere,175
cappella,328
convinte,163
dispiacere,420
alternanza,97
dense,70
rifletto,33
vesuvio,28
protomoteca,167
accluso,108
steppare,354
svolgimento,61
fiabe,149
carrellata,237
lanciamissile,166
barbara,119
bilinguismo,27
cassazione,183
mattinata,48
severità,132
lontanamente,272
elenco,24
cianuro,259
scandisce,76
catalane,119
collina,345
debuttante,562
arrembaggio,571
smarrimento,412
sagacia,116
sciarpe,591
omnia,69
memorizzare,289
picciotto,301
sopralluogo,76
senegalese,172
dore,82
naturalezza,755
braccetto,42
intermediario,126
diedero,118
harare,228
ammassare,341
parasubordinare,309
emendare,97
egeo,6
malumore,81
idrante,260
paradigma,446
mata,11
estravere,94
impartire,18
tarpare,16
insulina,533
tesco,480
arredamente,124
maschilisto,299
fatalmente,387
applichare,154
capimafia,158
falena,184
invettiva,351
dorio,824
mignon,95
sidone,12
risolutamente,88
battane,7
piacere,724
manuel,130
afasia,240
restarere,234
davo,53
comparsi,77
asinare,206
terminere,151
ruandese,233
alassine,351
sabrina,416
mantenere,64
mailing,27
ematito,29
imbarcazione,218
generalisto,126
inviare,84
pascolo,236
conclusasi,60
rhoo,15
fieramente,243
gutenberg,28
ernst,131
virtuale,77
oretta,163
schettino,718
mascherare,127
village,279
gestore,104
accendino,360
nette,5
fossare,198
albera,408
rosselline,141
attracco,123
coppia,82
erosione,238
credio,81
canterello,93
loggione,210
insignire,52
acireale,446
spensierare,556
collage,189
imprevisto,157
contenure,118
ostico,85
aratisi,104
esplicitazione,254
eccezionalità,282
rubino,120
postumo,54
replicare,197
carisma,46
ostro,5
sostenare,332
fotografano,111
sero,36
fermino,110
lue,17
eastwood,555
forsennare,447
dissenziente,327
dere,117
pratese,177
capare,261
toyota,153
gratificante,166
finocchiaro,131
soste,67
ceppo,77
importante,125
scommettere,79
fosciano,321
costruiscare,207
benevolenza,103
partite,34
benedir,31
cliccare,102
frascato,204
tenaglia,5
moderazione,120
capitate,37
coreano,58
pardon,79
caucaso,125
recedere,217
brillantino,250
spiazzamento,140
brucio,116
inqualificabile,163
laterale,145
siluro,29
partano,40
latitare,124
brillo,341
darebberare,309
emergere,190
delineato,169
coppola,126
cauto,32
preferenza,59
meditato,344
muffa,24
inserere,108
pst,37
concettualmente,859
sequenza,108
palazzinaro,224
cooptazione,125
johannes,39
trento,165
ghermitore,456
oppressione,379
cerale,130
trionfale,65
augurare,242
costa,167
dostoevskij,105
ipofillo,222
particolarizzazione,618
ingaggio,26
conferimento,179
circonda,166
senz',7
dazione,127
selezionato,60
avviò,34
sherlock,408
inesploso,171
manipolatore,138
campanile,177
alquanto,173
tattica,29
canonico,91
atro,66
assaggiatore,56
lussemburghese,45
frapporre,121
pedaggio,80
ciclone,13
teorio,278
terme,118
aldina,21
bonito,57
bisca,64
toccasana,19
suicidare,280
riferì,21
ameglia,585
bretagno,16
riassunte,80
insembre,374
fruire,42
agilità,287
tropea,149
partinico,267
contrappunto,1233
udina,201
ecumenismo,243
ristampare,244
marino,292
prostituire,197
esplicitare,301
decise,91
squartatore,188
lilla,37
bancaccia,171
casalgranda,204
tutt,40
apparivere,276
pedagogia,248
fertilità,236
centralissimo,214
proficuo,66
salvino,288
gerre,221
sarabanda,639
truffaldino,23
personalistico,876
piattaforma,37
supremazia,96
continuerò,156
risiera,93
indiscrezione,70
videla,47
insabbiare,134
pulcinello,81
logorante,219
fornaco,171
lacune,44
giudiziale,165
sfocare,147
imponire,219
stage,33
empireo,169
beffa,22
centenario,139
ovviare,389
prevedibilità,483
flore,83
ove,39
strascico,56
unesco,17
carissima,296
imolese,155
ergile,28
pollino,561
indagine,119
abbuffata,140
velata,42
grone,117
fuorilegge,5
raniero,43
indurain,167
edificio,171
bollo,32
riverso,304
colleghare,90
galoppante,61
olimpico,188
filobus,13
incauto,66
egregio,57
oleg,37
vaguo,71
piovra,35
colto,242
pornostar,394
elettoralmente,223
limitrofo,125
rincuorare,320
lufthanso,82
musicologo,313
goccia,58
ridisegno,158
unno,29
cogliere,60
mana,111
attratto,266
tremendo,192
interdetto,10
penalmente,297
semplicemente,931
cecilio,150
eroica,73
casuale,188
mogol,193
tramontare,173
dottrina,159
mortale,21
ragguardevole,98
neutralità,299
avvearr,40
branco,85
contentissimo,146
citoplasma,578
bernata,46
cetona,56
franceschino,434
regolamentazione,678
gonnella,91
dovese,17
conosco,179
sceneggiato,263
haitiano,171
ateneo,59
stroncatura,75
scienziare,171
oppenheimer,243
invariare,104
peggiorare,131
grana,27
storicizzare,531
esta,161
straziare,193
risposare,75
teocolo,102
blasone,302
messaggero,37
street,47
aratesi,262
rigare,29
bai,45
sirare,545
lukashenko,135
destabilizzare,124
requirente,76
fagocitare,126
ciaccone,1521
geronzio,120
sovrastruttura,184
senior,33
irlandendere,65
basterebbe,60
inversamente,147
piea,16
figliolo,326
arello,537
supermercato,148
vinicolo,111
carbonio,229
lillo,141
riflettare,185
ribadì,96
cortigiane,53
sciogliere,38
stranissimo,768
ennesima,27
demenza,179
europeizzazione,567
nizza,34
altronde,381
ricapitolare,21
pretoriano,24
sole,19
scrivere,267
condanna,126
rannicco,375
contemplare,185
anzare,585
turno,19
occupire,86
dividendo,211
termina,53
gialloroso,428
zaccaria,89
disomogeneo,309
amplificare,200
bruciacelo,298
piazzettare,92
polla,45
mesto,56
riscritto,110
causo,8
confindustria,94
sessantottino,325
esprimo,25
tonello,430
tanino,196
salvaguardare,239
superabile,225
pronto,20
anti,34
astrattezza,352
sap,12
rambo,19
londinese,80
minuzioso,112
accovacciare,817
quarantaquattro,165
ultimato,73
monocolore,92
automobilista,98
davino,159
maseru,271
rubens,218
affascinare,789
bellunese,430
minnesota,328
cedrone,867
choè,102
ionizzo,347
muretto,611
cosette,91
malinconico,889
sincerità,353
scrupolosamente,88
pagare,165
napolitare,36
balia,81
ramazzotto,537
latina,216
constante,68
pezzettare,114
profundis,100
magiaro,277
celebre,321
durare,76
spaccatura,97
notorietà,96
antifascista,145
marsiglio,202
crescente,180
sufficienza,156
bellico,24
rossellini,141
elettrodomestico,214
indifeso,224
carriere,50
difficilmente,144
tifa,101
pregiudicare,266
annuvolamere,178
cosima,289
gattofile,227
crepare,123
andazzo,92
familiarità,178
abboccare,312
sgravare,181
borghesio,33
statistico,150
capitato,67
crosta,269
spurio,47
placebo,385
misticismo,932
telecronaca,103
manutenzione,196
squilibrato,116
mandelson,973
caricare,148
disamore,114
ricomposizione,344
egemonico,468
portabilità,453
napolere,259
aerospazio,137
poliedrico,344
esine,3
alternere,26
mitraglia,292
calliare,1442
mutante,469
morra,201
intraprendente,33
tentenna,32
palmo,39
temperato,62
febbraio,61
degradare,127
messino,657
bizzarre,648
avresta,273
moreno,67
manesco,286
laceranto,132
nascituro,219
tariffe,49
ricompore,115
paglierino,499
melanconico,1012
arcuaio,461
annuire,116
ossido,283
ruspe,148
schiera,60
maggiordomo,401
graziare,176
redatre,110
mieli,17
indiscusso,50
ammorbidire,68
tremila,104
barella,100
blindato,131
limo,12
sportello,85
parancandolo,141
inventato,925
brandisto,39
blitz,28
lontananza,343
superficialmente,832
separatista,243
accogliente,60
lunghissime,68
estratto,31
riproporre,211
trentatré,131
impossessare,142
scolastico,83
compatto,50
garbato,211
converge,59
intrecciato,214
variety,133
campiona,399
interventismo,382
litro,92
lama,4
scelta,91
fatiscente,290
donare,27
powertrain,114
speculare,77
cogne,69
granello,203
manama,77
gioiosamente,439
dire,786
atlanta,65
consegnano,30
guerresco,107
pesce,169
rinfusa,91
sufficiente,94
mostrare,85
modero,44
rinnovamento,153
inventa,411
dilare,275
arabi,123
stanziamentio,237
mobilitare,76
catalogare,183
macroscopico,132
tarlo,53
savonare,155
termico,178
aggiudicazione,174
pura,129
assecondare,503
egiziani,101
assalire,354
solaro,113
semplificato,148
fire,10
ambrogino,361
uomo,29
grandeur,128
agnano,786
trailer,241
ghiaccio,159
vero,238
cablare,59
sogliano,67
cesareo,69
piattello,48
matasso,20
spendare,163
onorato,111
asprezza,291
tam,98
cruciale,77
antoniano,95
individuare,161
puzzle,23
liquidare,82
piromano,38
spranga,470
riscosso,26
cominciavare,143
luogotenente,113
ufficializzazione,206
castare,1009
suonatore,387
criminologi,59
spese,85
caldeggiare,106
ridimensionare,127
infarino,261
bruttare,342
irresistibile,530
dibatte,28
pievepelagare,387
risvolto,74
erba,113
fantastico,762
ricca,15
donovan,1219
appetibile,112
rimarere,53
cossovo,77
perdita,17
zappino,134
inadempiente,59
rientro,15
generice,157
vagone,192
proponevare,231
rama,145
sonore,423
logorare,313
mosso,20
loach,504
movimentaziona,40
ladina,325
ultraconservatore,94
strappare,316
valorizzo,125
avventurismo,405
ecosistema,208
algerina,124
inanella,166
mauriziare,234
pian,82
onestamente,352
austroeaquilone,50
globulo,250
liturgia,254
prestabilito,321
soffiare,111
irrompere,460
indeterminare,310
leccare,316
boutade,57
ispira,93
financial,68
leghare,17
togo,35
trek,115
ire,11
conoscenza,233
nascimento,352
cortigiano,84
plaus,148
arricchire,66
trasformatasi,111
strozzare,35
gremire,196
camposanto,151
segue,13
troia,7
colorato,623
meltina,49
prosciugare,165
epico,407
repentino,91
terma,154
incenerire,163
deliberare,180
potere,635
soffrire,169
fulbright,86
mainardo,589
ararat,136
moscato,817
beale,638
terminalo,145
ardito,157
cassaro,656
schio,138
boston,184
manzoni,356
cocaina,85
alessandra,190
incomprendere,420
letterario,654
ginepraio,151
cordolo,40
chiedendogli,48
respirazione,228
emendamento,114
neurone,245
solo,480
ventisei,130
diabolico,236
fitta,6
ritravere,405
retorica,482
asello,397
contrassegno,122
perciò,472
ridateci,26
destrutturare,414
congruo,172
finalista,66
richiesta,83
ovverosia,55
rancore,153
raffinato,192
autobus,213
scintillante,660
sospenda,49
vermeer,278
sostitutivo,282
inducono,98
dracena,28
guelfi,219
statalismo,554
unghia,60
giovanangelo,44
laetitia,198
inerire,6
aquilino,84
lepontina,99
tld,50
riposo,141
ansa,26
riciclaggio,95
montessori,577
europarlamentario,119
indebolere,108
rigore,69
consociativo,197
sicuro,234
fomentala,38
newsweek,74
precipire,29
colonizzatore,237
impiegata,31
filippini,145
tallone,44
cecoslovacchia,103
exit,35
sommovimento,92
viso,303
discussa,114
alalo,52
budda,46
ircine,143
fiji,21
jersey,134
potrestere,223
une,16
travisare,192
infettivo,433
francofortere,41
burkino,96
epiteto,133
promettente,58
vedove,81
wall,55
valdese,146
resso,10
imposta,325
privazione,624
intenso,77
redistribuzione,473
elider,58
kofi,55
epigrafe,237
coraggiosa,33
eden,48
samio,11
orsa,28
diplomatica,25
piegare,424
ricamare,892
ascoltere,85
conformità,316
svilire,179
cantone,102
trasformandolare,203
spicciolo,120
riorganizzare,125
chiesre,56
infergere,407
insultino,44
sviluppato,210
monetizzazione,595
frazionamento,383
osservo,35
reintroduzione,138
bros,410
specialistica,183
contatto,29
scipione,347
delirio,145
samaritano,102
inaccettabili,194
karma,75
qualificazione,157
alchemico,278
some,454
debito,86
quest',30
ricezione,16
indisposizione,119
rima,48
fran,178
pranzo,62
rezzo,113
lobbia,24
callasre,478
tradure,123
pantalone,542
parkinson,186
rito,72
piera,383
apparare,82
riesame,136
mafiosi,157
ferale,15
diversificato,522
antisovietico,197
passaparola,100
immortalare,670
tradizionalista,452
innovative,282
matthau,914
consapevolezzare,845
settoriale,568
grilletto,32
testardo,303
peggiore,26
jane,497
alluminio,207
ancia,33
premono,6
prestare,89
don',559
entrere,48
allagare,108
alcol,87
ivanhoe,81
consuetudine,43
conoscimento,90
secessionista,150
nievo,45
velocemente,55
fiscella,47
proponere,306
attualissimo,509
onesta,97
benestanto,62
ottavio,645
sub,3
distortare,267
reinventare,242
ambone,84
collegamento,59
hamburger,194
assorbire,173
amorale,521
clino,186
arignano,76
enorme,60
galvano,84
scioccato,559
penalizzante,582
scampolo,81
mazza,199
gore,74
perfetta,27
igea,541
perentorietà,183
predire,138
concorrenziale,428
gigolò,124
equità,180
erroneamente,97
incensare,87
giovacele,432
oggigiorno,114
espongere,64
incentrare,176
mogia,96
anticorpi,427
penny,634
pervere,19
wallace,576
dieter,103
avvolgere,484
danno,64
ton,25
ebbene,370
adrio,63
incessantemente,86
carità,144
badia,106
lessico,525
revoco,73
vedova,84
filiazione,72
annotazione,151
proposgere,176
compro,22
squillare,37
formale,166
stilista,189
giungare,55
alexander,72
strumentalità,518
duramente,65
ghetto,21
stirpe,60
giulietta,31
selezionare,87
progressistare,394
ricercatore,207
silone,237
coree,37
moeno,65
adii,9
bce,107
danubio,59
esorbitante,228
angino,135
gerry,176
patologica,592
dipolo,150
guggenheim,80
strutturale,451
antiguare,52
conseguire,141
giapponese,47
appuntare,352
aziendo,95
bibiana,89
cariare,111
vizioso,36
educato,42
sylvia,235
istrionico,19
accetta,55
riconoscare,255
eminentemente,410
bendi,18
finisco,34
eseguito,31
consueta,35
pappone,337
bahrein,147
sare,72
gildo,24
congiunto,20
inibizione,324
decada,19
spigolo,327
ragazzone,390
pratico,508
provetta,287
idonea,353
conato,317
cappellare,429
confedilizia,59
sbaraglio,13
onanì,248
eleggere,140
protratre,36
aggravamento,408
avvertire,193
ottemperanza,223
appiccicare,698
bufalini,55
caseggiato,605
viterbese,490
stentare,178
hollywoodiano,244
superate,18
partìre,88
elmo,7
boutada,103
rallegrare,208
campbell,911
richiudere,130
cogente,577
maseruo,349
cronisti,29
interdipendente,592
mantenimento,246
ripetare,181
calci,226
caines,126
ascario,118
bitto,192
battare,165
vistarino,458
conquisto,41
sir,7
autoregolamentazione,651
però,577
vene,36
scalare,63
spegna,36
ugoo,142
semplicità,951
volga,11
utopio,152
apprezzare,176
civice,30
carato,39
narra,411
liturgico,199
derrata,155
smarcare,150
perorare,114
fabius,128
liana,181
parrucca,506
accorsa,118
danzatrico,459
brenta,7
achille,48
ricore,50
errare,27
viscoe,49
prevalsa,182
tedesca,85
restituzione,133
vando,18
calcolatrice,100
interplanetario,141
condominio,127
incrociano,23
saltar,84
contrappese,289
confessione,30
brillantezza,351
approfondito,233
bukowski,263
delinquere,202
caprillo,535
aggiramento,257
antero,6
stragi,59
distacco,63
rabuffare,272
new',30
disguido,51
sbornia,10
pamphlet,44
metodologico,533
zinco,37
lambro,39
federa,29
aipac,105
vico,138
aperre,34
difendere,180
cima,49
falsariga,28
massaggio,89
cospirazione,222
livorno,283
diffamare,134
rendare,24
soddisfacente,251
cinquantenna,117
carrarare,72
assomigliare,424
laos,5
occuperà,36
controllore,39
scimmia,88
femminilità,393
integra,73
volger,335
dorae,21
premare,107
ungere,115
polinesia,107
ricondure,184
impiegato,71
alleggerire,214
leggoo,57
convivente,165
piaciere,251
seul,48
kabul,51
venutare,21
pastone,184
riecco,19
gruppuscolo,201
boicello,185
polpaccio,694
navato,314
noie,35
rospo,15
sbriciolare,278
capocciare,509
giuda,44
geroso,153
calligrafia,155
toledo,89
danilo,76
ripiombare,247
agnellino,129
reperire,179
trinità,69
costarica,125
poté,13
sfruttare,60
plutonio,123
indur,156
giuliettare,56
implicita,109
portentoso,192
espulsi,48
discuter,27
leghista,107
incubi,4
trono,35
dovrai,9
tagliare,54
disposto,130
sinuoso,591
recalcitrante,89
dorare,358
fragore,228
danaroso,94
pdre,100
persino,704
annunciato,79
jazzisto,534
atletica,179
garzella,164
vergine,93
lallio,779
fissità,341
zanna,408
ristagno,46
volfangare,130
sarcofago,206
negre,14
indebolita,188
pienotto,884
vinta,96
sommozzatore,183
aggeggio,438
artefico,9
attuativo,207
riccho,17
deportate,95
enoteca,78
smobilitare,83
passavare,771
raggirare,22
stufe,86
prosaicamente,487
scelga,23
duraturo,60
accogliento,39
triste,144
sensile,196
moneta,35
leonardesco,223
svendere,86
ottantesimo,146
faccinetto,48
elettivo,93
fango,187
ereditario,43
insensatezza,957
distruzione,101
semplificazione,511
ferrara,164
datore,81
improntato,377
kosovara,135
telegramma,55
accogliire,41
dragare,13
illuminante,231
folgorante,621
trasportatore,107
sortita,104
ragioneria,30
camionisto,120
brancolare,31
canguro,109
stop,48
deragliare,66
asfaltare,597
accomandita,19
mir,37
gallia,209
scozzese,47
djorkaeff,393
imbarco,193
jumbo,57
svelamento,222
regare,408
sarchiare,40
trattoria,240
carciofo,255
alzata,29
feudale,137
lauria,799
scarcerare,145
girls,246
pispoli,457
volgario,324
macinatoso,62
appennino,129
chilo,14
pietrasanto,369
vetta,327
luciano,178
warren,804
pagano,347
fard,18
percezione,539
discussi,98
rigurgito,232
parzialmente,148
autonomamente,245
group,172
omnibus,37
loop,123
scarpino,36
inscrivere,343
mirafiore,83
iran,94
imprenditoria,102
protrarrà,67
rnare,176
maenza,573
maltrattare,281
steccare,62
isolano,17
raere,88
tumulare,196
bandano,103
guttadauro,227
condoglianza,112
dritta,26
otrantino,76
rock,440
climatologia,63
tuttora,26
maastricht,48
sciolga,16
riconduce,63
azzio,102
eternamente,192
espressività,594
checché,65
nominare,135
suggellare,114
contraddizione,418
canadese,173
solea,51
mandela,142
fognare,91
parcometro,161
battezzare,91
ardo,444
lira,71
alcamo,107
chevenement,78
cecina,264
plancia,121
scettico,114
meccanicamente,117
prelazione,98
tiziano,248
perdonare,447
uuuunnnn,49
cosciente,270
pape,84
inne,109
caruso,145
maliano,270
insegnato,196
strong,139
scrutino,42
bocco,35
ciglio,174
bresso,184
lombarda,27
chiacchiera,296
aplomb,108
provengano,97
inneggiano,130
battistrada,82
condivisione,398
fumo,23
abnorma,141
inalterato,168
condom,16
affidare,121
kong,56
pile,4
spoleto,263
interpreto,386
lettuccio,59
cacciabombardiere,155
dimezzato,18
brachetto,727
ghana,198
constatare,220
accecante,1229
storiella,410
presidenza,92
vacanziere,52
caraffa,419
giocoso,885
demordere,219
balcani,15
deboro,36
protervia,546
cristiani,202
incomodo,70
alatolo,49
uscari,17
scandalosamente,373
doletto,506
ciambella,10
pudore,185
petroliere,27
corporativa,82
indisciplinato,78
peruviano,104
continuatore,32
accettazione,41
bottino,49
appesare,170
dispensatore,144
informatica,185
dorato,400
regia,99
celermente,120
mangiare,359
aprilia,175
galluccio,77
volantinaggio,75
potenza,17
sirio,150
detentrice,16
fluttuazione,243
domo,6
assure,135
targa,40
nuoto,89
falche,25
sbigottire,352
quotidiana,20
polso,33
figurazione,498
bagnine,213
bufala,14
monolitico,544
dee,68
illese,32
contrasto,106
venerato,146
coralità,456
esca,2
sfogo,93
eritreo,129
dar,15
segretamente,17
ripetutamente,120
dopodomano,126
indisciplina,88
eurosport,145
depositario,51
giaguaro,45
sammarinese,153
languire,54
previto,38
sbilanciare,150
eterosessuali,143
difeso,16
elvetica,14
misconosciuto,392
gano,183
valletto,153
peschiera,206
fingire,38
emiliano,319
attui,134
vergogno,131
divenute,33
lottiamo,32
scegliare,91
divaricare,253
hongkonghese,315
invasore,146
irma,148
isaia,9
carro,161
fotografo,111
offese,98
pocho,23
meandri,4
ripalgere,123
avversione,593
continuo,42
spelling,119
dirittura,15
raggiro,15
stucchevolo,441
preferere,57
infertire,226
cuna,6
schiacciato,342
elogio,46
prevalsare,216
targato,14
allestire,129
sociologia,232
marc,147
insurrezione,163
annan,64
salina,235
volfango,152
molestia,85
erculea,81
bersano,49
dirigenziale,79
portellone,189
ubriacone,294
maldino,286
cote,14
motociclismo,244
scissione,36
http,33
ambientazione,364
entroterra,224
sotto,7
golfo,75
dubbio,97
obbligazione,105
accuccio,680
contribuente,227
giustiziere,185
divampa,35
pattumiera,152
natività,76
bulteo,53
serge,174
ducare,83
naso,68
razzia,57
mousa,96
diverre,69
cattolico,195
bristol,83
slot,9
globalizzazionere,101
nuto,60
adelasia,111
rictus,116
atrano,40
cateno,29
impronunciabile,239
ultràre,68
neoo,8
boriagliele,96
proteggere,92
medica,135
innocue,138
inflittaglio,70
prematuro,25
segnaletico,100
ventidue,135
sconfinare,160
ingiuste,97
ricono,44
irriguardoso,81
epsilon,104
orante,644
affondamento,59
fidane,397
bilotto,1048
bracciante,95
quattrocentomila,147
indore,48
mignolo,116
mandira,19
solidarizzare,140
decoro,19
lotus,15
allen,268
bradley,584
bonhoeffer,154
preme,57
blinda,4
putsch,85
adriare,32
export,34
biondina,957
bimestrale,65
affrettare,182
periodo,30
coulthard,361
daily,90
cosacco,40
inusitato,262
salonicco,35
perseguito,358
excelsior,323
tessile,126
fiocchetto,329
scorto,62
miniera,107
orbitale,94
accresciere,143
patty,227
cenere,61
pendolaro,149
clay,180
borro,52
antiguo,46
mirabella,527
fume,21
zecca,32
opposero,172
arengo,122
minimamente,265
contusione,169
intasare,65
artificialmente,219
alesi,56
falcare,69
batterare,326
depp,556
attacchare,57
flynt,711
ricorre,15
collisione,58
trappola,33
inconsiderazione,925
manchevolezza,240
pescante,53
lovere,513
completezza,263
atroco,247
clip,292
labico,5
marittimo,143
ridisegnare,126
bittone,384
contrassegnare,317
pipa,40
loden,364
resocontare,140
emblematicio,215
ammettere,280
renano,15
corsetto,205
raimore,383
forfettario,424
bare,9
orfane,31
copioso,22
gazzettino,49
piuttosto,839
sfinimento,407
bondo,46
avessimere,334
bellare,309
organde,168
fisicità,711
sanità,51
realisticamente,542
indirizzo,23
intercessione,52
pornografia,106
certamente,748
decado,94
scalpitare,197
frisala,590
bandire,21
piazzato,83
lucio,124
maggior,22
baviera,66
valtellina,242
flere,110
scongere,142
codigoro,268
khan,275
xenofobia,157
kantiano,671
daterare,271
articolazione,859
polis,4
gump,347
abbreviazione,180
quarantacinque,173
incline,157
pinochet,24
prodigare,55
impennata,114
palude,54
assaporare,304
terapia,370
novarare,454
agato,39
vibonato,243
sommato,104
soldato,209
promessa,24
abbellire,77
bisbigliare,1096
aorta,26
referto,49
presupponere,844
conservo,35
ripetono,108
uniti,1
castagna,97
duno,26
fiducia,31
gobare,30
paradisea,458
pasticciato,99
portalettere,177
ultrà,73
elida,147
contraccettivo,476
rafsanjane,137
pompon,292
concretezza,353
traversia,51
privacy,12
ultimativo,135
inventiva,68
accusatoria,181
truppa,164
fischler,68
confinato,65
antigone,56
pallavicino,806
procaccino,81
rispettare,163
ile,105
chitarro,551
battezzato,95
sprazze,607
drappo,281
drammaturgia,656
decisionisto,149
gioacchino,517
dimentichiamocare,295
esteso,114
auri,84
amorevolmente,180
giovanbattista,1654
volenteroso,124
proust,66
musicare,390
sospetta,102
fomire,17
figuro,5
ricongiunzione,208
accingare,101
venticinque,201
mira,13
erzegovinare,123
aggregato,131
dettagliatamente,227
posizionamento,517
extraterritorialità,212
rosicchiare,579
cicogna,109
monda,42
omelia,171
antagonista,273
apparve,61
anomalo,17
cantato,835
esangui,9
eneare,9
clown,275
taipeo,15
biologico,273
magnago,161
arrogare,283
invasi,18
medusa,10
immunitario,412
esplodere,118
invidiare,258
distato,12
assottigliare,140
accompagnamento,51
riporre,102
aereo,160
immere,280
malare,128
pone,8
woody,250
ostacolo,21
elisabettiano,72
originare,64
rimette,30
termometro,22
tentatana,274
telemeccanicare,118
apre,25
ammonimento,115
milleduecento,143
malore,126
nuotare,129
infermeria,111
arra,112
piana,163
variamente,331
trenta,201
difatti,44
lanciato,33
inaugurazione,116
bicicletta,129
rossonerare,526
laurino,942
decimare,70
tahar,42
clan,63
eccedutone,20
cincinnato,217
autogoverno,145
artrite,415
daltonico,163
bellano,113
riduca,113
sbrigare,72
arrede,170
ribatte,76
retrospettiva,449
antone,496
processione,83
miracolare,60
bes,15
montagnola,326
omicidio,239
tendo,12
mondiali,219
fedain,58
brave,236
stone,489
stravoltare,243
merire,191
sovraffollare,76
scippatore,261
intensificano,42
raggiunto,27
cortile,95
prospettano,208
eclissi,24
travasare,33
cassia,51
furlani,30
altezzoso,36
boario,374
emolo,52
fraintendere,422
ballo,22
defluire,128
muraglio,9
directore,32
bonobi,182
jennifer,338
esitare,334
campana,19
membrana,124
recludere,186
comun,12
allibito,129
orgoglio,64
sinteso,60
pubblichere,185
forchetta,81
sassaiola,212
ingiustificato,286
risparmiatore,100
that,252
equidistanza,283
melfi,59
escluso,121
beppeo,87
fatalismo,546
flagello,67
moena,109
crespo,263
agenzia,9
vandea,29
acquirente,109
indirizzare,46
faccendo,77
lenola,40
cassino,154
serva,10
dormire,238
incisore,189
incitare,297
ottennero,22
cassaforta,44
controbilanciare,295
amabilmente,310
atteggia,29
miliardaria,31
braccare,354
calogero,188
trasmere,40
nomignolo,71
dispiace,172
dualità,90
body,664
gigantesca,281
filmato,105
collins,1002
impossibilitare,362
cripta,103
qaeda,104
comunista,182
cattolica,147
beare,145
vezzoso,123
confluenza,54
annina,5
resistenziale,191
recinzione,365
rotaia,182
egee,22
iniquo,65
aeromobile,169
cesellare,256
aveno,97
abbo,130
bojare,227
software,156
armistizio,11
nascere,36
induista,240
tabacco,14
cartoncino,454
ceramico,180
portiere,449
innovo,16
alamelare,254
accento,24
animano,204
gorgonzola,368
stabio,92
docente,128
risorgimentale,311
metabolico,406
padano,28
maltempi,90
planetaro,34
oresta,178
immediatamente,94
imbonitore,137
verdone,393
bersane,37
traversa,470
intossicare,287
guidone,224
ricordatevi,105
annegare,137
frode,71
marxista,375
gemellare,18
complice,229
renza,27
ustica,24
superficie,244
nixon,103
oppor,30
analizza,70
reclame,10
rivolo,37
senago,68
cesana,43
violazione,115
verificarono,126
buddhista,92
pagamento,187
doppio,16
nuca,192
ostare,6
ouverture,445
prefestivo,46
procurare,25
bitly,439
sofferto,78
verone,295
acuto,32
hascisc,95
deputare,111
intagliare,313
santone,180
ottimisto,87
tullio,277
veggente,120
trovo,20
autocertificazione,312
gesta,226
niccolò,110
osi,18
cilindrata,145
aizzino,212
giovannangelo,23
paniere,30
peggiorativo,312
meritocratico,548
marare,413
diese,14
grimaldello,55
baracchino,1019
culturista,149
schiavone,378
insindacabile,345
pianto,358
pontassieve,283
valer,18
erogare,177
invariabilmente,230
erasto,85
paoli,196
azzardare,240
sfavorevolo,116
richiesto,306
oggetto,22
condicio,27
dettato,295
seguari,21
moltiplicare,95
fissione,65
patro,27
convertibile,154
divorare,491
milazzo,391
disdire,18
alcolista,90
ombra,34
sgradevole,663
trincerare,44
gazzo,44
gilè,263
imprenditoriale,211
disumare,155
inondare,108
atelier,203
avverare,138
krajisnik,91
chioso,39
inglobare,28
allarmante,102
delinquenti,126
nuno,305
scacciare,347
catenone,31
fiorello,1004
anonimo,23
picchetto,173
multiplex,60
criticare,249
berlinghe,23
amaglio,227
brigadiere,704
conoscevre,309
lai,29
prostituta,182
georgere,197
paolino,422
nerolo,184
castelletto,1441
militarizzare,242
precedettero,171
offensiva,70
seui,288
pagò,10
aziendalistico,263
coffa,95
punitivo,47
fisiologico,339
asseta,53
meticciato,517
succedere,235
alessandria,362
bestemmia,211
tela,112
irta,5
eleggare,122
sfoderare,217
condizione,46
fioretto,551
graziellare,842
populistico,623
cartona,207
lava,195
smantellare,51
sbugiardare,214
impensierire,378
mistura,6
sfondato,169
lancet,62
creere,120
divulgativo,361
bottiglione,153
spalancare,199
interposizione,106
fusto,260
alessandrio,494
consolato,40
princere,62
abusivismo,65
commessa,50
sottoprodotto,203
disfa,56
scese,41
infausto,111
satirare,471
datare,63
farneticazione,156
pradere,41
ultima,19
assertorio,475
agricolo,82
lido,57
aiutarme,153
bestialità,329
fisionomia,220
fesa,14
wanda,670
puntigliosamente,194
grinza,7
svago,27
marcia,18
vitalizio,21
corso,21
zaccherone,453
tentacolo,69
incongruenza,489
dichiarazione,104
lavorazione,207
vienna,126
estetica,679
ama,15
over,11
etchegaray,69
scisma,112
allorché,39
handicap,32
tabo,342
institore,201
perfino,902
locandina,124
videotape,102
pacato,115
braca,55
slegare,99
listone,44
celso,282
trare,35
maturità,37
attribuiscare,414
predominare,175
strasburgo,46
capitolina,147
sarere,145
titolare,5
sellar,117
gradualmente,126
fisiologicamente,435
termica,370
biscione,53
incentratalo,32
sudafricano,178
spinte,180
cip,67
alcolistare,98
dicembre,57
emblema,33
millesimo,72
incitamente,237
usare,30
chailly,623
scambiato,18
caprarolare,79
sollecitato,259
piramidale,96
stimmare,150
sminamento,104
silenzio,32
trasfigurare,1279
austis,469
censito,9
proibitivo,35
nordafricana,135
calendarizzare,217
trascendenza,827
boomerang,64
cernia,118
corradine,370
unabomber,103
amarcelo,369
raschiare,43
appendere,541
nippo,95
seviziare,373
scrire,195
parsa,25
guadalupe,443
ecclesiale,138
postfazione,488
discontinue,114
bredo,26
cerone,281
teso,31
frante,245
ragiona,62
elidere,53
fredde,40
gerarcho,61
carica,37
ineguaglianza,123
fortezza,74
sudamericano,126
wenders,549
gregge,2
invincibile,55
ranger,151
strumentalmente,434
copia,21
biro,0
debitorio,118
milanino,236
terence,934
sovrintendenza,46
giacere,115
disattendere,238
preventivo,46
votino,22
ritroso,132
idrocarburo,251
arbore,4
convergare,48
spirae,32
rione,119
accomodamento,56
incompensabile,223
azzaro,237
polmone,274
suspense,69
sovrapposto,123
sottrae,76
canegrare,695
squadrone,100
scommetta,22
ripropongire,219
scalato,45
vincere,232
piantone,242
compilation,270
dirigare,51
lucina,222
curo,197
vittorio,57
anni,6
preordinato,350
bresciare,385
sostanziale,474
apparre,53
cuffia,108
novartis,97
differita,24
allerta,37
bace,42
invocato,81
rubrica,77
sottobanco,24
dopoguerra,49
fattoria,205
questione,122
giada,23
pandora,80
atterrano,57
riaffermare,261
barzelletta,356
seccare,63
haaretz,117
assurdare,462
lame,6
alane,382
ferri,258
attitudine,823
dormitorio,277
autostop,33
repubblica,21
lesbica,32
laurent,108
pure,926
mandamento,70
irrealizzabile,147
indeuropeista,110
alito,18
jesse,555
casistica,145
moggio,275
diario,44
iguana,65
legislativo,170
incrociatore,32
pictura,253
emano,10
esequie,82
editorialista,81
samba,206
raffreddare,45
abete,19
cadute,22
informatizzazione,481
compensativo,493
alienato,18
agliana,200
diventi,42
ternana,402
busi,590
schermaglia,43
alcoledere,33
tribale,50
deflazionistico,311
colpito,32
gudo,111
aborigeno,81
convulsione,262
abbozzare,51
assunte,70
alessandro,229
fit,104
royalties,55
capovolgere,258
arlington,194
tempra,51
faida,43
premeditazione,205
ardore,94
pontificato,257
correntemente,306
dischetto,284
deliberato,79
saluto,83
madrepatria,127
corsivo,78
tacco,378
umano,63
preannuncia,44
copenaghen,53
dispendio,79
atout,92
depor,27
visi,171
scarafaggio,1319
guidar,50
bianchetto,526
fiammante,230
rotaie,265
gridato,261
chiusura,23
rangone,265
riesaminare,162
caprone,431
dorso,91
davidere,290
raider,157
sterling,33
calcio,273
criticere,234
argomento,68
porno,209
rodo,53
monto,9
aida,22
attentissimo,82
nazirre,131
org,41
repere,14
esploso,94
cancellazione,28
eufemismo,109
psicodramma,82
grossa,67
facciale,93
afare,21
laggiù,154
correità,101
esproprio,67
mangione,441
annualmente,172
palestrina,137
roberta,624
limatura,32
sleale,7
cordoglio,84
lazzarino,1600
rinascere,75
convenuto,39
conquistere,91
boero,79
ritoccare,78
filone,19
fornace,11
compiacenza,126
danneggiare,62
road,169
dedito,34
intimazione,199
aptero,112
eliminato,26
ramoscello,51
cultura,184
eguaglianza,132
alpino,110
harvard,370
feltro,62
caiolo,262
affidabile,59
smentire,137
connere,109
catalogna,45
oscurità,112
giornaliere,92
billy,526
imperscrutabile,257
rigorio,179
abbreviare,116
finn,31
riconvocare,123
vivaci,95
decisione,102
inesplorato,273
oriano,56
compromessare,349
leopoldo,13
tokyo,81
filippina,183
petra,323
cubismo,558
elemento,108
amazon,194
cipriota,33
innanzitutto,495
colonia,53
parino,536
periferico,108
etiopia,116
mexico,24
heisenberg,51
ricandidatura,97
inviolabilità,159
malefico,142
contemporaneamente,268
alcazar,91
inserzione,116
egea,6
century,495
passero,79
boncio,415
artiglieria,150
capestro,15
scusa,86
potentissima,35
acarpa,87
faglia,122
stilema,764
cazzotto,170
verso,24
tripoli,19
rodero,317
bertinottiano,84
nervi,3
costanzo,186
mirandola,122
affollata,45
girere,81
semestralere,78
morta,107
chuck,667
guidere,220
smilitarizzare,170
guerra,70
metabolismo,544
sigla,13
fitness,120
spirale,47
gestivare,42
insussistenza,395
ammortamento,420
successivamente,105
satirao,172
ortensio,62
kid,110
capodimonte,778
angela,145
atino,347
arde,73
ammodernamento,330
slittare,161
alibo,2
imperatrice,90
dileggiare,902
dimostrarono,76
collegare,61
riformistico,538
visitato,90
clorico,274
mercenario,99
ces,62
son,57
festeggere,101
pavone,166
rinfrancare,97
ghettizzazione,420
indimenticabile,436
roland,395
sartorio,331
monopolizzare,99
sufficientemente,564
sbottare,347
legione,27
grongo,96
ruotare,33
granada,233
codificazione,824
mongolo,117
keepass,7
linciare,504
camico,315
andassero,147
affar,14
estivo,97
international,19
squalifica,303
raffigurante,396
stante,193
end,16
miglioria,67
iene,13
castel,272
statuina,388
portino,19
bambù,18
spesa,278
macchinisto,106
sopravvissere,147
avviso,11
scarso,113
scambiare,62
archeologo,75
sudovest,110
complesso,217
marciapiedio,58
airbus,44
segnalazione,68
edificabile,153
inchiostro,212
testo,99
capogruppo,202
marasma,64
quadra,16
cassius,42
ravvicinare,11
laccabò,8
idealistico,1064
distrettuale,67
interverre,91
twin,579
differenza,117
esubero,104
scattare,10
prigione,94
testimoniale,243
morale,152
pervasivo,397
nonviolenza,336
estroverso,187
ritrasmettere,54
camoo,103
horror,183
rinvii,70
parlassero,353
riscontrare,134
brusio,127
albergare,154
oltremodo,116
alloggio,105
tensione,47
respinta,35
carella,248
allergico,456
herbie,1021
uscivo,200
moribondo,162
separatela,144
corbello,116
binomi,118
litania,72
petersberg,60
ibrahim,33
finnico,21
superlega,316
buongiorno,249
ridurre,145
imma,208
anso,30
angosciante,237
disperatamente,205
esordiento,475
pistols,651
medesima,56
arresi,202
scivolone,81
arala,123
pasta,443
tendopolo,104
vagabondaggio,292
scomodo,79
attuto,4
celestare,209
crucis,54
imminente,42
trafalgare,51
adige,33
magra,22
mangimo,307
suprema,47
marmara,137
plesso,16
votò,31
disappunto,192
osteoporoso,484
asfaltato,483
scomode,144
besson,1058
impazzare,97
spontanea,8
quintessenza,508
aspettativo,174
tromba,101
reggiani,410
calzante,311
impunemente,147
accettarere,217
pedinamento,78
offro,8
condiviso,427
valter,184
pupazzo,442
jazzistico,642
coca,135
ottocentomila,110
imperfezione,636
sudafrica,108
foschia,110
corpus,15
balcano,63
retrivo,411
manfredonia,283
durissime,62
debbi,305
libico,63
alfonsoe,155
developmentre,130
profusione,76
massacrare,378
biologia,265
arnold,408
monocola,75
evvivare,249
eruttivo,11
bertelo,318
ripetuti,42
mimetico,299
brune,23
nebuloso,25
bacole,121
osservato,32
fognatura,264
depositato,63
tornassero,94
sselre,168
etano,23
galantuomo,291
edonismo,717
aggrappare,348
chiassoso,272
brigata,76
indiscreto,151
rilevanza,314
reinvestire,266
realizzato,97
agricoltura,73
emozionanto,386
peggiora,59
velatura,151
penalizzare,208
cappuccina,346
ristorazione,278
lodigiani,475
ispirazione,398
coreografa,396
contendere,110
minimale,187
monocratico,147
monoposto,201
nuora,128
dimora,25
richard,550
quattordico,90
coetaneo,183
sagoma,244
gioielliere,148
sonare,255
massimod',190
turbina,47
cosmopolitismo,700
poltronare,73
schifare,104
saccheggiare,225
apolidere,84
commemorare,114
nicolò,141
scivolamento,407
bollano,107
anglicano,122
propongo,157
percepiscere,133
mutuare,125
rettificazione,50
ripicca,246
orto,35
riavere,109
mastico,313
nutritivo,208
intendire,235
sacro,167
marie,441
sopravvivenza,84
palavo,20
concessionare,168
significativo,168
abitudine,114
povero,104
denso,69
travoltare,250
afragola,310
cedue,7
eloquento,360
ricattare,164
scardinamento,711
glorio,93
approvazione,201
papi,264
fingere,12
illecitamente,172
velino,62
aroldo,646
gabino,80
foraggiare,144
genuinità,125
spi,30
agonismo,182
affore,38
gallerio,340
ritagliarre,264
eforo,64
capostazione,72
gattopardo,115
hinterland,249
ordinatamente,196
imminenza,35
sentivamo,105
verto,46
comunanza,247
assestare,43
osbore,617
modigliano,39
vicepresidento,107
arrivarere,270
gaggia,753
diligenza,54
antidrogo,36
figlioletta,417
anteprima,193
heston,623
fidenza,22
dépliant,38
sofisticato,113
coglare,72
alcesta,155
sacrificale,48
plexiglas,370
impazzito,94
ringraziamento,142
ammorbidimento,143
chiamiamole,283
rosse,15
annegamento,66
restaurare,88
ombrellone,180
spicciola,123
adorazione,371
curva,50
pestato,359
colonialismo,446
urbo,7
guardingo,84
dante,131
riformirre,243
paracadutisto,148
ini,16
ammucchiare,839
accertamento,192
guglielmo,99
inuit,25
ron,745
ecografia,299
ripetitivo,199
turbante,633
fischio,178
vizietto,349
racalmuto,482
montedinovo,181
pacifismo,210
sceglie,22
dimagrimento,203
patriarcato,177
flaibare,329
tirannide,307
surriscaldare,110
impazzire,114
colta,18
risiedere,33
prorompente,636
eccettuare,33
neutrino,242
suicida,87
cronisto,89
senonché,240
dignitario,45
utrecht,118
cabra,41
romanista,474
calorosamente,197
pratolino,997
chiamata,21
approccio,204
putin,74
faccare,335
tota,22
doppione,37
infittisce,44
emigrai,42
diametralmente,66
parero,62
nauru,70
fadda,147
cognato,589
cloz,238
procurere,34
lario,343
infiltrare,122
verme,255
rampino,279
chiedevamo,138
secolarizzare,169
stravaganza,1300
agroalimentare,174
bancarotta,55
barello,110
scomodare,247
scotta,440
gennarare,182
associato,31
scompartimento,69
egro,75
perplesso,151
maestrale,34
francisco,73
accoglienza,28
usurato,33
capitala,247
ravvedimento,88
economicità,503
delineare,188
amintore,162
moulin,829
monitor,99
frodo,26
digita,78
resterare,122
rampolla,128
azov,105
complemento,160
compra,101
vortice,48
subacqueo,90
victorio,100
bis,2
clementina,191
intersezione,304
insistito,103
capraro,47
accasar,50
cromosoma,220
sognavare,565
adriatica,140
rivincire,129
tenebra,28
vocare,40
aviero,336
tacire,126
manovrabile,140
crovare,880
eutanasia,81
quinale,46
rappresentante,107
esperta,169
angelus,31
professione,84
afte,38
colato,438
proseguo,43
east,44
vincenza,247
inosservanza,97
courtney,622
madornale,18
criticamente,481
perlomeno,283
modica,22
frontiera,18
svizzera,28
redigere,81
malesco,71
scritturare,693
rispettivamente,32
buddare,323
ingannare,265
capriola,62
colpere,66
ascreo,27
assistita,106
avvilire,443
isdn,97
bassetto,428
alatame,77
vista,16
prescrivere,121
tecnocrato,164
angore,408
cartono,204
differito,103
pallido,43
stock,38
natio,69
previa,63
immaginifico,1206
disgustare,298
infondato,221
avvicendamente,61
sauro,49
consultorio,78
morissetto,611
bassissimo,148
addetto,60
gismondo,290
georgianne,63
acciaro,211
ciccio,799
avvertivo,104
deserta,58
taco,44
ripercorrare,59
inquisito,295
salvacondotto,63
fiano,287
league,211
visibilità,47
duetto,594
roccia,281
walkie,184
leggare,122
maniace,336
burbero,24
simonetta,718
sviluppo,297
rinunziare,79
inabissare,159
benestante,106
contestualizzare,449
cone,37
alberaco,1291
bacino,75
argenta,300
vagabondi,184
greppo,212
malabo,51
corteo,110
ambedue,7
alemanna,19
rendire,113
sseldorfo,22
ovvia,315
retrospettivo,247
filmare,87
nore,33
stimato,13
manuela,465
teatridithalia,359
fugace,14
civile,10
alabamare,255
indebitato,162
fortunare,422
ariosto,54
parroco,157
risultavare,124
platonico,421
ripercorso,34
scheda,59
collegno,402
svegliare,253
sottratte,134
significhere,129
brigitta,383
milio,21
supporter,80
documentato,173
oggi,35
zio,57
interessato,104
scaricabarile,51
tavolino,19
islamisto,241
missano,66
luc,145
compresa,257
trae,17
direbbe,44
autorevole,53
appia,90
biglierio,16
precipitazione,195
ascoltatore,51
brillii,126
distrutto,161
distinguere,429
adeguatezza,394
defezione,27
andaluso,155
azzurre,262
dietrofront,45
avvicendamento,83
filmore,923
sfuggire,186
testamento,236
omosessualità,160
cassonetto,257
gerardina,188
radiocor,4
lillehammer,413
permesso,75
are,14
seduzione,746
riconoscibile,284
burocrate,29
blues,524
pablo,126
torrione,216
piero,106
rivendere,77
maltrattato,135
mecenate,57
tata,141
cantare,498
diminuito,209
impugnare,35
filosofa,129
immediato,78
discale,94
susa,62
ispirare,81
nicolino,1314
birreria,195
paesare,289
sovrapprezzo,68
john,637
berrà,520
adeguare,265
esecutiva,10
antichità,264
catulo,66
ardue,106
pesto,483
regionalizzare,453
isight,846
crogiolo,485
usanza,17
accorato,101
bentley,234
pseudonimo,262
coordinare,85
livia,54
occulto,54
cingente,52
classificata,61
dianna,140
cementano,152
fiorire,132
palesemente,251
incinte,305
disputere,215
riuscivamo,274
rocco,52
sgombro,18
controllere,74
fuoriuscito,108
monace,178
ignare,27
serre,91
estraniare,143
pensilina,98
ottimizzazione,680
quare,82
cospicui,116
telerare,28
marescialli,154
mortalità,246
traversetolo,436
ghze,88
celtica,50
trascendentale,555
esclusivamente,302
conformazione,613
contribue,184
mediobancare,167
boccherino,434
latitanza,52
thrilling,276
incompatibilità,276
scurito,53
magari,286
converso,20
chiamiamola,187
infanzia,32
riapertura,45
triangolazione,38
ministero,48
parlò,131
piperno,610
poborsky,398
coldplay,753
cipolla,23
frustrazione,282
benetton,104
simon,346
alcolico,104
peacekeeping,69
riguadagnare,162
griglia,43
correr,294
testimonial,90
sedare,79
casimira,112
fuoricampo,176
orso,23
esulo,22
riclassificazione,214
impatto,137
distanto,59
calabrese,154
baudelaire,572
fesserio,157
maleducazione,164
piacimento,31
supplicare,162
gota,20
annaspare,299
stente,37
affittuare,150
pessimista,81
aiutarere,299
direttiva,145
virus,265
rifinitura,33
credito,116
bartolomeo,355
modernizzare,197
suscire,134
esperimento,126
pala,49
claudere,186
fugar,417
misano,553
eriberto,496
santi,330
cimato,46
specificato,458
avanzatissimo,110
rao,16
secchiello,109
merlino,392
sdoganare,32
bonire,41
cucciolo,162
accurato,91
damiana,895
hancock,986
roda,58
monale,44
riuscì,21
richiamato,73
mettessero,106
conviene,83
andalusia,174
siena,147
elettronico,73
lufthansa,75
portasse,176
corresponsabilità,294
acquare,85
oppressivo,403
antiveggenza,32
premesso,190
contesta,103
standing,144
fortificare,256
scivolata,159
gira,159
principale,15
mutevole,794
cibai,55
encefalire,216
vecchia,15
giuntare,54
echino,165
norimbergo,31
ulteriormente,60
areo,23
metter,30
frizzante,490
figo,10
incollare,713
catello,711
recintare,463
bienno,14
pensai,120
vanno,217
rocchio,553
isolde,186
montgomery,753
manifatturiera,120
lealmente,197
dedichare,68
cola,72
contraffazione,192
raymonde,106
bacio,18
pago,4
ghiacciare,334
stampa,17
perseguire,176
aiello,530
predico,146
traghettatore,130
irak,138
dino,12
egisto,1
continuiamo,243
zingaro,46
attanagliire,98
motivo,45
rubini,406
eligio,48
rossinare,719
umile,71
comincio,129
bagagliaio,109
esistenza,283
desiderabile,451
mannello,865
sfacciato,535
detre,10
rovesciato,60
distesa,542
coerentemente,726
criminale,192
agroalimentaro,131
geometrico,363
sfuggita,56
giudicata,34
sundance,504
shevardnadze,151
velocisto,278
seme,30
rifilare,388
automatizzare,117
significato,254
crescere,82
segnalare,81
errere,669
incalcolabile,200
rolare,482
minuscolo,275
potenzialmente,308
fondamentale,281
perfido,287
trovatore,40
retroscena,85
secondariamente,507
ubalda,29
esaustivo,146
palazzolo,104
controproducente,535
abusivo,82
aviere,323
trentenno,243
elvetico,15
fraintendimento,410
cloni,37
melania,654
vile,214
mito,177
ifa,10
economicamente,159
irpef,184
arpe,146
verbale,55
omologazione,575
frame,60
assolato,187
variopinto,371
ina,10
rallentatore,71
mediateca,60
stimano,26
berretti,325
rappresentavare,322
agrigentino,367
selva,11
riferibile,257
approfondire,174
halliburton,54
pronunciò,31
broccolo,519
pessimistico,221
nottare,117
com,134
allestimente,242
precedere,87
disavventura,78
discesa,58
estimo,48
porco,24
spagnola,38
liberare,135
assumano,18
madrid,73
eldorado,32
massachusetts,168
gratuire,53
supplica,12
sterminare,262
padrona,110
tribù,50
sporcizia,325
riff,206
land,70
riconvertire,138
cassandra,177
esposte,50
donnare,1055
folklore,241
formaggio,365
impressi,236
operaia,109
legiferare,175
membro,34
palpitare,609
sedile,261
committento,87
mosco,79
nicotina,408
insultato,33
cristiana,241
cronometro,193
responsabilizzazione,465
coordinazione,70
dispario,42
autobombo,132
insistono,97
pattuire,204
autopullman,160
incoraggiare,134
bisonte,121
giochino,142
esposre,63
costernazione,41
ricominciare,84
rapportare,626
ailanto,45
sabotatore,44
invitere,119
infro,132
abrado,96
scorrazzare,622
elefante,123
alex,12
broker,115
cispe,4
laburistare,100
silvano,140
trait,277
pub,13
spire,132
periodicamente,79
baio,471
rinare,167
inverno,44
savino,71
doppiamenta,138
lettonia,19
inascoltato,38
saint,112
disegnare,194
ometto,64
antisommossare,88
annuo,290
risanamento,131
immaginario,955
schierare,105
coadiuvare,35
spongiforme,280
liane,12
bolivia,195
chamberlain,515
occupavare,101
pessimo,69
superleggero,362
ambiento,28
dislocare,130
sadomaso,203
microfono,149
consentirebbero,507
contrabbandare,107
carpanello,1486
somministrare,341
organizzira,27
difforma,314
aulico,46
comune,41
minerario,206
nalles,138
trio,437
dominion,42
aspetto,203
palmare,131
diga,60
complementare,422
spermatozoi,382
golo,73
ciad,7
gioioso,345
conferma,130
stemperare,318
condomino,60
irpeirf,191
alante,485
progettazione,352
tangentopoli,71
omosessuale,62
riallacciare,48
apprezzato,145
eversire,191
progressivo,357
wars,156
scartare,103
inoffensivo,128
ricamo,387
autismo,224
technology,271
anteriore,72
senatrico,119
autodefinire,171
catalitico,104
massaia,153
americano,149
massacrante,73
sintonizzare,69
prendessero,104
genitore,163
fregiare,35
tempestare,87
effettuato,144
renis,24
assuefazione,466
stampato,82
distinguo,169
privato,83
ram,93
vicendevolmente,280
comunismo,369
omologare,122
cape,115
silenziatore,78
vignare,160
autosufficiere,113
beghino,73
tamburio,81
buzzone,281
henrique,122
presentandoso,35
concretamente,273
mussoliniano,168
avviare,145
mantovano,245
ematologia,178
giachetto,758
approdo,19
polemizzare,226
walker,563
antiaereo,154
disonorare,283
microrganismo,533
necton,97
longa,50
sorprendare,427
concedare,25
virtuoso,15
lvmh,72
agostano,105
goder,133
ferma,55
disporre,200
decade,13
malauguratamente,354
asserito,214
pubblicitario,57
candore,620
legalizzazione,230
avvicendare,29
irrinunciabile,201
soprannome,201
agro,20
biglietteria,110
polimere,102
sfiga,218
proporzionalmente,229
ruggerere,63
fallimentare,22
scadere,66
feronia,68
impresse,47
guscio,201
desaparecidos,21
rivelare,104
granza,63
luare,269
vicepresidente,84
antico,227
cdu,55
molleggiato,87
lifting,179
crudo,132
paletto,9
sparare,264
plagio,41
haider,64
polarizzazione,413
bell',262
mercé,144
saprà,37
gozzare,24
moderatore,22
insigne,108
zelia,188
sanguinetto,448
gruppetto,98
fuoricorso,9
ass,130
mediocrità,259
attentare,117
sosterrà,86
uditorio,26
arancione,257
fiorendola,353
sulaimo,135
anteponere,252
netscape,75
sardare,281
riallineare,192
dignitoso,60
buena,110
concordatario,167
candidatura,70
bordelli,92
coordinatore,151
afflusso,30
battistina,764
ricollocazione,447
uruguayano,158
cardiologo,176
elaborazione,105
prudentemente,284
imputa,77
interpellate,9
sinfonia,145
inconfessabile,615
barcellona,247
degustazione,261
senatrice,113
commediante,93
sospettoso,139
comproprietario,51
rivelarere,192
tartaruga,122
evangelico,212
rieducazione,102
frizione,43
retina,267
dara,23
rimanenti,126
nullo,99
civetta,20
dovizia,37
stragista,117
donnina,172
incalzare,176
calcestruzzo,204
schuss,112
cutaneo,542
terapeutico,282
discorsivo,295
han,68
paradiso,6
scottante,68
granito,375
panoramico,308
reintegrazione,142
conveniente,337
rado,7
casaccio,534
delicatezza,232
cartaceo,175
sgretolare,139
diserzione,35
elisiira,67
accudire,268
cirello,30
saldatura,146
appagare,312
giurisdizionale,272
spartiacque,84
placet,2
tradizionalmente,137
sonnifero,310
boema,61
gestualità,648
boschivo,96
assoluzione,175
sconfessione,172
apposta,69
controcorrente,94
lione,19
rovento,33
indigenza,132
carmela,923
candio,22
surclassare,144
voge,101
astengire,39
impoverire,134
sola,3
mobilità,264
rita,74
concederà,23
vincente,92
abb,39
sciaccare,1508
pierrere,237
benedire,65
saga,107
vituperato,194
casetta,408
vertebrale,212
puntiglio,61
calzolaio,50
franceschetto,827
padrino,169
petrolifera,54
opportunamente,208
portandolo,15
rifermento,91
speronare,159
prisco,77
veduta,5
trauma,104
accetterebbero,374
ragazzini,391
momentaneo,57
gazza,152
pizzutello,750
passività,83
sebo,87
mischia,198
praticabilità,763
assediare,144
istruttore,189
e-mail,35
tramontato,167
nutro,68
eressi,69
issino,38
ricognitore,177
maura,306
ventiseienne,428
spente,113
cancellierato,107
segrino,295
maniera,141
amalfitano,257
calamitare,45
colla,99
tarocco,331
soda,17
entusiasta,164
discendenza,203
bastardo,454
vague,24
emergare,247
accasare,145
rilievo,80
cusare,87
legittimo,149
frugare,138
esule,39
diplomazia,35
telaio,126
religioso,279
amichevolmente,44
sannio,56
ignavia,5
violerebbe,120
cisare,67
traspare,168
bollire,160
rapprese,18
colon,100
clientelismo,366
cheto,3
arzana,147
mento,39
omeno,131
discoteca,103
attorniare,261
eclettismo,785
dema,87
servato,10
aliquota,212
sguattera,242
autodenunciare,130
operatorio,122
utilizzato,347
concitato,226
determinismo,725
fotomontaggio,189
sollevamento,112
distruggere,106
intramontabile,76
cesario,245
testato,27
massimalismo,803
onassis,176
fotografico,234
crudele,69
profondamente,53
industriale,112
sodo,6
esoso,12
euripida,208
carroccio,134
bartolo,234
clonazione,137
pillare,99
tenebroso,338
selvagge,11
ugualmente,228
cologno,202
smania,40
scattere,150
bizza,39
sfare,14
giovanne,219
toso,190
spallone,369
borsino,109
autostima,36
frediano,258
tendere,180
palmiro,82
assolo,37
ingegnoso,233
sgomberare,135
spregevolo,278
facendogli,56
tocchare,68
arolare,433
lacerare,176
districare,87
ricciarello,1399
postulare,263
fola,24
orsùo,144
ersilia,40
allusivo,438
rafforzere,68
penalizzato,252
augurano,103
medicazione,187
alveo,14
moda,93
inagibile,89
giurre,131
milord,676
jugoslavo,90
sebastian,122
impellente,255
polifonico,315
spalanzano,14
troppa,148
cortese,37
oco,46
lavorio,15
elettrica,56
filosofo,308
superstizioso,631
considerere,597
periferia,111
assodato,65
reiterazione,461
teatrino,131
nasi,35
simposi,173
servilio,258
fucilata,136
chiarire,297
dolcissimo,851
gabinetto,19
telelavoro,200
petroliero,31
ascendenza,211
carré,418
abc,64
privatizzazione,178
irriconoscibile,292
cosicché,261
antagonismo,714
imprenditrice,60
benintendere,307
natalino,357
acca,10
concerre,18
franchista,166
federe,55
copertone,325
columbus,755
adottabilità,437
assemblea,96
discrete,101
neutra,71
urlavare,606
amante,383
ricreazione,132
maro,106
crepe,11
leonello,848
loano,185
souvenir,166
simo,19
tremae,66
ascanio,84
pubblicato,170
savia,65
epurale,56
legname,38
iole,230
ecologista,22
trattenere,197
destra,272
testardaggine,389
frastornare,285
fisac,165
ligure,84
involontariamente,787
tuppeto,53
cautamente,171
schegge,6
iscritto,38
dote,81
sferrare,110
vacanziero,57
holding,207
denice,332
concitare,454
aggiustamere,217
fota,502
indegno,447
codicillo,13
combattente,173
totalitare,100
attengere,475
pantare,295
rifuggere,395
ribaltamento,212
capisre,113
gaeto,6
pagante,27
spare,134
destinato,126
millantato,78
bendato,186
telone,457
potare,82
insolubile,65
bacchettata,163
produttivo,212
pecco,23
ipse,107
barese,444
compiacento,129
estro,198
fruizione,226
eversiva,110
insorgenza,173
confidenziale,84
stragie,71
avveniristico,335
boia,34
cacce,21
baca,35
genealogico,338
pronuncia,97
amplificatore,171
segantini,760
correndone,274
ubs,88
abbattare,27
stufire,214
svolsero,65
offrere,42
sconsigliano,99
tenendoso,49
tin,32
perversione,254
secolo,93
binasco,52
rottamare,74
unilaterale,54
validazione,380
adendolo,247
verificheremo,108
egre,39
attualmente,44
baez,781
furbo,107
dittatore,82
milledue,42
glasnost,10
wyoming,150
compromettente,94
preservazione,199
strangolato,100
milanista,457
manifestazione,100
franchising,58
fatah,156
argon,102
chissà,382
distanziare,21
everest,196
incontrollabile,584
consultore,50
secessionisto,162
dondere,439
apocalisse,27
guarino,541
paggio,142
disertare,80
sussidiario,87
arrivaire,184
bino,107
offerente,48
piacciere,289
erro,33
rotazione,16
confisca,28
motivare,210
tonno,145
oro,22
gru,9
elettrone,168
nonostante,91
unite,37
bolseno,198
benzone,681
nitrare,132
ottocento,123
vorrere,249
puntualità,52
ininterrotto,42
compagna,295
protettorato,64
duemila,119
inibire,181
corrido,92
attonito,255
usura,58
frazione,156
abbronzato,147
reazione,95
porto,126
antivirale,365
covace,72
eroder,268
stiva,136
antipatica,223
trentadue,158
multo,20
novarese,331
ripassare,211
comprensibilmente,585
mariagrazia,392
chiesa,182
collassare,74
dinamo,255
leonio,13
patta,22
ammasso,296
simmetria,78
turba,67
augura,22
comprendente,159
diagonale,110
francese,127
sereno,55
ingiuria,133
lettrice,16
orecchio,80
completare,92
puntualizza,131
stretto,23
alfiere,169
inteli,45
graffiante,1025
persuase,315
aerato,132
gerarda,189
campanello,44
vandalico,52
rimorchiatore,173
apple,129
perdire,28
basilio,256
didattico,181
abbordare,198
sposare,128
bloccato,101
folle,206
dispiaciuto,202
risalivare,159
dammi,4
alamario,161
applicare,227
sovente,602
uccel,7
lilia,57
interloquire,143
tamburo,17
kahn,130
pinter,174
termoelettrico,267
terrorista,157
look,120
tana,47
lugubre,376
topico,197
ciclistico,144
stravolge,76
bandole,75
delinquentio,141
catastrofico,99
angelettare,134
armamento,87
furia,69
egitto,119
eduzione,224
cucciandone,264
suzanne,598
vertenza,81
meravigliosamente,987
programmatore,46
lance,34
mandate,22
meina,37
stars,495
ritirare,36
morte,86
ferrazzo,407
trattamento,37
bracconiere,191
minoritario,280
gramare,434
irreparabile,179
macaria,119
estrazione,41
regionalismo,468
supervisionare,49
convenzionato,58
papalino,340
berlutio,110
comunistare,242
antonio,43
contraddistinguere,844
centravanti,631
juke,467
villa,145
misericordioso,148
rinuncia,50
fusa,15
debolissimo,332
condividere,256
gasolio,165
assile,11
niue,18
sport,53
costrizione,124
bitta,127
antirazzisto,116
dayan,130
recipiente,152
aggiorno,68
investente,144
toccò,13
duna,270
convenzione,81
cacao,84
speravamo,107
raio,103
intitolare,309
bossolo,42
esaudere,235
dissolvere,313
svettare,530
mancino,237
lumiere,323
prevaricazione,738
balda,33
travestire,303
cicchetto,517
traume,143
fesso,152
disomogeneità,641
turista,61
tizio,10
riscaldato,148
santiago,73
rispondo,82
lanciare,36
impuntatura,128
trentare,178
divertento,565
disponere,177
casto,256
cerotto,316
informativa,132
macra,32
poligrafico,45
suffragio,9
ermanno,47
insetticida,405
accoglimento,90
cavezzo,414
salgere,42
musetto,185
lavorativo,203
laureato,78
vibrare,251
cioccolatino,404
bicocca,41
alternativamente,140
arrese,188
elevante,69
povertà,96
irlando,40
specularmente,140
spinere,78
logistica,68
antiterrorismo,42
registrere,22
sceriffo,14
anatro,387
toltare,133
india,82
retrospettivamente,215
affollamento,55
ingoiare,19
pezza,127
emoglobina,323
venerabile,87
dimostra,34
gemino,85
proiettile,217
sheraton,96
punteggiare,166
clemente,75
volumetto,244
camugnano,356
insistenza,226
venticello,202
propizio,70
vulcano,101
feroci,87
sdoppiare,18
scalfaro,44
rendiconto,107
musi,23
ugolina,64
mezz,62
apogeo,57
meridiano,7
morivare,354
soubrette,676
minaccia,54
adro,22
nonché,19
migrazione,69
autotassazione,371
peduccio,506
bistrattare,168
monastero,261
orecco,25
cassel,55
centoun,65
pretendere,358
fosforo,229
cinemas,269
inenarrabile,580
ricoverato,218
cossutta,134
reperto,167
erodoto,195
esisterebbero,292
direggere,70
assisi,54
leucemia,322
elettore,97
nigeriano,154
invasivo,63
molla,15
buddismo,154
canovo,654
milanisto,312
malgoverno,156
addolorato,144
admiral,125
venivamo,87
pierluigi,60
minigonna,397
trafugato,77
giustificare,416
palestro,228
antemio,0
accettere,260
ripartire,82
ingrato,78
selezionatore,76
casta,58
innocui,188
svoltosi,89
stantio,60
ballata,664
squarciare,341
squarcio,99
duellanto,37
abramo,73
fuie,32
discere,452
rosee,9
librario,131
disarmato,143
commissariale,66
igiene,29
creatività,299
fegato,441
combattimento,227
drammaturgo,558
estensire,67
dadini,322
collana,288
vena,287
alale,153
nacquero,58
franco,49
sindone,48
gambere,70
arrivare,159
avvii,179
tribune,20
erminia,658
sarde,85
eccetera,1
confermare,203
libri,91
lacuale,65
anglosassone,134
barletto,170
vitro,338
inestricabile,327
senio,171
guidatore,39
rinvenuto,160
vano,21
ludoteca,125
ingiusta,181
engineering,218
dominio,93
politicizzato,429
posticipare,98
dirigistico,569
portandole,2
intendiare,198
preallarme,76
pescara,388
disturbano,98
indissolubilmente,253
valido,58
toare,28
inattendibile,190
amalfi,45
austriaca,158
expo,6
tregue,442
spruzzata,246
intensissimo,170
divertitemene,1142
denuncia,71
viviare,54
attuare,279
thai,33
attinenza,151
aggiungereo,430
imprecare,309
life,140
destabilizzazione,407
perot,61
drammaticità,331
roselo,114
reggio,327
gratitudine,209
riso,225
riveard,66
gramse,86
alludere,274
zinedina,718
bouquet,257
tale,1004
belize,14
terremotato,60
grafico,323
nascondere,140
attese,55
populisto,369
fumagallo,228
chiedare,239
titto,501
votare,94
suor,100
resecarre,216
crescendo,160
risarcimente,54
inviso,33
plath,532
salute,32
pretto,558
budello,140
inverosimile,427
tormento,201
ammalare,314
monitoraggio,187
affiorare,406
appartamento,176
querelare,173
rovereto,211
psichico,199
capone,514
anuro,19
compressione,904
centrifuga,73
ridondante,906
evangeliste,159
esistenzialismo,776
fornivare,77
fortunatamente,332
notabile,43
inviperire,182
decentrato,417
gradire,217
entrambo,5
gsm,32
occulta,21
pesos,140
cospetto,219
mulino,48
valona,5
cortelleso,710
raso,8
costumista,860
perforare,92
micidiale,170
lucidare,133
concordato,282
psoas,220
cerniera,17
sorseggiare,766
allargare,41
sostenire,139
lindare,714
soluzione,38
accordare,337
inaudito,167
sciacallaggio,134
nichel,19
abbassamento,226
liberalizzazione,267
scattano,69
fantomatico,75
inganno,36
addare,95
distorcere,276
blockbuster,270
inazzurro,566
biancone,901
bielle,254
tonale,88
fraintendimente,396
coprono,27
atmosfere,214
deludo,41
priorità,74
raz,1
stratosferico,69
cominciarire,95
annunciata,38
implicato,283
dinamite,136
html,68
gentiliano,135
affare,5
esageratamente,351
confindustrio,81
commuove,144
citaristo,315
lastrone,459
autorevolo,81
bosco,128
atterro,68
deterioramento,300
cerine,166
sbaragliare,122
refe,7
shuttle,71
inavvertitamente,235
giornalista,50
noia,98
fiscello,73
gato,38
veltrare,122
giampietro,636
national,122
civette,108
azzurro,138
falcinelle,104
sornione,854
barlume,45
autorizzato,50
sfruttamento,108
addur,130
metterare,227
calendario,71
spuntare,286
sky,33
federico,131
cerner,29
quaresima,213
tendano,98
tudisco,46
sabotaggio,44
ternano,315
obbligatorio,124
collaborazionista,84
innocente,152
flusso,31
inconsulto,48
tout,13
fide,15
investitura,80
andino,400
dota,14
utilitaristico,812
dogana,12
gagarin,65
dissociazione,44
contrattacco,49
ostruzionismo,161
sushi,9
longobardo,332
eichel,131
magione,318
pornografico,91
gusto,102
parapiglia,838
datala,48
premuroso,300
saltare,161
beolo,129
nascare,22
politica|politico,75
nucleo,2
ditta,60
soro,35
abolizione,90
accisa,279
falce,134
remunerativo,452
mordente,70
bagnolo,110
inedito,174
indire,38
epitaffio,256
compassato,506
adducere,73
assolere,142
saggiatore,98
scombinare,141
veno,162
thao,182
conduttrice,157
semola,20
architrave,101
peste,165
altipiano,89
spietatezza,545
clinico,288
basaglo,13
bartale,75
aizza,60
diplomaticamente,51
costanza,68
continuativo,115
sessantacinque,177
avvisaglia,47
propata,19
piergiorgio,499
gloria,27
manganello,102
rivelere,50
capeno,336
ritrattare,199
oncologico,279
immemore,46
infangare,371
superenalotto,184
sdegnosamente,254
annebbiare,124
borgarello,1096
ferocia,126
fabbro,171
vinile,91
tassativamente,144
posi,5
perbenismo,872
intollerante,442
recitare,66
delittuoso,105
sberleffo,282
pienone,256
lungamente,42
eccessivo,251
trasferito,46
odio,201
proseguire,106
annata,43
introduzione,137
rinascita,67
imprudenza,128
scontentare,644
tempismo,66
eventualità,120
laterare,32
conducente,147
adenire,105
tessitore,10
garantiscare,397
orca,465
honduras,187
pira,107
petulante,475
poligamia,21
votavare,94
stordire,933
scavo,48
revolver,43
commemorativo,101
guerriglia,229
liberalismo,535
snack,60
dettoce,269
esenzione,303
negro,8
generano,113
amario,18
bolton,272
cartello,35
sutura,73
barbaro,101
intensificare,50
accorto,250
internazionalmente,137
durezza,230
irpinia,119
alteo,77
garden,12
stravincere,89
costone,98
appaltatrico,126
dovessare,257
vantaggioso,161
sore,43
coniuge,101
gasso,25
edicolao,58
trasfusionale,384
vole,32
status,17
alì,7
fintanto,169
scaglionare,56
tommasa,8
tramite,21
giustificabile,592
pulitzer,377
telecamere,82
olga,98
piersilvio,132
rossini,270
calzaturiero,71
ricapitalizzazione,394
bidone,232
miee,11
dimostreere,78
rinuncare,84
certificazione,366
aizzace,161
mollere,366
tornaconto,24
assordante,97
morricone,612
patronato,44
tonnellare,122
coltivato,81
straripante,30
lancia,22
balla,41
asfissiante,104
paventato,84
distrib,49
devolution,41
indissolubile,146
dadaista,322
unificamele,10
traire,151
frustrato,60
delaware,345
castelnuovo,574
polara,27
raie,82
inquietare,352
dimetro,9
sconcertato,218
rapido,71
mail,19
spigliato,946
tardivo,103
bnl,120
dotazione,127
cambogiare,129
inclinazione,1179
balenare,76
fondiaria,158
mariare,742
ostra,6
semento,205
mitragliatrice,323
museruola,176
stellone,80
pedro,45
scoppiettante,440
dominiare,143
connecticut,166
arnaro,27
obbligazionaro,128
passionaria,198
hawaii,74
balene,72
fortune,8
pastoia,23
bando,15
trascorrere,122
polemista,131
diretti,89
disciplinato,178
felico,12
travagliare,126
dilatato,209
isolamento,97
investire,115
costoro,167
carbonico,243
inglorioso,18
proclama,43
goloso,273
irmo,32
condivise,257
estirpare,95
gela,9
aureliana,162
sedici,136
assortito,596
sbandierato,64
riferivare,177
collera,194
robinson,95
rights,52
farnesina,51
bagno,67
microcosmo,456
realista,80
pirone,229
contaminato,288
desiderato,99
analitico,479
abbreviato,109
canalizzazione,581
balde,28
ansale,70
michelo,495
sedativo,227
uria,17
mac,352
vaccinazione,319
versatilità,440
conseguere,210
profumare,516
anestesista,191
pregevole,217
ottavo,135
creepers,156
palizzo,404
chiere,411
ape,11
teenager,221
monetiamolo,71
ics,60
stracciato,209
gionare,214
contratti,140
fino,34
sloveno,96
seguito,65
olo,32
tartan,68
beneficio,170
elettrosmog,37
zara,103
ineleggibilità,223
pera,118
argentare,391
background,189
zellweger,546
peraltro,561
unionista,79
bitterai,17
doga,206
innominabile,163
discutibile,474
condi,13
congrui,124
dogmatismo,812
uffizio,63
rockefeller,562
familiare,63
gonfiato,104
stere,65
erchia,59
formidabile,106
villano,804
programmazione,75
alcolizzato,202
giovanissima,156
scapito,147
licitazione,48
ticino,212
preferì,33
picnic,187
pechino,85
fidanzamento,87
anotia,664
tuccio,296
litoraneo,275
missoure,178
baressa,329
mediterraneo,77
geddo,36
tema,72
vergogna,137
deliro,319
contrapposto,330
stimole,73
dedico,20
home,237
baghetta,184
collabore,29
carlo,158
elemosina,53
precoce,133
conquirre,138
lavorarere,137
ruge,8
accendere,103
restauro,78
ombelico,73
ampio,37
appuntamento,116
contrade,6
parrocchia,104
animala,414
calde,53
auto,104
mayo,70
quindicinale,220
razionare,115
buondelmonte,413
discordanza,200
psicopatologia,346
costello,123
cercatore,75
sbarco,55
autodidatta,366
tardo,39
ridendo,35
sfocato,484
avena,300
tarare,49
respirare,176
incriminazione,274
recessivo,236
mississippi,106
parcheggio,253
concretizzere,54
ricostituzione,127
confino,43
ordinario,19
pittsburgh,191
jordan,743
cabale,83
amoroso,273
carteggio,109
langua,58
ufficiosamente,105
tentere,60
solidarietà,47
unano,9
cinquantesimo,125
addolorare,158
annidano,84
diciannovesimo,124
cheryl,18
compagina,22
corro,13
cassiera,652
reattività,294
ebook,242
dannare,224
porger,28
improduttivo,400
piggere,260
poveraccio,372
rui,255
forcella,96
procedire,41
modernissimo,116
conferenza,55
anima,23
purezza,668
interrompire,76
giancarlo,89
dicente,135
propulsore,29
spaventoso,299
lettino,36
soldano,98
repentaglio,38
rescindere,208
gauchore,97
precludere,471
soqquadro,197
contraddicere,479
evadere,48
sicilio,48
fusta,469
falsificare,138
astato,47
tratti,111
appaiano,192
telmo,43
bragotto,244
arizona,171
bacalo,323
muoio,52
abbacinare,35
distinzione,346
luminare,68
procurato,81
guado,36
west,47
consumò,46
plebiscito,25
venute,14
palese,67
tartarino,893
otone,118
cenadi,38
eroina,66
imputare,121
donna,151
anormalità,189
norvegese,62
obadia,14
millantare,65
tevere,425
negoziatore,79
esercizio,26
magma,231
audio,78
ottusa,565
cauzione,27
promemorio,71
pascigli,255
bicamerale,154
rugosa,100
fidanzato,468
taschino,314
infarto,294
cancerogene,461
giannino,441
imponibile,463
gabbia,25
mirca,15
crivello,196
peloso,71
reddire,278
incremento,384
pompiere,68
affidato,32
ermeto,64
riduzione,298
inscindibile,287
vento,40
fingile,116
petrio,266
suscettibilità,293
chiedergli,303
materialistico,1197
possessione,96
abbandonò,118
faust,143
befana,43
carcerare,108
avvenimento,56
vaghezza,160
thompson,765
esploder,51
menzione,29
mara,68
dislivello,111
indigeno,148
perlustrazione,251
aragonare,236
speculativo,116
sicario,93
mandata,14
protestante,206
chiuro,46
storace,116
erezione,257
trafficato,147
granducato,31
incursore,118
ambrogetto,48
castelluccio,673
rivitalizzazione,660
ingiustificabile,428
revisionisto,184
postino,85
morari,4
ratzinger,112
ventenna,348
adulare,99
circondare,426
allentamento,345
feticcio,702
affidamento,161
epurato,21
languere,36
economist,63
thelonious,904
muso,3
originaro,22
cado,53
bipartare,16
niger,147
ambire,20
truce,123
chiameresti,220
aguzzini,204
rincaro,135
modifica,209
grazia,32
bastato,60
alfredo,63
meccanico,19
vicequestore,231
economica,118
postonico,98
biblico,62
messinare,672
mora,4
alterno,13
assunto,96
interrotta,62
ritocco,81
albright,61
bonifico,44
piissimo,131
inclino,660
brancaleone,160
spano,491
miriam,96
mah,17
rospa,74
tremendamente,143
decennio,94
triei,9
disattivare,92
aggressività,410
erotismo,901
colmare,8
densa,101
cospiratore,75
continental,117
lionella,79
latifondista,47
riempie,131
gin,6
linfa,43
cassano,534
asteroide,178
leningrado,57
misurabile,593
stoccato,11
ricompensare,89
fratellastro,131
city,21
rigidamente,196
fallita,11
vladimiro,27
brindello,618
preposto,173
concettere,188
cazzare,312
ricchissimo,176
avvincente,464
leandro,540
areasso,45
ovest,64
procuratore,116
exchangere,94
sardegnare,150
endurance,121
china,4
sfuggente,573
viareggio,233
sarnare,65
esclusa,6
bisetto,99
kibbutz,132
amar,138
renale,251
mcdonald,62
task,15
rodriguere,194
usuale,117
carosello,383
trabocchetto,61
viola,417
cambio,23
possibilirre,349
filastrocca,777
ameno,8
ininfluente,174
modestia,246
indebitamente,222
emozionare,575
catalogo,289
tirrena,79
particolareggiato,274
rimbalzare,89
yemenita,203
atalanta,520
confronto,88
maceria,132
deregolamentazione,774
oceania,59
moschetto,622
stazionario,128
interpretere,681
patriote,77
collezionare,137
musulmana,199
professionalmente,234
diabolica,201
cinegiornale,181
cintura,115
barbo,131
raccolgare,91
mirale,15
sostanziare,411
contravvenzione,358
usato,81
dannino,277
sostituito,25
pistare,150
ricordato,53
amicale,114
troiai,162
fatto,692
pieve,193
disciplinare,228
sedotto,104
assommare,90
intermezzo,271
alpini,40
salisburgo,113
dotto,43
voglia,320
angolano,41
insinuante,487
autogol,247
darwinismo,651
statuale,340
rivoluzionario,286
cicco,46
istituire,109
rimasi,41
celio,117
controne,154
inciampo,116
allegato,119
bibbia,50
aversano,82
contemplazione,1170
agosta,321
paradigmo,628
cono,6
sgabello,698
cavo,91
licenza,43
cappuccio,236
trombone,77
metrovia,160
turbolento,51
insuperabile,132
bulgaria,85
blakey,717
fassare,136
reperte,128
ceda,4
johnny,747
riformisto,231
intellettivo,177
capillare,125
stilo,86
trascorso,51
diseducativo,388
doganiere,26
passant,32
scacchiere,13
lealista,156
perfezionare,92
neill,62
dividere,118
corana,58
impiantistica,203
inquinamento,195
accasciare,590
genetisto,155
raccolre,32
parre,23
cronaca,33
immeritato,120
alpi,7
lukascenko,89
popolarissimo,160
azionare,52
caricatura,432
ingenuamente,642
calcagna,229
calata,21
chiesto,77
grintoso,696
flauto,498
peso,46
aster,68
golpe,45
mensa,53
gonfia,23
gallucci,41
malavoglia,99
ava,86
affermavare,266
contere,126
anticolesterolo,443
aprite,43
altuccio,76
calore,79
herzog,324
servile,151
calisto,77
infine,196
saccho,76
modulo,17
dinosauro,128
mordenzai,109
atp,12
sindaco,96
leggendario,784
calciomercato,298
astenire,54
eccedenza,318
steppa,577
congestione,249
immorale,499
visitabile,222
schieramente,230
insorge,13
sgomento,194
nenno,82
burlando,64
normalizzazione,437
frammentare,463
fervire,33
attribuito,88
palchetto,470
istituzionalizzare,857
ammale,176
ortofrutticolo,153
consentivare,288
accademio,95
donatellare,488
salmour,763
gridare,306
metodologia,370
dopotutto,109
teorema,29
transenna,527
titola,13
occasionale,75
oscillante,50
giacimelare,52
gratificare,104
mausoleo,65
faune,54
unanimo,39
gollista,143
niet,0
subite,57
esista,70
pilota,73
stupefatgere,325
retorico,519
ana,29
imbranato,129
tragicomico,263
kinnock,51
raffico,29
mania,204
talento,209
sobbalzo,22
neofascistare,126
annamariare,536
cingere,502
chip,53
reinterpretare,67
solerzia,60
minibus,26
rotore,187
mitocondriale,448
pulizia,12
forcello,263
impraticabile,188
propaggine,110
seminterrato,374
pudicamente,353
fondale,282
schiave,63
afroamericana,125
creta,35
introdotta,133
psicologa,96
indigente,100
assiria,111
sublimo,474
allodola,103
down,50
innaffiare,279
impedari,41
depardieu,243
penitenziaro,36
buddista,152
sian,25
tele,92
grandemente,607
scogliere,95
ammirevole,303
scanio,144
alemanno,73
ali,94
lorello,1054
gsf,29
espone,30
cobrare,118
corridore,118
costituzionalità,383
impresario,301
aliasre,408
razzistare,212
opus,18
chianno,230
commento,42
desco,5
immobiliare,165
incominciare,142
ultrasessantenno,136
nives,173
fabrizia,709
rieducare,85
lastra,122
incertare,186
paradigmatico,1163
colleziona,119
tirata,35
centrodestra,202
empo,3
specificazione,962
fatterello,22
tira,22
buffalo,45
polio,110
hamster,159
denotare,65
scorgere,510
variabile,190
bersagliare,156
office,28
bersani,75
sampras,503
benessere,193
insinere,119
gabella,171
profudere,77
mediasso,264
fiorentina,524
utile,22
freddare,130
chiameresta,279
banana,33
svendita,46
ninno,4
angiolo,412
santhià,348
profondere,87
sostantivo,76
roseto,198
biglietto,64
sonia,75
iniettare,345
tratto,59
neoplasia,436
degano,103
psica,209
pallanuoto,391
angelo,115
ascolto,51
cornuto,241
sfondo,15
commerzbank,193
installare,116
oltranzisto,234
maniero,528
giocatore,363
segmento,97
cabinare,39
antimilitarista,344
stremare,140
ramon,151
gelato,329
liberista,372
ligurare,75
virato,22
personare,128
dibatto,30
distinte,287
farmaco,264
nordista,85
dateci,46
odorare,441
integralismo,499
tergiversare,180
solco,28
nereo,54
dominico,216
balzare,37
islam,134
schivo,96
cartare,37
correo,24
sardo,67
chicca,124
arar,247
snello,86
sciita,164
verticale,59
matteotto,62
indirizzato,53
medical,68
detenzione,132
stupendo,699
equatoriale,50
color,526
marchio,31
registrato,41
rimare,66
difformità,496
metaforicamente,686
burgos,193
batiale,366
volgire,109
indebolire,137
aureare,20
mattarella,436
giustifico,226
zelanda,133
ginnastica,103
prepensionamente,294
differire,82
pescanta,38
thriller,263
caratteriale,643
maroso,20
fiammingare,83
intimare,74
presentimento,132
piombino,105
sensibilizzare,88
serio,72
macroeconomico,171
clix,67
sbilanciato,71
mangano,127
dongo,150
riaffiora,160
eluder,240
manovra,30
rimuove,8
graditare,193
indistruttibile,172
simbioso,314
cardinale,131
permanenza,40
incaricato,63
abbondantemente,124
intransigento,401
immigrazione,44
ginecologia,253
globale,37
poltrono,38
dormivare,728
timbrico,637
inevitabilmente,509
sassarese,553
capite,58
frettoloso,99
arista,669
oklahomo,42
adescare,578
laura,231
disponibilità,97
maniglia,781
settanta,179
inarrestabile,153
registratore,57
tortora,510
nascevare,237
landau,213
rubicone,251
corsia,29
orizzontale,122
incetta,42
distensione,109
inappuntabile,531
considerato,344
frivolo,372
liechtenstein,16
stradina,236
parecco,119
nominalmente,83
citazione,389
ife,10
kafkiano,474
seppo,39
merceologico,547
terra,57
velare,64
torturare,437
sch,152
esclamare,412
melotto,261
arsiè,47
torchio,21
tome,274
elasticità,362
livornese,114
noverare,114
danzatore,599
conteggiare,240
acuire,32
becera,474
risorsa,120
geraldine,483
nube,75
machiavellico,189
ricordavare,295
ginsberg,433
rigoberto,31
controsenso,421
chiacchierata,305
partitile,256
assonanza,116
emarginare,78
democratica',214
rissosità,470
carico,11
attore,402
scordare,599
portafogli,36
conegliare,913
sottovoce,286
cicerone,245
provvedimento,223
attenti,17
strilla,111
giustiziare,83
salano,19
consenso,34
recepimento,244
operatività,298
commercializzazione,323
costituenda,138
palato,267
cinquecento,95
giocata,229
riaprere,54
remora,19
emiliaromagna,117
ingiustizia,145
putine,59
camorra,123
isabellare,115
vociala,72
lanci,18
poolo,47
aggiornare,84
rudere,265
estemporaneo,206
materasso,703
centralizzazione,648
miglior,75
necessità,357
regimo,61
girone,153
racchiusi,174
jelloun,46
danila,321
miceli,440
desdemonare,172
ragionato,118
fiumicino,91
carona,1125
cravatta,378
motociclistico,135
sospendere,86
monotono,189
depuratore,183
apartheid,33
corporazione,72
magni,146
campegine,79
nordoccidentale,230
obsoleto,77
alanno,247
abbigliare,116
ispezionare,89
ranariddh,74
monzino,229
stagno,38
autogrill,78
rancio,11
hiv,83
salvare,93
mariso,932
spiegare,263
scandale,51
fuggitivo,344
liberismo,498
regato,117
directv,58
lagere,135
scenario,32
moretti,170
garfagnano,131
impegnatissimo,94
farina,133
giordare,295
balordo,429
tragicità,501
consultivo,137
realizzazione,242
stemma,221
cuoio,37
bipartitico,265
tariffario,129
scusi,209
gobba,10
popolarismo,393
riguarda,40
dolere,51
sbracciare,569
penale,151
vessare,206
autocritica,156
raccomandato,35
frantumare,120
segnaletica,92
calo,164
cimentare,450
oppio,15
gambetto,535
fontaina,33
agrario,14
alterato,518
galiano,38
bollito,419
central,44
fierezza,423
combine,19
vandale,74
farsa,74
doccia,33
rotole,496
altruismo,762
attaccante,612
busso,24
consumazione,60
sportivo,57
bengase,66
unifico,19
sconnesso,204
regressivo,616
moltiplicazione,387
redattore,60
fara,102
strategico,48
veleno,48
groppo,162
milita,36
imbalsamare,187
lasceere,62
menare,88
inquirente,165
subordinare,424
senato,107
chao,71
friggere,326
adriana,194
appor,349
assillo,19
beduino,165
bernino,400
irrilevanza,398
sudorientale,251
hyde,101
affaticante,91
civetto,219
provento,205
yoko,85
accontentare,459
cobain,289
fiera,85
arrampicato,199
sotterraneo,159
osar,15
delusa,57
duronia,88
recentemente,38
leghirre,104
rettificare,8
analgesico,469
forca,7
giraldo,210
raymond,140
siriare,239
indulgere,676
pietanza,118
miscelare,456
spropositare,351
baruzzo,985
zig,3
valre,4
altissime,30
caio,10
ralingar,112
ricomprendere,270
vastità,147
oleografico,886
asserragliare,297
federica,292
conservato,30
canterbury,123
turbato,82
obiettore,14
traversone,382
lemio,19
audience,53
terno,183
pirello,192
bronchite,123
tirar,23
starare,456
abatantuere,290
retroattività,515
simbologia,450
prescrizione,143
carpenter,1126
contrapporre,836
pedalatore,131
oncologi,142
piovani,221
pubblicizzare,108
olimpo,40
annue,163
ammanettare,523
sconto,168
galattico,178
ronfanto,325
quattrocentesco,408
willis,417
filodrammatico,132
eriger,282
cucco,534
fiesole,151
morbello,625
palaci,17
sinio,129
raggelante,775
verificare,159
ricettacolo,37
sesso,76
tenda,190
strema,84
asprio,60
adonia,218
occhetto,188
alternato,14
purtroppo,316
cellio,64
rimasero,123
dna,86
prosciutto,237
concessionario,165
stio,17
sibillino,47
odilla,623
cervello,257
battere,134
temiamo,53
beniamino,7
carso,107
incomplete,56
bioterroristico,75
padoa,32
pudding,506
virgilio,55
trota,262
abrre,85
bustone,194
tamburano,79
imminento,70
bottega,6
cantavo,87
trombonista,287
isolo,69
lake,41
venda,60
nestlé,24
salisano,217
augurio,58
tornasso,29
diffudere,56
integro,29
studio,136
napo,37
armido,122
incivile,224
provato,22
sferzare,206
populista,327
commissario,32
imeneo,213
parallela,27
lanzo,222
albertino,81
candelotto,362
aedi,24
xix,25
prere,196
trichet,204
budrio,8
amarognolo,144
macerio,85
assicuravare,111
partere,83
ted,95
bookmaker,120
elsa,32
settebello,343
confermerebbero,221
dispregio,140
ingrossare,76
cipollare,43
nordovest,142
decretato,92
stilistico,693
ininfluere,253
mese,123
tollerabile,255
falda,227
zocca,143
legittimazione,563
trivello,53
autoctone,69
emirato,128
castellotto,801
agnese,428
babila,39
come',21
magare,601
tara,21
ulm,72
verere,74
staccare,274
cenone,38
pianale,199
mortae,277
hollywoodiane,259
rischierebbero,102
party,97
crono,215
tranviario,244
paolina,271
barattare,177
pontificia,189
dismesso,165
distrazione,224
mafiosità,141
conciliabile,267
osta,4
seta,17
ipetro,23
pieno,3
predestinato,110
oltralpe,23
valicare,18
gandino,361
tumulto,46
port,39
intervenere,36
fabiano,264
motocicletta,191
necrologia,7
chiave,22
www,39
gerardo,39
fungo,337
emimere,65
fondativo,485
annidare,122
mae,18
prece,2
pariolo,143
tosco,238
primogenitura,30
elevato,246
tempio,170
tene,31
indotre,96
zaffiro,205
timers,22
alimentazione,300
cave,19
avvezzo,346
contavare,252
enclave,76
arenale,29
basao,97
chiarella,943
disarmo,57
chiarificatore,255
goffredare,503
talorare,870
manterranno,47
urlanto,363
carife,54
garibaldare,189
esente,35
dialettico,485
crescenzo,54
forzato,38
risa,13
ingrosso,190
popoloso,58
rallentamento,285
oltranzista,204
sostanza,222
astanto,40
ginno,45
parolare,152
agiio,175
pivo,35
brigatista,106
contenitore,76
nascerà,18
stupidaggine,461
dispiaciere,270
fao,14
tenore,47
ovino,178
loco,14
sexy,101
antisemito,144
vascello,234
partigiano,159
ridore,123
ridicolizzare,907
mettendolo,71
italiano,23
riuso,20
volontariato,87
saere,169
incito,53
smarrito,124
volla,160
accredito,21
arcinoto,40
estraneo,383
pozzi,199
partono,15
pontegge,16
trattavare,222
didone,228
terry,564
arrendere,170
uranio,52
generale,17
hollywood,226
grassetto,22
amplo,4
curtis,892
iniziale,22
coendere,248
eversivo,144
qualche,52
ricevare,64
elaborato,46
anoressico,387
balconata,83
pendico,236
discrezionalità,584
carare,209
distrira,122
fabio,73
ind,56
hopkins,803
pistoiese,467
ladrone,60
bengue,124
gonfalone,69
viscere,362
nuvoloso,153
linciaggio,336
fantasista,677
trasmettere,60
senegal,120
liquidatore,20
presenteranno,107
pianificato,43
scolo,194
montano,168
svista,4
verrebbero,141
strisciala,21
axa,123
ricognizione,91
assira,21
moglie,388
accorgimente,257
pescia,50
numericamente,223
anelo,68
sovrintendente,52
imprevedibile,369
vegetariano,207
drammatico,78
pena,64
tournée,149
bombo,57
porere,133
robusta,4
agguerrito,16
tir,49
ellenistico,490
mancare,163
fermo,27
martoriato,91
chiamare,49
conduttorio,102
melenso,1093
trac,84
dissacrare,404
possedimento,84
lasciato,101
digos,85
copre,22
sartore,248
paiono,425
aspro,60
genomico,190
intellettuale,210
liberatorio,238
precedente,58
sentito,138
vezzo,348
maridere,1402
ammirazione,251
intraprende,29
cascano,180
indure,150
davanti,47
scomparsi,119
jugoslave,115
adelaide,392
ermeta,36
eresia,133
muratore,89
corea,87
reame,125
minorità,29
baruffo,138
banario,100
mancante,33
barzotto,124
vietare,50
marcellino,873
guardare,160
rintuzzare,84
ritorno,12
bar,6
scharping,210
riduttivo,708
piastra,310
velocità,65
bieno,52
aura,45
insaziabile,514
compore,59
ppi,201
tegola,41
applicato,132
soffocare,350
collaboranto,52
auspicare,226
trentasei,151
xxii,48
laudo,34
siamesi,27
gettone,27
cesto,157
incentiva,181
antigienico,40
drogo,47
fumante,102
steven,713
ballalo,344
strapazzare,659
compratore,114
inviò,40
muover,6
scarica,231
capitanare,289
sconquasso,119
promottere,99
didascalico,482
pepe,46
transfrontaliero,145
lecchese,312
revisionista,229
bigotto,120
feisoglio,160
sangallo,79
rimorso,390
rateo,32
protezione,48
sello,88
alba,25
agevolo,112
molesta,139
poppa,12
reperibile,179
correvere,74
lirismo,862
creativo,297
segrere,25
litica,31
barbera,18
maquillage,5
lager,103
risentimente,279
crude,44
fucile,230
soccorrere,141
scheggia,83
rispetto,41
inconciliabilità,976
prerequisito,917
bifronte,11
rispettabile,206
gillo,398
collettino,26
parete,460
globalizzato,80
eu',28
afgano,213
burkina,97
lumen,7
nazionalisto,351
scortesa,220
asmatico,432
allacciare,79
camerun,126
gregory,494
connettivo,367
pretendente,56
bresciana,346
virulenza,111
sibillina,26
sballottare,35
espellere,42
cappo,168
alaska,22
guru,52
attardare,57
cooperativare,116
mazziero,162
humus,7
cuto,15
erudito,760
pitagora,335
cattolicesimo,424
proporrà,117
bismarck,50
telematica,157
gallo,257
herpes,31
miller,507
scomposta,54
remore,188
decifrare,139
gravandolo,23
minniti,172
locale,52
serenare,18
gestapo,150
classico,491
granata,202
anatomia,278
siberia,120
costruzione,161
sauditare,112
succhiare,607
detenere,34
pere,60
riunivare,60
noè,29
apo,253
europeo,66
comandamente,20
consultabile,178
lampugnano,55
fatturato,195
allineare,90
urbanistica,139
ganga,244
siniscalco,311
cela,5
desino,257
piccinina,172
straordinariamente,182
chiuso,37
nomino,33
pellio,288
immedesimare,370
santina,527
multisala,132
magistrato,219
galiziano,118
subordinato,273
endino,220
peakfinder,77
dioniso,504
implosione,130
bigas,269
essenzialità,831
lesinare,119
tuttosport,39
tiggio,361
strumento,138
acchire,39
designare,120
caminetto,796
bossi,57
seppe,41
virilità,456
delicato,82
scrittore,312
penalizzazione,489
assomiglia,120
scanner,56
lazzo,273
blandire,94
divisare,229
condiscendenza,383
colpire,66
anzi,362
cinquanta,211
cavare,230
scelgare,264
narrante,763
pigiatone,659
compiuto,120
chirac,120
pecorello,204
partecipato,22
copricapo,130
avvenisse,42
artifico,26
isso,53
bell,685
delta,70
satanico,171
rifinire,189
sedurre,467
sollevato,30
gigli,141
veritiera,101
fischer,63
metto,17
ruino,71
giubbotto,264
rappresentato,148
bislacco,135
soffiantisi,67
venuto,34
tesissimo,146
minusvalenza,287
barnaba,77
durata,85
ingombrante,62
vincola,175
punzecchiare,555
azzerato,46
cena,55
gorge,134
insegnante,114
soffitto,475
noel,532
carmen,402
fratini,30
centorrare,6
alo,328
sbarchare,36
aderisco,46
delmonare,471
eltsin,92
scendare,33
mon,700
sociosanitaria,337
carceragli,36
coranico,54
addentatura,100
save,9
tafo,201
notevolmente,235
sondrio,169
chiacchiericcio,663
morgan,81
erutto,138
abbado,124
premiato,115
grassottello,59
espiazione,182
consenziente,134
sesta,87
eclatante,105
estradizione,60
interessa,83
provocare,153
bistecca,187
assimilazione,442
francere,521
rouletto,221
trotzkista,159
registrare,79
professore,159
pettino,106
eludere,82
superlavoro,20
adolescenti,135
abu,47
bagarre,52
preparare,50
brindisino,234
integrità,56
marilena,477
mercatini,84
epistemologia,705
soppiantare,122
plurale,115
ricondurre,447
celebrato,272
imbarazzare,466
sconcertare,377
additivo,198
mensilità,250
inequivocabile,52
narrazione,790
silicone,158
trentacinquenno,136
druso,65
dominiato,141
buca,124
nureci,381
scandire,82
ipocrito,476
corrisposre,144
dubbioso,316
carl,40
ugo,124
cilindrato,141
appetito,27
beffare,42
prestatore,124
devolvere,28
dopare,89
incognire,48
capace,87
comincare,120
dissogliere,191
proprio,352
tendevare,117
provocheere,167
edito,90
prestanza,23
mancarere,160
brunei,67
industrializzazione,383
chiudo,48
contentino,229
fair,74
volatone,240
avvalendoso,25
blasfemia,96
malcontento,106
spedire,30
salsomaggiore,322
esordì,604
pontey,642
worldcom,111
travaglio,35
equiparazione,149
somatico,347
fabulazione,642
bermuda,40
bische,36
esiguità,204
rilassato,151
teppista,185
indivisibile,203
preparazione,51
egemonizzare,540
masera,145
puntinato,35
traversare,388
barasso,325
ortillo,9
gerarchia,94
sterilizzare,173
spauracchio,121
coniare,69
rogge,4
valvola,67
cerca,28
facoltà,70
immettere,233
cartapesta,672
emancipazione,325
misfatto,204
lieve,18
misterioso,114
defunte,41
argentina,127
segreteria,140
mutui,154
sic,2
restituiscere,171
rischiavare,220
alza,6
keeping,48
frittella,61
mando,22
christopher,520
coloritura,682
sussidiaria,26
lebbra,154
sostituto,203
preclusione,197
rifornimento,162
scrematura,29
sperimentale,145
dirimere,100
inseriscare,406
tassello,10
intimità,181
capalbio,349
dolore,115
bivaccare,567
pescatore,155
reinserire,46
esclusiva,46
naomi,277
incubo,36
protestare,119
cagionare,217
generazionale,494
chelidre,243
iri,4
logia,37
canavese,125
colonizzare,138
tabù,6
casablancare,259
filippine,142
natura,255
presumo,11
catone,182
richiamo,114
holbrooke,81
visionario,690
mirato,87
assembleare,107
cambia,20
baltico,123
for,97
rinnovere,56
macario,37
tremenda,132
imbocco,35
opinione,38
raffinare,219
considero,263
tenutasi,85
caucasico,138
anfetamina,363
riattaccare,184
normativa,363
cimino,631
moscovita,51
sventare,126
inquisitorio,250
signor,56
mondializzazione,442
mareggere,22
polare,24
mendicante,242
accidentare,97
reattivo,111
salito,42
pazzo,31
leggendare,371
lotta,42
programma,43
cascella,37
sconvolgimento,191
competenza,255
chele,4
ideazione,213
sovrapporre,511
tenendolo,52
gargallo,231
cantina,235
frenante,169
sergi,18
dosaggio,278
croare,135
cece,14
smog,45
postare,88
sostituire,57
lombardio,86
panso,56
condurere,49
libare,163
aringa,5
inattesa,64
alga,133
illogico,406
gorgo,61
vestale,25
serraggio,109
scialonare,199
inesorabile,121
degenerazione,622
sullivan,219
ostino,72
leggiero,310
bloom,108
braga,274
cronologico,170
andata,305
esimito,23
galera,82
parrucchiera,581
zaire,178
imperare,78
scalpore,43
inalare,108
argano,180
rilere,139
interdipendenza,658
virata,34
scottanto,70
spinosa,35
giove,70
france,54
cio,31
sordità,304
liberticide,194
incutere,180
oceano,52
preziosità,305
calabriare,257
charlio,274
puzzato,19
parmenso,259
puntualmente,126
bucato,937
stracciare,207
ultimare,110
zoologa,44
abitabile,114
crematore,42
perfetto,68
assieme,41
inquadramento,547
stanley,161
feretro,180
zigano,78
distrugge,70
precipitoso,37
amputazione,102
gian,125
affannosamente,164
tornitore,58
controfigura,279
laurentino,901
telefonico,60
buddhismo,159
dicomano,48
francoforte,54
carlomagno,15
sottomissione,759
renda,9
cernobbio,6
accettavare,315
organigramma,13
padronanza,287
gaye,1104
prestigioso,23
dargli,36
casciano,292
danneggiato,69
onoranza,28
presiedutare,77
impropri,120
nominato,105
risultanza,158
acceleratore,73
batter,31
network,59
specialmente,162
cieca,24
miccia,47
site,40
galois,103
museum,51
rimbrotto,406
hacking,155
crampio,192
alpe,69
cannoniera,313
escludono,135
tabaccaio,81
patibolo,18
sopire,64
energia,41
deforme,100
olivetto,197
sismico,50
slogan,60
configurazione,686
mastro,661
torso,346
succio,28
esprime,40
seduttore,656
cernere,4
dottoressare,251
tacono,42
vaglia,52
contuso,116
volteggiare,724
valentinare,966
disparte,133
nuvola,40
giampaolo,115
facilmente,156
incartare,45
corare,93
voluto,240
repulsione,316
tradizionalismo,665
raguso,509
lipoma,70
monica,72
rischio,97
rimangare,97
pupo,344
coop,13
pulare,915
distante,70
sicumera,223
ubriacatura,349
veneto,96
pacifisto,95
arrosto,469
trascinante,649
rilento,37
sottocultura,700
parlarono,344
invocare,76
allevamento,255
riete,428
incinto,304
aierino,248
gerarco,74
sarandon,863
cub,40
scettica,73
cesarino,719
camorristico,171
rispettosa,174
destituzione,88
natante,214
inosservato,18
ineleggibile,86
minacciare,88
rio,7
maffeo,32
eddia,372
anzitutto,618
incanta,570
marionette,208
lampo,14
diventare,89
storica,298
cipro,63
papaia,274
fotografa,83
urgentemente,144
boliviano,187
irrigidire,165
brusco,36
ristretto,17
abbai,81
antisociale,262
dispiegare,85
gialappa,80
sollievo,15
cellulare,53
demoniaco,563
bertolt,449
biettivo,73
cairare,864
diparta,10
bon,24
brandere,308
pistoia,298
baudrillard,39
lavoratore,185
purificare,308
roth,653
penzolare,1079
sapre,284
evaporare,186
presenterò,88
blindatura,41
raffa,12
milito,87
xxiv,189
boscaglia,154
manomissione,133
amabile,322
insultare,221
descrire,105
avvalere,85
seppero,84
quieto,186
karate,123
soldatessa,151
sconfiggere,79
giurare,65
rimborsabile,371
affittare,98
spadaio,467
inquilino,26
pasticca,173
abusare,95
inspiegabilmente,234
marcorè,372
accorciamento,354
round,7
salariato,88
alighiero,557
nietzsca,396
guevarare,50
raffronto,96
acremente,6
omettere,272
fragile,56
arabismo,282
trentesimo,115
aterballetto,408
lynch,142
filmografia,312
mastella,172
terre,93
politicità,926
incondizionare,221
trionfatore,415
spazzar,62
trovare,132
mensile,78
fin,16
manterrebbe,97
julia,571
ripetibile,119
union,91
cervere,44
nausea,142
dominavare,178
scido,16
designatore,83
melassa,297
sienare,170
ridicolo,564
disegnatore,451
lasciandoso,207
sofferenze,82
gialle,154
farmacovigilanza,205
rottura,99
alone,74
cavicco,121
sandro,263
euforia,79
poliziotta,324
ausiliario,57
urgente,39
riviera,166
allegramente,331
peculiarità,610
epidemiologico,254
ruggero,41
inachio,62
privatistico,442
sfidere,109
pnl,128
inalterare,137
responso,23
giacchetta,787
diciottenno,217
diciassette,188
accestì,19
papale,106
pedalare,158
spondo,12
addestrato,125
pong,8
quarantenne,343
distributore,113
nuccia,235
fornivo,32
cupezza,625
calderone,93
colludere,294
chinare,82
secondere,211
riccio,103
summa,94
maxe,520
imbellire,48
addestra,74
forrest,388
asma,230
attenuante,120
addomesticato,193
vincolate,141
sfavorito,79
sottratre,91
continuazione,127
basare,94
duo,92
allignare,213
ricevetti,29
vii,18
inteatro,309
ibridazione,319
gustoso,209
catodico,95
tenia,29
mutanda,233
motoristico,121
quant'e,71
universalistico,727
saturno,120
gaucho,13
pasticceria,368
basteranno,36
abusa,14
pugnalata,251
evocazione,766
spaventa,45
ingiù,8
insistevare,221
sorriso,320
prebenda,18
bel,30
accuratamente,95
invalidi,84
curabile,310
castellani,591
bifuno,69
modeno,132
aurismo,30
walter,59
rovente,81
server,77
chiunque,54
irpeg,217
istinte,239
frequentazione,121
guasto,27
foscolo,294
retroterra,219
indeggere,73
allarmismo,96
brasilia,112
draga,7
strozzatura,117
embargo,28
nevroso,515
pil,56
morello,1583
minestrone,1042
aggiustamenti,394
smemorato,34
granare,746
sottotitolare,241
annuso,829
preminente,362
buenos,52
parassita,258
laude,85
spalletta,253
spinoza,429
mostrato,56
ubriaco,266
rubato,169
saturo,47
farci,16
sanremesi,85
pubblicare,148
acriticamente,575
dileggio,220
ripartare,55
entrerebbero,146
smash,296
creutzfeldt,336
metallurgico,118
petrare,553
consentito,172
democraticamente,249
cedere,75
prodromo,4
fosso,20
giolitto,110
riunificazione,144
conforme,208
commistione,112
infischiare,322
sfitto,71
banda,66
anci,43
slang,249
schematismo,1107
alesa,30
megafone,85
sottoscrivonoperl',164
isidora,276
borghesi,22
pinarella,725
retere,66
venale,112
strombazzare,86
preistorico,378
accontentere,189
malaria,224
stmicroelectronics,235
biotecnologia,91
antigas,20
versante,115
sudan,104
sbiadito,212
arto,215
transalpine,101
impulsivo,155
bollore,13
traducibile,298
addormentato,800
vissuto,160
ignorante,69
ultim,19
saggiamente,155
metastasio,312
compatibilmente,322
evidenza,249
munire,106
prender,28
bernate,46
musico,231
vacanza,36
simposio,69
ribaldo,278
amaro,43
corollario,146
athos,9
terzetto,427
almea,382
bertare,221
accoppiamento,232
lapida,35
partenopeo,167
acrobatico,127
dimenticare,613
kazaki,65
sanguinosa,83
tommaso,65
laburirre,70
atomo,29
inseguere,146
opprimente,328
prete,167
patria,34
scontento,454
statto,16
murale,18
battito,18
palendere,144
donatore,56
tillia,706
penato,509
esponenziale,446
tifare,226
allucinogene,482
berlingo,35
pluviale,278
dolorante,258
guazza,37
specialissimo,66
casella,9
cyberpunk,432
romanza,880
vorticoso,77
mollusco,33
poligono,92
acustico,197
scioglia,18
mondere,157
vattimo,181
giamaicano,477
camma,97
comicità,654
tarantino,143
udito,12
guitto,71
giallista,124
macerato,211
interpretato,581
scacchista,19
deformante,502
perfidia,615
scompenso,107
regolativo,757
telegiornale,155
quirinabili,24
orchestre,251
copyright,8
sincero,280
particella,251
alain,212
occhipinte,519
uscio,51
convulso,77
lenticchia,509
sbattere,361
lusaka,25
tudjman,113
artare,19
toano,86
pierre,161
forziero,32
capannone,373
cornelio,415
fisco,132
concludire,60
lord,11
prestire,155
dissimile,423
vecchio,14
bonario,43
intervallare,97
carcerario,72
patogeno,359
tempere,12
melaneo,69
rasare,285
mordo,9
resistente,205
prerogativo,227
ronaldo,142
podestà,15
adottivo,162
bretone,157
lor,7
agglomerato,158
airplay,57
stallone,420
prue,176
belvedere,348
sentirme,233
agnelli,65
oncia,17
arino,1062
freddino,186
capovolgimento,574
harry,153
volute,12
claustrofobico,68
rimodulare,333
accadde,59
imponere,72
uniformità,390
ereditare,36
mozartiano,742
caciotte,83
documentaristico,362
sciamare,685
falò,10
protendere,226
incisi,110
orlare,202
avvere,316
spagno,80
distruvere,132
favola,278
sconvogliere,282
smetto,100
volkswagen,88
documento,56
cagna,58
indigesto,91
rettile,113
marginale,221
longo,210
sfinge,19
psychore,360
samuello,135
dissennato,131
confermato,129
cubitale,27
buzzurro,279
irruzione,98
paragone,60
spargimento,80
estinguere,43
dicco,177
incamminare,111
repello,264
ricopiare,27
glasso,96
gallare,208
lunare,14
dettatura,225
brooks,663
singolarmente,235
biella,229
stradone,153
scoprirere,350
prestanome,172
transitoria,150
trezzare,394
speaker,4
molfetta,462
smottamente,178
insospettato,145
rudo,21
intralce,23
storia,251
service,24
tunnel,17
decurtazione,513
portato,50
bere,70
belo,100
tuonare,126
feria,38
modera,13
piazzista,53
pensante,344
prince,166
svi,1
scarpinare,157
scemo,102
buoi,59
rimontare,440
propagare,185
inala,3
ante,9
progettuale,418
ottenimento,215
cavalcata,227
stupito,489
sonoro,319
rifiutandoso,97
ripropore,264
nove,151
insolere,169
graduato,27
immoto,1
campesare,31
brunetto,244
antonomasia,112
smashing,769
parte,112
paesino,159
autorevolezza,224
indussero,37
incoerenza,750
schulz,176
melmoso,164
busho,57
bollento,48
radiofonice,143
riferire,172
piagare,26
ampere,17
comitare,66
intendiamoe,245
ciampi,35
rientrano,59
aids,59
innanzi,151
postazione,192
mantenare,32
scomparsa,98
pittura,400
vestone,182
aristo,226
piacente,300
mannoia,653
dovere,587
cannocchiale,504
anabolizzante,214
chiasso,28
opporre,302
amico,127
inerma,165
chelsea,141
ridevare,789
volpe,91
presepe,314
pordenone,146
trascendente,815
repubblico,17
eno,323
proibire,29
postina,53
carey,430
sinopole,143
agendino,64
tecno,45
invidioso,806
domattinare,116
furbesco,297
continuare,87
bonea,28
ispano,33
postindustriale,200
irene,72
indoor,20
asburgo,102
rettere,43
svaniteve,484
attuabile,372
apatito,58
lucidità,188
comunichare,139
orgogliosi,130
snobba,49
brano,433
cotone,321
centralista,248
arte,424
riattivazione,334
contrario,150
single,14
risata,229
ailare,135
mangi,136
primavere,110
racchetta,411
deezer,207
idrogeologico,117
diamine,5
crederglo,524
rimodulazione,665
ammannito,440
pino,260
cappellino,1011
bisessuale,122
esausta,18
stupidamente,680
accolre,76
pronte,19
janeiro,51
ammiraglia,37
otranto,78
sassuolo,370
sviluppare,274
moralista,553
cognitivo,454
albineare,456
congelamento,120
ultimi,30
irreperibile,47
divinare,180
penetrazione,371
litiga,20
fatare,53
ricopre,14
cestello,428
salomon,238
ascoltavare,205
birkenau,93
divisi,27
ude,17
carne,116
bignamino,447
combatte,97
peronismo,194
dormitore,329
setto,9
infastidito,592
musicale,472
federale,20
pollico,45
percepibile,209
gassman,279
innescere,170
atlanticare,46
associa,18
evidenziare,252
corazziere,101
matricola,29
campetto,610
cifrato,44
inviato,22
martello,82
satriare,59
borghese,41
inattuale,622
rurale,138
suggestione,1079
realisto,30
wolf,178
infermiera,174
pecorellare,213
grottesco,515
medole,10
irvino,276
sara,68
condizionare,388
burro,40
incluso,35
side,23
alzato,257
purché,103
apposto,54
gestionale,493
ineffabile,308
alitalare,115
determinare,495
ferlinghetto,374
gonfaloniero,40
concordere,441
alamaro,154
menem,63
arona,436
rifiuto,37
treviso,248
cranio,154
xvi,37
paternalistico,427
frammentarietà,742
venatura,395
bronzetto,977
stagista,21
sgarrare,179
correrà,58
pioniero,45
padrone,54
sottostimare,380
gobiare,89
fidanzare,521
ventesimo,83
taglare,80
esplorazione,232
trinidad,219
foracco,397
stalin,66
giure,43
altucca,219
indomito,268
aizzare,117
dimensione,227
benefico,21
concomitante,89
contenzioso,58
trentanove,139
condire,120
piazza,38
prolungare,63
yavlinskij,53
considere,517
effettivo,613
otre,13
trano,144
difettoso,72
urlato,186
risconto,126
boneo,59
london,158
buccinasco,68
goffa,82
pluralità,309
infilare,721
johnson,524
oltre,149
malerbo,740
teppismo,137
alìe,19
pellicano,19
aggeo,218
denaro,105
vesprio,56
presupposto,494
frequenza,57
acro,16
arbitro,162
atamano,159
procedare,144
apere,30
zenit,38
acqua,164
elusione,449
capua,40
quiz,28
marginalizzare,520
universityo,252
ambrosiano,32
riassungere,155
lampugnane,34
brez,42
birbaccione,436
bruttezza,233
natolo,143
corposo,51
senare,86
abitare,200
disorganizzazione,408
indegna,455
extraparlamentare,266
smagliatura,190
popola,15
legittimità,195
irrorare,303
formulare,42
desideravare,481
giudiziario,121
alimentere,42
segmentare,181
pirelli,119
maniere,422
geopolitico,156
conchiglia,667
domma,479
torino,212
adatta,21
psicanalista,335
sentiero,45
allego,104
mela,85
indolore,77
insistire,260
indiretto,34
fetale,478
fumata,2
cronenberg,395
quarantatré,189
pagno,85
strabiliante,257
cinefila,521
sconsigliare,62
novemila,101
ecuba,70
sionismo,297
nevrotico,557
camillere,412
piccolo,24
marchesino,937
panacea,9
albano,439
amplissimo,168
èstato,155
comincire,153
austrio,91
prepotento,199
prione,349
iraniare,168
sfociare,97
chiesetta,377
fiatare,283
proselitismo,317
nule,34
udinese,610
temerario,141
psichiatra,141
superg,346
profonda,32
cinte,10
bustaia,223
depenalizzazione,223
controparte,102
impedere,61
cosettare,359
accerchiare,312
spregiudicatezza,889
vigilante,21
riscaldare,97
impunito,115
ocr,123
economicismo,423
piccante,519
sacrificio,28
rombo,212
psicanalitico,522
elleno,258
notturno,14
assegnazione,110
stragismo,130
rapidamente,114
sgombero,68
inimicare,189
accline,126
rimangiare,144
aeroplanino,67
bacucco,359
alea,190
pioppo,526
terremo,21
sibilare,410
stalla,136
pesantemente,71
centodieci,160
jet,79
denigrare,372
drastico,95
denota,6
vallo,105
carnegie,852
cranica,80
minato,30
melato,814
visre,79
storcere,143
giornalistica,77
duttile,184
vergognosamente,391
barista,112
imitativo,549
ricevente,54
schiettamente,376
eppur,19
milton,378
sfiorare,69
sfoggiare,421
magazine,199
societario,106
rondere,113
ambientalistare,82
pacifista,66
fabbrica,99
costitere,34
selvatico,281
raccolgere,65
lara,41
cisl,136
groviglio,131
brocca,50
tangibile,121
invitano,40
smentisco,51
miopio,177
trovar,26
retaggio,566
auspicabile,329
risolvere,68
imprenditorialità,259
caino,471
governa,56
spesso,638
aretha,908
ponderazione,192
disincantare,1203
fitzgerald,279
franz,98
premettere,738
verginità,48
tenero,454
pot,36
rimpiazzare,44
visibilmente,135
trincea,3
cleopatro,77
scesa,13
aleggia,44
convivo,88
abnorme,198
distrure,85
getto,35
causare,101
istanza,82
quartetto,61
mossa,39
rispondento,53
allentare,107
delizioso,821
sostituere,29
jeffrey,654
tiptop,329
rianimare,69
permea,463
luce,31
iowa,120
cuculo,350
esauriente,132
colpiscore,18
top,9
aprirebbero,174
monco,13
sperimentazione,271
etereo,73
emissione,99
usino,20
appannare,390
barcellonao,106
illustrazione,367
ovaio,260
rivelato,224
papiro,185
colombiana,212
sony,167
cromo,303
traumatico,142
viotto,100
clara,34
ilario,43
ultravioletto,318
edile,69
nosocomo,110
esposo,58
grossisto,21
rotta,27
arcaico,502
valdiere,262
cere,142
null',57
sceneggiatura,452
retributivo,319
sottoscala,125
ciac,5
vigoroso,41
vaiare,432
lavare,463
deridere,368
passarere,318
progressisto,448
emanuele,27
bernardina,577
riservato,14
orgasmo,312
diciannove,134
etno,50
rinvenire,139
sospingere,139
giovanninare,516
dottore,121
razionalizzazione,932
calzare,250
tangentopolo,66
militarista,576
vesuviano,244
gonfalonieri,44
redditizia,176
ferme,6
demografia,74
roulotta,291
bulle,189
letizia,21
irretire,472
robbiare,368
alligatore,70
elvia,169
indietro,17
lavagna,67
vedovanza,83
detassazione,372
avventato,327
regionale,104
giustezza,241
avevare,242
frenetica,15
schiodare,86
devastazione,203
bovine,112
espatrio,43
spalla,72
soluziona,5
domino,36
guineo,196
giurista,73
prostitere,151
der,148
venditare,99
rispondevare,172
molteplice,438
stanca,31
obsolescenza,479
bug,16
vello,79
veicolo,137
bisogno,128
soprassalto,126
occorrare,142
trainere,58
scheletro,237
temare,43
merchandising,127
rinfocolare,110
citofono,298
nominativo,78
grezzo,65
disquisire,218
vacca,134
siparietto,443
marzano,49
accecare,764
coprotagonista,175
recanato,75
vitamina,380
favilla,221
algere,147
accompagnatore,115
mitena,80
mollo,37
marengo,114
ressa,27
buono,79
normandia,55
idroscalo,121
lascio,23
amarone,85
isaac,451
galleggiante,354
acquiescenza,964
autonomista,77
uliano,114
rivaleggiare,461
sottomarino,221
sinnia,276
monetina,65
diyarbakir,101
cinica,204
batto,112
sessantacinquenno,132
sensazione,317
siglato,61
dubitare,373
scarpone,398
stabilità,139
incante,355
longevità,116
galletto,731
burt,857
cirano,871
congloba,74
giovanilistico,608
yogurt,231
gomito,55
scusante,219
agone,6
rurre,191
subliminale,463
vecchiaia,41
slare,22
bernstein,780
ruffiano,873
insegno,53
appostamento,118
tirolo,68
leggevo,250
interagire,227
salernitana,548
rapito,158
intercambiabile,449
selezione,35
lungimiranza,159
operare,54
furlano,71
abdur,21
riciclo,101
caco,535
perbenista,568
farraginoso,143
prua,147
colonnare,289
milione,154
sedimentare,1034
avanzata,87
psicosociale,277
egemonia,334
kamikaze,141
valuteremo,91
ponzi,181
talvolta,844
vegetazione,400
mogli,192
salva,4
cerro,59
palcoscenico,375
indiscriminatamente,268
liberazione,63
giuro,19
arrotondamente,183
fenomenale,70
rincorse,49
sposato,197
irrecuperabile,188
comma,17
rumore,141
broccare,293
stillo,330
occupere,71
ribelle,220
meritere,57
cialtrone,494
mezzanotte,54
segnato,128
ricaduta,169
usurpare,72
borea,5
malignità,160
infermieristico,279
manicaretto,119
nautico,19
confinanto,130
auricolare,112
persecutore,193
rire,60
disinvesta,82
novantesimo,103
giussare,347
autentico,401
neonata,107
sudanese,288
provinciale,108
disinvolta,475
folo,219
scandere,334
movente,106
armenia,42
retrovia,114
barbania,259
ferrari,168
qualunque,298
lunghissimo,75
mecenatismo,388
dualismo,525
rocambolesco,65
atala,21
brindisi,192
prepensionamento,402
barbarico,55
coglia,18
trivulzio,84
gangster,217
occupante,64
idi,5
apostolico,178
miazzina,590
massenzio,101
watch,64
aiutante,258
multimedialità,45
runggaldier,249
sentivare,165
speravare,235
sfrontato,417
saudire,135
scatolone,430
abilissimo,199
conducere,47
enigmatico,579
guasta,14
sica,121
fittissimo,70
giurì,14
kit,30
paracadutista,142
pannello,33
incontaminato,279
buccia,19
bobino,315
bacato,30
alessandrino,1130
mista,99
venditto,262
maschio,133
consumo,180
garbare,139
olimpionico,272
grasso,17
varre,166
rispettoso,202
orchestrina,307
liberalizzato,231
james,828
pedofilo,167
poiché,817
ornetto,596
papaio,325
assale,48
isteria,232
queen,636
equilibrato,188
annosa,19
discriminazione,278
sexyre,31
nicholson,778
stesura,72
cda,39
giovamento,141
efferatezza,266
sopraffazione,836
fabriano,463
combattere,101
allaghare,470
canizza,23
irare,244
raitre,42
testata,19
stalinismo,395
spietatamente,292
potessare,499
succubi,114
anticonformismo,720
spicco,55
investa,57
rano,144
esaggere,32
daniel,168
gattino,264
sportiva,166
opportunismo,827
missare,17
partitocratico,551
usa,43
dominiqua,77
sinai,4
parassitario,416
cimare,241
proposito,343
contorto,481
maggioranza,147
perfezione,412
mongolia,165
verificatoso,112
juppé,150
lucciola,118
drink,165
pretere,122
incongruo,288
getta,24
rompare,93
predecessore,33
venturino,871
richierre,39
cimente,236
gambino,486
oppie,87
gialappo,174
sabina,55
accademico,112
vimercata,157
stige,206
inferocito,299
stipulazione,482
raccomandare,62
tirannico,195
percussionista,260
piercamillo,243
brocardi,46
accerto,49
gradazione,392
esalar,133
interbancario,210
valerio,363
gesso,486
miete,63
quarantamila,104
osservatore,23
cameriere,67
avvolgente,733
presiede,58
regalo,59
demandare,213
costato,25
edema,3
urbe,19
fallire,33
setaccio,47
bertoluccio,644
seconda,101
sunnito,146
lavico,158
eletto,144
paola,438
roso,65
matta,128
scuolo,62
comandar,117
uscivare,558
svanitare,28
pachistano,241
postuo,138
pimpante,411
dille,52
subivare,187
tastiera,206
spettacolo,133
istituzione,225
travolgente,252
fondatezza,252
cordova,29
linguaggio,635
prendare,91
direttissimo,73
centi,20
smurato,22
supervisione,53
formica,159
conoscevore,420
flessione,149
purosangue,79
gates,46
neonatale,209
lardello,216
rilevere,65
balconato,107
ugual,15
violare,42
iglesias,29
controluce,42
sanare,44
reticento,192
godimento,192
tredici,126
inale,161
letizio,10
riparlare,467
transalpina,72
insolitamente,188
rendendolare,122
cassiere,299
variante,12
forbico,26
realistico,318
emersione,278
quoto,33
omogeneo,306
provino,31
comandare,72
kiarostami,137
localistico,441
soffocano,226
malissimo,899
sicurezza,16
turo,199
nirvano,101
trimestro,131
ingarbugliare,214
stratego,29
purgare,129
stringe,62
enrica,182
modella,418
intravvedere,161
assistire,25
operetta,647
custode,15
massa,7
padovo,265
bonfiglio,411
coltura,172
incorporazione,233
scrosciante,164
pianistico,276
libiare,77
ferere,228
candidato,122
coccio,53
intaccare,229
distrare,393
corporation,170
oggettivo,859
sancire,99
celibato,100
trovandoso,48
baronetto,269
carre,106
militare,131
realizzabile,209
lanave,170
caglia,474
diparte,8
ido,166
ovadio,11
opponeva,61
esaltante,319
cebire,20
traiettoria,109
loira,182
italico,24
capita,12
corleone,128
pesere,83
pestare,721
vedovo,178
cuor,28
marzo,52
centrismo,480
gambare,507
raffigurazione,476
ateno,14
vado,94
capena,50
adeguatamente,171
kiwi,138
staliniano,293
universale,74
parecchiare,386
sottratto,164
reagere,124
sedimente,208
diffonde,43
melodia,295
firmataria,50
truffatore,142
amale,256
carmelo,655
riprova,87
dolomito,164
federazione,34
incontrao,76
ciampare,38
balano,249
rampanto,26
teatralità,209
radicalità,686
mina,31
ripongere,188
bierhoff,377
pontinia,336
cannone,114
graio,367
distributivo,388
propria,149
animona,46
tonalità,684
perquisire,119
profano,127
spropositato,262
etiope,130
qualificare,71
condensato,226
incompleto,40
fulmine,19
ragione,269
jean,113
invettivo,333
persistenza,445
retribuire,144
sfegatato,377
abruzzi,122
pentolere,420
mantra,70
privare,244
schedare,40
borsone,276
troverere,50
eugenia,201
chela,2
assurdo,164
riformatrice,322
accingere,65
prioritario,227
burlone,39
norton,1041
posseduto,50
inidoneo,180
obliquo,231
premonitore,45
segui,26
avido,70
stratiformo,239
culminante,108
astensionista,100
desiderare,238
clamorosamente,103
bistrattato,68
indonesiana,215
strettoia,64
presentazione,90
genoma,166
israeliane,161
amicizia,58
psicopatico,382
lamere,48
caricato,64
disposizione,137
infantile,251
sincerare,324
singolarità,359
cognome,14
latte,109
novero,55
accertato,61
elsare,235
icore,11
accresciuta,242
nonviolento,216
chiarore,243
subire,24
riminese,50
terapeuta,210
limitato,259
genealogia,389
imperialo,21
consumistico,670
convenzionale,251
darei,84
unicredit,183
filantropo,104
fuoriere,201
impazzata,105
concede,37
biasimare,134
toilette,537
cilento,199
affannoso,75
contestatore,140
svalutare,68
usuranto,214
colabrodo,20
complicare,223
correste,159
urbanista,96
smistamento,165
basco,28
wladimiro,44
costatare,81
comodità,112
sciite,128
masut,87
osteria,74
accasi,45
sistema,104
ingranare,155
schiava,93
doma,16
illustre,71
plaudente,55
nader,58
soffermarme,159
cinquina,17
atipico,48
patrone,303
strip,189
breccia,52
aeralare,67
bartolini,192
nel',8
origine,44
frisonare,187
corsico,202
creeere,230
pentolone,308
centralina,95
vietnam,29
sfortunata,112
trasmissibile,59
finanziano,184
sbarrato,140
libellula,103
gabbare,24
allettante,73
classificare,31
varese,417
avvenutere,49
leggina,31
disputa,44
varzo,118
quotidiano,41
sanzionatore,129
responsabilizzare,154
ineguagliabile,184
coreografia,447
improvvido,264
giovedì,60
risentire,161
fulgido,210
scappatella,362
ormone,349
stratificare,101
berno,119
spessore,531
riscontrabile,419
taguan,107
gonzi,208
deterso,771
propore,327
stomaco,274
migratore,39
buccino,262
specialità,62
schizofrenico,59
cameristico,635
rufio,56
sistemico,760
fallace,153
lacrimatola,12
incire,248
pignatta,168
milire,87
tenzone,24
cinquantotto,182
analfabeto,29
allein,131
incoronare,339
umanitare,35
sismi,35
bosone,303
preve,13
lievemente,33
scisso,15
crescito,159
limone,175
migliorativo,355
maniaco,277
restante,149
viterbo,435
osò,100
disprezzare,801
pensato,82
rilanciare,97
equilibrio,81
materiale,127
almirante,124
etna,64
sai,29
simulatore,61
sorrentino,707
tropicale,300
tazza,517
dilettare,113
salento,193
troiano,179
pene,18
problema,92
insonniare,83
anita,70
wozzeck,354
espatriare,89
intercorso,47
addii,23
padellaio,45
ausope,3
sassare,335
anselmo,183
bracciale,115
comunità,28
quinta,205
interfonico,47
perfezionamento,347
reprimenda,83
promettento,48
jiang,58
impacciare,1053
carneficina,189
risogliere,152
presupporre,420
oscurantista,264
tessero,20
mondatore,56
reclutare,72
ivrea,84
consentivo,283
avviamento,488
signorello,1728
frenesia,136
grido,119
cubista,354
notata,148
monicello,688
colge,25
pompare,110
uditore,17
piacevole,350
ofelimità,36
kuiper,71
riacquistare,61
cambiale,48
onorevole,277
mugic,268
carrarmato,139
sposo,90
piave,27
gittata,28
sensazionale,547
danna,16
tillie,442
atene,62
sconfitta,72
completamento,295
esortazione,78
seguitare,251
uil,106
ottone,350
rigorosamente,84
prevaricare,287
potrere,40
grinta,315
enrico,61
nora,175
pietrare,90
prosegue,26
stupidità,689
wiesenthal,33
senatoriale,89
restaurazione,266
refuso,6
napoletana,124
weizman,148
bielorussia,117
pon,20
struscio,138
forgia,178
malandrino,328
arrigare,175
lodevola,16
conclave,11
immunizzare,310
pulito,26
popper,116
ontario,21
scandiccio,567
interazione,644
nobiltà,241
arano,271
caramella,584
quatto,137
adattamento,74
neo,31
politecnico,126
crudere,160
deporre,55
ricorso,50
disinvolturo,482
paracadutirre,130
escludere,213
provider,152
minacciosamente,194
avventurare,421
rafforzamento,333
nutrivare,196
incurante,213
tempestivo,117
chrysler,124
accoltellare,470
patrino,136
licenzia,13
colpiscere,48
riparto,54
allan,104
icn,27
vivido,408
morbida,218
usurare,35
tirannosauro,154
sommar,36
versus,12
basista,102
ipad,18
intano,192
target,12
intersecare,164
aprioristico,391
mostruosità,446
prontuario,147
criticità,403
ricercare,49
mesta,298
petrolchimico,82
accostare,632
costretre,49
illuminismo,765
jazz,342
eccole,61
random,379
accennare,104
intentare,136
riarmo,45
aretino,69
tendenziale,363
tortorello,567
ambulatorio,189
pietroburgo,44
concernere,29
complessiva,112
stale,6
smire,49
elle,28
aberrante,258
telematiche,201
caterina,208
seneca,51
bigliettino,99
pianello,411
discriminatore,226
invalidare,89
chiarissimo,211
idiosincrasia,775
gradino,93
malvagità,496
epocale,124
smascherare,203
immane,87
sortilegio,148
polito,110
sottomessa,417
donato,436
grugliasco,9
diciassettenne,309
sharon,130
locato,18
pentotal,17
alcuni,26
pagarere,144
presumibilmente,46
montenegro,84
gentile,206
lamiere,391
abbiategrasso,191
memorabile,424
tradotto,104
resteranno,64
incostituzionale,260
bilotta,238
irremovibile,69
festeggiare,142
comice,428
mondanità,238
hindi,6
incappo,46
libro,284
bertio,97
dirare,580
analidere,147
stamane,91
alterazione,673
crac,21
miniato,50
poggioreale,196
arcene,134
verdiare,309
indispensabilità,564
scrittura,692
fumogeno,112
guidonia,506
licenziare,21
faunistico,126
hubble,34
afgare,166
aggiunta,128
apportare,132
polmonite,186
bambola,246
passerebbe,199
geofisico,123
magnetico,96
eloquente,203
scabroso,348
acquisere,70
brevissimo,77
partila,43
irto,9
vittoria,174
veruno,4
gestaccio,283
stilare,47
fedayn,120
universitario,131
plasmare,245
ideologismo,659
contrasta,361
residuato,14
pennellata,711
decifrazione,548
irachenare,143
schiere,69
telecom,140
laterano,66
sasso,17
atlantare,132
squisitamente,583
imparzialità,180
composire,146
ledono,166
aprare,54
equipaggiamente,89
sublimare,921
borbonico,54
ospedaliero,158
moltissimo,154
nadia,83
monsignore,186
ruggente,139
rifiutarere,214
alleanza,50
petto,223
motociclo,92
celta,323
ammiratore,129
como,135
beotico,145
scade,15
verbania,332
coltivatore,49
nobildonna,212
minacciò,17
capa,5
malaga,225
illegittimità,275
medicine,169
essa,89
berlino,32
fisarmonica,368
collegato,183
turale,19
canton,321
avviato,199
imboccare,71
papato,127
art,11
sprezzante,772
occorrerebbero,259
miglio,53
indifferenziato,336
sensazionalismo,1193
richiedere,414
presidiare,135
asinaia,76
favorire,250
criticabile,277
cinico,273
insoddisfacente,295
omone,78
riannodare,63
preferirei,653
incolto,117
rendevare,71
avventuroso,305
petroliera,88
quattordicenne,426
altri,6
lavatoio,355
sellare,119
michaele,402
diffusamente,189
crostaceo,171
afghano,214
alletto,153
sciito,187
gedda,30
lettero,86
sindrome,117
partigiare,194
scoiattolo,496
crosby,1002
palazzone,206
calabrio,173
ambiguo,53
evoluto,182
avallo,5
moroso,28
aleggiare,246
impedirglio,112
usaid,49
ruggiero,412
strazio,183
emersa,71
ufficioso,76
bettino,48
geoffrey,579
asserire,419
stoccaggio,205
liberamente,40
studioso,229
coronaria,9
equazione,15
catia,116
christire,146
edmund,119
iperbole,10
libraio,64
piglio,301
condizionatorio,79
dimensionale,601
imprimatur,30
bacetto,400
gravità,103
vassalli,25
mediatica,76
corruzione,158
preparatore,29
contrappeso,300
desideroso,185
bisello,190
lagunario,395
sarchio,25
almeno,148
pantani,142
ego,39
estera,51
verano,83
ampiezza,151
acquifere,296
menomare,279
antirazzismo,65
demanio,55
monsonico,312
pattuglia,96
devianza,199
annullo,45
ventato,50
meteora,24
ippolire,502
ribare,103
consistere,633
localizzare,192
eccessivamente,433
reintegrare,52
scarno,85
pagliuzza,245
israeliare,166
depistare,150
padanare,36
indulgente,267
pronunciamento,228
accinger,124
disgiungere,553
caserma,150
genesio,53
supino,68
rivere,227
minuetto,572
sandwich,447
marineo,173
autodeterminazione,307
ottantenne,189
accorgere,550
affino,51
favolello,427
fon,10
acanto,196
conceria,77
borromeo,45
pula,372
fornari,49
conseguenza,236
divulgatore,219
scempo,22
fumettista,422
spaventato,243
pierina,400
vanto,32
tesauro,31
crescita,280
striscia,22
indignare,268
narcisistico,1265
jenne,89
territorialmente,158
borgiallo,911
sierra,66
indubbio,177
pretese,143
camerale,129
cambridga,144
anarco,83
abusivamente,124
isolante,56
padanità,36
costituzionalismo,512
soprintendente,106
sorridire,601
convivenza,98
bollino,136
churchill,25
afferrare,402
edoardo,28
edwards,629
condominiale,60
irlandese,70
orwelliano,319
okay,90
areco,47
lobbistico,310
arsa,13
scommessa,33
dazio,12
fiscalmente,236
patteggiamente,102
transfert,36
amano,370
incrollabile,218
integratore,157
rumba,265
livellare,117
adrano,61
brigatisto,110
illiberale,525
confinante,185
globo,4
gasi,32
iraq,145
specialista,157
ematire,12
ascea,23
bettina,179
marginalmente,210
intrigo,130
ingegneria,105
iva,80
dilaniato,188
cavaliere,184
furibonda,106
riavvicinamento,119
pontefice,141
relativismo,1057
vicecapo,62
semel,27
garanta,16
entusiastico,134
turbativa,50
lazzaro,113
esani,71
team,88
adda,114
rotondi,38
renzo,76
attorno,10
eleno,325
bellolo,121
playboy,162
cecilia,201
debuttere,207
scoop,60
diparto,10
traere,91
vashem,67
incrocio,43
fazione,144
regolare,164
denuncio,133
campione,267
foresta,199
dublino,66
cessate,47
forfait,21
augusteo,58
trentino,249
extra,13
alitala,69
migliaccio,159
alias,97
bivacco,229
sorvino,227
acume,77
ridicola,501
confinare,70
tunisia,74
albenga,232
pacatamente,312
albare,323
attendibile,148
parecchio,110
bugio,67
concorrente,81
ciò,172
montuoso,269
cascina,224
stabilita,86
bipolare,149
insicurezza,262
incisivo,96
wittgenstein,251
contropartire,176
riassorbimento,629
check,4
onorio,47
badoglio,30
mendicare,415
cinefile,355
canzo,109
predicato,163
tosca,257
cogli,9
riconsegna,19
reputazione,36
solennemente,39
giudizio,66
eucaristico,145
neutralizzazione,706
mandante,244
relare,34
listino,72
clarinetto,597
ombro,5
immunodeficienza,505
colpa,19
pulire,371
avvertare,404
traghettare,58
mentire,219
deferire,43
espresse,103
spezia,178
orbello,131
polo,178
estremo,20
pessimisto,114
finalmente,97
rotocalco,155
rinascimentale,836
annare,189
fininvest,143
johns,470
gesto,103
rifavere,102
minore,40
podagra,294
delicare,132
prenderselare,506
sound,297
ripartenza,33
marrano,182
futurista,427
discordia,9
registravare,60
arignare,15
cosciare,243
sequestrare,229
svelenire,183
rubrico,32
occorrente,82
androne,390
famigliaro,113
mollare,281
contromare,63
autogestione,44
soderbergh,457
animalista,110
metaforico,812
barro,109
sega,48
condizionante,366
aziendare,188
issare,157
connotato,184
distintare,465
cosiddetto,37
commissariamento,87
tramare,168
cornetto,170
orta,196
concentramento,100
miopo,571
leitmotiv,12
perfettamente,180
relitto,169
cesarare,243
agrumo,160
ulrica,145
fulco,51
tante,302
tonnellata,128
manovre,22
siede,49
orizzonti,55
timbro,38
useum,41
seleno,14
spagnolo,83
mondo,31
tagliere,36
roggia,8
silicon,49
eliminatoria,72
biblioteco,99
ingessare,57
gandine,63
trionfa,151
genietto,266
pavendere,20
peripezia,134
suicido,69
confrontere,120
cascare,190
vamp,109
mais,63
cross,93
abitante,91
ovatto,178
lanka,59
svuotato,50
cavallo,22
capivo,256
cubanare,125
diesel,71
becchino,481
raggiunte,40
insubordinazione,498
tardivamente,490
freme,71
ridefinizione,776
sviluppatoso,82
attrezzare,138
pittorice,338
odiare,347
calante,24
maciullo,245
azimut,30
commiare,133
naomo,278
tibetare,93
collochare,124
copiare,59
convincimente,706
ior,6
capigruppo,171
flaminio,24
fissato,90
severo,21
ritenire,102
boat,87
sanfrè,21
ambulatoriale,220
salinometro,97
freetown,87
ginnastico,73
catastrofista,26
show,40
corinare,456
tastare,114
silvia,151
svolgare,20
oliviero,102
coricato,284
isolare,33
afelio,501
sperre,33
maglia,179
assicuratrico,180
lux,11
erodere,66
autorevolmente,157
bellino,1417
baghdad,153
amadio,246
pregiudizialmente,375
spinoso,35
durante,27
incare,127
prone,96
albania,78
cascio,414
gradito,57
potente,40
litorale,289
burattino,86
rimboccare,95
estremistico,655
concludono,44
shunt,371
rivestimento,185
innestare,153
confermativo,492
laila,6
ripudiare,88
stese,371
mores,34
professare,84
rothschild,160
curativo,48
diporto,92
ciampo,51
panelli,530
scleroso,270
asco,17
barzellette,348
mondino,737
rutello,234
bombere,85
futura,21
autoproclamato,35
taoista,51
utopistico,754
pagina,64
racconto,254
partecipe,45
pregi,9
monarca,50
prenotato,13
concordo,116
migone,28
materialismo,759
raccontato,286
parla,43
izetbegovi,82
rad,67
germare,527
sacerdozio,179
massacratore,257
dimessosi,62
achillire,113
impiccio,82
altalenare,82
disperato,158
coperturare,200
eureka,239
commentatore,148
segnalere,83
consolare,9
coercitivo,167
mare,124
capriare,206
vigere,69
vescovile,168
neoeletto,182
credenziale,232
supponenza,516
sinico,227
pinuccio,300
teatrale,167
meticolosamente,178
texano,72
ferie,14
dubbie,17
feuilleton,691
penitenziario,30
platino,363
pakistana,253
scherfig,64
gisella,216
penetrare,176
sterile,72
traversata,258
collegabile,347
informalmente,171
amoretto,426
snob,303
elio,56
irato,18
laico,151
disobbedienti,64
assolgere,145
masochismo,209
eccepire,317
norberto,71
tristano,501
incantevole,474
clave,87
albanese,107
scopertare,313
illegalità,175
rame,21
aggressore,311
astone,896
ferruccio,192
risveglio,27
pragmaticamente,494
vittoriano,230
invernale,29
esportatore,61
accorcerò,94
raid,115
voracità,392
roccioso,214
densamente,180
maneggio,26
scatolo,128
nuocere,124
foza,60
congresso,37
udo,18
progettare,59
fondato,128
fato,4
fabia,59
scholz,61
cultore,447
viale,28
sana,5
mortifico,69
deponere,164
accare,45
zoologico,108
fiorenzuola,725
scempio,65
incensurare,294
dottoressa,132
trascorsa,40
pirateria,22
identica,52
annacquare,53
niro,611
follonico,247
cunicolo,385
olona,218
ripone,28
diarchia,139
intercettare,73
laghetto,241
capra,39
montillo,662
edgare,20
samuel,9
daere,20
munifico,9
rapitore,190
raccoglitore,105
invitandole,45
dispiegamento,111
ruolino,45
sciacallo,80
riflessione,139
pluralista,148
colpirono,110
minaccioso,128
riletturo,544
orgia,133
defenestrare,209
occorrenza,26
intuito,361
strago,85
vivacchiare,444
julianne,966
estrada,41
aurea,27
rimpallo,62
biondo,666
guardrail,434
chiarimento,205
accollare,161
alfa,27
automezzo,230
granaiolo,169
samo,7
domenico,519
tolone,344
sessantina,185
carnet,95
gordon,248
ller,515
patire,113
mazziniano,36
ingoia,40
ambivalente,1124
dinamicha,55
fracasso,111
bolzone,590
contena,22
gastone,162
sciire,175
peluca,503
lazzi,372
corrare,40
urbanistice,182
quarantesimo,147
elettoralistico,436
singolo,142
imo,8
giusta,36
sovrana,23
nevralgico,26
dpr,31
gadesco,372
pen,32
revisore,23
intravede,89
arretrato,58
invale,17
dedicato,72
prevenuto,46
canterellare,137
esaltano,153
beffato,45
carialo,93
chiana,167
lucia,213
cassa,58
infiammabile,307
secolarizzazione,545
frate,220
bortolo,49
cambiare,105
papo,275
schifano,214
arcobaleno,5
hockey,172
pocenia,160
finimondo,58
brugherio,391
demiurgo,259
tacitare,212
penderono,251
albertina,91
playback,717
sottoscrivo,46
totto,535
arsenal,273
raddoppiare,82
ostina,113
pezzettino,74
prare,148
fiorellare,1089
megare,27
amletico,180
consumismo,372
assembramento,153
ingessino,468
onere,292
rossoblu,561
zimbabwe,63
dissentire,462
nerve,30
spagna,93
gubbio,341
fatebenefratello,143
riscuotere,53
pigiare,418
distinti,54
renna,163
galeone,399
matvejevic,61
frusciante,82
ceca,8
macché,13
arnad,250
diplomare,58
irpefre,268
palaconad,49
interfax,52
oligarchia,222
ecologico,92
cardiopatico,484
decrescente,279
ipocrisio,374
aut,8
contrastare,202
concessionaro,170
vettore,80
annibale,50
ascaro,131
condannano,49
stick,129
rimaneggiare,96
pavimento,501
imbroglio,99
resosi,6
civico,14
addison,209
tuta,48
alimoniare,57
vanone,372
prossimo,123
marchese,730
informatico,151
cifrare,26
archiviazione,282
prealpine,215
buffetre,66
autocensura,176
aussina,116
nerbo,25
beethoven,204
legga,28
eloquio,194
riforma,235
briga,49
millenni,40
tornata,70
gentilezza,437
gambero,123
mirabello,749
civ,44
efficienza,226
editoriale,49
corruttivo,217
crani,34
scimmiottare,431
altarino,1202
inchiesta,128
aqsa,125
canottaggio,180
singhiozzo,23
men,7
bertone,279
coproduzione,122
oltremanica,63
lavorare,42
eleganza,653
webex,55
bolle,7
graf,114
ambita,183
sposine,39
terres,15
dadi,47
bingo,13
dispensare,91
popolano,63
doganale,28
continua,48
salerno,303
ingente,135
monastir,143
autocritico,109
scagionare,313
annosità,220
veglia,46
tenuto,19
fatuo,185
folkloristico,455
cormare,73
carine,147
diplomato,33
quinte,7
sparse,97
gasdotto,31
spiaggia,339
beinetto,395
piro,113
capecelatro,24
granato,396
norberta,43
incommensurabile,627
meraviglioso,931
diossina,56
edizione,126
presto,121
teana,21
stuart,403
stratificazione,337
diventarere,216
fregasi,439
poliomielite,359
vogliare,772
paraguay,165
programmaticamente,358
usta,86
enfatico,295
appannato,237
catartico,54
motrice,57
contrariare,142
involuzione,628
sita,5
movimentista,87
cantucci,541
ripropone,81
amicare,249
supinamente,398
stancare,203
biontech,59
poco,80
rioccupare,110
egual,12
antiacido,162
suggerere,127
bacia,180
cannavaro,278
suscito,79
giubilario,59
bissau,137
togliatto,96
concorrenzialità,382
orda,36
darwiniana,314
estremizzare,381
corna,135
ripercuotere,206
osé,208
marlboro,196
guadagno,143
commozione,132
geneo,64
sellino,179
intralcio,29
pizza,189
analogare,72
paleo,27
strumentista,118
circoscritto,73
dilettantistico,88
desertico,144
gora,68
rock',422
musicista,502
sanzionato,213
sad,14
pentamero,70
introdurre,122
passare,71
indurire,317
stritolare,305
troveremo,68
incentivato,307
poggio,105
paesagge,181
pugno,74
grigio,145
costiero,178
smorzo,65
buio,91
greco,16
rettilineo,188
triestina,298
ragionamento,413
lascito,20
stecchendo,408
impropro,55
manganellata,174
versetto,18
rifugiatosi,72
venus,290
ruggito,49
maleducato,235
maquis,59
industrializzare,176
andremo,119
vinto,17
dedalo,164
raidue,66
tronchetto,90
umo,7
centrano,71
marsilio,173
amministrare,33
yemenito,173
bush,86
lancinante,177
cinematografo,142
roulotte,232
ricattabile,237
adolfo,39
aristocratico,428
lagna,130
terribile,307
stewart,812
preordinare,197
organino,36
gospel,177
incrementare,435
mongolfiera,207
caldes,115
serviere,44
assimilabile,456
sfidante,90
turare,84
fatta,6
trasfertare,257
amicone,41
bandista,90
irrisore,31
stolto,89
agosto,47
sinodale,135
angustiare,66
sconsolato,113
farino,228
serro,27
tuscania,84
affatto,202
agevolmente,139
elmetto,182
dissesto,97
ritraere,457
diaz,274
crede,22
imbrattato,293
castigo,15
igneo,10
lehman,119
maratoneta,267
risorgimento,182
stefania,238
onico,19
replicazione,170
rifinanziamento,363
incantesimo,163
valso,19
byre,526
inarzo,163
predisporre,208
scia,8
clio,228
èera,118
space,201
giannantonio,304
azerbaijan,149
deportavo,235
accadure,117
giardinaggio,105
camera,66
giunto,35
grazie,50
diremo,148
chieti,324
tribuno,21
opportunistico,579
eccome,101
quadriennale,42
suggerito,128
indipendente,15
prodo,14
solano,86
dini,16
adatto,98
negus,3
sfatare,131
principalmente,119
artificiale,143
eritree,13
cappero,484
sopratutto,237
perda,34
annulla,31
imperialismo,441
preziosissimo,218
razionamento,432
setta,110
commentare,178
eccola,64
mai,395
imposizione,523
tor,44
bolivar,141
malsano,349
frantumato,73
aeratone,422
sceneggiare,375
donatella,335
rapa,27
corregge,14
dakota,102
concessionaria,115
aizzato,18
proporziona,40
raffigurare,316
abbandonato,460
definendolo,76
sassonia,16
deontologia,147
comfort,9
femore,157
arcibaldo,30
disgraziare,442
animato,133
norare,387
bormio,67
proponire,201
cazzo,62
latente,441
differenziare,295
controvalore,193
riprovevole,640
episcopato,116
scommette,31
atrio,99
gobbe,32
schifoso,332
brut,169
cristallino,356
chemioterapia,425
seccamente,147
ortica,126
quasi,110
jerry,684
zoo,12
spicchio,212
hekmatyar,265
sipario,34
leonarda,295
sensoriale,261
trasgressione,318
santinare,788
parentale,22
sestetto,293
lovero,95
riconosciere,189
botro,13
eppura,206
sodare,121
dispersione,242
ristrettissimo,14
ucraino,95
maya,16
compresenza,255
giubilare,48
prematuramente,102
gorare,311
retro,162
percorrere,68
supercoppa,485
nazzaro,434
cappelline,632
platano,473
interpersonale,466
mondovì,213
finestra,114
trafficante,145
ribollente,179
illegittimamente,417
toscana,71
inconscio,764
avi,16
mitologia,790
paperine,396
sperone,137
moicano,399
autista,156
giudicano,70
spring,455
condividevare,263
fiare,5
cresciuto,91
patriottico,75
gianandrea,472
prendeere,77
tanzania,158
polarizzare,43
canapa,13
dvd,35
codico,61
galliano,128
groscavallo,102
geovare,35
offesero,35
dicendogli,127
tizzo,1051
nascosto,240
felpato,161
addome,134
greta,516
antologica,714
costituzionale,205
avverre,114
libero,5
inghilterrare,112
scenare,99
schalke,443
unto,64
patere,34
sprigionare,365
scandaloso,240
indovino,34
troncare,78
sfoltire,43
caschetto,586
tendenzialmente,315
ginzberg,14
metropolitana,73
disoccupare,37
gazzella,35
epopea,119
dissanguare,65
rallo,25
attenuazione,206
avaro,19
superbo,338
aggiornato,109
intelligentemente,332
architettonico,272
metropolis,86
capizzone,147
solana,50
aggregazione,189
levato,26
learco,73
mandato,31
sbilenco,52
ultimatum,21
sovranazionale,451
confezionare,218
morente,103
pirro,391
murare,143
invino,167
pubblicamente,220
risolre,49
esotismo,614
paradossalmente,1058
postilla,11
anteprimo,211
sovrapponibile,505
pacca,83
pediatria,177
chiostro,310
giurisprudenziale,133
aureliano,131
schiavista,122
jonese,40
aumentato,315
smith,443
preconizzare,148
antieconomico,270
ricciolo,254
alarico,81
nardo,46
signorina,342
utilmente,118
letale,173
generis,179
autogestito,10
falsare,26
profilare,147
martedì,51
delia,146
lezo,184
aspramente,84
piramide,28
vernice,233
esilio,61
irreversibile,167
bastogne,300
accertarsi,122
insperare,135
mancherebbero,182
fermata,133
godibile,525
originale,250
disadattato,129
vigenza,297
israelo,71
marsigliese,283
pastrengo,170
ministre,16
trovavamo,177
ordine,17
menade,15
lubriano,388
telegenico,150
morin,379
belligerante,73
togliendolo,50
brutti,81
monaco,65
vagabondo,213
andriolo,58
passione,352
guglielma,212
pericolosissimo,184
militanza,116
modo,280
omero,19
boscato,110
gros,4
ruffrè,86
disinteresso,338
dipanare,150
barone,47
ponsacco,207
aido,181
malignamente,234
dugnare,348
farad,135
postbellico,45
verosimile,316
dogma,7
arda,155
oggettivamente,1180
paziente,307
talebana,180
galleria,186
missino,29
offuscare,407
ive,159
neoassunte,377
mono,61
clacson,116
attendare,251
terzino,442
staticità,256
settennato,16
bielorusso,141
ireno,91
psicoso,73
palazzetto,207
peccare,209
consigliare,54
bilance,9
correzione,131
vinicio,67
righetto,530
angiola,376
wes,534
buttiglione,84
nazifascisto,145
nona,16
glissare,141
collaborare,48
badante,66
simpatizzante,158
ayas,77
dispore,60
frecciare,102
puntare,23
patrizia,824
jong,188
leopardo,49
pocket,219
effusione,248
ricongiungere,76
democratico,114
cricket,15
latitante,156
plenum,87
teorica,101
partilo,81
calandro,343
inattendibilità,264
lacciole,12
orchestro,276
brizio,133
viado,107
sicché,128
riconducibile,168
deprezzamento,183
cattedrale,328
ricere,65
romanziere,421
esoterico,503
reclusi,86
dinanzi,8
conscia,197
acre,4
digressione,1131
armonizzazione,641
vespuccio,343
espandare,90
concludo,45
incompletezza,418
dimentichare,384
tom,665
talora,474
intervistato,25
bastare,255
lucere,305
centovente,165
biologa,108
analisi,165
costellazione,56
discoteco,69
sahib,110
peresempio,397
discriminatorio,360
conoscere,346
pierantonio,462
passatella,312
scansione,415
vox,109
assenza,167
infuocare,83
allargato,23
affondare,81
cesenatico,366
comparsa,41
pillar,84
individualista,666
riedizione,37
modenese,115
compattezza,72
liegio,78
striscione,101
scenetta,527
napier,4
inciviltà,273
sarcasmo,224
scaglia,13
malatesta,489
culo,375
ché,316
assunse,21
vessillo,80
confortare,61
dyson,25
vato,36
radical,61
capomafia,344
rappresentanza,171
fieno,71
maledire,37
westfalia,44
monografia,462
sedicento,93
beninteso,102
caudina,6
avere,353
moresco,370
nus,2
cinger,696
moltiplicarso,128
ucla,102
pacifica,20
decina,169
ritrasporto,123
cervice,82
eraldo,21
micromelia,41
oreste,48
inumano,73
bonaldo,283
totalizzante,197
omar,89
reintegro,69
trasversalità,255
gioia,73
ostello,33
scippo,78
sottoposto,30
wagner,444
civo,10
urino,266
stalinisto,264
reloaded,349
raccomandata,30
abilio,13
completamente,161
sportivamente,137
presidente,87
rendendoso,80
comportamento,254
imbrogliare,363
proporzionare,82
precocio,232
patrimone,72
pausania,54
mino,23
urbanistico,201
vistoso,59
affollo,34
pigrizia,204
stima,21
spiro,34
nuovissimo,176
lupesco,280
kennedy,273
nilo,99
proposto,259
vorremmo,256
tripole,2
militante,157
aratore,155
investiga,79
nuvolone,109
riposta,30
germogliare,430
corteccia,387
assaggiare,129
rambouillet,63
interpol,16
regge,15
mutande,296
congegno,87
liberatoria,63
abolere,57
nefandezza,181
frittata,40
spazzolino,348
zanzara,337
dialogante,131
fiale,73
violo,296
viaggiante,78
esemplificare,154
geneticamente,367
viscerale,639
detestare,490
minacci,19
trafficare,138
rimpatriata,24
aggetto,53
rimorchiare,288
indistinto,305
stratificato,103
inalienabile,170
friulano,319
pineta,270
igor,10
riletto,574
saarp,87
ormonale,404
mozzo,206
assicurare,173
telemann,153
sparso,125
disperso,65
neonazisto,97
aderere,60
confederato,102
minimum,28
enunciazione,403
lineare,371
cittadina,38
ottuso,268
pezzetta,100
grosseto,369
alzare,102
sergente,254
spray,132
arroventato,70
saggistico,388
residuo,58
lievitazione,461
paracaduta,78
ccd,84
audacia,111
danneggere,75
supertestimone,236
ardara,32
pattugliamento,210
fiorino,42
pensieroso,365
sbanda,18
scandalo,41
fiancata,130
passeggio,212
rote,39
puzzolente,620
pulcinella,91
drago,18
escare,198
tolgo,28
colo,37
attendere,205
dona,69
apocalire,27
cartone,119
tipico,173
sotheby,90
oms,54
generalità,135
slip,32
avvenirto,34
canottiera,416
recisamente,156
basket,247
repentina,43
naufragio,80
lampeggiante,471
assessorato,98
pani,385
tuono,63
pennacco,106
osservazione,63
arameo,529
smanioso,110
bevere,247
mischiare,522
uncino,71
primattore,256
godetto,211
alata,210
sherpa,0
foia,100
cuscino,350
alenire,72
ossia,162
copertire,162
olivia,101
vaglio,100
cilindro,72
giuliani,12
fattivo,254
smembrare,16
sciistico,68
diluire,53
perturbazione,141
barbaramente,224
balera,167
biparo,6
egra,21
ospitale,32
mussulmano,216
cammello,231
gibilterra,130
alda,17
parteggiare,413
composto,70
flamini,27
camminare,205
mannesmann,200
coe,16
sant',84
geniaccio,824
busta,38
panca,221
fantasia,443
blomqvist,358
gregoriano,414
soragare,444
dissolto,182
scalfalo,68
carrelle,92
prettamente,304
cariddi,278
minimizzazione,524
hitchcock,434
pansa,58
narcotraffico,102
inciampa,31
enclisi,190
mcveigh,18
eurotassa,218
studiato,55
gioela,220
troverebbero,140
infisso,281
superò,62
tuttofare,76
ribellione,232
pongono,63
travertino,349
possibilista,56
tollerabilità,491
teatridithalio,408
metil,70
bravato,278
interforze,64
laccio,12
svolto,52
management,162
moderno,96
decrescere,258
dirigere,39
ventola,154
littorio,127
attempato,115
lieto,17
web,90
contrapponere,803
mondina,292
culturalmente,510
posteriore,145
cordialmente,55
giordania,184
dettare,237
nerina,423
gestere,86
aggiungere,414
mcdo,102
interpretativo,682
dialogico,286
masai,30
succettere,226
addettere,68
marsillo,28
dolorosamente,232
operativamente,214
neruda,88
difender,18
esecutore,57
canadendere,240
scolarizzazione,431
rifare,60
insolire,156
proibizionista,123
confartigianato,93
southampton,307
serenissimo,133
sellers,875
routine,17
sfigato,367
gigio,493
nazareno,93
parità,20
arduo,27
larghissima,51
deducibile,332
travaglo,24
michigan,107
cossare,208
apparentemente,783
agguantare,513
didattica,205
compositore,520
così,644
fiducioso,108
gambizzazione,274
affluente,19
reclusione,135
accanimento,371
esopo,29
scioperano,109
trullo,166
mettevano,107
presta,201
corciare,209
chiarare,110
petrellare,721
adela,147
cottura,417
vodka,28
demonio,157
pomezia,201
impressionista,520
naif,12
decisionale,676
rischiere,47
giacciere,148
levata,18
saliente,103
sarare,152
preistoria,153
abbazia,291
asi,26
liberatore,92
sanremo,80
serv,39
venere,80
olino,1919
carolino,293
vivibile,41
cinquantenne,404
cavase,550
fidato,39
sigma,4
manipolare,55
carretta,176
vagina,128
intoppo,50
implorare,154
divergenza,95
malizia,431
elargizione,278
cracker,119
urbana,6
declassificare,21
sottoscrivere,71
canoro,367
ambigua,110
macabre,186
autogestire,32
giubileo,34
caltanissetta,261
prometeo,4
intervenuto,63
saverio,557
baste,28
dischiudere,223
infliggere,47
osalare,16
sie,0
lesivo,123
costiere,247
ricostruiscere,75
montalo,312
pronunciato,45
carismatico,82
ballottagge,105
patrio,24
hard,253
nina,333
agnellere,50
borgo,202
baccanella,285
nepotismo,368
impotenza,248
noni,2
inflitto,69
sessantamila,94
schienale,175
enos,46
genola,127
calcistica,240
orbiter,67
audi,33
filologia,381
lorena,261
mane,32
pellegrino,59
compilo,39
diluizione,462
accusato,177
disinnescare,67
colonnina,209
sbagliò,17
turbine,57
succursale,22
coesistere,450
spaghetto,422
satire,151
violoncello,639
ulissa,354
lordo,137
sabaudia,272
vetriolo,48
oltranzismo,430
sprinter,68
tania,251
biffo,36
metropolita,41
servizio,34
marciare,70
stanchezza,400
ramificare,118
mutuo,41
brembilla,18
comprovare,155
citato,94
ardente,100
galilei,24
daru,39
interdisciplinare,292
epatite,295
padron,53
oppore,207
infocare,21
stefano,151
spiritualmente,207
veltrone,89
puzzare,17
vladimir,40
verità,146
endogeno,221
divorziare,103
americare,247
braccato,180
perso,47
savina,195
diremmo,113
componevare,101
trombo,62
ventiduenne,371
calibro,30
adrenalina,250
girare,225
abdullah,152
bombardato,172
gimignano,270
ostilità,211
sperimento,105
boato,15
galvanizzare,145
deportazione,140
spazzino,221
disimpegno,75
polarare,67
sgradire,267
portatore,80
parlaio,225
precetto,13
jacques,174
conditare,95
arché,968
altresì,200
automatismo,251
bracciamole,338
timido,49
diavoli,61
egiziano,183
sorbona,50
sorto,37
roosevelt,50
medievale,248
bruscamente,70
vorace,128
animatamente,146
robot,55
suscitare,105
villeggiatura,179
forlì,406
sostenibile,161
complessivamente,194
lorettare,1186
vertere,75
contingentare,72
scossa,43
copione,110
dexter,1012
inezia,18
fidare,313
raccogliare,45
suggerimento,102
gauguin,262
chilare,74
foggio,384
marescialle,104
interstizio,494
volatile,139
astronave,159
decolla,36
prioritariamente,628
sradicamento,478
esatto,19
attaccare,234
federconsumatore,68
villino,199
scherzare,594
segnare,45
mcdougal,129
mullah,128
porcello,1039
dibattito,53
brandy,623
rimarca,25
cortale,44
romina,35
serissimo,83
enunciare,54
redazione,22
immobilismo,156
trasferimento,115
letteralmente,282
credit,158
compiacimento,231
terziario,161
ingroia,389
documentario,226
professionista,97
ortese,107
orizzonte,64
remoto,74
empoli,486
offerto,157
votarere,85
doppietta,821
ripetuto,68
palinsesto,96
sintedere,19
spazio,14
saturare,259
costume,109
prospettico,129
complementarietà,627
vicinanza,43
free,209
ignobile,537
salotto,56
cala,15
scherma,58
inesatto,123
emigrante,94
laser,86
miscela,157
vendita,178
sgarbo,39
alamos,85
ripor,9
legnare,327
primissimo,29
testuale,39
impervia,55
quotidianamente,58
cornice,28
tossicodipendenza,147
drammaticamente,330
iacopo,301
investimento,391
livore,163
toponomastica,40
gambia,271
pattino,102
terribilmente,255
databile,112
benevolo,35
johan,301
benedica,57
pacis,22
dragai,105
uccidare,170
idoneo,281
emma,11
curricolo,260
achillere,361
pensiero,437
imponente,30
ingiallito,250
scotland,53
immensamente,95
concepibile,249
saccaro,323
bramare,62
fortuna,267
scienziata,146
sorteggio,160
invadente,427
calmare,83
sorte,5
scorta,5
cippo,348
divismo,358
aeronavale,174
monzuno,114
spudorato,315
nutrere,55
blindare,9
lavorere,40
agopuntura,233
usci,31
articolo,34
cercase,25
isernia,437
autografo,147
ditema,192
pila,73
lago,117
pressoché,14
rush,20
parcines,15
acefalia,47
capitale,13
pigione,59
riempire,120
prefissato,154
bello,294
perforazione,195
duomo,149
score,16
manganellare,221
ribattere,231
tranviere,69
pesantissimo,50
dilaniare,103
ingmar,647
bonato,80
egregiamente,111
condoleezzo,45
infibulazione,284
piange,157
querela,74
allenamento,162
milva,118
insindacabilità,415
bagliore,206
resecare,231
donald,120
neutralizzare,312
rompere,77
metafora,492
maltrattamente,207
stupidere,275
infanticidio,195
gal,55
nettaro,26
stampella,37
lipare,228
arrivato,44
pressing,22
casato,422
maledetto,155
piacciare,539
napole,284
licato,51
cassaintegrato,225
chiudono,85
romanzesco,955
calura,58
onnicomprensivo,225
sabbatico,19
finalissima,211
processa,66
stagnazione,296
matrico,24
armata,119
rapale,56
ciclismo,164
pacificazione,171
colletto,64
californiano,238
isonzo,175
agnana,301
fico,6
empia,127
pancione,304
aviare,26
vezio,339
extraeuropeo,114
diffida,12
molecolare,476
sirone,493
voleeva,178
vespare,159
piacentina,343
privilegiato,81
babinsky,39
leporino,253
prevenire,112
cugnolo,678
denunciare,124
arenare,156
metà,101
mate,123
etnicamente,105
voltare,149
effigia,79
contaminazione,259
samuraio,129
oppino,53
risaputo,319
estatico,280
schermo,192
cadi,1
visitatore,65
greve,79
drammaturgico,541
astronomia,35
biografia,312
wilma,19
pervenire,50
osare,117
trionfalismo,366
fraternamente,83
sollecita,231
lubiana,64
rabbrividire,247
ufficialmente,70
giubbone,24
ponticello,415
rivero,103
arcidiocesi,56
cantello,554
infondare,292
comprovato,128
broncare,31
saporire,175
sermone,132
disattenzione,270
umanizzare,195
cucci,90
chiusa,42
brillante,176
elitario,675
accademice,85
jesolo,281
paritario,176
enumerare,55
montecco,144
buffone,725
scienziato,135
praticabile,272
calciatore,188
tipone,74
scioglimento,50
visuale,232
andar,32
conterare,120
disabile,73
esimere,101
renon,5
acquario,283
ellenico,58
eldo,203
verticalmente,106
beckett,736
gaietto,118
noce,45
risato,201
supereroi,413
imita,45
globe,95
trevigiare,360
discovery,159
chiacchierone,537
tagliero,92
mezz',32
marlon,886
sonora,117
anversa,80
quaccherismo,318
panico,97
incolpevole,150
cgil,113
fonderia,105
multidisciplinare,210
discesista,253
approntare,87
distrofia,28
costruire,112
popolato,118
traccio,49
oberto,21
ineluttabilità,568
honorem,40
puro,374
transizione,63
midere,261
svenere,241
bordeaux,127
garibaldo,93
topolino,121
cadrebbe,122
bellusco,35
cipriani,355
cuorgnè,1057
rieta,389
fax,13
grattare,95
cannataro,412
livellamento,271
concerta,53
riferare,140
preoccupato,219
imbroglo,83
anteguerra,21
paratia,11
dividire,38
traduttore,216
finanziare,125
alberto,200
paternità,38
moabo,64
tabe,61
tecnologicamente,229
mazzetta,71
panfilo,456
riaffiorare,326
satin,14
missionario,128
berte,70
bura,28
perdurante,205
scoperto,37
tenente,175
corrosivo,420
stroncare,30
velodromo,166
noma,15
completato,107
bhutan,104
surroga,14
ricchezza,140
stanare,25
salvaguardia,93
srotolare,562
amazzonico,215
caratterista,367
scanso,14
socio,81
dobermann,209
vedenti,14
moriva,141
florilegio,311
tabla,282
ciecare,125
precario,44
billia,857
prolifico,386
quotidianamento,53
sparuto,43
dipingere,218
affianco,48
frisona,37
zittire,497
corallo,49
poetico,802
recepire,118
cherubine,284
trevigiano,186
aquilone,184
pragare,71
millenario,254
giardiniere,386
ossola,24
pletora,10
frusta,18
conservatrico,358
eusebio,338
inflazionistico,210
sincere,222
albe,267
sicre,9
negoziante,65
procura,163
fatturazione,254
alienante,155
uzbeko,83
adeguire,415
rimedio,16
divertente,438
ferroso,196
taddea,339
marzio,321
pelé,222
numerosissimo,122
ambasciatore,51
insegnamente,172
doro,49
sardege,140
cosca,138
sessare,107
leonora,841
ironia,222
ricompensa,35
interpello,36
cavallino,135
gemella,28
sme,20
ghiacciato,385
intrico,342
invito,63
sociopolitico,1006
incuria,83
illustrato,184
lampada,405
sfondamento,62
comportare,375
padovano,212
raia,79
marley,867
ricercatrico,211
paletta,69
reggino,402
follemente,393
olmert,112
rodaro,322
zidano,559
infedele,13
malese,188
bustina,229
provere,64
ivan,67
schifaco,107
tiziare,121
indifferenziare,528
debutto,154
adele,140
assolve,22
thurman,1107
stabilmente,106
discreto,102
diversivo,262
trattino,112
salvato,88
delizia,417
natalia,227
saura,76
crea,11
sventurato,139
aumenteranno,76
convenzionare,124
virno,910
prire,141
dannato,97
acne,611
deterrenza,78
pubertà,9
mediamente,170
meneare,48
buttafuore,302
bazza,156
verdiano,312
censurare,138
supplementare,16
doppiare,83
cannibalismo,370
inerzia,204
dichiarante,102
basso,17
dernice,24
inoculare,448
antonino,445
divergente,109
svantaggiare,179
franchigia,78
tarozzo,617
patto,37
gipre,26
montefano,560
ironizzare,442
tabernacolo,342
comincino,141
extraurbano,234
immancabilmente,577
meg,549
boicottare,36
adente,217
vestitino,341
monoteismo,264
raggio,60
spielberg,330
incaricare,119
inflazionisticare,208
xxi,19
ristorante,162
questura,87
mundi,605
enunciato,80
abbandonare,322
eugenetico,203
costere,28
bufera,17
ceramo,62
cinquantadue,197
bazzotto,553
ambientale,134
mettere,55
correttamente,410
nepe,197
musicalità,553
inettitudine,662
informatore,167
entrambi,56
librare,182
fracassare,266
aborrire,138
trasformismo,574
mappamondo,154
anziano,165
animaletto,572
allore,89
amare,23
parasubordinato,291
trentenire,459
enucleare,30
argino,10
diciamocelo,127
veterinario,122
schermare,182
agostiniano,282
costellato,23
ospitare,87
numerato,81
comprere,192
prendiamoci,12
nevio,18
patrick,475
monumento,215
emotivamente,302
periodico,43
antinquinamento,93
strigliare,54
andreare,146
esperire,17
baleario,104
infettare,364
ontologico,630
travolre,154
eleggibile,30
cumulo,18
categorico,93
chiamiamolo,161
tifone,42
bruno,136
ingrediente,69
superstar,249
impegnere,130
opposo,71
catare,136
commissiona,51
fermissimo,213
kwasniewski,180
bozzetto,421
welfare,24
innamoramento,228
batch,81
trainare,58
amatore,107
castellania,319
susseguire,90
sturm,101
iorio,356
qualcoso,611
giunte,8
faticare,298
trivellazione,14
piffero,193
premonizione,234
rarità,213
facciamolo,141
affamare,155
comodo,157
disattese,57
disincentivare,364
inoltrato,51
meramente,777
carta,24
brolo,525
incendiare,253
generazione,54
bad,42
prefisso,20
indisponibilità,164
sciocchezza,318
kermessa,56
prepotente,154
frantumi,98
limpidamente,490
cavaliero,190
isa,3
capolinea,63
subalternare,373
anarchico,101
desidere,159
ferno,271
scompare,95
zar,61
inanello,303
login,3
lobby,13
quand,77
catarroso,82
lurido,176
impunità,62
stefaniare,385
stirare,1084
aumentere,140
adirare,174
cinisello,222
stupere,435
alino,169
dunia,11
resero,95
fazzoletto,479
spetto,10
alaire,72
orango,48
osserva,11
centrifugo,64
prevalgere,210
cupo,78
mancanza,124
concentrere,42
civilissimo,81
inducere,362
creazione,171
hanoi,85
lentissimo,84
criminalizzazione,559
disatteso,73
lavanderia,321
riconore,238
divago,15
riprendare,127
pale,30
commando,247
insensare,691
trophy,967
black,22
bikine,46
lungimirante,140
franchezza,316
limitrofe,100
centocinquantamila,126
romanesco,763
tollerare,335
propinare,293
oppositore,167
yuppy,548
paribus,72
intellighenzia,313
esaltato,672
memoria,82
roncà,103
tornai,43
triale,6
indipendentemente,564
frustrante,80
tampone,21
morbo,188
girandola,35
lumezzana,487
dominare,192
perentorio,53
ammiccare,463
riconversione,339
agitato,31
paparazzo,458
ritornere,37
doppiaggio,90
gave,30
filippino,106
diaspora,30
lettera,70
volessero,246
spettro,17
caronte,73
edice,41
sorretto,59
rapide,12
controffensiva,82
scadre,74
compìre,119
scavalcare,129
juventus,473
allattamento,245
impeto,84
montecare,95
omo,26
arpa,5
carnico,178
catanese,333
sapientemente,771
reagiranno,154
imbarazzato,301
cup,148
insonne,88
fluorescente,663
vegeto,55
insostenibilità,372
verifichere,175
virgola,5
trionfalmente,37
avogadro,229
sunto,9
rischere,51
applaudito,79
petrazzo,875
sfangai,82
umberto,25
vangelo,209
quadrino,162
elementare,71
metalmeccanico,179
polemicamente,158
rispettere,278
dirotto,30
colorito,416
statta,42
governana,60
compromette,258
favo,29
curzio,308
telemeccanico,95
cisco,31
campanio,162
rapidissimo,93
barzana,112
truffa,34
banalizzazione,947
sax,291
foga,121
catturato,173
nerola,11
musica,401
indefinitamente,331
accrescimento,310
utilitaria,47
assassinato,222
somarello,755
dimenticherò,524
costrutto,43
arizonare,304
pattugliare,267
hollywoodiani,260
parigi,96
giustamente,162
deprecabile,289
ninfa,442
scantinato,567
vienere,279
categoriale,161
porcellana,422
capellone,433
solliere,21
farciare,86
conviviale,95
dimagrante,95
sottostante,190
indecenza,424
tributo,20
ristoratore,76
ricettivo,337
fox,63
ustionato,125
lapidaria,30
sperdere,239
pacchetto,33
messa,10
disastrare,97
spegnimento,65
orerare,45
monfalcone,360
federalismo,105
musso,178
inflattivo,147
aquino,297
severissimo,30
derby,338
castell,440
ermanna,83
doveroso,236
cattività,261
coabitino,26
sterline,117
ducato,147
coppolo,296
raimondo,340
verifico,112
pattern,306
impiccagione,182
rifugiare,80
lenno,344
catalizzare,111
flessibile,199
beo,11
watt,15
disturbare,151
vitalità,407
portaerei,133
nessuno,182
decalogo,4
semiautomatico,97
definivo,138
cratere,221
carreggiata,198
fraseggio,651
mbeki,46
ascoltato,38
inciso,26
fuggiasco,104
almo,95
inerme,135
differenzia,247
carnale,201
endolo,47
ono,46
boccia,22
gravinare,239
propulsione,71
supercarcere,171
siedere,54
frangente,124
governassimo,91
pestaggio,244
mandarino,222
libera,81
demerito,45
spudoratamente,490
stabilizzazione,416
interpellato,20
ubicare,159
reportage,57
sifilide,207
nazi,17
joker,574
sbuca,345
annientato,226
gobio,37
evocato,772
ascendente,119
jagger,660
allegretto,493
plaudere,46
disabitato,155
jonathan,467
veraco,38
consolo,174
ruppia,59
sovere,103
comore,49
compromessi,196
friedrich,359
aosta,29
riconfermato,113
avellinese,390
ritaglio,72
tolgono,26
dilatare,87
capitaneria,199
camice,328
capere,37
psicosomatico,466
depressionario,171
consiglia,28
bancacciare,344
ultimissimo,102
von,178
illustrativo,125
lette,94
nazionalsocialista,523
fiabesco,135
sorgente,279
base,31
inseguita,79
sinistramente,53
lisi,45
schiacciante,34
dette,245
dovunque,7
credire,50
crebbero,112
angheria,74
arcivescovo,105
incredula,221
bariano,643
riino,133
classista,185
assumo,15
visconteo,167
prevalse,99
cerami,16
divampare,140
segnatamente,262
irrevocabile,40
procederare,80
manuale,51
intatto,79
itaca,11
salere,45
immore,41
timidamente,167
autarchia,145
ritratto,229
incubatrice,328
tipologia,340
fidanzata,324
profumato,338
bandinello,704
leonardo,81
preferiere,60
inconsistenza,766
stereo,168
peccioli,169
ventura,40
anhoè,3
capacita,190
presupposta,411
tuto,15
brunello,627
contropieda,243
interlocutorio,113
dimostravare,166
blu,28
collateralismo,299
amaco,76
praticare,90
ovocita,281
coredere,213
trambusto,163
stonato,293
faule,172
allacciamento,207
banchiere,32
gettito,317
botola,657
dos,35
affe,45
pigiama,409
lupetto,183
panettone,93
sparpagliare,319
opportunità,31
bracco,186
trasformino,67
raccoglere,27
fronteggiano,62
veroneso,131
todare,156
giovare,12
cocteau,621
country,433
emergenzo,26
airlines,77
wayne,917
orrendo,179
volpi,211
quietare,123
docile,55
losco,101
vaie,623
achilla,57
infermo,35
intonato,270
pressanto,65
maria,374
risibile,198
albo,14
hall,42
aizzo,505
lion,677
identità,79
alese,124
spezzone,43
assedio,37
frontaliero,10
angosciato,277
precongressuale,76
convissere,239
malvagia,236
recensire,172
distese,350
preda,54
libération,105
renaud,103
mao,51
diffuso,22
acqueforte,176
unilateralmente,37
strumentazione,354
lapidazione,82
rigidissimo,251
calibrare,104
riunitosi,50
prussia,113
leccese,137
molto,169
dominique,122
incidare,292
efferare,245
animoso,69
ripamonte,186
ritardato,61
etimologia,612
magazzino,187
martellante,38
migrante,43
mappa,26
alternativa,71
fiorenza,710
fideiussione,113
melo,87
appassionare,101
educaticelo,114
moralizzazione,628
fraudolento,135
sadico,155
onirico,661
sontuoso,276
svincolo,121
esasperante,519
incoronazione,82
materia,176
povera,61
gentiluomo,206
indebolimento,411
medagliere,62
abbi,181
sinfonico,146
incongrua,293
piatto,152
scommettitore,27
finezza,517
angine,44
tute,12
esire,18
magliaro,338
warner,65
rimescolamento,238
clonare,103
selvaggiamente,129
whisky,74
presentare,103
alternare,193
plere,45
eredere,132
biliardo,40
oltremare,46
possessore,79
lungometragge,198
negare,199
nell',6
asciugamano,984
difficoltoso,90
aurelia,106
interrare,215
celia,57
buie,26
calice,101
calmo,76
biancheria,256
ascii,13
ignude,98
aerospaziale,135
pessimismo,128
raffinazione,235
scommesso,32
ambientare,309
futuribile,492
galileo,14
indirai,157
gremito,188
boliere,361
sfortuna,263
astoria,198
canossa,203
vendetta,164
himalaya,126
sbeffeggiare,574
plus,12
sant,24
anatomico,276
hunt,619
fiorente,147
incontrere,95
sepolto,135
rino,38
ponza,17
magistero,145
ferroviero,114
sgocciolo,37
collant,152
addensamente,179
sostare,359
dializzo,7
alesai,111
triestino,162
dodo,681
assunta,49
adorno,84
sciovinismo,632
volantino,60
nazionalisti,369
urbanizzazione,385
esecuzione,25
mobilitazione,78
dorotea,343
nazario,110
infedelo,27
vanessa,701
fische,74
trapiantato,354
ombroso,132
quantomeno,436
celto,31
sanzione,119
sarcastico,632
monopolo,49
astra,151
distribuito,85
rispondere,139
paramilitare,250
sonny,747
reprettere,93
sospendare,162
inappellabile,209
foleno,101
vibrato,82
assa,10
navata,123
elvio,123
appresare,65
colono,133
gerino,637
petale,76
sommerse,65
fuorché,95
paludoso,280
bowl,110
tamara,429
disintegrare,119
privatizzare,79
resistire,60
interruppe,24
forbes,25
indeciso,61
intuizione,261
samantare,242
opportunista,218
critica,107
calenda,15
campania,118
saggista,397
interessata,174
intanto,82
maglietto,384
incoscienza,313
incompleta,41
lungarno,139
organicamente,195
ridistribuzione,440
sconcio,81
intervennero,29
baggiani,401
floppy,132
labirinte,59
filodiffusione,59
rabbinico,54
ingegnerio,85
lionello,466
libidina,258
indicizzare,215
consone,22
plebiscitario,232
sabatina,111
gelata,131
unificante,367
circuire,5
locomotiva,13
rasoio,34
voluminoso,59
terroristica,103
ilarità,24
convenire,423
vanni,26
hangar,80
debitore,54
bacare,308
camorristo,215
abbraccio,109
petardo,259
tabaccare,68
stabilire,307
sfrattato,29
mistificare,857
rischare,119
letterato,655
beneficiario,210
iperbolico,72
bidè,353
spremere,143
politicizzare,495
tipicità,359
nubi,139
ariel,129
murphy,686
pato,5
protrare,39
malamente,332
propensione,271
dici,30
multipla,56
paiere,101
reo,9
adibire,127
ricevimento,57
motorizzato,100
scindere,236
sudore,185
bona,389
aggettivo,322
asteno,17
migliaio,94
brade,50
galatasaray,331
jacobi,222
barco,156
assicurato,151
bizzarro,490
arrabbiato,516
unitario,152
capirossi,240
nervosamente,419
antea,13
ammisero,48
unanimità,97
paglia,469
acate,56
state,134
difendare,151
scomparso,148
influsso,49
causalità,385
compromettere,335
gaffa,26
semestre,24
toto,27
eterogeneità,750
arruolamento,72
filato,254
micca,101
vodafone,146
proscenio,66
metteranno,73
adolescenza,143
concettualizzare,779
caltagirone,204
contraddetto,336
ustico,9
incruento,169
silea,135
calzino,346
superbie,358
bomboniera,145
corrispettivo,166
cosmopolitico,614
inoppugnabile,299
aitante,106
reni,20
accompagnato,67
teologia,293
fassbinder,775
mancavare,64
nanne,65
carrozzone,96
ciao,29
biotta,362
ambito,38
ingrano,67
nissan,109
eglino,969
npr,38
monetario,86
roca,16
clic,32
atto,45
instancabile,82
blada,296
koizumi,92
comacchio,480
sessione,39
sagra,101
lariano,81
paole,644
abadesso,112
alfonso,87
protagonismo,417
qualità,128
azzera,7
medichare,56
provvidenziale,43
puramente,490
battaglione,115
cubare,68
ciminiere,439
comprire,107
rore,280
bisenzioo,215
celestino,186
obbligare,224
ame,24
nonstop,28
candidata,108
meridione,112
tappone,303
usum,73
correggio,132
tornado,100
scientology,106
zafferano,177
accompagnere,104
pipetta,271
rialzare,147
antropico,197
mikado,110
egadi,33
sperimenta,89
rampone,182
ritardo,42
gola,11
qui,165
ricoperto,233
inchinare,305
ipnotizzare,645
settare,152
imparentare,141
onu,108
fine,34
minerva,117
accolgere,87
alcunché,108
osservanza,163
mediobanca,129
pelle,89
parallelamente,125
mello,69
scranne,17
gianfranco,56
chimico,81
ateniese,11
strage,75
pressare,215
costituìre,61
separato,36
arancia,215
fervido,49
gratis,36
graffo,36
morandi,219
orchestra,270
costrinsero,223
collegialmente,321
smettere,320
definere,92
ois,95
produre,87
casaretto,1066
stravinso,378
concettualizzazione,1048
rivoluzionare,67
assassinio,119
cautelativo,216
ella,25
greto,2
bire,146
elencazione,177
immobile,68
lavastoviglie,22
vociferare,68
gala,12
rotonda,110
palare,66
deprivare,380
decoroso,39
vermont,104
sanguigno,241
acquarello,927
fondere,101
ipermercato,112
maltese,14
papete,104
turbativo,74
ricicla,22
groppone,24
mimetizzare,421
medicalmente,53
rionale,125
ingiurio,140
unilateralismo,298
supera,29
selzo,18
meneo,67
ritardare,144
facente,40
intossicazione,489
configurare,395
cappuccino,371
coinvolgare,73
macbeth,294
bocciato,44
pontida,37
ristoro,35
fondare,27
volume,113
biodo,326
fenice,29
moscerino,114
celluloida,394
misurato,192
rna,14
dimezzare,80
montepremi,37
debellare,45
triplicare,221
indomabile,101
internazionalizzare,438
modem,114
apollo,49
erre,238
traghetto,171
espositivo,236
stupende,766
vertiginosio,87
gateau,439
sindacale,156
quattro,143
afta,24
neno,7
macelleria,7
cronologia,120
pax,1
arremba,88
faro,12
elizabeth,344
sentore,123
rompicoglione,41
rettangolare,442
insalata,212
esportazione,144
patata,74
casalgrandere,217
formalizzare,250
popolo,41
scola,121
mediante,175
biden,101
parlamento,125
aggravato,208
pongano,64
nicaragua,132
commissariare,50
italiana,33
tullia,32
zolla,105
monoteistico,377
jeb,69
charlie,515
shaker,325
appunto,553
infamo,111
vadano,148
rispondente,135
introverso,120
occhione,366
questore,101
angolino,250
compiaciere,510
rovinare,155
iniziato,61
ingaggiala,68
valutazione,267
anestesia,286
ottomano,91
pacamo,66
anarchica,120
scatenare,119
tiburtino,187
galles,73
bollettino,28
occupo,35
neonato,142
neoassunto,299
secchio,339
incapacità,213
alfia,32
cameron,682
castrato,331
exploito,107
calcistico,184
erogante,12
montedison,136
pizzicato,205
orsetto,124
bordone,50
inclusivo,321
saccone,108
reaganre,43
eone,165
monsano,67
contribuirà,37
accusandolo,186
social,35
religione,108
sprofondare,368
pie,1
how,56
solitamente,148
cartolino,33
pascolare,173
inafferrabile,543
bond,67
partito,281
decidere,230
stappare,192
dissenso,204
piovasco,222
laureale,186
hill,51
lobbie,23
terminal,176
facie,2
quant,6
eclissa,123
geopolitica,100
pronunciare,111
abbere,71
cita,15
sentire,312
floyd,456
dome,49
masaniello,173
quadratura,109
erariale,143
nobiliare,102
quantificabile,300
caposcuola,157
mattia,67
pasticciare,252
punito,71
elo,1
senese,205
terrasino,1502
kafelnikov,298
falasco,676
metterebbe,206
giuliana,375
rifondazione,179
tagiko,131
ruota,57
addettare,45
trascurabile,397
controllare,87
culmine,37
proverebbero,131
trasportare,201
regalare,303
pasco,111
microspia,89
contesa,76
notazione,131
montecitorio,113
sketch,127
captare,50
santità,175
vertiginoso,92
fluiscere,16
baker,221
banalmente,401
rimostranza,139
thornton,258
sottraere,181
firmare,32
delillo,1180
debilitare,193
phylum,686
rompe,18
tirannia,101
etiopo,178
allagamente,258
neurologia,270
apprendare,134
mit,134
sappia,209
meriggio,111
acere,101
gaetano,444
svestire,477
cebo,277
bassolo,46
bendame,128
clientela,136
farkas,246
precursore,77
scontrino,94
ritenuta,243
immatura,52
poster,157
regio,39
eccellenza,122
storiografia,447
morder,213
galero,171
incalzante,149
circondario,184
terrorismo,75
riformista,241
escoriazione,190
approvi,105
cadenza,42
bufale,83
volta,185
dimissione,74
volto,184
pitto,304
rominare,95
pola,25
allagato,272
affettire,182
dicace,29
portatile,196
finta,254
superstite,57
vagliare,187
mondana,47
parentesi,131
mccurry,178
condizionato,31
deserto,182
profilattico,267
cameretta,179
ritenendolare,186
imbecille,251
secondario,129
divo,244
disdegnare,364
contante,267
tematica,191
inasto,0
bellicoso,117
rosamaria,66
brigando,119
deborah,161
reversibilità,407
assolino,125
charter,76
burattine,15
sintetizza,83
cangiante,690
pressante,80
piovuto,33
scoperta,170
laicizzazione,620
giornalismo,106
innesto,48
imbracciare,587
eletta,79
cometa,66
corallino,94
trezzo,190
arpino,70
apertissimo,60
mel,491
pertinente,179
calaze,374
carbonare,34
pretta,55
cirillo,466
magno,37
complottare,185
taras,92
alae,41
moro,67
idiomio,27
miracoloso,53
infinite,121
ardere,102
ionico,245
sgambettare,400
festival,151
consegnato,70
discernere,82
sconfitto,153
altman,931
asteroidio,253
entrato,123
padore,438
papà,244
campionatura,230
preliminarmente,172
spicca,57
patrico,130
gavetta,300
salvòre,174
nevere,208
figurato,97
parere,315
lincoln,75
consociata,66
pungolo,19
recidivo,105
raccolgo,22
nalle,86
paddock,458
deutsca,192
polline,176
sordio,65
valente,545
dominanto,347
gignese,85
inizio,107
pipì,212
birra,200
mobiliario,168
fare,938
adone,168
lasciapassare,66
andro,107
lia,42
lucillo,50
wertmuller,629
ione,13
legato,11
emesso,60
radiohead,535
paglierine,434
dandy,250
fondazione,30
orizzonto,91
scippio,105
incacato,92
neoliberismo,450
massimizzare,266
crisafullo,488
carrello,111
fluisce,11
chiavaco,340
sballare,153
teutonico,289
baffetto,289
educativo,176
cardoso,51
vajont,3
priolo,27
ottengare,217
ribalta,20
chire,41
venuti,8
gemina,76
mangare,131
conservativo,85
idealità,811
fila,17
inquadro,19
elbano,83
negoziabile,85
sconvolgere,162
concere,20
agriturismo,140
scrivo,70
reclamizzare,159
senza,58
immigrato,72
salvataggio,14
falange,30
diradare,78
gabriela,157
ripio,4
vacuità,642
ventilatore,17
glielo,120
strangolare,218
umbrio,31
facilità,47
ottomila,77
arrotolare,465
permanentemente,169
diavole,112
calpestato,63
indicizzazione,623
sito,42
barbia,89
estraere,192
esterino,95
leaderismo,425
riservatissimo,85
riprodure,176
molecola,341
farmacista,122
spartaco,76
inviata,17
induismo,410
equilibrare,176
constare,53
sospirare,128
irrealistico,281
telto,154
morfologico,485
mattatore,252
cune,4
giornalino,83
bonaccia,530
moscovite,42
rifiutavare,267
fellino,28
restyling,28
baldassare,199
figurante,395
studente,69
baldanza,105
dotta,52
manico,844
facciata,119
schivare,664
channel,197
dimettere,70
terremoto,60
uri,124
paranormale,550
tramandare,635
perugino,206
devozione,297
giovannino,708
pellicola,307
maiere,58
trafford,32
santino,622
cormano,139
refrattario,316
africa,137
specificamente,433
cosse,16
risarcimento,61
ritenare,127
barriera,26
howard,1038
avvilente,526
spacciatore,366
irrazionale,659
sospesa,52
farabutto,128
diagnostico,361
code,4
mostare,72
linguistica,310
dizione,91
metano,307
magnificare,292
girasola,690
contribuzione,324
aeronautico,22
crollare,79
ralphare,529
campobasso,229
pasquale,205
prealpino,177
ambiguità,366
epoca,61
comprese,319
soffiantiso,87
raccomandazione,70
xenofobi,138
identico,67
bezzo,1010
dardanelli,256
richardson,711
mezzano,280
legnano,285
rufina,432
mammografia,397
abasie,537
provinciare,252
comino,13
telelavoratore,245
aude,60
malmenare,614
duran,55
romaeuropa,411
sciarpa,533
remunerazione,484
gergo,15
potenziare,314
simile,164
infinitesimale,209
raion,123
attenere,572
stagnone,70
cusago,173
gelosamente,81
unicamente,407
napolitano,151
apoteoso,221
notissimo,562
distratto,471
eleonorare,771
proporzionale,104
avocazione,139
mante,20
oblio,55
portinario,37
pinguino,151
caparbio,91
ceco,72
blake,782
anfitrione,21
affarismo,366
semina,10
organico,122
ammissibilità,431
impulso,39
accorserare,452
acquisito,181
fissazione,474
cardiovascolare,463
pennarello,565
adolescenziale,272
neofascista,118
allunghare,54
altamente,91
neil,105
bloccò,21
esasperato,568
stampare,202
migranto,57
baleno,18
arso,37
trasformere,81
stiglio,18
averno,344
apprendistato,124
ponente,158
scientificamente,342
superiorità,80
stimare,29
verva,371
iniziativa,44
economa,79
terracotta,754
soprannumero,235
trifoglio,153
opzionale,183
avulso,86
imputato,184
dirottamento,115
cagliario,425
fioruccio,845
fortemente,208
canna,160
essen,44
rotante,169
operavare,111
percentualmente,236
portamento,80
previe,85
estrado,17
perno,60
cre,11
gero,92
lucca,210
paulo,208
attitudino,606
bisnonno,247
preponderante,322
lamentela,93
cantù,152
valentino,262
offendere,344
auspicato,208
genovendere,146
giacobino,305
dozzina,142
aliano,164
crack,17
scacco,10
reiterare,151
notiziario,95
mariangela,698
panchina,413
strode,57
abbondanza,143
tartufo,51
streep,787
barzago,33
benone,188
sopito,60
templio,117
svolre,77
deflagrante,95
mauro,469
master,25
corato,300
autobiografico,332
adelfo,38
orio,90
anice,119
arbusto,702
derivere,276
incendiato,296
confederante,107
malcelato,484
indecisione,123
casco,25
espressivo,1041
rossella,54
insufficienza,147
interro,35
nebraska,171
compare,283
minorile,46
civitare,75
cantando,308
anello,11
transumanza,169
addietro,53
temperamento,628
riessere,119
sproporzionare,116
insolvenza,73
volire,182
bip,19
ligneo,158
scolpire,304
adelmo,260
nusseibeh,132
rabbia,158
happening,159
istruttorio,177
arrinire,70
cittadine,23
ranieri,24
assolvere,68
lombardare,75
philadelphia,464
cedola,93
nomine,44
avvenere,54
sacrestia,243
ansiolitico,765
aspromonte,413
guancia,320
impongano,84
alaio,78
sottosegretario,44
rifluire,85
finestrino,598
sospensivo,122
congare,57
carriera,31
ritenne,22
pastorale,161
paolini,155
safina,11
caruccio,914
risorto,163
touca,5
scorpione,31
autotrasportatore,102
affluire,28
profugo,98
alunno,77
legislatura,57
sparizione,75
sieropositivo,287
simulazione,103
ingorgo,62
precipitosamente,90
spola,83
certosa,69
manforte,3
scritto,282
elencare,42
solbesre,63
ecci,44
nottingham,185
rientrare,84
soffice,135
deprime,77
fiorito,201
oliveiro,424
todt,65
assistenzialista,335
ippodromo,140
dietetico,296
zucca,133
egualmente,268
annido,14
personalissimo,395
pubblica,92
alvo,13
necessario,322
indubbia,127
soma,99
avvelenamento,149
mozzicone,378
champagna,113
superstrada,164
lodevole,51
magnifica,70
kohl,117
forbice,3
ancare,147
amalia,377
tipografia,121
nordamericana,96
narcisismo,773
censore,20
barnfield,647
avvalsi,41
stralci,22
seno,15
stipulare,92
ricomincia,50
vertiginosamente,122
gallese,39
rimanente,26
ripetire,94
distribuere,85
altr,8
scot,38
spillo,619
emilio,397
quarant,245
situare,181
antimeridiano,4
tesi,28
schiettezza,195
renderebberare,346
candela,86
tallonare,127
arai,469
lume,5
casermone,208
mammella,471
colza,58
umiliato,103
parsimonia,119
merenda,86
sotterrare,204
agostana,116
incondizionato,146
invasare,416
apprendista,45
giacché,441
uguccione,666
privilegio,183
fatalità,273
consorziare,84
foto,64
giuseppino,599
instituto,319
disumanità,287
cubano,93
arma,29
misuro,76
cioè,561
grondare,184
grisou,30
goffo,105
derubare,354
piceno,143
classifica,131
ciee,22
sussidiarietà,458
capitolino,142
altoparlante,140
accusò,148
agra,10
salazar,26
famigerare,25
lanzillotto,86
maestria,243
aleeme,132
procrastinare,421
scadenzare,62
cantonale,16
biomedicina,284
ebola,171
trapiante,274
fatica,105
accumulazione,555
efrem,113
pomeridiano,92
assegno,196
romeo,37
damon,410
daschle,45
ninna,182
