token,degree
disputato,328
disarmante,203
attutire,65
stravagante,461
indicazione,153
coccodrillo,262
prepoter,24
qualcos,284
incolonnare,182
clouseau,161
alma,17
possiare,142
duella,64
speditamente,85
attivato,68
indio,151
adeguamento,478
farere,403
aggiuntivo,472
zelo,44
caraibico,176
coniglio,164
tbilisi,186
mediatore,30
scandinavo,123
creale,30
vuotar,141
bugnara,145
dopoché,44
illuminazione,228
fiorellino,623
caletto,242
amaranto,228
resterà,51
madia,38
negoziale,105
dirottare,75
groenlandia,209
paraggio,167
conteso,41
provochare,158
impressionere,133
gandare,41
attecchire,156
qualunquista,671
vola,10
arzillo,542
rosi,155
risapere,552
irresponsabilità,467
occhiello,88
riscrivere,147
maranello,169
fiuggine,9
honecker,59
stupide,353
massino,148
toscanino,374
caratterizzare,201
gabbano,56
mandello,203
estonia,161
approdano,70
prosciogliere,168
item,34
paniero,184
sofferente,355
rigone,509
pronuncare,129
kravciuk,151
gie,32
sepolcro,234
transito,108
erno,72
baretto,1287
installazione,191
beneficiare,151
soio,12
riina,156
interrogato,163
intensificazione,197
brandt,48
antropologi,275
occultare,139
incoerente,621
indonesiano,315
eluso,5
giornare,98
negatività,293
javlinskij,76
italice,13
saltato,39
vecchiare,412
dalmare,130
nipponico,54
omertà,93
controriforma,137
piduista,78
caldo,93
delega,144
charlotte,675
barbaresco,244
revisionismo,473
apertare,45
coccia,179
risone,29
appio,63
lite,42
compostezza,474
giornalistico,95
accollo,67
piede,109
entrala,14
bailamme,87
inserto,120
corretre,259
profeto,151
volontà,225
varesine,307
mitigare,372
capitao,48
fronde,6
esigente,133
arrola,970
impedìre,32
finiva,128
olbia,160
sobbalzare,305
cooperatore,59
riproduzione,359
prelievo,165
costruttore,55
motors,129
ingestione,204
simposo,200
fiela,19
mathi,26
stiro,20
austerità,44
riferendosare,352
debello,81
cd',1
coscia,117
divengare,244
gorizia,139
eruzione,179
iil,0
femminista,142
michalkov,181
elisabetta,51
rosolino,461
breme,250
mirna,171
probabilmente,445
suocera,358
solgere,186
sunna,44
scavato,210
arbitrario,377
antartida,172
media,48
esibizione,129
inutilizzabile,292
stanziamento,180
travaso,13
quali,78
sottofondo,507
olimpiadi,146
nunziatura,37
rapo,6
elettorare,174
fendo,6
brutta,110
mieta,20
illecito,131
erasmo,59
cabotaggio,19
modigliani,33
inni,53
cagare,112
illazione,150
sussulto,162
imputo,44
canicola,274
assurda,119
iare,323
idoneità,95
rigido,68
tour,87
rosalia,418
incontro,75
toccato,53
factoring,103
interesse,29
dandolo,18
federatetico,44
nutrito,32
iugoslave,159
fedelissimie,108
nando,23
oppostere,183
cembra,11
parilo,122
sbagliato,186
morto,93
carenerao,56
giocare,213
avare,135
mattio,74
disincantato,534
abbaiare,226
condiziona,70
imbottire,434
cattedre,48
rapallo,216
levone,21
presidium,187
invecchiato,80
soci,20
deutsche,40
esplicare,622
sponda,27
giungle,54
cartiera,44
frullo,57
apportato,177
greeicy,114
riserbo,26
brennero,28
evocare,378
achilia,146
ghiretto,192
acrere,81
villone,71
zootecnico,187
abortivo,54
opzione,20
chieder,130
armatura,66
travalicare,224
irenica,181
ricostruito,64
accostamento,331
ciclicamente,132
strategia,117
specchio,72
emarginazione,406
gippone,225
navigatore,107
meteorologico,55
cosmetico,168
account,255
amorosamente,207
maiuscola,10
inconsapevole,609
consultazione,98
ponderoso,100
acce,18
risolutivo,122
eversore,92
agiva,134
densità,68
ado,4
sfacciare,743
boldone,53
fiatone,36
triade,15
postere,101
caviglia,179
ranch,76
argentino,124
ronca,13
viaggio,44
demetrio,127
congiurare,236
defilé,5
silverstone,200
risultato,67
marra,26
calciato,300
cubani,68
investilo,56
cinquantacinque,205
pentapartito,139
gastronomico,120
nipotina,376
loquace,138
precisazione,240
generalo,25
persico,57
classificazione,196
libanese,248
fantino,257
mazurca,779
scalino,220
espropriare,117
crudeltà,469
cordo,110
lontanissimo,326
maxi,2
balistico,50
esistare,211
orrenda,201
diccio,183
paca,10
telecronista,153
cavalier,25
lodato,82
guidato,10
rassicurare,246
eiare,360
massicciamente,143
macello,16
umanistico,401
chiamandolo,54
profumo,310
bardolino,729
antologia,386
telestampa,88
panchià,121
luccio,214
amorosa,83
pendine,338
anidride,209
prosa,85
einaude,145
brandello,206
regolarità,132
subdolo,553
insoluto,32
corresponsabile,290
padrono,112
repentinamente,142
rivelalo,104
indisturbato,216
liceo,63
jugoslare,95
pollica,17
valicano,7
ridiventare,297
pensare,1029
interconnessione,244
liguria,53
svogliere,96
smottamento,349
arrena,116
eccezionalmente,203
esiliare,108
destabilizzante,355
turing,37
mannellare,51
tradimento,142
disapprovazione,139
loca,15
infame,298
estremismo,548
contraddittorietà,987
mandanto,224
portaereo,189
libazione,90
dondo,64
gomitata,191
ghibellina,148
introito,233
sottolineato,309
accresciuto,230
fiducie,31
ruga,150
nattare,208
comando,60
boccone,14
icone,36
vicedirettore,43
pcio,96
asciugare,327
sospinto,180
rocchetta,197
puntano,79
extracomunitare,105
bang,70
deformare,563
incentivazione,891
violinista,426
tassare,150
telex,53
refettorio,15
lezio,7
scott,475
manarese,437
rilegare,189
preoccupo,143
riesumazione,31
contempo,265
mengere,200
veleni,43
favoreggiamento,308
giacolone,386
aires,68
ariccia,98
coerentemere,583
pomore,90
pace,45
codificare,160
appropriato,335
censorio,57
soap,86
ogniqualvolto,182
parse,31
ree,462
avvertenza,59
sfruz,2
passivamente,228
capriccio,520
obietta,68
fiammetta,115
illegalmente,55
strenuamente,170
arretramente,83
giudichere,174
sovvenzionare,163
parodo,471
antigraffio,36
imago,132
favore,29
honoris,32
bottego,14
lailare,251
impotente,252
mangiamelo,109
traliccio,195
age,4
linifrp,356
italiaradio,36
acqui,70
vivacizzare,247
metabolizzare,565
soglia,17
differenziato,703
cerezo,378
affanno,141
royal,333
center,98
ludovico,49
vitaliziante,44
quantomai,196
riammettere,44
cantore,80
senatore,133
atmosfera,99
bonificare,90
censivo,13
proteggare,82
rientravare,91
tridimensionale,323
meditazione,649
vietato,44
vitale,7
aden,230
bernardino,642
finto,231
escano,8
sussurro,194
secreto,10
maschera,260
antonia,98
tortura,89
hitler,106
giova,52
arrangiare,106
barchino,167
sterno,20
piemonte,65
innare,170
semino,11
casa,63
rispondare,185
diffusa,44
umanesimo,547
strettissimo,40
vescovo,96
tragedia,95
umanitario,82
unitaria,107
starfield,168
bitter,206
titolone,24
tabula,2
diapositiva,223
parona,295
prestazione,101
catalano,332
esile,37
salato,46
roncone,352
maggiorazione,507
graduatorio,27
rivetto,156
piacevolmente,402
inusuale,225
coppietta,394
adir,47
spaesare,754
faoe,50
grembo,174
marchesa,609
semafore,116
gabriella,846
compatibile,252
detentivo,88
rabbioso,356
corporativismo,500
innevato,467
fuoriclasse,449
tirrenico,190
monsone,176
dipendere,430
intravisto,67
astuta,53
decentemente,584
vacante,40
trattato,57
procedura,110
pretattico,84
transnazionale,622
attendibili,125
fernare,163
novella,260
inameno,243
nautica,36
smodato,186
pensere,207
ballato,413
balzello,40
sopravvivare,546
universalmente,716
intervenire,70
armeni,124
salii,47
liscio,21
battocco,71
capofilere,47
potenzialità,468
impere,11
permettere,340
élita,401
statico,753
anticipalo,64
borsello,97
choc,4
maestranza,58
diversissimi,315
azienda,226
universalismo,825
mirella,227
valle,36
attanagliare,394
eredita,15
altitudine,134
ondare,158
pianificazione,278
compenetrazione,732
feriamo,29
apocalittico,227
guadagna,70
rimescolare,205
nicco,45
metropolitano,58
seminare,130
cespi,26
infelicità,535
cartesio,196
podio,241
sospetto,163
caldaia,168
ciminà,69
marto,162
baciare,742
sopravvivo,111
oglio,557
telecamera,77
assemblaggio,162
gemito,11
meccanismo,119
nutre,35
zione,7
apricela,17
divenere,101
settimanale,92
sellerio,32
assagliere,235
chitarrista,246
continuire,457
ritenendolo,168
dicastero,44
incamerare,191
khartoum,395
margherito,26
fiancheggiatore,173
attentamente,219
fusco,819
impronta,42
vivacemente,136
venanzio,332
fab,335
gev,268
ripeto,215
deprere,56
crema,47
uva,20
fiscalizzare,372
ricattatore,133
bonucci,681
alitale,107
dilatazione,687
lancetta,13
pro,55
opinionista,86
sapevare,351
usata,69
mine,67
movenza,324
pallottola,211
ficcare,341
precariato,119
bracciare,345
scalpello,322
supposizione,909
marxiano,491
vigiliare,176
batosta,81
affaristico,280
timor,21
scadenza,76
ingiustamente,213
muta,19
portabandiera,131
supersonico,144
notale,113
tavoletta,498
pensalo,355
prassi,256
serdiano,502
esporre,59
mitologico,977
sapienza,68
dopolavoro,43
aviv,94
sottosuolo,169
automatico,64
bridge,359
velturno,78
avvistamento,136
gobi,34
emisfero,73
panchine,167
lasciandolo,128
moretto,453
chopin,116
pari,51
intervistare,103
previsto,234
fasullo,0
honda,137
tronco,59
ambientalismo,328
picconare,84
triglia,171
gobo,23
inconcepibile,1068
spumante,237
confido,91
quadrilatero,12
reco,19
fallaco,138
affiatamento,102
cellere,82
assaggio,142
ponzale,32
sbancare,172
bautta,428
marzotto,339
cernomyrdin,132
trotto,238
elda,22
rivolere,193
quadretto,624
scandagliare,328
preparativo,43
afoso,57
ardare,308
garavaglia,16
arcadia,8
cantino,455
illimitare,146
cogefar,230
mercede,182
catenaccio,265
monumentale,287
pagaie,112
qualitativamente,473
spingare,617
solidaria,51
maputo,224
lucchese,261
lituania,209
bloccar,84
antiproiettile,115
guerina,288
contengare,503
plodio,53
ricomparire,121
adornare,240
unità,16
efedre,62
fondalo,16
medina,41
sottrare,245
diffondono,49
volentieri,201
letteratura,400
profonde,32
integrazionere,107
incrostazione,337
guardavare,264
sacchi,75
battuta,92
petrarca,74
hoè,584
rivalità,74
pontino,423
filma,86
pauroso,198
depurare,70
aronne,365
stoccata,87
spuntato,139
termine,22
antipatico,661
perversa,220
torrazzare,165
doppler,23
inaspettatamente,466
pierfrancesco,311
sciabola,101
ripetere,438
connore,236
navetto,149
guatemala,94
manfredi,136
pulsante,63
beneficare,73
accaddo,14
dacio,16
aiutare,244
divenire,64
screditare,336
pariga,64
chiara,247
prevalentemente,234
verma,136
fiala,56
concretizzare,310
socialismo,350
sales,16
teo,342
dismettere,183
claudia,217
recitale,469
britannica,94
precipizio,117
ingrare,172
carpi,193
ischio,14
ferocemente,242
galliardo,205
riappacificazione,366
conci,70
truman,192
prevedibilmente,287
picasso,190
sentimentalismo,721
settantacinque,201
saba,6
attizzare,220
conservare,103
bloccata,82
estrapolare,227
aliena,168
electric,132
into,95
avvedere,440
sollecito,131
principessa,147
imi,119
mero,44
settentrione,157
etnico,58
cellare,236
aversa,128
giallie,397
gelare,58
tengare,229
sottopore,56
risposero,59
qualunquismo,590
adagiare,339
riscontrato,180
notte,39
frattura,80
remigio,289
attacco,86
rambaldo,545
congestionare,281
ipso,0
cabrino,359
spezzato,124
merlone,118
metodico,145
mimo,58
friulo,81
leva,4
cee,40
anticonformista,245
scarpetta,170
propriamente,609
convenere,51
infestazione,107
tode,44
combinata,189
henri,173
borsare,33
imporre,323
sussistere,314
ascendere,122
slum,91
rouletta,47
razionalità,1232
antina,76
oliveira,448
termitano,136
rammento,50
oralmente,308
epistemologico,703
documentale,141
comporre,65
residenziale,200
piere,31
lusinga,67
blue,125
assistenzialismo,831
prostituzione,225
associazionismo,113
polacca,89
sopperire,165
bonn,87
geometra,41
autodisciplina,45
strettare,76
orale,45
nebiolo,59
stratega,31
silvio,48
romualdo,524
savonese,170
pagalo,75
intuitivo,632
sta',36
quirino,368
militarizzato,234
evacuato,182
ceceno,236
gallico,202
bevuto,45
contenere,102
democraticità,554
dondolare,360
feccia,46
decurre,45
estensivo,155
frato,407
uisp,30
vere,398
fregatura,179
aiace,28
apaco,78
orrolo,89
disputare,404
brutale,373
gare,43
bolzano,48
petrello,670
baone,226
mutare,229
blando,71
calamità,74
cadillac,222
cannella,373
hha,14
partirere,109
valoroso,75
sintomo,284
sportività,61
crane,112
uscente,157
predestina,362
viceministro,118
controproposta,143
filmo,42
rannicchiare,915
ernesto,107
stabilizzare,230
dopodiché,60
roggere,21
importato,143
sconsolare,66
sorello,443
moggi,131
albertare,369
ceramica,140
specializzato,137
irenere,102
adelco,64
insipienza,491
rievocare,230
programmalo,41
accodare,73
penieno,173
catl,35
abbattuto,79
tappare,230
elevale,174
interrogalo,189
assicurat,334
ottawa,84
connessione,333
equido,13
provvede,99
celesto,120
figuraccia,174
unitao,170
infarina,98
miniseria,534
lampante,143
interamente,45
gluma,30
mozzare,365
giacarta,26
convocare,139
fattura,79
razzolare,482
brago,80
fantasy,510
avversario,256
apposito,113
disfatta,79
indulgenza,511
danzare,279
strozzino,145
luidere,897
discutiamone,149
anticipatore,31
riad,113
zappo,52
cassaforte,90
palazzino,270
spoiler,105
agile,35
cmi,144
sforzare,208
insisto,316
beccare,264
aucuba,122
avvolto,495
esordiente,391
somaliare,56
bitetto,121
rinforzare,27
carraro,105
ricevere,63
dilagante,467
sensuale,322
convingere,1112
letto,45
microprocessore,106
serafini,601
leana,31
suonavare,251
relazionale,518
dop,111
raggrre,285
ansia,219
adotto,36
calandre,172
ilaria,44
abituale,109
aralo,422
cire,58
creolo,222
lezione,29
accidentale,193
endemico,195
genazzano,459
meccanizzazione,350
impersonare,505
opponevare,308
capro,32
visibili,23
violenta,187
altilia,22
ayatollah,138
ipotizzare,106
democrazia,252
collezionista,177
marxismo,322
bastiglia,209
alni,81
variegato,177
vincita,78
tega,7
pierangelo,869
geografico,65
allieto,386
adula,25
trancia,34
loredano,480
gary,596
irrobustire,229
decenza,212
zona,157
ritenuto,153
whitewater,44
napoletare,48
creto,18
coreografo,209
colera,119
cabala,13
fortuito,103
cristino,299
diane,362
echeggiare,385
pasqualino,786
edonistico,580
usale,20
impreziosire,588
asfissia,103
assetare,122
anatolia,134
hyundai,135
dolente,191
ferrario,311
giovanni,182
forse,984
malvina,51
legna,127
infiammare,65
cicatrice,256
appagalo,19
commissionaria,31
affilato,231
cattere,119
brillio,15
pastorello,398
trapiantare,207
galassia,87
gase,28
restringimento,448
discontinuità,617
tipografico,83
dibattire,62
duramere,22
suardi,90
ivory,496
delegata,33
addebito,117
inasprire,91
dintorni,144
alterità,980
navicella,115
ingoi,6
pattere,51
nocara,51
fano,210
insoddisfatto,97
chiudevare,232
beatore,84
robi,283
tecnocratico,432
predicazione,473
esecutivo,114
danzante,162
corsa,202
ricorrenza,74
nettamente,140
configgere,206
chilometro,79
pediatra,189
chiarere,333
romagna,39
archiviare,61
bernese,208
malgrado,248
irrefrenabile,655
socializzare,262
magona,201
compiare,90
sensualità,458
reggiano,364
sartre,119
letta,30
magnificat,481
piemontese,112
anfiteatro,46
prona,91
iscritte,16
tinco,30
teoria,262
aggredire,233
cassetta,140
gaffe,36
morie,153
immolo,35
rivoltella,489
liguro,65
immoralità,443
insurrezionale,297
preoccupalo,242
trascendere,557
delirare,116
nonne,8
ridere,146
lecco,247
raggranellare,122
se',37
gramsciano,253
ventimila,96
metafisico,719
classifico,101
sere,12
ritocchio,56
lungi,427
associare,41
esasperare,342
vociare,355
innovato,379
salsa,118
diversissimo,574
bruciato,485
celare,90
ufficiale,33
beassi,642
notorio,32
nomade,129
york,16
lamento,155
chiama,33
studiano,115
ponevano,88
giuseppa,199
uguale,60
sostegno,77
sacchetto,514
aprila,48
aero,72
celo,12
salottino,82
rutilio,129
finivano,132
ecu,127
raiano,147
cappuccetto,41
stoltenberg,72
alternarso,130
wav,73
montaldo,711
supero,22
paitone,248
riare,77
buchetto,285
burano,32
house,213
capovogliere,504
saio,32
alao,36
biondi,39
condivido,279
gallone,89
angeles,33
giornale,120
decido,61
studiere,134
asse,23
reciproco,34
annetto,202
cancelliero,68
perseo,25
cigliè,10
giussano,532
dovimene,53
riunione,104
elisia,186
beire,40
allietare,195
ghano,150
nafta,14
caute,9
deturpare,251
sgombere,70
finivare,212
dritto,23
basile,295
cervino,285
sansone,70
dia,50
agnazione,260
qualificato,118
fuoristrada,268
caratterizzante,445
dovettero,73
capila,24
burcei,367
glenire,172
magrebino,131
tempo,107
giacimelo,75
rispondenza,50
affiancare,97
amni,26
saldo,32
spulciare,149
atrocità,149
intruso,183
aleatorio,147
accumulato,165
compensare,472
suggello,94
tamaro,710
immatricolazione,156
alai,15
nicola,298
striale,39
acerbo,184
raggruppare,48
sparalo,300
infrarosso,248
svariato,81
burma,160
denudare,450
frangia,74
pensionistico,286
rendendolo,48
sfumato,98
vedetta,90
clemenza,12
gangi,87
mettimelo,96
immuno,223
arpione,132
veniale,332
dovrò,72
squalo,35
scontato,293
provveditorare,80
annotto,718
paracadutare,217
coffo,96
impianto,189
abetone,49
sorvolare,69
superficiale,526
goya,109
cardo,408
impensabile,232
incompetente,93
medioevale,394
coercizione,571
funaio,36
rivestire,62
cartellina,89
same,329
patrocinio,17
suggerire,540
forzatamente,522
vittima,189
naturalistico,560
brillano,160
promulgazione,226
none,38
sesto,43
scalinata,368
accudere,354
davvero,378
otto,149
mugliere,72
socializzazione,833
liverpool,88
pittorico,463
protratta,69
dimentichere,328
guidalo,50
orare,24
alliere,215
spingevare,425
cornale,111
rossare,445
bambino,125
basilicato,96
goodyear,81
percorribile,99
detective,164
cunningham,97
federalisto,162
arei,63
notificare,183
dilazionare,476
progressività,506
redimere,217
sposta,23
oscuro,13
luino,110
taccone,639
arruolare,44
ottemperare,171
candidalo,96
borsistico,71
vinciano,46
esaminato,124
indeterminato,171
gaudente,462
consentilo,215
assorbimento,361
nuoce,198
prosperare,107
benda,25
ricucitura,41
azionariare,112
olanda,132
ubaldo,73
avvertimente,111
codazzo,199
infestare,325
orchestrare,146
comò,90
depenalizzare,150
tamburello,265
carbonizzare,368
isolazionista,376
spiccare,30
ipotecare,14
ferruzz,385
zoologo,41
discrimine,351
chitarre,174
inedia,9
tonare,344
iloto,63
anse,28
tornatore,134
viario,109
multipartitismo,348
quarto,129
pelliccia,383
considerazione,479
incondizionatamente,430
tangente,87
dislocazione,238
veronare,203
fioco,61
torto,110
bottegare,90
poetica,615
impavido,318
trentenne,279
punico,22
pattare,124
militarizzazione,468
prolunire,104
divaricazione,742
cix,149
pettegolo,177
bevilacqua,157
rappresentatività,565
inammissibilità,401
roder,946
incatenare,222
coperto,165
vialetto,65
acciaierie,151
riequilibrio,383
autore,294
ridure,178
incendiario,265
bordare,49
rifuge,117
validità,180
offesa,194
sconfortante,172
cerchiare,23
ricoprire,37
cuo,4
agroindustriale,166
resino,105
costoso,90
lasciai,32
castagneto,138
informale,65
cagliaro,85
integralista,284
condensare,238
rognone,84
agazzano,455
deriso,97
conversione,102
alca,78
tortoso,100
cimento,83
pantedesco,55
strevere,22
colpare,166
meriterebbe,111
menù,119
cdi,49
pluriennale,99
obbligatone,91
ottorino,839
vermut,74
tubatura,332
dissone,120
amplesso,86
trascinamento,546
giobbe,214
ricambo,27
melodramma,380
listo,72
ingeneroso,340
tesserino,59
edda,207
rimproverare,476
revisionare,124
tirere,88
economie,43
significare,557
carbonizzato,427
mattonella,602
municipalizzata,106
incompiere,87
azione,22
ali',14
rasento,15
braies,178
red,197
avo,82
capanno,116
pluralistico,727
impana,23
nide,6
monello,204
triestinare,346
disordinato,508
globalmente,249
allatto,83
rilevalo,122
eracle,8
sputo,257
plica,13
margine,8
intitola,188
scampa,24
pesanto,92
paterno,87
yen,60
reiner,285
lotterio,42
entrata,144
tubre,19
fauce,87
ricollegare,452
festoso,155
dan,307
mattina,98
malfa,183
rintracciare,180
africano,146
lizard,436
dintorno,87
cella,127
spettatore,64
atomico,80
caneo,9
cenerò,9
scultura,321
risposto,210
sognante,439
limpidezza,366
rinvenere,272
rinegoziare,113
germe,13
oddo,35
astravere,207
sierro,47
nazional,82
rinalda,417
elicottero,296
razzisto,130
labaro,242
postelegrafonico,40
giallombardo,218
maestoso,146
prestissimo,135
legalizzare,150
svariare,43
persecutorio,296
regolazione,610
diocesare,74
mulo,310
stagnante,36
esautorare,162
affardella,29
aquila,56
condizionale,141
schiero,65
firmale,52
persuasivo,212
francesco,404
mclaren,117
mala,90
nico,155
udente,77
teorizzare,486
bil,327
censimento,62
versare,58
incitamento,182
dolorosi,143
tifoserio,97
dissi,74
cacchio,40
phenixfundtop,328
marme,238
condrò,25
pugnalare,493
polizza,42
acquietare,123
adombrare,447
egnare,228
gaudenzia,407
louis,96
ammiccante,690
conservatrice,365
pubblico,52
assero,146
lucrezia,115
purissimo,160
rais,111
torà,52
coabitazione,23
ottico,236
salto,10
bastale,46
nulle,19
civilizzato,392
luinovares,316
superfice,268
accidento,198
spegnere,73
lodè,89
gameto,289
fecondare,111
interrotto,78
telefona,41
coprere,122
strale,33
bordino,508
pensoso,369
ambo,14
gorbacioviano,126
publio,7
furgone,239
lauto,19
serpente,140
incappare,303
canottiere,398
allestimento,114
ellsin,126
snark,256
autolinea,32
colloquio,57
conquistare,149
segretala,78
popòre,56
esprettere,207
iro,55
corvo,6
mimare,113
marketing,113
coagulare,57
pesantissime,69
film,373
prodare,126
coinvolgimento,70
avendola,23
pellicole,215
cliffo,609
buchereo,36
massello,301
moratoria,163
incontrastare,459
oriundo,51
sindacalizzazione,594
realpolitik,410
arsenale,69
candidale,90
regina,21
proviamore,217
megafono,112
etichetta,19
indiscriminare,340
icaro,78
smembramento,153
riace,92
trasmettitore,94
gravido,119
registico,296
immagare,347
ferdinare,44
morgano,95
maga,18
costui,15
democratizzazione,477
acme,66
mostar,115
esistere,360
aliquoto,182
amanzio,344
miso,57
illeso,34
spopolare,127
gastronomia,94
colonnato,158
appe,7
pinare,515
vestigia,170
cgll,101
ignaro,74
affaticamento,244
calza,268
flaminia,56
cingolato,67
torvaianico,261
candidamente,142
stecca,9
produrre,197
assolare,231
redenzione,244
rimorchio,94
contener,220
mirco,2
rilancare,135
pastello,356
maresciallo,75
smentita,114
orice,34
cingalese,249
pennola,276
taccuino,154
malaffare,138
centr,254
calpestare,132
pubblicalo,133
leopardiano,215
tanzaniano,196
dahrendorf,77
legame,46
palatrussardo,293
techeo,108
vergare,31
contralto,69
gabon,175
cheta,22
lunghissima,68
contrabbasso,221
pasquetta,232
alseno,17
rouge,189
opprettere,327
perdente,116
schedaro,11
pendolino,164
journal,63
filarmonico,299
assetato,378
botto,74
pechinese,41
apprestare,123
pirandelliano,308
piario,17
emigrazione,99
rifalla,46
olire,269
connery,557
tanaro,98
pina,6
digione,8
giornalmente,74
mimica,369
biennale,21
australia,253
bolletta,67
imperturbabile,260
university,281
transessuale,130
mortificazione,933
appante,685
atame,13
innovatore,267
viscido,308
batterio,332
natan,143
bontà,5
ripenso,32
città,85
betto,290
trasformatore,201
cambiarere,153
seguire,113
vuoto,36
intrigante,589
ammaestrare,235
tidal,171
tenue,32
adora,146
mafalda,71
zeppa,53
bacon,230
solone,43
stregua,75
eliana,59
ispezione,32
marr,214
motivato,132
nick,674
spedito,24
izetbegovo,112
diverbio,123
rafforzato,226
significante,543
ingiurioso,315
btpo,50
trimestre,155
digitare,90
esagerato,592
presley,690
dentare,150
passasse,34
scateno,30
carillon,29
schiarì,54
centrosettentrionale,234
caprero,332
bestseller,206
carmino,56
kissinger,109
stringento,62
tanica,255
dii,68
polentino,522
avventuriero,128
indico,20
prodigioso,526
rifatto,93
riempiere,502
bari,215
dormentisi,80
protone,104
nonna|nonno,139
niello,58
ricadere,190
schiavitù,76
sena,6
cambare,169
ungheria,84
virginia,67
setacciare,228
tradito,209
organizzala,50
tariffo,35
piccolissimo,83
ingenerare,695
uhi,80
muro,45
duilio,77
ept,418
pecca,46
attaccamento,475
segretana,73
antimafia,98
battello,84
pentola,103
fittizia,42
spirituale,243
prigioniero,89
elette,83
morio,185
accelerare,176
proibizionismo,170
bastone,325
agrare,24
funzionere,39
pazza,73
assiduamente,130
gollistare,143
riabilitare,20
araldo,742
planare,181
abuso,75
airbag,115
dolciario,194
cinse,203
selettivo,388
afilla,115
compositivo,349
male,432
paese,94
denunci,82
drenare,33
manichino,438
colossale,33
traballare,199
brio,37
anelare,337
ici,425
inadempienza,148
maiala,68
nascorre,168
brezneviano,189
giocar,49
rada,64
svuotare,75
seicento,136
risolgere,105
slato,8
socia,36
mediare,191
parlino,110
iliana,79
abituo,31
intimista,241
limitatissimo,160
durissimo,81
urio,211
dopa,28
coperchio,298
doratore,95
tilt,32
buttato,296
inopinato,140
competo,25
dovevamo,121
provo,76
brigato,47
ileana,25
antinfortunistico,192
ciecamente,491
investito,100
fanetto,572
fiduciaria,101
combatto,93
ossessivo,606
alina,187
sinaie,12
sventrare,771
capitano,151
fendento,78
pacchiare,51
angolare,81
slamre,23
so',76
minuzia,105
agostina,449
cognare,557
vomitare,373
archetipio,865
affrancare,39
tremare,184
rommel,301
evitabile,255
segnale,41
young,237
borsa,55
ambiguire,568
bestia,161
sarto,109
fabbricato,170
gigliola,185
defilato,164
mercallo,4
celibe,31
spinale,391
inaccessibile,95
scalatore,190
esprimevare,146
patrigno,324
secrezione,325
aprire,57
difensore,77
hitleriana,184
aziona,37
azzurrere,180
cargo,234
progenitore,267
questine,29
sacerdotale,195
sanatore,139
ordigno,159
fanello,794
reggia,143
genova,170
zana,327
preferenziale,147
arretra,20
campiello,249
prefissare,59
nolo,267
zecchino,424
affermo,450
etare,190
firmo,23
humour,7
incorre,24
guarigione,164
saracino,313
beneficenza,55
federai,24
graduatoria,31
silvestro,143
sgradevolo,507
accadere,160
speranza,90
operativo,46
crescenzio,148
ginare,393
scomodi,17
genuino,49
accampa,82
prigioniera,64
nerviare,11
cuomo,63
anemia,219
federatimico,52
sanabile,204
piombare,297
ettario,99
chiarificatrice,173
carnia,62
seminario,86
neologismo,361
destinatario,72
ribellare,403
provvisto,111
linoso,146
el',55
orco,125
stones,473
pianeta,116
vigente,331
immedesimazione,937
seriore,21
album,61
nere,15
valevole,268
pennia,22
ipoteca,3
rizzo,223
figurateve,206
favorita,334
spiritoso,764
acl',3
mantovare,459
benjamin,317
proporzionalità,341
liminale,10
imm,357
pizzeria,156
artico,38
iso,735
leno,135
diventino,97
attributo,71
merda,362
rinaldo,520
coffe,66
affetta,280
turbolenza,177
dirompere,375
dolcissima,371
mandibola,314
clare,155
ivreo,115
gel,37
prelude,75
comizio,63
binda,258
farto,241
big,106
indaghare,89
spuntino,301
sigaro,110
onore,24
compagnone,272
aperti,31
leadership,39
vicecomandante,123
macho,47
uguaglianza,229
facilissimo,147
ricopertura,71
famigliario,134
sottrarre,247
semestra,40
immutare,38
infinire,588
paralizzante,436
intrattenere,71
wto,27
sone,13
spartito,27
croupier,153
monossido,130
razzirre,131
minervino,191
fetore,221
capacità,299
riverre,147
suola,371
ludwig,258
fruttuoso,37
vagamente,391
neve,85
scioperere,112
infortunio,234
arrotondare,34
martin,425
ventilare,242
anemico,275
rinfrescare,155
molestare,194
battire,169
costringendolo,144
foro,13
erma,216
mazzocco,1082
ancono,173
giano,400
veniare,422
maggiore,55
promere,50
mescolare,512
segretario,102
partecipalo,44
tenua,30
nuvolosi,148
lottar,62
bolognino,101
navigare,68
incompetento,125
lusinghiere,87
annuncio,74
segnalo,40
riservista,47
addire,92
califfo,87
impressionare,784
giusto,115
devoto,85
cpu,40
pisa,268
morando,281
incomprensibile,765
ferimento,111
riflusso,263
ledi,18
prisma,40
medola,11
braccialetto,347
triennio,88
acie,4
joan,716
crollato,80
urgenza,47
abbondante,156
ginecologico,244
casareccio,143
sperperare,208
duopolio,95
rizzato,14
annamario,188
colorante,714
assorbere,217
rodolfo,100
dormivo,423
felpa,22
rotaio,128
antonellare,796
provine,28
rimpatrio,77
brone,149
pescarare,247
limitazione,378
scrio,82
giunio,16
entusiasmare,448
ossea,96
xxv,34
disinquinamento,131
limbo,28
svignare,548
sopravvenuto,105
idealmente,200
esitano,28
tolta,11
stupratore,307
nato,14
ingurgitare,381
azzolino,555
ulrico,15
progredire,176
risare,39
retto,75
comprimere,479
navigato,87
equipe,175
cliché,223
varesotto,320
ionia,100
spirito,8
denunciano,52
proterre,138
frana,43
cade,14
controllo,66
cem,242
recante,41
santuario,135
prenotare,18
impressionismo,912
metamorfosi,289
priscilla,231
fuio,10
anglo,29
coppo,138
elso,46
hun,151
pulì,71
astenuto,35
pallo,171
esaltazione,1052
bosforo,65
sentii,44
lazzarone,78
vee,12
cam,36
aerala,189
respinto,63
marasco,459
doso,15
hot,149
spogliarello,625
telefonicamenta,71
ricompattare,169
colombiano,61
palleggio,131
ingraziare,311
calla,247
controinformazione,260
comparto,271
ivi,0
colomba,19
porterare,534
affinare,305
elenio,19
resurrezione,166
container,185
sydney,178
bargere,186
rapaco,181
flash,64
rica,15
manciata,121
ferro,42
quattrocento,154
fénis,325
inseme,74
pare,57
vivaco,44
incallito,190
runa,87
quarantotto,163
colin,80
alter,100
galapagos,209
impasse,47
cantico,87
owen,59
andrai,121
comunione,143
stoppare,351
portuale,56
pugliese,224
opificio,152
chiederge,386
surrealista,515
pericolosità,241
impalcale,20
languido,238
colte,99
lasciatece,322
paesaggistico,190
scrissero,105
vittorioso,116
corroso,288
sonoramente,66
disvalore,576
riconoscere,279
stilizzare,313
finista,123
sfollare,382
foglietto,203
aduncare,123
frequento,62
controvere,240
collaborazionismo,194
eterodosso,709
tolgere,188
amore,196
sgominare,276
istitire,47
maturazione,425
dormare,116
finanza,33
rispettabilità,689
discettare,321
dei',22
melissare,263
simultaneamente,58
pacello,100
mortalmente,274
prefettizio,98
neisse,41
alfi,11
faura,279
esalto,489
singleton,657
canore,141
benzene,249
esauriento,157
voterò,59
paramedico,205
esodo,29
emmanuela,103
emblematica,184
sostene,122
fumoso,108
tipografo,26
maserato,80
eliolonare,389
alé,241
birrerio,147
addormentare,438
piccino,336
alii,4
cardare,696
natalizia,61
calcata,300
fanale,13
asettica,55
trapassare,317
geografo,21
sputare,428
acquerello,460
delinquente,297
vetero,28
vanere,11
scalfì,123
reimpiego,199
cii,208
barno,573
scioperio,89
usciere,24
sciopere,92
latinare,56
arida,38
assicurativo,214
converre,16
gonne,19
accelerazione,292
guaglione,10
fideuram,306
icere,213
felicitazione,64
mesopotamia,230
pogrom,2
aprii,8
municipalità,49
coerente,508
minaccio,28
mauritius,93
palatino,279
relax,37
imperterrire,281
diego,15
broda,80
veronico,231
psicologi,120
fletto,27
discusse,149
giornaliero,36
imbecco,51
papeta,55
previsionale,181
sbavatura,114
immaginabile,750
missiva,41
nevia,56
nestore,139
ferente,24
motocoltivatore,55
napoleone,21
longone,157
autenticità,292
ricusare,155
sgrave,214
limitatamente,158
lappo,22
tallin,284
paesano,196
disonore,186
rimborsare,202
pei,15
combinato,36
nichilismo,717
confcommercio,56
ostentare,628
grandiosità,594
settangere,130
assassinare,325
agrume,36
sagare,337
recitante,697
superstire,79
andrcottiano,139
indosso,455
malevolo,202
mentivo,16
imbattibile,518
asprare,72
crown,89
orbene,79
protocollo,49
manchester,209
mitra,177
samar,82
ripercussione,102
aws,53
buratto,95
taciturno,230
candiano,173
abbinare,43
gelido,189
ballante,246
bolide,186
capuare,65
metronotte,524
rigoletto,419
vialone,55
salatale,140
intrufolare,657
sfregiare,385
dimenare,219
inseparabile,209
carogna,500
mammifero,298
merce,68
rudolf,103
coerenza,364
preludere,180
severe,42
etisia,92
assisa,73
contini,395
ohio,203
soppesa,10
sinistra,191
crespi,159
stupire,579
illusionista,192
marchetto,1466
arginare,182
disagiato,104
monticello,603
mandere,134
grigiore,58
dimostrere,166
andretta,74
busse,12
democrito,145
ardire,65
tranne,67
alfonsina,105
westchester,60
uccidere,419
impasto,144
siedare,60
normalizzare,288
galla,65
gassa,10
ruzza,124
supposto,315
civilista,36
iniziatico,73
averò,198
spianare,95
poligraficio,118
introspezione,782
stentato,215
ken,258
serale,98
scomparve,123
congelare,47
lene,28
birmingham,108
equivalgere,91
brande,34
abbattimento,102
precettazione,92
pronare,131
unii,87
motto,48
riproposizione,692
olimpio,87
schiena,420
rassegnazione,217
alimentare,57
inscenare,114
vasari,162
enologico,252
denuncare,94
sabare,266
gaia,54
vivamente,169
rosignolo,942
filarmonica,228
radicalmente,246
ritualità,454
infrangere,95
baileys,129
elena,153
legittima,296
garno,103
inaugurale,154
benna,1113
antigene,312
sudato,149
partnership,34
camuffare,286
spaak,810
vocazione,416
inique,4
concepire,337
iroso,36
fraternità,172
redditizio,140
corinna,270
porrebbe,732
rina,115
pentere,75
serpe,7
apparvero,142
bisognare,308
fornitore,246
evangelisti,116
sopportabile,251
capovolto,97
televisione,145
baltice,211
incontestabile,427
marte,20
autobotto,346
ridda,47
racimolare,170
sensare,468
barolo,131
marchare,93
lagunare,101
confermale,311
marsilu,41
passato,161
duole,81
prode,66
ohi,14
sguinzagliare,210
disperazione,489
pedonale,174
scardinare,335
gavino,110
bungalow,241
presiedere,93
garzone,157
ovulo,203
accurare,111
finanziariamente,145
parassito,271
appaltare,140
tintoretto,306
lanusei,58
sinceramente,182
diffusore,21
menfo,270
rouletabilla,71
guida,6
romano,60
strenuo,66
oltreturre,61
colico,17
duccio,162
rinegoziazione,257
consistare,401
abaco,29
cerbone,457
cancellerio,30
pruno,88
licenziamente,107
vanire,63
sezza,4
esiliato,154
idiota,31
contratto,123
dolila,239
esattezza,37
bono,91
contestazione,187
ingentissimo,150
aguzzino,361
izetbegoe,89
coltivazione,230
circonvallazione,167
aggancio,34
ottobre,88
prevedibile,361
razzista,125
costituivo,206
gip,10
oltrepassare,50
antirazzista,101
semestrale,103
marocchino,181
impiota,82
prevalso,121
sos,175
aggravante,90
insinuare,89
conquistalo,123
obbligalo,24
disastroso,108
vomito,242
sarca,12
ciclico,98
mercificazione,1199
intestino,257
avversare,201
alato,16
bimestro,111
eliseo,13
marcare,32
coniugare,318
alleviare,115
proscrizione,37
fanciullo,121
rilevatore,48
zito,377
freno,23
intollerabile,417
limpida,53
traballo,51
abito,289
brescio,267
derivata,41
enel,46
sradicare,272
delimitato,213
improntare,508
baraccone,695
allucinante,463
lidio,142
filmico,477
scifo,553
logge,31
tendenzioso,77
miracolistico,322
macis,38
civilizzazione,835
scollare,299
oort,33
focolaio,66
convalescente,120
manifestino,85
alberghetto,82
cazzuolo,116
contendente,234
impressionante,314
pubblichiamo,182
comire,72
editta,56
tratteggiare,362
bevuta,18
passavano,230
mezzaluna,37
faula,170
servirebbero,351
cader,144
funzionalo,53
lasceremo,98
atalare,145
terminale,159
guardo,26
tagliando,101
evo,10
pacifico,23
attaccalo,305
spencer,620
cosa,389
esagerare,693
spalare,180
provveditorato,70
fanalino,11
collezionismo,166
armalo,76
vivisezione,17
obice,103
processare,216
siciliano,93
nazista,125
cavallerio,116
lepido,169
bussa,12
intendare,343
efficacia,186
edmore,61
abruzzo,65
individuo,266
contraccezione,225
pretestuoso,371
svarione,132
normalità,36
disparato,76
antonietta,768
greenpeace,22
ovile,18
castalde,186
allungare,86
verno,37
lambda,108
chiacchierino,189
cinematografico,136
mcv,143
esemplarmente,326
aviogetto,195
piantagione,185
calais,213
convincimento,662
ossire,110
apollonia,252
ingerenza,166
conclamato,136
intendevare,349
allear,49
olla,61
contenimento,638
world,176
legnoso,299
guaritore,60
abba,122
bastian,88
toppa,28
furiosamente,224
pentito,205
condotto,15
corfù,49
lesa,13
dozzine,79
preselettore,73
espletare,152
azionala,111
finirebbe,239
suso,42
carucco,28
traslare,40
ravanello,528
interruttore,193
infamia,163
trentanno,174
trattenuta,205
contestato,169
assolutamente,392
conflitto,108
trotzko,75
santificare,159
fedelmente,120
trentina,62
bestiale,471
partizione,53
ostentatamente,269
prostata,385
democratizzare,364
destriero,176
enzima,383
celestiale,288
aliquotare,227
archivio,37
serico,27
avvia,61
fasto,199
leggo,55
assolute,48
gamma,61
facendoe,169
mercedes,72
arresto,169
aveo,15
allere,43
telescope,151
turingia,72
ispettorare,50
vinceranno,190
beneplacito,31
addì,7
accesa,36
versale,11
fantoccio,62
stasi,18
vito,29
partitico,500
angoscia,262
umbria,30
incompiuto,102
daniele,487
profondissimo,316
colonnello,105
citar,24
naio,83
caprera,342
meridionalistico,446
josé,240
powell,65
individuato,144
restare,166
pedace,54
tolleranza,351
altissimo,63
appagale,58
bagnano,368
rivendicativo,215
urss,174
tassode,38
kenwood,120
edificare,147
neli,10
level,27
iconografia,522
celsius,32
saggia,7
bassifondi,17
azerbaigian,235
fontano,33
decostruzione,429
rocard,50
dinamicità,758
coraggioso,75
bonifica,86
contribuì,72
parlamente,135
collaudo,47
sergere,271
wisconsin,142
terraferma,329
corto,8
amartene,33
luigina,637
antieroico,109
blocco,38
richiedare,381
commettere,101
pilato,36
glass,52
riposto,32
lrak,30
frettolosamente,181
confraternita,175
eppure,1262
digiunare,180
inadeguato,225
anard,5
radiotre,76
sparere,160
lunedi,65
custodire,97
giappone,94
riaccompagnare,189
madonnina,208
antigua,10
manfredere,227
capital,313
saudita,153
lattico,282
ure,23
fiscalità,215
treno,101
confluiscere,148
calunnioso,302
interculturale,135
somministrazione,494
lasciavare,319
zolfo,195
est,50
oculare,17
tosi,3
full,55
akira,132
tentato,241
nietzsco,248
bavaglio,19
evincere,242
messinscena,223
appartengo,128
assimilare,517
tone,10
messero,101
fame,72
ferire,353
gazzare,96
festività,32
sistematicamente,424
aumero,18
paolozzo,187
raveo,252
italia,97
datane,310
organo,22
fioccare,214
coloniale,121
mirabilmente,460
riere,113
fohn,658
vespaio,72
biondio,52
barbato,303
argo,15
bei,5
virtualmente,61
picco,56
acaro,58
sopa,45
invea,90
identicare,194
risoluto,14
viscore,88
etnologo,383
adesivo,231
esercire,102
forgiare,116
mutazione,594
gargiulo,571
irritato,389
omissione,253
delicatissima,75
giocavare,511
bodone,203
conco,37
autostradale,123
qualificante,186
avventore,57
affastellare,263
alema,161
conformismo,841
brivido,196
motore,181
forga,291
intelligente,147
sape,51
unione,26
ripugnante,476
isabello,164
infittire,148
inchiodare,160
imito,43
caos,46
famoso,257
seminale,56
paesone,182
caudillo,71
beccario,327
anfora,70
capannellio,80
onne,27
modus,0
grog,110
romena,150
francolettere,477
scorrevolo,396
ambientato,51
significativamente,363
unanimemente,105
migliorare,82
boccino,492
cero,158
colposo,97
acidità,224
andai,5
attico,342
emergire,82
biancorosse,553
lanzi,20
dicitura,42
eclissare,60
genesi,53
novecento,229
serra,10
figura,98
canniccio,848
acciare,875
pentagono,72
bonaro,37
masso,23
valentina,388
immune,103
élite,54
asciutto,228
intraprendere,66
demagogia,426
conio,17
invitandolo,81
terminare,252
nazionalità,98
ricordere,235
metallo,204
mistificazione,1139
innumerevole,81
babilonia,322
dopodomani,96
global,279
mancinare,388
perquisizione,107
stella,47
circospezione,292
monal,57
moloc,2
garantito,114
cogno,187
xvii,18
predoi,46
stigmatizzare,401
integrazione,136
omino,31
nane,22
padroneggiare,756
porticciolo,557
tranquillità,75
tradiscere,372
tambura,9
biografo,154
attribuere,221
lucchetto,396
individualismo,973
biade,290
imbandire,275
amataco,349
novalis,98
atessa,17
differenziazione,910
plastica,647
lanfranco,157
zampino,59
contraerea,328
intestare,39
contiguo,67
grattacapo,39
ascere,565
appiedare,254
cespuglio,603
danaro,113
districo,12
prova,16
ruffino,129
divora,92
debole,47
metanop,409
fervetto,272
archeologiare,164
volontario,24
sperduto,158
lire,110
acquistato,102
coimputato,217
amasta,88
sganciamento,178
taranto,182
baritere,187
manfredo,78
dodico,102
basilare,888
interiorità,579
accusa,103
waterloo,35
giudicare,212
segnico,734
spendire,98
pioniere,114
realtà,548
gratificazione,353
allargo,17
olimpiade,131
manifestante,293
torio,0
vinci,27
stivo,17
capolavoro,464
vittore,85
sgonfiare,90
disinformare,178
campionamento,88
mele,115
ra',117
nocerà,107
diffondersi,158
milizia,266
nientre,184
porre,198
pierangela,829
stagna,35
consulenza,46
carpentiero,162
arta,19
castelfranco,515
tesoro,37
oaso,142
anta,7
ultra,43
desii,3
localismo,335
devote,74
scranno,52
confederare,118
egualitarismo,968
tape,17
altisonante,145
adduca,56
ester,865
corneo,42
illuminare,325
bici,18
adelino,758
potentemente,350
gridere,538
somalira,120
sgravo,206
offrano,12
spaccare,71
localmente,180
daniela,190
eguagliare,49
inscena,72
delegalo,105
intel,11
abbiare,209
giamaico,150
pretesto,193
causa,69
vez,120
tassone,184
sfruttato,90
autoritare,653
basino,623
veste,39
chiamante,312
meritare,150
basinger,791
nord-est,141
trazione,180
inserimento,161
fienaiolo,307
gambale,96
istigare,338
napalm,54
campionaria,116
arturo,219
dannoso,304
crolla,95
strumentalizzazione,782
recuperato,47
connivente,166
durere,39
dissolvenza,97
vocalist,283
magnate,26
redford,719
accademia,57
aio,165
fondersel,231
impantanare,317
pietoso,226
non',20
lisimaco,420
nientemeno,516
bracina,181
unì,69
cagliare,82
centrato,45
cherylo,43
alà,488
elettricità,116
riproduttivo,653
alessio,637
beluscio,876
socialità,351
personalizzare,52
deo,75
alatolare,213
supposta,192
recondito,128
marileno,443
citare,230
indemanio,36
alfio,44
corazzato,235
bimi,36
imbarazzo,315
barboso,54
deciso,66
firenza,163
esplicita,162
assistenza,171
frattempo,115
yard,28
mondadore,218
arringa,67
ornatore,110
visualizzare,506
pareggiare,597
bicchiere,475
corrivo,134
pescanto,42
destreggiare,729
spin,4
ludico,133
ritirere,90
rasoterra,339
trascurato,98
veramente,521
fronte,33
consacrato,210
insorgo,15
biondino,463
nastroteca,126
costrevere,58
scoprio,103
comitato,70
tottenham,243
sipra,73
farvela,119
tesoreria,115
scatenato,209
simulacro,117
fredda,22
traverso,115
cantieristica,183
espressionista,583
tascabile,165
stoccare,49
tomolo,711
devolere,46
disgusto,749
ricci,698
betterhelp,275
orologo,11
meticcio,39
tunisi,127
beta,26
detere,65
tongare,333
stele,17
fecore,69
riverbero,428
pedino,27
manifattura,166
carlotta,1184
fiar,275
gadget,17
volatilizzare,491
dosa,27
collocare,101
predominio,139
maglie,57
zambia,156
prenderanno,139
effettività,661
zanè,19
santare,170
tangentisto,45
nordamericare,113
nuociere,188
tariffare,133
quebec,46
ecologisto,34
pecoraio,233
oel,182
leve,75
inabile,74
arola,179
allettare,132
madio,173
aedo,24
pisana,95
beppe,58
cisliare,470
rasato,179
previdenziale,290
mattone,373
essenza,672
cacca,98
inconsueto,889
invio,50
torare,215
risparmiato,111
farrow,84
apostoli,99
antologico,498
conferente,69
pendio,82
nordafricano,205
liquore,111
prenatale,204
bangi,72
drogato,91
partecipativo,361
motorini,137
milicia,56
risolto,71
battiato,687
bugia,76
viandante,77
manifatturiere,252
aptere,259
sofisticare,192
antitumorale,532
polarità,77
nomo,7
danzatrice,370
umilio,41
credere,815
comandamento,25
orne,289
incredibilmente,518
tee,24
rampogna,49
tubazione,267
scalario,58
affrescare,385
porzione,29
cemo,251
spogliatoio,376
velleitario,536
appenninico,196
robusto,69
sem,60
apparecchio,271
ampliare,124
forzare,123
farglio,124
fanfano,36
daga,11
quantificazione,780
armamentario,66
ingiustizie,229
assenso,156
sovraccarico,182
ascesso,68
clandestinità,61
cadavere,264
olinto,79
vantaggio,60
carmina,185
polemica,110
vin,54
pendenza,17
reed,592
bontempone,442
muscolare,265
eccentrico,567
stupenda,304
desolante,239
tettare,46
patina,325
promiscuità,357
teramo,264
virtù,57
omonimo,56
rushdio,61
william,263
opposizione,425
paradisi,30
ghiai,31
dionee,18
repressare,93
scappatoia,23
secretre,15
orrore,239
meteorologo,26
costretto,77
macro,1
bordata,98
maculo,61
megalopolo,167
lata,29
fasta,248
koinè,61
pentire,166
finivere,108
eclisso,46
penitenza,19
orsenigo,72
medio,13
orde,28
semiconduttore,220
ingarbugliato,125
curia,79
oleodotto,199
ligurio,38
estasi,103
ahi,34
tac,45
artificioso,397
siela,367
intangibile,226
effettuale,195
indennizzare,116
assentare,270
lesbico,137
gorno,72
fecondo,104
intorno,18
esternare,463
innegabile,611
difettare,154
zuccone,260
capitalista,335
rista,3
itero,393
cubo,47
ritrovare,434
tomaia,13
tondo,7
istitutivo,157
venticinquemila,173
caprarola,59
escludo,77
consona,28
sporto,33
medicare,283
casalinga,54
brufolo,55
riserva,4
mimi,57
aversare,101
missilistico,185
bach,65
gusta,90
mezzora,63
mobiliare,206
chioggia,564
imeno,24
collaterale,128
riga,28
nordest,79
sensato,282
salariale,188
metodista,82
contropiedio,413
seguitissimo,316
panda,114
motu,66
succube,175
sopraffare,637
delfino,55
rammaricare,390
inimmaginabile,686
regiare,276
similitudino,430
promossare,68
isile,263
scrutare,98
vocabolo,119
fallalo,178
impennare,140
stela,22
scattante,38
pisano,399
gerardare,51
colare,122
troneggiare,686
handicappato,117
utilitario,91
biagio,145
angolo,63
fumare,45
higgs,416
edilizio,87
adama,48
falloso,309
zire,68
universalità,657
pede,164
anto,56
rullare,218
ausone,209
escogitare,66
eliare,198
tossicologico,384
bandito,248
smentito,95
sanguinoso,168
napoli,146
farro,47
prescritto,218
dimenticano,432
polire,157
bella,169
lentare,265
ricomposta,82
baharain,343
vicario,42
lavaggio,125
ossessionare,804
coeso,49
dormere,136
suggerivo,196
suicidio,81
straorzo,8
rettore,63
cucila,43
soppressione,245
basilicata,64
cornicione,509
puntualizzare,676
attendibilità,262
tanta,192
romanizzo,79
tramontano,113
concettuale,1084
acco,24
girellone,63
incuriosire,431
psdi,107
balbettare,919
jeremy,358
veronica,188
armadio,134
islamabad,369
federconsorzi,106
rapina,183
contrastanto,731
scondita,83
soffocamento,123
worldcat,141
raiuno,87
consorzio,86
irruenza,149
schiarita,166
itinerario,49
demonizzazione,829
geremia,51
velasco,288
cantiere,71
motrico,113
guere,71
darsena,214
annoso,49
anomia,48
divistico,425
managua,22
ripetitività,313
sigillo,8
narcodollaro,54
divisione,31
cirino,76
ananas,79
esisto,16
carno,145
steroido,178
intravedere,227
opaco,148
malessere,243
bengodio,400
rifacimento,40
duchessa,56
febbre,22
uruguay,34
aho,3
eccido,185
calendaro,11
benedici,68
piaga,48
commercialmente,118
strama,76
profetico,303
crescila,175
sembrerebbe,360
lunario,130
compiaco,46
valdo,26
informatizzare,210
spontaneità,517
pamplono,439
gestione,182
grida,99
romea,13
visitare,78
trapano,184
sociale,175
implemente,22
norica,44
ati,69
continualo,59
siffatto,483
rifonda,77
aggiustamento,671
teamsystem,363
avendolo,104
carcere,118
giralo,108
accentratore,34
porse,232
pulsione,332
bredere,212
ministrare,109
calca,327
indari,24
alere,59
affibbiare,201
flipper,43
bee,506
indennizzo,56
squalificare,461
gazzarra,53
mandalo,51
elettronica,185
effetto,95
esclama,209
maestà,7
gesticredit,341
foibe,10
anni',32
variegare,288
investigazione,58
donazione,62
cacciato,147
computo,132
tari,8
lloyd,307
damasco,223
scudetto,311
maree,87
neozelandese,234
berta,124
andreotti,116
sennò,190
omentale,143
nonnino,200
algo,40
cantautore,235
acile,73
lutre,22
pittrice,120
maratona,194
preferirebbero,430
pulcino,78
duello,52
maltrattatila,31
infondatezzo,241
invero,118
pompea,75
riunitare,98
ermeneutico,471
etichetto,42
praticamente,228
suburbano,143
cirare,423
asportazione,267
orestere,582
redgrave,602
isolotto,187
versala,11
famiare,135
ufficialità,24
epicentro,61
sperma,330
montagna,252
stupore,154
inseguitore,230
malinconia,676
ringrazia,109
picca,17
particolarità,857
asmara,78
cimico,76
crasi,14
durato,24
ambasciatrice,30
pentapartire,93
punteggio,167
pettina,44
valico,38
vedente,33
germanico,75
ripescaggio,41
aderì,65
istallazione,171
nienti,88
cattiveria,686
dura,21
data,52
adite,68
lomé,33
placenta,193
gesù,11
testualmente,157
bancarottiere,92
milwaukee,205
atlantic,170
risistemazione,222
assone,99
appaiare,195
bracciano,171
presso,10
modano,81
fomite,86
tabella,31
scooter,153
autonomia,122
resina,110
arrangi,8
maldine,336
detrimento,685
sansa,106
aldino,45
soccorsi,64
uliveto,111
wojty,60
gei,37
croco,15
gianluigio,366
maffeire,375
trilogia,292
confidenza,133
tiare,209
giampiero,117
sostenuto,70
coefficiente,268
ciociara,106
indebitamento,371
sbando,40
cubi,35
golem,81
retroguardia,260
monegasco,67
detersivo,247
barcellonare,189
margaret,55
blera,171
intricare,156
commissariato,85
rinvenimento,50
colgare,418
adempimenti,112
common,17
assurgere,240
allattare,310
ipotizzabile,220
cime,118
cartina,16
simpatico,656
immediatezza,523
radiotelevisivo,83
nickel,72
ripulitura,155
valdagno,261
remissione,142
troupe,81
fatalistico,601
braulio,128
elemosinare,105
barre,6
bruna,227
sedicesimo,88
thatcher,64
sfaldamento,210
incidente,103
comete,34
fans,101
tracotanza,310
sciato,57
tollerato,328
cavarsela,148
amareggiare,533
validamente,369
ventisetta,93
dono,72
asperità,80
sovversione,277
tossine,333
capito,39
ensemble,219
cervantes,89
eliolona,367
cando,217
banditalare,99
morbidio,110
infaticabile,80
attualità,55
misere,56
camo,251
naturo,32
combustibile,268
bieco,200
eurasia,41
esultato,74
intricatissimo,112
tollerante,343
multiforme,304
pressa,10
andalo,46
peppare,80
attentale,91
ostento,244
locazione,160
capitolazione,110
pds,133
controllale,70
pendant,4
perseguimento,288
relativamente,567
castrazione,96
mestra,54
insufficiente,195
fagagna,117
zare,216
sudista,114
successione,47
ande,121
ovale,127
luminoso,159
cimitere,76
impreparato,125
islamismo,295
nazionalistica,570
sagome,79
gigante,102
specchietto,247
mistero,70
abeba,89
filiberto,231
elidile,128
abenzio,283
rispungere,112
sostengo,299
comincialo,151
posizione,81
abeto,27
basilea,20
losanna,66
goleador,602
grosso,32
godere,39
traffico,63
chiariscere,466
reietto,103
barcellono,151
predeterminato,369
cioccolare,368
don,58
sbandare,155
amandare,206
polemico,140
industrializzato,147
labilità,210
vaccaro,344
candida,45
ribeco,692
contabile,124
morbillo,44
maleo,160
calzone,119
affogare,333
stupefatto,165
divenuto,128
definitiva,73
tendento,143
arthur,214
samara,126
giangiacomo,572
imitato,52
fernandare,165
hobsbawm,95
molière,160
ira,27
timidezza,483
principesso,203
diverger,14
gps,21
colombia,117
donai,26
geremiare,185
risalgore,44
attonire,175
casalingo,62
camoscio,339
coinvolgere,56
cloco,8
zeppelin,110
nerone,554
disonesto,149
rossellinare,194
consiglio,157
fiaccola,87
conserva,16
affaticato,112
coscienza,139
mostruoso,315
versoo,17
alio,24
antronare,862
sparatorio,298
ubicato,45
clamoroso,72
cuccio,411
indifendibile,178
clou,94
ford,197
religiosa,205
giunta,145
nevoso,42
sisto,27
fluttuante,87
challenger,104
pennone,150
folta,69
manageriale,126
spinta,119
curaro,187
algido,70
reciso,16
montese,190
alberale,56
lupo,58
aspi,8
percussione,145
pn',111
spiccio,35
ideale,193
minie,13
riluttanti,104
marcatamente,197
irreprensibile,384
sunderland,491
traspor,17
dinamismo,618
intimorire,1052
extragiudiziale,189
anale,23
smantellamento,192
pci,131
ferino,687
ansio,85
registralo,36
impostazione,520
tre,154
sterminato,179
fanatismo,607
parametrazione,613
arrone,162
orchidea,62
turnista,52
costruiscono,212
accentuata,238
aria,49
carlino,144
umiliare,232
calderona,145
fattibile,248
olio,81
inconciliabile,795
sveltire,87
natalità,56
diade,42
quindicimila,154
paiole,191
pandolfi,485
editing,83
cingia,57
aggravo,135
forra,28
preferibilmente,63
formulato,138
filmetto,560
subcultura,496
ispanico,86
pedone,41
immotivare,369
formere,51
sanpaolo,199
gurro,119
spero,134
porce,22
vasti,16
disseminare,434
spinare,311
introdotte,122
rimandare,241
quaranto,205
lituare,173
generato,61
caffé,107
ballottaggio,134
scaffalo,101
sefro,49
editto,52
alifeo,144
omeo,14
muraglia,54
corvetta,93
accidente,211
lucroso,95
censurabile,566
pierferdinare,95
psichice,192
brianteo,320
sceneggiatore,373
infrasettimanale,55
sottintendere,1262
leiss,95
furioso,126
conducare,27
divulgare,86
muggiò,29
propagandistico,234
caprio,201
etto,9
metrico,135
esplorato,111
sorrento,130
fiere,6
rarefazione,171
tossicodipendente,122
zita,31
incrociare,87
palme,24
siracusano,225
orticello,189
intensità,132
vincitore,180
accogliere,82
unomattinare,184
febo,19
canne,138
acuì,2
danielo,287
conterre,246
norico,6
terrazza,243
posa,120
ramo,1
importantissimo,224
goncourt,54
burla,28
inpsre,79
rispecchiare,356
hilton,346
hardware,92
macrina,31
scozia,85
rapsodia,145
narcoso,65
romantico,850
burattinaio,55
alibi,35
delegittimazione,674
perdile,21
scusare,51
guaire,12
costituzionalista,207
finanziato,133
vergo,47
delucidazione,83
foulard,311
mundo,41
mirare,127
appese,198
proves,112
piazzetta,350
particolaristico,1186
occhere,44
fantascientifico,218
radium,169
giustiniano,299
cace,61
annui,155
nilla,148
football,112
paradossale,484
adesso,427
tracy,816
inizialmente,91
psicoanaliso,179
scogliera,343
fimo,196
aiuto,17
moravia,137
cantaro,89
riguardare,188
contenuta,100
reperibilità,123
insorgono,21
chiarello,1328
carburante,222
scudere,129
contagocce,31
poteo,22
delira,26
irrisione,303
ripartizione,55
pratica,182
responsabilità,154
shakespeariano,380
bot,78
trib,14
pdo,35
sentivo,98
versione,6
aeroportuale,87
eroto,7
intrecciare,250
appellare,289
italare,46
parlerare,551
imputabile,177
durevolo,196
diedo,13
vilfredere,53
buonsenso,157
bisso,64
predisposto,170
tannine,10
salmo,22
squillante,157
mandatare,79
parola,120
indifferibile,307
ruoto,5
anguilla,242
spartire,39
inferire,162
oppongere,292
indetre,114
recipe,60
regista,320
peschereccio,257
ideato,15
mimosa,170
natale,32
tagliacarte,26
ripristinato,79
riluttante,141
sistematico,277
alano,45
osceno,139
carbonaro,122
kant,21
aduna,8
decadimento,272
allarmato,114
merletto,453
settecentesco,401
urlare,513
calcare,341
multinazionale,79
emana,8
copertina,238
matte,130
rodia,226
concare,114
casualmente,338
persuaso,233
nouvelle,45
nicolina,193
gewiss,374
poche,54
operatore,36
implicito,278
prerogative,161
ripulire,209
rissoso,180
fondista,13
restaurato,169
virologo,225
aletto,74
attualo,37
bizzarria,728
bianco,61
sedevare,238
rodare,282
turbinio,83
cintone,92
mandala,66
spasso,244
progressiva,119
appassionatamente,481
fanciulla,282
armonizzare,180
ozioso,231
martellare,244
ales,405
fortunato,141
pedo,34
affiliare,87
sabea,4
distribuiscere,123
deriva,67
gramscere,44
interessale,160
vetio,31
palina,124
adisco,13
distogliere,443
sede,26
celoma,85
dimezzamento,130
dol,375
guamre,84
belligeranto,78
rorida,70
animasi,234
scorseso,744
pensarere,453
puglia,108
elve,68
pos,103
duratura,60
guardaspalla,559
buttare,406
avvicinare,344
francio,312
fisso,15
dcli,5
giovannie,401
gerra,127
sterrato,464
colpe,34
pensionamente,179
trance,35
antillo,44
polvero,249
provenienza,26
sindacalismo,288
plausibile,280
notabilato,62
cinofilo,24
avversaria,307
ming,13
investitore,106
sassofonista,326
belare,298
malavitoso,188
soleggiare,273
passeere,173
vestire,372
casacca,177
sancì,11
telepromozione,89
speranzoso,363
trasparenza,134
recensione,232
avvocatura,149
pigra,317
marziale,4
cedimento,185
portavoce,65
buco,19
elettro,82
yost,214
disuguaglianza,320
separarso,113
autoveicolo,215
contrattare,247
collettività,505
inceppare,147
ebro,75
astrazione,431
differenziano,645
maissano,341
dichiaralo,204
nullità,76
derivare,274
cinquantina,184
lirio,114
casualità,545
azzerare,167
sporta,21
quesire,99
marsala,6
oulx,395
funga,35
possiedere,148
psi,166
peccatore,191
nevicate,171
chiarimente,140
aviazione,231
vitti,65
alacremente,89
forcaiolo,126
solzhenitsyn,178
volpone,122
locomotore,217
occorre,91
boneare,837
diffidenza,331
inosservare,77
derogare,260
aperto,28
cervo,203
sibilla,200
landolfo,322
vicino,114
restio,28
cervellone,87
risonanza,6
istituito,39
supercinema,295
salare,38
mile,33
accio,225
montello,436
conduttura,97
avorio,26
sfavorevole,111
rimessa,44
impeachment,62
miseria,98
simulare,93
angelare,722
indesiderare,200
alerei,53
buere,18
prole,8
imboscata,139
probità,103
dissuasivo,107
agiresta,198
scià,138
parquet,131
giallorosa,336
confermere,192
credetto,55
cotto,180
musicalmente,162
appartengere,291
bojano,160
accompagnare,49
intifada,76
cranico,192
obbedienza,128
ossessione,562
slavina,144
vicinato,113
bonare,60
orribile,347
meschina,117
rosare,53
po',81
aldilà,113
brogliaccio,57
mazzini,17
aviatore,50
progresso,34
internare,41
abusato,61
esigibile,94
drivo,49
determinato,827
portere,114
pentimento,183
protegge,42
malora,81
autoaccusare,351
tango,173
laido,356
parassitismo,477
amnistiare,67
distorto,373
pomeridiana,40
seppellire,262
arretramento,156
chiamala,27
coinvolgimene,31
antichissimo,483
invadono,257
fede,98
scire,242
mercantile,35
presidere,81
essenziale,483
maine,200
civica,42
lelio,177
pavimentazione,516
ecc,17
attivare,59
reticolo,153
cimiteriale,134
walt,178
ieratico,112
ritrare,213
consociazione,92
vantere,92
ercolino,39
martine,373
lavatrico,209
domale,21
laburista,71
gravissime,90
pregiudicato,397
allorquando,31
tato,22
suol,103
teano,34
capitalistico,715
namibia,218
subappalto,62
serare,306
avono,17
obbligazionario,245
antimeridiana,22
giovanneo,738
loculo,251
acciottolo,156
sconquasse,171
bistra,12
infallibile,156
sicuramente,512
divorzio,16
oncologia,289
accadare,338
infinita,207
impomato,97
programmato,182
compartimento,65
colgere,365
viggiù,4
cibo,143
pullo,17
bensì,548
antropologico,550
pasqua,19
psicoterapeuta,134
cuneo,58
agisso,268
vega,11
fugge,33
agir,25
valorizzare,248
tasso,66
collinare,448
tuga,144
adottalo,72
precostituire,816
criptare,418
reale,85
ferrarese,324
bios,255
vercelle,200
abolire,99
delibero,150
panino,69
cencio,214
amarcelare,227
fioravante,88
ampiamente,224
itinere,10
trapelare,150
locomotivo,38
orazione,99
piena,66
particolarismo,1307
filar,87
fonderselre,267
deposizione,185
sdegnare,457
industria,112
baracco,414
verticismo,546
crepuscolo,330
pochissime,191
attinente,244
ordinazione,132
detector,25
usalo,38
boxe,119
temente,298
aspira,7
menomazione,538
voghera,64
laboratorio,126
celebrazione,105
apice,14
tirare,196
cognata,177
borgomastro,56
alida,9
imindustria,380
volevamo,72
paraurti,189
valanga,19
terrone,336
chere,117
navono,250
incorruttibile,81
storio,150
promo,20
mappatura,166
spiego,231
portiera,142
impossibile,196
vuelta,264
apologo,317
gianmarco,61
anomalia,215
aieta,36
aspre,55
sopportare,283
magreb,24
accantonamenti,399
pope,66
percorrire,135
piazzola,233
ammirevolo,269
caldissimo,233
soverchiare,669
referendari,130
palermitana,214
diere,173
nicolosi,171
carceriero,193
gene,168
ruanda,115
invecchiamento,697
pataro,116
spalleggiare,419
gramscare,43
wimbledon,234
ferra,117
prefigurare,387
solitudino,227
bertrandt,47
dulbecco,167
latinoamericano,70
cista,69
sopravvissuto,154
grammatica,253
parsifal,288
scontalo,57
considerevole,255
clapton,925
ortensa,182
capeggio,30
zoologia,64
risente,101
tatiana,114
lista,61
suppletivo,4
detrai,46
terso,338
improvvisare,230
malè,254
avvocato,117
utopia,299
inattivo,80
tradìre,34
sudafricare,67
agevolare,157
curdo,221
limousine,368
parabosco,455
redivivo,430
rodato,198
servosterzo,142
eco,2
mente,152
pallacanestro,226
asiago,29
esemplo,85
interattivo,191
riducico,598
dimettare,177
temo,3
radicale,167
rodrigo,19
dattiloscritto,121
neurologico,401
incidenza,389
gepocapital,348
asie,151
culturale,60
camuso,87
tentone,337
ionica,156
fischiare,383
rielezione,91
auditorium,114
approdare,111
siriana,187
torinese,57
stellanello,820
autorizzazione,193
domani,47
giallorosso,489
oliera,70
cimele,90
incallì,7
nascenta,12
apparire,411
insediare,62
autodenuncia,120
confetto,31
schumann,172
cineteca,77
giurisdizione,130
carattere,162
facendoge,78
magdeburgo,108
difesa,21
primitivo,644
riscossa,24
andranno,68
logicamente,379
appiattimento,629
talmente,572
sim,274
cataldo,328
insabbiamento,147
centralinista,51
tormentato,203
villo,25
impediscano,181
dialetto,79
sodio,266
contestatissimo,162
elettrodo,187
scena,209
simbolo,54
rover,28
ristrette,8
ventitreenne,438
cesano,103
esattoriale,45
savona,74
arbitrale,74
glacé,50
specie,71
galoppatoio,115
alatro,230
incontrare,69
intemperio,57
chierico,309
terreno,4
farge,97
escere,125
bagheria,63
parigino,38
velatato,110
ristabilimento,48
insormontabile,110
valentia,69
nicholas,158
facsimile,40
calabro,716
fertile,100
ispiralo,62
eminento,43
stabile,9
israele,135
grandezza,242
chito,201
angosciare,437
ita,281
usuro,73
paragrafo,20
ebollizione,128
millenno,220
artigliare,198
argentiero,93
librerio,82
bognanco,230
politico,587
ottusità,604
caldi,16
camillo,275
rtc,73
avola,34
cosimo,817
trattare,843
ciondolo,547
slesia,45
riandare,97
inventare,691
abbonamente,22
rettangolo,375
sardegna,100
manifestavare,198
abraham,474
esplodare,132
bendare,246
maschilismo,560
velocizzare,144
riaprire,59
tuba,22
specificare,235
odeon,63
serena,38
spezzettare,196
ortopedico,153
esordire,151
zombie,65
biscarto,89
chienes,69
solletico,22
chiare,438
alezio,43
eremo,21
pianta,330
antisemita,141
politicante,464
sconvolto,126
quito,131
attratta,107
bardella,67
lizza,92
gardner,953
inaugurare,105
belloccio,534
intenzionare,470
alco,35
eduard,96
diplomatico,84
glob,231
psicotico,254
nulo,74
mezzosoprare,1144
ingaggiare,142
maschietto,178
uscita,22
estenuanto,54
pinerolo,395
palestina,185
rotterdam,46
tibetano,37
mediocro,240
chinio,163
scatenò,108
intentato,373
atesino,15
apertamente,401
scoperchiare,396
bole,36
comunlsta,89
rave,20
fluire,18
fantastichino,569
tifo,47
trascurare,535
liberal,157
teff,410
brusson,189
wim,252
cretino,313
coincidevare,210
privilegiare,268
calcolatore,261
dimessi,58
mann,120
malco,13
confiscare,58
kenya,185
mentano,132
fuorviare,503
modere,32
decantare,208
alberona,150
united,129
kiev,137
vecchione,520
abbandonalo,215
giustizio,141
cosino,265
cosmo,62
macchinario,277
spiare,79
umorale,453
svoboda,95
scalata,30
doroteo,60
ricco,62
oriolo,80
innovativo,450
allelo,21
scaletta,85
degno,21
polco,88
accidentato,211
macchia,268
erboso,65
bramante,220
traumo,86
farmacologia,298
romagnolo,22
abbonamento,29
cruccio,56
preside,50
bioetico,164
infido,119
garzale,38
frusinata,183
adria,67
schermire,553
ambientaliste,82
paragonabile,99
lepanto,261
patrizio,169
ottimistico,136
venture,123
taglieggiato,178
tanti,139
trascorrare,105
lucro,10
favorevole,71
talco,48
dse,80
estenuante,59
done,60
ross,94
atella,100
caore,44
felice,29
lepri,62
avvelenato,98
istituii,32
sottrattere,139
capitalistica,525
accentuare,187
udire,141
anticipatamente,125
porporato,18
intoccabile,55
inserisconore,232
totocalcio,34
previo,122
silvestre,38
sapone,241
campagnare,23
recapitare,129
molteplicità,998
interesso,82
apprestavare,192
contea,90
bravata,341
parietto,525
percosso,213
snaturare,653
risolvibile,189
ridimensionamento,472
inserire,196
attribuivare,81
negativo,126
togliaggere,35
rappresentativa,38
inglese,99
direzionalità,264
rinuncio,100
mezzogiorno,30
laborioso,40
mixing,78
direttrice,19
giorno,135
berardo,561
ginnasio,36
urla,250
serratura,182
unger,92
inevitabilità,474
degenerato,337
osterio,29
miliardario,78
recitazione,309
modernista,341
addentare,157
analfabetismo,127
discendente,161
gelatina,295
nebbiare,51
pillole,48
pappalardo,223
embrione,217
strepitoso,217
riconoscente,253
diabetico,464
stoico,153
esaurito,15
riepilogo,40
amichetto,449
triveneto,36
incessante,61
distendere,545
velocista,338
erg,34
meteo,24
coincidente,154
parentela,48
esistito,41
inazione,135
pacificare,85
regolabile,98
bila,11
spinore,27
tracolla,271
tabello,33
malaspina,162
piolo,560
udienza,86
nicea,32
dopò,40
protezionistico,257
brescia,203
taurianova,184
latore,23
aguzzante,74
similare,219
nichols,490
ciclista,140
adivo,92
ceffone,154
risistemare,352
cilecca,207
simultaneare,19
la',290
apologia,264
ghisa,30
verifica,191
por,92
sogesfito,297
emersere,62
precipitato,131
sostenere,469
faustre,48
cesta,79
cerea,27
satana,130
confessionale,81
carema,283
lancere,14
conciliare,471
peculato,165
leitmote,3
giambattista,340
ambrogio,139
quattao,100
indigene,124
montatura,124
avignone,123
special,77
erigo,149
gii,2
sfratto,41
loreto,76
muscoloso,257
rompono,69
vegliare,171
eternità,301
tolgare,307
fattorino,728
cadalorare,193
inanimato,100
cinque,205
uscere,41
eelissere,174
contrabbassista,179
verace,59
dipinto,264
novello,181
porca,51
ammirare,44
boccare,528
direttole,81
avolo,190
corrispondare,163
dolio,35
imperdibile,435
accreditato,35
andria,20
pista,54
pallare,95
gina,16
precocemente,359
chiedire,231
vent,86
uccisero,421
nome,32
ungherio,67
catalitica,126
attestare,69
impunire,200
autofinanziare,61
rubavare,366
gremissimo,178
consacrazione,186
contraente,192
concomitanza,121
giudea,73
varesino,333
felicita,45
animazione,81
douglas,317
emulazione,954
individuazione,335
rossinie,283
impalpabile,729
colesterolo,417
scorcio,41
guinness,69
rumorosamente,297
trans,15
maggioritario,212
unita,28
generalmente,154
schiacciare,494
nova,71
ankaro,202
succoso,97
appesantimento,290
motorio,88
assiso,110
delimitazione,601
versa,25
lasagna,511
programmare,66
trasfigurazione,775
prefabbricare,214
imbeve,33
acerno,139
annamaria,232
dolile,241
varsavia,27
romanzo,345
lane,167
trattasi,49
lift,63
lucania,51
seppure,249
bange,61
inclinato,257
dinaro,12
secessione,204
travestito,516
siccità,86
resistere,247
goffredo,114
insolito,448
nikkei,78
avversità,30
ade,149
sollecitudina,121
self,17
faustino,651
pizzo,92
lazzare,447
louisiana,148
diciotto,182
arrestalo,305
tubo,253
progressione,310
pallone,392
voga,70
discuteere,213
municipalizzato,137
fantasioso,316
ribollo,11
indipendentista,191
infilo,16
cellula,242
accattone,296
erogazione,280
quesito,49
aga,71
liano,420
avventare,672
totalizzare,67
vite,0
aderente,72
acchetalo,111
buffet,96
polanski,594
gozzo,473
panna,119
meneghina,250
improvviso,132
sorella,311
sifone,61
coacervo,526
domingo,61
flan,22
spiacere,512
duellare,389
spinacelo,248
malefatta,156
infiammazione,154
lottano,41
ombretta,121
gendarme,151
privilegiira,371
fazioso,241
lino,56
steccato,24
patito,45
incaco,25
fangoso,372
cavalcare,306
stress,124
diverrà,36
affollatissimo,133
palladium,284
gioca,274
acheo,12
sospeso,21
azionario,307
messe,37
sintonico,350
rallentare,135
avocalo,119
rido,63
impossibilito,176
disio,50
seggio,72
tal,7
recita,127
moscovito,122
contagiare,211
hotel,31
gemellaggio,8
continente,90
inde,41
decorso,89
divine,163
michele,137
splendid,269
velo,43
sobrietà,191
russo,181
gol,382
dissipare,50
replichare,60
finalità,308
jones,280
soldatine,81
compiacente,201
chiante,86
sorvolo,57
albareto,274
uccello,88
suffragare,100
bastonare,715
scarcerato,166
iberico,87
pigliatutto,33
ritrovamente,165
preventivamente,301
esegesi,367
corde,50
propensio,149
concentrico,181
copulare,84
noci,264
filiale,39
girarceli,293
intendiamoci,268
gente,283
empire,98
eversione,104
enigma,17
ufficio,55
disaccordo,96
divertire,703
filardo,12
quota,72
dostoevske,95
commuovere,370
difedere,100
ansaldo,168
miopia,224
prefetto,54
fornito,86
diktat,29
funzionale,630
romanità,61
ganghista,114
joint,42
yankee,343
situazione,85
rivolgimente,300
vane,26
insidiare,140
oramai,69
bete,155
prelevato,228
daino,248
ispettore,39
sottopone,24
leandra,19
sussurrato,440
pack,242
multare,76
magi,13
catario,16
neutrale,47
conflittuale,600
argomentare,435
mo',100
notevolissimo,221
predica,148
bigia,180
tempietto,407
denominare,21
confutare,193
separatismo,514
pragmatico,253
sharp,349
chiaramente,517
indomani,68
precostituito,733
ammainare,179
ramificazione,356
bagnino,264
entramba,6
margotto,132
sottolinealo,202
vanificare,373
poliennale,116
magica,167
fossòo,137
apposire,17
svelto,314
esultare,180
alexanderplatz,245
ordinamento,326
delibere,137
guidare,47
socioculturale,567
mordere,121
costringere,122
avvenuta,39
smeraldo,105
alt',8
incolmabile,73
abbona,11
torricello,450
continuità,237
internato,56
squadriglia,179
esclusione,29
consistenza,517
pur,5
trasposizione,377
croccolo,335
beirut,231
pertinenza,164
sampan,22
cravanzano,104
bipolarismo,365
riciclare,103
balilla,191
spettacolarizzare,603
bernard,29
mattinala,64
grado,41
turpiloquio,455
remare,276
redentore,241
difere,107
slittamente,168
neuroscienza,280
sting,323
semiserio,105
vedrere,238
relazione,20
mentre,209
coordinata,53
traditore,227
cocktail,66
chance,9
craxi,66
girolamo,270
nepal,97
reims,109
manica,20
rifar,33
pence,34
penne,304
schiarire,179
decisi,78
opposte,97
aver,157
caratteristico,478
nuotatore,244
teschio,316
governatore,34
dapprima,63
prospera,18
inospitale,306
avviira,58
avellare,319
sentimentale,723
materno,86
ispirato,104
gaggere,301
coordinere,34
einstein,223
sconfisse,134
giace,12
disponibile,80
salde,7
mondare,44
sahariano,124
correttezza,251
sibilo,37
fremito,104
scagliare,402
ascia,44
ccii,73
leoncino,118
estradare,77
mogadiscio,193
percorrare,112
uragano,92
cristiare,95
indira,76
ricorrente,307
esige,24
autopsia,59
orbo,12
onera,53
correntista,20
che',59
grimaldo,554
optional,86
affermazione,361
uopo,0
cairo,75
affollato,64
parliamone,85
campagno,15
stazione,180
rimpasto,63
short,422
intrattenitore,239
ford',110
saturazione,474
minaccialo,82
domatore,128
disso,197
reagire,295
premiata,114
bernine,13
astioso,650
padella,119
accaddere,106
mercanzia,39
ipocrita,308
reparto,79
razziale,60
comunisto,243
affiliazione,28
zaira,63
filippinare,57
graziello,936
auletta,16
irap,104
serial,193
beve,43
bianconero,501
attribuisce,79
litico,63
lassa,34
acciaio,102
somalia,100
ponzio,281
governo,155
ofofe,20
gravissimo,97
prodezza,579
limitatezza,571
stortura,157
aloisio,361
commutazione,190
lombarde,83
fonazione,36
chicco,108
bunker,13
agostare,111
lungho,20
procreazione,266
citalo,72
mazara,6
ascolano,283
appalto,62
distalo,33
carnefice,301
partorire,147
svogliare,132
finocchio,101
volterra,268
scasso,144
chicago,177
scorio,76
accaldato,158
procuro,56
disconoscere,821
conversare,44
germo,46
delude,128
misto,12
sparto,9
nito,58
trentotto,152
chice,123
calabra,167
volontarietà,154
antipatia,246
liliana,159
spedere,46
triplo,14
panamense,25
punii,2
partes,7
redistribuivo,250
berna,76
sottoporre,33
profanare,112
sminuire,141
negoziare,102
dimostrerebbero,466
circeo,46
percepisce,71
leasing,78
sudo,12
virtuosistico,616
tacciare,505
intendenza,127
ormare,260
repertare,233
figurina,32
scoglio,36
affiatato,175
ambientalistico,264
budellare,128
trucco,77
dicare,489
rispetta,141
terzo,39
oggettività,796
melma,69
divearr,35
rialzo,139
linguista,111
pegaso,58
beige,15
apprezzalo,140
mixer,73
beautiful,204
morosità,8
mcenroe,343
estintore,61
riuscita,130
eminente,58
imputalo,154
finari,27
pianoso,57
calto,286
tranvia,175
consideralo,200
pendii,194
consere,115
depero,25
alcuno,146
sebastiano,262
ferio,16
miranda,218
jwst,161
segretariato,56
preliere,154
labor,8
contributo,99
edita,32
gabriel,91
corsione,37
nasco,48
barocchetto,482
unitare,71
cattedra,81
morbido,81
flac,4
libar,31
banalizzare,418
artistica,258
metropolitan,26
luna,22
weir,337
pistola,214
turistico,60
banato,107
telefonala,62
vergognoso,297
crimine,135
bronco,34
indaco,28
violentatore,547
obiettivo,81
curiosamente,362
subentrare,46
dinastico,379
canotto,393
fasci,17
perù,73
forma,208
fermezza,177
siderale,14
ventre,313
acquifero,273
inconre,778
arrovento,83
spungere,237
comode,24
nagasaki,67
potese,27
proporre,293
anticrese,26
coronamento,39
renaldo,142
magneto,204
marcire,175
oman,198
campionario,191
sgangherato,126
trasgressivo,554
magagna,35
disavanzi,275
vertice,79
adina,83
proseguere,78
limano,72
crispino,340
ancona,197
almiro,13
raddoppio,40
alzò,282
cavallaro,482
coltrone,160
solere,101
capofamiglia,151
ulisse,28
catalizzato,176
scruto,12
eccone,76
siciliare,119
seguace,124
ignota,52
intercontinentale,40
sprizzare,223
prossimamente,87
sanguinario,195
archibugi,120
ciga,388
cantastoria,365
amministratore,72
rimi,12
microscopio,348
tecnologico,309
risk,299
infedeli,46
cavriglia,207
abatantuono,209
para,64
ricercato,163
aussino,124
sommariamente,458
pessime,41
contino,253
seclì,5
mirello,382
polento,156
pigro,157
prerogativa,159
napolo,124
indiscutibilmente,635
effettivamente,582
competente,181
falca,62
distorta,280
raffineria,246
dispetto,490
figuriamoci,90
accantonamento,589
ribaltare,193
avocato,74
surrettizio,140
oliare,184
immigrale,68
novelli,268
terare,191
trepidazione,101
inarrivabile,495
manierismo,764
soprannominare,587
sottrazione,352
inaridire,319
acquisizione,95
frazionale,113
nicchiare,793
addams,255
catione,12
paventare,273
falcone,75
boutros,68
cabino,23
cinismo,700
fore,24
buster,299
riammissione,42
capitolinare,133
utopiao,119
occupale,42
strangolamento,85
calcolare,253
evie,11
proverbiale,337
quasar,131
ammissione,59
premiale,52
ghiaia,86
cova,12
serrare,53
arieto,218
tropico,140
recital,445
canora,144
alpine,61
lese,20
dilatino,260
barete,33
contemperare,245
contorno,86
costantemente,204
oropa,5
ilio,418
cles,23
continuarere,396
psicologio,157
trino,6
negoziato,88
allineato,49
versamento,116
merone,160
imicapitale,367
mormorare,440
indicativo,272
aggiungerà,149
lievo,40
recettore,168
scopro,14
tunisino,149
marcio,28
adolf,21
spanare,640
sacrale,158
ferroviario,163
presumere,257
interrogativo,90
force,13
randage,125
incestuoso,256
olimpia,42
quadrare,51
orsare,52
chilogramma,106
parrocchiano,215
nazismo,114
amerà,5
preparato,40
invalidità,195
diviso,43
sciacalle,309
contropiedere,377
ace,288
torsione,61
giustifichare,219
censura,32
seguita,32
immediare,128
scalfire,355
assoggettare,253
cinghiale,426
nevico,102
intriso,555
gnome,27
linosa,446
aggregante,92
teneramente,234
campagna,14
genica,49
forlivese,103
dominatore,410
sovietica,216
adamo,57
caduta,71
indifferente,792
coda,72
comunicante,96
telecronaco,155
resare,77
connotare,501
esaltare,449
autoreferenziale,751
scomunico,25
imprecisione,108
altopiano,391
kenneth,448
allegoria,340
ricordo,252
riesco,297
regino,48
cassiare,45
bilia,6
melone,113
olandere,146
adì,81
filomena,107
contemporanea,117
imprendere,180
riveste,39
paravento,170
acido,296
attivala,60
palladio,36
rifatta,53
debacle,38
donati,282
stormo,42
appresta,66
amaramente,330
preferibile,100
genera,52
andré,60
nanna,134
amato,139
turgot,22
testacelo,104
carrozzina,496
antonietto,1027
splendidamente,292
umanamente,420
navarro,15
cristallina,205
kaiser,87
cozzare,110
proscioglimento,209
automaticamente,143
rato,54
fluente,17
asino,59
interrogare,112
proporzione,72
infila,284
mastello,82
viganò,62
burocratismo,464
scotto,46
siris,49
antibes,21
lotteria,51
mentalmente,395
sentir,143
perplessa,78
quo,7
tenuo,35
sylvester,572
controprovare,263
figuravare,170
capii,263
benemerito,43
beh,147
produttività,483
armeria,104
valutabile,228
agenda,10
strillo,173
presuppone,726
capofila,21
smangerò,42
pioggia,113
incandescente,185
intonare,448
uadi,94
diventere,152
dentiera,49
fermale,105
allungo,71
filtrare,94
giovanna,909
persa,158
fotocopiatrice,129
tentore,18
retare,85
spieghare,450
mantova,229
addestrare,101
direttissima,83
congettura,292
aggravare,198
ansante,406
libeccio,160
nutra,36
obbligatorietà,258
condannato,231
cofondatore,67
conflua,9
quarantina,231
spoglia,29
cospicuo,135
combacio,157
rampa,33
dario,91
guizzare,620
riducere,383
classe,20
quindicennio,123
mulatto,175
moralistico,803
agii,125
deimos,36
simonare,930
prosecuzione,143
anconare,251
assicuratore,132
querello,25
iceberg,2
cuba,30
signa,22
sceme,67
brado,72
caltanissetto,225
cecoslovacco,95
accampamento,631
variare,154
gliela,69
ambiente,27
mariolino,650
vincolante,270
autoritario,778
commercio,24
scocciare,262
apostolo,157
predatore,221
basic,29
rivalutazione,294
giganteschio,251
aniene,154
sentimento,548
avvenente,94
pezzetto,401
ore,17
lunetta,652
iridare,442
conoscare,361
novare,23
settantadue,182
fortunatissimo,805
suonere,344
borso,29
volgare,852
replo,48
castellammare,180
pallina,448
bigino,66
kim,292
sondriese,248
rolla,50
radiofonico,150
giustino,297
assistono,33
gioa,51
tufello,768
ermes,6
scarsamente,113
darare,320
fatelo,103
potenziamento,368
primordiale,760
soliare,142
efu,18
teorizzazione,1073
premessa,346
ospedale,202
ammiccamento,817
nitrazione,106
fuoriclassa,590
repressione,211
spezzare,137
melanoma,413
razzoli,100
velina,15
iracheno,205
avvenivano,44
laudere,296
figurativo,336
momentaneamente,196
clusone,37
preoccupi,101
motivazionere,83
fiammella,169
affrontere,75
sfumare,182
trai,9
solidaristico,771
beato,15
terrestre,122
mola,4
sessantanno,171
suggestiva,444
entro,64
preoccupante,256
vecchina,43
sforza,32
scala,8
macigno,43
riattivare,144
sopruso,243
cosenza,260
tragtiere,242
nomadi,74
primo,154
tubercolosi,395
arkansas,190
scugnizzo,294
esorcizzare,284
icono,122
mazzo,339
politicanto,641
hamilton,670
assembla,33
accademiare,155
batterico,345
ruscello,383
luisa,350
nana,90
formalismo,654
eulero,40
menzionato,111
peronista,102
informe,26
settembrino,158
massimiliano,863
trattere,91
predittivo,262
permanere,280
odo,1
rotolo,213
smoking,218
innaturale,1307
castiglioncello,411
invertere,137
controrivoluzione,262
paul,541
consacrare,97
meta,36
addurre,294
unanimismo,164
stupidaggino,506
azzano,106
gromore,467
pilastro,6
spacciare,240
pionieristico,441
vittimismo,179
prestigiatore,125
radere,122
toner,231
tentennamento,267
monta,51
competizione,68
diagnostica,354
contentamento,669
centralismo,507
rispondano,190
galliare,435
rudero,538
ottenuto,65
affezionato,106
proletario,57
metro,86
attivismo,446
stevire,942
opulento,183
spender,209
asteme,5
espore,52
concertistica,139
istituzionalmente,477
incognita,27
avvertere,307
issi,139
combattività,82
contravvenere,74
naturalizzato,161
aduno,13
flaiare,998
sorridente,669
determinante,195
tovaglia,649
piene,15
correlazione,498
coco,71
impenitente,96
ribatta,222
comprensione,663
beneficiano,134
mingo,146
tito,20
sbagliare,452
cabriolet,106
complimenti,408
scongelare,74
segrate,27
hashish,29
alternatire,206
sentare,299
benigno,28
linguistico,389
datura,19
ocre,7
restia,18
motorine,175
predisposizione,422
fronda,99
solita,301
effimero,250
nietta,13
roseo,8
immaginazione,1368
sommatoria,408
griffe,24
ospire,111
brucare,161
centa,134
mastino,129
fortini,25
ottimizzare,366
depurazione,198
ambulanza,87
battagliera,51
briccico,474
dionigi,207
omologo,7
zelante,41
appennine,168
innovazione,470
togliere,264
gallup,18
programmatica,198
eroe,244
bune,5
galano,259
perseguibile,251
express,299
rinforzio,41
glattere,140
vis,5
tulio,65
regolarizzare,90
casier,289
diversificare,423
ramona,456
disponire,105
taormina,9
ragioniere,35
compaiere,101
imprevista,125
proficuamente,180
arbus,161
san,29
porrebbero,673
tassullo,776
celeste,244
macchinoso,308
preferire,448
preferito,165
fonda,14
udine,348
chilometrico,79
coesa,19
ottica,504
cosenzo,240
abbonaccio,181
deputazione,97
visino,254
gravo,77
haas,119
bollato,17
compio,137
dirimente,136
coma,148
tiravare,734
anfo,61
neurale,295
riservata,10
sbirciare,279
esaudire,40
municipale,36
minatore,55
superalcolico,126
macchino,250
appuntato,134
motel,12
benzina,122
denigrazione,447
inquinamente,86
meteorologia,36
magiare,148
serbia,162
carla,106
definizione,713
bus,152
telenovellare,151
provocatore,240
lumet,512
dispaccio,31
primogenito,69
vai,24
evento,97
adesione,41
compresso,181
culla,33
nevo,5
irrimediabile,259
bocciano,35
rotondo,17
ripresa,63
rilevamento,138
testimone,101
indiana,139
illustrare,159
cardiochirurgo,164
specificatamente,398
diventale,118
sposalo,197
cieco,10
cappellano,517
indesiderabile,306
eliminatorio,105
monoreddito,262
css,7
patriarcale,134
nordisto,123
geova,20
fora,91
gambo,45
pacco,127
allegria,306
opinino,16
aneto,189
riscopertare,510
riecheggiare,156
spavento,13
rivole,13
dovessero,287
inapplicabile,226
fluoro,229
conduce,210
acl,228
mcadoo,466
lacerazione,321
risultale,91
enzimo,380
chinine,28
evitare,170
filadelfo,185
guastare,113
corredare,133
trittico,186
tempre,34
spike,324
beniniano,279
rotturo,52
buffo,55
antisommossa,165
coinvolga,24
cremazione,42
fondalino,253
inconveniento,105
tintura,205
norimberga,24
comprensorio,168
livo,112
cetacei,76
radiatore,116
diseguaglianza,587
eterosessuale,174
addominale,243
velia,41
tedere,31
rovigo,199
corteggiamento,140
mestamente,209
sudcoreano,79
sconvolge,74
categoria,72
ottimamente,137
spegne,40
creditrico,174
saudito,166
fabrizio,199
maffei,350
laburisto,61
manifestare,135
servare,134
girar,140
scarpetto,246
collaude,85
pelato,295
ruzzo,150
acutizzare,558
stracittadina,216
vizio,176
bassa,9
tardare,174
incredulo,353
casale,322
pacino,414
malgaro,97
ideare,79
costruare,23
disgregare,241
assiduo,29
sonatore,43
prevalgire,170
pasto,78
congiurato,113
strutturato,364
pervia,16
duplicare,185
atea,0
attenuato,192
registro,29
dativo,122
luteo,42
eccolo,251
monitoro,104
este,417
cabile,43
naturale,116
bussare,103
rechare,54
immobilizzazione,362
know,31
abbattere,119
lea,262
rilevante,310
competere,144
vitiello,89
cielo,77
dirigenza,39
palmer,500
deleterio,257
precisamente,183
personalizzato,40
cede,19
illeggibile,20
fregeresta,216
dimaro,139
malafede,27
caravella,310
gestiscire,109
mancalo,24
focoso,101
iniare,106
aulla,183
lorenzo,81
genie,26
neurologo,262
stazionare,250
ordinato,80
degente,80
tasto,12
edire,115
masi,259
cantùre,71
signorino,349
sfera,24
epifano,99
nulla,194
consolidato,54
ammalato,350
deforestazione,310
fermanello,865
poliziotto,352
cannibale,213
antigovernativo,267
mirabolanto,290
spronare,305
abortire,69
mimmo,31
esemplificazione,862
mutualità,135
folgorare,125
mazzette,142
etra,13
castelporziare,284
ricevuta,87
fermina,90
suora,109
maturo,49
gennaio,93
orione,260
balcanico,91
manovale,113
incuneare,381
traslocare,135
buscema,80
accado,251
bargo,96
dano,314
anticipato,72
televisiva,139
extraconiugale,91
burrone,323
zena,263
martella,63
pasquare,71
flaubert,182
ondeggiare,774
fervente,9
chiarito,76
formulazione,531
mattarello,114
spiazzo,209
omene,118
handicappare,163
chiame,27
speculario,101
siciliere,120
domenicale,57
varare,150
abbandono,149
imbarbarimento,748
giacenza,22
videocassetta,137
capitalgest,300
arrangiamento,277
pressappoco,163
caare,235
predispone,109
segreta,71
gazebo,97
profezia,158
oscar,24
microfilm,40
collaboratrice,127
surriscaldato,152
idillio,43
telematico,75
shere,144
modifichare,131
coinvolto,40
cavacurtare,486
cerete,67
prototipo,153
schierato,196
mucosa,409
presentabile,126
veronese,189
sars,52
vietnamito,227
impopolare,94
verissimo,353
denominatore,49
tranello,256
marinella,320
tarabuso,261
pio,9
benedii,20
samarcanda,104
oltraggioso,194
olgiate,60
tano,117
idealo,222
pallavolo,253
allegare,204
malcolm,149
polmonare,397
lola,137
pervenuto,36
flagrante,63
diventerebbero,201
rileggere,271
giallo,18
mugello,143
circuito,19
psicologia,220
castellucci,669
caratista,169
ottimismo,80
parata,107
presi,40
compromessa,272
abare,69
riassorbire,289
piccardo,872
provvista,213
relatore,177
umorismo,650
trapanese,272
canio,162
tetto,33
bernare,181
glia,49
paleolitico,380
nettuno,139
pregnante,112
appoggio,33
invadere,251
volontariamente,164
stravinto,57
assillare,164
cline,486
conformare,277
cosmopolito,362
trecentomila,120
prudenza,82
bomba,150
allei,68
fastido,93
lesto,24
difficilissima,134
diecimila,104
carena,105
semplificare,241
naldo,47
genetica,321
stanislao,149
appaia,159
aurare,131
boria,132
offra,15
comunicazione,69
altezza,17
catastale,128
esalare,46
amiens,21
dispere,77
sovrapponere,787
linux,54
poto,9
pescaro,186
clinicamente,260
filigrana,6
boscone,285
istituere,115
alatine,39
amenità,42
teca,41
cedare,42
capocomico,285
pesca,44
collaudare,92
tbilise,213
decimazione,137
stampo,26
superba,133
congratulare,115
musco,130
silurare,136
protrarre,104
corretto,254
lenza,366
tributare,4
cagalo,114
perenne,277
arena,21
meritavare,144
preoccupale,189
flutto,35
fender,56
inganna,145
sfidanto,78
centralistico,774
rembrandt,15
vedere,1368
dodici,111
manovalanza,42
ribassista,118
anfore,65
pedi,210
ghigno,133
accorpamento,488
propugnare,263
raffica,95
attraere,404
regolamento,126
sperimentatore,213
veio,31
erminio,113
duliare,35
twain,227
convocazione,141
courmayeur,23
mottare,323
darwiniano,515
bogotà,56
vagente,7
concentrato,100
max,16
terroristico,151
leso,4
mescolanza,382
pochezza,270
ingigantire,396
ultimo,310
argia,44
nuovo,26
dimmi,29
valere,150
rocko,417
fudere,184
invivibile,91
servirebbe,350
presunto,136
cortona,131
avario,26
attrarre,201
spread,76
perseveranza,272
cartellone,203
avvolre,277
mottere,250
mercoledì,65
coopera,16
educatore,63
claunesca,67
coire,365
subissare,129
ecologice,83
filosoficamente,734
bionaz,8
blevio,9
parlamenta,190
sezionare,7
antropologo,271
scolaro,43
tifoso,189
orario,38
inconsapevolmente,906
svaligiare,236
mitica,168
dominante,535
discrepanza,281
sviare,208
ventimiglia,133
giuridico,225
accese,55
aronzio,123
truffare,171
munito,16
efficiente,208
attingere,75
dividare,87
paviare,389
solidità,176
predestino,316
gettare,131
condigle,75
lancialo,37
davide,112
sguarnito,134
caracalla,74
idea,328
umana,30
portello,22
animalità,319
apparenza,845
incazzare,808
interrotte,65
pervicace,151
sovra,104
mancini,216
generosità,241
piano,29
esponente,104
sfruttatore,108
manno,242
rinnovatore,130
sottovalutare,313
berlinga,92
azovre,156
lamina,95
lorda,54
effimere,398
schiaffore,135
ricorderere,326
sferico,21
olginato,466
capolavore,277
centra,30
puntiamo,50
avveduto,368
ortodossi,121
bivio,4
ariana,28
superstizione,498
persero,94
ritmo,47
brook,715
acneico,68
prenotazione,28
aravare,109
arrecare,32
ascolare,276
saragozza,409
temperare,77
quotidianità,314
temporanee,96
cenerentola,98
stoccolma,46
rivolto,113
lima,132
catalogazione,218
ambasciata,55
navigante,113
idiozia,500
crivellare,587
elba,87
gaetare,149
diffide,28
abilitato,121
boldrino,270
sbarcare,101
annullato,62
pacchiano,50
settennale,25
statura,92
wellington,513
cordata,73
greca,33
impermeabile,254
archeologia,143
unere,202
prebellico,179
affranto,125
degnamente,74
parallele,40
realizzere,119
illegittima,289
riutilizzo,408
effe,20
basilica,196
colpo,118
ennesimo,52
accarezzare,1163
domina,82
coscientemente,761
spellare,229
indifferenza,702
circolarità,122
poso,20
repressivo,218
arese,85
ferita,110
roccaforta,38
premiare,72
spatolo,293
persistente,232
romanticismo,757
escremento,770
esercitare,103
azoto,164
molavo,90
story,244
arboreo,41
greggio,31
testare,42
costituzione,147
sahara,117
buonuscita,150
ezio,40
jolanda,97
poeta,285
pasticciaccio,231
tomaie,21
infierire,505
marocco,162
disperdere,157
assegnare,78
svastico,158
appassionato,169
borsetta,306
increscioso,177
cristoforo,15
fortissima,45
boa,8
occupare,64
meticoloso,146
profittare,71
convincere,701
sponsorizzato,53
pigliare,792
gracco,199
senigallia,341
prevalenza,130
legno,531
smobilitazione,96
complico,127
rovesciare,208
milly,93
ilare,670
altero,164
penalità,40
indoeuropeo,278
nipotino,311
caccia,29
battuti,165
corrida,137
falde,87
ululo,30
elegante,366
pirandello,253
centro,31
durissima,75
aromatico,311
mohamed,95
sorso,20
provenire,48
colonno,66
rendita,126
abasia,160
alabama,63
spettacolare,279
delegare,123
weezer,433
isp,5
annunziare,156
replay,38
massi,10
penuria,129
cartella,50
procaccio,352
strutturazione,492
tribuna,54
pencole,35
poggiolo,212
conciliante,176
tare,301
icapp,135
bellissimo,1454
spettanza,119
assioma,150
whitney,709
capitanerio,137
rinascito,42
garantere,265
innalzamento,236
ragazzine,202
sterzata,82
vaga,91
rettamente,241
squallore,260
intrepido,256
manterre,58
rimborso,195
vendi,21
rivelazione,106
altalena,27
atleta,189
presidiato,200
trust,24
rilke,244
sogesfit,322
intrinseco,730
minuziosamente,117
andrio,190
ripetitore,71
diploma,42
cominciale,92
canzoncina,640
werner,337
crano,126
swift,7
contrarre,129
indispensabile,478
precipitare,150
zucchero,183
caffeina,82
mitsubishe,142
rintracciabile,379
gioventù,27
calvetto,1161
prefettizia,80
malfattore,288
nula,10
sciolto,10
avverrebbe,799
depennare,42
spirare,215
aldo,219
cavere,341
ovvietà,460
cossiga,105
accennato,186
tauro,22
allegri,338
apertura,37
cipriano,305
pregiudiziale,299
esordio,383
metterla,84
ammiraglio,29
schiare,230
allestere,81
ehi,85
hurre,740
vincio,23
irrimediabilmente,239
predone,58
giudicato,132
banchina,171
orse,112
arrancare,143
vale,57
rata,150
lituani,194
vettura,225
vigno,49
discografico,112
corazza,195
arnhem,38
dovero,96
grave,179
pienamente,244
addebitare,99
abilmente,247
corda,38
interrompe,55
nemmeno,323
confudere,979
inio,56
bagarino,145
prosperi,221
decongestionare,212
lasca,33
infuriare,301
ossigeno,144
sommossa,46
scemare,776
vice,115
accaparrare,115
ravvivare,294
coattivo,135
sbaglio,116
patema,193
irreversibilmente,214
cercale,53
leder,145
desolato,177
trentacinquenne,213
lede,15
nitida,66
funebre,64
immunologo,285
ridotto,61
ventiquattro,149
adagio,351
culminare,79
rubarto,26
resistenza,172
circoscrizione,71
feeling,17
brambilla,518
massese,28
tobago,31
banderai,31
minimizzare,246
usere,72
garbatamente,395
pettine,30
casupola,773
reiterata,73
scalmanato,385
corredo,222
numerosissime,150
mastellare,107
teor,57
formalizzazione,621
politi,104
abruzzese,126
lincio,43
tariffa,39
scavolino,219
coronarico,140
casare,8
atterre,24
perizia,64
chiocciale,323
quindici,213
clausura,41
annapaola,184
spettacolarità,604
strappato,217
aeramento,176
ribellismo,859
nullaosta,101
radune,49
anticipazione,57
sacralità,318
ciuffo,82
vigilanza,34
cobas,61
santo,73
arroccamento,592
avvantaggiare,282
ferrone,593
iglo,13
serenamente,77
chiameresto,223
porgono,149
depredare,70
rinnegare,273
supporto,221
brocco,99
margheritare,22
coere,5
ronco,38
vivaio,26
verdura,238
ticket,67
installo,121
populismo,363
affluiscono,63
modulare,274
milionario,82
demolitore,66
sgarbi,119
bottiglietta,226
oleoso,106
fotocopiare,90
produttire,259
veglione,112
riepilogare,39
ayckbourn,214
polifonia,148
distrutte,238
fere,97
andreina,562
indenna,65
registra,25
niton,20
punibile,109
dirigente,37
vocabolario,244
gravoso,57
analogico,420
lacrima,172
cervetere,296
compito,64
station,116
vedrebbero,191
capoluogo,145
raffinatezza,649
giare,677
orbita,102
sfregio,191
petronio,240
alto,35
tacchetto,382
carpo,24
iniezione,156
seriamente,122
riuscito,103
finte,187
portandolare,109
monografico,340
indo,117
sancta,1
antonella,704
soprattutto,864
inno,117
gnu,42
rapire,192
daone,182
sonante,15
copio,16
suocero,326
sintese,74
saresta,79
fii,42
impreparare,263
salgario,124
cantante,517
destinale,102
anniversario,84
tire,39
ventiduo,126
attergato,63
segare,257
triro,22
alasi,102
manifestato,96
accelerato,104
maneggiare,305
sterilizzazione,605
centravanto,549
soppriro,5
piso,166
risvegliare,183
cullo,107
opera,68
ribaltone,120
irachene,148
canino,124
estone,96
desolatamente,285
onnipotente,213
requisire,49
arretratezza,449
semenza,93
imperio,46
accoda,234
goffredere,247
equestro,67
sottotere,253
montenegrina,167
corrispondente,43
crescevare,200
hurrà,189
rallyre,146
lanciarazzo,139
carabiniere,160
stinto,68
gemer,41
diatribe,54
interposta,52
congiunturale,219
estimatore,47
erigere,9
pensionata,69
ideologico,656
tacevare,420
papavero,598
leggermente,52
razionale,982
mole,2
dichiarere,197
gemello,75
porterà,22
campateli,304
ruppe,65
franchisto,205
isolato,136
atinare,134
davido,82
esentare,69
rigenerazione,289
imperativo,395
fio,14
esterare,155
ossere,41
espressione,787
abituato,451
cereale,317
riproducere,248
reinserimento,161
palloncino,455
contrappongere,707
trovala,46
impaziente,221
guaco,362
capsula,328
apostrofare,108
terrestro,137
donaie,17
bacchetta,76
tornano,99
avvogliere,815
concime,99
abbino,12
assicura,84
passaporto,34
sacramente,173
real,8
genoare,225
proto,3
clandestinamente,135
formativo,578
amedeo,44
electrolux,277
affettare,269
luciana,442
bedollo,104
monire,71
reuchlin,47
malloppo,55
accoppiata,111
certezza,139
atmosferico,187
approfondimente,203
disaccordi,56
rugge,65
claunesco,85
inerpicare,622
raiare,162
punch,58
deismo,76
gelire,237
soppesare,52
cortocircuito,60
ammazzato,317
posteggiare,529
etneo,71
quai,44
disfatto,141
infermità,123
protrae,35
camioncino,578
mitraglietta,473
ansimare,725
ice,610
foco,173
andre,15
discordo,81
instaurazione,446
cowboy,302
andirivieni,108
meno,187
camping,144
abbracciare,169
destare,183
panato,14
fiorinare,80
licia,93
sciitare,264
alagna,158
duplicere,57
lecitare,410
raro,122
compenso,162
policlinico,132
maglione,200
namo,89
conobbero,162
tredicimila,126
panasonic,141
avezzano,490
lu',123
miere,39
ricompare,122
affannare,133
discussione,103
carrozzella,199
impedivare,133
assurdamente,248
nirvana,232
interpretazione,220
ermetico,17
intrinsecamente,1137
opimo,141
finanzo,88
maschilista,275
scostamente,132
ipnoso,59
prudente,214
biologo,180
ripartere,173
alia,28
marce,13
orvieto,128
diluvio,37
arbitraggio,92
epurare,18
frido,429
sirtore,87
elevamento,235
stupida,460
strafare,619
spinosi,40
ranocchio,299
titanico,177
zoppo,12
ora,81
madre,337
lemano,88
comparso,107
fruscio,47
semilibertà,76
indizio,69
graziale,373
musiche,362
aol,11
disto,71
cesinale,88
fabbricante,156
verga,229
separabile,227
salettare,207
ossezia,129
reeves,742
frustare,177
genere,301
distensivo,102
pink,234
gavazzano,295
epidemico,214
banconota,104
diversificazione,826
epatico,421
esplicitamente,292
pione,24
curdare,298
abitavare,387
carolare,589
ricondotto,600
sfida,27
esitazione,166
avero,51
lucano,66
presenziare,200
ironista,116
anelale,215
agie,145
spasmodico,225
rilascio,41
iraqo,39
cerile,12
immissione,204
prevedare,405
irradiare,102
tendenza,132
ossesso,273
pancia,400
vecchietti,137
zelbio,163
seimila,102
risalente,77
lutto,84
grappa,41
pravo,138
sci,32
insicuro,383
dinastia,70
quotare,126
venticinquesimo,193
cogna,292
rivivo,250
rimonte,87
veto,40
rattristare,509
samoa,50
ila,756
amplare,38
baratoleci,525
seminano,34
erbare,246
invitare,123
steffo,139
esegeto,182
immenso,44
gramaglia,280
impone,26
traviata,122
invidia,131
balcane,69
smarrire,140
avio,15
tarzan,291
tombale,13
ricevitore,48
artigianato,52
esare,186
evanescente,340
promettare,300
use,42
prim,32
contesto,664
alme,41
congruità,275
francamente,626
repulisto,255
susi,83
bertoldo,77
water,65
ricalcare,136
concorsuale,181
pensavamo,237
acario,89
rivendico,50
contrare,491
estate,45
passante,221
distrarre,443
tiglio,298
sinagoga,162
franale,391
nocciolo,8
bavaglia,29
nole,9
pidere,194
invitavare,149
frigorifero,221
magro,29
poggia,14
contribuari,69
diocesi,67
soviet,151
vette,21
dallas,86
arnaldo,57
marcere,89
pristina,9
dina,81
diliberto,289
esteriore,266
antidoping,41
mitragliatore,418
involontario,230
imerio,8
slitta,15
fernandel,272
appartare,262
comit,334
vigliacco,172
invitalo,122
lievito,32
canta,35
sapri,20
gitano,162
selce,122
americana,164
riscoprire,347
cello,102
affidandolo,24
nero,37
compasso,119
librone,205
mase,18
piovano,181
unico,109
etc,14
leggibile,86
aggrovigliare,273
mitizzazione,744
laurei,352
rappresaglia,217
emittente,98
partner,7
pingere,215
microfone,123
biosfera,257
plaere,325
tandem,121
amministra,43
tutele,73
aprile,67
insano,21
stupisco,374
tonto,145
salsiccia,492
abulico,325
indefinito,205
qatar,101
classicismo,778
possibilità,98
razionalismo,870
ovunque,14
slittino,98
commiato,30
afghanistan,269
illimitato,150
convalidare,79
vannino,123
untore,31
ing,224
ortodottere,115
rea,31
capirosso,286
noioso,268
sconfessare,253
palella,742
patagonia,93
aranda,20
scettro,4
ricada,18
prelieve,107
intermedio,28
sentenziare,59
accingire,30
conclusione,36
cdl,2
impossibilita,308
erta,31
weil,60
solistico,264
annone,378
kelly,675
condigliene,31
freudiano,357
sanamente,95
lumai,34
dave,66
emicrania,388
inviolabile,73
monastico,315
monico,203
lorenzina,234
attenborough,1061
alan,448
suspensa,73
perlier,338
riscoprere,290
racco,29
età,17
dimostrante,335
maturare,39
dominazione,325
scolta,11
sfrenato,204
limito,21
box,26
dianare,143
nient',172
oriare,54
benderà,400
ray,290
resia,112
fugo,6
conan,320
amenare,203
affettuoso,201
pentagere,70
geneso,148
pentium,19
club,15
stiramento,296
etica,273
avvolge,273
roisanre,498
cinematografia,115
armato,201
collante,203
svalutato,106
creatore,293
riccone,136
viac,170
imperversare,183
articolare,368
taciere,207
forziere,60
lamo,30
moderare,104
paolare,570
longare,147
passere,119
prega,18
cosentino,503
inespresso,476
ivonne,582
uesto,121
stata,32
ciminiera,199
nelson,240
contrattazione,118
fata,15
riconquista,75
inte,448
polluce,55
graie,64
calve,110
minerale,255
capriglio,125
zetastock,285
microgramma,131
lentamente,160
mosaico,122
tesseramento,26
neviare,33
rapidità,96
teleschermo,100
onerre,222
polizia,182
cafone,11
videoclip,299
definito,382
nazionalistico,590
boe,77
allenatore,341
cavalleria,82
malconcio,96
turbodiesel,144
cesena,434
fading,48
rigar,5
gettato,113
amministro,51
saldamente,34
neofascisto,61
pasticcio,72
anomala,45
fecondità,171
cofioe,366
faraone,71
orecchia,133
montagnoso,283
umbre,42
movimentato,56
abnore,205
deperimento,125
liquido,373
luongo,516
rosalba,712
luzzana,1023
debora,22
scrigno,157
aratone,60
filt,86
cabaret,77
livingstone,679
barbiere,167
augusto,36
sapiente,405
egualitario,792
affaccio,56
fabiare,96
evasivo,43
galante,397
tony,439
sottocommissione,119
palpabile,442
pappa,54
avariato,106
salsare,222
edilizia,117
accatastare,402
prestalo,53
creatura,381
cicca,53
maurice,587
tadeusz,57
contingentamento,302
montevideo,101
vieno,42
ignorato,276
fuggire,341
ginnico,31
sanatorio,62
scandito,53
rubere,55
stelletta,95
scolaresca,97
reciprocamente,108
almanacco,117
cappello,470
istituzionale,208
cecco,78
marcello,1145
tamigi,26
frequentare,96
giono,15
stael,53
dive,48
calvare,244
saes,393
cura,53
trasformalo,102
quantunque,153
gonfaloniere,20
ammarare,819
epidemiologo,192
dicasi,15
malanne,338
sudoccidentale,224
maledettamente,160
parlamentino,261
cancellato,56
riscrittura,98
mobilire,24
avocare,114
astenere,81
rinnovo,88
istat,25
ani,99
contenire,72
rude,23
capitalismo,398
vivevare,228
metafisica,547
iniziare,112
stanco,298
architettare,78
comprensivo,65
gonfiare,50
martellino,281
corroborare,257
marcatore,234
estremamente,209
fastoso,283
scorno,201
intrappolare,432
neste,25
pisello,423
bundesbank,67
papabile,75
assestamento,207
occhieggiare,813
bancarella,345
fervore,79
calico,180
appello,42
oltranza,55
commediografo,527
forgere,486
sterminio,125
estorto,165
meeting,45
antiproibizionista,62
immolare,220
studentessa,93
indomano,42
ineluttabile,316
subari,28
turchia,301
clarence,496
controdeduzione,327
zeta,97
stioe,61
solidarismo,741
espressi,88
capitalizzare,340
sottolineare,299
mediocre,190
floc,3
deflagrare,229
mamet,236
asprire,65
rosetta,144
intavolare,168
saletto,206
lodo,53
altrove,97
asfittico,92
versanto,108
burundi,148
aloe,59
rissa,77
rayman,152
sen,34
caterinare,906
salatissimo,48
menelao,18
pray,182
furente,162
xiv,33
controfirmare,335
brutalmente,348
canuto,355
privale,137
accusatore,79
tacito,86
glore,4
anagrafico,105
odioso,195
bimbo,172
biochimica,325
renditare,220
commercia,99
commovente,736
razzistico,243
polenare,89
polese,297
autoconvocato,97
puntala,78
assist,256
truccho,15
rintocco,16
continuamente,291
sorprendentemente,661
patriarco,162
riequilibrare,226
treccia,373
mutolo,138
tavolozza,473
paramount,382
buste,16
strettamente,220
sciarro,1072
motorizzazione,236
presentale,105
recentissimo,104
notaio,139
commisurare,322
vino,172
preferivo,186
riducibile,529
acciacco,606
maiuscolo,3
assumere,82
compaia,39
canale,34
latta,265
vagare,371
martinetto,887
stanford,502
motgere,96
obero,48
sostienare,9
pignolo,26
svanire,119
berbero,206
fabbricare,235
neoclassico,569
unicio,5
litre,9
questionano,73
brunetti,623
intervallo,36
preliminare,102
larico,133
flavon,35
fardello,12
sollecire,178
rimanevare,228
intrare,40
adelio,1233
paterazzo,360
bullare,383
attirare,122
fuggere,408
pretendevare,272
degustare,143
coniugale,70
ritornare,304
introd,14
mutamento,319
incantato,462
ovaia,310
rai,65
scenda,16
scientifica,167
operalo,20
inasprimento,221
fuoriclare,314
antitetico,335
cissone,201
riallineamento,188
cordiale,32
arroganza,524
algerino,183
mandria,24
occhiale,325
funerale,83
lode,11
affamato,147
ixo,52
nisseno,176
concorrere,114
possente,87
propendere,354
degna,26
ammaino,20
diversamente,326
carluccio,596
partecipazione,20
parsare,80
bennato,612
laconico,123
somala,59
accorpamente,350
schedatura,54
egrore,77
discipline,101
sherry,105
prefiggere,295
sfrontare,323
appunta,74
antisindacale,76
convincente,368
sicura,22
svedendere,118
mistica,647
nadiare,312
caricatore,280
reggiseno,510
tennistico,177
schiacciata,269
cullar,98
montone,290
rogare,26
paga,66
santa,64
fiction,120
serenità,105
pescare,92
dominato,115
disimpegnare,128
cerimonia,97
vallare,112
succinto,45
istitere,23
roco,10
matto,41
infiltrazione,86
turn,41
decrepito,25
oltraggio,195
graziano,751
baltica,226
giuseppinare,813
spera,108
durò,87
presidentesso,129
specchiare,397
daverio,310
uscir,25
irrisoltare,166
ineluttabilmente,629
frida,225
cocomero,155
banditala,96
parallelere,57
lloyds,33
hugo,608
mazzuolo,220
favere,34
restituito,57
transazione,161
durazzo,205
lembo,45
avvocare,74
bank,77
furlanare,105
proiettato,92
spaventare,284
deposito,78
evacuare,110
bulgare,68
tantissima,227
vestere,401
stereotipo,569
coccolare,522
inserviente,484
bitangente,58
impallinare,554
elsinkivere,51
residue,55
sorteggiare,181
bérégovoy,74
retromarcia,37
funai,57
golpista,101
esaminatore,113
guance,563
fisica,134
bravo,318
funestare,302
alpina,150
cccio,990
solennità,41
frequentemente,256
appurare,279
bebè,12
monterotore,133
off,14
salmonella,243
flebile,55
nicosia,27
reggente,104
ondato,54
felicemente,183
artisticamente,258
taccare,389
producere,179
auro,25
betta,157
fulvio,22
berlinguer,46
debitamente,61
andreis,351
rovello,17
quarantuno,189
misera,105
nazifascismo,210
piropo,18
trovassero,174
parato,86
decisionismo,466
ascolo,260
fustigatore,69
terrificante,397
aula,21
irritante,378
breznev,136
scrupoloso,61
laerru,332
maiore,41
reintrodurre,54
scioltezza,155
baffone,301
dogo,124
applauso,111
sigli,35
stra,96
emblematicamente,334
poggiale,89
bassura,296
incontra,35
trainer,30
bistrare,129
prospettiva,276
agevolato,225
pediatro,181
dancia,480
brancaccio,434
perseguitato,252
referente,64
abbonamentare,27
proiettore,21
surrettiziamente,169
confortante,195
pilo,37
interfaccia,138
governò,155
intero,36
ricettare,62
applauditissimo,320
anverso,65
movimento,115
sbucare,727
totalmente,266
clavicola,93
istallave,127
costermano,185
sbrigativamente,207
aquilare,58
interverranno,176
ottare,207
croc,262
revoca,151
sciogliare,29
profondare,92
agnolotto,401
ciel,133
promotrico,103
prolo,46
budapest,71
sottobosco,105
indettare,143
radiotelevisione,90
contraddetta,784
proroga,151
remotare,62
nativo,43
scuso,53
aberrare,145
nespolo,577
decretare,79
dissestato,171
documenta,96
boolo,552
trasporto,84
pacere,32
avvialo,45
napoleonico,103
bloccalo,63
schiamazzo,35
giurisprudenza,59
negra,79
dimissionaro,128
consentire,365
marrare,63
sconcertante,381
contato,170
epilessia,371
puritano,21
illuminista,414
xenofoba,67
raccontare,417
frisaco,108
viadotto,359
decimo,73
avanzavare,484
sbarcano,116
fucilato,336
mercante,9
cento,180
otis,223
rituale,136
caporalato,15
sionista,159
ecco,195
leader,55
rinnova,57
piegato,108
aerale,146
inequivocabilmente,120
rimango,89
orino,160
nicchio,143
suscitato,98
domanda,24
pensile,16
uho,33
luciare,822
raggiunere,96
occasionalmente,200
gianrico,36
immerso,261
pesare,68
estetico,751
ineccepibile,145
autosufficienza,297
complicità,330
edificazione,299
normalmente,279
mercare,82
assassina,320
arante,73
dimostrazione,103
dipendare,207
certificare,80
zagarolo,233
adolescento,201
monarchia,143
ovazione,111
meneghino,213
electron,48
tradizione,290
pozzo,14
intromissione,465
fiorile,16
desinare,182
celi,30
amando,128
incontrovertibile,165
dipendente,262
estere,101
corrisporre,184
riconquistare,132
ottaviano,191
nata,26
condo,65
rimarrebbero,226
noir,179
ulare,295
richiese,28
retroattivo,258
bergman,586
marito,269
ii',39
virale,443
stabilimento,125
residua,11
votazione,131
denominazione,146
multiplo,67
iraniano,247
mozzafiare,392
corresponsione,496
neanche,310
sottovalire,296
exploit,56
nicoletta,1250
pois,26
istruttivo,106
dirigismo,459
efficace,146
miniatura,306
boeme,31
sagro,128
imbavagliare,434
decaduto,35
impossibilità,316
colui,92
azzardato,166
beatty,533
acuito,5
liberisto,290
spaziozero,313
nielsen,244
sentente,52
intercettazione,110
colletta,57
stipula,101
malattia,448
deliberativo,211
corazzata,116
ambeduo,35
arasso,403
assicurò,23
inamovibile,47
digitale,98
radiografia,59
endere,452
solto,77
istinto,568
attenuare,194
servendoso,102
rag,10
ecru,3
cassese,35
giuliare,241
dittatoriale,262
scavare,256
assaltare,537
rivolgire,124
coeve,82
geco,7
senz,27
mancheere,319
arricchiscere,250
fondante,454
fulgore,206
confermavare,313
allergia,378
bonello,837
assolutismo,640
odoro,23
notato,297
accordo,112
adugliere,702
sorbo,36
allarmistico,290
cosso,43
parlare,599
paralleli,27
sestro,59
fascia,79
salpare,180
segretare,81
accompagnalo,55
musina,73
occorrere,278
rutigliare,350
cappone,833
maghetta,127
percome,26
piazzare,57
partente,108
concentrazione,293
provenza,27
appago,325
evolvere,192
religiosità,552
travolto,150
finalisto,42
birmano,250
sostituì,36
sofocle,260
deficit,131
rintanare,162
merì,156
ole,34
involgere,345
aloso,163
nazionalsocialismo,904
balcone,118
azzare,39
balista,19
devastare,251
schiantare,418
bollente,70
schiuma,375
passamontagna,750
tenerezza,605
dinamitardo,222
cogestione,364
caprino,109
quarantena,176
capostruttura,134
pronostico,310
omonimia,16
nascito,43
doyle,426
vinti,83
irritazione,337
pizzicare,43
riporto,17
model,22
colosso,149
azza,37
tappeto,1
satura,140
ratio,9
condannare,176
accusatorio,133
parura,16
prendente,130
implicazione,715
pancrazio,374
carrozzo,258
iolanda,74
divorziato,107
sorbire,84
armace,149
apposizione,306
can,12
disinvoltamente,935
pomposo,197
presieda,105
agliano,171
importazione,220
cappio,50
indebolito,186
sintomatologia,286
emanuelo,299
ripensamento,243
scema,19
grandissimo,139
trafitto,776
teatrante,270
montino,261
cenacolo,70
putiferio,82
titanic,46
sinare,237
serraglio,115
spegno,22
inesplorare,382
telefonare,42
inning,152
visito,40
etico,346
realizza,34
riferere,279
ronda,83
aggius,83
pierpaolo,207
confusionario,111
tornalo,57
lega,40
eretico,398
residente,76
distaccare,76
contraddittore,728
casino,80
scafato,100
diciassettenire,307
disarticolazione,932
albi,1
discolpare,327
nailon,129
cozzo,699
realizzare,161
sabato,87
affaticare,175
scanzonato,692
noto,70
ostinatamente,417
obbligatolo,58
includere,107
lacere,92
bologno,174
pacificamente,133
partì,25
adore,2
anticancro,291
autunnale,24
improbabile,288
getter,288
disgraziato,545
scowcroft,61
mandale,72
grazioso,453
lateralmente,135
indumento,426
retti,12
incursione,109
mucca,217
prosieguo,62
cremare,89
tradurre,75
soffocante,108
movimentare,59
consacra,77
suarez,168
maryland,339
poliboro,110
agretto,465
trevignano,183
guatemalteco,68
combattuto,116
dibattere,110
poo,10
menfi,43
raccomanda,41
stanza,70
professoressa,165
rivolgono,108
reato,171
incroco,17
stime,49
tabellone,56
salernitano,245
ventennale,49
madagascar,194
puglio,83
cooperazione,109
tu',121
sobbarcare,100
trama,111
traduzione,152
arcola,5
finocco,97
somigliare,89
all',10
esito,45
allevatore,85
cavallai,631
salma,41
nazifascista,176
dettero,186
malo,91
tuttavia,852
ghz,68
cignone,109
signoria,44
acheare,382
emanazione,194
zemin,81
epilettico,529
lantere,124
casertana,457
collaborato,62
unzione,133
viottolo,304
evocativo,787
inedire,94
cercasi,11
sopportazione,388
sacrosanto,159
borri,245
frizzo,122
rividere,232
behe,48
nessuna,51
shaposhnikov,153
incallire,330
rinunciare,244
oscillace,504
potenziale,171
decorare,263
ipotesi,70
scambia,5
transalpino,147
nebbia,66
mimale,26
bob,367
canaveral,91
soggezione,403
augurere,188
apparato,97
marconi,12
magna,31
dimostrativo,94
puntualizzazione,613
percettivo,213
arrivarono,160
canova,109
fondamentalisto,310
riformismo,541
analizzare,222
baltimora,116
estenuare,87
declassamento,95
rastrellamento,96
elettrogeno,403
fognario,184
maiorca,68
capo,16
empolo,168
atone,70
antl,6
confederazione,152
malto,45
bilancino,21
gretto,214
chianco,51
newyorchesi,129
stonare,222
falcho,37
magone,176
bassotto,371
borgata,143
obiettare,562
cambogia,141
eritrea,217
impongere,406
fragola,235
poliziare,189
coloro,79
confindustriale,113
boxino,214
sfrondare,698
estroso,268
melboure,116
similitudine,543
perca,201
retrocettere,253
sublime,801
beole,156
velere,43
edenre,237
porro,329
campo,7
indugio,15
convitato,67
showman,195
pubblicizzato,76
nominale,124
avversano,282
lavavetro,397
riferitare,97
commissarialo,77
appiccare,485
paesistico,115
proporzionato,147
fremere,138
intemazionale,200
compravendita,121
corrisposto,200
violentemente,345
socrato,36
caraibica,157
odorasi,365
collettore,63
rescissione,129
clesis,271
broletto,251
corazzare,304
skinhead,116
tarcisio,235
fiom,117
armonia,53
arrestale,348
scatto,15
lusinghiero,82
spigare,272
lacuna,47
aerare,295
finanziane,183
sacrofano,167
sporco,67
governabilità,384
stonere,454
oriengere,142
calcetto,137
zingaretto,339
scrivare,227
lavoro,51
redditosette,267
colombare,322
annuale,13
gabbase,53
passibile,105
catino,163
carnivore,151
superfluo,145
spia,42
delegazione,75
monferrato,341
afona,20
sardista,81
malanno,300
estorsore,249
ritardatare,92
gargare,85
mater,60
eccitato,512
stringato,45
massaggiatore,210
cinepresa,268
assorto,590
replicanto,11
erastare,115
approssimativo,444
incubazione,331
intimidazione,205
crawl,42
psicoanalitico,345
il',8
trionfante,280
pietre,53
impegnato,85
barattolo,290
ladre,83
arrogante,497
ministeriale,91
alala,55
clint,309
amarezza,264
capofitto,92
dolmen,83
beffarda,265
miaso,128
proceder,28
affettuosamente,287
chiano,91
laicamente,570
sera,80
giona,144
commonwealth,74
richmond,568
gliel',81
mugnaio,147
adriatico,110
fermamente,301
ironiare,354
bocciardo,1082
reynolds,501
lamare,86
ultras,84
decisamente,218
soprintendenza,65
verdetto,45
automobilistico,101
coito,1
direre,114
intervista,100
ucciso,316
contiguità,204
guzzante,491
rivolgo,126
inalo,144
precedenza,184
civilmente,282
festa,99
riscaldamente,154
fiduciario,106
tripla,7
decorazione,367
maestra,69
dispute,17
aldilàre,159
nebbioso,114
percepito,143
spicciolata,284
prediletta,314
vendico,76
nouveau,95
travestimento,345
raglio,401
leonessa,51
giaffa,15
contrarietà,479
galilea,38
magnum,22
ricevitoria,35
lugare,44
scuro,448
declinante,124
improrogabile,215
uber,145
primeglobal,327
domitilla,178
cigni,34
cfc,16
anch,50
ombrello,81
maniacale,552
paris,88
bacolo,52
imbarazzanto,375
bacco,519
renare,147
prediletto,467
siringa,294
aggiungare,147
regine,50
predilezione,817
naome,5
americo,73
savana,255
avanza,13
delicatissimo,72
ricevettero,42
specificità,759
averglio,68
provenere,34
campanare,103
cele,8
cardiocircolatorio,355
aspare,43
sorridento,425
minacciato,131
dandoso,143
rettifico,94
bocciare,168
verve,513
marta,407
lasso,29
cera,176
propedeutico,28
dedicalo,64
collegialità,315
vicesegretario,172
cristallizzare,331
rilevare,200
disintossicare,236
fiorentino,157
laziale,115
guerrino,452
pela,21
dialogo,58
catarrorre,100
merito,147
coinvolgente,157
biage,90
angelino,1300
rumoroso,234
importare,189
parlato,77
bombaro,171
gennara,44
corrispondere,272
tibia,125
indento,57
truccato,38
optare,45
crollo,58
polemizza,127
collezione,206
boccaccio,642
serpentone,199
casacco,137
testosterone,366
tocquevilla,253
trascuratezza,435
aerodinamico,258
alluvione,58
abdicazione,348
molise,83
bipartitismo,420
pulere,452
ficco,76
curda,236
spadroneggiare,491
mosè,137
uscire,72
integrativo,318
europe,320
educare,36
esuberanza,180
biotto,89
energetico,208
costellare,100
erette,91
veicolare,149
fendere,284
immotivato,242
baldovino,181
chetare,115
insiema,211
vicole,137
lugano,45
esssollecite,231
astrattamente,258
chirurgo,110
rinunciatario,174
crocifisso,197
tormenta,203
pinot,23
interiore,221
sommerrere,252
astensione,97
asfissiare,177
suddito,69
mansuè,60
esistente,634
rossi,352
aggredito,226
tagare,267
marmoreo,431
riunificare,100
sfilza,18
lepra,16
richiederebbero,373
fulcro,36
indetta,106
narrare,315
zeffirello,71
assoluto,44
rimuovere,63
andrebbero,191
stavolta,317
orinazione,257
occupato,52
inverso,85
capaciti,131
genericità,812
barbero,118
aumentale,450
clarinettista,546
ulteriore,95
stuprio,183
rinchiusa,154
collegio,32
ruben,135
star,495
chiarezza,207
cuocere,340
perpetuare,658
deliberatamente,268
crescire,20
monte,49
elogia,20
dorsale,116
reputare,49
antiveleno,102
affidala,54
investigatore,207
storta,63
concesso,33
confratello,191
intralciare,70
tradotre,77
montenegrino,111
seraphicum,260
impedì,24
timoroso,330
agere,163
extraterrestre,208
rifuggire,182
obiettivamente,669
panta,12
marzuolo,501
elesso,85
cerimoniale,71
destine,12
rendi,19
unicef,2
egiziare,157
auspicio,98
tolstoj,98
sospettare,391
virulento,178
rutelli,191
superflua,319
accavallare,312
vigilare,89
urna,53
efferato,448
sblocco,2
residuale,274
vigevano,101
perdurare,180
imperniare,321
cancan,4
romafiumlc,177
ambientata,32
tasco,94
cognizione,216
autonomio,56
criro,17
equivalenza,256
pistolero,257
eleano,76
lavis,172
gattucci,554
manomesso,126
fratello,328
interezza,751
consociativismo,518
vasile,267
daffare,140
ideologo,253
passa,27
elaboralo,75
liceale,79
picconato,129
podenzare,434
realizzale,121
miamo,221
lirica,284
migratorio,110
illudare,197
rogo,129
cacciatore,105
comparabile,309
società,53
strana,188
racchiusare,406
elisiare,207
steppe,305
oristare,188
leonardare,134
crocefisso,434
cook,17
marinaio,131
magnare,130
pompino,15
settecentomilo,142
xii,69
pertanto,424
marrone,75
divinità,274
diletto,25
astio,197
pretorio,24
straccione,800
artere,73
aritmetico,303
chiedere,333
potentato,158
peia,92
barca,115
rinnovato,73
restere,173
spieghere,221
diano,69
falsificato,110
parallelismo,323
lamiera,584
contengere,340
montecatino,143
emù,77
elfo,32
facile,226
coincido,123
processuale,140
inumazione,50
quayle,115
turnazione,163
pasolino,50
rivolge,87
itc,271
estromettere,117
psd,95
catanzaro,257
mccartney,565
scorciatoia,207
quartucciu,320
felino,320
bersone,82
arendt,65
cavità,315
ricetto,20
sosta,141
aliare,170
vicepresidenza,111
supere,34
clavicembalo,227
festivo,52
torneo,354
commere,16
bilingue,13
cristinare,957
ecologicamente,271
tente,48
interessante,243
rinviabile,274
luigio,320
tragico,131
sostitutire,154
shirt,143
dirottamente,78
celeberrimo,437
serioso,129
finanziaria,112
banditismo,109
serse,63
peugeot,84
televisivo,173
dalila,42
cheney,58
tangere,91
gioiello,127
mmmmm,9
ungi,60
vilipendio,134
bado,121
telenove,84
cambieranno,73
iugoslavia,158
flottante,20
romenare,274
cascata,66
alberatile,161
scandinare,86
managerialità,343
eurovisione,47
agitare,86
risultassero,212
censurato,106
pompilio,124
malleabile,197
cpp,21
palestre,67
ida,108
villeggiante,356
quantistico,366
psicoanalista,209
muros,58
escarine,159
restar,53
imputazione,224
scarsissimo,166
meritevole,102
quattrine,99
narcotico,40
scopare,326
pivetto,183
tullo,62
cucina,104
informativo,219
bellore,92
ripromettere,416
omissis,46
sapiens,115
frutto,31
impacciato,429
nevrosi,303
corrispondenza,26
imperiale,143
moltitudine,169
aveto,27
statalistico,626
convoglio,194
inferno,109
illesa,42
sbalzo,92
pakistan,262
canzonetta,354
radioso,38
marziano,36
acacia,24
generare,95
planck,590
conquistato,94
avvio,100
vicepreside,60
fieri,8
riscottere,73
devastante,414
costrette,73
trasparire,307
dance,275
grossolano,242
farmacisto,44
azzo,140
libia,145
licheno,55
cineoperatore,252
stragare,79
reliquie,148
plotone,104
esattamente,84
estraggere,48
vacillare,275
statisticamente,262
bluesre,342
plenario,135
vincent,568
prostituto,181
apporre,95
perduto,44
dannazione,154
balzo,29
tatticismo,313
trasferta,290
consentirglio,278
ebraismo,389
cesio,124
detrito,514
ricordale,196
lochereo,12
philip,129
cristianare,111
cucinerò,420
azeglio,18
petrolifero,65
buckingham,55
sbranare,414
annato,55
manza,1
scontroso,440
romeno,151
sinatra,496
torce,101
bea,44
imboscato,385
sdraiare,621
qualsivoglia,604
milanese,75
satem,51
duke,846
bangkok,30
viabilità,127
incontrastato,211
farsesco,303
renne,73
ventina,202
sgarro,275
saracinesca,294
pcl,48
predizione,299
acuii,93
asl,64
annovera,19
stanziamente,124
aguzza,17
personalfore,270
insensibilità,545
utilizzare,266
massiccia,34
infinito,146
filarello,271
alfonsa,147
mothman,188
gai,60
legislatore,220
canceroso,404
ebraico,100
peperone,57
deli,17
puntata,169
lochare,46
furore,202
spontaneo,11
segno,13
anticamera,29
devastato,203
femmina,94
ispiratore,58
emigraire,39
telespettatorio,100
ritto,29
americanismo,91
notizia,69
crespio,107
sparo,290
giasone,102
rosa,39
ebrezza,56
siculo,119
desumere,190
extremis,19
versailles,31
convertito,9
dissipazione,134
boss,215
visibile,109
volante,123
detentore,34
sottomettere,531
toga,8
radiomobile,74
concausa,231
accompagno,23
congegnare,302
deviamo,21
mobile,5
iridato,420
ragia,740
mascella,176
sfrattare,88
prive,321
lan,566
mass,12
assalitore,712
franare,47
colf,153
kuwaitiano,129
esperanza,159
inerente,289
brino,232
chiamerei,121
maleodorante,616
pampine,288
travagliato,88
narro,152
astratto,676
matematica,205
ingiustificare,377
orientamento,417
pompeo,29
estraneità,178
popcrema,270
arriso,416
sottotitolo,355
bambina,201
tradire,237
zina,5
opere,12
ricostituire,147
primatista,222
tarantello,436
fagotto,237
indurre,362
cagione,25
immigrare,97
molecolaro,402
almè,39
sudare,324
astruso,45
arianna,261
freezer,80
reggare,37
zurigo,87
considerevolo,388
inalberare,157
investigato,156
petizione,58
possiedono,111
mandi,35
operato,89
gerusalemma,65
bernarda,118
speculatore,44
paladino,110
arrugginito,626
pervicacia,164
alido,84
sopratutgere,45
apprezza,146
raccattare,740
gassmanre,292
cadevare,309
venerdì,82
insuccesso,104
dell',23
istintivamente,651
altrimenti,406
ematite,35
margherire,98
scaturire,144
disinteressato,591
russare,115
totalitario,535
oregon,77
acuminale,101
serbocroato,164
moio,267
domare,30
out,25
avre,84
torturato,189
smisurato,131
intercity,21
cogitar,96
scrivevare,209
generatore,165
core,14
logore,161
boccalino,508
maggiora,42
femminile,25
riteno,57
variazione,85
cortometraggio,193
unare,115
intromettere,348
anarchia,476
rimini,73
ripensare,235
impennato,167
guccio,488
stanzone,37
stringono,49
baia,151
passeggero,159
consolazione,118
sostere,57
stalinista,281
papero,52
quintetto,355
fiacco,26
epilogo,88
comparizione,66
barbone,131
naufragare,77
cinquantennio,172
riappare,365
generalizzato,335
christia,252
garfield,314
jolly,10
campeggia,229
tonfo,78
tappo,167
baionetta,226
feudo,24
fiaccolata,125
beneficiato,118
note,3
ballotta,352
hollywoodiana,372
patrimonio,45
disastro,91
ideologicamente,727
tenacia,114
furibondo,138
grossista,14
cortina,30
sento,232
sconforto,294
sode,58
particolare,232
colmere,94
kentucky,297
manteno,14
larry,402
autonomiare,115
convinto,303
giacchetto,587
innervosire,273
paghare,70
imare,342
serranda,58
salema,63
cibare,97
biscotta,51
rapinatore,481
siria,141
arcore,43
ivo,75
covo,42
bonsai,5
avir,389
secondo,120
adsl,15
cerchare,263
triennale,51
binomio,11
gendarmeria,217
british,11
dieci,214
suindicato,209
acquoline,394
alleale,37
addossare,93
torro,320
lenzuolo,306
jan,37
franca,72
satira,161
arsella,116
infortunato,379
scoppio,110
comi,139
economista,46
arricchimento,315
spazzatura,221
piangono,166
chilogrammo,101
noncuranza,162
lontana,348
sviluppere,171
georges,421
sosterre,113
cavalla,232
beffardo,523
brigida,124
torma,14
minare,173
cornetta,191
gls,28
giochetto,341
provvisoriamente,141
silajdzic,138
riproposre,144
accorciare,22
appoggare,193
pubblicano,64
statua,209
porsca,209
minere,20
settimanalmente,87
abbandone,164
baracca,349
giocato,338
particolarmente,95
cupola,23
boot,768
fiorano,44
irriverente,981
birignai,47
usai,62
strato,50
pco,129
aumentare,296
ialino,100
futano,4
parcheggiare,412
fierare,57
digito,76
baratto,18
cristiano,127
imperialista,404
salisare,106
afghanistanre,327
decorativo,379
distruttore,57
rimanire,126
latro,24
naturalmente,918
caro,77
convenienza,229
kaunas,236
tuia,65
consiliario,133
rispuntare,160
garantisto,131
pascere,632
tennis,207
estremista,283
sisma,30
cilindrare,120
prenditore,59
mummia,78
parlo,128
ventennio,104
padronato,183
nocività,264
pacare,87
chitarra,171
tenace,57
filosofico,343
pilotato,19
osvaldo,38
informato,96
tombino,270
recire,223
ballano,559
lodigiano,139
rivalsa,116
eterno,126
autrico,143
mancala,11
maometto,218
figino,27
saffo,21
libano,229
eccidio,145
orsùe,110
dorella,362
curry,496
quercia,198
ottocentesco,475
ordinano,39
salvavito,138
declinare,73
abolì,8
fondo,36
assediato,186
patinato,331
obolo,30
imperterrito,50
credibilità,119
follare,380
quadrante,166
musicho,191
risolti,66
omologato,17
idem,63
malassata,219
grappolo,161
spalancato,372
autobomba,142
odere,16
ter,61
benito,66
tristezza,293
ciascuno,49
erich,80
mcd,1
atac,43
cardinal,80
comunicatine,34
salame,68
satine,89
canada,105
tario,71
winston,486
altario,7
grant,214
consulta,119
scope,18
lustro,32
infermiere,144
quarantanni,206
inquieta,208
idaho,167
baricentro,66
agguato,274
duplico,23
camper,9
gonfio,295
torbida,128
tamponamento,182
fez,38
romagnolare,58
vivacità,238
banano,44
inquina,86
ardile,74
ammettare,376
muzio,16
ischia,4
promuovare,193
attrezzo,202
stresa,33
etiopico,233
sospinte,205
gallerista,152
demaniale,98
eminenza,7
pensabilità,323
nonsenso,270
ramala,243
benevola,44
cinquantenno,199
dama,24
avvenuto,51
apnea,22
acrobazia,139
accenna,30
acer,102
soffro,71
californiare,267
outsider,81
perturbato,153
esse,47
trasversale,81
nasone,39
dibattimento,101
alienare,15
incrinare,183
alettare,103
marginandolo,172
scarlatto,606
nitidezza,685
sapremo,118
seicentesco,309
bevono,129
gaulle,24
settantina,221
reincarnazione,608
kimono,247
scompiglio,159
magistratura,81
legare,64
apri,259
entusiasma,220
orleans,124
preannunciato,101
andare,332
bigo,327
simpatia,173
flagellare,129
campanario,535
chiudare,70
olivier,616
incarico,86
prolusione,44
patente,23
drammatizzazione,620
brandire,226
equiparare,102
scricchiolare,257
vedovare,273
tassativo,140
atterraggio,151
supergigante,269
cossa,33
jurassic,263
miles,364
penalizza,113
dovre,168
temimo,20
uneo,59
afroamericano,83
follia,272
sappiare,575
difensivo,51
confagricola,97
spai,24
pontificare,118
ello,677
dilettante,445
eteare,89
inaudita,129
qualitativo,359
lego,17
ervere,21
edgar,48
temporaneo,133
podi,56
accampare,358
aerosol,101
colacicchi,224
predominante,300
toglier,27
monopolistico,311
costituiscare,431
udì,3
rolling,566
sacher,346
fiammeggiante,598
premurare,258
marinaro,184
individuale,252
orienta,92
persona,51
cada,16
perdito,19
ring,105
ranno,21
dicesso,317
negativamente,216
caravonica,441
vittoriare,138
gamia,215
terrazzo,165
popolarità,55
meato,10
affiatare,160
sommano,156
inguaiare,119
albino,275
folgore,51
grore,82
rivoltare,281
liceità,58
cacciata,64
pugilato,182
bucale,424
saladino,31
sanguinare,152
gravitare,50
bavero,72
neppure,290
poteto,21
liscia,8
scorzo,72
atletico,199
tendare,145
cronaco,33
muovere,73
volvo,121
roma,9
incontenibile,320
longevo,20
celiare,178
sibile,78
donzello,210
petrinale,212
toyoto,100
piagge,49
filamento,381
passera,32
giacca,340
soprassedere,177
nunziato,117
macchietta,788
escore,53
ellare,392
sembrato,485
indipendenza,109
bombare,352
piatta,58
fluidità,131
cornare,136
caparbietà,193
reggere,108
subiaco,241
albatro,106
tornere,204
elvira,121
oppresso,263
scambio,21
smetta,117
gruppo,23
durano,14
guarnello,125
suddetto,82
line,12
embrionale,258
piuma,84
marmitta,215
geroglifico,327
pregiudizio,536
considera,173
feedback,63
declinazione,689
rifiutare,257
venatorio,34
edilio,30
accosta,121
inseguito,86
paralizzato,149
sgorgare,306
ganda,23
abolitare,91
disattento,76
ottantamila,111
originario,65
mutilato,27
momento,137
clima,37
basterebbero,173
acquisire,90
modellar,118
fulminare,215
palau,71
archimedere,244
scafare,254
scarse,41
accorare,223
tronto,424
fotto,13
loretta,383
pretoria,87
fogge,21
appone,24
attività,26
bretella,164
rollio,12
deputa,48
garra,220
mutale,21
scialuppa,227
contrazione,407
cerco,25
cronico,368
temporeggiare,175
nutriente,261
orsino,47
accadimento,784
commissionare,56
pavese,31
incisività,240
castano,527
infinitamente,350
nigeria,147
responsabilmente,356
intempestivo,78
lolla,89
assomigliano,512
segregare,40
laicismo,510
centriro,21
usurao,184
tigna,107
abbasso,19
indagò,114
possidente,37
rose,10
addenso,155
saggezza,220
insultante,173
placa,17
orbacelo,154
accente,484
alberatone,140
salire,93
monetano,84
capeggiare,107
rigettare,167
tangenziale,176
coese,5
offa,234
controtendenza,155
saldezza,187
tratta,67
danzato,318
plasma,317
branagh,514
falciare,219
teorico,111
frecciata,130
ribassare,154
georgiano,242
benedettino,152
impedito,108
loris,116
condere,372
armo,3
basto,67
catenona,42
occorso,34
pupi,18
edicola,82
correlare,440
felicità,281
rinnovalo,119
sifd,124
muscolo,125
psicologico,132
hoc,3
iide,59
maturai,39
costo,184
dola,20
entralo,24
lou,392
signorile,104
consumare,90
marzottonc,324
lewis,446
coinvolgi,22
vilma,16
dirmelo,89
insider,9
molino,884
prussiano,112
renault,154
assicuro,67
stivale,283
ingrandire,71
alamene,130
legge,175
albani,187
ferrerò,519
florido,37
cospicue,245
storiello,693
fluttuare,70
urina,243
benino,138
niccolare,510
aeroplano,149
messer,113
maratone,242
trecento,166
sommo,18
kyoto,29
geologico,181
nota,23
riesplodere,108
condirettore,67
incordare,298
nutrizionale,305
cestista,302
esorcista,119
astuto,139
commensale,268
dissacrante,732
senzatetto,185
michelangiolesco,335
allucinato,719
manomettere,176
break,111
paio,110
ati',45
calabria,143
carnevale,63
recriminazione,271
liliano,489
funesto,81
nedda,579
sostitere,24
contrabbandiere,81
consapevole,456
alcatel,163
confortevole,120
norvegesa,161
orsola,694
detrazione,373
atonale,33
smithre,321
criminologo,133
menzionale,136
interferenza,113
commerciante,85
favolo,368
peggioramento,273
sacramento,182
perseverare,98
anete,36
astronomico,112
orgoglioso,232
marginalità,278
sene,23
aperra,25
ragionare,453
defile,203
ricorrare,37
babbo,11
bidello,52
controllavare,225
ienare,39
collaudatore,85
postulato,974
succedare,174
franklin,652
venivo,123
scriteriato,105
straniero,45
tardone,447
vili,19
insieme,23
cio',149
caravaggio,182
proposta,178
diffamatorio,109
recidere,91
ospitante,72
analogamente,203
circondariale,158
landa,36
fortino,67
geniale,805
ito,205
oleopolo,27
suire,36
pertino,110
multipartitico,213
innamorato,477
nicoloso,264
intonaco,536
gesuita,85
oculato,61
minoranza,44
eolia,59
disincentivo,298
intimidatore,130
palo,107
gagge,175
agio,167
supervisore,42
infamante,297
stringire,65
veneziano,43
magico,111
addizione,20
panello,877
decente,81
comandante,86
assume,23
tunico,38
aiola,69
raccolto,53
solido,9
disfare,170
orlano,160
riabilitativo,175
emigrato,72
ottanta,157
luno,98
pire,192
cimurro,277
notare,338
null,30
finge,45
agre,69
saliere,32
orno,83
biotecnologico,379
toccalo,33
saigon,108
tgs,104
camelia,897
veronal,12
ranica,9
rifondandone,163
cofanetto,186
perseguere,235
comprendare,334
esteti,58
hostess,24
adunar,46
beglio,170
nesso,222
alaco,263
trattale,62
sommersa,82
alfere,96
arraffare,216
rimonto,74
ponderato,172
nemico,156
muovendoso,175
faccione,496
berlinese,66
cubatura,174
casual,39
disneyland,117
frastornato,277
stazio,58
deprimere,150
rampollo,34
mancina,112
simone,431
imparare,173
eclettico,151
capitello,411
ansietà,268
bertiolo,471
finale,162
colazione,84
ospita,33
ciarlino,123
nbc,59
forio,74
prontamente,115
sinnie,80
allegorico,407
galeazzo,337
riscatto,14
viziare,258
polpetta,609
menso,90
prepotentemente,300
hacker,103
confidare,428
provvisorio,3
atena,13
consensuale,82
lit,11
perfida,693
danielare,398
barile,18
etruria,62
puntuale,103
bine,17
didascalia,372
prasso,298
botteghino,48
trionfalistico,354
marini,172
gotico,562
problematica,281
costò,27
fondello,165
molotov,58
gregoriana,275
interruzione,46
didaco,12
ispra,11
contraltare,303
carobbio,447
sommessamente,95
sovrapposizione,533
joyce,122
sottilmente,804
fidia,4
indago,36
giornato,79
elargito,80
patare,204
oal,52
arca,19
emozione,359
cecchino,37
identifico,112
squisito,349
tenetto,412
fautore,108
mmmmmmmm,5
diretto,14
larghezza,36
victor,171
indebitare,161
seguila,14
merck,237
predisposte,167
figlia,317
cito,58
rievocazione,424
gerarchico,157
intitolato,221
incanto,23
interregionale,48
amica,151
divagazione,605
scevola,139
sirena,55
comprare,131
modernizzazione,590
ascensore,260
brucia,111
square,44
camorrista,291
bard,421
equivalento,132
risolutore,44
corano,12
asburgico,113
dovo,12
rivisitazione,478
amasgere,131
ferrante,801
coordinamento,101
cana,21
micco,84
fonico,82
paura,176
altrettante,180
cerignola,354
ome,77
madamare,32
berkshire,177
fitofarmace,163
contrapposre,389
antistante,350
rittana,137
digerente,178
ritegno,102
al',11
nascire,94
abitacolo,354
sacrificare,152
scagnatige,75
comunica,38
pii,25
wagon,111
stravolgimento,479
pianura,125
replicano,38
autostrade,81
rubricare,58
tortare,262
kuwaitiani,146
sabaudo,57
novità,18
jazzista,321
notarile,77
procedurale,168
polisportiva,50
sbarramente,46
brooklyn,55
geena,920
preterintenzionale,200
positivamente,166
elidito,72
durala,29
incagliare,209
emiliare,252
spostamento,154
biografico,253
spacciato,160
israelitico,141
apparo,47
acutissimo,195
canalone,119
concludare,135
dissuadere,155
napoletano,50
avverte,54
saporito,174
charlton,512
intrattenimento,102
donadone,476
safario,143
sfortunare,547
osano,123
guidio,265
ancoraggio,902
oppone,80
rosanna,291
speck,68
albero,193
introdotto,132
rubartare,40
erzegovina,147
dittico,222
sperere,252
deprezzare,131
invadare,84
frank,582
montaggio,99
irrigazione,105
settimo,105
testa,209
dileguare,592
divino,193
arandone,163
accorgersene,581
tran,23
torse,119
aniello,709
mance,12
espianto,112
microscopico,331
scientificità,456
demografo,29
soldare,181
riservare,14
qualifico,43
intestazione,54
informa,54
festeggiamente,164
baso,17
levatura,174
watson,512
pinuccia,453
bussero,39
vetto,70
dev,86
jack,522
vincolo,146
manodopera,96
luccicante,712
barberino,223
degage,117
armeno,166
epurazione,48
parziale,60
calce,15
kabaivanska,269
documentano,102
dosolo,148
selene,166
demente,81
marcos,12
applaudere,225
demone,239
flamino,31
mutilazione,179
indeterminatezza,447
decretazione,227
appartamentino,349
cessazione,153
wolfgang,259
luccicare,651
moldavo,301
confluire,36
ballista,230
castrista,105
roll,163
cortesia,51
liedholm,328
asta,13
desolare,308
ibrido,49
lente,45
rimasre,91
girato,324
borussia,241
ghezzo,125
libertà,46
raggiunsero,46
impresa,233
profago,123
aristocrazia,286
messaggio,36
suzione,162
antifascismo,257
strozzo,19
anticipare,204
omicidi,186
meto,14
grassi,169
benguo,176
baccano,839
loggia,28
semplicistico,983
stento,164
giustifica,289
federcalcio,71
marebbe,41
titolato,24
tiraturo,21
lutero,39
magia,500
costretti,26
geme,64
gaeta,23
biga,203
innato,468
nike,115
modificato,149
press,59
flegreo,358
volare,205
chieso,70
serbo,181
cenzo,22
samuele,84
idra,5
siepe,99
tosso,113
tartarugo,128
discotecare,132
allente,19
reciprocità,171
ephron,227
reliquia,171
ruggine,174
elettorato,146
rubene,97
omogeneità,417
bravasi,479
colpevolezza,208
deficitario,436
recupero,20
avvalso,65
grotto,136
innocenzo,9
lavazza,306
telefilm,247
lave,43
bariletto,225
sepolre,119
rettorato,32
modestamente,232
circostante,404
evidente,847
div,128
pugilare,258
spunto,132
apripista,138
cava,36
addobbare,345
conto,21
cent,37
pigna,75
riesci,144
esterrefatto,400
virare,364
ricomincare,81
acropolo,268
giordano,71
necessariamente,1239
immensare,250
barrare,24
obbligaz,282
falco,24
mirano,234
giocoforzare,95
congelato,51
imperdonabile,208
intenzionalmente,554
bigare,349
mutua,16
castoro,53
sicilia,44
integrare,415
recuperabile,143
illusorio,609
illegale,113
americas,406
chiudere,64
ascesa,25
acerra,148
geologia,155
amana,49
capodanre,48
chirurgia,147
nazionalizzazione,760
fitoiatre,29
gianpaolo,85
irlandare,63
euforio,62
lungo,80
rollare,278
gorbaciov,118
nightclub,153
trincee,22
brodo,117
teulada,26
busano,147
bene,118
calvo,126
desta,25
tornire,111
cardiochirurgia,225
attuazione,304
giochere,230
gallina,304
intare,535
elastico,141
impiegabile,301
reggenza,60
impedire,274
carabina,216
annunciala,91
acero,299
montante,48
sottotitole,369
grand,57
eme,31
telegraph,73
organetto,795
atteggiamente,584
nascoste,201
sottosviluppare,332
manager,71
associazione,49
miele,35
caotico,147
trengere,138
anormale,491
predeterminazione,670
velocissimo,351
rivendicare,94
riservo,20
salo,160
espletamento,290
accantonare,287
schwarzkopf,58
sfidare,141
svagare,626
addento,45
regolante,82
radioattività,253
rome,252
calmiere,20
esiguo,87
congenire,403
polidoro,270
casba,187
scontrano,250
gag,4
semmai,586
costituirebbero,382
chinino,30
pesaro,226
disteso,160
becco,59
effettuazione,355
astener,39
adulto,169
scippare,56
hillary,82
beona,75
simonettare,278
ente,70
poetessa,214
grumo,7
focalizzare,197
elettronicamente,222
matrice,11
risp,349
fidano,16
antieroe,18
caccamo,211
bloccale,139
raccapricciante,450
fatale,153
punk,116
qua',205
contento,539
allungamento,132
emergenza,39
affinità,359
effervescente,583
fotovoltaico,322
calibrato,62
rosina,462
peccato,136
modificazione,699
precauzionale,89
ravanelli,447
incriminato,159
favoritismo,111
cautelario,158
maggioritaria,265
autobiografia,388
rimasto,87
arbitrare,78
denunziare,65
rivisitare,302
stangata,78
aggiustare,93
cagliaritano,200
autenticamento,595
sommergibile,216
esulre,71
macchiare,489
domicilio,27
immortalità,325
bile,25
chieto,401
avvoltoio,688
imitare,85
caloroso,92
assicurazione,99
inquinare,82
spostato,58
tesoriere,59
morfologia,382
bigello,61
carierò,237
perverso,230
generosamente,325
riordino,224
salvo,19
colluttazione,430
agari,9
incassato,138
pietro,105
armani,6
biglione,104
stimolare,220
angloamericano,110
fulminante,99
gaza,37
ladri,29
capirebbe,570
decantato,127
impareggiabile,474
medicai,191
alarsene,417
alare,158
calanco,114
scarsità,127
sgangherare,204
abbagliare,642
metare,79
casaro,24
dubire,195
patroclo,100
emergente,87
riscossione,352
rapinato,367
stamano,64
schieramento,272
reduce,27
discapito,586
freschezza,279
atere,19
commissiere,96
reuccio,276
deborare,35
pennellare,480
ohe,573
laurare,693
simboleggiare,422
garbo,126
odor,16
cresta,43
fontana,73
ber,30
casciare,629
stalingrado,211
ginestra,122
rotella,86
rabbonì,91
ventisettenne,102
cluster,223
modernità,758
carestia,110
marcone,9
transigere,140
stoffa,521
dacia,31
capitoline,56
ozi,9
nubifragio,177
pergamena,223
schwarzenegger,357
burundo,232
volt,8
aberra,266
discarico,190
tecnologare,127
breve,27
descrivere,309
disegno,38
militere,28
brontolone,234
istante,288
nazisto,155
frankenstein,823
andatura,247
reagan,71
condor,270
finanziario,156
carolere,192
fonclea,334
canterino,91
corpo,40
risparmiare,160
esultante,117
battevare,177
unitarietà,396
sun,224
raggiante,67
permeabile,102
aprirebbe,114
prono,308
attrazione,148
zen,13
stipare,60
badato,102
beatrice,78
dipartimente,18
gherardo,104
man,332
melodico,438
misurare,233
quaglia,134
sovrastimare,237
divoro,13
dispone,67
originariamente,166
alpheusre,218
urbano,24
segregano,27
governativo,58
andrò,82
ampliamento,318
pellegrinaggio,129
stampante,73
lolo,117
direttivo,179
piovere,98
vulgata,478
nature,50
senna,143
ascino,78
mondiato,54
nord,38
monarchico,284
sabir,108
austro,103
autoironia,1155
sordomuto,55
bum,90
squalificato,542
gonars,262
incasso,69
settore,109
zavorra,77
cuccia,71
moldova,182
peggio,308
condolere,317
sopravanzare,224
inquinato,111
mantengere,92
sforzesco,179
menisco,108
mediterranee,45
crociata,57
sfiancare,359
giovan,251
dicenso,106
gravemente,65
mandore,281
calcagno,714
fretto,51
egoistico,680
paperino,492
alonte,55
amicarello,1474
opulente,168
scosso,83
riminio,32
addebite,91
tancrede,40
sempre,866
salvezza,5
affida,27
ineguale,218
geometria,152
condure,28
eolino,880
gratuitamente,96
riaccendere,112
radio,45
soprannaturale,1079
river,141
bagnole,362
arrestato,413
confondare,503
fuco,44
valgare,241
pryor,530
strenna,126
arluno,109
doping,60
gaiare,163
tessitura,67
lituano,201
atomi,64
lito,51
nine,36
cucchiaio,298
indagare,181
capienza,88
missaglia,12
joseph,145
esaminare,164
cuore,6
corte,70
dissidio,89
ripetizione,141
stendere,415
inetto,117
alee,239
sottratta,112
lady,198
coltello,362
garantivare,236
anticorpo,331
opposto,127
incautamente,582
geologo,91
dennis,646
armonioso,213
genoano,133
fiasco,29
trovarmo,204
congedare,106
computerizzare,270
comunale,105
alcolismo,142
zeccone,667
frammentario,293
fondamentalista,317
mostrere,130
espello,11
fattaccio,200
semplicissimo,382
hospital,162
corpora,19
bompresso,87
compilazione,181
bordo,219
quell,199
golpisto,151
vivevano,195
ceffo,68
finanziana,169
calzoncino,624
accorpare,72
quao,31
scagnatiglio,214
cassina,581
torpè,42
neivo,192
tagikistan,267
filtro,42
toscare,551
alame,56
turco,30
indietreggiare,576
svantaggio,65
no',236
pedalata,116
nichelino,181
parkison,184
sopraggiungere,294
consigliabile,114
gordonare,657
borgare,108
giovanile,23
abisso,91
rossello,169
start,50
tornale,44
corsica,174
rema,20
reps,29
chiglia,442
rapinare,281
salone,44
polente,77
raddoppiato,129
ascoltalo,99
conare,109
cachet,71
preludio,57
macellazione,51
favonio,39
infilzare,583
monterò,410
porta,98
riccardo,321
sacco,206
pongere,326
corriero,7
uilm,104
ofenare,224
iell,10
osservare,194
animare,104
inventivo,494
eliso,130
saltano,38
bocconetto,383
gaber,310
gordiano,96
ferretto,1075
inimitabile,520
battesimo,87
quaggiù,204
ordì,24
chelo,41
profume,235
intrusione,82
contrariamente,435
democristiano,216
disoccupato,69
totale,15
stuzzicare,252
blufi,74
aveve,73
bugiardo,77
albergatore,104
necessita,372
intuibile,270
file,5
schifezza,554
legittimamente,798
gang,47
cibernetico,228
razziare,79
ritirata,68
monreale,278
prossimità,203
baldanzoso,151
rivisto,98
offrare,74
pozzuolo,148
eroso,47
sveller,426
asfissiantire,70
collettivamente,547
splendore,363
vorrare,98
esa,334
miserevole,102
raspo,25
traiare,337
arredamento,26
circa,156
indignato,322
crodo,36
trentennale,52
affermalo,245
autocarro,246
centesimo,71
bolo,84
chaplin,466
squadra,271
oroscopo,74
sagrato,284
iver,11
arlecchino,364
damocle,8
pianificare,83
versato,114
secolario,326
deltare,18
dirette,26
figaro,46
scadimento,357
vaiolo,220
saltatore,79
milano,57
essai,75
vinte,204
usufruere,69
abilità,215
assistere,52
sebbene,442
indebire,74
stiare,213
reagisce,83
previsione,73
subordinazione,912
univoco,379
benigna,83
angolazione,151
popolar,19
fiandre,142
eccitazione,465
scoraggiare,307
disparità,237
insuperato,88
basilico,215
succo,130
banalità,470
condizionatore,45
leinì,35
cartier,8
argine,43
shake,549
palazzotto,97
prospettere,443
enormemente,319
riapre,28
recrudescenza,204
discredire,244
ravvicinamento,148
nosso,41
mazzuola,491
catarrosa,105
accusalo,191
terriero,43
tcs,114
europeista,113
locandiere,49
gogò,28
requisitoria,105
ritagliare,151
flemma,86
pulpito,50
rilassare,142
personale,25
viviano,374
osai,12
cintola,317
sapo,9
emblematico,136
crociano,61
crotone,43
lafontaine,79
meli,61
amo,14
moschino,89
affiliato,97
dotato,94
pamela,136
sottendere,471
scampare,177
amilcare,48
causale,17
sico,60
velista,128
nicolinare,452
foggia,456
mortuario,75
cash,302
erroneo,80
rigo,11
precisare,228
confusione,208
dissociare,200
cordare,343
orfare,157
concepito,143
contadina,155
morris,157
evire,107
csm,59
quid,95
flotta,78
burocratico,123
internet,23
talare,239
retequattro,380
fallare,217
apina,4
incarcerare,180
vivaldo,321
graduale,147
susseguere,131
morre,269
comitale,65
inversione,259
condone,172
sconcerto,264
barga,59
gareggare,126
anfratto,423
werther,265
mestiere,50
clark,499
sorvegliare,34
fiuto,19
decollare,58
impero,47
incanalare,380
ruby,203
propagazione,171
lucchesi,291
accheto,152
infatuo,23
coglione,36
stro,154
matignon,37
simione,57
scave,95
fedra,14
lapsus,14
omertoso,136
rielaborare,461
lauregno,391
see,8
sottoscrivono,66
noleggiare,90
riprovazione,258
perde,33
ritma,37
lastrico,121
chiosco,213
riferimento,336
esteticamente,816
stilisto,64
riemergere,398
affronto,29
rimarcare,170
climatico,103
matthew,749
computare,207
gioi,22
dossier,51
sostennero,102
sopprimere,63
spigoloso,423
affettivo,422
curno,103
avvertilo,47
leggere,168
egida,12
recesso,50
pellegrinaggo,71
ripristino,90
radiofonia,105
costner,312
compatriote,111
vincenzino,386
formio,26
contese,18
litigio,64
turrito,9
essi,181
divario,115
letterina,50
morivo,160
giovano,404
metal,20
frattanto,16
sentile,144
lozza,62
chitarristico,292
insorto,128
pregiato,96
generalizzazione,808
comico,383
caduto,81
rider,164
intimidire,358
ashley,396
valenza,187
fratturare,117
unitano,54
volo,51
brandi,196
aiolo,152
popolare,17
nutrimento,193
accagliai,61
orfanotrofio,106
portavalore,331
neurotrasmettitore,216
anteporre,337
maliziosamente,431
esplosire,70
apparso,54
smettare,354
nous,45
acrobata,185
pecora,115
frenata,81
texas,110
rossiniano,415
tabellare,133
passeggera,141
demolizione,106
statunitense,129
miracolosamente,256
sanzionare,157
lcd,24
stipe,76
compendio,148
tamburino,137
valeria,461
disfunzione,217
imbarazzante,360
fiuggio,12
anonima,12
irragionevole,443
amelio,30
visita,32
inascoltare,118
composizione,105
freddamente,88
stradine,18
lincei,54
proposire,246
lunatico,71
entrambe,28
conservatricere,408
dissuasione,193
forsennato,232
messicano,98
radiale,74
investitare,48
dentro,200
mallare,394
parila,75
rogno,12
biomo,8
maltempo,86
brancare,157
elettrotecnico,206
autoriforma,405
possedevare,138
urbire,87
cattaneo,186
regolere,208
rage,3
cristallo,183
invitante,66
ricettazione,170
phonola,288
disparare,75
montaione,86
cumulativo,100
quadrimestre,75
rimino,68
affossare,167
inarcare,117
euforico,93
laureo,44
assemblare,86
berillo,278
pomello,68
cancelletto,48
politare,85
cintomo,134
muscolatura,254
dispor,96
desio,72
lorenare,674
erto,197
occorrevare,305
benita,20
cinquantuno,208
onicoso,54
valzer,16
cucilo,127
moria,64
parlante,407
ripercorre,61
trentamila,113
credile,129
ciliegio,200
quadriennio,19
impaginare,248
ostaggio,144
orinai,9
cecità,350
soltanto,574
alisei,86
oscillo,10
significhare,138
professionalità,170
cartere,225
tempare,84
firmere,49
massone,86
golia,40
inestimabile,128
patteggiare,86
saetta,127
los,50
didatticare,65
fotter,670
ovra,2
infrastrutturale,343
arenile,187
eva,38
volontaria,32
cenano,34
sommità,109
intrattiene,35
inflitti,47
antartico,189
cementar,179
pierluigio,228
predisposta,125
guarda,24
pizzale,35
violoncellista,251
geometro,22
trentuno,164
calunnia,152
meolo,444
menestrello,355
capogiro,126
rotte,9
omaggio,50
domandere,64
battente,35
fioriere,16
fucilare,395
boole,428
delinquenza,140
allusione,382
metallurgia,254
decretano,72
rocca,388
partenza,54
centinaio,231
collabora,22
falck,360
insanguinato,164
ritornello,267
piccone,275
distinto,128
salino,175
marame,340
spazioso,154
committenza,96
cerchione,40
campale,16
ligabue,407
dimissionario,154
ventotto,152
barkin,442
ricordare,260
indubitabile,278
impiego,149
monia,56
gruzzolo,153
cyrare,288
grando,53
ammazzare,393
cercalo,63
rechere,68
altoatesino,30
colorire,995
doble,119
vigilato,63
prevedere,247
interinale,82
sopravvalutato,140
europarlamento,137
falegname,17
bignola,141
argentine,106
masque,48
cosetta,243
parare,489
juventino,609
novanta,156
fieristico,143
espiare,54
unificare,174
dichiarato,252
fuso,130
anziare,59
accastella,347
miscuglio,198
guada,80
eremita,154
marzocco,421
novo,6
tristemente,208
isoldere,132
trere,132
bilanciato,176
posseggono,66
costatazione,587
ischemia,156
appartenere,173
reclamo,30
dimentico,471
inducibile,219
accorgare,784
ebbeno,14
salvifico,411
estinzione,61
tritone,94
indro,14
gongolare,295
unio,8
abbonato,34
ratee,59
belligeranza,87
prefettura,71
scirocco,385
circoscrizionere,86
fratellino,264
indostana,147
manoscritto,231
sondaggio,44
prevenzione,145
slittamento,250
baule,201
rovo,11
accedere,55
cristianità,252
distanza,38
votante,70
famelico,199
contraddittorio,795
supplenza,31
detonatore,115
week,16
aranza,37
requisito,193
cromito,42
giungevare,271
precarietà,269
collano,168
ciononostante,544
agguare,236
caratterizza,180
milite,60
impegnalo,43
tore,8
prorogo,102
penderai,29
aalà,7
controllato,73
appezzamento,17
snobismo,758
tredicenne,385
piombo,88
edere,102
spumeggiante,415
ilenia,68
villaggio,84
console,48
surrogato,177
lindore,638
cadere,234
jaruzelski,111
oliva,248
pierare,726
ribellano,138
bravare,586
baby,2
prosegui,54
canon,98
mister,260
difensiva,55
immaginano,446
spot,71
irraggiungibile,122
immagina,493
sorpreso,135
immodificabile,629
caverna,321
colorazione,455
rinvigorire,327
scommetto,30
valmontone,170
atalantino,547
scansare,510
gioielli,102
comunicare,135
rivale,165
palco,124
rafforzare,248
pagato,161
bramma,65
robo,462
sollecitalo,180
belga,107
aci,10
inefficace,230
inaudire,164
osimo,7
etero,129
intimidatorio,136
scuderia,71
impostato,173
mar,56
ingiusto,177
eudoro,127
piroetta,267
lucciolo,238
sottoscritto,44
tacciire,215
spizzico,6
iolandare,233
palombare,295
ave,473
anticipo,56
achillo,69
aneddotico,832
baiocco,510
vaticano,70
sveglio,178
satirico,302
caustico,106
arcata,21
puma,287
finan,363
egemone,58
scarto,50
comodino,353
emiro,115
daterò,57
trascinatore,770
vedrei,40
sulmona,31
cestino,93
cittadello,89
carniere,34
controrivoluzionario,280
cambiamento,231
involto,208
stingere,397
rimarre,47
piacevolezza,373
intenzione,192
bibita,228
quattordici,207
difficilissimo,174
prospettato,409
lealtà,15
ambra,30
occam,81
lobo,15
limitativo,495
artù,54
sainzo,319
polivalente,105
fidenzio,9
residence,173
inutile,209
salda,13
chef,5
spareggio,340
epica,140
controversia,75
ormeggio,192
impietoso,61
torrentizia,219
scotch,122
dettagliato,180
ascella,39
decure,240
elevalo,101
salvador,24
sublimazione,838
corista,45
illuministico,798
apneo,5
barbuto,366
propenso,187
familiarizzare,98
alzo,18
pontificio,135
trascina,254
campicello,566
avanscoperta,78
gatton,37
pensale,281
indole,152
autenticamente,569
cristian,58
attento,124
creato,46
antoniare,607
sparato,423
ortodossia,171
giusi,90
obi,54
cracovia,68
cantata,397
accelero,32
descrittivo,660
inorridire,804
altura,38
vetro,168
ossuto,55
bolgia,129
tant',99
indetto,121
ciampino,37
astronauta,68
clear,185
affievolire,410
antiproibizionismo,61
preventivato,179
import,29
adorato,673
bombar,541
eolo,253
colma,7
tardi,63
orza,25
monetala,73
ostruzionistico,452
cerchio,36
assente,73
palesare,144
emozionato,499
castro,204
ristrutturato,97
tenta,28
baden,110
acle,37
giaccare,371
artificiero,189
svobodo,85
marro,328
hampshire,62
ingresso,15
officine,60
telma,174
proporzionalismo,576
francescano,367
air,18
cisterno,467
industrialismo,318
internazionalista,279
sinora,85
fianco,53
illustro,100
sparta,19
sottufficiale,82
dorello,551
nietto,32
saldare,53
accanì,74
oracolo,51
shanghao,28
beltà,45
referendare,113
trieste,87
binario,174
governato,42
modello,108
francoforta,37
luglio,79
alluvionale,76
sconsiderato,348
evangelizzazione,297
esalamento,351
interconfederale,113
smilitarizzato,252
facilitare,167
tabulato,95
lapidario,65
borierò,247
alzheimer,220
rno,50
iranista,164
rosone,916
roberto,324
vollo,33
balivo,59
canzonetto,297
capitalo,98
rosario,364
nutrire,100
point,63
kubrick,593
chetichella,92
pervenere,13
mansione,73
distrattamente,311
asciane,479
fidio,62
raduno,76
indicato,134
acilo,19
macabro,134
salvadanaio,269
liere,107
betti,199
tatuaggio,699
abilito,30
castore,258
quire,27
interminabile,100
semifinale,326
oscenità,125
evasione,86
amor,34
ripreso,39
hit,58
nemica,76
rachela,48
massicce,44
primula,99
commilitone,251
volgarmente,490
brecht,141
arrere,100
respintare,119
combustione,371
dimagrire,102
giuridicamente,429
pentone,233
forge,301
monrovia,269
indefinire,552
dambel,309
combattare,152
inciampare,508
stati,15
suez,5
carovita,29
papa,130
animosità,412
mariucciare,125
insomma,902
istituto,60
cementare,42
intenditore,43
durre,40
lezzo,130
pittoresco,424
cna,736
prof,81
stile,469
proteina,340
macchina,180
confusionale,159
riflettore,46
chierre,131
proprietario,79
sproporzionato,267
videoregistratore,159
mella,266
servito,11
stimo,19
filippo,173
rincara,10
aie,163
mantello,137
invertire,143
gigantismo,370
ghiotta,48
meteorite,150
sciorinare,198
andrere,49
tassista,99
azionariato,80
condizionano,139
anellino,563
locanda,10
valigia,54
zhang,100
premevare,427
sorprendente,378
dialettale,215
quattromila,116
miguel,212
sex,28
targare,24
sembrare,1055
indescrivibile,456
cumulabile,65
criminoso,183
manetta,168
approvvigionamento,256
domestico,13
gioviale,139
iniquità,172
scovare,144
ilor,109
agognato,25
accada,137
bandii,193
avanspettacolo,799
sondare,48
decibel,21
re',192
godi,16
intorniare,254
femministe,41
vegasre,173
hezbollah,231
ecatombe,107
rotondere,20
promesse,24
duce,21
frano,107
fenico,8
riunire,107
enigmo,113
troppo,255
dolcetto,622
inesistente,265
sicare,276
sacrificato,48
linceio,66
ovvi,39
satano,102
isolazionismo,780
subordina,150
collasso,177
dine,30
emme,200
regolatore,75
qualcosa,292
plauso,62
accoltellamento,259
deu,1
netro,169
sassolino,127
bocciante,24
scioccare,710
recensore,134
morare,595
tedio,28
inquietudine,306
scatarro,321
digestione,136
dio,117
rizzare,118
edulcorato,532
altalenante,223
convertibilità,215
arosio,245
dodicesimo,82
limpido,86
linneo,50
vitaliare,475
effervescenza,420
rosso,33
socialdemocrazia,174
ragusa,173
zulu,55
tempestività,106
premio,36
uau,70
ripa,14
equivocare,931
comparazione,365
architetto,85
prateria,90
automobile,249
green,16
decreto,130
allora,563
dismisura,62
tires,110
disposo,27
immagazzinare,320
tralasciare,687
labbro,244
cittadella,122
boschetto,700
presuntivo,223
atlante,123
fugare,58
organizzatrice,54
bruco,455
uvo,19
rinato,61
ventoso,115
fiscalizzazione,628
collodi,304
pagale,135
separate,18
stagliare,410
turbare,137
aidare,161
incacare,112
arts,212
congiuntamente,170
prodotto,267
vocalità,201
occupi,12
dolcè,119
realmente,357
michelin,42
valutere,83
balbo,396
straordinario,7
emanare,78
tass,10
profeta,132
capifamiglia,285
leggerezza,587
condizionamento,408
vila,16
tossicità,374
consesso,17
discriminanti,674
piccoletto,459
vingere,501
bollile,67
tomba,116
disinformazione,186
parrocchiale,152
crismo,162
maddalena,90
cadente,393
meccanizzato,78
polverone,60
massimale,174
contudere,206
stein,412
autenticare,233
sconfinamento,252
etologia,329
aritzo,589
parma,442
ritena,70
tipo,72
ubicazione,129
forre,147
ancorché,94
libretto,53
piazzamento,150
contemporaneità,516
invariato,75
giullare,1090
fiamma,100
ritorcere,588
business,28
improprio,317
ingegneristico,362
squassare,342
recessione,141
liccio,58
duplicato,99
appropriazione,387
dissidente,193
junior,18
buchero,11
denzel,448
taio,102
lula,21
delio,72
presidio,107
potestà,29
riformulazione,630
tramutare,116
equo,35
malapena,26
pandare,38
impunita,118
aggregare,134
volge,129
orientato,198
numeroso,80
disorientato,333
severino,195
inattività,106
vedrebbe,89
ruffia,33
innescare,142
formicone,206
oso,149
propositivo,619
esclusivo,17
cammare,124
buffa,289
atterrana,86
bretagna,49
imire,155
tenere,21
esimo,64
doriana,431
postar,39
fontanella,42
sapero,198
capello,203
eteo,76
ragazzina,366
ispettorato,68
sdegnato,340
ahimè,63
granaio,34
massacro,262
torgnon,340
bore,347
antiabortista,29
approda,43
accertare,154
renderge,54
crociato,89
acutezza,351
dicevare,447
affrettato,187
scomparire,113
dimensionamento,539
smerciare,248
contraddicire,845
conservatore,211
foglia,307
lutti,59
autunno,37
cardiaco,240
risicare,106
analogia,186
maggiorato,167
dappertutto,225
sopra,24
venezuelare,88
pernotto,367
trasversalmente,515
frammentazione,962
soddisfatto,152
norina,5
siglare,35
pantelleria,20
funzionario,126
ventilazione,224
targhetta,47
imbroglione,44
adagi,61
debordare,197
nairobi,167
sanitario,136
ryan,455
marinare,90
bastere,117
trattenuto,39
navigazione,49
classificato,80
ravvicinato,39
salvadoregno,142
emirare,103
democristiare,242
ollo,116
tambure,87
multimediale,74
allianz,11
comunitario,117
attilio,175
ludovica,90
micro,113
vignone,37
testone,75
saltuario,60
collaborazione,33
fedina,54
pervicacemente,346
cercato,157
scrittare,456
pochino,121
suno,60
borare,141
trasgressore,23
mezzo,58
oceanica,68
progetto,114
movia,115
trucidare,430
impropriamente,599
introducere,120
fratellanza,83
rifugiato,120
credulo,62
discografia,113
carto,16
inconsueta,262
possibile,333
alinea,54
frequentavare,192
assortimento,91
retribuito,117
infarinare,102
prevalgare,459
concussione,182
demenziale,208
alterare,258
dardanello,367
insito,542
criminalità,109
alberai,822
granitico,113
annoia,136
cinzio,10
rincorso,35
strehler,126
cult,134
protesta,113
misurano,166
ventitré,107
timida,12
cartaccia,573
sparata,138
inesistento,364
velleità,144
disco,149
freneticamente,295
volle,40
lustrino,152
indignazione,325
caldei,79
nerissimo,158
present,57
coalizione,178
scrutinio,63
virgoletto,28
sorgare,65
cuoco,20
bice,5
aborto,61
teresa,270
immano,306
disposta,92
diapason,308
centrico,150
gabrio,25
carbosulcis,46
emergenziale,366
cole,55
pallottolo,234
pensierino,285
sprecato,68
amazzoniare,34
istore,52
emigrare,88
polemizzo,189
gondola,186
supplizio,233
maniscalco,1047
sovrintendere,17
chiaroscuro,663
apparere,376
serpeggiare,416
prlombardare,284
appendice,32
neuronale,280
svevere,66
insorsa,130
inconfutabile,453
assistito,151
maramao,138
marena,94
ascrizione,60
van,21
pitale,32
verta,8
mire,26
domaso,64
trimestrale,98
incendiano,347
da',34
suole,38
burocratizzazione,486
cardino,57
camion,249
rimpolpare,143
fetta,12
onde,12
seat,31
invecchiare,230
risollevare,103
inapplicare,210
aggiudicare,100
indubbiamente,438
sottostare,272
incostituzionalità,291
ottantina,220
dakar,73
angusta,5
falliscere,254
spogliare,233
prescelto,60
lupara,296
sonorità,318
salomone,263
contardo,570
puntamento,37
radicato,634
tributario,50
tagliato,61
qualora,191
proiettare,93
sovranità,116
apatico,114
meandro,23
diagnoso,289
cartolina,64
orchestrale,300
riparatore,93
inatteso,92
convincare,726
dilapidare,167
nuda,104
tastiere,183
lezioso,201
tagliacozzo,806
conoscente,410
aire,15
vasca,215
abele,63
gerano,34
apatia,118
progettista,46
lesse,13
presentalo,127
vigila,7
archibuge,125
keplero,110
hurt,717
sino,84
targo,25
raimonda,602
designazione,130
destrutturazione,555
severamente,179
improvvisazione,423
ipotizzato,89
circostanziare,154
frastuono,330
erare,115
mattanza,101
oore,621
villagare,140
dissero,232
wehrmacht,150
shetland,234
silvana,414
riconoscenza,159
cappa,16
pretty,546
parlar,358
massima,38
lombardo,75
auguro,113
spiccano,71
impegnatire,143
gangle,57
comparativo,146
colombo,11
professo,102
oscuramento,95
disordinare,394
viziato,266
ulcera,322
meda,27
umoristico,642
disordine,182
lancio,42
baci,28
discount,56
navale,64
equivalere,108
proceno,75
brando,249
poncio,87
oei,81
sciente,188
vecchissimo,287
pallonetto,554
interrompare,134
ricercano,67
monza,150
ascare,557
risultere,72
araldico,88
profondità,99
maccartismo,166
fiume,111
imbastire,407
laino,44
storicistico,987
commessare,81
dominica,85
assise,78
sudamericana,118
pomo,138
soccorre,58
lambert,485
bonaparte,44
enciclica,49
suffrago,44
fatidico,43
sfogliare,146
alfiero,45
delazione,119
camerino,310
disinfestazione,248
transfuga,53
aziendale,202
acrobare,161
ideatore,68
ambrosia,30
bureau,94
cittadino,28
rousseau,56
bloccano,107
ceppalone,145
cenco,177
svalutazione,194
allevare,131
ubriacare,227
rifondare,196
toglare,33
esercitazione,58
acquatico,240
eia,691
scorrimento,244
jodie,783
affarista,152
nascer,57
barricata,126
leda,223
discredito,226
avvertivare,265
retribuzione,258
rota,8
alar,231
rivendita,38
immobilizzare,62
preconfezionato,180
lendere,76
sofferenza,356
officino,84
matassa,21
bolscevico,177
sollevòre,42
gioiellino,298
morire,222
ale,278
fissi,10
bottiglia,452
georgia,184
scalo,182
pilatro,191
bardellino,396
consonanza,77
cher,417
alì',4
sale,201
cri,18
chamorro,21
surreale,694
sociologa,138
pupilla,70
giura,12
varchare,35
vare,111
silicio,215
aruba,36
tereso,156
inferiore,160
risposta,52
murario,146
poesia,340
piantonare,284
occhiare,238
sessanta,157
viaggiare,133
lampedusa,56
medium,179
slancio,78
armatore,83
marea,58
fecale,154
riottoso,50
scorza,78
impreparazione,275
olandese,99
volgere,129
ragazzetto,126
brenna,139
afasico,38
molisano,169
avverto,170
monetizzare,104
nascondevare,508
dico,116
ragazza,312
avverso,118
stomio,8
sfacelo,78
tosto,339
broccoletto,230
cangio,35
tartufi,96
ma',108
matera,83
stridere,226
sincera,172
preconre,66
cnel,24
sembianza,459
pomelli,61
deluso,66
commemorazione,124
bosso,19
colosseo,25
strevare,270
pano,48
uccisere,487
sassofono,250
balta,16
torbido,115
gerico,92
parlavo,201
bud,508
faccendiere,153
lavo,105
esone,9
introduttivo,72
neutrone,281
imposto,262
yorker,347
conoscete,293
vivissimo,69
inflessibile,130
nevicato,181
orine,28
esperienza,145
divertimento,209
dinamica,78
entere,82
sprovvisto,102
dissonanza,188
trattenure,56
bagnato,276
susanna,163
piamente,326
apparecchiare,633
divare,122
gervasio,432
controspionaggio,86
innocuo,266
antisocialista,510
tigrino,87
bite,34
giornata,65
comunemente,267
avvalorare,254
tecnico,37
capitalisto,197
design,89
vagante,26
radico,8
bersaglio,96
matematicamente,109
ogni,32
comacino,128
vago,124
guarito,98
cartuccia,212
capriolo,270
affermato,150
diagramma,348
pierrelo,357
manchere,119
soddisfa,69
crinale,17
ottenere,105
liquidità,229
sciroppo,351
sabatinare,244
sabba,50
accomodante,102
corridoio,101
bevi,27
franchismo,389
compere,78
audace,21
rarefatto,270
sembrerebbero,666
letargo,81
discarica,195
salivo,22
cornelia,125
ammodernare,195
condono,143
necessitano,555
parlamentare,160
bangladesh,162
lenzuola,178
egizio,90
sacrario,200
psicofisico,133
agonizzante,219
diminuzione,227
studiare,30
afroamericare,121
malincuore,208
nicoletto,1166
robin,145
orologio,14
adam,161
palettare,219
giustiziato,146
guadagnato,122
riferito,128
supportare,171
mattutino,64
ballare,700
lano,471
bisco,66
arella,538
vapore,149
carente,231
sterzo,144
porso,443
bagaglio,4
perlopiù,44
europa,82
carota,39
montanario,940
omano,73
osseo,130
commissione,98
cocente,46
rollo,147
passionale,457
gallino,437
peno,71
baseball,106
mergo,21
emittentere,115
nostalgico,341
disinteresse,551
carcerano,82
falk,427
bitonale,73
erico,146
emporio,87
osservatorio,42
credibile,210
ristagnare,90
venete,217
dock,18
magmatico,822
medicino,143
fortificazione,455
arabio,216
immobilità,66
canone,37
contestano,45
essare,301
fattispecie,115
mediatrice,39
cruno,103
golden,528
interparlamentare,176
alceo,5
palma,26
ribattezzare,451
milosevic,113
ipotizza,30
coincidere,246
soddisfazione,139
discrezionale,367
episcopale,77
miliziano,440
disgraziatamente,432
annaliso,579
frantume,211
paralizzare,139
iuto,197
policentrico,382
ruppo,9
incurabile,331
inox,27
ossessivamente,323
presagire,280
bmw,140
venire,385
ineludibile,361
ombrare,86
svoltoso,87
agorà,2
abitalare,38
minorenne,173
suggerente,273
pompu,84
mannaia,8
taste,8
dilazione,320
transatlantico,15
psichiatria,184
decedere,200
forzoso,70
convincerme,672
armala,20
empitocelo,180
svolgevare,39
coltro,19
rianimazione,181
vorere,124
prefabbricato,218
perdere,162
tenitoro,93
esogene,53
proclamato,60
medito,56
favoleggiare,337
assoldare,292
placare,98
iniziatore,118
ripulsa,143
cavillo,40
mentito,18
ghiotto,61
democratica,241
banchino,56
partita,272
robe,62
spargere,278
nessi,14
gestiella,321
giacomo,309
statutario,270
ecce,17
portantino,76
intercorre,36
unito,19
sami,396
profuso,56
sdrammatizzare,383
goliardico,554
frazionare,105
firmatario,112
torpedone,350
quadrifoglio,263
berkeley,299
vecchietto,205
castraglio,578
usher,338
crociare,44
byron,85
oziale,15
ferroviere,99
trasferii,27
allontanamento,151
oscilla,50
investimese,276
insidia,89
commendatore,257
caparra,22
totalitarismo,742
machete,234
sodale,97
chiedio,35
euronews,57
fauna,75
ritrovamento,158
conchino,965
mortificante,795
catai,30
inviano,49
sperequazione,420
sfore,30
splendere,308
tordo,68
dissesta,114
irrilevanto,628
bitonto,454
sandinista,157
autistico,219
alcidere,189
incorporare,117
ombelicale,63
vicolo,94
cte,68
intuire,443
rifinanziare,121
anca,6
malcostume,246
tinello,684
brillantemente,220
resistono,57
strattonare,875
alice,31
giugno,71
rassegnare,174
attrezzatura,262
legionare,23
impresentabile,179
esercente,43
anteprime,113
rodaggio,48
semaforo,80
montanaro,933
montedinove,91
depotenziare,208
term,288
mascherato,161
decorrenza,127
orrido,654
ammonire,37
scoppiare,126
babysitter,6
recupera,17
migliora,13
feto,323
dimissionare,145
scibile,29
lince,8
giosuè,19
immaturo,109
personalità,106
pazzesco,62
arvier,81
bernini,17
ryzhkov,162
lita,113
incantare,284
regressione,704
martinello,1452
gabrielo,247
tentorio,20
tenuta,14
elegia,21
montenegrine,154
ammacco,79
involucro,253
regione,96
grippo,11
radicalismo,873
censire,18
pittore,201
basa,7
lomello,168
senales,402
tornasi,31
rigenerare,138
lirico,131
lanetta,296
juniore,47
propoarr,43
ottimo,81
colino,112
agonizzare,412
illustratore,216
circolante,73
flnlnvest,78
apprensione,178
spedizione,20
scontare,115
rode,50
intermediazione,232
gaudenzio,369
cremia,20
tuff,3
mariarita,65
vizzolo,52
ampezzo,136
rimpianto,119
opposre,142
inadatto,122
erte,19
divergere,210
radicamento,972
laces,21
industro,55
seguare,131
decadenza,27
airola,84
tentano,40
certezzare,229
scherzoso,380
variere,59
mario,134
parallelo,8
subordinano,119
vestito,508
angusto,45
riescare,325
tavolo,25
sorridere,753
taglia,23
pomodoro,59
tradizionalisto,409
fotografare,98
fiesco,25
storiografico,454
cromatico,322
disperare,267
noiare,325
liquame,242
carpa,125
eccitare,482
dovresta,318
minor,9
vestibolo,506
manovrina,97
incipiente,460
poro,47
frac,161
regionalizzazione,698
guamaniano,156
alfredere,259
sponsorizzazione,143
scatola,121
rivera,192
giudere,58
tognazzo,326
benpensante,198
pedina,23
anonimato,22
mascherina,305
tuareg,160
sciamano,282
regno,16
antiquario,160
lari,58
potrete,27
sadale,34
albarello,495
laccia,41
museo,121
agorare,116
purgatorio,37
matere,37
nerazzurra,422
ariere,160
oscene,125
strappo,47
pcr,7
affollare,141
silenzi,193
serbatoio,182
compleanno,101
rosaria,421
lapin,197
inattese,107
costituente,131
ematico,80
danneggiamento,113
ricovero,203
freddezza,222
querciolo,289
asola,209
ordinanza,89
parente,162
super,5
palasport,79
pericoloso,176
roman,217
maremma,263
bosnia,174
comodamente,202
reggimento,97
rutilante,190
telegrafico,67
abside,122
edmondo,15
pentathlon,301
word,265
commossa,121
irrealtà,362
gema,55
oligarchico,578
angelico,132
malasanità,132
baud,95
dinamico,389
charlotta,766
incassi,82
saltellare,667
niardo,156
acquo,148
approssimazione,722
locere,13
respinte,93
driver,68
confesso,90
spazzare,196
rimore,29
imbottigliare,525
doloso,87
made,7
editare,126
mattinare,124
artois,546
brunetta,336
passerella,389
tino,33
determinale,695
fortissimamente,192
schiudere,127
prodigo,68
fungere,146
asimmetrico,329
miniare,60
rinoceronte,172
risaia,37
utero,265
bernardo,77
tiro,141
conda,9
signore,206
ndrangheta,174
divorzo,39
fedifrago,257
food,90
alendere,77
allarmo,30
remunerare,159
capistazione,114
discendono,275
contrapposta,410
centomila,81
archetipo,824
canarino,151
flamenco,320
pericolosa,154
fascino,796
amman,57
soffocato,260
ocse,31
frappongere,245
impiantistico,350
ragazzo,279
castiglione,261
mene,190
espressionismo,831
mantovo,296
capacito,243
erotica,87
incomprensione,662
temù,147
piazzo,221
pongare,229
schoenberg,113
labbra,238
gennaro,266
edipo,103
orgogliosamente,310
dovrei,184
paragonare,232
mode,4
terlizzo,185
nardò,7
ributtare,436
bilancia,39
satellitare,139
iter,58
dare,346
degnare,159
arnia,210
ritmico,197
avvicinamento,125
insignificante,598
indenne,30
consiliare,121
litigiosità,335
segretezza,39
alasso,427
cbs,97
indiano,192
horn,100
razionalmente,705
sparsa,41
caposaldo,20
boare,64
espulsione,38
atele,16
mera,26
aderire,74
lungotevere,54
partitura,491
uro,42
lettere,216
isera,76
email,72
sterrare,458
verbalmente,107
taumaturgico,361
verro,11
avila,101
trentine,104
eccezionale,90
titubanza,165
imitatore,180
matteo,171
goto,62
criticamere,315
boemia,40
vigna,16
gignod,44
esperì,26
tetta,12
antine,16
sovvertire,158
adattare,146
baluardo,95
autonomismo,383
lucrare,90
cibale,24
incapace,271
tiberino,179
aisone,145
esiziale,613
ala,29
apprezzabile,392
radia,25
equivalente,113
picchiato,416
belace,63
tornasole,6
rilassamento,65
molly,149
attendire,162
cardiologia,221
arioso,259
erogato,162
montale,71
assogliere,188
tedesco,93
reddituale,466
macedono,101
lesmo,6
favolistico,662
panorama,24
nordamericano,100
solamente,282
trova,26
acclamazione,71
arnoldo,125
spezie,231
portatrico,415
convergenza,228
amatoriale,42
comminare,106
consigliera,84
pore,77
catalare,291
inquisizione,83
alloggiare,210
mozambicano,161
socialmente,267
paranoico,442
rappresentala,137
inconcludente,288
enzo,139
navetta,131
insegnamento,160
elevatissimo,339
zitella,510
permessare,81
rastrellare,48
panie,12
mitico,409
membra,45
sturzo,36
combattevare,280
graffiare,782
avvire,100
cadano,23
indugi,3
copra,11
costantina,190
birmania,296
differimento,385
studentesco,16
concertato,58
antartidere,186
impropria,265
indugiare,377
espresso,41
baccare,861
frinco,49
saleme,184
benemerenza,35
tap,27
involutivo,577
pullover,156
rene,61
falsificazione,114
dovera,44
tonde,8
gestire,89
antitrustre,79
memento,168
separale,30
lesso,46
goffaggine,654
settantenne,333
malleolo,255
dentifricio,400
amichevole,134
pendente,45
sommare,470
inutilità,157
cappucci,125
resta,39
serrato,28
anitare,146
unisono,10
ceccarello,565
abitazione,142
intra,103
odontoiatrico,86
vivero,154
diglio,42
gestazione,71
bosch,21
detrattore,22
esaminere,158
olivo,139
peritale,42
marijuana,115
fanatico,290
somigliante,193
destinazione,71
castellaccio,498
esportabile,205
iscrizione,46
bigato,155
bridgewater,651
esistessero,334
sacerdoto,146
asparagina,229
meridionale,159
libertino,128
stranamente,549
capitolo,33
tace,68
identificare,175
traggere,105
irrisolto,121
eccezion,12
clona,33
prezzo,70
sociologico,601
spionistico,82
bufalino,202
protesi,131
edo,30
bada,15
manfredio,195
termolo,71
bonus,63
sottovalere,458
allegro,52
rouletabille,52
attribuire,196
inefficienza,268
sorellino,464
agibilità,97
quando,290
rassicurante,267
indicibile,185
quaderno,139
attraccare,196
definibile,479
tempestoso,41
lore,95
docere,134
panetto,132
artegna,130
rovesce,153
coreografe,226
strumentale,160
microgravità,178
zaino,160
vorre,71
cipresso,312
falerio,51
bucare,586
defiscalizzazione,609
scendere,69
uniscere,79
storo,72
restringere,150
agrodolce,35
marchingegno,120
moncare,33
mestruazione,450
festante,171
sconta,55
cavalcavia,391
bruttura,37
bivo,51
eticamente,437
assidere,348
balle,106
argentario,232
propone,74
formalmente,210
emarginato,160
marlene,731
internazionalismo,467
general,48
piace,95
teatro,157
periferio,84
invendere,202
pennino,202
ildo,354
area,41
mostro,84
allertare,128
cage,536
inattendere,355
ritrarre,362
tenutoso,86
lungaggine,84
inferiorità,302
cristallizzazione,994
governabile,289
sconsiderare,605
gracida,162
perentoriamente,333
orbitare,124
sbalzare,440
esino,46
italianità,8
discendere,275
beto,26
laion,107
reginaldo,152
insaputo,78
contornare,361
foggiare,476
portare,406
sospiro,32
sferzante,127
codesta,4
valgere,37
salita,167
osio,485
specifico,432
interverere,60
stesa,28
immacolata,197
sintesi,226
sembrere,443
predetto,156
costituzionalmente,460
acciaierio,161
istruito,14
nomina,116
altrui,170
ragazzino,558
mascolino,173
inia,27
invelare,284
granco,117
salimbeno,56
bcaagrman,345
dimorare,129
escursione,57
disperante,272
festeggiano,146
seroi,45
mettare,58
cina,81
belinda,46
psicoanalisi,351
esasperata,524
fillea,138
goetha,53
ricatto,85
demagogo,231
rispettivo,67
gemelle,35
fauno,28
remote,52
assola,31
sbandato,186
duilia,5
mortificare,531
scassare,266
maschere,163
roses,245
successo,108
ingrandimento,142
lavatrice,157
natia,39
paganino,363
ladruncolo,319
impopolarità,200
smilitarizzazione,263
araco,131
telefono,40
melchiorre,289
coloratissimo,968
lievitare,99
suite,8
arpina,13
presentato,184
elico,18
russell,633
annuncare,146
sovvenzione,118
ola,84
emidio,251
inconfondibile,622
logoro,106
equivoco,106
serato,165
ofelio,52
medico,199
arrestare,309
rerum,23
totem,27
raramente,560
simmetrico,237
stranare,497
agghiacciante,194
riguardo,299
canina,80
cerchere,160
solvente,236
somma,185
urta,27
lapo,250
cemento,246
demo,48
lappe,300
dottrinale,499
sfiducia,40
iii,16
addis,42
dissonante,433
rassegna,204
affresco,442
convertire,26
invare,72
claudiare,557
logo,36
assunzione,28
rivoluzione,119
dignitosamente,220
asservire,338
inflitte,73
silenzioso,274
relegare,73
politeama,130
carrè,561
paria,153
bertinotto,168
giuramento,42
irreale,203
invi,75
forestiero,70
faeto,18
bonaventura,221
legista,16
dorre,10
rampante,74
parabrezza,436
evitato,59
destale,43
campare,305
condividare,353
ignoranza,517
boy,117
romani,39
minimalista,388
affabile,291
eso,133
assoluta,16
trainante,230
abdicare,161
sinché,12
spaccaturo,89
monito,49
cante,239
sadismo,548
bronzo,110
sincronia,37
caspio,84
alcun,92
peter,515
planetario,148
dicevo,238
vegare,134
compire,31
sconre,24
vigore,56
deregulation,90
ilota,8
sam,584
ceroso,121
interlocutore,48
curatore,144
pensino,28
felce,99
ambulante,71
polifunzionale,276
nicoe,133
rincalzo,35
possibilmente,127
primaverile,60
astare,109
staffetta,238
gladi,37
funzionavano,171
primate,48
formato,123
gravidanza,164
defilare,496
riaprare,31
amone,66
siviglia,47
deontologico,229
eventuale,116
edicolo,71
slovacchia,151
calvario,81
apparentamento,682
marcel,292
abel,12
lagnasco,115
integrale,5
ostacolare,198
ricusazione,276
rienzo,83
congratulazione,171
viceré,120
cossigare,109
impanale,174
barbie,361
insostituibile,153
licare,103
complessivo,189
ortense,141
disattesi,36
sonnacchioso,250
dindin,45
animale,179
arre,70
batta,135
impositivo,482
tentavare,335
banjul,16
prendersela,87
fantasma,29
gay,51
memo,58
seguilo,58
vari,20
numano,19
ammenda,67
turato,39
velluto,237
vania,105
trafelare,973
mormone,67
barare,319
arrovellare,151
mangia,109
ricomponere,98
coazione,109
posare,590
malvivento,488
penn,471
pendere,68
modestissimo,150
irregolarità,80
giacente,33
gismore,178
cimitero,119
credeto,155
smontare,98
msire,44
blackout,7
nubile,37
bandiera,50
argomentato,443
istallare,195
sequestratore,261
lappone,110
ciclabile,106
litigare,144
dilla,339
fodro,139
informare,147
intervento,36
riappropriazione,564
bersagliere,245
provalo,33
allento,57
ricordae,232
scrivente,77
rese,7
erasvere,18
famigliola,114
guardante,52
pescarese,221
itar,19
maggiorenne,197
rettifica,63
chen,175
chitarristare,334
valenzio,165
terze,4
cristina,569
agna,158
appoggiare,171
volevare,415
gama,99
assessore,123
rumo,6
paco,72
redistribuire,248
concessione,97
idioto,250
grottere,126
sformare,312
siciliana,122
avaria,11
opinabile,376
bancare,86
fermentazione,450
relazionare,214
vampiro,254
soddì,10
berre,17
guglia,66
coltre,134
ines,645
borneo,142
restrittivo,197
riqualificazione,300
lisciare,231
prozac,136
mandolino,362
collinas,476
assolto,155
luson,131
egoismo,378
serafino,130
scrivania,141
londra,123
love,332
propulsivo,109
gregario,95
isole,102
avventura,189
reno,62
baldaccio,81
spione,26
muti,61
laudario,472
conservazione,258
combinare,135
incontrollare,296
concertatore,324
panorame,81
alaso,43
uefa,217
determinere,455
ciancio,200
quaranta,217
kingston,616
spendibile,80
esoleto,136
mmmmmm,9
fattezza,222
coesione,424
approde,63
firmina,278
casine,99
smuovere,264
spoglio,19
zuppa,291
senso,639
teseo,210
trascrizione,106
oziare,46
gerarca,9
accezione,537
jerevan,275
impalcatura,143
lucas,33
basta,49
tornare,300
intolleranza,255
aeronautica,83
casablanca,30
globalizzazione,903
spiazza,70
entrare,73
accrescere,285
convocalo,113
eroismo,358
tutore,26
finito,22
asinello,522
duecento,189
cavicchia,134
sinistrare,129
cnn,28
paladina,143
quindicina,218
baccio,298
schizzare,253
metheny,734
aradeo,104
borsellino,136
incrinatura,490
adwords,322
piacenza,390
sequela,45
assetto,92
ostruire,54
clausola,60
calmierare,40
sin,16
alife,274
trevi,42
disabili,57
filiera,37
legatissimo,72
arricchito,71
insonnia,49
arale,175
ventunesimo,135
esotico,260
capitol,50
sfaldare,184
difronte,158
malformazione,380
pungente,529
ripianare,203
infausta,56
indipendentisto,196
ipocrisia,470
neonazista,118
subbuglio,36
franto,59
tocchere,15
ventunenne,336
magnifico,434
cario,211
automobilismo,81
reiterato,122
umore,116
stratagemma,106
prediligere,773
rateale,17
abatino,321
pelò,211
esterre,125
dissapore,84
rompicapo,77
sentirebbe,388
nettissimo,28
centromeridionale,235
carezza,373
summit,40
mentare,264
oli,17
basamento,294
nostrano,215
benzinao,69
instaurare,52
percento,85
succede,69
imolesi,54
rovinoso,183
epos,0
autovettura,265
difetto,71
sudtirolese,44
rampantismo,515
vassallo,87
contingente,135
bionda,346
alienazione,251
sormontare,210
attendevare,306
partecipò,41
prezioso,85
parlalo,204
pubblicistica,248
estrogeno,491
america,73
impaurire,435
manchare,127
richarlison,375
gaudio,347
arpo,105
mercato,152
emozionale,396
impuntare,321
ammonì,86
biscaglia,99
amento,183
astuzia,265
oscillazione,147
compaesano,783
centauro,211
inclinare,216
trent,78
infiltrato,135
lare,575
localizzazione,432
scie,39
splendido,398
centocinquanta,159
monsare,409
titubante,142
convivere,157
riassume,65
centrale,15
chris,149
logicio,355
politeamare,213
lottizzato,60
pollaio,108
es',163
baro,95
cavia,347
sollecitazione,315
narcotrafficante,118
geli,20
desiderano,47
realizzo,34
cerreto,170
ambrosiare,67
recluso,101
sete,34
iugoslavi,140
aguzzare,130
certo,1709
repressi,52
incompatibile,387
ossatura,132
cheope,53
metti,23
riformistare,321
downing,53
socratico,241
consulente,64
diramazione,45
maggiormente,155
sporgere,170
puntavare,213
barbiero,580
versace,138
presentatore,165
melodrammatico,673
magreglio,1152
detta,19
sconco,135
accreditare,61
analista,57
voarr,55
identificabile,375
elimino,15
antefatto,170
daccare,98
cesia,40
orfila,133
riterre,114
gestuale,434
zinare,367
manio,271
homo,14
interprete,248
misero,97
strada,54
sceneggiata,200
econoe,16
potrare,249
rubare,261
orlo,13
uzzo,335
codrione,158
tisico,54
tizianare,189
prevista,129
adepto,43
voragine,41
rocchella,79
american,469
adalberto,318
immaturità,90
scopritore,170
retrocessione,315
superere,114
produca,163
mediar,71
umiltà,87
riduce,148
arrampico,41
urgere,99
adottale,73
strategicamente,195
ubbia,11
tesa,12
accettare,256
cifra,65
mostralo,53
appesantire,226
semidistrutto,390
pontone,296
intele,40
rana,173
convogliamento,165
innamorare,259
tende,17
tradì,87
unica,12
pulitala,71
manre,112
dodicenne,293
vivace,33
riconferma,69
radicare,648
rossore,122
splendente,445
stressante,132
dinasta,51
tendente,218
morante,394
gradinata,220
gogna,30
caffè,101
lannutto,47
necropoli,224
presenzialista,586
sburrare,390
moltiplicatore,211
burlare,163
edvige,268
vuotare,152
metastase,204
staso,3
irrisogliere,222
morsa,41
semivuoto,189
nordcapital,315
ramstein,162
micee,127
giovinezza,316
nevicata,133
graham,539
siegfried,207
tavola,34
nicolare,666
ornamentale,288
bico,130
dubai,142
annere,59
medire,220
punibilità,217
visone,285
suggere,163
vedersela,78
avanti,29
perplessità,126
strano,467
leggetere,327
francare,418
identificazione,331
panne,10
slovacco,125
suono,291
inclusione,144
carrù,41
sugo,166
documentazione,224
esplorare,133
accludere,114
burocratica,91
martmazzolo,215
raccogliere,64
podere,61
spariscono,205
pregresso,180
cancellalo,56
aronare,205
paro,65
eterogeneo,257
rimosso,185
pietà,41
cablassi,69
subere,90
apecchio,85
minimizza,68
arri,74
palla,223
uoso,13
riparo,91
dopamina,508
montalbano,97
cadde,47
miglioramento,175
tappezzare,330
fibrillazione,75
dubino,33
mancale,16
gilberta,430
menzogna,390
corinto,30
fittizio,32
varato,106
esistenziale,1022
vue,62
ara,33
geografia,36
martina,179
netturbino,89
focale,62
giacomino,832
casseforte,185
riabilitazione,90
retta,5
goliao,55
depistaggio,143
intere,59
peseta,50
estensore,30
iscritta,14
agguerrire,79
amsterdam,50
insinuazione,308
laurea,61
voltafaccia,210
sentimentalmente,654
pubblicala,134
banditalo,63
avanzare,191
gorle,123
ricredere,451
lasciare,181
pensionabile,124
emulare,225
tarquinio,260
minger,635
evangelista,273
paternalismo,430
oratorio,231
componentistica,148
meravigliare,580
prevenere,69
dignare,107
favorito,275
bomboletta,509
sviluppano,359
ciarnello,349
spiegazione,160
doues,193
deutsco,74
travolgere,182
nit,117
energicamente,253
schlesinger,99
soppresso,38
antioco,16
die,16
stil,41
rial,4
scontro,131
ripieno,178
domenica,107
dirce,189
capanne,16
preore,42
california,174
insediamento,41
venerazione,224
riconsiderazione,779
grillo,209
deplorevole,255
alfano,205
oligopolio,147
budget,24
sensibilmente,148
limitata,75
rodata,191
andrei,64
deprimente,187
mollico,1094
kosovo,174
progettualità,732
morboso,277
samare,101
beone,25
impuro,89
strare,257
producevare,153
sinonimo,237
ricostruere,68
apparta,100
movimentazione,143
veterano,52
ponere,284
ottenibile,116
ammirato,32
carmee,43
istantaneo,91
lorenza,670
brosso,260
pervadere,1012
ercole,70
encomiabile,240
donnas,44
jeans,98
incombente,103
triesto,173
snervante,22
artemio,73
pienza,22
agonia,78
turnar,381
squarcino,170
cedro,36
tredicesimo,83
ottawao,57
inter,216
insopportabile,312
inveire,128
alidada,99
rappresentazione,757
canoa,217
bisente,30
oltreché,150
unisere,34
figliare,529
tomahawk,253
ingenuo,624
fune,20
albore,42
madama,8
omanre,427
ignorare,549
assistilo,34
canovaccio,217
consistente,215
amenziale,146
cansare,562
bibliografico,244
insensato,480
unitariamente,265
sponsorizzare,55
degenza,128
miliardo,163
medere,273
gordona,394
riprocesso,164
abbozzo,61
demolire,70
corrode,149
guardaroba,228
inventore,64
disuso,174
secolare,402
arato,504
inutilizzato,356
aneddoto,371
favole,269
destrezza,92
ripresentare,265
antibiotico,415
colpevolizzare,576
videoteca,72
interscambio,82
catullo,233
torvo,6
abbarbicare,388
sindiare,96
rincarare,16
scorporo,97
scuolabus,57
interrogatorio,176
castrare,241
granché,263
ansare,255
imitano,18
gorilla,93
rivitalizzare,371
frequente,114
talpa,63
patteggiamento,181
baggio,419
superare,68
cermes,29
tirreno,132
letterare,445
sacerdote,181
senile,253
salvagente,11
sapere,1032
pollice,25
contenuti,134
inflazione,151
collaboralo,48
dumping,17
carsico,94
mondovisione,214
urtare,423
dragone,112
monaldo,665
solitudine,235
assungere,370
germana,87
evoluzionistico,840
iugoslare,110
apulia,56
ritenevare,258
sniare,355
antagonistico,844
badalone,151
stanziato,85
troll,16
pepsi,76
vicariato,24
centrare,140
garcia,577
antepone,18
enfasi,45
fucina,4
confae,74
inforcare,280
algento,4
motivazione,162
perpetrare,227
cumulare,49
desume,47
snodo,33
antiquaro,143
carretto,136
oneroso,121
sortito,117
obelisco,188
trombadore,179
vario,112
ivano,135
dibattimentale,91
biologica,429
chiacchierare,445
istriano,1
patinare,281
spigrilo,85
onorificenza,31
orfano,76
bidente,95
botte,36
costiera,187
acqueae,76
datato,21
logica,296
briosco,302
draskovic,72
protestanto,144
champions,365
festeggiamento,138
collaboro,25
grenada,142
contare,341
denuncialo,114
comparato,241
affo,221
vestimente,35
figlialo,254
decadente,188
bruge,9
oltretutto,253
strega,69
zenone,162
dimesso,131
eliminazione,104
naviglio,68
natie,78
sofisticazione,324
sbotto,241
genetico,363
arciere,102
rigurgire,248
esister,443
sover,57
professionale,70
nadir,8
violato,19
adere,129
particolo,157
demarcazione,29
compreso,68
spassoso,614
condare,90
storico,62
genovare,154
sette,127
toscano,118
berzo,32
casina,66
controindicazione,661
dumenza,4
specializzazione,590
riverberare,365
agnello,57
acquacoltura,262
anticlericalismo,971
amarte,50
musa,87
usuraio,121
suadente,641
anzio,115
donate,63
totalità,45
oria,76
libertario,503
gaffes,55
fazio,22
magnano,539
sedia,143
seveso,9
macinare,89
trasmesso,62
etologo,157
rozzezza,532
roseola,605
acceso,70
sfrangio,158
yves,609
spingere,298
ognuna,35
tolosa,19
tere,56
catacomba,140
mezza,34
sorpresa,66
arder,757
monca,10
debbono,223
artefice,6
pienezza,116
parastato,63
massimo,12
esplicito,282
match,390
ibi,17
evoco,294
tormentoso,394
alghero,60
mammone,18
avance,28
alie,23
obitorio,301
adr,296
quarantasei,191
krill,232
turner,540
gorio,123
goldman,140
ferreo,17
folco,219
statuetta,133
acta,16
istintivo,522
fida,8
letterale,184
violetto,97
vaio,152
fedele,34
manetto,281
strattone,570
elettroshock,234
frenetico,60
arabo,196
gotto,40
danza,274
scoppolo,114
squillo,21
cinghia,82
manipolazione,262
menotto,555
conversazione,50
pilare,42
ultimamente,295
cementificazione,332
terminazione,318
intreccio,124
ambare,78
linda,274
terziarizzazione,381
intravedono,95
taggia,45
gilio,116
passata,42
incompetenza,129
abitualmente,236
martirio,163
placido,90
fuga,100
lasse,8
meritatamente,54
indisponibile,116
nor,11
cappelletto,687
riprodurre,352
sassata,354
distare,98
ginocchio,105
terrà,100
interista,501
estorsione,236
cotte,24
ammissibile,256
antonello,452
fissa,13
commestibile,138
mortara,91
sconosciuto,303
lingotto,38
rientrere,96
time,75
oliveto,78
esperio,20
compensazione,398
mirandare,521
largo,10
derivazione,728
irrequieto,360
surbo,21
intonazione,315
casso,36
addottora,20
mirto,516
restauratore,189
cornello,519
cemente,176
straripare,349
acciuffare,366
branca,94
brianzolo,163
citata,31
marmo,351
accaduto,109
gianicolengere,259
nervosismo,130
accanito,121
proiezione,38
marciapiede,459
farare,289
persuadere,154
radura,425
sovrappiù,165
affetto,136
audaco,4
ortolano,524
inopportuno,262
lesta,32
maschile,40
esortare,171
concordemente,592
obbligo,95
arecare,463
vassoio,444
inano,225
sabinare,216
fascio,87
equilibro,112
iconografico,497
acconsente,199
parleere,222
selciato,485
animonare,83
armonio,110
reggiana,492
portico,372
astrofisica,209
menta,134
fondamene,42
baudino,66
guizzo,233
traforo,92
trapasso,99
trasparenti,81
passeggiata,104
asile,31
guardiano,49
sopravvalutare,337
pencolo,70
superamento,580
financo,57
incarnare,469
attesissimo,250
fantascienza,272
amplificazione,533
atlanto,48
sensibile,132
capitombolo,150
fini,43
irresponsabile,438
risicato,62
andrea,217
incoraggiante,247
vigile,67
scalzo,193
dimenticanza,448
richiedevare,217
vecchietta,299
celerità,104
proteo,56
bravissimo,489
colubro,181
militarmente,163
bignardo,1138
fascinoso,1237
sessualità,308
mancia,13
ardine,64
diarrea,317
cerchiato,208
incombere,62
compagnare,265
entravare,183
comandi,99
tivolo,158
brusca,25
punizione,167
sinergico,58
ebrea,51
versò,25
manifestamente,190
psicanalisi,283
limitare,314
cerchia,15
saltimbanco,247
mucco,432
abbastanza,249
luggere,569
perugia,209
arroccare,136
standard,32
apolitico,515
dimostrato,97
sollevare,77
livio,152
licata,55
tramonto,8
kermesse,233
lottatore,91
trionfo,130
bastassero,408
campane,115
formia,38
lii,46
patrimoniale,233
toccare,186
escludore,204
bondeno,9
ancor,36
risalita,74
aleppo,235
cotta,137
distintamente,785
fumato,33
combaciare,224
esultanza,40
menalo,198
taxi,62
abulia,2
vercello,279
dick,10
crimea,18
ibis,8
svagato,647
ruvo,34
fornire,129
negoziazione,211
sceso,53
quartica,28
presuppongere,1016
ostia,155
incastro,270
biomedico,219
rigetto,93
ubbidire,52
perequazione,367
tiepido,55
portoghese,55
razionalizzare,827
fruttere,30
apologetico,919
avallano,378
bibliografia,239
interbancaria,377
balsamo,48
salman,55
ambiare,343
discusso,31
struggente,718
imbattere,219
desunto,85
torrazzo,94
laro,106
disobbedire,157
abbatto,22
puntere,168
scissionista,155
confrontare,474
trincia,10
indicatore,206
statutare,220
esagerazione,930
defletto,204
nient,46
nocivo,292
pugnale,307
entusiasmo,131
euro,43
provveditore,66
eroico,288
riservatezza,117
prenota,10
abbassato,67
chat,198
incavere,114
pulsare,98
copernicano,77
pellico,51
stanotto,73
autodromo,88
successivo,82
costare,11
arredare,46
capivare,531
inserito,74
ferragosto,59
luparo,261
foce,72
brevettare,133
parvenza,241
controllabile,291
flop,50
baluffo,345
diaframma,161
maglietta,392
catastrofe,111
assedia,86
aspirazione,424
creare,138
rebus,5
imam,124
finanziala,131
ventiquattrenne,232
cannes,59
lambrecchino,286
fulviare,420
sfile,75
provvidenza,18
pulizie,25
ripiegare,309
respiro,15
agave,128
isola,92
pergolese,474
nono,41
propor,149
mosca,205
meriterebbero,167
quartier,28
preveggenza,209
gramsci,23
ritrovato,47
campeggio,209
ciro,67
vichy,10
asprella,558
esposizione,56
dissequestro,109
deportare,173
restituire,102
pota,41
mons,65
cagno,105
distribuire,63
portfolio,299
proponente,191
leano,223
sala,44
mato,32
alana,10
picconatore,150
vibrazione,227
giardino,337
tuona,44
annullare,87
voluta,78
pericolosamente,237
confere,14
inconveniente,93
vince,193
tingere,162
bilan,62
tacere,850
aere,82
vendicatore,156
dc',7
cream,361
sagama,24
rovistare,570
emica,4
interessavare,356
avendone,21
alfred,172
ammoniscere,53
citrine,109
personalmente,248
insaccare,433
molochio,28
marsiglia,101
tradere,167
algale,90
costreggere,128
marchiare,489
aralare,109
catasto,43
propare,36
butta,76
ipocrite,42
entourage,41
nuvolosità,151
principe,15
collier,366
lumo,2
fulmineo,164
zone,49
cartellino,97
quieta,102
mostra,194
pagella,8
bano,133
meditare,524
geo,13
anzitempo,212
prospero,15
faziosità,729
cacciare,235
sapore,169
prosindaco,65
dissidenza,114
quattordicesimo,142
schiarite,166
scioperanto,159
prigionia,72
primare,15
foggiano,425
cazzuola,170
bertabello,589
autostrada,136
snellire,108
divento,31
dortmund,238
elettromagnetico,264
eccedente,258
astrale,51
capitalere,170
abilita,46
cinquenne,169
premeditare,343
mammario,24
abela,239
oblò,51
insopprimibile,645
dica,15
stivare,357
via,85
raffinatissimo,557
leon,36
neonazisti,91
desertificazione,336
proverbio,288
pastificio,167
sistemazione,100
hooligan,87
discuttere,179
perdono,129
indecifrabile,615
desirée,6
frammentato,453
strauss,132
esigilo,65
presentala,95
balestro,379
godo,82
neofascismo,79
ossuta,72
guerrigliare,437
malizioso,336
mammole,261
spaccato,37
distribuzione,131
nozza,40
simpaticamente,488
australiano,389
sigillare,173
altolà,77
trasformista,138
fonte,9
esistire,187
sulcis,22
costosissimo,182
sfollato,242
riferendoso,319
darwin,191
afflitto,189
maggi,14
centralizzato,234
rivolgare,173
silo,81
gialli,279
spedo,26
sommira,21
silente,92
capanna,30
bisognoso,104
subi,22
fecondato,133
utilizzabile,295
atavico,359
tecnica,409
ademaro,325
michienzi,53
striscio,169
approfondere,184
cinise,35
batman,270
nordcoreano,82
cocco,241
lavandino,471
angioino,47
soco,25
madrileno,134
caviale,277
rappresentativo,289
accorrere,464
tranquillo,20
tormentare,434
folcloristico,220
paramilitario,189
forobe,14
biberon,134
suggestivo,447
telefonista,47
bozzo,133
stracolmo,321
avallare,351
ccc,2
addentrare,253
inspiegabile,265
camilla,26
smorzare,170
indichare,84
vagabondare,321
nicol,678
definire,351
gilda,19
barbarossa,475
bertino,143
trasferire,85
scherzo,261
migliore,70
approvala,117
slovenia,154
intraprendenza,41
incardine,40
appiolo,554
concatenazione,1034
crociera,38
militarismo,735
pilotare,24
malridotto,176
cerino,451
finanzialare,181
rilasciare,40
sciare,302
promosso,54
pese,13
scultoreo,452
medea,89
carcare,36
decollo,36
cordovare,142
committente,29
rare,33
livido,405
artistico,105
oppi,108
scopergere,237
gigantesco,123
investere,68
orazio,615
brevità,122
fiammata,81
giochare,102
ceno,40
monsiu,87
disagiare,133
arancio,243
riportato,18
fecondano,154
tuile,267
vicenda,64
compone,33
rosà,14
garros,275
diritto,112
aleandro,381
accasa,40
paganto,101
estrarre,122
ioduro,170
esperanto,48
delon,437
market,44
monetare,68
invidiabile,204
dramma,92
innovare,133
sfarzo,201
corra,7
rivolta,86
fantasticare,620
postoperatorio,306
millimetro,43
rubinetto,41
affiggere,70
dune,83
decretane,159
convocato,77
consentissero,279
mouse,186
emi,7
suddiviso,47
floriano,929
editorio,65
fregare,254
corpicino,650
dicevamo,123
ossequio,66
gianni,89
lentino,585
acconsentire,482
separare,102
precisato,123
rossonero,487
donalo,247
diurna,96
mugo,156
altere,14
srie,59
tonnare,11
involta,233
taluna,165
apra,0
romanello,1249
veridicità,154
mercury,392
ovule,231
spontaneamente,61
risultare,190
belva,136
bicio,48
cartagine,111
mormora,246
volgarità,692
imprecisato,63
gravida,140
tamo,106
affermativo,465
sistematicità,679
cosco,54
autodistruzione,221
giorgio,126
scenografico,410
pomeriggio,91
cominciai,195
impreso,26
politicizzazione,1180
siemens,30
furio,80
laicità,430
smentite,94
deplorare,134
stereotipato,1016
hackman,681
sfilano,87
sorpasso,84
semi,3
iniziazione,159
eventualmente,255
colonizzazione,305
duplicazione,646
convincento,406
collegiale,103
secondino,31
patrocinare,36
agevola,18
ostinato,296
intergovernativo,145
restrizione,257
addotto,61
moggo,105
zampa,229
prospettare,619
alcool,108
spartitone,99
boemo,74
veritiero,207
attraente,152
liegi,2
salvò,89
sandrare,196
sabotare,92
corina,42
marcella,1052
board,140
redditometro,187
nervoso,109
soccorso,82
gottolengo,257
arsenico,150
the,77
percore,84
paranoia,98
lemmon,698
polveriera,48
quirinale,79
spezzino,115
preferirebbe,278
zeme,13
capitolato,70
bocciatura,126
protocollare,50
ima,256
seducento,508
dilungare,319
vittorina,82
panare,138
impregnare,618
ictus,72
modernismo,603
andano,34
indesiderato,200
proclamare,54
imposero,32
darci,56
vantare,89
costantino,872
intern,236
folletto,213
brillare,174
guerriero,247
fortificato,109
localizzato,260
reticente,562
sudditanza,541
millennio,84
riorganizzazione,464
pecuniario,217
macchinista,87
insilare,34
verosimilmente,427
indice,47
robrire,811
pericolanto,89
vivere,89
bruneo,70
del',21
bubbone,16
aggirano,69
oppressa,135
capitolare,35
rimediare,162
lumicino,15
strombare,298
sazio,23
bah,27
emiciclo,6
disagio,63
leghisto,84
esulare,12
peculiare,718
jessica,179
tetro,80
compilare,75
concluso,100
sfaccettatura,882
ustione,174
augustus,182
dora,30
correre,204
ripostiglio,183
complessità,687
insista,177
diranno,30
percentuale,146
riscattare,246
debolmente,250
cabli,78
arasi,553
coppe,284
incentivare,458
superflui,180
tocco,233
giuria,35
neutro,5
neorealista,364
involre,124
palombella,242
rinunce,22
vido,116
catasta,14
armanda,37
soddisfo,45
sanguinato,103
direvere,56
aberro,70
subito,199
coraggio,190
scorsese,541
bravura,221
esaurere,32
tette,22
sopravvento,117
blair,61
alleggerimento,632
pollare,107
veliere,153
parco,111
grafia,98
diciannovenne,381
appiare,32
passeggiato,195
settantanno,174
dacca,11
frigo,111
taglione,32
kathleen,500
dittatura,254
carsolo,750
bagnare,448
dustin,563
alieno,150
reatino,203
epistolare,161
attrezzato,204
pessimirre,204
aerazione,218
ginevrino,27
acritico,710
sego,37
erbio,132
deterministico,694
estendere,140
titano,15
falcinello,74
germano,166
roger,536
cruento,125
referendario,115
cene,24
visionare,57
salesiano,118
dichiaro,149
potito,105
ricetrasmittente,152
cumule,114
doverosamente,381
guerrigliero,384
sperato,169
bimestre,84
gioachino,474
rosito,160
battimano,86
offshore,33
stamana,87
dealà,9
mittente,4
cleveland,559
sprint,322
statistica,48
degenerare,350
vergognare,701
narrato,398
villaga,78
arretrare,24
doppiezza,526
badile,71
imputale,159
apnee,54
accattivante,660
vaccinare,144
constatere,179
eurosia,38
comprenda,239
caard,3
ippico,38
partii,43
francescani,732
cirrosi,325
emiedrico,221
assoli,37
vallone,55
anna,122
anabolizzanto,210
appagamento,99
scompaia,68
orecchiare,448
arrivale,232
tempro,5
ravenno,300
caritas,45
psichedelica,469
rubbia,116
tonina,47
bioetica,116
sganciare,64
sostanzioso,142
novolo,26
online,58
definendola,93
annunciare,143
pantheon,91
brare,289
calamai,140
spider,79
galoppare,118
bela,77
indizione,144
lingua,41
insofferente,684
amerio,29
dicci,98
asilo,22
stradale,90
evacuazione,158
fisicamente,203
intossicato,237
pessima,37
desolazione,414
utilizzere,186
ortaggio,238
cambogiano,230
statalista,374
desiderio,140
intervistatore,94
odone,27
acutamente,223
invenzione,661
raffaello,185
sistemare,484
atroci,138
agì,40
fantapolitico,493
provoco,86
istantanea,66
spinello,354
marionetta,243
madison,144
veterana,89
adelgardo,480
rimbaud,119
accanto,128
daccapo,19
regredire,196
gianno,84
romaflumic,177
svoltesi,87
minio,13
giustificazione,655
sedicenne,443
defuntare,141
bbc,15
ratti,266
scaffale,151
cosma,17
ontano,21
domiciliare,97
raffinata,510
imbrodolo,91
becchetto,1054
alloro,100
larga,8
rutto,156
spettere,230
pan,10
circoscrizionale,84
riprovare,224
siriano,198
indagato,146
spiegato,103
categoricamente,166
costituari,80
estonio,97
compiutamente,553
felicissimo,320
meridionalismo,343
udp,54
ancella,101
asserere,803
immesso,288
drop,32
alessia,244
invasione,114
motociclista,174
mere,185
timone,40
welles,314
ardea,239
contentamente,544
durame,21
scenografia,470
torta,96
indichere,49
stragisto,209
barbianello,1574
affossamento,170
antropologia,423
bassano,218
sollevazione,41
marginalizzazione,874
escussione,38
tiepolo,119
facto,16
oscura,13
coppio,144
riflesso,240
barcis,8
salamandre,182
armale,100
onnipotenza,278
diventato,158
spiazzare,408
assembleeo,83
pantaleo,365
pompaggio,120
inquietante,238
quote,8
gionata,64
mensilmente,99
reclamare,97
faccetto,60
attrire,301
bregano,269
secco,8
telecomando,66
lime,36
maso,51
abbico,39
brasa,225
longiano,42
prestigio,60
diodoro,90
casanova,97
sospese,24
demetra,119
termo,35
simeone,608
donorire,686
fido,12
boeing,130
contessa,143
rivedre,75
vaso,94
esale,121
guyana,196
de',123
amnistia,51
nanno,152
moralità,278
consumatore,45
arezzo,142
corretta,200
ambrare,270
specialistico,228
lipsia,52
garibaldine,50
risuonare,122
dedizione,233
demografico,122
tao,16
apprendimento,256
affollano,104
ultimazione,241
tortellino,197
riproponere,177
sfilere,59
met,364
multilaterale,152
debire,51
lenone,98
sbarrare,192
palermo,122
succeduta,22
bibliotecario,33
grosse,3
fabbricazione,233
ellen,352
gladiatore,40
capitalizzazione,671
semantico,995
privo,65
unanime,31
sloggiare,216
ministro,83
solleone,46
raffreddamento,288
delegato,44
genetista,303
sognato,322
aceto,91
isolai,105
salume,183
garantare,121
genio,34
rtl,40
riassuntivo,137
epidemiologia,246
sfigurare,772
biologi,175
sindacalista,156
dulia,69
vancouver,99
abrogativo,83
presene,142
temere,375
montevecchia,235
misso,167
solerte,23
gagliardo,230
scienza,212
conquistatore,93
areno,39
manterere,93
deputata,83
frego,62
erm,58
mugi,193
complicanza,288
risi,36
hallo,74
garante,55
caloria,62
chivasso,84
entusiasmante,250
corvino,633
shell,71
soprano,406
malèe,129
pugni,163
abiura,129
antipasto,150
dietro,56
imperfetto,226
frenare,154
fedrare,31
distretto,20
tenibile,117
urssre,127
franga,139
rango,8
vibo,41
matero,144
riparlere,238
ringraziamente,156
lourdes,21
sarte,37
monetaria,68
inossidabile,69
gibuto,76
sollecitamente,406
chions,260
campò,23
diffondere,65
malintese,725
dirigire,126
riluttanza,193
raffaella,488
soccombere,97
asfalto,360
orientare,298
litigioso,71
concordare,385
stefare,215
concione,179
limitere,96
austriaco,110
esaurire,21
impenetrabile,261
carletto,1028
ammanco,130
sociologice,444
ulire,99
agnone,51
municipalizzare,112
bypass,217
ansimo,365
fiumara,336
evasi,16
sebastiare,225
garantirebbe,395
bay,7
castelgandolfo,239
suscettibile,256
medicina,182
sveziare,131
gestante,63
delfico,32
chiosare,160
augusta,74
mosse,16
milenare,431
cefalù,52
foca,18
spartitorio,100
obiezione,100
batista,459
bacale,241
acciano,49
sostituendolo,27
protesto,84
convochare,160
saltuariamente,154
tentalo,77
toccante,444
psico,96
somale,141
scenico,352
cecenia,206
subaltere,379
inca,19
biglio,54
admeto,99
quarantadue,187
perdo,81
alfabetico,29
perco,40
apprezzere,308
sciame,60
futuro,29
soffrare,136
trasformare,328
ragas,171
comunicatore,39
prepotenza,246
marine,35
dcl',21
paleontologo,160
patron,26
estero,36
consolidamento,351
scelsi,11
destinare,89
rimanere,93
partecipare,59
prestere,183
preambolo,60
ritrovere,251
cominciare,314
rossano,584
tiziana,136
emofiliaco,367
gentilmente,239
lucente,286
accessorio,80
sovrappongere,782
tento,57
aukland,56
sfugga,37
privala,31
cancro,351
trovata,154
approfittare,64
ottimista,77
colme,131
operistico,242
provvedere,130
erosi,16
rispostare,234
guant,32
fruttare,54
albrire,55
bayreuth,149
omaggiare,99
madrina,162
provocato,243
polpa,232
inaugura,127
eppoi,121
enna,86
stangare,83
percettore,20
canaro,112
selvaggio,20
tibet,34
gettalo,34
grafo,45
idealista,450
georgofilo,43
nazionale,9
carcinoma,414
scoprirono,237
angiò,71
difendibile,85
sviscerare,507
muovare,154
agare,121
enfatizzazione,232
osmoso,541
umido,71
modico,17
footing,156
sodalizio,32
campagnola,46
lavoratone,147
canonica,86
alt,195
detrarre,230
imprendibile,57
irrigidimento,473
sfacciatamente,533
maretta,409
affacciare,244
demagogico,416
quartiere,126
weber,70
incastrare,332
rispore,222
duale,14
agiato,36
inseguimento,60
radicalizzare,896
adiro,148
fifa,46
squale,44
briciole,76
incontrollato,130
computerizzato,210
calotta,178
spira,45
bema,74
botanica,54
comunisme,181
airtags,94
murge,283
terracina,18
inietto,85
ventilato,41
gareggiare,522
novara,144
lelia,251
scampato,83
socialista,171
tortolì,976
uganda,106
congiungere,119
discontinuo,403
magnificenza,238
servere,44
variegata,90
olgiato,75
menopausa,341
agno,88
paginetta,69
annoiato,140
detto,144
attila,112
opuscolo,54
britannico,119
ramiro,132
quindicenne,343
passo,40
sondere,60
predere,154
incensurato,470
scere,584
approvo,83
recore,51
panza,27
telemeccanica,131
cappe,199
scopa,158
conosciuto,247
malvivente,522
perbene,50
finlandese,120
sdraio,205
quantitativamente,319
sbalorditivo,458
magge,10
campionessa,328
sosia,123
nitore,151
ficchare,53
vicenza,284
pluridecennale,34
curante,82
camicia,269
rivedere,137
capitalizzato,344
esacerbare,487
maiale,289
guardato,51
sorel,187
centralino,94
quattrino,80
domini,74
penoso,242
venezia,64
offensivo,83
foriere,26
aguzzo,195
anthony,454
doverare,137
imprenditore,113
eschilo,18
sciolre,22
frenetice,59
pesante,34
prater,159
notifica,138
dovi,70
litigante,139
magicamente,291
bacie,221
ernia,7
sindaca,180
lodare,46
salvagento,8
incappucciato,301
esploratore,175
leghiamo,79
potessero,196
fuoco,88
enormità,98
telescopio,150
videocamera,62
grammo,36
inquadratura,320
onestà,172
tarzo,6
audiovisivo,51
reporter,60
ufo,4
penisola,137
gulag,60
manzone,51
conduca,10
rocchello,373
curioso,516
tredicesima,53
silenzo,80
mittel,298
paesaggio,268
giunsero,61
topografia,256
incassa,64
vacco,45
criminalizzare,262
corporale,83
shopping,17
stellare,48
stralunato,1117
facenti,14
baldassarre,1244
guarnigione,299
violano,18
quercino,143
soggetto,190
ariello,877
educazione,36
risolere,118
treve,53
delhi,6
giocoliero,212
coro,152
nare,250
ceraiolo,538
risentimento,482
settentrionale,204
respiratorio,524
sommere,183
inta,561
memore,54
compressore,74
rin,84
crosso,370
magnificamente,364
canfora,294
rifiere,289
francobollo,84
monterotondo,126
centrocampista,459
violento,200
orientale,163
instabile,42
passaggio,64
permissivo,347
mentore,9
andora,71
semito,33
trading,87
alfonsare,420
superficialità,576
conoscitore,240
appiglio,34
sigillato,175
timotea,464
selz,36
stilizzato,470
negligenza,131
dirto,34
ostentato,530
arroventare,163
antisequestro,89
surriscaldamento,197
implicare,237
piangere,420
mico,236
fregante,72
sedere,54
spintone,468
tero,266
torri,70
israeliano,145
casotto,1873
scorciatoie,271
atlantico,59
avis,409
apparirebbe,410
turbo,97
adattabile,197
gallipolo,320
ocra,156
languore,369
consunzione,150
nola,33
boola,228
bulgaro,74
centeno,13
ancio,79
mariano,748
regionalistico,520
arteria,101
caveau,102
inerto,218
snia,320
antilla,33
segnalavare,134
inevitabile,222
arcangelo,556
alternativo,165
volturno,45
pipistrello,264
sguarnire,109
integrante,320
sfreccerò,77
fiammingo,66
perora,38
folgorazione,468
lana,43
latti,70
peone,10
ambientalista,59
orbetello,273
tutelare,102
incombenza,23
monaca,84
infondere,300
yourcenar,80
federato,30
socioeconomico,644
scorrettezza,127
esattorio,18
locare,24
terento,26
gelo,73
sposi,4
paurosamente,254
tripartizione,45
improvvisa,99
strumentare,149
orson,564
collocamento,64
connesso,145
pier,60
magre,29
arcinazzo,177
fuorigioco,283
autosufficiente,173
irriducibile,212
entità,102
ormeggiare,467
proliferare,51
incalzo,34
immigrante,80
segreterio,34
prim',17
umidità,187
batture,57
segnere,98
vademecum,10
stare,259
nano,140
sguazzare,770
racket,77
apprezzo,146
cancello,140
ippolita,224
impietosamente,301
cingolo,44
cicale,13
ascire,71
indiziato,150
ventuno,141
burocrato,45
laddove,645
indonesia,222
dizionario,375
pico,26
telefonia,66
muslin,59
anticare,196
patriarca,61
osala,68
lindo,289
arenalo,324
obbligatore,52
sciascia,57
fognante,156
asare,158
assai,134
tribunale,105
disciolto,19
disintegrazione,208
milligramma,82
affisso,57
presidenzialismo,409
riversare,245
udinesa,463
parker,615
achei,104
danneggiano,60
malata,286
anacronistico,437
proibizione,74
oda,4
situa,14
arresta,220
infrante,64
patacca,219
attergata,44
giacinto,80
incosciente,327
foe,12
arma|arme,101
fidale,26
inutilmente,156
midi,96
multiculturale,138
clero,103
arbitrio,198
armano,103
obiettività,425
insistentemente,501
organizzazione,95
badalona,272
margini,7
distaccato,39
riammesso,10
dribbling,334
scorrere,446
pervenge,29
urlo,125
presieduta,56
interim,82
crepa,49
luis,199
raggiungimento,148
vitivinicolo,119
pareggo,312
bilbao,291
vulnerabile,70
pregare,116
compromesso,229
finirebbero,388
manu,3
disquisizione,377
irruente,180
ostetricia,134
mondi,11
ricave,329
vivare,291
procedere,107
sovietico,215
credo,85
capolino,343
mallo,48
striminzito,41
marcato,131
petronà,472
tonga,204
anno,188
carbone,85
adottato,98
ospitalità,50
sebenico,156
spada,9
nandare,79
chiedico,144
svg,15
helsinki,22
binare,82
univo,21
immanente,60
condonare,65
sboccare,197
cile,57
microbo,227
odiato,94
disgelare,66
valigetta,212
scure,24
oriente,46
taro,8
western,457
peggior,36
dialogare,70
baffo,295
scesero,290
redere,109
opportuna,214
cofide,377
usl,17
superato,133
farso,66
ustionare,227
ritrae,176
mincio,113
orbitante,168
insperato,79
provincialismo,166
esagitato,253
insistere,413
aprere,51
giovane,286
aprilo,41
stizzito,163
trianon,312
somiglianza,181
habitat,151
nera,69
carole,61
lacrimogeno,293
palombi,47
centrista,325
peregrinare,152
italcemente,380
delirante,457
sappino,41
greci,42
scricchiolio,117
cavaco,92
calpre,421
paciere,45
protettivo,113
quindicesimo,123
pressione,48
federalista,177
erika,80
immaginato,1070
botta,124
spal,64
denunciato,146
corrompere,170
meschino,39
ventottenne,289
erbè,4
filologico,540
concettare,173
giovannare,1137
ispettivo,72
spiritualità,644
bergamo,185
fortissimo,95
jacopo,24
badare,639
mattatoio,71
afonia,4
arenzano,248
asina,19
equipaggiamento,150
bardello,26
casinò,32
bettolino,344
cesarina,198
ordinana,20
golf,122
ipertensione,491
porterebbe,183
pirotecnico,98
entusiasticamente,489
nomado,87
solcare,355
ripudio,124
rere,12
liste,61
politicamente,381
misteriosamente,174
ritrovale,235
differente,362
cerdo,42
vias,304
sequestra,140
contrai,43
ailano,21
preoccupare,510
lanciatore,87
materico,386
ascrivere,204
tailleur,367
reverenziale,87
caddero,77
risucchiare,374
fausto,151
soldatino,118
bulgario,102
utilizzazione,646
sergio,70
ghiandola,213
attaccato,381
impraticabilità,368
lmi,382
olginate,234
roano,62
telenovello,90
tranquillizzante,352
rivolgimento,376
temano,15
gaio,48
ringrazare,41
sperare,470
totò,53
klaus,329
illuso,62
olmo,59
punta,22
giacominio,1200
austera,64
coretto,677
lombardia,57
individualmente,514
proiettano,127
sismo,11
bufalo,29
verre,146
violentato,345
sordo,10
spondare,284
bussola,7
torah,3
sms,159
esigare,46
bujumbura,313
calare,183
meraviglia,30
infruttuoso,58
muse,19
ristrettezza,29
inginocchiare,469
braverare,564
iscrivere,16
regna,8
dado,23
parsi,24
trasferere,49
bastione,144
trattase,91
ostinazione,255
soddisfatre,106
molteno,21
avvertono,134
decorato,349
zoe,57
galateo,129
distillare,122
endeavouros,124
parale,24
enter,293
reuters,36
ingozzo,734
fasce,7
legislaturo,67
puntura,51
confederale,143
personalismo,600
genzone,135
appiattire,606
pensionato,79
avvisare,107
stesso,793
leale,5
morde,26
ancora,473
internamento,151
trentinare,136
confuso,320
equitazione,280
epifanio,12
parevare,874
emessa,5
computer,156
dionigio,563
gianluca,326
intemperanza,445
empirico,741
celere,11
tacchino,186
secca,8
platinio,430
newyorchese,160
antitrust,55
forza,212
formazione,30
escalation,121
editore,72
bulimia,271
rolo,39
inaffidabilità,179
chiappa,26
croazia,119
flebo,124
raviolo,61
contrappone,397
colpevole,262
csme,5
universal,379
taratasi,38
ritentare,254
misa,10
triangolo,24
proposero,98
raffo,52
infedeltà,68
progettato,121
declassare,17
chelazione,130
furtare,167
beinette,282
raggruppamento,77
engels,2
pignone,248
narratore,428
tastierista,208
denunciale,118
compor,34
lina,209
carabo,64
multicolore,195
tridente,273
bina,19
provocatorio,454
coltivare,72
subalterno,399
lunotto,334
inghilterro,75
adozione,67
epifania,3
appartato,134
sottosopra,151
segreto,57
molle,335
grare,38
boutique,96
lusso,34
postale,65
diseredato,278
petrolio,74
rozza,22
villetta,385
glaciale,108
papera,197
nucleare,76
notoriamente,147
indifferentemente,1299
varietà,108
infante,281
farinello,566
iconoclasta,644
umanissimo,525
amata,15
esposto,41
inseguire,348
ovvio,623
avrere,365
onto,25
febbrile,85
inondazione,82
apparecchiatura,358
stilizzazione,370
discepolo,214
continuala,66
smaliziare,604
cavour,55
lamente,92
garibaldino,43
elce,47
stridente,501
pia,33
candelina,297
polveroso,289
gandolfo,295
direttore,48
futa,65
popò,82
cupi,169
ericsson,50
labile,69
cucire,184
spilla,270
bruce,310
maternità,94
insanabile,206
lagno,76
ingabbiare,165
paloma,62
urbanirre,53
verhoeven,456
complicatissimo,151
etichettare,83
ladispolo,54
rostagno,201
relatività,424
vidare,337
giacco,240
fozae,4
barman,629
levigare,374
mollar,109
carucci,25
analoga,29
moralmente,417
agognare,133
crediare,64
rimbore,206
serie,6
val,25
paghino,31
contrabbare,42
babbuino,26
digiuno,18
identikit,12
olp,67
delinquento,249
penna,157
surf,41
centralmente,250
lazzaretto,930
risorgere,201
udio,21
campionare,420
bega,6
destinalo,27
orzo,85
vicesindaco,192
eliminare,106
riconsegnare,118
irida,263
picattere,116
dettaglio,44
platì,15
moldavia,246
impostare,244
unna,32
oliver,478
deviazione,30
preservare,425
snobbare,180
cannoniero,353
solvibilità,272
recinto,156
elaboratore,256
tattico,42
ano,380
rappresentalo,176
sollecitudine,200
intrapreso,63
cronacare,73
radicalizzazione,1158
melina,17
rovere,120
cisgiordania,120
ondoso,134
straziante,513
centellinare,117
essere,842
contentare,1111
poliambulatorio,191
rei,7
acquisto,153
precipito,42
interrogatone,211
mozione,104
orfeo,60
scomunica,27
antidrogare,52
surgelato,254
clivio,39
casello,49
ripubblicare,213
racing,26
eietta,196
didimo,131
sopravvivere,218
riformatore,357
remota,28
poarr,45
ipre,48
gravita,33
fernet,49
arrestere,321
mote,37
coinciso,81
stato,8
raffaele,56
taso,111
espandente,195
invire,199
frantumazione,672
abile,122
itvere,273
redatta,48
scossone,105
platire,95
bratislare,163
seria,8
arginale,36
ratificare,217
adulo,97
marca,16
danio,109
temuto,47
edificante,141
ture,5
stao,131
sabbia,291
compiacere,678
gatta,40
regalar,200
ecuador,99
inattaccabile,183
stragrande,50
margherita,8
conterraneo,65
interdizione,35
piovono,45
costituito,119
faraonico,38
spregiudicare,423
esborso,249
esinere,345
tacitamente,331
visione,328
intricato,82
anatema,146
paratore,110
quantificare,534
alberghiero,65
ciano,622
carcerazione,145
amarra,14
grottesca,396
vanamente,330
candido,97
giulia,72
balvano,209
metropolito,27
nostalgio,125
mutamente,277
reazionario,713
contrastato,113
ingegnere,77
episodio,57
acato,153
pavarotto,127
abrada,134
attraversare,179
magistrare,170
camino,114
mentalità,712
difficile,190
harris,294
band,206
pasquino,23
riconoscimento,79
antiacne,23
concilio,112
saraceno,125
resista,35
crafen,203
cangiare,60
faccenda,52
pareggio,322
front,46
convergere,261
adiire,26
scatenamento,309
micio,16
camionista,238
sbadiglio,194
riportare,37
burton,931
intarsino,148
alguare,75
errato,56
granaglia,339
montevarco,115
discute,88
pollo,241
pattinaggio,102
babilonese,245
emendabile,95
fiaba,323
ivana,93
aravo,80
semere,96
clarare,403
pianofortire,282
gallaratese,291
onorare,41
dichiaratamente,343
occupazione,86
appieno,148
grame,99
rigirare,413
avore,6
tono,99
reels,838
jesi,65
marker,448
vollare,59
atterrare,172
siare,89
permettare,265
perla,18
strumentalizzare,435
nervo,16
vaticare,57
badar,16
pedagogico,355
conico,185
automazione,469
teismo,9
tattile,85
adulterio,153
resoconto,76
mozart,207
estremità,228
umilmente,323
basetta,138
fornitura,75
bustarello,180
siro,26
nodo,54
puccino,301
attuale,185
mesci,85
marpione,235
culmo,23
acmi,30
aspettavre,423
ritrova,77
dosso,188
confondere,969
codino,56
jarman,758
vlag,179
azionista,138
banchetto,144
stono,227
bittaco,5
accorso,236
abrogazione,106
diocesano,66
frequentato,87
aggiornamento,273
nascore,53
marginandole,155
consulto,60
attrattivo,236
aspirante,15
ragnatela,46
riascoltare,100
storno,13
lasa,16
incorniciare,812
giuso,27
esperente,555
piemontesi,68
wilder,636
manifesta,61
pericolo,93
uovo,109
abitato,343
rico,55
cechov,40
fermato,200
subilare,267
appositamente,45
organizzativo,284
inghilterra,79
calciare,668
inuma,58
ventinove,228
vianine,349
fungino,84
odierno,18
calco,48
contagio,292
solidalo,153
lattea,189
bestiame,122
economia,108
lemare,104
azzurrino,289
sottigliezza,369
vante,29
felicina,116
spogliatoi,330
antifascisto,200
alitare,19
oblalo,34
gialloblu,468
rottame,225
munista,69
erede,30
scaglione,21
portella,11
spettacolarizzazione,798
glauco,364
sassone,65
bettinare,228
canonizzalo,254
bologna,207
allah,106
impercettibile,280
trevisano,47
temperatura,175
precordiale,22
rovescia,13
amichevolo,57
preparatorio,83
commettare,100
audizione,17
redazionale,22
superala,21
affrontare,97
chiesta,100
econome,47
trovai,73
rogatoria,72
poliziesco,123
pianoforte,213
clinica,161
merare,133
leggio,122
strapotere,114
neda,3
benin,130
discutere,241
allestito,137
ariete,175
istanbul,122
arrivere,182
annetta,187
intransigente,267
citere,101
darao,149
brasiliano,97
sparge,182
autoradio,139
volere,748
svincolare,100
esasperazione,976
tassa,136
charlia,524
cancelliere,108
dimostrare,300
europea,40
rieleggere,103
more,34
coredo,40
delinquenziale,227
urale,60
scalpare,542
liberty,162
totonero,60
cassio,59
confermo,275
riprese,38
euclide,133
falòe,5
niki,59
vendicativo,224
coque,152
riunito,17
cancelleria,23
perone,121
pompe,84
nominalo,89
flavo,222
cridere,78
avventuro,120
solfeggio,174
particola,229
auspico,36
consuntivo,57
reperimento,393
broncone,284
ch',14
cesso,50
gratuità,22
mota,16
pugilistico,97
bestione,87
prosare,196
partitocrazia,373
ripo,77
espressamente,160
squilibrio,212
nordorientale,234
banale,264
lodine,47
rossana,200
mib,238
candidare,82
rispolverare,270
assegna,34
struggere,142
libreria,79
osannare,269
barletta,246
mucchio,218
riassunto,101
campionato,444
conciliazione,59
viag,143
invalido,88
industrialmente,154
cooptare,44
umbro,55
grassello,272
sintonia,101
provocazione,423
pudico,149
rodello,397
mimico,111
nudo,90
fernando,156
imbrigliare,327
beccaria,244
triesta,165
rammarico,107
aimone,14
anzianità,151
eccolare,622
convergente,254
berlusconare,73
ungaretto,615
riunita,35
bendere,626
tram,131
guantone,54
refurtivo,284
scapolo,121
giaccone,356
acire,21
finanziere,97
acconto,222
insofferenza,746
inquinatore,111
manciato,59
adunare,105
pretendare,335
adita,10
peci,5
eretto,112
temevare,326
farfallo,169
discutare,165
guerinare,316
mazda,120
cestinare,360
rebecca,1011
fronteggiare,212
autoscioglimento,133
pannella,107
nuorese,336
prolungamento,111
lambire,318
denutrizione,310
rape,19
settantesimo,137
autodifesa,10
cartografia,213
anire,290
amministrato,49
indecente,35
battista,756
piota,167
infiamma,45
multirazziale,51
scimpanzé,179
attribuzione,223
riscoperta,399
fondicriinternazre,331
rie,346
velletro,103
scalfa,74
graduare,45
patetico,948
ribasso,147
blello,359
avei,24
cloro,43
blese,86
fiscale,166
certificato,84
primato,66
cinzia,163
sprezzo,232
fondina,104
zeus,3
prema,5
cecoslovaccare,143
immersa,204
doris,56
punì,60
rinforzo,11
malinconica,534
facoltativo,17
statore,74
allittero,146
perire,66
esigenza,257
perenno,99
compresse,34
narciso,80
sidney,217
concorde,133
forno,183
trasferì,18
raddrizzare,157
enfatizzare,92
anzia,47
edolo,49
parto,155
fordismo,708
bravissima,301
principesco,83
rimottere,68
sulfureo,34
impiccare,457
teoricamente,308
prelato,115
criterio,206
corporativo,248
critico,230
schiller,397
tripletta,442
scopo,99
prologo,75
cnae,62
indifese,186
filosofia,434
chiodio,274
giannetto,492
monovolume,212
fatturare,244
dietrologia,130
tripode,622
solidissimo,114
fortunosamente,206
avessare,366
intascare,169
celebrativo,210
idroelettrico,162
sul',4
buna,3
pausa,52
lavoretto,91
ideo,36
segnalato,75
vip,43
complicato,170
decadere,51
pontecorvo,92
generalizzare,694
equipaggio,141
infoca,92
regolarizzazione,512
deliziare,450
bilanciamento,454
stico,35
gelosia,164
rabbino,67
territorio,47
banco,16
battile,141
poc,4
attaccò,105
cornico,129
eni,58
deterrente,323
aumentar,330
iniqui,57
obbligatoriamente,186
addensamento,220
maraini,216
connubio,56
ciocco,166
inaffidabile,126
vandalismo,193
negri,40
diare,46
imballaggio,550
egna,20
sempione,100
trigona,96
recitativo,250
suggestionare,877
impore,65
reichstag,58
contadino,126
finanziatore,108
politica,337
martoriata,152
dirupo,9
attero,14
artena,29
anomale,89
motociclisto,127
strame,24
contrada,149
eric,781
falsamente,304
annunciavare,135
andatolo,881
maggiorare,187
sol,12
formavare,294
praticante,53
decentrare,290
lucido,93
costruiscere,300
plenipotenziario,78
accumulo,240
faticosamente,65
reducere,19
madrigale,338
premura,63
abnegazione,347
norvegia,151
colonna,9
raggiungare,68
imperioso,120
tormentone,134
new,84
intermedia,99
malvagio,392
becchi,274
gelese,44
avello,324
confidente,217
sonata,60
sporadico,78
marmellata,203
occidentale,85
togliare,167
peccaminoso,137
intervisto,65
multato,13
lungometraggio,239
telero,74
unile,21
preesistente,765
marone,148
consigliere,148
discostare,335
agito,9
feroce,147
poltrona,43
infezione,457
divina,153
riel,18
agibile,75
illecire,136
sudafrico,71
elude,8
rovina,170
decentramento,532
ance,13
goethe,15
babau,164
sensibilità,428
wwf,29
annunzi,404
stralcio,85
faoo,44
debuttare,218
elargire,93
tede,3
finere,323
improvvisamente,159
michelino,387
organizzavare,138
dean,807
innervare,240
guardalinee,305
addensare,118
disabitare,310
marzabotto,217
inesattezza,218
carlentino,532
ligio,48
cosmico,246
veniero,342
creo,156
chiodo,47
frequentatore,138
sostituzione,56
tesserato,27
montedinova,94
ammortizzare,226
quantitativo,140
berline,68
tamil,104
fossa,73
zainetto,503
quotato,78
irrispettoso,89
permessi,60
stello,59
benefattore,106
corona,24
liliale,11
solire,190
divertito,369
assiduità,34
consortile,166
mobilia,55
aborale,91
abitativo,196
spaccio,151
italica,4
anastasio,577
ampolla,117
connettere,480
ricerca,79
aliante,32
maccarello,842
panno,180
scompaiere,135
bolognare,258
giudittare,514
strevo,166
schematico,1027
ugolino,643
acino,100
diccene,407
caffaro,243
perderebbero,283
intelo,13
ha',176
primavera,57
giurato,83
antagonisto,221
francesca,583
metrò,82
predicatore,241
scarpare,727
finlandia,129
dilemma,70
ricoverare,221
soleggiato,253
commedia,489
maurilio,436
ricapitalizzare,308
inquinante,266
decremento,513
paritetico,97
acchiappare,396
proliferazione,127
richiamare,239
depositare,60
ord,380
visivamente,254
paolo,294
solidale,106
provincia,72
tempesta,35
cugino,155
bucarest,83
macedonia,121
dies,30
lontano,202
diagnosi,217
plasticità,333
erbo,30
editor,92
organdi,562
ventiquattrore,148
dillo,312
decapitare,117
invia,31
astrare,68
spazia,41
saltarello,514
farfaro,38
alire,298
alberello,719
sporcare,590
antare,192
stecchino,93
schumacher,146
antrona,692
aldebaran,342
misura,72
aurora,19
olocausto,80
citale,67
rinnovabile,160
acquio,77
scomporre,121
perego,246
marico,93
colavare,449
moralismo,647
goleada,567
astinenza,70
eccitante,485
premito,123
proclamazione,80
gastrico,95
seggiolino,604
preservativo,192
tau,12
cucito,167
rapporto,62
origina,23
salonere,267
irpino,38
quintale,256
coincidenza,65
ledere,96
ventenne,267
conclusosi,92
tmc,151
ortona,170
trentaduenne,421
papillon,28
cancerogeno,375
pugile,128
compact,92
cric,11
partecipante,24
responsabile,23
deviato,52
offrivo,47
foriero,36
allargamento,431
grano,192
compiaciuto,572
disc,18
incassare,129
precettare,71
cabro,82
probatorio,218
invisibile,220
cullare,64
protette,38
tennista,325
parlandone,139
marchierò,614
inseguimente,34
dispensa,39
ruspa,99
sguardo,216
zie,30
leonia,173
studentere,70
fesre,158
ciccione,674
droga,89
aumento,246
bombardamento,164
massonico,64
sandiniste,52
smorfia,510
titanio,30
attraversamento,186
contra,60
raccomare,25
pulviscolo,145
ori,15
pario,48
ironico,754
fertilizzante,450
inflessione,189
ginevra,38
trapianto,309
eccio,49
coline,23
annunzio,305
guerro,32
chiarino,580
scogli,21
vas,255
stralciare,91
perugina,69
tasta,29
michelangelo,361
monocromo,331
sottoscrizione,50
orzare,112
nazionalismo,496
guaribile,125
ipnotico,529
lesione,129
verono,321
roberts,429
influenzare,192
sii,595
beverly,226
azzanno,639
rodeo,68
trevo,73
attrito,77
diavolo,258
probe,49
umico,112
disciplina,103
dettagliante,85
dottoresso,141
quinquennio,81
sepoltura,94
pubblicità,61
hobby,276
antino,48
condivisibile,635
libra,54
ettore,84
vaccino,258
aulare,75
trentennio,141
troncone,10
tecnicamente,341
dissimulare,648
disk,36
circoscrivere,18
arame,154
maurizio,104
peppino,98
mascalzone,396
figliala,132
ricostruire,67
cassare,16
runico,13
ciclo,9
mutualistico,456
perpetuo,17
tragga,31
tornante,194
trascorsi,18
penda,12
sous,111
insostenibile,256
bosniaco,148
igienico,67
popolari,25
pacione,336
trump,47
guappo,122
lagnare,264
rimodellare,440
evenienza,73
agire,214
utilizzalo,148
arconto,34
determinazione,450
undicesimo,104
ponta,4
volpo,65
enuclea,67
tesoriera,46
suu,13
agnare,271
giostra,135
albume,74
quassù,44
diretta,120
antonare,637
siero,157
mitomane,294
sabbioso,249
addebitabile,126
liberia,143
macchinetta,440
inservibile,270
intento,199
jakovlev,136
temporalesco,200
agevolazione,370
instabilità,235
skopje,176
almenno,231
avvicina,43
killer,222
aielli,433
borato,84
bolsi,24
chiaromonte,196
solitaria,372
marconio,12
amleto,119
bot',128
abbordabile,96
frontalmente,109
interferire,88
leggero,6
bsa,17
comprensibili,390
zhirinovskij,162
cardine,90
affollavare,264
addosso,404
includare,88
reggae,234
and,229
aprilio,155
cooperativa,47
play,90
sadowa,108
digerire,107
bianchino,517
rialto,28
inconsciamente,1027
deferimento,43
narrativa,332
pierino,206
orietto,728
ringraziare,189
carpire,175
vaca,69
aorte,2
preghiere,119
andina,294
signorio,216
leardo,99
laguna,91
poverissimo,193
boiardo,33
rancia,33
inorganico,406
stavre,154
padre,243
solerto,28
budelli,99
euritmia,353
vele,21
spallanzani,105
culto,286
latino,24
rizza,137
benedizione,162
decidare,215
sbandierare,158
abbonare,20
impensato,277
rappresentare,474
ponna,5
ritmare,184
additare,456
kazako,138
washington,361
trasfusione,393
ardeatina,60
grande,42
indovinare,395
sbere,166
reazionaria,174
scaligero,163
undicimila,101
sostengare,626
sessantotto,139
comproprietà,55
istruire,14
emotività,563
bilico,67
sceneggiatrice,394
calia,267
emorragia,182
riconfermare,128
promotore,72
wolfsburg,29
pedinare,105
mega,18
altare,129
collaborativo,95
ricetta,13
progressista,162
riferiscare,331
desso,928
cerdare,217
bakù,107
montana,325
quattroccho,318
federativo,107
canaglia,477
vicissitudine,45
campanila,175
defunto,22
motorino,170
cinquantenario,174
gilardino,377
esaù,278
relè,2
terendere,820
babela,41
geronimo,102
liv,90
amadeo,372
dorno,41
arandere,233
cavalletto,572
unila,4
ammoniaca,221
inaspettare,402
cristo,133
pirata,23
eurodeputato,229
brunellesco,171
erger,165
impiegano,99
itale,68
organizzare,96
identificato,192
nasare,49
trombettista,516
convertere,24
aureliare,135
neurochirurgia,209
solzo,259
filtrano,22
veil,13
accordano,67
obietto,33
amalgamare,352
famosissimo,882
accettato,159
boiler,201
rincorrere,642
tentare,122
fornaio,41
imprescindibile,996
corsaro,79
arcotangenti,58
provochere,169
fermere,59
essei,15
proda,28
capezzale,93
mozambico,131
assemblee,73
impassibile,428
fremer,129
gridano,131
inquieto,313
cordone,17
lasare,196
alesare,212
ripe,4
consolle,33
dervio,12
sbrogliare,63
piovito,37
ria,445
ratto,61
fondamente,356
fermat,13
laminario,119
traducere,138
cessione,193
impedimento,326
pastorelle,180
barbosi,215
italo,44
premier,133
contribuire,213
cinquecentomila,121
braco,119
brno,258
destino,46
nave,187
si',7
garza,196
fama,52
compagine,24
archetto,733
coglier,387
fagiolo,435
flirtare,142
sceglia,19
renoir,301
detenuto,95
produttore,66
apparente,861
college,226
promozione,29
turismo,13
fisiologia,300
cavacurta,384
mariuccia,35
tripudio,101
ragazzare,622
curvo,522
battigliene,122
scarpa,424
ricevevare,124
facchino,604
gnoso,50
ascialia,80
dorma,10
incerte,42
fuggi,98
avvento,133
cliente,109
lacciare,201
darglio,166
tecnicismo,867
brevetto,95
balneario,128
stipendio,141
valletta,162
biscotto,8
cutugno,175
alunna,29
concetta,142
decorrere,171
saletta,86
fiutare,355
spento,103
germania,100
guerino,156
parlova,159
contestualmente,578
osa,16
gluteo,224
saggiare,268
tory,68
biodiversità,137
affermere,267
acare,101
urico,67
economi,73
esangue,29
analizzato,308
restaurant,14
metanizzazione,496
pronosticare,272
baucina,180
satellite,128
pensamento,137
armeggiare,730
tafano,87
viennese,75
modenare,205
imperizia,45
cinquecentesco,292
vaccare,97
endina,51
salvere,37
consegnare,156
plano,52
conquista,50
quorum,50
espropriazione,317
numerico,58
antistorico,401
incollato,401
documentarista,136
abilitare,182
cecena,182
scultore,280
predicare,336
sostentamento,558
bini,41
canaria,33
importo,154
revanscismo,600
condurrà,25
intelletto,257
martino,654
ingenuità,435
rapare,51
incredulità,281
ivare,503
opponere,301
bisentino,124
berrò,37
ibera,11
levante,43
trave,110
caratura,107
idrico,80
post,5
adulre,114
ausilio,27
rasentare,191
compartecipazione,90
priore,27
rivalutare,110
esposito,578
usufruire,98
psichiatrico,185
contaminare,304
curiosare,395
feconda,70
spregiudicato,385
opportuno,182
economico,231
sfasciare,280
omogenee,331
rodi,60
interroghare,112
romagest,302
saharo,61
approvale,154
aggirare,36
south,258
priebo,53
pacificatore,47
stagiono,33
secret,9
modalità,204
intimamente,294
storto,177
erra,314
anelano,130
uruguaiano,375
venezuelano,115
saffa,335
prodigio,268
invalida,68
cino,267
avanzamento,385
preteso,409
genovese,90
alcanna,230
pesantezza,233
illumino,74
pendolo,54
guadagnare,145
settantanni,193
capacitare,424
legalo,24
sbandamento,191
ligi,66
sentilo,305
ippolito,118
addestramento,108
falcinellare,84
bluo,48
erode,46
sommergere,370
sorprendere,278
ammazza,218
faggio,358
inadeguatezza,231
twill,844
insaputa,38
inalazione,84
fibra,79
zoccolo,116
eli,84
rielaborazione,515
tortuoso,108
pregio,73
amba,13
luccare,310
assurdità,327
tesimo,41
iseo,4
medioevo,332
ammodo,135
forto,23
residenza,72
camaleonte,190
repubblicare,56
andrew,700
socie,11
invadenza,302
nego,20
mariella,712
imbuto,31
delegittimare,478
alpheus,194
trapianti,250
accidentalmente,325
cameriera,223
savio,74
sterlina,65
autorità,20
arcum,202
juventina,458
chio,355
accorre,162
agenore,9
bergolo,72
english,154
stringente,85
taccio,239
bacchiare,94
mozza,287
incriminare,276
epistolario,197
macerare,74
vegetativo,290
anticomunista,467
vignetta,95
trappole,131
sano,12
resuscitare,168
viaggiatore,60
aspettere,714
landere,128
avvistare,153
sezione,15
atlantica,23
negrone,726
yemen,150
ambientalisto,67
dulio,7
vignete,23
commessi,30
strida,138
quart,52
spere,94
indecoroso,195
dispotismo,655
tmtm,7
cominciarono,142
continuere,250
saddam,114
emancipare,106
cattura,87
separatisto,269
conformemente,200
pome,76
wcalcestr,393
biffi,10
barcone,19
azion,327
mareo,96
gilberto,276
scoppiato,128
frotta,302
peo,38
aera,210
disgrazia,220
prosaico,345
atta,201
gracile,24
sterzare,135
piovoso,98
jefferson,789
beai,7
italcem,400
sessuale,144
puntello,181
pinacoteca,150
fan,20
soldino,24
fluido,64
anticipiamo,108
arro,407
eui,0
caratteristica,414
liquidazione,161
centrosinistra,189
giallio,188
faceto,136
silema,25
sgambetto,353
angre,42
patioo,6
sparito,59
tigre,27
collocazione,211
messia,59
sigaretta,158
unire,41
contratta,160
checco,104
cambiar,21
rand,71
stero,23
senecione,465
malaugurato,112
grauno,128
sessa,46
alvina,234
immagino,778
prendere,120
longonese,216
fallimento,56
mietere,188
godei,109
pamelare,363
indiziare,159
stupro,137
loglio,110
scarpello,443
ricordiamoe,259
supplire,115
operoso,17
siccome,374
nuvoletta,73
rischiare,188
avviluppare,472
behi,13
pampino,185
ruth,670
malfatto,246
vudu,50
rendimento,110
atte,12
alimento,167
pule,7
repubblicano,154
dicendoso,205
stocco,20
attivissimo,99
tordinonare,374
medesimo,188
insire,690
cercar,62
ponare,270
carnera,59
nathan,19
confcooperativo,75
privatamente,204
prestato,191
variabilità,189
fascinazione,1331
investo,65
indiscutibile,682
manfred,30
nega,5
catalizzatore,155
strisciare,291
amnesty,7
dimette,71
consorte,97
basketre,361
gestibile,144
concubina,108
organizzato,104
affascinante,573
notae,45
agos,263
agitazione,83
estendare,126
trattativa,76
infrastruttura,269
spagnare,151
successore,89
lenora,13
pensione,130
armare,20
anchorman,189
corrotto,157
sottoscrivare,52
abortista,62
affitto,41
spiraglio,32
israelito,140
svenire,539
bagnale,107
enfase,96
radioamatore,80
natta,99
disincanto,343
incomparabile,388
iniziativo,62
milena,68
sospensione,58
gatto,221
tatgere,203
aspa,35
pirgus,305
teme,15
gramsco,58
spruzzo,523
canoso,294
budelle,80
carnoso,306
prestito,163
biennio,27
adipe,6
trascinare,606
negozio,111
brevemente,49
scarico,294
assia,8
seducente,618
commerciare,116
sproposito,544
occupazionale,275
caposquadra,126
pedale,65
ostetrico,129
abano,324
monetarista,59
sollecitano,155
lxc,8
rimprovero,276
chiete,235
appellativo,70
imbarcare,149
amara,67
notturna,40
invece,828
link,24
chino,706
rivenditore,80
par,241
strino,78
cineclub,63
incarno,62
graffio,76
acchito,12
prematura,102
scalzare,303
peto,34
ostinare,424
reminiscenza,462
aglio,585
liam,261
abbronzare,514
avanzo,7
finzione,325
padana,27
rubli,33
alluvionato,69
profondo,50
verbalizzare,303
mi',133
miliano,194
trasferitoso,64
mazzata,71
etnare,148
donatello,403
genero,196
bicentenario,223
collido,49
onnivoro,392
fosco,10
infinità,344
orologi,8
sfila,68
slalom,118
replico,42
elica,98
demonizzare,564
plurimo,24
gradatamente,252
sfuggere,269
ammutinamento,257
capria,45
dirompente,263
ruolo,19
servitore,52
fluviale,132
urgentissimo,86
chirurgico,163
menzionare,367
flessibilità,385
chiuderare,111
bim,148
congedere,95
rivoltoso,232
avamposto,271
agivare,103
benefica,71
legar,100
sinergia,56
canduccio,726
surrealismo,737
tant,89
processo,27
riuniscare,152
chimera,49
alettone,80
spietato,97
esprima,167
mutevolo,629
urare,167
piazzale,113
perl,30
ponte,52
artista,177
interventista,59
kayak,330
rapace,121
crossi,171
cancrena,292
immersione,82
presentere,240
leone,25
contattare,79
colere,56
notevole,96
antisocialismo,673
disertore,125
password,278
aeroporto,164
eufrate,171
coprire,53
tinto,74
normanni,58
evolutivo,267
precotto,42
iginare,228
decidessero,218
stillicidio,163
ifil,380
cesenare,446
buber,30
pazzia,162
cassone,42
silenziosamente,589
interrogazione,92
perseguitare,301
simona,368
immateriale,202
ironicamente,509
postal,5
deviare,23
spunta,73
sentinella,129
cileno,118
bastiano,134
allineamento,239
cagnolino,567
persecuzione,269
ueo,62
affezionare,163
thomas,439
fenomeno,104
garage,392
gena,12
affidere,81
arme,13
favoloso,147
trafugare,114
atalanto,446
pastore,145
cancellare,201
agente,92
alberato,324
pompa,54
matilde,130
antidoto,264
dito,45
torcere,125
superbia,209
mercurio,111
vine,18
hippy,89
regresso,72
statuto,111
voivodina,176
portale,313
tassazione,198
infranto,78
equatore,95
tradizionale,160
cruente,100
adamare,222
muoiare,208
vetrina,99
dialisi,67
calunniare,235
manifestazionere,102
taino,26
sanguinante,175
fanfare,53
consultare,175
arrossire,481
perito,69
fedelissimo,139
debian,139
rozzo,19
sottoscrittore,38
cornea,126
intendimento,380
futile,118
femminismo,360
dolilo,182
aggiusre,70
eta,132
carbonia,64
sperso,18
insapere,264
umbra,63
risulterebbero,188
prolungato,77
emittenza,63
ridente,230
emissario,15
recriminare,403
ruspale,184
kuwaitiana,144
disservizio,132
ventaglio,29
ergastolo,146
contrattaccare,143
guardiare,46
contribuii,244
narrativo,569
senecare,426
catechismo,157
conclusa,57
paraffina,197
abbagliante,647
geraco,139
pennello,525
lello,473
magistrale,79
soffitta,293
vanare,104
pescato,180
lecire,46
sessino,8
apaca,71
passerello,287
castello,178
afone,21
mite,47
chiederemo,293
mirabile,458
vincitrice,137
elabora,106
vincolato,133
furibiro,82
guamano,18
razionalista,586
rabicano,180
telefonale,51
conguaglio,223
grifone,27
girasole,160
diffusione,135
newton,31
confermire,88
limale,115
reversibile,104
comunico,31
alvaro,319
traguardo,126
raziocinio,195
descrizione,276
costeggiare,482
arana,141
ursulo,94
deriveere,321
topo,195
spartano,41
inutilizzare,376
delibera,149
passivo,32
magnani,437
patologia,453
metallica,157
baratro,86
commercializzare,260
hertz,84
riassetto,179
inesistenza,509
pogere,31
isbn,18
inquisitore,118
avelengo,227
trasportato,88
compromissione,763
formico,74
occhietto,174
scodellato,328
circostanza,281
graffito,258
pancreas,400
baco,316
recente,59
debbo,181
ripristinare,147
telegrafo,36
alluce,44
fascista,149
annichilire,73
boris,107
visano,126
costante,192
nobile,43
giovanotto,488
torrenziale,106
battisto,158
ere,283
siegmund,32
etrusco,66
rivolgevare,175
cucciare,362
netta,13
buia,112
cooper,58
espandere,135
bue,15
batterista,374
fondanto,257
cataclisma,103
sportwagon,52
beccato,368
video,179
regale,126
cobra,92
olszewski,111
rete,37
testaccio,283
bozza,147
scappare,725
montalcino,23
ricreativo,109
martellago,71
cambierare,218
gennai,42
lottizzazione,145
ristrutturare,115
contrastano,397
giornalaio,93
allegre,212
poture,9
simpatizzare,244
soffermare,270
calidaro,136
daiare,232
mussi,147
tellurico,81
bretagnare,47
covi,17
crochet,193
insegnare,171
criticato,277
poggiano,33
milan,429
denominato,29
batteremo,218
oue,420
amelia,428
ovada,39
ghione,315
direzione,8
scherno,18
viaggare,86
partire,100
display,149
alpinista,67
celebrità,276
sottolineatura,568
separazione,134
trasmissione,135
bianca,72
relativo,229
moviola,69
illuminato,144
cast,153
incesto,238
ammantare,437
airone,82
esterno,46
divegliere,690
edemo,18
brina,265
conservatorismo,506
denatura,118
mafioso,190
gusco,137
sire,291
griffo,120
berò,23
xenofobe,73
sennòe,342
ideologizzare,1195
tagliente,213
rigoglioso,640
composito,138
spino,96
fellini,80
florida,98
rovescio,16
scafo,90
itala,21
sfuma,35
antica,20
bocca,107
cuscinetto,82
verbo,110
bisante,161
dieta,118
antidroga,31
azzanello,476
sindacato,217
pretendono,137
vacare,27
parve,62
corner,254
tbc,52
inseriscere,149
george,431
caricaturale,580
bco,307
offerta,50
abortare,61
vlas,248
ambizione,186
pento,46
irregolare,62
melissa,357
adorabile,509
promozionale,83
guarire,215
palestra,157
sincronizzare,99
utensile,196
piacentino,626
sinistro,111
esemplare,21
fiorella,368
gramo,23
gradevole,389
rilettura,391
riformo,201
influente,69
salasso,102
mezzodì,151
doli,13
servitare,64
lenna,362
sveglia,84
rasa,6
convention,14
passale,135
miro,9
impegno,101
spiacevole,94
prima,256
copertura,123
guido,55
varcare,57
scritta,174
conduzione,18
barba,122
filo,11
dotare,104
concorso,28
avanguardia,240
camp,52
disinvoltura,349
tortorella,277
sgomengere,358
olivere,398
chare,66
nasale,235
svoltare,87
espnmere,148
salentino,708
lascerà,20
attivista,145
bombola,316
pende,19
lisbonare,72
invialo,50
raccomandabile,159
ilde,94
legnetto,867
steward,384
umanità,198
dir,7
glosso,20
videomusic,193
nottata,55
psicolabile,68
lencio,302
elettra,47
ansioso,267
illudere,350
record,69
ossa,253
centroamericano,121
segna,29
catturare,231
acri,100
diluì,117
concertistico,152
rinvia,76
lottizzare,64
mendel,176
hoèo,154
cusio,15
linone,529
sedicente,103
incorrere,109
bigio,513
gassificazione,208
sidis,297
anticamente,92
ritiro,36
cineasta,174
presidenziale,99
irino,59
cicala,76
sorridenta,481
fargli,85
avanzale,23
romania,124
interno,14
guaio,35
covare,158
rottoce,113
ceder,68
etnia,115
dispettoso,250
kuwait,90
cambridge,284
pedana,197
dato,115
pegno,24
semplice,301
lussemburgo,58
rotabile,264
credete,94
garro,417
catilina,213
riscaldamento,212
dovevo,171
gianmario,95
premano,20
celleno,158
ginecologo,137
lasco,23
terrorizzato,455
apprendere,216
continuato,85
emblemo,8
ittico,119
tempia,163
cemomyrdin,115
inasta,25
circuì,84
patte,16
struttura,207
percorso,81
virtuosismo,542
sciopera,117
producare,358
xiii,47
meglio,412
avvertimento,103
avvincere,871
bencivenno,769
cervi,118
contatore,168
ingrid,466
maledizione,478
pathos,253
picchiatore,498
appai,89
farmaceutico,73
intima,21
freud,147
unipol,194
congressuale,73
galline,425
campanella,131
portineria,123
led,42
ancestrale,354
congedo,15
tonino,356
stressare,134
clinton,73
docenza,88
ossidrico,492
estese,111
allontanato,132
esplode,87
diverto,199
testardamente,160
riskf,326
nepa,39
allorio,46
amena,111
colei,75
costola,57
decidemmo,105
giudicante,127
benvenuto,80
nottetempo,75
ingombro,63
inesauribile,117
proba,58
tura,179
orlando,115
guardone,131
nitrato,156
crebberare,192
roboante,445
bacchettare,119
ambasciato,68
rappresentere,375
sospensiva,81
reverendo,177
puzzo,110
consorteria,79
autorevolissimo,161
risoluzione,76
fondamento,299
confessare,328
cingetto,665
stretta,34
caboto,9
biancorosso,550
proselite,19
serenissima,80
bellagio,52
precondizione,736
oddio,92
svizzero,68
antisemire,127
metodo,98
pisare,248
ciii,122
importanza,124
azzeccato,380
prime,190
perdizione,42
quarte,406
tracollo,130
musical,422
comunicativo,284
diapositivo,351
corone,42
sbalordire,577
giuseppe,205
morione,874
siluramento,149
capodanno,72
giovedìre,77
alludo,28
dissestare,211
padovare,341
marmitto,177
silla,20
ordii,22
lichene,54
rendo,12
lenere,177
chiazza,376
svelta,129
harem,290
cale,114
barbatella,524
bollare,35
nario,24
trasmettare,64
levy,52
magellare,105
intenzionato,270
diurno,29
rincorsa,77
fbi,53
scatenante,363
strampalato,790
truffatoro,157
lacero,85
castragli,562
fioritura,332
pasqualina,818
soldo,116
rosato,396
infuocato,114
spallata,33
listare,60
eccetto,22
nasa,46
mango,227
gioiare,259
contraccolpo,339
disinteressare,897
inventario,328
insalato,231
determinalo,479
immondizia,238
individuabile,737
minimalismo,645
fionda,94
manlio,88
idolo,294
viluppo,68
emily,216
precisione,100
allocare,78
festino,51
adiacente,405
resto,581
entertainment,386
metadone,190
andavamo,200
slave,105
produzione,267
brianza,57
constatazione,548
cedure,24
ucna,9
nonio,11
tacile,110
qualunquistico,1207
specifica,292
sfuggio,51
opulenza,123
credento,222
capriccioso,784
espansivo,166
spina,58
ripiegamento,218
correttivo,516
boxer,129
mini,18
vire,43
rinnovare,32
causalo,67
tacca,272
guardòre,176
philips,132
infortunare,459
leila,93
pasdere,313
esplicite,211
commissare,67
autiere,277
preannunciare,141
scivolare,336
settimi,146
salace,3
agonistici,144
nevicare,164
pecciolo,220
fallito,37
migliorato,79
patrono,133
stringere,73
piedere,403
ascoltare,135
abissale,64
fruibile,208
istoriante,303
legalità,137
psicofarmace,325
cammino,45
rosei,54
beghina,25
occhei,29
referendum,71
bonino,144
card,14
appostare,447
attacca,153
difficilissimare,336
indefinibile,591
deformato,408
suolo,45
comerio,82
allenare,284
truffo,90
palmiere,366
bazzone,46
scelto,19
picchiata,101
aspettavamo,331
tesorerio,103
ragionamente,205
tendone,114
ingranaggio,192
microbiologico,540
diverso,195
assistenziale,447
scrabble,65
precisa,94
nordico,94
spreco,128
pianista,320
esso,904
rammentare,266
mago,4
segmentazione,625
esattore,61
lamentare,335
elusa,5
lascere,58
sfido,53
autonoma,41
pampa,26
utilità,140
veterinare,49
revocare,168
utah,94
sordido,380
flato,35
beach,71
monopolio,64
cruscotto,217
probabile,140
fienile,250
anselma,22
promuovere,151
chiacchierato,249
ditto,4
torero,286
colonico,214
presenteremo,218
congiura,74
ricavo,323
atos,51
fontane,8
asterre,46
vigorosamente,161
mosto,55
chamber,168
storicismo,740
direzionale,125
marina,55
morrison,558
ingerire,287
esibizionismo,468
socialdemocratico,126
velatamente,360
facoltoso,17
esplicativo,279
isotope,448
cgii,123
incoraggiamento,337
eccesso,133
lampadina,230
sceicco,127
paghere,61
angoscioso,331
attualizzare,429
beppa,181
adendola,229
termale,37
induno,43
ergi,18
dimenticatoio,335
cernio,139
offeso,237
ricattatorio,73
severina,52
rinsaldare,93
sottoponere,52
arie,47
regnante,12
manicomo,63
apertasi,32
probabilità,41
traballante,93
palazzaccio,132
benzinaio,226
acetico,239
adelo,45
promettere,139
onnipresente,140
eietto,54
canto,74
santuzza,463
scacchiera,7
ottaviare,289
vasto,36
trafiletto,82
intridere,818
combutta,67
aridità,363
ruberio,99
incardinare,227
amene,170
vissere,265
masaccio,175
trasformato,156
sauna,40
anacronismo,393
furbizia,167
biti,44
stefanio,167
ecumenico,93
manale,39
gerusalemme,64
apuano,199
elevare,262
fumetto,219
aventino,200
becca,145
esponere,102
iena,12
bellezza,218
ascolana,131
canile,28
carrara,84
lastricare,205
polinago,498
stizza,315
salvabile,23
ralf,9
deputalo,147
innevare,617
attenzione,53
mafia,185
vet,336
panettiere,194
biore,522
matrimonio,54
pozza,195
migro,14
dibattuto,59
aroma,146
ovalino,462
enza,425
geyser,46
domandare,426
indelebile,90
cusano,50
ripalta,68
empio,66
cerebrale,347
traumatizzare,175
redatto,46
catapultare,268
soddisfacimento,363
gradimento,23
beringre,264
autotreno,194
prodiero,36
bordello,61
pediatrico,232
scopri,37
popcremona,309
tolto,71
sottile,386
flirt,48
antro,8
partitella,538
ris,368
economio,28
camerata,60
riscontro,252
clientelario,307
elezione,109
tina,27
operino,21
rifornire,118
dichiara,105
finentesi,42
profetare,49
taormino,12
lecce,263
affrontale,90
compagnia,20
smaltimento,200
riformatrico,441
nardino,126
occasione,24
pellicolo,166
concentrare,207
vissute,123
volata,324
adempiere,103
inode,52
hitleriano,235
inferocire,712
consapevolezza,684
efficacemente,333
ostentazione,707
trasparente,79
superga,151
pantaloncino,569
sofia,5
canalizzare,278
chiaro,41
nascondare,209
beltramo,655
invitato,100
orecchino,252
atterrane,103
manette,156
binocolo,80
sgranare,792
funzionare,101
tuniso,93
intermodale,213
ercolano,226
conclusivo,55
concorrenza,50
goldone,44
bernardare,291
cannere,179
fornello,279
quine,387
scherzi,154
cinquant,169
mattino,56
affrontato,143
taluno,392
riadattare,265
falla,16
stigia,6
amen,26
starno,55
alternano,43
attestato,66
prefazione,176
aspettativa,117
damaso,90
autoritratto,695
caglio,25
controfirma,216
transennare,530
titolarità,118
barbados,166
thailandia,134
foraneo,27
romolo,91
limala,20
caligola,218
ribadare,485
predeterminare,552
addirittura,151
riconciliazione,96
impegna,18
ritrovo,110
koma,137
liberatrice,45
albergo,127
ospite,54
romagnola,28
intercorrere,69
clorofluorocarburo,287
completo,31
deficienza,284
coronare,47
cardiff,89
accettabile,519
ardilo,280
abbaglio,130
barra,19
ripido,201
reso,6
klm,43
ganghere,97
tenare,119
appaltatore,84
clericale,281
scocca,29
rustico,206
cattedratico,102
deteriore,355
unificazione,182
isare,277
mirino,9
pavido,82
chalet,96
btp,15
rifacere,65
pesarese,350
polole,60
predio,24
canneto,366
idealismo,812
convocala,121
sella,127
partecipavare,63
gualtiero,41
bavarese,30
bayer,393
ostiense,131
garda,15
settecento,145
cosmonauta,50
bancale,15
bagattino,339
approvvigionamente,191
siderurgia,127
meritorio,69
indossare,229
con',131
roccaforte,58
banca,95
tonnellato,132
ufficiare,86
posto,11
riccardare,723
ope,58
protagonista,141
lepontine,65
auspice,20
debordante,171
tinta,134
tonico,153
mazzetto,135
altamura,22
assenteista,55
internazionale,22
ucraina,174
nosocomio,154
reattore,153
niente,242
vessazione,277
stizzire,294
gustavo,53
boro,81
mamma,80
onorario,24
sparpagliato,443
tracciato,147
dedurre,244
buontempone,684
astrai,37
calcolato,170
geloso,51
veemente,226
abriolo,9
gabbietto,28
assago,54
cabrare,90
impeccabile,219
firmamento,30
pazientemente,365
appassionante,270
bolerino,197
simbolismo,884
tragitto,117
asseto,28
gancio,295
infrequente,178
allagamento,308
king,529
comparire,105
sopravvenire,259
sprovvista,100
blare,225
khasbulatov,156
ino,224
discriminare,268
meronernc,330
israeliana,110
applicazione,287
irritare,350
sposa,149
scetticismo,246
cremona,284
trailare,323
piacare,400
jackson,302
flaere,268
bruxelles,53
vela,53
timer,9
insonno,119
salvagli,178
vien,15
capire,698
sudamericare,100
peio,56
ecologia,60
apiro,63
zarista,266
nipote,294
degento,85
gamberetto,238
bicolore,182
mareggiai,534
atteggiamento,308
alfare,294
fosta,378
contabilità,198
mazzino,18
traile,104
autonomere,98
lardare,247
tricolore,236
limare,147
infore,14
positire,57
nicchia,92
chilooetro,48
battuto,97
montatore,136
principio,282
bahamas,75
biblioteca,53
bombone,97
intendevo,325
giacimento,151
circo,63
camerato,76
balzanto,103
pettorale,13
arare,140
sovversivo,109
grato,105
soave,61
tresco,131
materio,42
python,116
puligere,111
acrisia,32
materializzare,455
pre,26
licinia,124
divertare,470
incirca,111
imperatore,169
spazzaturo,79
folk,155
comio,9
terracino,24
gabbiano,284
urbino,29
direbbero,143
risanare,80
scelsero,96
parroce,104
sfumatura,474
bulldozer,261
solare,137
assitalia,354
ontoso,446
miss,9
trasformandoso,243
deriverebbero,447
augurabile,180
ibm,78
figurare,83
inana,125
protezionismo,169
consolatorio,74
tormente,123
microsoft,136
filare,88
prescindere,1373
peniena,224
missile,132
petruzzella,15
soffiata,90
dubbia,85
sottoterra,490
eravare,404
filiare,20
corsare,58
comunque,705
bambinello,530
viglio,30
caorso,6
spinto,258
ramificato,125
scivoloso,127
edenico,423
transitare,187
mano,27
sultano,117
giungere,101
generate,14
civita,35
macaluso,37
erotico,361
arcella,601
imprudente,245
illendere,103
eremoe,26
nerazzurro,492
vissure,126
natural,23
bistro,21
patio,19
giudicandola,123
annotare,91
esame,31
attivalare,80
coccolone,145
euterpo,205
repertorio,364
etile,40
bra,32
esaminano,59
sottosviluppo,231
togare,11
soffrivo,255
proficui,33
quadrato,97
ciance,203
mobilito,26
ingrassare,248
episodico,230
briaglia,505
dismissione,224
graffa,69
bottaio,296
accorse,121
ulisso,27
eritrei,143
desidero,109
adito,125
emmo,47
oca,20
eurocentrico,402
qualificano,59
calcolabile,145
burrascoso,69
boccetta,203
rondine,40
molo,8
assodare,159
algeria,175
mestre,11
andamento,128
dow,62
buenoso,41
cooperare,37
stimabile,42
manifestaziorre,97
batteriologico,284
trito,19
stellato,63
trionfio,230
girardo,273
amnesia,6
fecondazione,254
rossetto,331
autonomo,45
densare,231
ionicare,168
veliero,123
diossino,126
naufragato,73
tossico,255
ausiliare,69
aforismo,508
quinto,65
tartassare,114
giordane,33
polena,14
deludere,298
tmtmtm,9
colaio,49
poderoso,24
bellicista,335
piaccia,201
anagrafe,24
bagatella,276
augurale,64
raggiungibile,52
raco,28
bacheca,36
annoiare,198
lamia,85
preavviso,50
riaffermazione,485
connaturare,749
doha,7
birillo,154
itinerante,84
mobilita,96
risto,5
pappagallo,220
allibire,297
sorreggere,169
carmine,134
spalto,221
battitore,14
reinvesta,37
datazione,486
esibari,191
isolalo,63
salitano,19
gregoria,100
alassio,152
decesso,131
approssimare,229
diavoleria,142
gutta,4
kevin,695
imprettere,413
sanremese,53
spavaldo,737
panoramica,153
prada,106
fiore,96
contrattempo,119
accuso,131
ciadiano,217
musulmano,203
quadro,40
nutrita,18
abbiente,89
delto,18
alno,32
ginzburg,71
intenzionale,492
fotogramma,141
incartamento,186
gravitazionale,360
arcipelago,49
brigare,34
aieto,17
referenza,86
ovvero,15
infimo,163
daria,34
scelgere,153
domicilia,53
girovagare,764
brown,656
praghese,67
rinascila,31
confluari,38
nile,45
forze,17
recuperare,69
fischietto,397
blasonato,130
legittimare,855
ureo,5
confezione,214
romaflumlc,157
fiaccolato,93
pentagramma,283
grinfia,139
fausta,232
chiude,34
callisto,49
citroen,61
malioso,189
convegno,45
presero,210
consapevolmente,606
tratgere,91
presunzione,302
pressi,399
fast,19
seneco,163
terranova,282
rufo,104
timpano,92
beatoli,351
precede,37
ricare,69
influire,213
calesse,63
zootecnia,150
unicum,61
bizantino,188
silius,126
giocattolo,242
egidio,145
indovinello,527
decodificare,200
cassaco,53
deducibilità,313
folla,211
compii,116
mondiale,62
wafer,328
lascino,56
rampe,34
biglia,39
elogiare,67
dolcemente,284
bacillo,170
parterre,77
appartenenza,206
improvvisi,168
salatognazzo,180
jenkins,1060
stimolante,250
rivista,141
caracas,57
mmmmmmm,7
ben,6
categorio,18
depresso,45
analogo,66
rastrello,5
lenii,186
referee,54
canolo,167
mette,23
avvengere,216
scongiuro,81
ripropostare,162
gong,34
batte,64
fattibilità,256
alcano,21
sparatola,272
sentere,318
conficcare,774
seda,2
supermarket,73
rimaarr,33
essendoso,278
giuliano,116
sussistenza,386
cinefilo,437
consuete,118
disgelano,135
governare,155
astro,57
ospedalierio,143
nutrare,219
croviano,96
ronald,73
virgin,106
risentito,166
mescio,74
alfabeto,51
serbare,19
ospedaliere,180
misurazione,669
nagracapital,311
sordina,131
damiano,130
salvatore,419
innesta,33
pulce,15
antecedente,72
gigi,73
improvvisato,102
espropri,89
basato,72
esplodeo,102
mattare,178
paginare,54
eque,17
anch',296
teodora,16
finita,27
montefare,387
cotogno,43
neonare,133
capiente,451
spettare,126
ricambio,59
plateale,345
macino,111
eduardo,84
diatriba,18
lazio,50
piscina,65
seles,72
giustificato,525
superman,367
miope,71
arcavola,40
anticiclonico,186
alluso,46
esternazione,151
costituere,213
tipicamente,462
verificato,355
sparire,359
terremotare,40
maghetto,106
trovale,145
linfocite,331
imparo,36
cenci,123
prorogato,158
scongiurare,177
cozza,32
gabriele,248
appannamento,502
attuala,187
funzionante,168
svuotamento,261
assumei,64
seguo,13
petrolifere,69
mirere,81
intessere,69
obbediscere,68
locate,17
usurpazione,407
rimasta,59
glie,48
sanpaoloh,232
opuscole,59
ricevimente,54
revival,87
dissolvimento,266
coltare,135
trequarto,509
polder,59
schietto,226
intanare,149
prognosi,100
sinteticamente,350
esplosivo,74
videogioco,132
accentuato,285
portogallo,139
ficus,2
papere,290
michelina,185
rumeno,146
lamentavare,307
lineo,3
norman,430
antenna,57
atollo,44
preannuncio,89
barbare,251
bembo,22
maestro,180
hansen,405
affinché,97
interazionale,25
dovuto,76
fondiario,318
crova,6
natalizio,39
montare,223
finarte,391
avvelenare,95
trafila,18
forare,397
prevalente,185
segretano,98
disgelo,13
militalo,43
investigare,217
miseramente,79
sorvegliato,21
muggia,232
epocare,41
riva,22
allegrio,453
michel,81
peria,9
illusione,93
tufo,242
tregua,39
matematico,254
luogo,10
diligente,59
baccello,576
stravolgere,175
drasticamente,230
cinema,133
penzolo,579
ideologia,744
nunzia,225
anatra,39
seguente,27
palio,46
depere,8
colorado,232
azionale,32
iris,42
ducale,141
agr,352
oslo,21
malesia,98
dovessimo,295
fascicolo,74
spiegel,95
elettorale,80
thatcheriano,52
nozione,548
rivivere,320
balneazione,128
farcia,93
fogno,45
estare,111
filoso,59
detectivo,184
concei,23
allarghare,72
siracuso,179
implicitamente,414
jeep,20
aspe,137
discordare,427
irrespirabile,278
scaldare,158
accesso,43
talebano,329
circolare,40
timo,16
raccordo,85
tot,62
soggettività,885
olfatto,267
poker,98
oasi,51
paradosso,322
conciso,127
avvitamento,562
annapaolare,251
cattivo,60
cugina,189
tacer,82
autoritarismo,905
annuncia,74
nomadio,117
glene,670
cipollato,42
elia,60
lauco,49
majakovskij,107
istigazione,85
forzatura,399
curio,145
woman,800
scommere,14
ottomare,104
addizionale,221
mach,13
cosmopolire,389
collinetta,767
concittadino,116
consegno,75
inflazionere,135
evasore,48
tese,13
cocaino,76
avversa,209
poveretto,464
dogmatico,645
sottovalutazione,720
camus,7
curare,27
esausto,22
orazi,16
irpina,18
ignazio,114
fortuire,143
moderatamente,66
ramno,115
legale,42
snodare,114
cortesemente,180
impegnativo,111
puntiglioso,112
meccanica,60
aristotelico,585
picchio,241
organista,141
chiamato,30
deliberazione,248
sacre,107
bancario,107
tornato,44
coperte,132
emolumento,285
atlantide,29
naufrago,117
canzone,276
scollamento,477
diffido,31
verona,315
prevalere,484
superpotenza,68
trillo,82
divellere,358
consente,149
nolare,373
tamtam,13
prospetto,103
pianeggianto,313
tea,76
besano,33
dupont,115
conteggio,109
clamore,113
prorogare,160
brandare,62
civitavecchia,193
biomassa,343
geograficamente,225
pannoline,326
pretendire,161
congregazione,153
benese,15
nocumento,357
farmacologico,437
pizzetto,687
rischiarare,274
sgozzare,388
merano,226
lacerante,256
ferfin,429
acquaro,118
soccorritore,205
pesta,97
rassicurazione,122
ferace,75
giardinetto,562
rosetto,301
enciclopedia,56
marcatura,486
farsene,184
mete,15
parossismo,598
represso,101
votere,79
millecinquecento,136
botanico,56
vedrete,180
acquazzone,300
considerevolmente,415
vendemmia,57
osco,17
ottavia,206
nonna,29
abriolare,8
estinto,19
scomparse,112
pizzico,180
fiato,7
coupon,26
uscito,31
vana,61
setters,234
intercore,28
ileano,40
workshop,42
assegnatare,124
esempio,262
maltolto,84
montreal,21
gamsakhurdia,190
informatizzato,215
sperabile,314
roccare,638
attentatore,311
vorresti,83
disobbedienza,154
simonetto,294
globalità,275
industriare,157
catenina,467
test,69
colore,338
stanzetta,246
maissana,196
stelvio,65
disastrato,117
leibniz,118
bale,168
profitto,165
spiegabile,548
memoriale,80
lamentale,164
frasco,42
angario,763
pedante,264
affondo,48
katia,44
calvino,233
luigi,118
rimozione,10
anfibi,41
insulto,228
guanto,232
park,90
stufo,202
allucinazione,666
quiescenza,123
miracolo,40
veneta,19
proprietà,71
iugoslavo,120
ccl,110
sampdorio,471
lesionare,88
sindia,47
modificare,238
impaurito,326
attene,87
ger,250
baratta,12
perdone,181
abilitazione,124
consumando,22
smaltire,37
cooperativo,50
diciassettesimo,194
allerto,45
consueto,111
torgere,484
betlemma,152
collega,24
ciare,329
brezza,91
ragion,149
compassione,975
fonema,416
videogame,93
approvare,206
mandare,75
larghissimo,32
cioccolato,367
spenda,52
bagnante,209
toronto,166
rupert,378
formatore,242
viesta,77
derivo,149
lusco,50
autorizzare,188
fidi,77
cleliare,108
mozzarella,571
brema,82
domenicano,106
varco,30
trasimeno,164
arnese,55
bruciante,58
passerare,114
introduca,45
piagnone,83
sigario,158
innocenza,44
debolezza,161
tacente,41
esigere,213
bcaere,336
esentino,73
applicabile,216
rimarrebbe,196
nigeriare,157
acciaieria,153
atteso,92
dafne,10
intendere,524
serrata,36
abazia,219
crudezza,709
charleston,815
iblare,125
darto,87
elione,101
toledere,51
appare,159
dole,21
togliattare,47
assistare,36
brandina,77
isterico,394
dedire,54
arancini,448
carrozzeria,178
coesistenza,714
inevasa,9
sfilare,114
ternare,88
calano,84
lassismo,384
rivendicazione,108
contromisura,149
smercio,82
sessualmente,208
antesignano,77
direttamente,84
antenore,167
sconcare,173
castellare,366
radiodiffusione,62
dollaro,73
antisemitare,157
dalmato,230
rimpatriare,108
ciotola,1132
imbiancare,769
facilitazione,292
argento,123
indenno,25
avalla,33
orba,43
avvenivare,70
radunare,234
rinnovazione,438
ruvido,292
inesperto,256
tel,29
scaduto,35
atanasio,21
soggettivo,853
tinte,165
galeotto,108
conduttore,148
slam,135
pulsar,89
oppure,27
sobrio,59
solarolo,456
firmato,30
regolo,18
cucirino,375
crescare,19
perennemente,211
calcole,54
faema,373
avvolere,475
inesatta,91
impegnale,41
dedicare,114
diametro,97
uniformare,324
aggressivo,244
vorrebbero,225
multizonale,121
pollio,29
ratifica,123
farfalla,105
seicentomila,111
automa,23
diname,65
marchigiano,539
giubilo,82
dolcezza,595
svolta,94
schioppo,147
mujaheddin,296
deteriorare,286
ipermercare,73
barricare,317
personaggio,325
applicativo,270
elegger,207
ricreare,156
uffa,0
meduno,537
resse,6
dedicalare,181
velenoso,120
coriandolo,66
training,32
ime,340
prospettivo,157
presente,46
lavorino,29
indicavare,128
eneo,17
attiguo,288
dedica,73
catrame,150
nolente,37
pullman,131
nazareth,32
altro,548
nuovamente,59
birichino,179
centralizzare,183
curriculum,2
barbiturico,319
guardia,63
lezi,18
concerto,327
trampolino,160
luchino,286
commerciale,65
adoperare,135
prese,53
belvì,54
rilevazione,124
espositore,90
rieti,42
attentato,132
petre,97
quiete,90
chievo,278
alcoolico,113
pesco,59
pauli,268
condurre,27
mauritania,217
ferrere,1131
baiso,44
agliè,9
rolando,82
neuro,218
servie,38
revisione,339
indebito,118
mediorientale,88
postmoderno,781
suppone,667
concetto,517
analfabeta,10
suzuki,106
mezzanto,388
richiamira,133
dirottatore,130
cruiser,123
bombardino,46
spartizione,21
promesso,16
fantastica,417
bustarella,149
sbirro,23
pascal,26
telescopo,165
proposizione,1085
archivista,45
scrollare,327
irata,127
martini,54
confine,77
sauris,40
acquistare,107
tomo,91
vicinissimo,27
individualità,880
ateismo,456
pochissimo,212
assumare,106
crisi,120
weimar,34
voltaire,368
giglio,20
ambasciare,87
regata,72
registrazione,118
maggiolino,265
presenzialisto,488
speso,50
accomodare,53
ortles,178
tincone,136
staccato,76
plateo,48
fissare,101
preghiera,137
inverare,478
farcela,204
frare,207
conseguente,263
fabbisogno,199
subalp,299
odissea,40
compatibilità,534
risolve,71
agostino,292
ironica,247
ethos,55
scatta,17
inteso,339
funzionalità,425
escursionista,80
concedere,80
visivo,422
raccolta,26
david,40
loreno,245
contrastante,735
sfilata,113
bilaterale,91
scollo,26
gerolamo,202
grattacielo,85
acclamare,76
stura,29
carco,36
oxford,121
ininterrotta,51
incastonare,682
piastrella,327
suonare,95
crudelmente,287
tettonico,85
interrompere,75
rimettere,71
competitività,215
deve,54
nitido,201
seduto,15
aliscafo,151
approfitto,22
tumore,415
sentiremo,411
malandato,453
questionario,103
subcontinente,173
vicepremier,140
radon,33
tirocinio,51
derelitto,57
sigle,4
proseguare,50
scavalca,138
suonato,183
mirko,4
congeniale,773
berluto,289
conformista,269
freganto,122
ristrutturazione,235
soldone,15
raccoltare,39
beccatello,1126
famigerato,11
accentuazione,469
parapetto,513
rilevira,54
tosta,82
riquadro,9
grama,90
pretura,79
lottare,81
giudicalo,69
ravennare,148
indocina,160
samaro,278
ovviamente,777
playmaker,431
ammontare,340
degrado,139
dissociato,64
polonia,109
prenderare,319
vece,179
liofila,133
padronale,190
dipendenza,151
dindon,519
quoziente,57
uso,36
bica,87
legislazione,139
-'-,19
guardarmo,145
concreto,330
somalo,159
esprimere,132
ecclesiastico,129
intensamente,116
saulo,21
manufatto,197
occidente,168
cos,62
verrès,1
sentirere,373
strevi,342
compimento,71
saccheggio,96
feriale,39
cucinare,234
celebra,124
rerre,113
raccordare,133
colpaccio,602
antitese,353
binetto,101
agnellare,69
ferrovia,127
sacrosantare,144
arno,345
esumare,41
eleonora,618
davis,511
legamento,29
sonos,223
forestale,83
rientrante,23
marno,114
fiancheggiare,210
niellare,265
implacabile,100
arcano,77
pranzi,76
pianterreno,205
severare,31
puntale,51
francia,79
inderogabile,285
suppellettile,646
scarseggiare,252
atalante,434
protese,71
binoma,61
taylor,445
rivincita,198
nodale,33
caccare,189
provocalo,168
flero,64
concezione,946
tosse,42
neofito,103
manicomio,55
covino,11
marene,517
pernicioso,306
europeismo,200
operosità,102
stornare,248
haifa,49
vinsero,55
comitiva,106
albert,366
alimentarista,13
ago,7
radioattivo,259
coincidare,154
cingento,37
erica,300
appresso,70
tifoseria,88
spadare,29
settemila,121
umanizzazione,725
finnre,9
asciare,526
ital,344
breda,16
bloccare,186
dimestichezza,325
giocalo,311
chioma,449
subentro,9
rassegno,52
autocratico,485
vallere,223
affidale,65
settantamila,125
glada,30
autotrazione,155
annientamento,274
gianluco,437
malio,36
vidal,190
mirellere,284
ammaestrato,55
sgusciare,643
tranciare,176
tester,822
ritrosia,150
amicis,19
coltellata,349
frodare,103
eur,202
garantismo,492
sognare,310
supervalutazione,336
parolaccia,325
svezia,119
pintore,176
coppa,316
lucis,207
acetino,34
nazionalista,370
dracula,332
sollecitare,284
zagabria,192
incolpare,242
incertezza,189
bozzolo,375
disgustoso,741
palazzina,272
funivia,240
aoriatic,347
riguarderebbero,204
brini,241
sisifo,3
diffidare,130
esercento,51
declamare,227
cinicamente,443
bilanciò,31
mazziere,17
islamico,197
fomentare,102
importano,81
calenzano,18
volente,205
catanio,214
innocentista,45
binale,23
cesaro,150
omogeneizzazione,818
baronessa,178
liquida,6
portone,268
schubert,173
anticostituzionale,358
panzanella,78
ministra,71
essenzialmente,890
attendista,110
anulare,192
acquedotto,164
stazza,20
abroghare,300
spensierato,579
ovidio,156
agi,14
accolto,51
stravince,54
approfondimento,173
ungherese,121
collondere,216
settant,164
marginandoli,169
consegna,58
scellerato,24
capirere,351
eccedere,298
shock,7
dada,7
dichiarare,203
riqualificare,164
fattore,164
ungare,60
balestra,145
dunque,941
creditizio,243
azzone,12
supremo,81
fuma,10
aggravio,263
alesre,293
quino,43
casomai,90
capiscare,673
estorcere,168
duca,41
sbucano,673
messere,166
campano,197
rally,159
firma,38
domingere,106
accomunare,463
pippo,83
corino,272
lunghezza,23
saliva,243
rum,3
larva,63
intensivo,166
fassino,138
imposo,35
pallado,180
fiat,96
malavita,160
retrocesso,236
afa,23
aiuola,501
celtico,163
costituire,206
uccisione,210
tiranno,111
mauroy,45
lapidare,197
vetusto,107
gabello,391
bisogna,164
regola,88
partecipi,33
bandiero,33
inquadrare,75
drammatizzare,404
setere,314
improponibile,389
intellettualmente,568
governante,133
torello,685
promemoria,42
cinghio,11
dribblare,226
north,131
cardiopatia,242
danzica,45
rossino,298
coll,174
scioccante,518
dimeno,30
pote,29
terapista,91
racchiudere,335
bancone,117
infarcimento,64
bit,31
violentare,380
realismo,639
assiepare,434
aerea,113
canyon,265
malnutrizione,344
pc',265
purificazione,279
figlio,337
masturbazione,57
carcassa,575
utente,50
adolfa,29
conone,256
bluff,13
capile,54
voglio,321
benedetto,101
porticina,254
arrampicare,459
bito,93
iosa,44
gonnellare,56
annona,38
rimanare,119
molloe,130
presuntuoso,613
facendolo,107
siderurgico,160
ripare,47
pamplona,382
importame,25
lamborghino,163
individualistico,1191
complicazione,422
idraulico,53
nicolo,180
sfuggono,207
gire,50
estato,55
screening,213
tenera,117
brazauskas,221
charme,463
garanto,147
goffredore,435
eseguono,89
sonno,40
alveare,146
slavo,116
erario,225
chiese,40
adriano,64
eolico,68
pragmatismo,511
aussinare,162
schiavo,84
cenoso,296
dimenticalo,884
argilla,175
uccellino,147
nido,23
stufa,112
venia,157
consegnere,121
anticomunismo,602
rimpiangere,186
ingordo,29
svoltasi,117
sfar,5
lamio,127
ulivo,28
centralo,24
nassau,9
cabina,38
traboccare,109
manovrare,39
eccellente,45
arreco,86
comunicato,65
agata,96
incontaminare,326
svedese,108
lunga,21
petrella,619
reuchle,37
riposare,55
stupefacente,93
mediana,14
milare,53
definitivamente,51
bobo,62
sfiorato,26
mazowiecki,103
infere,12
fermare,403
rho,129
nostrana,180
fior,11
caste,54
viavai,67
fossile,180
collider,184
pubblicazione,111
esco,28
dimore,146
kyi,16
accantonato,243
kankkunen,204
quest,120
madonna,134
ricomporre,167
sequestrale,140
maltrattamento,196
contrapposizione,771
violante,67
fingitore,316
inopinatamente,309
intendesse,663
flagranza,90
aggio,488
linea,19
anziture,113
varano,182
curiosità,195
cane,53
benevento,402
slovene,121
incendio,125
fao',66
cesare,66
anione,81
operaio,69
columbia,217
autonomistico,524
gallona,11
quotazione,131
bonifacio,21
telenovella,59
irrisorio,101
regnare,46
sila,172
espediente,99
jogging,53
taiwan,40
bellocchio,207
ogm,45
faticoso,80
vierchowod,379
liberio,52
torrido,328
armone,28
promontorio,61
anziché,102
schianto,85
risaltare,527
lusingare,255
nutrizione,209
illegittimo,258
gara,104
ragionier,22
ceduto,15
collettivo,85
maldestro,96
posta,11
ionio,73
dispotico,589
indicalo,57
carenza,150
ordire,141
contestabile,255
rourke,637
clientele,153
posizionare,162
las,115
panata,242
bassista,255
imperiali,95
second,41
associazionere,121
smistare,71
scivolo,87
attribuibile,194
razzolo,87
fuoriuscire,200
visconte,58
metodica,204
doloroso,150
arcotangente,44
calmante,67
calende,31
intransigenza,293
cominciarere,206
amsterdamre,71
sintasso,344
mondale,23
proteso,119
funzione,86
astrattismo,696
inibitore,285
combattivo,54
zattera,228
specializzare,165
esperto,61
terrò,32
malthus,314
punire,124
quarantennio,155
massacranto,157
orsù,36
insolvente,24
fase,29
parodia,523
gais,8
indorare,173
radice,56
minsk,135
azzurra,226
cianciare,133
mistico,769
garibaldi,35
poppare,283
ladro,60
penare,46
organicità,587
passatempo,424
caudino,8
profanazione,117
rimbombo,281
bresciano,296
descritto,482
fiandra,69
proponibile,468
lacerato,123
appla,34
tardiva,44
frosinone,336
ganza,42
gioiosa,59
interessantissimo,368
perimetrale,97
avvitare,485
colorare,583
allocazione,464
estremisto,275
iattura,29
riutilizzare,477
pedulo,44
padello,77
ciabattone,448
varo,155
torturatore,159
serafico,212
conoscibile,236
accanire,266
tozzo,51
pericolante,80
destro,83
azzeramento,239
parlamene,108
proietto,203
balio,5
tiburtina,148
timore,146
inserzionista,92
patologico,549
puzza,32
averso,295
microbiologia,392
sottopassaggio,330
cimo,48
antifumo,28
trenino,155
memorandum,31
preventivare,156
peon,1
sciocco,244
marisa,414
amatissimo,760
preparandoso,71
lucrezio,31
pergola,370
manzo,82
duro,65
puntato,52
monzese,80
adattano,46
wilson,731
di',86
staro,15
ippocampo,90
intermittente,149
icona,113
duolo,116
trasformistico,841
autarchico,163
organismo,63
sensore,331
gelale,58
graficamente,341
sequestro,139
giotto,136
colgiro,136
imitazione,480
abituare,685
mercatino,128
inamovibilità,145
incarnazione,624
penalizzano,236
platealmente,470
piacque,86
figlioletto,520
duettare,529
fonteno,71
reggiare,301
coinvolgento,89
piccine,255
ascrivibile,183
riassumere,254
sposteranno,87
scoppola,9
dettano,47
comportino,64
terminato,73
scrupolo,43
tabulale,131
perder,136
masao,49
viuzza,164
diversità,521
loto,72
affilare,297
ridare,88
essendocare,669
chenzia,44
goletta,123
gaspare,59
cagliari,62
superiore,32
adeguato,415
frase,140
contraddistinto,683
gita,60
ruud,145
fabbrico,119
anticoncezionale,603
news,76
induttivo,380
facinoroso,105
leo,43
strutta,39
music,195
esedra,35
frustata,37
questiona,26
elettrico,118
avile,40
consuma,42
apneare,183
autocoscienza,564
portoricano,145
amministrativa,48
elettromeccanico,272
rimettare,107
disumano,264
acquasparta,410
ricolmo,46
major,84
detectiva,160
stilisticamente,767
calamita,12
ostile,194
ancorare,143
tantissimo,522
riappropriare,329
detraere,26
mesetto,215
azzardo,71
burgo,211
sottosviluppato,260
carrozzerio,240
fraterno,150
vincolare,225
radi,24
prospetta,192
durone,71
miliario,33
isoletta,319
tallinn,140
mancò,39
ine,202
salernitanare,365
scapolare,361
aperitivo,72
beatificazione,117
sopravvalutazione,491
cartesiano,216
flninvest,66
tek,32
nefasto,219
preoccupazione,211
sfavore,36
premafino,390
indare,88
fulgida,57
titolo,43
poltroncina,408
diffusissimo,91
elisabettare,74
norma,240
eroine,287
preistorio,305
anne,19
gullit,220
tim,674
callo,157
belisario,95
omicida,303
incordo,191
pedagogista,110
siracusa,171
rae,27
melilli,30
risulta,91
ricorrere,11
abbigliamento,139
sperimentare,213
difendeva,170
aggressione,223
tulla,36
soriano,59
pentitismo,103
mitragliare,418
scoprire,121
ineliminabile,579
sospettato,380
equidistante,96
permanente,37
pigmento,626
kart,218
inumare,118
monteverdo,177
medicea,78
sociologo,122
mesola,257
otta,28
contromossa,67
volutamente,456
università,137
oscillare,66
meryl,715
saccare,246
panzer,28
mentere,210
televisore,101
tomaio,21
custodia,83
grisù,14
finanzia,92
nomenclatura,163
pozione,277
primeggiare,121
penelope,234
accensione,143
garantire,210
specco,136
pazientare,102
provincie,22
machiavello,251
liberato,22
cessanire,201
soffio,30
possedere,53
sevizia,302
claire,516
osso,41
bellicone,41
dissoluzione,328
concordiare,86
ondo,27
cedente,57
battibecco,119
leccere,302
picchiare,544
lollo,182
assalto,168
frisi,16
insoddisfazione,245
applaudire,178
astensionismo,242
fierro,181
adottare,107
cuce,65
stimolazione,871
superale,68
alcione,55
inusitare,366
amburgo,125
stanziale,82
sconvoltare,218
insidioso,101
carovana,77
tesore,51
vinco,19
masticare,346
singapore,144
violeto,15
ah',1
sfoggio,199
egoista,194
raffreddore,302
tatticamente,340
precedentemente,279
scarcerazione,150
congrettere,69
punto,19
culpa,13
fondatore,99
ordinala,17
muovo,13
sangue,48
leninismo,464
illinois,246
fedelissime,80
arroganto,570
arabia,177
barale,605
ufficiato,77
trentaquattro,227
quintino,684
heinrich,165
presagio,264
angina,61
ingovernabilità,264
socrare,10
simint,418
nereto,16
ardeatino,129
cadetto,97
ghiacciao,249
belluno,232
becero,269
stelo,37
sensibilizzazione,667
macellaio,25
bolla,22
panama,151
sfarzoso,228
immortale,382
belve,15
parmigiano,414
persistere,281
eisenhower,80
snidare,57
vasta,72
telecomunicazione,93
antisemitismo,184
propagandista,113
lavere,89
giorgia,505
istruzione,29
federare,30
nedo,3
ridosso,237
astaco,182
riuscire,207
indistintamente,789
morbidezza,478
informazione,39
platea,99
lineamento,179
tera,72
denigratorio,344
coprifuoco,51
evitere,90
pretore,65
regolarmente,89
arrabbiare,518
osservar,68
comperare,212
affina,107
sociologi,159
appassionale,273
antincendio,126
partecipo,56
predave,87
ruggire,112
connetto,140
brutalità,623
caccio,128
inghiottire,509
contradode,347
consta,24
somigliano,51
luca,29
iniqua,86
esercito,310
magistralmente,168
volte,531
aperturare,62
signora,46
attirano,98
valore,38
superavare,114
bisturo,63
cameraman,135
peu,6
diagnosticare,377
scampo,51
squadrista,184
anteo,23
mix,9
piccione,234
togato,29
impastare,626
cessale,31
disorientare,481
sballo,23
dilagare,188
macellare,19
govone,108
veleggiare,281
ambi,18
abitatore,195
baschio,8
irrequietezza,712
schiaffeggiare,451
ritirato,13
due,139
grecano,49
ipotetico,124
risarcire,73
replica,38
tago,251
infatti,341
trofeo,216
diva,149
pantera,11
mussa,66
mondano,116
tetra,19
novecentesco,636
ragno,63
allea,58
programmatico,224
baliere,39
interpretare,77
slow,60
delitto,145
ozono,87
coalizzare,82
genico,43
deliberante,247
julian,537
sgomentare,602
riparare,172
disegnira,234
palermitano,170
medicinale,162
ilo,377
tazzina,435
ellittico,305
pretesa,472
contemporanee,394
sonetto,32
dalia,6
immatricolare,87
ceceni,221
rossa,135
esplora,31
esilarante,668
tripartito,175
taciuto,240
doppiamente,293
eccezione,23
ricomparsa,60
spallo,459
mugugno,217
conseguito,119
itro,471
inesorabilmente,219
dignità,169
intellettualità,734
luigiare,890
operator,31
tessuto,63
perdare,219
contraffatto,156
leccio,349
atroce,248
rumorosità,155
tait,47
scorporare,150
rimbalzo,81
nascosti,226
diffamazione,125
ribadire,302
preziodere,123
montescaglioso,379
tramere,42
esercitato,97
acquarellare,211
dantesco,160
radiazione,263
voglioso,204
ricaduto,138
ischiare,37
vespa,35
inefficiente,257
devia,33
plusvalenza,302
agevole,47
ferrucciare,607
ingessato,18
nanni,180
cesura,396
zebro,266
normanno,44
mentale,404
alfe,7
cognomo,22
vogliano,415
autotrasporto,119
stagione,33
moncone,474
fante,64
prevale,102
cassintegrare,102
emozionante,467
scatoletta,703
margere,40
problematicità,730
scoprere,196
museale,90
arguzia,506
ficcho,237
ristabilire,73
stamattina,59
numero,9
ristampa,165
overdosa,193
confezionato,266
sostanzialmente,434
glisso,66
genericamente,583
mecco,4
rotto,47
manifatturiero,221
schema,98
disintossicazione,370
grumes,249
manfrede,224
pettegolezzo,208
onorabilità,147
permangere,201
toglierglio,150
rieto,123
deportato,104
contestuale,442
giancare,56
taverna,253
'la,17
astema,38
udere,664
comprendere,335
posillipo,115
amazzonia,47
collaudato,45
primario,15
licenziato,42
tinare,305
ospizio,111
antincende,123
campidoglio,98
metallizzato,182
sconvolgente,178
progettere,56
ambiguamente,335
lucare,86
macco,49
battagliero,54
gradualità,310
ferraro,148
sovico,145
sfrenare,159
sovrastare,449
calcutta,140
vistosamente,292
osaka,76
autoporto,170
ladino,16
tematico,251
austero,133
divieto,66
accadrebbe,135
-l',1
rutino,105
dissare,476
provengere,58
sbloccare,33
razza,46
bilancio,57
vestiario,152
rifugio,112
borghesia,58
zuccho,302
sdegno,261
trattativo,86
flacone,271
psichiatro,158
falso,56
mediano,164
parcella,72
bente,41
intrigare,380
pania,67
sgombrare,44
parificazione,699
passalo,146
bottone,108
mary,366
riprodotto,296
partitino,198
regime,72
covent,230
lassù,55
campeggiare,352
licio,29
pierrot,83
tecnologo,93
dispendioso,131
perturbare,172
gemma,259
stona,256
rendere,51
allarma,80
stravolto,79
stimolo,247
auspichare,247
promanare,398
ramare,279
burocrazia,86
stola,57
stame,83
vogo,40
marx,170
sanre,53
assicuralo,63
sfuggitare,366
scomposizione,417
querelle,26
alére,175
kathmandu,267
declino,282
gand,40
lizzo,25
spenti,52
producano,110
linearità,635
berluscone,94
balaustra,270
tantum,179
affezione,171
screre,96
equestre,77
doriare,428
ingovernabile,142
investigativo,93
ingiurre,289
brasile,107
stremo,52
articolista,26
stanziare,86
utilizzo,282
cartiere,35
immergere,647
simpatica,507
soggiornare,72
rispettosi,160
unirono,185
naviga,75
conseguimento,80
pupillo,132
sarajevo,137
strutturalmente,799
boccio,106
moquette,397
indicere,27
galere,159
madone,10
percolo,52
retata,66
cercatale,76
mediazione,79
crotonese,90
grata,55
tartaro,50
celentano,317
scalone,164
babele,8
erere,97
inconsistente,599
riconsiderare,704
ispiratrice,62
nugolo,207
paride,24
assegnano,31
apprezzamento,134
fisico,78
balsa,25
yakovlev,136
psicologo,133
improba,170
invocazione,197
lucidamente,282
nudità,411
esaurimento,48
an',134
oppo,99
mitteleuropa,141
tiberio,68
girello,105
impaccio,172
caprinico,79
solista,349
bottazzo,220
pizzerio,237
itinerare,53
quindi,989
lanterno,19
parabola,99
lontane,56
scenografo,410
allocco,472
garofano,165
marcale,33
underground,153
moderatismo,412
assumeere,57
censo,42
trasformazione,422
mancato,62
veti,15
avanzalo,34
notes,19
gonza,9
contagioso,274
diventalo,60
fatato,82
labirinto,16
sbarramento,46
asciutta,225
rinuncere,64
umorista,522
moby,9
ingannevole,123
possesso,76
australe,52
carcerato,118
fiavè,2
isacco,16
ip',329
lettura,174
prostrare,209
butto,183
virginio,37
dedicheere,86
giostrare,609
acconte,112
chilometra,100
michela,292
positivismo,535
capitare,224
tic,5
disney,109
ornare,334
aizzala,22
nevada,61
falcamo,121
dicotomia,803
puntellare,524
calò,257
integralmente,96
potabile,218
modellare,185
giorgiare,756
tuffo,33
torcia,113
algua,43
indicherere,65
nascondiglio,200
tritolo,169
buonarrota,135
fascismo,286
christian,297
arredo,122
zitto,136
smacco,61
lascia,143
asettico,274
nomadismo,235
bilanciare,206
partare,222
sorvola,18
day,310
luigia,439
swing,97
henry,278
continentale,64
cordialità,90
imbrattare,558
libo,11
cirié,43
sostenibilità,486
candì,48
sinfonica,211
traù,20
venticinquenne,364
austria,123
establishment,81
obbiettivo,59
calaccio,670
depressivo,234
proseguimento,65
sampdoria,466
fiaccare,62
peck,636
bering,129
otterre,28
capisco,553
captazione,280
rapimento,147
disoccupazione,116
scorretto,134
bagna,213
esonerare,71
erogatore,57
torre,31
sciavo,9
demoscopico,42
deità,205
neghare,162
merino,356
petraio,392
christa,379
svelare,185
propiziare,125
vallata,146
badalonare,271
delors,52
chiacchiere,349
schiaffo,119
armstrong,592
guardanto,50
spostare,150
schifo,433
iscrire,7
stregone,79
consistire,370
accusano,153
claunere,71
gioire,179
grafica,226
rossellare,89
in',167
missione,36
chiane,46
oronzo,31
baglio,285
provvigione,64
attivamente,165
auge,387
rischioso,124
ledare,267
qualcuno,533
capolista,162
minestra,355
coordinamente,97
riconciliare,182
malaysia,170
vendare,148
tabaccheria,95
ordino,26
faenza,34
indiare,88
intesa,104
rosea,24
esposta,18
parafrasare,213
emotivo,394
sbiadire,395
raccoglimento,69
introvabile,66
nanda,64
preporre,245
staffa,32
sante,67
chiarente,502
multa,41
kefir,32
latero,73
abilire,16
gregorio,54
messo,42
casamatta,214
tonio,31
lena,35
trattazione,101
persia,4
delusione,185
accuratezza,263
amos,68
imparziale,230
dialettica,385
riformato,296
segnatura,138
forense,27
dietrich,113
scandinavia,177
usco,27
cozia,67
lussuoso,94
montecchio,979
colle,105
percepire,73
sofà,2
assertore,282
firenzo,114
psicoterapia,243
credente,225
inefficacia,350
weebly,233
rassicura,48
padova,164
ronza,13
stupido,404
briciola,73
valdostano,37
locar,9
bissare,255
venno,82
terminologia,420
ragioniero,13
yang,21
dormila,96
deputale,123
ergere,92
organizza,44
chiarezzare,410
concretare,240
codice,42
saronno,168
degradato,110
attivo,24
cieli,4
dissente,190
fotoreporter,101
nocco,46
caraibo,144
xviii,16
parrucchiere,280
appena,157
ventata,115
veloce,74
statista,21
manifestira,111
inoltro,83
contabilizzare,292
deflagrazione,212
forte,57
vergato,46
bigame,77
sottoscrive,76
turturro,798
largho,15
scortese,269
sciupare,352
noriana,45
proletaria,42
interministeriale,93
naturalista,240
espansione,285
ordinare,59
giustizia,19
intelligenza,372
gallicare,147
cipolline,158
incolumità,32
merrill,319
steso,64
quark,33
invidere,542
termino,22
ode,24
beatles,385
riesumare,37
appannaggio,58
concertare,88
casertano,357
prosodia,152
vincare,196
tutela,113
affluenza,16
rutare,169
parimenti,258
sfascio,98
economato,16
gpl,2
ermelline,72
kafka,181
varazza,38
sorveglianza,44
difficoltà,107
rivo,83
controverso,148
codare,193
ricevuto,39
odi,3
danimarca,85
bandolo,19
fermento,8
gladio,64
convalida,76
amministrazione,50
contropartita,125
tutt',45
province,23
poetare,194
esser,56
degradazione,451
deflazione,277
sciatore,197
moore,623
aspirare,6
spianata,284
aquilano,148
calcutto,72
squalifico,348
elea,269
elegantemente,319
manto,177
friuli,62
stacco,21
inducare,314
beffo,8
russia,130
dottorato,83
pillola,112
sembro,116
urto,26
privatizzato,104
transitavare,268
fotofinish,193
marciano,87
aleso,87
solfa,50
areca,371
abs,115
cancellata,112
distaccamento,69
proibito,32
mutato,67
contrailo,64
borbone,94
visto,35
svellete,339
cessare,67
autoparco,164
triangolare,7
pirare,94
antifurto,94
livello,80
personalizzazione,568
velio,43
semiologo,196
lattiero,87
reggono,51
guidale,27
stopper,419
robertino,310
comprio,68
marilyn,848
uzbekistan,218
collimare,417
minuta,21
tiralo,33
edison,328
unificato,61
bassare,63
bear,346
netto,26
adams,298
moschea,111
arido,37
lardo,18
macedone,116
pubblichare,154
redino,11
guaare,59
mortaio,258
roditore,183
tondino,192
bowling,367
catastrofismo,348
torace,244
praga,80
interpellare,185
neoliberista,317
volano,17
gromo,84
ordinativo,341
teoretico,480
rinomato,87
allenato,293
spettrale,335
spregio,85
dopo,262
iodico,18
fassa,10
rimossare,230
crepuscolare,631
veemenza,236
avidità,668
crasso,24
complimento,343
piadena,196
assurde,139
abacuc,14
bure,192
procreare,177
desto,27
eere,61
gaie,13
moody,17
verificabile,394
borace,204
ripondere,214
manifesto,73
spondere,710
dcc,53
sporadicamente,332
redattare,70
permeare,561
lee,5
mcm,11
maggiorano,101
concertazione,465
resterebbero,285
vincenzo,228
nuoro,93
lascare,217
flag,6
politologo,123
pubblicale,158
detrasso,141
anodo,12
inconscia,604
medialo,13
ripercorrere,133
times,106
solleticare,196
scaramanzia,754
virile,798
esulta,23
sconfina,50
espio,37
jim,719
comprato,159
garre,117
prevarre,369
contrappore,827
scout,5
thailandese,107
airolo,98
frasca,33
riciclato,34
motonave,142
spianato,161
artefatto,335
portaborse,24
ammucchiato,377
pessina,248
pinna,69
sanato,21
foligno,258
irridente,556
interpellanza,148
folclore,186
insediamente,50
nitro,25
baresi,475
versatile,159
sterilità,408
interessamento,58
banner,403
fiero,16
invitire,74
vibrione,204
manco,200
pubblicizzazione,249
punga,68
protettire,114
vortico,47
metropoli,38
cremlino,157
impazienza,131
profetano,83
prisca,57
elton,712
coniale,8
accessibilità,222
torquato,22
allontanare,619
retrocedere,183
bracciolo,210
sommario,105
piare,11
asportare,269
onofrio,37
adrianare,402
primary,244
connivenza,188
funzionamento,357
presumibile,83
deprecare,68
snellimento,448
consci,60
eludibile,190
fil,25
brandeburgo,104
sfogare,443
stabilito,116
beante,358
ruslano,197
visco,19
sestriere,323
compartimente,32
comacina,33
spugna,19
applicabilità,492
favorevolmente,106
venezuela,84
viatico,0
fuori,45
stralco,100
connotazione,639
lentezza,116
glio,155
cremonese,568
sognatore,378
woodstock,165
lenire,186
consonante,168
ammonizione,255
sentenza,101
disegnato,229
insetto,510
invalicabile,76
unitalo,138
manca,20
clientelare,211
perestrojka,114
preminenza,517
scoramento,349
benché,53
fragoroso,175
moto,30
parcellizzazione,589
ipco,153
brama,28
istatre,39
tecnologia,248
biossido,153
hiroshima,17
megalomania,88
accanita,45
camere,74
garzante,144
aro,274
sinodo,94
mutilare,113
feole,67
accorgimento,106
schizofrenia,256
fargo,139
flavia,213
moltissimi,147
almee,59
velico,23
scherzosamente,110
ripescare,117
wilmare,197
lupi,33
xxiii,84
liberte,37
bimba,273
ceto,53
disdetto,56
propagandare,27
conce,119
installato,294
ferrazzare,163
conclamare,98
felliniano,116
componere,122
assolutorio,146
pool,43
scaramuccia,135
soggiogare,157
già,305
celesta,206
congenito,331
subilo,27
lattina,360
avvi,78
violentissimo,372
casone,326
xenofobo,70
scombinato,90
ligia,75
bobina,46
alte,20
triplice,21
michael,220
ragionevolmente,479
boicottaggio,49
congo,174
pomicino,75
terminator,471
propaganda,21
immacolato,161
accumulare,80
apuare,153
riformare,299
equipaggiare,200
massiccio,53
nettare,48
documentare,155
dalmazia,116
clone,16
moira,249
lumiera,168
gliere,475
vertigine,96
amputare,172
riarmare,215
barbarie,392
cautelare,120
contrordine,132
riproposta,96
ininterrottamente,77
andrebbe,122
gradare,61
creditore,105
inoltrare,89
becker,108
temporale,107
antidemocratico,626
set,23
servo,9
egocentrico,605
cab,8
penso,94
sabino,9
impetuoso,62
elga,180
barocco,198
eseguire,29
manipolato,155
morgana,54
enea,35
contrattura,66
assolti,122
posero,52
conta,66
rimmel,34
biochimico,364
tripolo,234
infernale,308
cavacurto,468
truccare,60
matire,160
vasco,24
oneta,11
tornitura,105
antipode,40
cannello,867
polacco,101
salutare,166
regionalista,236
disponare,316
clonale,156
vendetto,119
trentenna,185
radiologico,225
adesco,18
moab,151
remo,5
geologe,111
laere,85
spaziale,102
propino,11
insanguinare,154
metrare,179
ritiratosi,81
escamotage,50
rotolare,720
venuta,21
strambo,119
carenino,149
tatiano,38
ata,42
cardè,45
bombardiere,165
propongare,784
spensieratezza,738
sovraffollamento,189
lauro,163
toracico,262
affissione,108
panni,37
trapattone,461
bessmertnykh,118
freddo,19
malato,290
rudio,30
finché,100
australiare,384
segretissimo,77
sarno,38
rassegnato,331
riavvicinare,148
macero,11
montao,17
garessio,247
prodi,45
adolescente,225
effettuere,43
monatto,49
mettevare,194
liberalizzare,96
concepimento,284
circolazione,52
benire,536
birore,37
gardare,267
mediato,23
edmonda,78
abrogare,88
natalina,51
chimismo,20
saro,14
frullare,359
pagavare,176
figa,35
antiquato,90
ribadite,235
sentano,39
marzia,37
famiglia,73
vitare,53
utopico,641
speculazione,45
soia,69
dettame,77
videocassetto,142
attimo,176
invaso,149
rasserenare,178
impiccato,314
medoro,145
infetto,291
curato,91
acrilico,50
comprimaro,189
fiorenzo,223
fregio,86
lessicale,226
materialità,839
malumoro,45
suddividere,83
raggiunire,54
alexandra,95
terrorizzare,593
allena,62
bonomia,15
anela,68
indicare,149
praso,58
indulto,105
commare,174
utilizzavare,368
sfatto,223
innovativa,241
balena,60
cosi,1004
mimma,17
integerrimo,161
evi,59
martoriare,238
cassetto,54
messico,163
olezzo,120
ieri,148
snocciolare,41
autofinanziamento,124
negato,8
open,7
discorrere,258
giovanissimo,353
interroga,78
razzo,155
problematico,464
baldo,275
ironio,496
astore,196
qua,193
formare,98
errante,51
imparato,49
imprigionare,264
robert,698
anco,41
zola,227
minale,30
sospettabile,348
diramare,80
campionissimo,794
blandir,63
atteno,87
apporto,86
usò,17
pluralismo,357
yitzhak,105
porgere,65
corale,150
extracomunitario,111
tempestivamente,144
bullo,196
ritorsione,150
nonetto,341
drogare,127
pippole,87
unici,11
prato,149
tracciare,91
obesità,440
tatto,188
oppressore,217
stagionale,46
one,42
idro,18
animo,57
hong,220
abanese,203
sorpassare,151
nenia,132
filmino,224
simulato,72
utenza,49
spodestare,226
lanterna,31
ammortizzatore,252
obbedire,61
fondamentalismo,613
eredità,32
centrai,26
poe,8
scaramantico,885
malversazione,126
cartignano,123
retino,27
mike,560
ermare,324
ridire,482
scandalizzare,498
animatore,73
benderò,90
divano,31
scontrare,488
azzeccare,413
cinta,351
gambizzare,207
ponderare,358
risolvare,95
sepogliere,289
coso,928
onesto,113
cogere,272
dogmi,260
carabine,165
hopper,409
detenuta,79
infarcire,183
danilare,322
willy,39
finalizzato,284
deposto,58
intensa,72
parametro,300
aurelio,156
costruttivo,241
avvarre,111
raccontavare,458
recavare,326
rodere,337
tirato,130
salvalo,85
sistina,170
separatamente,136
piantina,332
tengere,183
collettivizzazione,634
premeno,61
ginseng,150
ricambiare,61
sciolgere,28
cct,182
sociosanitario,359
angelina,549
apparentare,323
dente,24
immaginativo,780
rinascimento,425
ostruzione,67
brevissime,31
risotto,143
credilo,79
nicaraguense,92
sferrato,116
eticità,631
domato,26
tenessero,76
mazzè,38
costitutivo,277
assere,307
nazio,48
venduto,100
meccano,19
finissimo,151
bottegaio,15
maccare,351
tentazione,587
msi,25
compagno,99
flashback,546
rimarginare,321
falconara,182
pasoliniano,111
ermellino,78
aldeno,18
farmacia,54
granelli,334
sindromo,246
insorgere,159
rinvio,143
coautore,312
bombardare,254
elisa,57
saharare,129
bugno,119
razzismo,78
infra,12
tona,58
imprevedibilità,508
spiccato,174
agirare,52
moscere,185
ambialo,42
artiglio,68
suello,88
saper,62
ulster,15
indicizzo,53
arrigo,94
novantina,186
irrazionalità,1380
ricacciare,196
concistoro,81
messinese,255
pantano,45
operazione,22
ristretta,10
valutare,176
impreco,43
caciotto,246
trigesimo,161
convogliare,156
vastissimo,183
dettagliare,239
flaure,303
officiare,60
deposo,19
dentista,55
ludmillo,81
risalto,147
distorsione,104
penombra,453
plico,60
accora,57
maiare,39
nobel,22
perdila,76
richiedano,362
pariare,359
impiegare,139
riabbracciare,282
competitivo,107
poggiare,66
macchinazione,305
magellano,39
rigidità,302
laconicamente,177
sussurrare,316
ammesso,126
sborsare,150
altrettantare,456
costruì,21
discriminante,749
convinzione,524
antares,246
spruzzare,699
rimprovera,293
rachele,96
pietrostefano,283
gassare,73
ombrettare,203
votato,112
arba,2
ibla,25
appropriare,412
sfoltimento,373
intercettato,61
amerete,13
financa,47
carduccio,400
inneggiare,266
stendardo,105
kaige,248
tangentopole,74
johann,263
manubrio,295
cofano,77
mentii,50
finitura,169
gioielleria,188
divisa,34
reggianare,433
professionistico,129
centrocampo,323
valsa,27
presentire,461
alleare,96
venditore,172
cavazione,83
distingere,506
intenerire,55
plagiare,453
allarmare,211
dylan,508
castagno,412
eddare,154
amministrativo,80
buddisto,94
gommone,401
liberiano,232
atalantare,549
affianchare,75
strisciante,181
sofio,2
alluno,71
puttano,380
pubblicitaria,53
portorico,48
sintomatico,301
smussare,74
ping,4
idrogeno,240
incidere,154
stario,29
vegas,155
contingere,44
melare,391
demoralizzare,449
gettonato,45
frutta,325
pasteur,105
sorare,199
rubira,75
laureare,52
info,25
belgrado,175
molare,611
irlanda,61
mtv,98
orma,27
finalizzare,224
pettinare,306
cautela,76
ricucire,48
timide,17
ettaro,88
poppar,110
consorella,98
nascente,47
mre,9
renania,60
ricader,28
distruttivo,399
plastico,335
pane,112
zairo,303
ammaliare,439
nuore,69
grandioso,315
particolarissimo,931
quarantennale,70
risultarere,86
largamente,179
torpore,87
politichese,448
vincitrico,43
mambo,299
piantare,379
unitamente,27
ricongiungimento,221
accortezza,190
obbedere,62
plinio,111
pomare,180
intelaiatura,331
serata,106
inanellare,489
castigare,196
fujimore,5
predisponere,175
treviglio,98
mitizzare,1232
decapitazione,71
pretenzioso,39
conferire,80
oltreoceare,53
asia,47
unario,17
settembre,84
sovrano,38
licenziamento,72
conca,36
carcero,111
nillo,231
riparazione,143
cleto,37
razione,56
crossare,394
permettevare,166
tali,172
fernandere,373
imperniato,255
monsignor,160
patton,208
esorcismo,332
miriade,37
gargano,128
promulgare,139
fonia,12
consolidare,216
pdf,5
occultamento,173
irrompa,68
bardo,265
polita,66
immutato,57
apprestere,159
nobilitare,112
introdotre,85
tabacchino,117
internamente,74
leilare,483
astrofisico,223
recluta,21
acquea,58
indiretta,22
walzer,219
gera,111
precaria,26
kozyrev,132
faver,68
balletto,193
calcinaccio,741
davida,96
eros,24
visare,119
car,22
giungla,2
andreotto,124
game,141
navarra,59
capiscere,835
transitorio,260
eloquenza,46
innovamento,276
mecca,7
squilibrare,300
provocatoriamente,561
influenzale,164
cossignano,40
riportalo,41
correggere,112
grotta,130
dilettantismo,398
schiudine,61
impegnare,106
jugoslavia,119
sonu,0
vivente,207
laglio,169
fulvia,113
nocciolina,317
etere,12
etiopio,235
allarme,41
vedre,53
stranezza,426
decomposizione,387
cannonata,189
immunità,37
burrasca,45
qualvolta,218
gracido,126
concludere,187
gonna,70
priori,44
luterano,190
degenere,215
pecorella,227
premiazione,146
comica,157
cccl,77
ciliegino,43
abdul,108
artificiosamente,500
riflessivo,280
malinteso,772
inaccettabile,309
civiltà,270
nunzi,177
logoramento,617
briciolo,95
elaborare,187
bette,114
approvato,172
testale,26
deformazione,528
rugby,296
duecentocinquantare,182
fuggono,222
praticato,250
diverere,408
passio,118
giudice,218
scommessare,103
miliare,25
parer,70
doge,28
civilizzare,392
venzone,72
verrebbe,231
solenno,54
destre,19
bizzarra,512
centralità,551
spiano,53
rapino,172
penultimo,121
nostalgia,336
contenente,50
ermere,27
verde,32
manzoniano,287
logistico,90
ballotto,287
morii,31
asolo,84
avida,76
inammissibile,279
clandestino,43
paganello,354
stangato,65
impreciso,133
midollo,390
agroindustria,132
erve,73
fessura,437
evoluzione,260
annessione,206
gran,16
cagnotto,88
padiglione,112
extraterrestro,219
imperia,77
frontale,60
rispettiva,39
dossena,511
carolina,53
congiunzione,132
mannaro,518
canzoniere,251
testicolo,276
scare,220
genoa,521
lavinia,138
volitivo,869
deputato,153
curre,159
bevitore,59
peta,63
ballerina,303
incredibile,341
teologico,317
coreografie,363
acerrimo,78
settimana,156
materialmente,183
pesa,4
preso,26
schizzo,218
caratterizzazione,575
scoprare,42
addormentata,401
giulio,80
bcalegnano,359
salvezzo,13
diligentemente,326
inagibilità,64
esibire,47
ravvisare,188
vilnius,118
mohammed,187
adelma,187
mediceo,98
laminato,129
brullo,220
coniolo,729
opa,162
bandierina,178
insistare,540
speleologo,78
raggiungere,59
shein,215
tedo,12
pendo,36
aia,54
baie,89
ottanto,106
suino,204
risposo,57
linare,260
espansionismo,474
inimicizia,316
stramba,26
prosperità,35
infuriato,292
contemporaneo,481
scoria,255
dedichere,50
degenerativo,566
massoneria,95
comasco,363
antenne,49
pranzare,199
pilone,251
scorso,89
casazza,268
ornale,36
lunede,61
merceo,16
ripiano,156
finemente,175
destrare,332
anticarro,373
sbuffare,525
impigliare,584
contropiede,335
compile,58
millenaria,141
exif,17
apertosi,38
rossonera,536
ridiscutere,217
conflittualità,546
cronache,84
dividono,69
taglio,76
beh',10
risalire,68
smagliante,892
nembo,34
requiem,114
sagomo,92
solito,592
care,37
forum,14
perugio,106
oboe,186
vittorino,628
nerio,15
verare,183
scomunicare,95
martelletto,765
appeal,10
cagli,20
credare,350
rigoroso,142
trasloco,29
paralisi,130
sbocco,40
colpevolmente,190
bui,136
tranquillamente,278
istruttoria,121
lancaster,644
moderato,106
presenza,37
abroghere,188
aggiunto,39
annoverare,85
dakaro,88
briglia,7
radicai,36
fiocco,210
proletariato,160
gogol,29
condottiero,145
risso,38
saggistica,137
chiosa,22
roga,177
ambigue,352
nervino,88
tos,135
impersonale,332
conoscitivo,417
consentare,237
frustrare,350
streetre,93
gollisto,127
ottimale,278
graticola,22
concedo,175
abato,266
arrendare,259
aviatour,334
scaturito,48
organizzatore,47
contrattato,113
osiris,111
ciak,404
scheggiare,381
flora,51
settario,568
piazzamente,120
thiese,94
sce,23
condotta,12
appaio,177
contundente,426
torretta,47
arricchere,59
pensatore,413
elimina,30
deludente,225
coordinato,93
espulso,60
aderenza,91
omerico,140
dinnanzi,52
anelane,163
normalissimo,211
gemo,23
forzata,93
mitomano,278
percepivare,81
palischermo,328
ripagare,62
civitavecchio,159
sintetizzare,155
madame,122
fuoriuscita,122
chiarissima,148
abbare,124
caporedattore,101
ballerino,158
commesso,53
amomo,45
positività,162
stadio,68
saltere,204
isida,31
pneumatico,126
contestare,353
radar,65
tragicamente,183
egade,137
apprere,254
parodi,523
colloca,14
persuasione,302
keniano,101
discutendo,253
insistilo,162
attesa,48
sproporzione,258
slealtà,32
agresta,475
avana,25
cia,43
scarpata,622
lauda,32
persiano,66
zoologare,30
odore,121
naturalismo,578
manulo,348
riaffacciare,207
incrocare,23
scolare,99
alchimia,15
protetto,36
insegna,11
soglio,3
baruffa,98
blocchare,61
canicattì,168
piu,1
riduzionismo,321
yale,286
guinzaglio,93
respingare,401
angelica,231
pubblicista,103
tentativo,84
oriere,11
umida,54
simbolicamente,85
sabrinare,742
filatura,68
ventino,421
reggire,71
battaglia,43
genocidio,133
dure,39
croce,8
ferrare,276
accoppiare,91
regga,9
accetto,25
foreign,57
cinquemila,116
esce,37
alleato,71
ripiego,24
costringare,180
conte,206
afganistan,333
fusione,41
visire,85
sparatoria,434
erbaccia,411
soggiorno,47
fitto,52
accerchiamento,246
valleve,76
perse,28
falomi,173
palombaro,168
fregane,105
rifiutalo,134
contenuto,145
tesare,38
menu,26
subalternità,760
logico,509
irregolarmente,123
imperante,483
calma,29
bellamente,77
robbio,30
hood,621
trasgredire,205
cittadinanza,114
pesetare,100
sfiduciare,51
savoia,20
ascoli,253
lampione,599
saggio,181
recapito,127
postume,15
rudimentale,314
elisi,86
capacire,175
finora,217
chimica,68
giù,154
manovratore,40
discorso,72
furgoncino,472
violenza,288
flettere,602
sfizio,95
olcese,220
gianna,454
ionie,8
cogline,87
fucilazione,216
servigi,38
cromire,45
preci,27
petrolo,34
ghale,168
piove,93
meritato,147
monotonia,34
provare,249
luttuoso,225
compianto,416
clarino,398
fiammare,69
modernamente,152
giudichare,340
darebbe,208
testimonianza,115
volessimo,245
telo,56
realizzalo,63
ennio,128
sciagura,90
lettone,97
bruciapelo,373
redditività,387
arbitrariamente,307
cintare,348
entrante,17
fastidioso,304
incaverà,105
renettare,617
kalashnikov,135
attivazione,498
macomer,48
sanale,31
lupus,62
ingolfare,213
frequenta,40
scudo,12
piega,195
centino,284
sgomitare,279
marianna,423
allago,6
lazise,256
stamattinare,80
artigianale,70
trovato,102
fra,61
gentleman,339
pronunciamente,286
diana,64
seo,50
scomparere,813
carmiare,25
applico,57
tafferuglio,177
incomunicabilità,719
giocale,150
annusare,395
derivato,207
cosmologia,352
reggina,238
ferito,184
asociale,303
deroga,123
mamette,11
maradona,211
fucino,46
conscio,101
amanda,65
evaso,47
braccio,100
croma,111
regalia,14
colmo,42
malta,32
irrompe,78
palm,75
umanista,186
promossa,44
sofisticatissimo,179
vota,64
tank,76
pillo,217
centotrentare,222
nesta,171
asimmetria,361
undici,157
intervengare,195
mila,131
malico,29
annullamento,143
fretta,94
sintattico,628
conforto,198
antireligioso,174
piedistallo,209
mise,15
collare,558
inre,22
cinquantamila,126
considerare,370
stasera,182
morolo,189
zeppo,57
pennella,205
fuggente,341
turbamento,326
garrisca,185
deprettere,79
ascese,33
parlavamo,199
impor,216
cresciere,99
discutiamo,198
mettermo,161
aviario,47
taccia,306
lento,79
negazione,788
rinverdire,311
tizia,10
bengala,177
interventisto,147
disfacimento,252
solidario,101
gino,171
follo,59
manna,63
profetizzare,368
tradottare,159
bora,17
shampoo,73
abire,228
polvere,461
faidare,142
lancare,51
reclutamento,109
germinale,165
portalo,87
stefanel,364
aberrazione,532
regimi,225
louvre,113
bacone,213
marita,370
zero,3
scuotere,123
ergastolano,252
pole,3
scillo,86
vietnamita,191
balneare,109
barzio,105
trastevere,69
aurico,63
pensionamento,244
arrivo,94
bonere,143
stallman,532
chiedergre,262
attere,205
paliotto,479
egli,258
fim,86
secchia,55
imola,78
broglio,23
doriano,489
riprendere,122
pus,5
distintivo,200
ricettività,394
povere,125
fratino,136
ingrottere,94
scottare,76
sdoppiamento,148
rarissimo,138
energico,23
agonistico,158
improcrastinabile,641
discordante,172
performance,16
modena,144
estasino,50
utilizzatore,358
terrare,136
intermittenza,123
valorizzazione,498
carlos,106
rimarrare,76
smalto,77
trentunenne,276
reticenza,307
cistico,273
cli,125
schierale,183
direttorio,39
mastodontico,126
tiratura,24
bancomat,91
lacuno,25
scagni,198
fissalo,51
malvago,144
immutabile,156
servire,270
enne,98
palliativo,96
autocontrollo,58
torte,11
settorialo,185
dolare,181
febbra,22
celebrare,126
solidamente,357
coll',8
acciai,65
annale,9
eccelso,12
patriota,152
reprimere,96
sfortunatamente,434
spericolato,154
impallidire,628
centimetro,132
luras,82
assassino,362
sortire,116
erasgere,130
disamina,227
associativo,229
affido,67
flaviano,213
montepulciano,235
attestazione,77
appioppare,106
salario,92
masie,228
marcetello,1348
scompaginare,48
barometro,45
scuola,59
svastica,185
ridefinire,467
ghezza,10
procedimento,187
accogliare,78
matita,145
depressione,167
danese,53
muco,122
cardiologico,219
pero,356
najibullah,320
arbitrato,92
ticinese,21
scortare,282
supponere,1098
purga,35
caere,137
archeologico,129
ovattato,57
portante,53
grecare,96
mediale,22
nasetto,215
manipolo,61
superlativo,332
collettiva,43
lazza,60
cisalpino,263
profilassi,176
sconosciere,177
grancassa,70
sventura,91
contrabbando,62
scuolare,76
luana,68
topografico,236
meschinità,128
pulmino,310
dedure,30
sindacare,209
parère,230
legume,341
carissimo,279
saul,21
aspra,55
orbito,61
infurio,52
portasso,70
paracadute,138
perenna,248
finanziamento,106
vitello,390
ominido,89
oceanico,146
bazar,31
edgardo,84
televideo,105
coperta,570
impresso,111
pasticcione,205
scaltro,172
patriottismo,609
circolo,9
insondabile,362
hans,172
bbs,18
nastro,19
estensione,353
implacabilmente,245
concesio,13
fenomenologia,589
achea,148
collo,71
funerario,62
mastroianni,643
giogo,40
necessitare,796
sfracello,196
conciare,455
slamo,130
nilde,79
ridotta,61
redio,86
treiso,120
novembre,76
simun,2
florina,275
sconfinato,258
oppedisare,219
incontrato,36
spendere,144
indennità,181
futurismo,429
aspo,17
supporre,357
attraverso,76
seoul,22
schedo,32
inadeguare,213
lavorato,144
appetitoso,51
moralizzatrice,131
portata,66
isidoro,106
richiedente,200
calabresi,346
tumorale,566
vigare,318
prelà,218
pivot,227
irrilevante,510
deflusso,154
aiutateci,43
ricollocare,152
tessera,24
spaziare,68
poema,205
immaginare,509
autonome,65
incavare,382
discretamente,354
arcana,44
amazzone,295
equino,4
liscato,64
trionfare,151
preciso,231
accendare,94
magic,323
lella,283
autocorrezione,91
quantità,244
domodossola,278
inps,76
sas,35
definivare,360
annerire,752
doc,15
eccoci,19
disprezzabile,883
telemontecare,136
elios,25
doppia,14
ruspante,284
crere,73
ermo,45
infrazione,107
sfamare,154
oliverio,143
rimonta,230
compattare,182
intervearr,53
impomare,301
riformulare,330
sibilala,27
dolce,163
sostenitrice,41
avicelo,312
pelo,231
venturo,37
refluo,171
terza,28
sfugge,21
nino,51
annunziato,403
infaldo,82
sbocciare,194
ateo,5
diminuire,199
ignoto,84
ricavato,120
rifletterere,458
cacarella,263
acnere,494
stellario,62
langue,25
spiazzato,282
sofiare,140
parabolico,58
bassanello,888
conservatorio,33
ufficializzare,102
montato,46
apprimere,162
conseguentemente,784
lamentazione,494
gassoso,116
sbarra,107
nunzio,130
casimiro,172
beat,13
branda,56
hobbit,33
ottearr,27
universo,327
poi,823
morso,48
meter,122
boccata,42
diniego,171
nire,173
assistente,95
teorizza,208
connazionale,125
videoart,114
fanteria,111
rafia,4
juve,292
talk,159
intimo,16
windsurf,158
sussidio,147
accentramento,419
orologeria,26
rimo,12
anito,105
mitteleuropeo,196
rinascente,126
elfico,19
zuffa,44
notalo,71
messianico,420
bonzi,248
genia,91
trabia,35
scostamento,197
bruciare,355
abbandonere,315
gif,21
magda,25
dolo,21
pietra,33
williams,94
habitué,53
sgretolamento,307
font,53
alfabetizzazione,278
edward,482
derek,233
ingegno,98
andriare,86
seduta,28
interrelazione,592
scrutatore,34
disii,65
riflettere,432
tappa,49
pabloe,17
carisio,95
buttar,142
roba,180
validissimo,45
taratase,60
furibore,193
bacchia,33
praticità,487
architettura,171
rifa,45
apparse,56
impiantare,140
stregare,337
firs,295
berlina,105
liberale,144
parodistico,772
bidonì,63
presa,42
urno,4
leninista,393
tenacemente,209
obb,271
accia,81
cigno,97
riapparire,482
salmone,188
mamelo,119
audino,33
chiederare,253
perdutamente,375
sventolare,302
pianerottolo,806
kurdistan,406
massimalista,502
tutelato,120
colluso,147
kitsch,121
autoferrotranviero,159
davare,133
seppia,133
cocker,16
aiare,273
motovedetta,221
schematicamente,814
darè,435
usciremo,192
frontone,101
settarismo,697
busto,263
basalo,32
guadare,249
umiliante,261
maggio,75
consumato,41
cavallini,39
nesto,116
cristianesimo,446
antimo,2
fuorviante,434
croato,178
adelfia,83
rozzare,104
yamaha,187
creatrice,129
scegliere,58
tantino,353
empiere,207
senno,69
indiscriminato,293
ebreo,122
pendolarismo,476
esplicire,260
fotogrammi,172
prontezza,110
zucco,119
scoccare,82
attrico,300
francis,348
alpinismo,59
lungomare,269
pervaso,724
glorioso,50
miraggio,51
camerare,199
angustia,85
lettore,77
sfrecciare,541
regolato,89
inco,3
astronomo,153
strizzare,603
levare,161
angola,26
abudere,64
scolario,36
gonnello,71
sperimentato,190
appariscente,615
seriale,103
coach,226
antenato,245
solingen,83
tranquillizzare,333
ancelotto,602
addolcire,60
munita,15
paoletta,807
inghippo,44
esto,26
gazzetta,31
verrare,205
pony,28
columbiare,189
statale,33
immancabile,353
tasca,151
adempimente,156
convento,203
parella,713
guardasigilli,108
diringere,47
flesso,173
traico,301
catherina,589
adriatic,318
pedine,42
rnc,245
palace,49
agivo,46
controcanto,400
noleggio,41
professoresso,200
lamberto,190
veniente,72
sinistre,73
fellone,197
freccia,41
aureo,130
haitiani,111
andato,74
berto,123
bullone,112
excursus,5
spiegamento,117
ato,79
concordia,34
spiragli,15
arguire,160
corteggiare,335
ghiacciaio,202
jaguar,92
quadripartito,191
emerso,72
ilvo,61
erzegovino,137
alcare,94
nozze,17
errore,77
attillo,1014
vesta,101
elusivo,9
bigi,160
muto,128
aspettato,239
apparizione,261
tuzia,144
terrore,238
balocco,309
mimasta,34
esbore,245
terapiare,403
complimentare,644
cercare,186
premere,66
gioco,36
rispedire,75
neon,42
ristreggere,11
groppa,438
misericordia,102
samarcando,118
aladino,109
chicchessia,147
ciarda,33
professionismo,118
fregacci,479
lenin,88
produr,55
bergamasco,357
pseudo,160
diamante,10
componente,54
rimpinguare,105
dose,87
shakira,132
risultante,230
finalizzazione,569
previdente,174
colata,264
psicologicamente,277
norcia,27
stipendiare,56
servitù,33
sostenitore,46
accra,72
sgargiante,684
sudest,121
passino,69
dicesse,335
copernico,13
vulcanico,161
modesto,132
randello,366
bse,130
inaspettato,367
qualifica,69
cimbergo,245
polverizzazione,495
rivelatore,957
cinare,91
messina,168
matrimoniale,16
fiesse,70
delegificazione,744
scudiero,135
tie,19
eretta,101
graz,78
brancolo,31
resoconte,76
ciba,58
rimando,412
atteggiare,292
cosparso,599
latera,22
osteggiare,153
inquisire,308
gammata,2
emilia,108
pellerossa,161
aduli,62
passeranno,96
bergerac,190
nondimeno,604
ammanre,136
edulcorare,491
silverio,12
pellicare,90
oste,7
fatima,30
friule,158
pretesta,261
frammento,187
eiezione,109
telefilme,290
ultim',55
ridiscussione,329
windows,103
neolitico,243
occore,35
novato,13
lisbona,41
penetrante,272
corriere,40
rilancio,187
ribadito,251
cinquantanno,211
velivolo,199
psichiatrio,170
consecutivo,182
adare,152
bovario,66
hoffenheim,204
fedeltà,69
raffaela,70
disarmare,285
trafile,7
muove,53
arrivalare,209
intrallazzo,69
vanità,335
dimensionare,183
olbiare,207
immemorabile,176
riaperto,37
emettere,30
torno,50
cenerentolare,209
confusa,149
diseguale,495
fletter,430
judo,582
incenso,101
lapide,89
legazione,23
pallino,549
unicità,101
sud,37
anaconda,206
bara,210
invischiare,230
profilo,13
giustiziero,62
indente,28
bartolomea,136
cci,17
attare,150
delimitare,181
garantista,152
ferrato,235
placca,289
fese,10
utilissimo,300
credenza,464
vigilia,107
ladra,69
congiuntura,128
lenta,43
spandere,386
prevendita,33
dilatorio,267
baraccopolo,393
accusavare,234
teologo,147
rinviare,136
accapigliare,865
artigiano,66
corrado,30
yukon,100
immagine,127
asciace,373
antismog,24
aco,24
duttilità,344
romafiumic,198
innsbruck,37
accorge,358
polario,19
rilancere,84
provi,32
candidere,86
tiroide,299
umiliazione,134
culinario,236
gnocco,64
perimetro,122
penalista,55
incognito,18
monile,83
infastidire,582
abbacco,150
cerda,27
cesara,188
termodinamica,220
render,16
noro,30
asservimento,809
vulnerabilità,214
recare,78
scappamento,288
controbattere,675
nascita,57
fraine,79
glasgow,16
yacht,56
oberare,124
ubriachezza,142
assessorare,68
lotto,25
fred,217
incrociato,28
stoma,7
nolto,899
caramello,691
interrato,220
trombetto,243
ooo,39
offrire,73
classicità,900
diciamolo,183
comare,62
accentrare,193
labro,59
ultradestra,256
scintilla,146
steve,533
gianicolo,99
editoria,49
trekking,113
invii,23
abate,100
giorgetto,636
prelevare,130
rabat,43
doppiopetto,630
foreman,661
imprimere,130
araba,118
cessato,37
victoria,232
irachena,178
pogno,33
neozelandesi,195
memorio,93
enego,21
vagito,17
andreo,40
anastasia,368
detengere,58
oortre,157
alce,6
spengere,308
coatto,8
decurtare,181
anagno,293
lodovico,136
antigeno,316
roisan,270
espiatore,21
marco,11
cnr,154
dissolvire,98
herman,623
voto,102
sifar,24
antinucleare,42
nessun,38
scannare,701
santine,156
fete,185
lacunoso,139
luminosità,208
maligno,172
dix,100
argomentazione,483
assenteismo,118
compie,21
sonda,89
valentano,275
macerata,72
enimont,251
fresco,93
respingere,185
pedio,195
adunassimo,199
teheran,236
ambivalenza,1080
intestato,83
maturato,17
vincenzore,184
chiarificazione,553
fondamentalmente,685
fragilissimo,475
sfortuno,159
capostipite,108
emergo,13
disavanzo,198
dalmina,199
idilliaco,100
gnau,57
acese,98
cantores,178
potevo,120
immensa,97
ada,25
user,200
psichedelico,557
invogliare,83
surplus,77
vicentino,471
vendicare,389
scomposto,133
originalità,571
benigni,37
giro,51
strutturare,539
benestare,124
agganciare,32
sapevamo,240
ozio,0
solitario,444
corno,54
militar,141
armonico,193
diabete,473
sintetico,242
anticrimine,29
inclina,86
turca,75
bonbon,12
teodoro,27
sommesso,506
ornella,516
torrespaccare,157
incognite,47
alitalia,278
mal,5
manila,37
annuvolamente,175
decano,57
tris,93
elettricista,40
multietnico,31
trascrivere,181
cercola,156
atomica,58
caslino,106
prudere,48
scadente,68
naturare,248
eccia,15
inficiare,388
serenata,77
click,172
volley,95
balduino,144
recetto,48
latitudine,156
ondata,63
podice,244
inesperienza,426
berretto,310
transgenico,427
municipio,113
quercio,78
vegetale,327
neuropsichiatro,252
ottangere,93
troveretere,84
mattonaie,48
intangibilità,332
intensione,186
chiccare,574
carrozza,300
simintpriv,444
indostan,99
sfasatura,770
lagest,287
gigliolare,663
cranare,130
legalmente,65
stano,59
arcare,174
seppur,168
malinconicamente,753
evidentemente,1419
funzionino,41
pinocchio,340
rate,7
canestro,393
lato,100
attino,45
faso,13
ideologiare,703
locatello,86
censare,162
jeso,28
esplosione,131
benservito,25
net,128
medaglia,119
protettore,38
località,136
diffidente,255
belgio,126
rinchiudere,150
lanciatissimo,396
brutto,40
bassotti,233
arazzo,95
afro,126
diciassetto,152
cambiato,43
corporeo,326
neorealismo,586
anda,64
cpc,44
migrare,77
piccoline,111
scialba,272
liba,76
contributivo,357
quei,70
contribuiscare,334
svolgere,53
riccione,300
dalmine,192
attestante,46
divulgazione,149
scaraventare,1420
tramortire,429
eguale,75
galantuomino,122
sembreere,173
sogno,125
sprecone,174
annuario,31
berlinare,73
referentere,225
risulto,79
limire,134
pineto,184
schedina,29
vicoli,8
vita,62
pezzo,69
gattuccio,850
drake,343
ortodosso,123
ferraris,149
pozzetto,152
porcino,200
regolamentare,297
avvenire,58
folkstudio,290
circostanziato,134
resa,11
berlusconi,79
balmonte,108
mitchum,1155
munizione,255
trattore,228
insù,12
focolare,59
bolognese,133
monde,9
preparere,81
coli,88
costruito,145
dimostro,75
trentacinque,198
lunedì,83
professoressare,182
oncologo,195
cascato,496
pamplonare,482
brindare,125
bussere,59
retrovisore,148
coreografico,367
morfina,293
brocardo,186
viviana,514
sbrigativo,107
riconosco,278
cantine,129
giandomenico,881
fattuale,117
zante,116
controparto,133
concio,197
grazio,325
baritono,724
apparivo,241
selettività,683
cronista,31
traccia,153
aspirina,199
lande,65
sconca,49
sten,79
portoghesi,16
minatorio,40
obblighare,201
zia,16
incedere,416
eire,350
rotellina,53
polverizzare,157
cavolo,60
cassintegrato,123
help,129
massimato,31
leggenda,181
gandhi,5
lecito,104
claudio,169
accenno,114
galeno,177
patù,240
cupolone,105
rom,85
pesticida,101
rospio,15
moquettes,135
acetita,34
porteere,119
ultime,29
omaha,30
estrema,18
mielosa,27
colombiare,117
viole,19
caso,129
rinfacciare,612
premeditato,274
direi,137
nazione,117
bauladu,56
straordinaria,12
radiare,30
denno,520
areare,58
mihajlovic,447
borio,419
specula,12
altrettanto,328
sobborgo,71
ruba,8
imperverso,202
amianto,196
sponsor,61
ringhiera,171
scandalistico,208
ritenere,374
moire,318
impressione,714
minuscola,285
indette,124
annodare,134
celebrano,197
macabra,46
solforoso,289
sperimentalismo,414
testimoniare,278
escudo,60
dodicimila,92
gustare,78
tip,37
galare,248
bill,120
macere,30
esaltamene,103
antobio,139
montanello,218
parido,73
concitazione,453
renata,25
gere,602
lumaca,14
arenala,15
olivetti,161
ingegnare,118
azero,196
spirire,75
desueto,916
mcmix,463
preghere,27
plutone,79
asserzione,142
fendente,127
velatare,89
apro,4
drappello,107
dammele,778
campa,175
utilizza,94
contingenza,150
talpe,113
ornino,108
epigone,495
ragionevole,293
gomire,116
fossato,48
vollero,113
cinese,63
pendolare,294
ortolani,374
nba,146
sforzo,102
revò,49
armena,113
galoppo,35
organizzo,51
esplorativo,64
ballottino,182
abbassare,60
sedico,364
articolato,381
inerte,86
comincere,270
richare,114
oskar,109
combinazione,449
gamba,187
invano,75
formello,101
scaricare,206
salinario,140
newman,775
onda,51
pennsylvania,121
opportunare,216
vivibilità,91
ragionevolezza,505
destituire,81
comunicaz,295
parzialità,583
hills,281
delatore,132
tuffare,600
orbace,163
cos',112
straripamento,243
ricavare,111
cota,59
viltà,45
carino,114
colale,105
fotocopia,66
igino,66
avito,103
motoscafo,220
foster,698
zoppicante,696
insospettire,312
dea,161
vendire,60
temporaneamente,107
suscitalo,86
malcapitato,421
falsità,169
eseguirsere,128
suddivisione,90
vocale,322
importatore,99
pensionare,89
capobianco,494
radiolina,197
invitale,86
camionetta,474
agenziare,12
adorare,455
raptus,193
manda,23
garanzia,27
elisabetto,34
pelare,95
capisaldi,53
scilla,52
viceversa,430
annesso,4
ossi,18
incentivo,431
seniores,257
gravare,115
perare,568
ario,212
gratuito,12
perorazione,232
innesco,18
desistere,505
ciriaco,88
confermalo,260
tagliar,25
officina,137
bollicina,166
fatidica,28
antimissile,73
fritto,91
motta,154
trovere,211
fogna,127
sumo,9
viii,29
tirrene,89
galuco,366
ricostruzione,25
disdetta,79
remake,482
ufficia,42
differenziale,700
introdure,54
confusamente,453
dissolgere,246
unente,18
espiatorio,57
esauriscere,216
ergei,136
effrazione,154
soddisfare,122
brada,145
spinato,553
pistone,719
grecia,146
famigliare,98
riconosciuto,125
contraddittoria,747
lepro,6
coetanea,220
cenare,22
ispire,70
cappotto,757
tumultuoso,116
nume,45
ariston,234
attagliare,141
sessantenne,228
mozzafiato,310
stallo,24
aston,570
reddito,154
aspettare,647
implicire,435
sigmund,84
decennale,24
andere,261
bianzè,3
rivolgere,151
fragilità,558
materialista,495
effettuare,105
greenaway,660
undicesima,86
fumatore,66
gomma,99
inizare,86
jfk,79
strillare,619
bacchetto,374
traino,14
affidabilità,116
antiquariato,160
mesa,62
vibrante,356
libre,60
territoriale,117
puntino,95
designato,50
sciagurato,111
chiarano,249
insensibile,463
sfortunato,286
kaiman,77
tillon,287
cacatua,262
fasciare,887
successa,27
qual,190
induzione,269
oratore,29
classo,28
phil,72
sequestrato,175
mandella,183
finanzare,95
esonero,31
bruciatura,387
casolare,639
voce,21
solenne,53
zeno,69
struzzo,27
collusione,296
inceneritore,310
guam,363
esuberante,286
ciaccio,637
alberghiere,72
ramengo,555
trovalo,75
bocchino,544
fumone,63
crista,122
sfornare,78
romanzere,555
franchino,925
abbonamere,57
nuziale,111
accenda,49
com',101
crocevia,13
alcolizzare,153
floreale,468
europarlamentare,230
pop,76
principato,9
espugnare,150
emerito,27
artificio,47
sprovveduto,316
pungere,505
loreo,35
andriano,125
rimpiante,122
pensabile,191
riassunzione,70
siberiano,160
colre,30
antonione,643
informatire,172
portafoglio,43
silvare,39
ridimensionato,138
simbolica,128
monologo,447
squallido,183
minimo,46
chic,80
muratura,83
subendo,57
belgradese,134
svantaggiato,68
ilda,13
kigale,246
vitto,31
riducare,514
merluzzo,249
segregazione,98
venerare,176
estinte,65
rovesciamento,389
indirettamente,108
giaco,164
vivo,11
ernest,246
priv,402
indù,6
tanto,1092
foglio,159
sip,180
gianetto,454
procinto,30
fondala,26
amerigo,136
rilasciato,26
sbarazzare,387
coloristico,649
wagneriano,330
aliene,22
marcheno,245
boscoso,155
equamente,38
pente,45
simultaneo,10
joachim,123
latto,42
integrato,268
salivare,325
longino,51
bolero,432
lavora,62
maremoto,79
capretto,113
qualsiasi,224
timoniere,46
indotto,236
nonno,353
palombo,212
buongoverno,189
affermare,323
deraglio,78
demarco,53
anninare,377
surrogare,327
rinviato,33
leccia,425
adire,144
ramadan,90
astere,48
dicere,545
rai',165
barricato,201
capannello,83
disprezzo,687
precauzione,47
transfugo,68
tas,127
abriola,8
firenze,113
cloca,20
rublo,34
corposa,92
ogna,70
irrevocabilmente,123
pazienza,34
concilia,54
carter,195
vetrata,328
edimburgo,52
hilbert,532
mutismo,328
occhiata,39
atoma,72
arrivedere,136
vendere,170
poldo,284
quinquennale,56
pilotaggio,89
accalcare,473
lirare,56
infelice,144
giunge,44
cnminalpol,158
jervolino,49
ascrivo,69
decima,70
benedetta,107
tarma,7
autoambulanza,143
digo,5
islanda,150
sirto,271
dasà,64
telefonata,63
cineteco,81
ringiovanire,142
passeggiare,190
colleferro,116
bovino,106
iperinflazione,160
bovary,267
disinvolto,613
mille,98
catena,9
protestavare,233
asso,18
addomesticare,119
riuscivo,514
mantenuto,34
insulso,297
abere,92
incorso,13
scaldabagno,266
deceduto,120
parie,9
salomonico,99
corruttore,99
tonco,4
molgora,224
senta,15
coraggiosamente,349
masto,14
lunaro,127
scientifico,251
epidemia,187
boves,194
concordanza,249
ludo,14
cecoslovacchiare,135
ravenna,207
portofino,104
simbolico,185
bulla,253
faie,1
castaldo,292
implicano,108
operante,86
arcobalenare,24
dirige,20
caporale,83
decida,79
yimou,122
ceduo,46
socialisto,389
castellane,346
centesima,53
eugenio,68
fobia,8
apporte,85
sfondare,228
scorribanda,115
legislativa,129
caravan,23
fregata,158
brav,20
alivar,281
disputo,33
anoressia,326
contraddire,900
bastia,282
tessere,15
inneggianto,188
boom,24
castità,223
dimenticato,405
sterpaglia,338
arabico,142
mendelssohn,345
complotto,91
mica,107
disturbo,319
agricoltore,55
omesso,141
infortuno,38
antey,364
pece,564
isabella,137
chiesero,101
ignoro,144
acrile,54
vanna,94
funo,146
sandinisto,118
raffrontare,141
solaio,29
stancamente,619
ankara,211
toro,3
fasso,141
apposita,27
sanctus,86
metallico,378
sessuare,133
involare,454
batteria,63
impervio,127
asiatico,177
ruffone,309
convalescenza,63
comportamentale,762
previdenza,102
antidepressivo,327
competitore,68
vaticana,58
fica,34
servilismo,439
fastidio,347
spietare,180
raul,5
addentaturare,688
disillusione,577
valicho,32
squaw,138
inguaribile,74
repubblichino,59
clelio,96
villare,42
disgregazione,403
controllata,87
risparmio,126
fondicro,314
calzatura,201
verifichare,75
riguardere,190
irripetibile,385
insospettabile,285
imballare,388
pavia,193
uniforme,71
rubi,4
avanzato,85
dispositivo,118
agrigento,199
avellino,346
mostravare,301
antiriciclaggio,86
naziste,134
intengere,128
agiare,51
lavarello,1372
impoverimento,746
ergo,6
finire,343
ate,32
bovina,61
duplice,24
piomba,144
cimar,26
preconcetto,728
bevanda,142
processore,37
genialità,998
nascosta,220
videro,114
abbondare,71
scappato,445
venare,32
caria,26
acustica,112
dosare,38
disorientamento,459
campus,42
stet,157
tombo,160
maritare,268
annettere,48
egoistare,180
carinare,120
moschiano,39
falcidiare,36
cisterna,408
politologio,273
irrisolvibile,175
liso,99
pacatezza,337
ricacco,57
formula,12
autoptico,105
deduzione,157
ariano,53
decisivo,61
kosovaro,136
affliggere,133
marenzo,66
augere,442
partecipere,75
violino,225
opposta,132
forzo,29
geraldo,395
sgradito,231
goal,136
destinalare,281
situo,44
giudico,123
baveno,182
microcriminalità,193
congressista,113
smaliziato,670
sanatoria,161
lungaggino,87
facere,400
cerare,387
emerga,34
folto,36
incisione,246
telespettatore,92
impadronire,98
cusino,373
sassario,296
luano,35
telefonino,47
pinza,2
arco,8
tesso,28
etrare,63
pullulare,136
alerò,8
collocato,12
parcheggiato,415
bae,101
timbrare,74
tesserare,22
commercialista,137
avvertito,85
esulto,15
indisturbare,291
intimidito,306
beccante,241
sorta,114
susseguirso,185
disaffezione,389
egido,14
sorgere,37
propugnatore,280
scatolino,372
ostale,25
collaboratore,66
amalo,53
supplemento,12
accase,86
classica,189
imboscare,147
mccarthy,253
berg,124
siam,33
accusare,165
buso,313
montcdison,194
scioperare,146
aung,20
commosso,123
localo,31
occhio,95
ormai,225
eresso,8
calcolo,130
staff,16
arienzo,28
intestinale,354
dovette,56
interessare,117
diciottenne,432
ciclomotore,200
potreto,20
stucco,315
sperpero,103
metropolo,37
jerzu,149
mammut,7
ruthre,530
duecentomila,113
esalazione,397
elevazione,135
bobbio,126
tendina,47
damma,16
normale,89
esportare,121
drenaggio,189
generoso,107
ibero,8
tranca,80
dian,10
segretaria,63
cenno,58
torquare,57
poggi,59
favelas,81
brace,613
pomario,171
jewel,253
ameirn,30
camara,37
temperia,43
insistente,221
restii,17
ognuno,69
rivola,30
formalità,37
renato,183
vagheggiare,451
zoeo,75
ricomincio,30
manifestalo,109
stuprare,254
diffondare,74
rocare,223
dipartimento,33
sciopero,96
bandi,127
apparrere,77
telefonicamente,57
inopportunità,307
binazione,283
orpello,297
minuto,43
circe,115
ostracismo,234
degradante,298
bicameralismo,146
singolare,330
lemma,12
potentissimo,52
disperrere,113
martire,239
storicamente,857
cadore,17
sri,13
stoccarda,328
trarre,35
gas,95
spionaggio,48
sospirato,63
compiere,39
comparare,280
capocannoniere,569
stanle,180
spintare,315
potire,86
obbligato,33
difese,50
tutù,81
flavio,117
portatrice,309
tabloid,72
ras,194
irridere,728
verticistico,1018
continare,483
uni,11
forcing,52
velato,122
iaea,40
venti,165
credibilmente,306
sean,455
stuolo,103
costituirebbe,312
catania,230
fotografia,181
sacrifico,43
collettivismo,806
addio,57
socrata,39
tamponare,58
fallo,332
platone,105
gobbo,534
debella,42
marvel,66
ricaricare,55
zucchino,56
locro,135
bruto,40
pana,13
corrente,12
perlustrare,333
riordinare,148
sorellina,315
ricandidare,157
annientare,181
palestinese,140
olimpica,131
gestito,96
osto,63
tiratore,102
lune,27
incerto,154
comprensibile,753
ridistribuire,116
inseminazione,223
limite,78
tutere,35
strategica,85
parè,448
piacevare,786
miserabile,363
tempora,65
amai,74
torrente,199
romino,13
patrie,375
correntisi,16
nomination,61
cespito,242
produrrebbe,576
contrattuale,203
popolazione,84
sprecare,117
influenza,133
scremare,138
tarquinia,230
uninominale,104
castellano,487
orafo,50
stand,79
appianare,26
sorprese,121
innalzare,45
romanico,306
bellone,197
parso,122
avancia,27
onno,126
normativo,668
palazzo,42
positivo,103
commentato,230
galleggiare,542
incolore,216
tolentino,406
albertre,361
afagia,29
ventenno,217
intercedere,59
marmi,40
sachs,41
concorrare,103
tulipano,619
sommerso,41
scaino,412
definitivo,67
allievo,82
diciottesimo,174
supplente,11
temibile,104
genitale,396
madras,237
accessibile,118
sgravio,238
impano,9
jakob,83
arativo,44
valuta,99
indispettire,246
scio,30
percorrenza,117
guastatore,72
rullo,19
pakistano,253
estromissione,211
mick,578
besta,189
emanuela,281
durevole,111
altroché,100
opacità,345
esequia,88
sottomare,70
cercarere,316
maglio,122
discrezione,65
progressivamente,392
cremasco,123
ari,93
valutario,114
furto,123
degrada,80
zigzag,56
scillaro,27
ricerco,93
mutere,181
generico,268
serietà,238
abbinamento,60
fund,273
ebbrezza,102
modulazione,561
evolere,310
spasimo,375
bio,213
definiscare,377
nettezza,20
straccio,652
grigia,76
ambizioso,48
brigante,111
impieghare,178
sacca,16
inoltre,260
vigilantes,285
equilibrismo,250
speciale,3
buddha,47
ponendoso,174
manina,107
fratricido,82
preoccupatissimo,461
fruitore,67
mattinato,56
adempimento,228
bazzotta,71
spostandoso,119
miare,203
eritro,58
sandra,82
gradone,265
tondello,390
marana,396
finanziarla,135
rossonere,319
oscurare,130
ingiunzione,118
sperlonga,206
cappella,319
convinte,370
dispiacere,569
alternanza,108
dense,47
vesuvio,93
rifletto,52
protomoteca,147
finance,316
accluso,92
constino,86
svolgimento,50
fiabe,288
imborso,235
carrellata,190
lanciamissile,174
cassazione,139
mattinata,43
scorre,109
severità,158
rosaio,288
lontanamente,600
elenco,60
cianuro,54
scandisce,61
lanettare,469
appao,147
catalane,113
arrembaggio,269
debuttante,354
collina,467
ascoltale,98
smarrimento,177
sciarpe,626
omnia,71
pereto,12
memorizzare,195
picciotto,414
utilizzale,170
else,100
sopralluogo,139
chiamale,30
senegalese,158
dore,145
naturalezza,809
braccetto,35
intermediario,173
diedero,17
bresciere,222
piovare,53
harare,237
ammassare,391
emendare,115
egeo,7
malumore,79
idrante,198
paradigma,410
espanso,9
impartire,48
insulina,457
tesco,300
arredamente,24
maschilisto,184
fatalmente,420
applichare,122
capimafia,239
falena,131
invettiva,489
dorio,152
mignon,2
sidone,30
risolutamente,268
marguerite,105
battane,10
piacere,597
manuel,107
afasia,244
restarere,350
davo,269
comparsi,135
asinare,75
terminere,99
reiezione,149
ruandese,162
acetire,110
sabrina,425
mantenere,79
ematito,42
imbarcazione,235
inviare,98
meravigliato,318
pascolo,97
conclusasi,90
rhoo,12
fieramente,113
gutenberg,131
ernst,191
virtuale,86
oretta,106
schettino,260
mascherare,356
gestore,62
accendino,331
nette,5
fossare,257
albera,247
rosselline,202
attracco,102
coppia,102
erosione,340
credio,133
canterello,64
loggione,25
insignire,59
acireale,318
spensierare,377
collage,473
tanno,42
contenure,145
imprevisto,82
ostico,81
aratisi,196
propedeutica,61
eccezionalità,176
postumo,90
replicare,170
carisma,57
liuto,52
sostenare,372
ostro,13
sero,20
fermino,105
lue,74
eastwood,363
forsennare,468
dissenziente,360
lascialo,55
dere,340
pratese,48
vacazione,277
capare,253
toyota,122
gratificante,215
ceppo,40
risultalo,54
soste,14
finocchiaro,264
importante,134
scommettere,90
benevolenza,294
men',126
benedir,29
preterire,49
frascato,163
tenaglia,87
moderazione,224
capitate,55
coreano,49
pardon,168
caucaso,157
recedere,310
definì,39
snido,40
spiazzamento,173
inqualificabile,209
laterale,164
siluro,42
partano,40
istituì,75
latitare,257
brillo,404
darebberare,651
emergere,290
delineato,288
coppola,116
parile,8
cauto,147
lere,172
preferenza,90
meditato,415
muffa,73
pst,8
concettualmente,845
sequenza,154
narratila,95
cooptazione,221
palazzinaro,262
johannes,129
trento,181
oppressione,731
cerale,268
trionfale,41
augurare,228
costa,134
dostoevskij,95
ingaggio,78
conferimento,184
privatizza,50
senz',25
dazione,103
selezionato,80
gramscie,115
avviò,21
sherlock,328
inesploso,310
manipolatore,243
campanile,236
alquanto,185
tattica,66
canonico,69
atro,11
lussemburghese,39
frapporre,176
pedaggio,141
ciclone,18
teorio,64
terme,67
aldina,80
bonito,244
bisca,6
toccasana,53
suicidare,263
riferì,100
ameglia,76
gamberetti,323
riassunte,125
insembre,369
fruire,60
agilità,171
tropea,32
udina,228
contrappunto,834
ecumenismo,294
ristampare,176
marino,252
prostituire,307
esplicitare,389
decise,131
lilla,268
bancaccia,58
casalgranda,632
tutt,115
apparivere,494
centralissimo,136
fertilità,260
pedagogia,231
dentisto,45
proficuo,34
gerre,59
salvino,301
sarabanda,114
truffaldino,120
personalistico,501
piattaforma,30
supremazia,46
continuerò,424
indiscrezione,101
insabbiare,93
logorante,226
pulcinello,150
corre,17
fornaco,222
lacune,109
giudiziale,198
crealo,17
sfocare,97
elfi,21
imponire,165
stage,8
ovviare,438
beffa,52
centenario,107
prevedibilità,591
flore,120
ove,25
strascico,89
aracelo,134
unesco,21
carissima,214
imolese,12
ergile,12
iroma,2
iniquio,14
pollino,146
indagine,114
velata,73
abbuffata,109
grone,149
fuorilegge,36
raniero,311
traspore,43
edificio,244
adeguar,32
bollo,13
riverso,212
indurain,212
colleghare,47
galoppante,185
olimpico,58
filobus,107
incauto,248
egregio,29
oleg,29
piovra,25
colto,232
pornostar,160
elettoralmente,332
limitrofo,82
rincuorare,388
sbrino,74
musicologo,404
goccia,54
alfeo,103
indurimento,429
unno,35
cogliere,101
arterioso,191
mana,304
tremendo,442
attratto,338
interdetto,7
penalmente,233
semplicemente,690
cecilio,37
eroica,173
casuale,209
mogol,43
lustrazione,157
dottrina,257
tramontare,205
mortale,74
ragguardevole,78
neutralità,263
ingrao,165
branco,33
contentissimo,280
ignore,184
cetona,92
regolamentazione,539
gonnella,16
haitiano,102
sceneggiato,225
conosco,317
parastatale,109
ateneo,30
stroncatura,233
scienziare,212
oppenheimer,175
invariare,92
peggiorare,118
grana,48
storicizzare,480
esta,104
straziare,413
risposare,122
lookre,24
odontotecnico,52
teocolo,92
blasone,90
messaggero,61
street,43
aratesi,24
rigare,70
imac,219
bai,110
sirare,241
destabilizzare,260
fagocitare,380
speltare,241
ciaccone,726
senior,160
sovrastruttura,291
irlandendere,57
basterebbe,157
inversamente,62
piea,11
figliolo,250
supermercato,124
vinicolo,111
carbonio,208
erula,40
lillo,192
riflettare,204
ribadì,106
sciogliere,38
stranissimo,354
gloriosus,25
ennesima,58
demenza,138
nizza,49
sprangare,626
altronde,468
ricapitolare,52
pretoriano,148
scrivere,172
sole,35
condanna,133
rannicco,943
contemplare,319
anzare,45
turno,20
consolante,57
occupire,175
dividendo,175
gialloroso,392
zaccaria,1023
amplificare,178
bruciacelo,247
mesto,199
polla,39
riscritto,85
causo,36
confindustria,139
sessantottino,165
esprimo,101
tonello,435
grammatico,202
salvaguardare,297
superabile,244
pronto,24
anti,41
astrattezza,568
sap,14
rambo,148
londinese,117
minuzioso,110
picconata,58
quarantaquattro,237
ultimato,60
firmalo,71
monocolore,54
automobilista,130
maseru,103
davino,156
bellunese,188
affascinare,758
minnesota,168
cedrone,301
choè,66
ionizzo,233
muretto,777
cosette,65
malinconico,794
sincerità,346
scrupolosamente,85
pagare,158
balia,4
ramazzotto,120
latina,113
constante,95
magiaro,74
celebre,574
durare,80
spaccatura,133
marsiglio,113
antifascista,134
notorietà,53
sufficienza,224
crescente,258
bellico,108
rossellini,123
elettrodomestico,227
indifeso,194
carriere,14
difficilmente,217
tifa,46
pregiudicare,133
cosima,180
andazzo,15
familiarità,130
crepare,87
borghesio,20
abboccare,515
statistico,180
spurio,84
capitato,84
crosta,455
placebo,306
misticismo,765
telecronaca,181
manutenzione,159
squilibrato,82
caricare,207
disamore,668
bramente,120
egemonico,504
ricomposizione,497
inerziale,336
malia,164
napolere,181
irreversibilità,413
predigerire,82
esine,29
alternere,73
vongola,126
mitraglia,297
calliare,650
mutante,223
morra,86
intraprendente,32
fatuità,105
temperato,99
palmo,76
urnare,118
febbraio,77
messino,203
degradare,157
bizzarre,462
ovattare,262
avresta,275
moreno,317
manesco,558
laceranto,252
nascituro,228
tariffe,28
paglierino,92
arcuaio,75
melanconico,822
randa,77
annuire,145
ossido,208
ruspe,136
fonogramma,25
schiera,50
maggiordomo,392
graziare,411
mieli,31
indiscusso,46
ammorbidire,51
tremila,103
blindato,274
barella,193
limo,79
degù,41
sportello,30
inventato,1143
loie,63
blitz,83
lontananza,365
superficialmente,913
accogliente,72
separatista,278
seguile,64
lunghissime,76
estratto,21
riproporre,228
trentatré,138
impossessare,164
scolastico,43
compatto,88
garbato,246
converge,104
intrecciato,325
fiammifere,424
interventismo,387
litro,98
lama,9
scelta,249
fatiscente,227
donare,64
speculare,92
cogne,15
granello,270
manama,39
dire,893
atlanta,26
consegnano,48
guerresco,222
pesce,203
sufficiente,261
mostrare,175
rinnovamento,263
inventa,376
arabi,138
dilare,437
stanziamentio,164
spettato,41
confienza,104
mobilitare,116
catalogare,165
macroscopico,244
tarlo,19
savonare,203
mezzala,110
termico,223
pura,158
aggiudicazione,134
assecondare,598
egiziani,159
assalire,572
solaro,26
semplificato,248
cannoniere,365
fire,12
uomo,116
grandeur,61
agnano,76
trailer,137
moschee,59
ghiaccio,199
vero,371
cesareo,97
cablare,44
piattello,118
matasso,20
spendare,142
asprezza,285
onorato,78
tam,13
trafiggere,411
cruciale,95
antoniano,284
stroppare,555
individuare,213
puzzle,31
liquidare,91
piromano,263
spranga,503
riscosso,45
cominciavare,345
luogotenente,230
castare,521
suonatore,270
spese,111
caldeggiare,192
ridimensionare,120
infarino,107
slesio,31
bruttare,423
irresistibile,292
risvolto,75
erba,155
fantastico,456
ricca,19
donovan,825
appetibile,95
rimarere,72
linaio,30
cossovo,175
perdita,22
inadempiente,149
zappino,90
rientro,34
generice,127
vagone,218
rama,102
proponevare,426
sonore,181
logorare,265
mosso,26
loach,257
strappare,225
ultraconservatore,119
valorizzo,126
avventurismo,288
ecosistema,267
zinna,84
vivacissimo,252
pian,4
onestamente,635
domai,34
globulo,252
liturgia,118
prestabilito,180
soffiare,243
zoere,113
irrompere,180
leccare,417
indeterminare,243
boutade,40
ispira,26
leghare,30
financial,27
ambio,12
togo,22
trek,335
conoscenza,99
ire,493
nascimento,225
cortigiano,94
plaus,126
arricchire,64
bottolo,56
gremire,129
strozzare,102
camposanto,377
troia,22
colorato,679
prosciugare,144
epico,393
repentino,97
terma,30
deliberare,226
potere,842
jugoslava,108
soffrire,235
fulbright,39
mainardo,1091
ararat,140
kohi,123
moscato,1012
beale,578
terminalo,77
ardito,35
cassaro,521
schio,20
boston,214
cocaina,71
alessandra,142
incomprendere,504
letterario,635
ginepraio,48
cordolo,64
respirazione,219
chiedendogli,68
emendamento,143
finanz,386
neurone,247
solo,906
ventisei,163
fitta,16
diabolico,132
retorica,712
contrassegno,81
asello,325
binatura,77
finanzialo,179
perciò,766
biodegradabile,318
congruo,174
finalista,130
richiesta,136
rancore,258
raffinato,524
autobus,209
scintillante,631
sostitutivo,333
inducono,154
elie,11
dracena,144
salab,273
guelfi,188
trasforma,75
statalismo,489
unghia,177
tapie,10
inerire,147
aquilino,128
lepontina,43
riposo,130
ansa,35
riciclaggio,84
indebolere,388
rigore,134
consociativo,381
sicuro,430
fomentala,185
newsweek,57
colonizzatore,159
precipire,45
impiegata,68
filippini,159
tallone,21
cecoslovacchia,124
piacevolmento,454
svila,64
sommovimento,202
viso,270
carneo,163
alalo,318
budda,49
discussa,164
fiji,9
jersey,167
pitone,315
une,64
francofortere,57
infettivo,489
travisare,362
burkino,98
epiteto,162
promettente,88
wall,41
valdese,58
resso,33
imposta,247
privazione,511
intenso,77
redistribuzione,482
elider,674
costituii,68
spadone,677
ladispole,77
epigrafe,280
coraggiosa,89
eden,531
samio,241
orsa,20
diplomatica,39
fregaccio,479
piegare,513
ricamare,530
conformità,183
lavabo,40
svilire,238
cantone,173
trasformandolare,202
spicciolo,66
riorganizzare,216
chiesre,68
sviluppato,277
frazionamento,333
eduarde,18
osservo,24
reintroduzione,64
bros,272
specialistica,198
contatto,39
scipione,72
delirio,292
samaritano,190
inaccettabili,231
karma,39
qualificazione,112
some,105
debito,127
quest',37
ricezione,182
vendese,32
rima,75
pranzo,77
raccontalo,224
fole,132
lobbia,45
tradure,133
pantalone,328
parkinson,227
rito,57
mafiosi,219
apparare,59
riesame,166
piera,333
rimandato,91
ferale,11
diversificato,342
antisovietico,203
immortalare,611
tradizionalista,476
innovative,330
consapevolezzare,1048
settoriale,342
grilletto,206
alluminio,333
peggiore,104
jane,365
testardo,162
ancia,22
premono,29
prestare,145
entrere,103
allagare,271
alcol,15
consuetudine,162
conoscimento,86
secessionista,266
nievo,35
camito,44
velocemente,89
fiscella,56
proponere,255
attualissimo,616
onesta,56
benestanto,55
ottavio,64
sub,2
distortare,334
reinventare,260
ambone,83
collegamento,40
hamburger,92
assorbire,262
bombolotto,293
amorale,54
clino,381
arignano,103
enorme,68
galvano,138
penalizzante,338
anconetano,297
scampolo,106
mazza,255
gore,45
perfetta,44
predire,141
concorrenziale,467
equità,146
erroneamente,178
incensare,109
oggigiorno,78
espongere,49
probi,87
incentrare,115
mogia,290
anticorpi,465
penny,353
pervere,86
wallace,248
dieter,123
ravennato,118
avvolgere,464
danno,73
ton,29
ebbene,385
adrio,61
incessantemente,200
trasversalismo,712
carità,122
scalpelli,533
badia,56
lessico,294
revoco,93
vedova,54
compro,17
annotazione,116
filiazione,8
squillare,66
formale,241
stilista,115
giungare,51
alexander,192
duramente,71
ghetto,12
ardeatinare,158
stirpe,60
stratosfera,121
giulietta,111
selezionare,66
progressistare,226
ricercatore,299
coree,40
moeno,28
adii,10
danubio,49
gioe,48
dentato,47
esorbitante,184
angino,52
kriuchkov,153
gerry,145
patologica,528
guggenheim,96
dipolo,154
strutturale,522
conseguire,232
giapponese,55
appuntare,192
cariare,44
vizioso,62
educato,88
accetta,31
boccale,186
eminentemente,391
bendi,144
finisco,65
consueta,10
eseguito,23
spa,21
bahrein,90
sare,144
gildo,24
congiunto,41
inibizione,226
decada,14
spigolo,351
auriol,164
ragazzone,351
pratico,510
provetta,341
confedilizia,88
sbaraglio,116
onanì,48
eleggere,132
aggravamento,490
avvertire,234
ottemperanza,191
appiccicare,884
ragolo,910
bufalini,86
caseggiato,628
viterbese,118
stentare,412
hollywoodiano,404
processionale,69
elmo,8
boutada,77
rallegrare,222
componimento,106
cogente,273
richiudere,188
fogliare,104
maseruo,242
cronisti,38
interdipendente,566
mantenimento,266
ripetare,219
calci,289
caines,218
ascario,180
bitto,187
battare,224
conquisto,76
autoregolamentazione,357
sir,17
però,1039
scalare,76
vene,94
spegna,34
ugoo,141
semplicità,962
volga,10
utopio,256
apprezzare,232
civice,9
carato,36
narra,206
derrata,138
liturgico,209
smarcare,268
perorare,153
fabius,69
accorsa,251
danzatrico,280
liana,187
usto,36
parrucca,338
brenta,26
achille,49
errare,36
ricore,73
tedesca,72
restituzione,101
vando,52
interplanetario,193
condominio,66
incrociano,47
pai,24
saltar,111
contrappese,542
confessione,178
iterare,408
brillantezza,396
approfondito,196
delinquere,170
racconti,237
aggiramento,235
antero,7
stragi,54
otturai,140
distacco,33
new',16
disguido,35
sbornia,92
concrire,335
pamphlet,67
metodologico,536
zinco,130
lambro,41
federa,14
aipac,81
vico,118
livida,294
aperre,27
difendere,243
cima,87
previdenzo,89
falsariga,12
massaggio,183
cospirazione,136
livorno,159
manare,203
diffamare,128
soddisfacente,175
rendare,24
salilo,116
cinquantenna,232
assomigliare,498
carrarare,137
laos,13
controllore,47
scimmia,34
femminilità,281
integra,41
volger,127
premare,138
carrozziere,152
ungere,122
ghiere,10
ebraica,88
impiegato,84
alleggerire,291
leggoo,52
venutare,153
piaciere,253
seul,74
convivente,248
kabul,242
riecco,118
polpaccio,588
noie,5
rospo,27
sbriciolare,420
percorrevare,261
ebbro,38
capocciare,967
keaton,797
giuda,21
geroso,18
calligrafia,59
toledo,37
danilo,327
ripiombare,305
vetrare,234
reperire,256
trinità,164
cavalletta,282
costarica,267
ileo,9
sfruttare,90
plutonio,127
miano,51
indur,25
implicita,167
portentoso,174
leghista,118
trono,46
dovrai,90
tagliare,127
disposto,216
sinuoso,555
recalcitrante,115
dorare,110
fragore,94
boxeur,198
pdre,176
rusticano,218
persino,746
annunciato,104
jazzisto,178
atletica,215
testimonia,117
vergine,141
lallio,93
fissità,493
zanna,408
ristagno,35
volfangare,40
sarcofago,260
negre,22
vinta,146
sommozzatore,229
aggeggio,431
artefico,9
attuativo,354
riccho,9
deportate,197
enoteca,65
raggirare,36
filosi,41
passavare,466
smobilitare,80
stufe,91
atesine,29
duraturo,119
sbafi,43
triste,227
sensile,88
moneta,66
svendere,98
ottantesimo,131
elettivo,105
fango,279
ultimatumo,81
ereditario,174
insensatezza,755
distruzione,164
marezzo,659
semplificazione,506
ferrara,231
datore,128
telegramma,68
temono,80
impiegalo,126
accogliire,43
dragare,108
illuminante,182
folgorante,661
vieto,12
trasportatore,121
sortita,155
ragioneria,34
camionisto,145
canguro,76
carnago,107
stop,18
deragliare,115
asfaltare,516
mir,28
bitume,394
gallia,363
scozzese,70
giardare,23
imbarco,146
jumbo,134
svelamento,254
regare,113
trattoria,261
alzata,13
feudale,101
scarcerare,161
pispoli,152
volgario,293
appennino,242
chilo,9
pennese,128
duplicità,339
vetta,233
luciano,215
warren,448
iota,111
pagano,11
fard,74
percezione,764
rigurgito,179
discussi,125
parzialmente,85
autonomamente,170
scarpino,83
omnibus,20
chetato,25
loop,82
inscrivere,467
coupono,10
bisette,34
mirafiore,86
iran,12
imprenditoria,126
protrarrà,73
antipolio,59
rnare,186
maenza,211
maltrattare,221
steccare,8
mama,460
isolano,29
raere,73
pugna,47
condoglianza,139
dritta,30
rock,344
climatologia,109
tuttora,57
emettino,6
maastricht,52
riconduce,175
eternamente,146
azzio,394
checché,69
espressività,600
nominare,167
suggellare,181
contraddizione,538
canadese,80
mandela,46
fognare,111
ardo,284
battezzare,194
sbafo,46
lira,90
alcamo,158
chevenement,71
cecina,38
meccanicamente,189
scettico,127
plancia,185
ratta,46
prelazione,42
tiziano,206
perdonare,387
cosciente,427
necco,428
inaco,18
pape,49
inne,121
caruso,142
iore,135
maliano,72
bocco,136
insegnato,251
scrutino,35
strong,402
ciglio,61
bresso,8
lombarda,54
chiacchiera,300
aplomb,62
provengano,63
battistrada,28
condivisione,714
fumo,48
abnorma,486
inalterato,331
condom,17
affidare,132
kong,128
pile,285
spoleto,67
interpreto,133
lettuccio,274
cacciabombardiere,239
dimezzato,29
brachetto,904
formalo,71
ghana,205
constatare,402
storiella,470
presidenza,121
vacanziere,75
caraffa,42
spatola,216
giocoso,340
demordere,177
chanson,262
deboro,41
balcani,50
protervia,299
socialirre,104
cristiani,121
alatolo,144
incomodo,49
uscari,11
doletto,253
ciambella,34
pudore,171
indisciplinato,47
corporativa,45
petroliere,81
peruviano,81
accettazione,218
bottino,40
appesare,178
informatica,181
dorato,330
regia,301
manilo,369
celermente,67
mangiare,384
aprilia,124
galluccio,639
volantinaggio,133
potenza,11
sirio,13
effonder,400
fluttuazione,247
strider,53
domo,40
assure,123
targa,49
nuoto,166
sbigottire,363
portala,69
quotidiana,22
polso,30
figurazione,443
bagnine,65
monolitico,489
bufala,59
dee,107
gallesi,59
illese,39
contrasto,205
esca,7
sfogo,76
eritreo,150
rizzatelo,334
dar,42
segretamente,56
ripetutamente,138
dopodomano,95
depositario,62
brame,47
taglieggiamento,176
giaguaro,54
languire,56
sbilanciare,284
difeso,27
eterosessuali,189
elvetica,40
gano,118
valletto,314
peschiera,133
fingire,24
ehm,50
emiliano,212
attui,32
divenute,63
scegliare,93
invasore,197
risolte,80
irma,8
isaia,7
carro,104
fotografo,84
offese,131
meandri,6
avversione,736
continuo,127
spelling,185
dirittura,19
raggiro,26
stucchevolo,437
preferere,92
cuna,4
schiacciato,342
elogio,65
vò',155
prevalsare,270
targato,12
allestire,88
sociologia,273
marc,308
insurrezione,229
dirigenziale,39
volfango,58
molestia,56
intinto,146
erculea,236
salina,43
ubriacone,380
portellone,68
maldino,352
georgetown,209
viscoso,5
motociclismo,199
cote,40
scissione,137
redazionere,44
ambientazione,197
entroterra,237
utiu,26
sotto,9
golfo,65
dubbio,120
confar,48
obbligazione,265
fratto,72
accuccio,1154
contribuente,179
giustiziere,157
divampa,71
pattumiera,289
natività,154
salso,254
serge,123
bulteo,291
ducare,80
naso,125
razzia,42
cinto,41
mousa,274
diverre,99
cattolico,115
bristol,91
slot,21
nuto,35
patato,337
atrano,106
cateno,12
neoo,52
boriagliele,71
proteggere,113
torturo,47
innocue,252
inflittaglio,66
prematuro,37
ventidue,126
segnaletico,70
sconfinare,264
ingiuste,174
ricono,41
fermalo,183
selenico,44
affondamento,56
orante,190
bracciante,81
quattrocentomila,144
indore,35
mandira,80
mignolo,189
solidarizzare,220
decoro,28
tomi,48
lotus,192
preme,75
blinda,6
putsch,49
adriare,30
export,29
bimestrale,57
coricare,215
affrettare,176
periodo,41
daily,71
salonicco,62
inusitato,305
perseguito,304
cosacco,178
tessile,166
scorto,40
miniera,47
orbitale,144
sestio,46
accresciere,205
patty,261
cenere,49
pendolaro,224
clay,518
borro,19
mirabella,139
fume,59
zecca,10
opposero,128
arengo,47
minimamente,262
ciana,77
contusione,99
intasare,255
artificialmente,402
aprito,23
pagliaccio,234
alesi,51
piedipiatto,335
falcare,65
batterare,351
luttire,315
attacchare,127
collisione,48
trappola,43
manchevolezza,247
dana,7
pescante,55
lovere,299
completezza,271
labico,111
clip,200
marittimo,119
ambre,35
ridisegnare,142
bittone,293
contrassegnare,182
porfido,138
pipa,47
loden,211
emblematicio,132
ammettere,317
renano,17
corsetto,153
raimore,572
forfettario,362
bare,18
copioso,44
orfane,92
piuttosto,707
bondo,12
camire,81
avessimere,344
bellare,373
fisicità,695
sanità,40
iberare,25
realisticamente,799
indirizzo,20
pornografia,211
andarleci,475
organizzatone,113
moldare,230
certamente,903
scalpitare,687
ordinalo,19
bandire,26
piazzato,51
lucio,179
argot,85
baviera,79
maggior,31
valtellina,92
scongere,314
xenofobia,101
kantiano,436
intattare,522
articolazione,858
polis,9
ringraziamo,134
gump,515
quarantacinque,199
incline,134
pinochet,77
prodigare,166
impennata,159
palude,26
assaporare,277
terapia,328
novarare,299
pulimento,304
agato,157
sommato,304
soldato,275
promessa,35
abbellire,475
aorta,6
individualo,121
referto,41
presupponere,1141
conservo,42
ripetono,285
uniti,12
castagna,219
duno,243
emare,42
fiducia,51
gobare,62
pasticciato,207
marangone,303
portalettere,110
espor,77
elida,56
rossastro,641
contraccettivo,303
rafsanjane,174
pompon,239
concretezza,415
traversia,23
privacy,24
miragge,35
ultimativo,159
inventiva,247
truppa,289
antigone,128
pallavicino,365
cadena,133
ile,578
rispettare,210
chitarro,201
sprazze,483
drappo,44
drammaturgia,327
decisionisto,173
gioacchino,382
dimentichiamocare,451
esteso,159
auri,53
amorevolmente,233
salari,47
giovanbattista,973
volenteroso,343
proust,73
musicare,330
sospetta,209
fomire,106
ricongiunzione,278
figuro,38
accingare,170
venticinque,232
mira,23
erzegovinare,154
aggregato,134
dettagliatamente,270
posizionamento,464
rosicchiare,901
sfilo,12
cicogna,77
monda,35
avicenna,71
omelia,118
antagonista,93
apparve,46
anomalo,146
cantato,346
eneare,120
clown,26
taipeo,22
biologico,367
magnago,70
arrogare,204
cosio,220
invasi,114
medusa,164
immunitario,379
esplodere,115
invidiare,207
rasserenamente,147
distato,30
assottigliare,91
accompagnamento,75
riporre,126
aereo,197
piego,4
immere,401
fiorare,107
malare,246
acoro,3
woody,258
pone,11
ostacolo,15
originare,76
termometro,72
rimette,31
castellar,353
apre,16
partile,123
ammonimento,151
maiuscolare,41
malore,62
arra,123
nuotare,85
infermeria,108
piana,208
variamente,270
trenta,228
difatti,98
lanciato,52
inaugurazione,141
bicicletta,114
rossonerare,584
laurino,320
decimare,156
clan,145
eccedutone,14
cincinnato,307
autogoverno,94
michetto,736
bellano,464
riduca,358
sbrigare,36
arrede,155
carudere,99
ribatte,152
retrospettiva,376
processione,144
bes,27
montagnola,451
omicidio,209
tendo,42
mondiali,147
brave,114
stone,119
stravoltare,173
merire,433
scippatore,372
intensificano,72
sovraffollare,176
cortile,319
raggiunto,25
prospettano,299
eclissi,27
cassia,148
furlani,90
boario,210
fraintendere,313
ballo,32
defluire,235
polaccare,109
muraglio,150
domiciliazione,37
uniare,18
bonobi,347
jennifer,384
esitare,352
campana,14
membrana,318
comun,244
orgoglio,139
sinteso,119
cetaceo,141
pubblichere,140
sassaiola,383
ingiustificato,288
risparmiatore,107
equidistanza,113
melfi,54
escluso,25
beppeo,261
fatalismo,519
flagello,115
moena,55
crespo,7
agenzia,19
vandea,38
acquirente,158
indirizzare,79
luttare,400
faccendo,110
lenola,19
cassino,125
serva,6
dormire,258
incisore,213
incitare,349
cassaforta,79
ottennero,23
inn,143
controbilanciare,792
atteggia,80
miliardaria,57
braccare,356
calogero,291
trasmere,40
nomignolo,232
dispiace,236
dualità,30
body,67
gigantesca,223
filmato,106
impossibilitare,407
collins,1007
cripta,180
comunista,158
cattolica,111
beare,294
confluenza,79
annina,69
recinzione,335
rotaia,215
iniquo,80
aeromobile,188
aveno,27
abbo,67
bojare,138
software,99
armistizio,39
nascere,39
tabacco,66
ceramico,113
cartoncino,375
portiere,406
innovo,70
accento,98
animano,80
stabio,48
docente,117
metabolico,540
risorgimentale,142
padano,66
sorgà,17
planetaro,116
oresta,484
immediatamente,127
imbonitore,152
verdone,367
rinascitare,67
traversa,313
intossicare,247
guidone,196
zaffa,22
annegare,125
frode,92
marxista,318
gemellare,29
stenografico,431
complice,408
renza,110
ustica,28
superficie,265
oppor,59
analizza,49
nixon,440
capirossare,312
reclame,29
rivolo,32
senago,14
cesana,16
violazione,71
dracma,131
pagamento,182
buno,33
doppio,22
nuca,154
ostare,48
votalo,86
ouverture,221
lettono,90
procurare,40
bitly,439
sofferto,128
acuto,186
hascisc,86
deputare,73
santone,86
tullio,190
trovo,57
barbablù,639
autocertificazione,268
gesta,160
niccolò,283
osi,65
aizzino,75
cilindrata,132
paniere,15
costane,7
peggiorativo,310
marare,180
grimaldello,101
schiavone,726
insindacabile,298
pianto,219
valer,50
erogare,255
erasto,22
eunuco,255
paoli,386
azzardare,242
sfavorevolo,126
pignorare,76
richiesto,67
oggetto,18
condicio,14
dettato,222
seguari,10
moltiplicare,116
fissione,82
patro,58
convertibile,302
divorare,438
milazzo,280
disdire,19
ombra,5
trincerare,80
sgradevole,532
gazzo,22
lutazione,326
gilè,215
imprenditoriale,240
inondare,171
disumare,337
atelier,93
avverare,379
chioso,11
rife,18
inglobare,141
allarmante,127
delinquenti,210
scacciare,229
catenone,95
anonimo,37
fiorello,326
picchetto,111
negozialo,91
criticare,231
berlinghe,137
brigadiere,274
conoscevre,444
lai,442
prostituta,185
georgere,288
paolino,681
nerolo,294
castelletto,762
militarizzare,300
precedettero,130
offensiva,103
seui,116
intelvi,34
pagò,47
coffa,73
punitivo,58
fisiologico,387
succedere,291
alessandria,257
bestemmia,150
tela,32
edulo,21
irta,125
eleggare,117
sfoderare,289
condizione,42
fioretto,344
bisticcio,299
graziellare,930
populistico,556
lava,82
smantellare,63
impensierire,707
volato,173
sfondato,171
mistura,100
creere,200
squadre,166
divulgativo,314
bottiglione,128
spalancare,294
privalo,42
interposizione,142
fusto,89
alessandrio,427
consolato,19
princere,25
abusivismo,92
commessa,116
sottoprodotto,268
scese,63
infausto,52
satirare,320
datare,47
bivero,479
ultima,75
agricolo,120
lido,15
bestialità,610
tote,35
fisionomia,158
barane,71
fesa,13
wanda,181
puntigliosamente,182
grinza,15
vendile,144
svago,64
marcia,10
vitalizio,37
liberti,15
corso,12
geminiare,150
scordo,23
tentacolo,48
incongruenza,419
dichiarazione,122
lavorazione,250
vienna,36
estetica,611
ama,26
over,10
rolomix,287
scisma,223
allorché,26
handicap,32
tabo,10
institore,196
perfino,742
flessare,65
locandina,41
videotape,49
appendico,139
ecologismo,108
motocross,188
pacato,184
braca,148
slegare,282
celso,13
attribuiscare,496
maturità,31
trare,167
predominare,230
strasburgo,59
brunita,10
capitolina,91
sarere,231
titolare,51
sollevalo,51
gradualmente,140
termica,241
berli,11
biscione,74
sudafricano,88
spinte,359
cip,8
vancia,75
linguo,71
dicembre,85
capitalges,311
emblema,20
millesimo,68
bossico,115
straniare,140
usare,26
scambiato,32
sollecitato,290
caprarolare,102
piramidale,122
verificale,348
stimmare,23
cinso,35
silenzio,17
trasfigurare,1006
austis,543
censito,15
proibitivo,93
managuo,25
trascendenza,610
corradine,419
cernia,70
boomerang,0
raschiare,78
appendere,624
seviziare,387
scrire,123
parsa,36
stagnare,87
ecclesiale,145
postfazione,487
bredo,109
cerone,368
teso,61
frante,96
scorgila,1
ragiona,89
elidere,421
fredde,339
carica,39
ineguaglianza,294
fortezza,91
sudamericano,108
tomare,40
wenders,301
colpivare,421
gregge,10
invincibile,131
strumentalmente,469
ranger,171
copia,84
biro,19
debitorio,170
moniare,118
ammetto,14
giacere,54
sovrintendenza,39
terence,747
disattendere,271
preventivo,27
democrire,135
ritroso,287
idrocarburo,160
arbore,119
spirae,26
rione,130
accomodamento,124
azzaro,128
polmone,262
suspense,58
avocale,105
sovrapposto,145
sottrae,68
squadrone,172
scommetta,30
ripropongire,288
scalato,68
vincere,333
piantone,138
compilation,24
deferenza,27
rosencrantz,693
lucina,31
dirigare,43
curo,20
vittorio,100
anni,36
preordinato,750
garofare,196
bresciare,304
sostanziale,516
cuffia,74
apparre,65
differita,12
bace,12
allerta,109
invocato,276
primeclubaz,329
dopoguerra,73
rubrica,40
fattoria,160
riaffermare,180
questione,134
sottobanco,79
giada,213
atterrano,92
barzelletta,385
seccare,32
haaretz,96
assurdare,337
lame,7
alane,26
ferri,498
attitudine,627
impellento,357
dormitorio,403
autostop,24
repubblica,78
lesbica,87
pure,1088
apprendo,32
barlettare,298
irrealizzabile,303
alito,53
jesse,270
casistica,115
moggio,202
partoriente,98
diario,128
inondo,14
legislativo,243
incrociatore,67
emano,280
esequie,85
detonale,24
prov,240
editorialista,84
samba,261
raffreddare,104
abete,31
cadute,43
informatizzazione,427
compensativo,354
agliana,141
diventi,42
ternana,118
busi,357
schermaglia,104
alcoledere,28
tribale,53
colpito,48
gudo,41
aborigeno,77
convulsione,305
abbozzare,162
assunte,106
alessandro,375
fit,42
capovolgere,366
arlington,200
finii,78
tempra,75
faida,72
premeditazione,349
ardore,265
rase,6
pontificato,148
dischetto,249
deliberato,78
saluto,56
madrepatria,181
corsivo,82
tacco,247
umano,138
copenaghen,55
dispendio,130
atout,37
depor,19
visi,8
scarafaggio,546
fiammante,244
rotaie,124
chiusura,22
riesaminare,266
caprone,382
dorso,58
sterling,132
calcio,282
argomento,84
porno,56
monto,21
rodo,108
aida,47
attentissimo,120
perdio,68
repere,27
esploso,121
cancellazione,281
boezio,27
eufemismo,218
psicodramma,78
grossa,45
facciale,384
afare,181
laggiù,136
aortire,71
esproprio,117
mangione,279
annualmente,143
palestrina,162
roberta,740
limatura,105
sleale,22
cordoglio,108
foyer,128
interrogarono,234
rinascere,37
belale,81
convenuto,47
boero,74
ritoccare,129
filone,5
compiacenza,73
fornace,46
danneggiare,83
dedito,28
intimazione,184
eliminato,31
ramoscello,110
cultura,238
eguaglianza,206
alpino,106
harvard,435
feltro,62
caiolo,80
affidabile,92
una',65
smentire,201
connere,89
inizia,43
giornaliere,47
oscurità,121
catalogna,29
billy,205
rigorio,78
imperscrutabile,810
autosospensione,154
abbreviare,68
breia,239
finn,10
riconvocare,110
vivaci,30
decisione,157
inesplorato,344
oriano,28
compromessare,399
leopoldo,102
filippina,21
tokyo,47
petra,90
cubismo,513
elemento,142
cipriota,152
innanzitutto,737
colonia,149
parino,646
periferico,94
mexico,178
heisenberg,151
etiopia,189
ferrazzi,108
inviolabilità,132
malefico,495
envia,31
contemporaneamente,299
alcazar,489
inserzione,69
egea,23
passero,60
ritrovalo,111
artiglieria,181
capestro,27
scusa,80
potentissima,32
faglia,144
stilema,473
cazzotto,135
verso,45
tripoli,127
rodero,399
nervi,5
costanzo,121
affollata,67
semestralere,80
morta,24
guidere,292
smilitarizzare,265
centravare,204
guerra,82
metabolismo,609
sigla,10
spirale,102
gestivare,46
ammortamento,303
successivamente,59
satirao,169
capodimonte,426
angela,116
atino,206
arde,184
ammodernamento,322
slittare,142
alibo,5
motivalo,99
imperatrice,76
riformistico,710
collegare,111
dimostrarono,54
visitato,82
clorico,10
mercenario,148
telefax,59
ces,28
son,137
festeggere,115
fidai,29
pavone,139
articolalo,364
rinfrancare,262
indimenticabile,340
roland,238
sartorio,162
monopolizzare,82
sufficientemente,720
sbottare,518
legione,41
defila,109
ruotare,20
pivelli,114
granada,145
sarcare,153
mongolo,142
linciare,523
camico,219
affar,7
estivo,20
international,97
squalifica,304
stante,40
end,13
iene,18
castel,129
portino,51
bambù,96
spesa,200
macchinisto,101
sopravvissere,225
avviso,16
scarso,82
scambiare,63
archeologo,102
sudovest,148
complesso,195
marciapiedio,363
altino,6
airbus,64
segnalazione,54
sennare,264
edificabile,127
inchiostro,255
testo,59
tuere,18
capogruppo,256
marasma,149
marire,485
quadra,13
gomena,23
cassius,203
ravvicinare,48
dolciume,414
idealistico,1048
distrettuale,87
interverre,55
orchettino,94
twin,151
differenza,153
esubero,70
calcia,421
scattare,43
prigione,115
testimoniale,162
morale,139
pervasivo,958
nonviolenza,241
estroverso,131
ritrasmettere,78
camoo,14
rinvii,47
horror,242
brusio,100
riscontrare,166
oltremodo,190
albergare,228
alloggio,98
cerio,123
tensione,94
funziona,52
allergico,351
buo,10
uscivo,252
moribondo,220
separatela,107
corbello,206
binomi,31
litania,18
ibrahim,161
finnico,30
spoletto,302
buongiorno,102
fotta,10
ridurre,128
imma,479
anso,30
angosciante,406
disperatamente,302
esordiento,261
arresi,184
scivolone,120
insudiciante,161
pasta,326
arala,29
tendopolo,203
scomodo,87
crucis,10
imminente,32
adige,13
magra,23
mangimo,249
suprema,16
marmara,214
elaboro,35
plesso,6
votò,56
adunale,22
disappunto,229
claude,504
osteoporoso,546
quintessenza,383
spontanea,17
impazzare,476
aspettativo,142
tromba,92
reggiani,317
calzante,79
impunemente,194
delegittimato,482
pedinamento,57
offro,34
condiviso,380
valter,64
pupazzo,430
jazzistico,312
coca,103
imperfezione,393
ottocentomila,108
sudafrica,42
retrivo,263
corpus,149
balcano,55
foschia,119
cresco,19
manfredonia,41
durissime,85
libico,164
semilavorato,267
alfonsoe,302
massacrare,463
biologia,347
monocola,29
arnold,516
sposto,31
bertelo,384
mimetico,229
nebuloso,53
bacole,36
camorro,149
osservato,38
fognatura,307
depositato,55
etano,98
galantuomo,51
edonismo,571
introduziorre,50
aggrappare,532
chiassoso,433
brigata,77
rilevanza,174
indiscreto,58
reinvestire,162
realizzato,101
pcare,55
ausiello,449
agricoltura,64
peggiora,41
strutturo,195
penalizzare,215
scioperi,71
ristorazione,183
lodigiani,118
arabesco,388
ispirazione,414
coreografa,188
contendere,168
minimale,97
cartucce,129
monoposto,219
monocratico,518
nuora,172
dimora,52
spazzale,31
richard,526
quattordico,240
coetaneo,211
sagoma,80
gioielliere,203
sonare,113
turbina,155
cosmopolitismo,748
poltronare,73
schifare,102
saccheggiare,318
commemorare,100
nicolò,130
scivolamento,370
anglicano,91
badge,532
propongo,203
mutuare,35
percepiscere,137
ripicca,150
orto,37
riavere,95
ne',40
nutritivo,303
intendire,240
sacro,63
gazzaniga,100
marie,296
sopravvivenza,136
concessionare,62
significativo,221
gemere,21
abitudine,60
povero,131
denso,75
sondriesa,242
eloquento,325
travoltare,200
afragola,149
ricattare,322
glorio,20
approvazione,234
papi,146
fingere,408
illecitamente,229
aroldo,69
gabino,35
genuinità,145
foraggiare,280
spi,13
agonismo,214
affore,27
gallerio,153
ritagliarre,232
capostazione,71
gattopardo,64
hinterland,36
ordinatamente,380
imminenza,24
sentivamo,195
verto,60
comunanza,538
assestare,118
modigliano,101
vicepresidento,107
arrivarere,283
addiaccio,723
gaggia,201
tornito,26
diligenza,48
antidrogo,29
figlioletta,446
anteprima,149
fidenza,280
money,264
dépliant,67
sofisticato,221
coglare,72
alcesta,65
sacrificale,94
impazzito,176
ringraziamento,124
ammorbidimento,111
rosse,103
annegamento,83
ombrellone,248
restaurare,91
spicciola,73
adorazione,328
curva,30
tallo,68
pestato,453
urbo,18
colonialismo,510
marilù,247
guardingo,45
dante,69
paracadutisto,227
ini,312
conia,10
ammucchiare,629
accertamento,173
ai',57
guglielmo,100
inuit,12
ron,395
ecografia,269
ripetitivo,283
fischio,259
montedinovo,98
pacifismo,282
sceglie,20
patriarcato,75
flaibare,404
surriscaldare,139
impazzire,166
risiedere,68
eccettuare,115
colta,9
neutrino,188
suicida,131
cronisto,109
senonché,369
dignitario,85
cabra,117
romanista,464
calorosamente,185
pratolino,127
chiamata,33
approccio,466
putin,133
tota,5
doppione,38
infittisce,105
emigrai,56
diametralmente,110
parero,36
nauru,105
cognato,290
cloz,12
lario,395
infiltrare,115
verme,257
apiroe,18
plauto,69
agroalimentare,245
stravaganza,538
bancarotta,74
barello,307
scomodare,182
scotta,436
gennarare,57
associato,11
scompartimento,83
pacelle,28
egro,30
perplesso,126
micene,52
maestrale,26
francisco,26
accoglienza,27
ravvedimento,89
economicità,449
uberto,743
delineare,427
amintore,75
occupalo,21
gable,341
monitor,98
tirale,59
franjo,105
frodo,25
digita,65
rampolla,162
azov,130
anemone,17
complemento,28
compra,91
vortice,54
subacqueo,61
victorio,264
bis,0
insistito,273
paltò,6
intersezione,357
capraro,97
cromosoma,165
bragia,721
adriatica,108
rivincire,147
tenebra,80
vocare,29
tacire,31
manovrabile,92
crovare,187
coltote,563
eutanasia,83
quinale,68
rappresentante,143
esperta,89
angelus,30
professione,78
afte,24
colato,135
proseguo,31
madornale,24
vincenza,123
east,216
inosservanza,90
criticamente,558
perlomeno,433
modica,3
frontiera,38
svizzera,47
redigere,118
alleno,61
malesco,36
scritturare,687
rispettivamente,131
buddare,235
ingannare,412
capriola,135
colpere,110
alberico,163
assistita,107
avvilire,276
isdn,16
bassetto,247
vista,22
prescrivere,211
tecnocrato,159
angore,133
stock,13
previa,15
pallido,427
flotto,70
natio,59
immaginifico,652
disgustare,586
infondato,230
sauro,69
consultorio,145
bassissimo,100
doglio,18
addetto,48
burocraticamente,268
dilezione,57
selvere,61
acciaro,169
nascila,40
ciccio,358
avvertivo,150
deserta,113
taco,30
ripercorrare,74
narcao,13
inquisito,140
salvacondotto,156
commentalo,208
visibilità,102
duetto,224
roccia,458
leggare,103
maniace,305
burbero,220
simonetta,133
sviluppo,156
rinunziare,164
inabissare,160
benestante,103
cavai,511
cone,38
alberaco,434
bacino,69
argenta,141
vagabondi,166
greppo,129
rizo,122
malabo,85
corteo,93
ambedue,85
alemanna,345
rendire,70
bolso,59
ovvia,389
retrospettivo,288
sseldorfo,81
filmare,83
nore,203
stimato,11
manuela,93
fugace,170
civile,19
egemonismo,683
indebitato,159
alabamare,110
fortunare,447
ariosto,249
risultavare,83
parroco,112
platonico,457
ripercorso,53
unni,24
svegliare,309
scheda,54
collegno,217
sottratte,76
significhere,179
frumento,174
brigitta,248
milio,29
incorsa,60
supporter,115
documentato,165
oggi,142
zio,42
donale,23
interessato,122
scaricabarile,52
converger,31
tavolino,47
missano,26
compresa,140
trae,26
granchio,260
direbbe,97
autorevole,40
appia,67
precipitazione,204
ascoltatore,56
brillii,40
distrutto,257
distinguere,343
adeguatezza,283
defezione,50
calabrendere,466
andaluso,65
azzurre,186
sottovia,159
dietrofront,54
avvicendamento,45
sfuggire,147
testamento,119
omosessualità,172
cassonetto,68
angioina,87
lillehammer,234
permesso,75
are,425
seduzione,262
riconoscibile,352
burocrate,39
blues,278
pablo,43
scii,49
piero,95
rivendere,84
maltrattato,88
mecenate,30
tata,28
pedata,247
cantare,271
diminuito,164
tonte,27
impugnare,34
capilo,204
filosofa,259
immediato,152
discale,91
susa,61
ispirare,152
nicolino,300
birreria,170
statuire,54
paesare,223
sovrapprezzo,112
john,540
berrà,76
adeguare,221
esecutiva,26
antichità,166
ardue,120
pesto,82
crogiolo,335
usanza,97
accorato,199
sassofone,234
bentley,594
cornee,18
pseudonimo,74
coordinare,64
livia,83
stroppa,517
avversana,347
occulto,121
cingente,37
classificata,63
cementano,18
fiorire,140
palesemente,436
disputere,264
incinte,358
rocco,176
sgombro,26
controllere,109
fuoriuscito,173
octopus,77
monace,258
ignare,151
serre,91
estraniare,30
pensilina,109
ottimizzazione,673
cospicui,204
quare,19
marescialli,74
mortalità,206
ghze,12
trascendentale,528
antiproibizionisto,58
esclusivamente,224
conformazione,416
armere,9
eseguari,73
mediobancare,142
fibrosi,346
lussuria,409
latitanza,98
thrilling,184
incompatibilità,297
fustagno,72
magari,507
converso,11
infanzia,37
riapertura,33
triangolazione,26
ministero,55
parlò,64
cipolla,24
frustrazione,468
benetton,107
simon,226
declamazione,194
alcolico,59
riguadagnare,158
griglia,11
correr,37
testimonial,112
sedare,83
casimira,231
orso,35
atee,5
impatto,114
distanto,144
calabrese,290
baudelaire,337
piacimento,94
landsberghis,164
gota,17
affittuare,85
stente,88
annaspare,132
pessimista,67
direttiva,157
virus,311
rifinitura,121
credito,94
bartolomeo,273
primi,4
modernizzare,255
suscire,173
esperimento,173
pala,78
claudere,514
fugar,122
misano,126
santi,282
avanzatissimo,187
rao,18
merlino,323
bonire,248
---,5
cucciolo,142
accurato,158
rasserenamento,132
damiana,112
roda,58
monale,120
riuscì,39
richiamato,67
mettessero,172
conviene,37
andalusia,84
siena,36
elettronico,168
portasse,55
corresponsabilità,436
acquare,52
oppressivo,626
antiveggenza,41
premesso,283
contesta,113
fortificare,225
scivolata,219
stevenson,676
gira,63
principale,14
mutevole,496
vecchia,44
giuntare,136
verse,7
echino,92
bardellare,110
norimbergo,21
ulteriormente,99
areo,15
metter,30
frizzante,233
intestatale,92
figo,5
incollare,759
catello,655
recintare,552
bienno,33
pensai,344
vanno,154
unita',171
superalo,26
pianosa,86
rocchio,618
isolde,61
montgomery,721
manifatturiera,215
lealmente,280
cola,37
dedichare,70
contraffazione,165
raymonde,197
bacio,66
pago,52
ghiacciare,350
stampa,38
perseguire,296
aiello,446
predico,165
lgpl,111
irak,93
dino,70
egisto,65
continuiamo,357
zingaro,90
motivo,61
rubini,88
eligio,104
rossinare,604
umile,129
comincio,122
bagagliaio,143
esistenza,278
desiderabile,286
mannello,35
sfacciato,391
rovesciato,194
distesa,470
coerentemente,752
criminale,193
agroalimentaro,206
geometrico,322
demento,76
sfuggita,76
lavoralo,55
giudicata,24
shevardnadze,176
seme,89
velocisto,230
rifilare,600
automatizzare,118
crescere,122
significato,456
segnalare,93
incalcolabile,244
errere,363
eurojunior,321
rolare,106
minuscolo,455
clelia,35
potenzialmente,422
fondamentale,462
accattare,459
perfido,286
trovatore,75
retroscena,103
ubalda,54
sanatola,15
esaustivo,266
palazzolo,156
controproducente,690
abusivo,114
aviere,40
trentenno,230
elvetico,38
fraintendimento,277
melania,292
vile,12
mito,552
compassare,512
ifa,13
economicamente,192
irpef,163
gavi,16
verbale,35
omologazione,635
manne,12
assolato,63
variopinto,393
ina,228
rallentatore,87
aronno,292
stimano,31
rappresentavare,395
agrigentino,299
selva,18
riferibile,78
approfondire,185
abita,113
pronunciò,37
broccolo,177
pessimistico,221
nottare,153
com,16
allestimente,72
riuscii,157
precedere,124
disavventura,48
discesa,90
estimo,99
porco,20
spagnola,139
liberare,79
madrid,48
eldorado,50
peccalo,92
massachusetts,159
gratuire,43
sterminare,370
padrona,67
tribù,68
alzacristallo,274
sporcizia,346
riff,13
crino,203
land,214
segmentale,361
riconvertire,155
cassandra,79
esposte,16
donnare,200
folklore,125
formaggio,377
impressi,171
chieste,26
operaia,76
legiferare,318
membro,52
palpitare,1099
intronamento,88
sedile,247
fondicriinternaz,325
committento,53
mosco,165
nicotina,311
insultato,22
cronometro,196
responsabilizzazione,643
accaparramento,163
dispario,21
urbere,57
insistono,252
ercolo,80
pattuire,116
norvegio,185
bisonte,211
incoraggiare,316
giochino,127
esposre,28
costernazione,95
ricominciare,152
rapportare,607
sabotatore,113
invitere,109
scorrazzare,87
elefante,173
alex,153
laburistare,71
broker,107
cispe,32
silvano,570
trait,130
pub,64
periodicamente,146
spire,122
baio,67
rinare,94
inverno,50
savino,438
doppiamenta,150
lettonia,192
inascoltato,18
saint,70
disegnare,154
ometto,78
annuo,84
risanamento,51
immaginario,1027
schierare,179
coadiuvare,20
liane,88
bolivia,177
occupavare,140
pessimo,49
ambiento,34
dislocare,128
microfono,136
consentirebbero,573
contrabbandare,51
cenale,24
somministrare,390
discussionere,74
organizzira,42
difforma,292
aulico,190
comune,47
minerario,200
nalles,70
trio,237
dominion,31
aspetto,250
palmare,71
diga,63
complementare,54
spermatozoi,400
golo,33
ciad,63
gioioso,429
conferma,160
stemperare,421
condomino,42
irpeirf,185
progettazione,305
alante,83
tangentopoli,80
omosessuale,92
riallacciare,43
apprezzato,106
eversire,88
progressivo,350
scartare,181
inoffensivo,87
ricamo,300
autismo,360
anteriore,95
autodefinire,151
senatrico,96
catalitico,138
massaia,383
attuato,155
americano,139
massacrante,163
sintonizzare,152
genitore,160
fregiare,181
tempestare,98
effettuato,186
assuefazione,618
stampato,90
distinguo,303
privato,66
ram,78
clerio,14
transilvania,213
comunismo,359
omologare,62
cape,23
silenziatore,126
vignare,88
autosufficiere,68
parossistico,732
tamburio,44
coinvolgimente,65
celebro,288
concretamente,438
avviare,132
mantovano,447
ematologia,226
condannale,157
approdo,114
polemizzare,260
gangere,435
antiaereo,243
microrganismo,565
ostrica,5
sardellare,127
necton,52
longa,119
concedare,45
virtuoso,44
goder,74
agostano,115
decade,7
disporre,261
ferma,42
asserito,116
pubblicitario,53
candore,585
legalizzazione,401
avvicendare,73
irrinunciabile,334
venceslao,138
soprannome,250
amala,49
biglietteria,89
agro,8
polimere,247
proporzionalmente,293
cart,287
stellina,37
ruggerere,310
fallimentare,30
scadere,58
impresse,56
guscio,208
desaparecidos,74
fusignano,61
rivelare,216
granza,119
luare,24
vicepresidente,95
antico,216
cdu,118
canea,47
lifting,27
crudo,78
paletto,82
sparare,347
plagio,89
polarizzazione,629
bell',19
saprà,54
gozzare,416
moderatore,36
zelia,11
insigne,158
decurtate,10
gruppetto,218
ass,255
mediocrità,529
attentare,191
uditorio,116
arancione,722
ventare,566
sardare,44
rat,124
dignitoso,80
candidatura,102
bordelli,110
coordinatore,182
afflusso,39
pianino,119
battistina,384
ricollocazione,525
randere,202
teno,84
uruguayano,241
cardiologo,176
elaborazione,472
prudentemente,546
interpellate,20
sinfonia,152
inconfessabile,493
barcellona,173
degustazione,149
senatrice,111
cercai,65
sospettoso,433
rivelarere,198
tartaruga,95
evangelico,186
rieducazione,66
frizione,38
retina,318
dara,18
rimanenti,121
nullo,14
civetta,42
dovizia,120
stragista,158
donnina,127
incalzare,186
amarmela,230
calcestruzzo,151
scorsa,40
minorato,28
schuss,177
solerre,293
cutaneo,451
terapeutico,232
discorsivo,210
paradiso,29
han,287
scottante,63
granito,127
panoramico,212
reintegrazione,127
gridar,95
conveniente,283
rado,14
fraz,314
casaccio,142
delicatezza,106
sgretolare,202
crisoge,214
lebbre,56
diserzione,76
elisiira,200
accudire,396
pontile,141
cirello,491
saldatura,298
appagare,584
giurisdizionale,205
saetto,346
spartiacque,138
sonnifero,235
tradizionalmente,320
placet,17
boema,99
gestualità,634
boschivo,102
assoluzione,171
sconfessione,224
apposta,36
concessionari,49
controcorrente,261
lione,274
rovento,52
indigenza,114
carmela,279
candio,27
surclassare,213
voge,69
astengire,53
impoverire,223
sola,2
mobilità,113
etnografico,492
rita,71
concederà,36
vincente,78
per',3
abb,66
cir,355
sciaccare,655
pierrere,154
benedire,102
saga,61
petrocco,550
vituperato,248
casetta,575
vertebrale,323
puntiglio,84
penta,20
calzolaio,433
padrino,102
petrolifera,82
opportunamente,188
portandolo,16
rifermento,146
speronare,27
prisco,238
veduta,9
trauma,102
ragazzini,228
momentaneo,80
gazza,21
pizzutello,607
passività,388
mischia,276
praticabilità,778
assediare,282
istruttore,231
nutro,38
maura,464
ventiseienne,607
spente,143
cancellierato,104
maniera,224
amalfitano,98
calamitare,79
asporto,107
colla,160
tarocco,83
soda,18
entusiasta,165
discendenza,198
svenimente,40
bastardo,245
vague,29
emergare,209
accasare,200
rilievo,51
cusare,64
legittimo,200
frugare,174
esule,110
diplomazia,77
angelinare,1027
telaio,140
cortissimo,106
religioso,212
sannio,79
ignavia,17
cisare,52
traspare,176
bendone,29
bollire,188
rapprese,23
colon,182
rondolino,230
clientelismo,295
consegnalo,98
alitalio,250
cheto,10
arzana,100
tredozio,13
mento,100
spadaccino,534
omeno,301
discoteca,52
attorniare,279
eclettismo,358
servato,11
aliquota,219
autodenunciare,186
citto,22
operatorio,164
utilizzato,380
concitato,462
determinismo,649
sollevamento,120
intramontabile,165
distruggere,186
cesario,435
testato,21
massimalismo,762
onassis,24
slide,11
sodo,12
esoso,258
profondamente,66
industriale,184
fotografico,174
crudele,302
bartolo,670
carroccio,148
clonazione,297
pillare,56
tenebroso,950
selvagge,19
ugualmente,504
smania,64
cologno,170
scattere,112
bizza,14
sfare,7
giovanne,157
toso,136
mbre,283
borsino,47
frediano,353
tendere,169
palmiro,44
assolo,276
ingegnoso,164
sgomberare,148
tocchare,31
arolare,168
lacerare,220
districare,27
ricciarello,1101
postulare,736
fola,110
avambraccio,411
dimentichiamolo,395
ersilia,19
scarre,60
allusivo,456
isaio,9
penalizzato,232
augurano,66
alveo,2
moda,97
inagibile,75
app,28
giurre,174
paveso,100
jugoslavo,107
sebastian,95
impellente,358
significalo,289
polifonico,197
troppa,388
cortese,119
oco,70
lavorio,12
filosofo,231
reiterazione,370
considerere,656
periferia,129
superstizioso,503
gramigna,573
nasi,51
knorr,377
teatrino,94
simposi,31
servilio,249
fucilata,371
chiarire,281
gabinetto,45
dolcissimo,572
col',67
petroliero,111
ascendenza,170
carré,406
abc,50
privatizzazione,141
irriconoscibile,287
cosicché,340
antagonismo,754
benintendere,683
inviale,36
natalino,208
acca,33
concerre,36
aggiuntare,427
federe,30
borgato,143
copertone,739
assemblea,128
discrete,103
neutra,18
sro,1
urlavare,725
tosare,267
amante,293
donano,238
ricreazione,271
penitenziale,26
maro,326
crepe,13
leonello,784
loano,121
souvenir,127
simo,78
ascanio,344
pubblicato,193
savia,19
ruta,59
legname,19
iole,231
ecologista,36
trattenere,173
destra,174
testardaggine,346
frastornare,327
indubbiare,187
fisac,189
ligure,79
involontariamente,568
cautamente,328
schegge,2
iscritto,28
sferrare,206
dote,107
vacanziero,66
holding,122
denice,218
concitare,700
aggiustamere,298
superperizia,85
indegno,359
combattente,132
totalitare,261
attengere,580
pantare,126
rifuggere,636
ribaltamento,467
capisre,277
gaeto,25
pagante,50
spare,177
destinato,55
millantato,41
bendato,316
telone,434
insolubile,68
potare,47
bacchettata,97
produttivo,370
pecco,41
barese,429
compiacento,64
estro,129
fruizione,330
insorgenza,296
confidenziale,86
avveniristico,360
boia,29
putto,136
cavalleresco,353
pri,70
baca,11
genealogico,379
pronuncia,43
amplificatore,238
abbattare,71
stufire,170
svolsero,42
offrere,75
tenendoso,115
perversione,226
secolo,129
conre,52
binasco,124
unilaterale,127
adendolo,320
radiotaxi,64
egre,15
attualmente,72
furbo,103
dittatore,172
compenetrare,374
inviala,53
glasnost,38
wyoming,342
compromettente,171
licinio,68
strangolato,198
milanista,530
padreterno,510
manifestazione,99
astanteria,109
sernio,57
argon,189
imene,260
chissà,605
everest,41
distanziare,41
incontrollabile,460
consultore,121
secessionisto,252
apocalisse,72
dondere,192
guarino,72
paggio,88
disertare,111
arrivaire,205
bino,74
offerente,103
erro,12
rotazione,82
confisca,44
motivare,216
oro,32
tonno,152
gru,6
elettrone,245
nonostante,191
unite,39
bolseno,187
benzone,228
nitrare,74
ottocento,146
puntualità,114
equivarre,75
ininterrotto,47
compagna,180
protettorato,72
duemila,103
inibire,117
corrido,155
attonito,286
usura,99
frazione,53
lantanio,24
porto,165
reazione,121
antivirale,328
eroder,341
stiva,167
colaco,414
trentadue,167
multo,9
ricordalo,223
ripassare,556
comprensibilmente,514
chiesa,138
collassare,101
dinamo,90
leonio,87
moralizzatore,99
ammasso,94
simmetria,215
turba,90
augura,26
comprendente,122
diagonale,259
francese,122
sereno,42
ingiuria,118
lettrice,5
orecchio,79
completare,99
puntualizza,192
stretto,23
alfiere,59
inteli,19
gerarda,58
narteci,17
multiras,269
vandalico,118
campanello,55
rimorchiatore,194
reagente,202
apple,37
perdire,82
basilio,368
didattico,96
abbordare,96
sposare,155
bloccato,75
graziosamente,543
folle,395
dispiaciuto,374
dammi,31
tergu,65
applicare,182
sovente,577
interloquire,167
lilia,47
tamburo,38
pinter,312
termoelettrico,212
poeticamente,646
terrorista,179
look,57
tana,14
lugubre,184
stravolge,68
ciclistico,108
topico,441
bandole,110
delinquentio,250
cucile,69
spelonca,141
catastrofico,185
armamento,91
larare,270
furia,65
egitto,179
eduzione,301
cucciandone,227
raffao,112
vertenza,118
eagleburger,141
meravigliosamente,609
programmatore,110
lance,43
meina,109
stars,493
ritirare,64
morte,137
ferrazzo,129
trattamento,260
bracconiere,186
scondito,300
minoritario,455
gramare,204
irreparabile,208
estrazione,24
regionalismo,449
congestionato,294
convenzionato,81
papalino,348
antonio,92
contraddistinguere,757
centravanti,567
comunistare,190
juke,337
villa,111
rinuncia,97
fusa,9
assile,23
condividere,331
gasolio,190
niue,196
sport,53
costrizione,218
bitta,68
antirazzisto,120
sudamela,76
recipiente,485
aggiorno,43
toccò,25
duna,191
convenzione,67
cacao,45
speravamo,149
raio,50
intitolare,241
bossolo,134
dissolvere,149
svettare,888
mancino,108
lumiere,128
prevaricazione,974
balda,54
travestire,615
usufruisce,188
cicchetto,177
lupino,346
bambolotto,838
traume,184
fesso,37
agilmente,175
turista,100
tizio,19
riscaldato,172
santiago,63
rispondo,111
severa,15
lanciare,46
trentare,243
divertento,498
disponere,251
casto,214
disqus,23
cerotto,186
informativa,174
macra,105
poligrafico,83
manitu,23
suffragio,21
ermanno,155
lanoso,64
accoglimento,223
meare,75
salgere,117
musetto,105
lavorativo,149
laureato,59
vibrare,255
cioccolatino,414
alternativamente,395
bicocca,64
arrese,110
elevante,201
emulo,235
rapi,134
povertà,118
irlando,81
spinere,122
logistica,113
antiterrorismo,118
registrere,30
sceriffo,307
anatro,147
toltare,145
india,50
affollamento,60
ginnale,27
ingoiare,125
pezza,163
emoglobina,503
decoggere,158
venerabile,64
dimostra,40
profondila,41
gemino,92
sheraton,107
proiettile,278
punteggiare,475
clemente,9
volumetto,194
venticello,473
insistenza,255
propizio,73
vulcano,172
feroci,160
sdoppiare,9
pagliai,744
scalfaro,39
rendiconto,58
musi,87
ugolina,588
mezz,26
meridiano,15
morivare,240
soubrette,442
minaccia,77
adro,104
nonché,40
irire,284
migrazione,103
autotassazione,320
peduccio,87
ars,232
monastero,209
orecco,77
pretendere,452
castione,48
fosforo,322
ricoverato,262
cossutta,90
reperto,143
assisi,32
direggere,87
esisterebbero,447
leucemia,335
elettore,105
nigeriano,206
invasivo,40
molla,93
buddismo,263
canovo,491
milanisto,400
malgoverno,231
addolorato,142
micaela,221
italy,343
mendere,407
pierluigi,84
eleo,22
minigonna,193
trafugato,101
giustificare,626
airolare,310
palestro,125
antemio,6
accettere,298
ripartire,157
ingrato,101
selezionatore,79
casta,31
innocui,267
svoltosi,74
stantio,67
ballata,610
squarciare,487
squarcio,157
duellanto,70
abramo,72
fuie,9
zurbriggen,470
bustino,297
discere,377
rosee,17
librario,29
disarmato,322
commissariale,104
bonaccorre,375
igiene,46
creatività,587
fegato,427
combattimento,234
drammaturgo,463
estensire,22
dadini,92
collana,171
vena,171
alale,52
nacquero,78
franco,47
sindone,156
gambere,67
arrivare,285
tribune,18
erminia,105
sarde,30
eccetera,8
confermare,253
libri,162
pregna,16
anglosassone,162
deee,269
barletto,298
vitro,367
inestricabile,206
cedrasco,63
guidatore,38
rinvenuto,223
vano,6
ludoteca,52
ingiusta,194
engineering,122
dominio,161
politicizzato,551
posticipare,88
unipar,338
intendiare,302
pescara,216
indissolubilmente,390
disturbano,85
valido,26
toare,29
inattendibile,194
austriaca,178
expo,15
lacco,55
logorio,38
intensissimo,154
denuncia,99
viviare,61
attuare,369
thai,59
attinenza,86
aggiungereo,685
quelo,218
imprecare,498
destabilizzazione,624
perot,37
drammaticità,363
reggio,181
gratitudine,146
riso,103
gramse,194
carifore,295
alludere,495
bouquet,33
tale,761
belize,20
terremotato,55
grafico,169
nascondere,199
iranico,34
populisto,266
fumagallo,122
chiedare,282
titto,131
votare,143
democraziare,368
suor,158
corciano,102
resecarre,183
crescendo,145
risarcimente,58
inviso,25
salute,30
pretto,192
inverosimile,231
budello,79
tormento,265
imie,139
ammalare,379
affiorare,376
querelare,100
appartamento,189
monitoraggio,220
rovereto,70
psichico,243
capone,181
anuro,41
compressione,957
ridondante,565
evangeliste,152
esistenzialismo,970
fornivare,96
fortunatamente,321
notabile,88
caninare,493
inviperire,221
decentrato,279
santuccia,1013
gradire,220
entrambo,24
riesploso,119
gsm,14
occulta,83
pesos,58
cospetto,198
funzionano,119
mulino,25
valona,95
raso,20
costumista,553
perforare,277
micidiale,153
antenare,35
concordato,328
lucidare,189
cerniera,47
sorseggiare,666
allargare,48
sostenire,87
lindare,1280
soluzione,69
accordare,269
treia,73
inaudito,172
tazio,55
sciacallaggio,292
nichel,3
abbassamento,155
liberalizzazione,294
chimo,8
fantomatico,41
inganno,155
addare,129
inazzurro,456
biancone,563
bielle,308
tonale,31
fraintendimente,287
coprono,12
atmosfere,358
priorità,177
raz,69
stratosferico,155
deludo,40
cominciarire,72
annunciata,59
implicato,235
dinamite,283
affare,12
esageratamente,412
mezzaroba,89
confindustrio,129
citaristo,109
autorevolo,70
bosco,227
atterro,44
deterioramento,513
cerine,351
sbaragliare,324
refe,11
shuttle,70
inavvertitamente,375
giornalista,84
noia,291
irate,123
gato,13
giampietro,362
national,100
civette,69
azzurro,184
falcinelle,47
sornione,311
pluto,3
barlume,65
autorizzato,81
sfruttamento,157
metterare,249
addur,45
balcanizzazione,361
calendario,44
spuntare,322
federico,361
cerner,226
quaresima,64
tendano,48
sabotaggio,55
ternano,153
videotel,103
obbligatorio,85
collaborazionista,66
innocente,79
flusso,35
inconsulto,85
tout,5
fide,5
cuno,26
andino,166
investitura,55
dota,35
cop,323
utilitaristico,662
dogana,22
dissociazione,59
contrattacco,75
ostruzionismo,228
regionalisto,285
nociere,24
sushi,19
longobardo,391
magione,38
pornografico,158
gusto,541
parapiglia,704
mucillagine,200
premuroso,262
saltare,217
nascare,75
politica|politico,99
civetteria,24
nucleo,6
ditta,64
soro,21
abolizione,164
odano,27
falce,18
mordente,68
remunerativo,338
bagnolo,328
metanolo,186
inedito,154
indire,39
negletto,336
epitaffio,175
compassato,590
adducere,89
ancoro,43
assolere,243
equilibra,148
veno,52
thao,182
conduttrice,101
architrave,22
peste,109
altipiano,98
clinico,281
aizza,43
diplomaticamente,168
costanza,34
continuativo,281
acceco,161
avvisaglia,136
sessantacinque,201
propata,87
piergiorgio,198
gloria,20
manganello,219
ntt,117
rivelere,113
capeno,268
pispole,101
ritrattare,365
oncologico,333
dcl,6
infangare,383
sdegnosamente,358
annebbiare,94
borgarello,1263
ferocia,478
fabbro,21
vinile,24
tassativamente,245
bollicine,127
posi,12
anticipale,67
perbenismo,561
intollerante,424
molinella,614
recitare,175
cambialo,45
delittuoso,185
bruciacchiato,573
sberleffo,424
pienone,155
lungamente,38
eccessivo,294
indostano,148
odio,235
trasferito,66
proseguire,93
girovago,491
annata,34
rinascita,29
introduzione,48
imprudenza,117
giuseppetto,239
scontentare,859
eventualità,163
tempismo,133
laterare,80
conducente,142
garantiscare,570
tessitore,21
orca,48
pira,40
petulante,239
stordire,676
scavo,29
revolver,215
commemorativo,86
guerriglia,296
liberalismo,464
snack,112
esenzione,249
angius,48
negro,104
amario,31
generano,212
ronzare,198
cartello,21
sutura,204
barbaro,122
intensificare,59
accorto,362
irpinia,30
durezza,288
alteo,79
burrola,461
garden,265
stravincere,82
costone,131
vantaggioso,127
sore,9
dovessare,514
coniuge,79
gasso,94
trasfusionale,333
edicolao,33
status,25
vole,39
alì,782
fintanto,368
scaglionare,74
tommasa,58
tramite,28
giustificabile,536
pulitzer,390
telecamere,60
olga,21
patimmo,63
rossini,250
ricapitalizzazione,465
bidone,285
miee,130
dimostreere,152
traditare,254
rinuncare,131
certificazione,205
aizzace,328
beckenbauer,211
tornaconto,19
assordante,228
morricone,419
patronato,39
dalmazio,65
coltivato,69
tonnellare,113
straripante,436
scodo,91
bandone,316
lancia,48
balla,117
asfissiante,67
alturare,53
paventato,206
devolution,135
indissolubile,223
traire,93
mido,260
battistero,127
delaware,35
castelnuovo,546
polara,21
raie,93
inquietare,386
contromanovra,85
dimetro,15
melanconia,420
sconcertato,68
rapido,92
mail,18
tambre,27
tardivo,64
giovannetto,771
bnl,98
dotazione,112
cambogiare,162
inclinazione,815
balenare,40
fondiaria,272
mariare,616
ostra,10
mitragliatrice,338
stellone,28
pedro,23
scoppiettante,316
dominiare,203
connecticut,91
arnaro,45
obbligazionaro,276
giocala,159
hawaii,10
balene,101
fortune,6
bando,20
trascorrere,106
diretti,65
marcantonio,138
euromercato,242
travagliare,152
dilatato,352
isolamento,99
investire,77
costoro,321
carbonico,283
inglorioso,128
proclama,70
goloso,123
irmo,153
estirpare,221
gela,26
aureliana,50
sedici,155
moscone,198
assortito,427
sbandierato,99
riferivare,232
collera,135
robinson,444
farnesina,12
bagno,183
microcosmo,198
ascofore,4
realista,162
immischiare,361
desiderato,88
analitico,412
contaminato,303
canalizzazione,751
ansale,81
michelo,183
sedativo,100
uria,83
vaccinazione,265
versatilità,239
conseguere,296
profumare,543
anestesista,179
pregevole,108
ottavo,133
garavagliare,24
ape,240
chiere,183
monetiamolo,44
teenager,245
ics,40
stracciato,317
gionare,572
contratti,122
fino,42
sloveno,125
datto,17
seguito,93
olo,82
beneficio,149
zara,209
ineleggibilità,232
pera,115
argentare,404
background,204
bettola,29
peraltro,605
unionista,115
discutibile,437
congrui,15
dogmatismo,594
uffizio,57
familiare,62
stere,146
gonfiato,81
erchia,7
formidabile,92
villano,160
programmazione,74
militale,125
alcolizzato,182
scapito,296
giovanissima,358
pennine,22
licitazione,51
ticino,90
preferì,23
anotia,62
pechino,70
fidanzamento,65
picnic,155
tuccio,431
litoraneo,292
missoure,37
gentere,375
mediterraneo,79
geddo,31
affidalo,78
tema,102
vergogna,218
dimostralo,73
deliro,84
contrapposto,377
stimole,118
dedico,37
home,202
baghetta,108
carlo,117
lavorarere,136
precoce,286
conquirre,91
elemosina,39
aurorare,128
canossare,589
accendere,103
restauro,108
ombelico,60
confatto,45
ampio,28
appuntamento,112
contrade,91
parrocchia,139
costringire,91
calde,20
auto,150
mayo,169
razionare,277
discordanza,168
ciure,30
costello,31
cercatore,207
sbarco,86
prodotta,189
tardo,30
ridendo,12
avena,20
tisi,10
tarare,105
respirare,203
incriminazione,250
recessivo,200
mississippi,89
parcheggio,224
ricostituzione,117
confino,131
ordinario,17
pittsburgh,181
baito,266
jordan,472
parico,34
cabale,143
amoroso,167
carteggio,66
ufficiosamente,204
tentere,150
solidarietà,57
cinquantesimo,172
addolorare,103
diciannovesimo,100
premafin,422
compagina,7
cheryl,37
corro,40
reattività,305
dannare,207
porger,156
improduttivo,549
poveraccio,401
rui,251
parito,160
forcella,149
procedire,27
modernissimo,182
conferenza,61
anima,36
purezza,612
italgas,420
giancarlo,78
arrivalo,181
agatangelo,415
propulsore,125
lettino,65
prasco,17
spaventoso,296
repentaglio,33
precludere,363
soqquadro,220
contraddicere,932
evadere,71
sicilio,37
falsificare,76
fusta,68
astato,19
tratti,177
telmo,39
appaiano,489
bragotto,429
arizona,161
muoio,14
distinzione,332
procurato,85
guado,15
west,102
plebiscito,28
venute,72
palese,95
otone,129
cenadi,78
eroina,69
imputare,144
donna,125
norvegese,78
millantare,32
rappresentale,194
tevere,137
negoziatore,84
esercizio,20
magma,184
tostare,91
audio,56
dessert,30
ottusa,469
cauzione,29
promemorio,65
attentalo,150
bicamerale,109
fidanzato,412
infarto,223
cancerogene,431
giannino,182
imponibile,348
gabbia,7
mirca,4
crivello,1129
peloso,79
reddire,169
incremento,326
pompiere,266
affidato,45
riduzione,162
inscindibile,511
vento,49
fingile,77
petrio,207
suscettibilità,250
chiedergli,264
abbandonò,97
faust,72
befana,68
carcerare,116
euler,55
avvenimento,33
vaghezza,152
monote,102
menzione,35
mara,197
italcable,326
dislivello,162
indigeno,146
fideismo,46
preparalo,43
perlustrazione,345
aragonare,288
speculativo,85
sicario,185
protestante,186
chiuro,162
erezione,110
storace,96
trafficato,122
incursore,203
ambrogetto,187
castelluccio,945
ingiustificabile,407
revisionisto,148
postino,65
ratzinger,35
adulare,528
circondare,380
allentamento,366
affidamento,156
feticcio,319
abbao,104
foratura,225
muso,18
originaro,23
cado,38
niger,160
ambire,53
truce,183
chiameresti,185
aguzzini,81
rincaro,134
modifica,236
grazia,27
bastato,155
alfredo,189
meccanico,70
vicequestore,187
economica,139
frogia,795
biblico,109
messinare,279
mora,1
assunto,76
interrotta,96
alterno,22
attiva,33
ritocco,100
bonifico,67
piissimo,191
inclino,354
brancaleone,20
spano,601
alfonsino,139
miriam,146
mah,48
citta,11
tremendamente,222
decennio,122
disattivare,86
triei,291
incubare,361
aggressività,514
erotismo,545
colmare,21
densa,128
cospiratore,98
continental,67
angioine,176
lionella,35
riempie,195
latifondista,45
gin,97
linfa,41
larere,341
asteroide,168
leningrado,143
cassano,415
misurabile,773
stoccato,20
ricompensare,134
fratellastro,418
city,54
rigidamente,203
enciclopedico,46
fallita,16
vladimiro,240
preposto,230
cazzare,234
flautista,576
ricchissimo,118
avvincente,1004
leandro,273
ovest,52
procuratore,103
viareggio,233
sardegnare,173
china,18
sfuggente,519
esclusa,18
bisetto,52
totip,66
kibbutz,195
amar,80
renale,226
mcdonald,369
task,7
rodriguere,74
carosello,357
usuale,231
campar,83
trabocchetto,59
viola,244
ezia,14
anisia,58
cambio,41
timi,10
possibilirre,272
filastrocca,627
ameno,33
ininfluente,310
modestia,134
indebitamente,179
emozionare,567
catalogo,212
tirrena,55
particolareggiato,364
cosmologico,567
rimbalzare,85
confronto,61
atalanta,419
maceria,172
deregolamentazione,579
seatre,40
lasciale,75
elisio,69
oceania,178
smentì,58
moschetto,682
fregano,65
stazionario,113
oblazione,361
patriote,93
collezionare,144
musulmana,203
professionalmente,122
ilei,146
roncaro,62
cinegiornale,225
diabolica,158
cintura,51
barbo,73
sostanziare,414
mirale,52
raccolgare,137
limitalo,107
contravvenzione,194
telare,7
usato,79
sostituito,26
rupe,6
pistare,157
ricordato,104
troiai,178
fatto,793
pieve,27
disciplinare,123
sedotto,309
ecologi,29
assommare,78
intermezzo,274
vestilo,285
dotto,41
salisburgo,89
voglia,330
angolano,39
insinuante,290
autogol,190
darwinismo,668
statuale,577
rivoluzionario,376
cicco,33
istituire,153
rimasi,79
celio,235
controne,40
sottosistema,852
allegato,150
cambino,33
fornaie,11
bibbia,56
aversano,216
contemplazione,1397
agosta,175
paradigmo,683
cono,30
sgabello,463
cavo,46
licenza,41
cappuccio,119
trombone,221
turbolento,122
insuperabile,171
bulgaria,110
fassare,209
occhiato,55
ceda,5
johnny,136
riformisto,318
intellettivo,243
capillare,136
stilo,190
insoddisfattare,142
trascorso,47
doganiere,27
scacchiere,12
lealista,134
perfezionare,85
dividere,117
corana,38
impiantistica,332
inquinamento,133
accasciare,802
raccolre,70
fumario,63
parre,6
cronaca,47
immeritato,217
alpi,15
popolarissimo,256
azionare,134
caricatura,404
ingenuamente,720
grintoso,397
chiesto,89
calata,29
flauto,192
peso,28
scialbo,266
aster,439
golpe,60
mensa,34
gonfia,18
gallucci,431
ava,150
affermavare,417
contere,253
burga,136
aprite,13
altuccio,308
calore,74
herzog,265
servile,39
calisto,67
carraio,184
sonae,65
infine,406
saccho,180
atp,104
dinosauro,112
modulo,13
doler,74
sindaco,122
calciomercato,194
leggendario,518
eccedenza,389
steppa,397
congestione,309
immorale,330
visitabile,142
sieropositività,350
schieramente,301
insorge,25
sgomento,222
nenno,63
burlando,276
normalizzazione,466
frammentare,420
fervire,57
caluso,150
istituzionalizzare,681
ammale,25
ortofrutticolo,277
consentivare,238
donatellare,238
accademio,150
salmour,438
gridare,363
straorzare,16
metodologia,299
cinsa,26
dopotutto,157
evirare,151
teorema,1
transenna,459
titola,5
appaltante,122
occasionale,38
oscillante,75
gratificare,156
mausoleo,124
faune,118
unanimo,25
niet,18
gollista,130
esista,20
pilota,116
retorico,562
pentita,131
ana,44
tragicomico,410
kinnock,147
raffico,47
mania,57
talento,318
neofascistare,78
annamariare,556
cingere,201
chip,41
reinterpretare,39
solerzia,71
minibus,72
rotore,60
pulizia,15
forcello,375
impraticabile,286
propaggine,156
seminterrato,342
pudicamente,300
fondale,239
creta,16
introdotta,133
psicologa,110
indigente,110
allodola,57
leprire,38
down,35
innaffiare,715
depardieu,222
fendi,21
buddista,109
sian,40
grandemente,578
scogliere,299
ali,16
lorello,456
espone,38
cobrare,140
corridore,196
costituzionalità,336
impresario,180
aliasre,17
razzistare,156
opus,8
chianno,354
commento,123
desco,14
immobiliare,154
incominciare,206
joule,548
nives,13
fabrizia,280
lastra,277
indicizzato,149
incertare,263
paradigmatico,981
tirata,61
centrodestra,220
empo,33
specificazione,835
tira,41
buffalo,116
polio,35
hamster,325
ancore,52
denotare,130
scorgere,624
anoiare,218
variabile,123
bersagliare,306
office,18
bersani,173
sampras,410
benessere,197
insinere,493
gabella,94
fiorentina,71
utile,24
chiameresta,253
freddare,125
alula,49
amino,170
svendita,97
banana,50
mammolo,213
acheno,122
ninno,103
angiolo,56
altn,11
gallaio,150
biglietto,38
iniettare,360
sonia,277
tratto,66
alimeno,27
mibe,281
neoplasia,483
dopocena,61
avire,48
psica,244
pallanuoto,302
guardabosco,392
angelo,455
bianconerare,609
ascolto,20
traumatologico,302
cornuto,287
sfondo,91
commerzbank,351
installare,221
oltranzisto,183
maniero,402
giocatore,354
segmento,193
stremare,364
antimilitarista,161
ramon,300
gelato,155
ligurare,251
liberista,266
trentun,103
virato,42
dibatto,48
farmaco,147
abbronzatura,491
nordista,138
dateci,23
odorare,257
integralismo,483
tergiversare,150
solco,16
nereo,34
trinaio,23
schivo,193
balzare,73
islam,112
dominico,108
correo,23
cartare,95
sardo,60
chicca,113
arar,501
opero,30
snello,27
sciita,157
tyson,525
verticale,9
matteotto,46
indirizzato,57
detenzione,159
stupendo,266
equatoriale,78
camola,43
color,388
marchio,39
registrato,75
rimare,110
difformità,310
metaforicamente,792
scialo,142
burgos,134
indebolire,155
mattarella,208
giustifico,238
zelanda,97
ginnastica,106
prepensionamente,157
scioglio,31
differire,104
pescanta,41
thriller,376
caratteriale,282
maroso,115
intimare,125
presentimento,393
piombino,87
sensibilizzare,186
serio,46
fulminanto,116
macroeconomico,485
mangano,34
dongo,247
eluder,92
manovra,58
mmmm,10
rimuove,28
demmo,233
graditare,155
indistruttibile,145
simbioso,245
cardinale,124
cooperatone,39
lomazzo,172
permanenza,25
incaricato,67
abbondantemente,188
intransigento,305
immigrazione,37
ginecologia,219
globale,37
poltrono,31
dormivare,639
timbrico,497
inevitabilmente,430
capite,28
sassarese,452
frettoloso,134
arista,60
oklahomo,232
adescare,138
laura,547
disponibilità,114
maniglia,617
settanta,149
inarrestabile,181
registratore,115
tortora,279
chine,90
nascevare,216
rubicone,17
corsia,113
orizzontale,168
incetta,59
distensione,225
inappuntabile,226
considerato,265
frivolo,430
liechtenstein,78
stradina,363
girarcelo,275
parecco,112
citazione,287
ife,21
moderalo,66
seppo,30
merceologico,328
terra,134
velare,70
torturare,347
esclamare,288
melotto,262
arsiè,52
torchio,81
tome,262
elasticità,251
progressirre,262
conteggiare,540
noverare,182
danzatore,289
livornese,123
acuire,73
becera,225
risorsa,172
avimi,50
nube,113
machiavellico,286
ricordavare,393
infoco,31
rigoberto,23
volgo,81
controsenso,127
chiacchierata,351
partitile,275
pentare,115
assonanza,55
emarginare,178
carico,17
attore,285
scordare,655
conegliare,351
cinecittà,274
sottovoce,316
cicerone,96
provvedimento,164
attenti,22
giustiziare,182
rob,290
salano,99
consenso,86
recepimento,234
operatività,373
commercializzazione,446
ugello,35
costituenda,122
palato,141
cinquecento,120
riaprere,27
giocata,250
collepardo,482
remora,70
ingiustizia,250
camorra,158
isabellare,332
aggiornare,125
poolo,39
rudere,187
estemporaneo,233
zag,2
materasso,457
centralizzazione,639
madrigalista,332
congrega,38
necessità,423
miglior,85
regimo,105
girone,155
danila,28
miceli,108
ragionato,208
fiumicino,95
carona,869
cravatta,389
motociclistico,142
sospendere,80
monotono,59
depuratore,185
apartheid,25
corporazione,176
magni,362
campegine,122
nordoccidentale,206
obsoleto,128
alanno,36
ispezionare,94
lav,383
stagno,52
pollein,144
autogrill,66
rancio,8
hiv,84
salvare,116
mariso,570
spiegare,363
scandale,65
fuggitivo,193
liberismo,493
regato,100
lagere,211
scenario,43
moretti,251
noriano,58
robinia,27
traslazione,213
farina,176
giordare,112
balordo,312
tragicità,491
consultivo,110
realizzazione,253
stemma,64
cuoio,107
asuno,55
tariffario,206
addobbi,173
popolarismo,506
dolere,118
riguarda,50
sbracciare,789
penale,129
battaglio,48
vessare,282
autocritica,205
raccomandato,70
frantumare,301
segnaletica,95
calo,115
cimentare,349
oppio,49
agrario,25
alterato,518
bollito,251
central,20
fierezza,405
vandale,199
farsa,69
doccia,28
rotole,213
altruismo,712
attaccante,678
busso,37
ferentino,140
consumazione,68
sportivo,38
unifico,31
sconnesso,256
moltiplicazione,456
regressivo,649
redattore,40
fara,75
strategico,73
pletorico,172
veleno,93
groppo,118
bucalo,389
milita,197
imbalsamare,130
gliel,31
lasceere,123
menare,496
inquirente,229
subordinare,354
tanare,98
senato,112
blocchetto,55
adriana,223
appor,84
assillo,12
beduino,232
bernino,41
sudorientale,265
affaticante,101
provento,192
civetto,119
tiberinare,175
accontentare,632
cobain,241
fiera,39
poma,11
sotterraneo,144
osar,61
delusa,74
duronia,227
recentemente,59
leghirre,73
rettificare,241
forca,4
giraldo,577
raymond,166
siriare,209
indulgere,573
pietanza,302
miscelare,211
spropositare,538
bandono,152
baruzzo,728
zig,3
altissime,49
riano,18
caio,706
valre,12
ralingar,115
vastità,231
asserragliare,544
federica,211
conservato,23
canterbury,51
laccare,198
turbato,53
obiettore,21
traversone,359
stuprato,285
lemio,21
audience,52
terno,55
pirello,183
frange,12
tirar,118
starare,742
abatantuere,227
retroattività,318
simbologia,394
prescrizione,205
contrapporre,923
piovani,316
pubblicizzare,73
dominanza,290
olimpo,92
annue,92
ammanettare,689
sconto,91
galattico,213
filodrammatico,21
considerala,295
cucco,430
fiesole,26
morbello,237
sinio,21
sarsre,47
verificare,251
credi,72
battona,343
mimammo,80
sesso,87
tenda,54
asprio,57
adonia,245
fittize,11
occhetto,102
alternato,112
prado,315
purtroppo,541
cellio,35
rimasero,90
dna,89
prosciutto,142
concessionario,58
stio,221
sibillino,45
cervello,284
battere,224
temiamo,17
curalo,63
beniamino,26
carso,109
incomplete,106
virgilio,85
trota,74
scuoia,27
bastanza,269
tamburano,198
imminento,55
bottega,12
condito,103
cantavo,38
isolo,154
venda,36
raspar,8
nestlé,112
salisano,57
augurio,80
tornasso,61
diffudere,153
integro,35
studio,135
armido,180
napo,18
rend,209
incivile,300
provato,25
gelateria,219
populista,312
chase,352
commissario,47
imeneo,130
parallela,17
lanzo,47
albertino,355
candelotto,397
aedi,58
lavello,372
xix,14
prere,654
mongiovino,340
budrio,129
partere,166
ted,97
bookmaker,45
elsa,25
confermerebbero,289
settebello,550
malconcia,139
necesse,135
ingrossare,73
cipollare,26
nordovest,127
stilistico,654
ininfluere,116
mese,129
tollerabile,240
falda,18
legittimazione,771
autoctone,121
emirato,163
agnese,45
tonfio,78
babila,94
strutto,38
magare,370
tara,112
ulm,32
verere,100
staccare,176
cenone,165
pianale,143
mortae,119
hollywoodiane,401
party,76
crono,156
tranviario,231
barattare,175
pontificia,145
entrai,12
emere,95
distrazione,130
dismesso,138
conciliabile,374
osta,5
seta,179
incocciare,714
ipetro,53
pieno,10
fischiato,262
elettrare,23
predestinato,257
oltralpe,76
valicare,31
tumulto,74
port,106
intervenere,52
fabiano,117
motocicletta,271
cor,235
chiave,13
gerardo,30
fungo,219
emimere,98
fondativo,795
immunologico,459
messenia,59
annidare,123
mae,62
primogenitura,60
pariolo,135
tosco,187
prece,43
elevato,254
tempio,314
alsaziano,169
tene,25
indotre,155
alimentazione,348
cave,48
francofone,85
avvezzo,792
contavare,392
enclave,189
stila,17
arenale,88
disarmo,66
chiarificatore,249
goffredare,110
talorare,1016
manterranno,45
issime,210
carife,68
garibaldare,60
istone,143
esente,42
dialettico,537
intermobiliare,364
crescenzo,77
forzato,29
risa,16
ingrosso,17
popoloso,118
rallentamento,280
oltranzista,176
sostanza,251
astanto,105
respinso,86
ginno,33
parolare,194
agiio,70
pivo,8
brigatista,123
contenitore,99
stupidaggine,598
nascerà,16
rovetta,72
dispiaciere,412
fao,71
tenore,32
ovino,105
loco,17
sexy,71
antisemito,129
vascello,120
partigiano,94
parta,14
ridicolizzare,552
mettendolo,48
italiano,26
riuso,6
taglieggiare,227
volontariato,112
saere,179
incito,22
smarrito,55
volla,47
accredito,21
arcinoto,4
estraneo,187
pozzi,23
pontegge,120
trattavare,209
didone,168
arrendere,277
uranio,99
ritento,109
generale,13
hollywood,469
grassetto,180
amplo,4
iniziale,66
eversivo,103
qualche,115
ricevare,70
elaborato,178
pendico,206
discrezionalità,392
carare,221
fabio,342
ind,320
hopkins,517
pistoiese,459
ladrone,72
bengue,219
gonfalone,75
viscere,392
nuvoloso,148
linciaggio,496
imbattibilità,436
fantasista,517
trasmettere,61
senegal,153
costituitosi,62
liquidatore,27
pianificato,151
gelone,207
montano,155
scolo,52
svista,84
verrebbero,263
axa,257
ricognizione,61
moglie,269
accorgimente,91
pescia,210
numericamente,385
imelda,7
allentato,49
anelo,153
sovrintendente,32
imprevedibile,347
vegetariano,146
drammatico,99
pena,46
tournée,79
bombo,39
porere,244
robusta,52
agguerrito,31
braverò,512
tir,83
mancare,129
fermo,32
martoriato,163
chiamare,76
conduttorio,154
melenso,71
affarone,61
trac,162
lasciato,82
digos,115
copre,78
sartore,83
presentì,64
paiono,289
aspro,45
cinquecentenario,156
intellettuale,331
liberatorio,116
precedente,70
accusale,193
sentito,122
vezzo,332
maridere,1111
ammirazione,269
babbea,48
cascano,195
cortonare,531
indure,148
davanti,72
scomparsi,233
jugoslave,139
adelaide,480
eresia,188
muratore,309
corea,103
reame,333
baruffo,256
anticolo,16
banario,588
mancante,22
alatola,138
barzotto,73
sviene,75
vietare,41
marcellino,743
guardare,419
rintuzzare,158
ritorno,37
bar,10
piastra,298
riduttivo,552
velocità,75
aura,12
bieno,253
insaziabile,263
compore,163
ppi,79
soffocare,206
tegola,31
applicato,105
auspicare,216
trentasei,140
laudo,49
gettone,124
cesto,68
drogo,18
fumante,472
steven,607
presutto,194
strapazzare,900
compratore,139
inviò,71
scarica,329
sconquasso,211
capitanare,141
didascalico,680
pepe,36
revisionista,167
bigotto,94
giudo,170
feisoglio,294
sangallo,791
rateo,3
rimorso,252
protezione,36
sello,623
alba,39
agevolo,44
ballino,597
poppa,14
terriccio,631
reperibile,77
correvere,131
lirismo,525
creativo,480
segrere,14
litica,67
barbera,52
maquillage,16
lager,65
risentimente,441
samone,517
crude,69
fucile,281
soccorrere,199
scheggia,82
rispetto,122
bifronte,40
rispettabile,428
gillo,189
parete,617
eu',9
afgano,383
burkina,72
bucala,354
lumen,4
nazionalisto,324
asmatico,198
allacciare,21
camerun,177
gregory,437
connettivo,355
pretendente,104
bresciana,255
virulenza,351
sballottare,286
espellere,27
cappo,278
alaska,108
guru,150
attardare,213
cooperativare,40
borghetto,184
humus,2
mazziero,17
cuto,16
erudito,576
pitagora,97
cattolicesimo,380
proporrà,109
bismarck,178
mafiosa,162
telematica,56
gallo,220
miller,770
herpes,73
scomposta,98
remore,173
decifrare,236
locale,22
gestapo,46
serenare,230
classico,191
papeto,36
mezzofondo,378
granata,227
anatomia,276
siberia,102
costruzione,137
sauditare,206
succhiare,379
detenere,33
pere,10
caramel,153
noè,363
anticiclone,149
europeo,60
comandamente,23
spana,106
consultabile,159
fatturato,133
urbanistica,91
allineare,158
ganga,112
siniscalco,845
limoges,178
rabeca,412
cela,8
stallare,106
piccinina,759
straordinariamente,153
chiuso,41
nomino,15
modugno,655
pellio,311
santina,334
immedesimare,852
multisala,81
magistrato,237
gallura,116
subordinato,383
indispone,77
dioniso,132
implosione,197
bigas,135
lesinare,101
essenzialità,994
strumento,56
designare,142
caminetto,277
bossi,71
seppe,24
virilità,414
delicato,70
scrittore,326
tornila,131
invento,592
penalizzazione,519
assomiglia,349
scanner,82
lazzo,114
blandire,176
letterio,36
colpire,83
interpretalo,189
anzi,918
cavare,75
cinquanta,200
scelgare,178
narrante,494
compiuto,143
chirac,38
partecipato,16
pecorello,198
avvenisse,70
isso,203
artifico,53
bell,818
delta,24
satanico,221
rifinire,242
sedurre,452
sollevato,47
gigli,16
veritiera,151
metto,25
ruino,51
giubbotto,235
rappresentato,230
bislacco,365
venuto,43
tesissimo,184
fascare,606
barnaba,38
durata,37
ingombrante,67
vincola,109
cena,70
gorge,196
insegnante,113
soffitto,474
carmen,135
alo,753
aderisco,47
delmonare,19
eltsin,113
scendare,64
mon,287
coranico,14
addentatura,238
save,143
notevolmente,225
sondrio,215
chiacchiericcio,509
morgan,120
erutto,42
abbado,113
premiato,39
espiazione,175
consenziente,159
sesta,112
eclatante,184
estradizione,47
interessa,114
provocare,189
assimilazione,938
bistecca,246
francere,706
rouletto,43
registrare,107
professore,192
pettino,78
eludere,162
superlavoro,35
adolescenti,174
bagarre,78
preparare,109
brindisino,351
integrità,84
marilena,328
soppiantare,258
epistemologia,509
plurale,58
ricondurre,442
ritieni,82
euromob,314
celebrato,153
imbarazzare,549
sconcertare,605
additivo,290
mensilità,170
inequivocabile,68
narrazione,898
silicone,207
druso,56
buca,176
nureci,48
scandire,219
corrisposre,115
dubbioso,176
prestatore,99
ugo,83
beffare,14
appetito,25
legala,26
devolvere,52
cilindrato,166
menaggio,52
dopare,73
incognire,29
capace,126
abitale,102
comincare,125
dissogliere,349
facessare,585
proprio,718
provocheere,230
tendevare,149
chinzario,191
edito,106
prestanza,25
fulvo,100
industrializzazione,414
fidanza,99
chiudo,34
contentino,370
enuncio,26
malcontento,172
spedire,53
salsomaggiore,240
acquavire,340
pontey,91
travaglio,95
equiparazione,226
somatico,309
bermuda,40
esiguità,274
rilassato,326
teppista,336
indivisibile,265
preparazione,41
egemonizzare,483
masera,35
traversare,210
barasso,23
gerarchia,83
sterilizzare,287
coniare,59
spauracchio,73
valvola,134
cerca,34
facoltà,63
immettere,357
columbio,120
cartapesta,621
emancipazione,392
misfatto,36
lieve,28
misterioso,130
defunte,44
argentina,125
segreteria,40
mutui,154
sic,122
restituiscere,238
rischiavare,227
stracolma,33
alza,16
mando,37
campion,748
christopher,59
coloritura,646
lebbra,188
sostituto,104
preclusione,386
partilare,201
rifornimento,134
sperimentale,155
dirimere,63
tassello,52
intimità,96
capalbio,281
dolore,127
bivaccare,930
pescatore,182
esclusiva,26
reinserire,69
incubo,90
protestare,142
generazionale,716
chelidre,484
iri,61
canavese,97
logia,38
colonizzare,205
tabù,38
casablancare,140
filippine,11
natura,354
presumo,95
catone,304
mentono,16
richiamo,178
visionario,407
striare,44
mirato,102
assembleare,143
cambia,29
baltico,215
gioì,196
macario,69
sonato,30
tremenda,268
imbocco,46
opinione,97
raffinare,250
considero,304
tenutasi,77
caucasico,225
anfetamina,537
normativa,262
cimino,215
moscovita,132
sventare,283
fusaro,39
signor,104
mickey,519
mondializzazione,491
creder,274
polare,21
mendicante,95
accidentare,377
reattivo,161
salito,21
pazzo,155
leggendare,408
lotta,54
programma,35
cardano,210
spante,240
spenno,41
sconvolgimento,260
competenza,122
godila,46
chele,23
ideazione,279
teclo,36
sovrapporre,810
teleromanzo,322
cantina,228
frenante,163
sergi,45
dosaggio,165
croare,148
perloz,80
fenile,219
postare,150
cece,93
smog,48
sostituire,84
lombardio,39
immunologia,354
panso,189
condurere,30
aringa,134
libare,241
alga,139
inattesa,114
illogico,378
gorgo,10
vestale,46
riri,46
scialonare,57
inesorabile,153
degenerazione,716
lustrare,121
sullivan,570
ostino,38
braga,35
cronologico,242
andata,357
galera,132
parrucchiera,350
laurence,587
zaire,145
imperare,191
scalpore,51
ialine,32
inalare,118
argano,104
ederare,22
interdipendenza,598
virata,53
rilere,153
scottanto,53
giove,75
france,86
cio,377
sordità,424
incutere,217
mystfest,51
oceano,216
preziosità,268
calabriare,385
charlio,588
puzzato,128
parmenso,278
puntualmente,310
bucato,635
flussio,44
stracciare,264
ultimare,197
zoologa,30
abitabile,92
perfetto,47
preoccupa,129
assieme,59
inquadramento,309
stanley,282
feretro,423
zigano,59
precipitoso,56
distrugge,87
amputazione,151
gian,65
affannosamente,287
controfigura,538
laurentino,290
telefonico,57
francoforte,45
morono,372
sottomissione,937
renda,12
cernobbio,7
accettavare,243
organigramma,25
padronanza,436
prestigioso,35
dargli,102
casciano,401
danneggiato,54
onoranza,14
presiedutare,97
industriai,104
conoide,74
nominato,73
risultanza,145
acceleratore,68
batter,86
network,98
specialmente,166
cieca,79
miccia,111
museum,66
rimbrotto,173
grandino,67
hacking,213
crampio,216
alpe,52
cannoniera,306
escludono,124
tabaccaio,58
patibolo,50
sopire,120
energia,49
frastico,17
olivetto,132
sismico,59
slogan,68
configurazione,852
mastro,379
torso,203
flare,39
succio,26
seduttore,190
cernere,26
dottoressare,139
vaglia,41
contuso,91
valentinare,774
volteggiare,1162
disparte,49
nuvola,42
giampaolo,75
facilmente,178
incartare,131
corare,49
voluto,105
repulsione,437
raguso,224
monica,292
rischio,130
pupo,4
rimangare,462
passala,70
coop,28
moralizzare,442
pulare,130
adeguale,515
distante,156
ubriacatura,289
veneto,40
pacifisto,81
arrosto,344
trascinante,648
impresta,42
sottocultura,632
rilento,60
parlarono,334
invocare,226
allevamento,230
riete,178
incinto,304
ventottesimo,164
corruccio,219
gerarco,5
sarandon,679
cub,15
ciucco,646
scettica,102
cesarino,495
camorristico,178
rispettosa,171
destituzione,127
natante,270
inosservato,71
minacciare,83
rio,20
maffeo,6
lambertare,279
eddia,617
anzitutto,793
incanta,39
marionette,180
diventare,149
lampo,2
storica,336
cipro,54
fotografa,61
urgentemente,157
determinalare,635
boliviano,162
irrigidire,390
brusco,17
considerale,300
dispiegare,100
ristretto,8
abbai,252
antisociale,347
gialappa,175
sollievo,41
cellulare,111
demoniaco,453
bertolt,114
biettivo,35
cairare,531
bon,24
brandere,212
pistoia,139
lavoratore,155
purificare,113
penzolare,1268
sapre,280
molinellare,861
evaporare,436
palesi,20
presenterò,264
piova,40
eouity,327
milito,69
xxiv,43
boscaglia,385
manomissione,309
amabile,159
insultare,329
descrire,161
avvalere,82
seppero,162
quieto,212
karate,22
isottare,394
soldatessa,117
sconfiggere,146
giurare,202
affittare,95
spadaio,536
inquilino,28
afflosciare,664
pasticca,276
abusare,104
inspiegabilmente,265
round,10
salariato,60
alighiero,176
modale,61
nietzsca,272
carrellare,145
guevarare,166
raffronto,46
omettere,350
fragile,96
della',49
arabismo,330
trentesimo,111
lynch,691
mastella,92
selve,7
terre,126
politicità,1474
incondizionare,188
trionfatore,284
spazzar,53
orfico,364
trovare,231
mensile,50
fin,21
consoli,16
julia,569
sparatone,297
cervere,36
nausea,70
scido,166
designatore,73
sienare,107
ridicolo,328
rodotà,71
disegnatore,362
lasciandoso,238
tranquillanto,74
gialle,245
irons,344
rottura,117
omni,7
alone,15
cavicco,137
sandro,157
euforia,63
poliziotta,318
ausiliario,41
camme,148
sott,6
urgente,66
riviera,112
allegramente,437
peculiarità,572
epidemiologico,248
mossone,228
ruggero,403
privatistico,302
pnl,56
inalterare,166
responso,23
giacchetta,377
diciassette,179
papale,116
pedalare,84
spondo,61
pong,9
vender,121
quarantenne,270
distributore,130
nuccia,94
fornivo,40
calderone,190
registrale,92
colludere,367
chinare,153
secondere,238
vira,14
riccio,522
summa,36
maxe,109
marello,470
forrest,237
riccare,369
asma,76
attenuante,94
sottratre,67
continuazione,145
basare,115
duo,117
offri,34
allignare,190
vii,14
gustoso,572
catodico,464
tenia,165
mutanda,88
motoristico,119
ceppe,27
universalistico,1007
saturno,182
gaucho,18
pasticceria,384
basteranno,67
abusa,8
spaventa,30
evocazione,739
ingiù,4
insistevare,321
sorriso,400
prebenda,10
bel,30
accuratamente,94
invalidi,98
curabile,254
castellani,334
manino,390
modeno,130
ardentemente,290
walter,71
rovente,71
chiunque,152
irpeg,162
istinte,440
frequentazione,89
guasto,15
foscolo,337
retroterra,73
indeggere,109
allarmismo,170
nevroso,574
draga,51
strozzatura,125
embargo,50
brasilia,60
pil,108
morello,961
minestrone,552
aggiustamenti,238
pontare,88
granare,477
viacrescenzio,197
preminente,568
buenos,29
laude,133
parassita,189
sorin,322
spinoza,322
mostrato,121
safilo,379
ubriaco,296
paneuropeo,69
pover,62
rubato,182
saturo,79
farci,30
pubblicare,171
acriticamente,788
dileggio,141
obbligazionare,262
ripartare,95
entrerebbero,288
metallurgico,254
accenni,36
consentito,161
petrare,145
democraticamente,335
cedere,104
prodromo,4
fosso,180
giolitto,85
approvalo,126
riunificazione,166
commistione,182
conforme,162
infischiare,294
sfitto,68
traspone,13
banda,83
slang,59
schematismo,969
alesa,105
moco,40
bordano,52
isidora,219
borghesi,9
retere,46
accontentere,379
preistorico,515
strombazzare,265
venale,45
malaria,284
pannolino,696
biotecnologia,240
antigas,27
versante,50
sudan,68
onte,14
sbiadito,301
arto,158
traducibile,440
transalpine,157
addormentato,458
vissuto,274
ignorante,602
ultim,132
saggiamente,298
compatibilmente,239
evidenza,158
munire,38
prender,35
sfa,8
musico,251
vacanza,53
simposio,68
erotic,217
ribaldo,302
amaro,72
corollario,396
athos,44
terzetto,181
almea,37
bertare,189
accoppiamento,163
partenopeo,69
acrobatico,182
dimenticare,798
kazaki,70
sanguinosa,164
tommaso,102
inseguere,254
atomo,20
opprimente,484
prete,189
scontento,422
patria,34
statto,43
battito,20
murale,32
palendere,191
donatore,263
esponenziale,918
tifare,197
tillia,735
penato,70
berlingo,231
iniziai,121
dolorante,186
specialissimo,91
casella,5
cyberpunk,236
romanza,583
aulo,38
vorticoso,55
aratura,33
mollusco,103
poligono,101
acustico,109
gabellante,105
scioglia,14
mondere,180
vattimo,160
giamaicano,270
camma,55
comicità,480
affidandoso,24
tarantino,345
udito,10
guitto,339
giallista,137
pollina,44
interpretato,180
macerato,51
deformante,754
perfidia,272
professor,124
regolativo,520
telegiornale,130
abdica,6
terenzo,211
orchestre,274
copyright,2
sincero,187
alain,178
verze,9
particella,277
occhipinte,223
uscio,73
escobar,52
convulso,87
sbattere,377
lusaka,121
tudjman,140
artare,355
pierre,57
forziero,54
capannone,267
cornelio,332
fisco,80
concludire,202
lord,9
dissimile,451
prestire,133
vecchio,64
bonario,28
intervallare,127
carcerario,72
patogeno,311
tempere,16
rasare,71
melaneo,110
notoria,77
mordo,47
tarvisio,44
resistente,284
prerogativo,255
ronaldo,112
magrone,359
podestà,29
adottivo,131
bretone,57
lor,81
trasferibile,72
agglomerato,114
stallone,454
belvedere,292
sentirme,262
agnelli,53
oncia,11
arino,434
capovolgimento,568
anticorpe,484
harry,437
volute,10
imponere,151
accadde,44
uniformità,305
ereditare,36
mozartiano,364
caciotte,175
documentaristico,234
falò,19
protendere,287
probiviro,99
pallore,183
orlare,48
avvere,505
spagno,164
distruvere,176
favola,410
smetto,107
volkswagen,74
documento,62
cagna,40
indigesto,69
rettile,254
marginale,152
longo,102
sfinge,66
desulo,64
saettare,350
zanica,86
samuello,257
dissennato,318
cubitale,156
istintuale,698
confermato,221
irruzione,129
paragone,114
spargimento,85
estinguere,108
dicco,46
incamminare,331
repello,263
glasso,127
gallare,351
lunare,215
singolarmente,322
biella,312
idio,95
indicale,52
scoprirere,98
prestanome,134
comporta,127
speaker,45
insospettato,428
intralce,8
rudo,134
storia,249
service,25
trattalo,69
tunnel,15
decurtazione,424
miasi,31
portato,60
bere,100
belo,117
tuonare,130
rimanenza,62
feria,28
pensante,229
prince,63
svi,19
missouro,194
espn,33
buoi,12
rimontare,471
propagare,99
progettuale,479
inala,173
ante,6
ottenimento,161
cosentare,218
cavalcata,361
stupito,341
modesta,73
sonoro,165
ripropore,254
nove,110
insolere,98
graduato,27
brunetto,675
antonomasia,130
parte,355
paesino,314
autorevolezza,189
incoerenza,683
melmoso,324
busho,66
bollento,46
radiofonice,152
riferire,220
limivora,168
piagare,74
ampere,116
tartine,236
comitare,56
intendiamoe,555
ciampi,51
rientrano,32
aids,109
innanzi,227
postazione,248
mantenare,45
scomparsa,95
pittura,278
vestone,122
piacente,192
aristo,31
dovere,594
atelo,29
cannocchiale,488
anabolizzante,202
chiasso,59
amico,191
opporre,394
provocale,154
focio,45
inerma,205
chelsea,435
volpe,46
presepe,201
pordenone,83
repubblico,163
trascendente,532
proibire,37
maradono,140
centinare,134
agendino,57
tecno,52
sorgo,25
invidioso,905
domattinare,124
patii,66
furbesco,213
continuare,247
bonea,430
risanam,216
ispano,43
postindustriale,287
irene,14
erigente,37
indoor,66
rettere,100
asburgo,83
svaniteve,240
attuabile,521
lucidità,253
comunichare,90
brano,356
cotone,393
centralista,351
arte,96
riattivazione,669
contrario,235
single,26
risata,563
ailare,160
primavere,117
racchetta,455
idrogeologico,156
pino,139
cappellino,551
bisessuale,107
odessa,107
accolre,205
esausta,45
janeiro,10
pronte,22
ammiraglia,29
otranto,47
sassuolo,203
sviluppare,309
moralista,316
cognitivo,631
congelamento,236
unirere,191
ultimi,32
accodo,128
neuhaus,297
divinare,239
irreperibile,39
penetrazione,225
lamentoso,272
litiga,29
ricopre,23
salomon,11
ascoltavare,179
war,282
peplum,582
carne,168
combatte,106
dormitore,444
setto,5
musicale,202
federale,50
percepibile,194
pollico,44
chiomonte,371
vendica,71
gassman,159
atlanticare,32
associa,28
evidenziare,194
campetto,352
matricola,5
cifrato,20
montesano,644
inviato,80
martello,98
borghese,18
inattuale,430
rurale,17
suggestione,1118
realisto,54
wolf,65
infermiera,244
grottesco,451
medole,37
burro,197
sara,33
condizionare,194
incluso,24
side,31
alzato,235
purché,139
apposto,55
gestionale,404
ineffabile,126
alitalare,66
determinare,728
gonfaloniero,17
concordere,523
alamaro,331
menem,28
arona,91
rifiuto,22
treviso,261
cranio,236
xvi,38
piao,4
paternalistico,481
venatura,180
serto,44
pioniero,27
padrone,71
pulitura,104
sottostimare,456
fidanzare,272
ventesimo,99
perlino,55
scada,22
esplorazione,173
trinidad,151
camite,62
bulgara,95
foracco,405
stalin,87
giure,81
indomito,39
aizzare,101
dimensione,242
concomitante,113
benefico,20
contenzioso,58
condire,55
trentanove,201
piazza,54
prolungare,81
int,331
considere,451
effettivo,475
otre,10
trano,163
difettoso,114
urlato,480
risconto,90
boneo,312
goffa,103
london,240
giungo,33
pluralità,239
infilare,763
johnson,303
oltre,180
malerbo,47
teppismo,165
alìe,670
pellicano,133
balere,19
aggeo,267
denaro,83
presupposto,650
frequenza,38
acro,39
arbitro,254
procedare,160
apere,29
zenit,77
antinomia,137
acqua,182
elusione,91
capua,10
quiz,57
compartimentale,109
marginalizzare,475
universityo,248
ambrosiano,65
riassungere,280
brez,11
pontina,418
natolo,426
corposo,103
abitare,173
senare,58
disorganizzazione,390
tradate,23
indegna,195
extraparlamentare,249
smagliatura,485
budino,75
popola,20
legittimità,229
capote,20
edificabilità,169
formulare,218
giudiziario,107
segmentare,203
maniere,319
feste,65
geopolitico,303
domma,336
conchiglia,615
corporatire,27
torino,172
adatta,45
psicanalista,195
sentiero,78
allego,16
mela,9
indolore,50
insistire,435
indiretto,45
fetale,353
fumata,10
negretto,189
quarantatré,157
pagno,267
strabiliante,256
sconsigliare,138
novemila,112
sionismo,365
nevrotico,474
necere,102
pontevico,192
piccolo,17
panacea,1
albano,387
comincire,142
austrio,106
puppet,210
prepotento,185
iraniare,176
sfociare,111
chiesetta,314
fiatare,144
proselitismo,242
nule,67
udinese,478
temerario,51
psichiatra,132
superg,242
profonda,25
cinte,49
depenalizzazione,337
bustaia,49
controparte,168
impedere,94
accerchiare,201
spregiudicatezza,768
vigilante,91
riscaldare,118
impunito,154
ocr,423
piccante,225
rombo,110
sacrificio,29
psicanalitico,404
elleno,59
notturno,32
ognare,447
assegnazione,69
stragismo,128
rapidamente,160
sgombero,65
inimicare,288
rimangiare,282
accline,87
bacucco,148
alea,72
pioppo,51
terremo,8
sibilare,183
stalla,172
pesantemente,93
jet,103
garbata,322
denigrare,291
drastico,126
denota,13
vallo,36
cranica,80
melato,460
minato,31
sampietrino,705
giornalistica,107
duttile,97
storcere,275
barista,89
ricevente,44
imitativo,379
telesforo,205
schiettamente,653
eppur,136
sfiorare,68
sfoggiare,399
magazine,138
societario,101
ambientalistare,77
pacifista,66
fabbrica,106
selvatico,201
lara,68
raccolgere,88
cisl,127
groviglio,130
brocca,11
tangibile,199
invitano,48
gamsakhurdiare,222
miopio,389
trovar,27
retaggio,627
auspicabile,484
risolvere,101
imprenditorialità,297
caino,177
governa,109
spesso,821
disincantare,540
fitzgerald,640
franz,116
premettere,613
verginità,125
tenero,303
rimpiazzare,103
visibilmente,161
trincea,5
scesa,17
aleggia,43
abnorme,145
convivo,177
distrure,178
getto,16
causare,129
istanza,48
quartetto,274
mossa,65
rispondento,25
allentare,147
delizioso,438
sostituere,30
rianimare,57
tiptop,197
permea,128
luce,36
iowa,34
colpiscore,32
esauriente,216
top,14
monco,7
sperimentazione,364
etereo,75
emissione,85
appannare,408
barcellonao,162
illustrazione,312
papiro,90
colombiana,53
sony,75
cromo,141
traumatico,132
viotto,370
clara,313
ilario,209
ultravioletto,313
edile,117
nosocomo,160
esposo,23
grossisto,15
rotta,22
arcaico,563
valdiere,85
concento,32
cere,163
bento,159
null',34
sceneggiatura,368
retributivo,276
perii,27
sottoscala,120
ciac,4
vigoroso,99
vaiare,328
lavare,244
deridere,51
passarere,412
progressisto,189
emanuele,64
bernardina,320
riservato,16
orgasmo,118
diciannove,162
sospingere,348
giovanninare,1062
dottore,107
razionalizzazione,898
calzare,440
tangentopolo,62
vesuviano,173
redditizia,115
ferme,6
demografia,61
roulotta,416
bulle,302
letizia,165
predente,103
irretire,728
elvia,35
indietro,32
lavagna,193
detassazione,239
avventato,473
regionale,101
giustezza,297
avevare,209
devastazione,302
bovine,99
espatrio,64
spalla,159
domino,17
guineo,56
giurista,91
prostitere,76
der,121
venditare,147
rispondevare,167
molteplice,477
cervare,89
stanca,65
bug,65
vello,71
inverre,130
veicolo,129
bisogno,232
soprassalto,296
occorrare,137
xml,24
trainere,58
fruito,37
scheletro,145
temare,100
rinfocolare,114
citofono,27
nominativo,122
grezzo,195
vacca,60
siparietto,263
marzano,235
accecare,230
coprotagonista,168
recanato,69
vitamina,419
servilo,33
favilla,29
sordare,195
algere,169
accompagnatore,97
mollo,297
marengo,232
ressa,19
buono,42
avarizia,57
normandia,120
idroscalo,333
lascio,19
amarone,104
isaac,20
levigato,696
senesi,136
comitivo,52
trinaie,86
galleggiante,464
eleggire,76
acquiescenza,286
autonomista,117
sottomarino,216
monetina,242
cinica,103
batto,106
reità,15
sensazione,391
siglato,75
dubitare,368
stabilità,174
scarpone,108
longevità,288
incante,125
galletto,436
burt,595
cirano,387
pastine,167
yogurt,108
gomito,64
animai,43
agone,58
rurre,103
mastra,50
vecchiaia,48
slare,85
insegno,46
appostamento,123
tirolo,16
interagire,309
obbl,255
rapito,126
salernitana,341
selezione,30
lungimiranza,169
operare,84
furlano,69
abdur,82
riciclo,31
caco,305
farraginoso,103
prua,98
monolitismo,587
colonnare,95
milione,157
sedimentare,865
avanzata,130
egemonia,341
valuteremo,125
ponzi,460
kamikaze,68
talvolta,1091
vegetazione,391
mogli,139
salva,15
cerro,131
palcoscenico,265
missarglio,228
indiscriminatamente,402
liberazione,74
giuro,9
phenixfund,317
sposato,200
irrecuperabile,354
comma,12
rumore,69
stillo,187
afillo,132
occupere,50
ribelle,263
segreterà,40
cialtrone,312
mezzanotte,67
segnato,53
ricaduta,169
usurpare,129
falckripo,400
borea,42
malignità,278
infermieristico,247
nautico,31
presento,86
confinanto,153
giussare,614
rire,49
novantesimo,101
disinvesta,102
persecutore,267
autentico,297
neonata,126
sudanese,298
provinciale,157
disinvolta,610
folo,416
scandere,447
armenia,198
movente,183
retrovia,95
barbania,137
ferrari,151
sieqmund,23
qualunque,426
lunghissimo,75
dualismo,514
rocambolesco,153
atala,43
brindisi,133
prepensionamento,207
barbarico,110
coglia,35
trivulzio,18
gangster,162
occupante,103
idi,167
apostolico,162
massenzio,165
aiutante,69
multimedialità,87
runggaldier,264
aggredì,68
faido,111
sentivare,180
speravare,256
skai,115
saudire,167
scatolone,345
abilissimo,200
conducere,53
enigmatico,558
guasta,15
sica,20
fittissimo,56
giurì,30
kit,42
paracadutista,243
pannello,44
incontaminato,297
buccia,70
bobino,256
accucci,1172
bacato,76
alessandrino,871
mista,16
venditto,108
maschio,154
consumo,214
garbare,200
olimpionico,323
grasso,26
varre,62
rispettoso,208
james,388
poiché,782
papaio,585
assale,157
isteria,129
queen,289
equilibrato,237
annosa,9
discriminazione,304
giudica,53
nicholson,836
stesura,89
giovamento,120
efferatezza,415
fabriano,130
sopraffazione,1066
combattere,129
centenaro,266
irare,129
raitre,97
testata,28
stalinismo,356
spietatamente,247
potessare,308
spicco,77
edera,35
investa,29
rano,64
dopirò,41
daniel,233
esaggere,25
gattino,182
sportiva,97
opportunismo,722
missare,24
partitocratico,537
usa,92
sinai,16
parassitario,369
cimare,295
proposito,343
contorto,330
maggioranza,135
perfezione,175
mongolia,234
verificatoso,150
lucciola,81
drink,168
pretere,67
incongruo,443
rompare,249
indigestione,144
predecessore,25
venturino,312
gambino,344
cimente,74
raode,48
oppie,171
sabina,42
accademico,41
stige,96
inferocito,389
raccomandare,106
tirannico,459
percussionista,222
piercamillo,231
termosifone,259
lappare,179
sfiorire,213
accerto,74
gradazione,575
interbancario,300
valerio,92
gesso,336
miete,72
quarantamila,130
osservatore,23
barrere,72
cameriere,204
avvolgente,508
presiede,61
regalo,32
demandare,172
costato,85
edema,40
urbe,31
fallire,61
setaccio,68
bertoluccio,257
seconda,87
loggere,30
sunnito,137
lavico,136
eletto,166
paola,230
roso,116
matta,97
scuolo,39
samp,355
uscivare,654
svanitare,87
pachistano,439
pimpante,211
dille,304
subivare,94
tastiera,94
spettacolo,172
istituzione,129
travolgente,254
fondatezza,221
cordova,85
nardare,67
linguaggio,733
direttissimo,60
prendare,78
centi,16
supervisione,37
formica,38
conoscevore,507
flessione,110
purosangue,243
lucilio,112
gates,235
neonatale,192
lardello,80
ugual,11
bernesca,156
violare,15
iglesias,60
controluce,42
sanare,74
reticento,229
godimento,84
tredici,146
inale,77
passalare,90
riparlare,611
insolitamente,273
preposta,184
cassiere,251
variante,27
forbico,23
realistico,623
dovare,173
emersione,84
finalismo,326
quoto,29
omogeneo,205
provino,19
comandare,96
bisettimanale,25
viennare,41
localistico,336
soffocano,141
malissimo,995
sicurezza,19
cozie,21
turo,25
ciociaro,122
ingarbugliare,128
stratego,33
dibattilo,64
stringe,51
enrica,250
modella,368
intravvedere,110
assistire,67
capiufficio,213
operetta,234
massa,32
custode,9
padovo,236
coltura,171
incorporazione,229
sottozero,49
panante,70
scrosciante,243
pianistico,290
libiare,118
ferere,261
candidato,109
sonnino,80
coccio,113
intaccare,118
distrare,472
oggettivo,887
sancire,88
celibato,131
anico,139
trovandoso,55
carre,110
militare,203
realizzabile,364
caglia,60
ido,372
opponeva,103
esaltante,457
cebire,15
traiettoria,169
loira,65
italico,18
pesere,32
corleone,130
capita,27
pestare,549
sovieticare,237
moschettiere,551
vedovo,135
cuor,4
marzo,76
centrismo,455
gambare,683
azerbaigiano,276
raffigurazione,469
ateno,16
vado,187
capena,94
adeguatamente,233
kiwi,196
staliniano,208
universale,274
sedimente,248
sottratto,101
parecchiare,489
diffonde,50
reagere,127
traila,105
ricettatore,191
melodia,182
cle,22
rutta,40
firmataria,78
truffatore,139
misoginia,665
amale,246
dolomito,116
carmelo,77
riprova,128
federazione,33
incontrao,47
ciampare,78
balano,222
rampanto,117
teatralità,274
radicalità,1063
mina,35
delezione,97
animona,60
cannone,146
graio,135
distributivo,281
propria,162
poleno,94
spropositato,292
profano,138
tonalità,179
perquisire,123
qualificare,87
etiope,115
associale,36
incompleto,91
fulmine,36
ragione,453
jean,256
invettivo,508
persistenza,311
chiavario,252
retribuire,148
acida,88
abruzzi,158
privare,140
schedare,16
borsone,123
troverere,127
proso,65
eugenia,68
chela,51
arassi,186
urba,54
assurdo,163
potresti,148
riformatrice,431
accingere,83
prioritario,566
burlone,83
norton,711
ortopedia,218
inidoneo,100
posseduto,43
specchi,22
obliquo,80
premonitore,315
segui,17
ininfluento,281
avido,39
condannalo,200
culminante,67
astensionista,165
desiderare,110
clamorosamente,149
bistrattato,29
strettoia,77
presentazione,90
genoma,231
israeliane,150
amicizia,58
psicopatico,377
lamere,33
caricato,118
disposizione,132
infantile,213
sincerare,331
singolarità,306
cognome,21
latte,94
novero,25
olivello,87
accertato,49
icore,44
elsare,80
accresciuta,306
montesare,481
nonviolento,134
campino,94
chiarore,289
subire,59
unte,18
riminese,44
aprio,116
terapeuta,211
limitato,80
genealogia,346
imperialo,88
consumistico,532
convenzionale,68
darei,155
tokio,55
fuoriere,121
impazzata,243
neretto,95
concede,23
biasimare,260
affannoso,125
svalutare,92
cilento,75
contestatore,197
toilette,346
colabrodo,203
claustrofobia,383
complicare,355
urbanista,78
smistamento,151
basco,13
neppur,90
comodità,37
sciite,183
masut,191
osteria,73
motti,6
accasi,77
cisto,13
cavalline,62
glaxo,294
sistema,157
internaz,281
ansala,35
ingranare,201
doma,50
illustre,129
plaudente,177
cinquina,17
atipico,141
patrone,527
strip,123
breccia,35
bartolini,503
nel',6
origine,24
frisonare,10
corsico,93
pentolone,119
centralina,125
vietnam,36
sfortunata,216
finanziano,181
sbarrato,178
sarnico,16
gabbare,48
allettante,98
classificare,60
stolare,334
varese,311
leggina,80
disputa,29
varzo,234
quotidiano,34
responsabilizzare,242
ineguagliabile,122
coreografia,286
tartare,403
improvvido,198
giovedì,79
risentire,256
scappatella,346
ormone,439
trentanni,163
stratificare,153
berno,125
spessore,478
riscontrabile,343
ebbare,284
dardo,312
deterso,360
propore,241
stomaco,304
migratore,49
maldivo,66
patriziare,366
specialità,65
schizofrenico,275
cameristico,194
rufio,50
sistemico,655
fallace,305
incire,110
quadre,100
milire,30
tenzone,23
allein,232
incoronare,209
osteolisi,46
umanitare,76
sismi,63
preve,52
lievemente,54
scisso,70
limone,176
migliorativo,237
maniaco,289
restante,55
viterbo,108
aggere,29
disprezzare,791
pensato,117
equilibrio,162
rilanciare,101
materiale,139
almirante,101
etna,48
sai,88
simulatore,148
sorrentino,531
tropicale,203
tazza,431
dilettare,70
salento,228
orrere,212
troiano,341
pene,17
problema,116
anita,22
espatriare,127
intercorso,37
addii,173
sassare,278
anselmo,246
bracciale,229
comunità,38
quinta,89
interfonico,124
spanto,372
perfezionamento,124
reprimenda,45
jiang,76
impacciare,666
carneficina,258
risogliere,210
presupporre,636
tessero,26
mondatore,52
reclutare,59
ivrea,50
consentivo,209
avviamento,271
signorello,1049
binano,22
grido,79
frenesia,173
notata,359
surah,129
monicello,975
colge,89
pompare,204
uditore,32
piacevole,248
ofelimità,26
kuiper,33
riacquistare,86
cambiale,21
onorevole,264
mugic,216
sposo,94
lacca,108
piave,4
gittata,36
sensazionale,459
danna,28
atene,56
completamento,256
sconfitta,113
esortazione,91
seguitare,230
uil,124
ottone,241
rigorosamente,72
informalo,130
grinta,318
gascoigne,301
enrico,139
potrere,52
nora,72
pietrare,49
prosegue,21
stupidità,746
wiesenthal,64
senatoriale,75
restaurazione,357
napoletana,48
bielorussia,152
pon,1
forgia,70
arrigare,97
lodevola,44
conclave,14
immunizzare,322
pulito,20
ripristare,62
ontario,14
popper,123
scandiccio,378
interazione,332
nobiltà,69
arano,55
caramella,399
diamo,15
quatto,111
adattamento,62
neo,49
politecnico,76
fusoliera,233
crudere,379
deporre,64
ricorso,65
coartazione,363
disinvolturo,277
escludere,177
minacciosamente,265
avventurare,465
rafforzamento,276
nutrivare,149
consociare,23
incurante,334
tempestivo,113
chrysler,88
accoltellare,425
licenzia,16
colpiscere,76
accavallano,134
riparto,101
allan,45
ceni,46
icn,21
vivido,226
morbida,152
versus,11
marinone,1274
basista,99
intano,181
ipad,10
intersecare,230
target,22
mostruosità,573
prontuario,92
aprioristico,511
criticità,780
ricercare,105
mesta,179
petrolchimico,128
scuota,37
accostare,499
costretre,27
concordalo,192
illuminismo,708
jazz,214
eccole,29
random,13
accennare,167
intentare,278
tornese,131
riarmo,68
bacca,500
aretino,64
tendenziale,339
tortorello,214
ambulatorio,175
pietroburgo,92
concernere,216
stale,10
complessiva,94
smire,32
elle,331
aberrante,457
caterina,581
seneca,34
anagramma,16
bigliettino,35
stravinse,287
pianello,735
invalidare,85
chiarissimo,210
idiosincrasia,1091
gradino,96
malvagità,614
epocale,201
smascherare,335
pance,144
immane,191
sortilegio,108
polito,127
donato,184
diciassettenne,298
sharon,708
locato,15
presumibilmente,103
montenegro,116
gentile,98
lamiere,474
memorabile,269
tradotto,204
incostituzionale,242
irremovibile,101
festeggiare,146
comice,386
mondanità,372
hindi,16
place,99
libro,232
dirare,239
crac,17
stamane,79
alterazione,624
zucchirnc,376
anticamere,26
miniato,59
poggioreale,216
arcene,230
collanina,196
landsbergis,230
scrittura,659
fumogeno,51
ferrovio,85
ocello,180
ioso,122
licenziare,27
faunistico,132
hubble,32
aggiunta,113
apportare,182
polmonite,436
bambola,456
cementir,261
passerebbe,143
geofisico,188
magnetico,106
eloquente,143
acquisere,127
scabroso,286
brevissimo,52
partila,365
musicalo,307
irto,59
vittoria,109
gestaccio,147
stilare,96
universitario,85
alfero,8
plasmare,615
ideologismo,605
contrasta,309
residuato,24
pennellata,323
irachenare,193
schiere,77
cotere,57
telecom,109
laterano,139
sasso,157
atlantare,32
squisitamente,672
imparzialità,368
composire,164
aprare,19
equipaggiamente,141
sublimare,906
borbonico,24
ospedaliero,157
moltissimo,146
monsignore,159
nadia,27
ruggente,213
rifiutarere,184
alleanza,88
petto,197
ammiratore,28
zonare,106
como,19
beotico,79
celta,51
coltivatore,42
nobildonna,211
capa,41
malaga,50
illegittimità,310
indie,43
medicine,159
essa,124
berlino,40
fisarmonica,229
irte,120
collegato,61
turale,42
papato,142
avviato,48
imboccare,96
canton,70
art,12
sprezzante,478
occorrerebbero,399
miglio,18
adegualo,345
sensazionalismo,1144
richiedere,142
presidiare,189
asinaia,45
favorire,193
criticabile,322
cinico,386
nordmix,286
insoddisfacente,161
omone,155
riannodare,58
preferirei,477
incolto,162
rendevare,85
avventuroso,347
petroliera,144
quattordicenne,396
sellare,249
diogene,39
michaele,386
diffusamente,151
afghano,148
alletto,248
sciito,257
fisia,349
gedda,160
lettero,97
sindrome,182
bucce,3
partigiare,90
scoiattolo,314
palazzone,324
calabrio,190
ambiguo,428
evoluto,212
videre,102
avallo,39
moroso,40
fratta,154
aleggiare,366
impedirglio,142
ruggiero,237
strazio,172
emersa,79
bettino,117
ufficioso,81
asserire,458
emmental,37
stoccaggio,235
liberamente,59
studioso,221
equazione,148
tanfo,25
riciclabile,120
catia,104
paramento,366
libraio,100
piglio,400
iugoslavio,109
dimensionale,288
imprimatur,36
bacetto,620
gravità,98
vassalli,28
bolletto,38
corruzione,108
preparatore,32
contrappeso,427
desideroso,204
bisello,338
ammonere,48
brugine,268
almeno,201
pantani,113
recordman,181
ego,16
rincontro,49
estera,25
verano,212
alterco,26
ampiezza,300
acquifere,237
menomare,201
antirazzismo,80
demanio,85
monsonico,524
pattuglia,173
ippolire,92
meteora,37
annullo,19
ventato,80
devianza,171
consistere,737
annunciatore,69
localizzare,168
eccessivamente,539
reintegrare,83
scarno,74
israeliare,173
depistare,104
indulgente,518
ponto,24
pronunciamento,269
disgiungere,658
caserma,81
genesio,127
lovanio,135
supino,14
rivere,330
sandwich,153
marineo,147
autodeterminazione,274
pontefico,116
ottantenne,291
goldoniano,254
accorgere,614
affino,47
cgu,128
fon,8
acanto,6
borromeo,31
cecima,17
pula,78
fornari,71
conseguenza,321
fiatpr,454
scempo,48
spaventato,160
pierina,123
vanto,30
crescita,176
striscia,14
jenne,509
indignare,373
narcisistico,816
territorialmente,163
sierra,85
indubbio,224
pretese,123
camerale,53
cambridga,281
bormida,26
abusivamente,135
melograno,511
isolante,83
rincasare,191
soprintendente,68
sorridire,765
convivenza,117
bollino,38
churchill,36
afferrare,679
edoardo,71
dita,10
edwards,439
sile,179
condominiale,60
agerolo,52
irlandese,79
okay,195
areco,324
lobbistico,394
arsa,2
scommessa,35
dazio,20
patteggiamente,225
fiscalmente,180
transfert,33
amano,9
incrollabile,354
livellare,188
rumba,228
adrano,37
brigatisto,82
illiberale,489
confinante,142
globo,9
gasi,29
teppistico,188
iraq,63
specialista,149
ematire,47
ascea,154
bettina,213
ingegneria,120
intrigo,78
marginalmente,260
iva,116
dilaniato,365
furibonda,130
cavaliere,99
riavvicinamento,170
pontefice,104
relativismo,813
vicecapo,58
ribaditare,327
semel,21
garanta,113
entusiastico,280
turbativa,49
lazzaro,229
finirvisi,100
terrier,21
team,77
adda,155
rotondi,126
renzo,179
attorno,10
ivone,102
amama,51
eleno,134
bellolo,379
playboy,165
cecilia,154
debuttere,146
scoop,27
cousteau,39
traere,212
frassino,274
incrocio,81
fazione,157
avvertibile,93
regolare,105
denuncio,100
campione,308
foresta,181
rivare,88
dublino,55
cessate,80
forfait,56
osservalo,49
trentino,103
augusteo,167
alitala,58
extra,7
alias,27
bivacco,571
acume,20
ridicola,200
confinare,177
tunisia,108
albenga,124
pacatamente,406
albare,106
attendibile,161
parecchio,183
concorrente,79
ciò,276
montuoso,195
cascina,529
stabilita,160
bipolare,75
insicurezza,325
incisivo,86
alessandrina,578
wittgenstein,141
contropartire,184
check,6
onorio,23
badoglio,60
mendicare,115
cinefile,317
canzo,25
predicato,227
tosca,121
cogli,7
reputazione,35
solennemente,37
giudizio,96
neutralizzazione,709
mandante,270
relare,107
listino,125
clarinetto,315
partecipino,55
immunodeficienza,426
colpa,179
solfe,5
pulire,172
avvertare,269
ogg,13
traghettare,84
mentire,264
deferire,38
espresse,124
spezia,186
lurare,72
orbello,126
polo,31
elettrotec,350
estremo,36
pessimisto,118
finalmente,156
rotocalco,148
rinascimentale,591
annare,108
musicato,331
rena,22
pagabile,179
fininvest,57
gesto,113
ebbio,12
rifavere,129
minore,31
delicare,103
prenderselare,193
sound,190
futurista,446
discordia,18
antisofisticazione,126
bottina,5
registravare,117
abeilla,311
arignare,82
cosciare,231
sequestrare,182
rubrico,23
occorrente,77
androne,173
famigliaro,44
mollare,432
autogestione,55
animalista,164
metaforico,636
ortenso,160
barro,74
sega,7
condizionante,309
aziendare,224
issare,41
connotato,443
distintare,647
cosiddetto,84
commissariamento,155
tramare,243
cornetto,143
concentramento,115
orta,53
miopo,126
giocoliere,234
perfettamente,182
relitto,152
cesarare,202
leitmotiv,6
agrumo,75
ulrica,14
tanco,45
fulco,16
tante,673
tonnellata,132
ratzenberger,129
manovre,27
siede,60
orizzonti,40
timbro,12
seleno,4
spagnolo,158
mondo,35
tagliere,67
eliminatoria,92
biblioteco,37
ingessare,78
schumannre,387
trionfa,118
peripezia,226
suicido,86
confrontere,218
cascare,561
vamp,79
mais,53
cross,244
abitante,124
lanka,9
navratilovo,187
svuotato,131
ovatto,39
cavallo,59
capivo,259
cubanare,118
diesel,81
becchino,499
badi,30
raggiunte,47
procedio,65
tardivamente,383
freme,57
ridefinizione,569
sviluppatoso,60
attrezzare,189
odiare,333
delegale,95
calante,124
azimut,169
naomo,17
collochare,51
copiare,93
convincimente,562
ior,755
capigruppo,138
flaminio,29
moka,131
fissato,62
sternare,85
severo,14
sanfrè,5
boat,128
ambulatoriale,171
ginnastico,123
show,63
kraus,209
corinare,326
tastare,153
silvia,309
svolgare,40
maglieria,131
confa,48
oliviero,307
isolare,114
afelio,477
maglia,225
mutile,106
lux,22
assicuratrico,178
autorevolmente,164
erodere,65
bellino,589
baghdad,186
briantea,230
amadio,328
pregiudizialmente,452
spinoso,63
durante,30
incare,190
prone,47
albania,147
cascio,374
gradito,121
potente,43
litorale,249
burattino,103
rimboccare,130
su',14
shunt,158
estremistico,652
rivestimento,170
innestare,291
alberica,96
laila,13
mores,42
professare,56
curativo,45
ripudiare,195
stese,373
diporto,73
ciampo,81
panelli,557
scleroso,208
asco,27
mondino,194
rutello,197
futura,28
autoproclamato,160
taoista,29
utopistico,853
stie,39
pagina,52
dillare,173
racconto,335
partecipe,56
pregi,13
monarca,32
concordo,229
materialismo,819
raccontato,434
parla,117
melies,165
izetbegovi,105
rad,8
organizzalo,43
germare,313
attena,306
sacerdozio,154
dimessosi,96
stenditoio,225
achillire,101
disperato,221
eureka,10
coperturare,116
commentatore,180
segnalere,26
consolare,39
coercitivo,253
mare,134
vigere,29
neoeletto,161
credenziale,484
supponenza,763
pinuccio,334
pianola,67
teatrale,146
meticolosamente,136
texano,126
divoratore,74
ferie,33
feuilleton,920
commre,408
penitenziario,52
platino,193
pakistana,279
esitante,162
innre,200
gisella,180
tuone,54
sterile,95
penetrare,185
traversata,170
collegabile,284
informalmente,208
amoretto,365
snob,37
elio,73
diventalare,237
irato,173
laico,155
amantea,81
avesta,70
assolgere,231
eccepire,318
norberto,118
tristano,345
amiato,15
incantevole,85
clave,94
albanese,118
scopertare,273
illegalità,238
rame,79
gando,45
aggressore,231
astone,858
risveglio,38
ferruccio,359
vittoriano,192
invernale,98
esportatore,121
voracità,287
raid,78
roccioso,355
borioso,106
dedicale,39
densamente,189
maneggio,7
barbore,231
ansie,22
nuocere,216
foza,36
congresso,49
udo,9
progettare,120
fondato,297
fato,42
fabia,8
scholz,378
cultore,301
catignare,126
viale,22
sana,13
inante,42
accare,29
zoologico,79
scempio,67
incensurare,422
equa,7
dottoressa,102
trascorsa,48
pirateria,28
identica,47
annacquare,232
niro,713
cunicolo,426
olona,82
ripone,41
intercettare,88
laghetto,604
capra,86
edgare,40
samuel,93
daere,29
munifico,10
rapitore,156
raccoglitore,138
invitandole,40
dispiegamento,129
ruolino,19
sciacallo,343
riflessione,252
pluralista,324
minaccioso,175
riletturo,275
orgia,55
occorrenza,35
intuito,243
strago,76
vivacchiare,176
estrada,18
aurea,3
rimpallo,100
mezzofondista,285
biondo,350
guardrail,378
orsini,349
chiarimento,133
accollare,209
alfa,25
automezzo,358
samo,202
domenico,402
tolone,66
sessantina,227
carnet,12
patire,193
solvento,319
ambivalente,1126
onero,51
fracasso,53
dorico,112
contena,45
gastone,448
sciire,266
tornolo,1006
lazzi,122
corrare,81
urbanistice,97
quarantesimo,141
presepe|presepio,208
elettoralistico,371
singolo,213
imo,286
sovrana,58
nevralgico,44
dpr,42
pen,40
revisore,19
intravede,102
arretrato,59
invale,90
dedicato,117
varaso,83
esaltano,860
carialo,135
zemeckis,684
chiana,68
lucia,225
cassa,80
infiammabile,401
secolarizzazione,965
taylorismo,286
frate,173
bortolo,932
cambiare,93
papo,48
schifano,75
arcobaleno,32
hockey,72
pocenia,142
finimondo,38
demiurgo,141
tacitare,311
albertina,267
playback,444
sottoscrivo,66
arsenal,138
raddoppiare,123
pezzettino,220
ostina,69
prare,16
marezzato,751
fiorellare,580
megare,41
amletico,122
consumismo,342
assembramento,149
ingessino,474
onere,205
automio,37
rossoblu,368
zimbabwe,95
dissentire,942
nerve,37
spagna,144
pupa,43
fatebenefratello,134
riscuotere,52
gubbio,79
pigiare,266
distinti,65
lanere,35
renna,131
galeone,218
bastonato,632
ceca,24
macché,31
arnad,54
diplomare,40
irpefre,167
interfax,101
ludi,68
andreano,461
oligarchia,370
ecologico,54
cardiopatico,196
decrescente,292
casacciare,141
aut,322
contrastare,441
concessionaro,58
vettore,171
domiziano,97
annibale,71
cretto,682
condannano,108
rimaneggiare,357
pavimento,571
imbroglio,65
civico,9
vivacere,91
tuta,69
addison,134
vanone,427
prossimo,150
marchese,218
informatico,197
cifrare,39
archiviazione,188
prealpine,242
buffetre,46
autocensura,50
aussina,140
nerbo,29
lieta,39
beethoven,223
legga,32
eloquio,66
riforma,140
briga,25
tornata,71
gentilezza,501
gambero,544
anguillara,180
mirabello,287
civ,23
efficienza,256
editoriale,61
arabe,75
crani,108
bolscevismo,433
scimmiottare,357
altarino,374
inchiesta,118
canottaggio,190
singhiozzo,51
men,31
gattone,477
coproduzione,63
lavorare,82
eleganza,405
webex,83
bolle,8
graf,146
ambita,49
ossicino,61
terres,78
artiglierio,158
dispensare,131
popolano,64
doganale,25
continua,95
ingente,108
salerno,243
autocritico,167
estrattivo,195
scagionare,320
annosità,392
veglia,64
tenuto,20
fatuo,7
folkloristico,277
cormare,194
goodman,646
carine,61
quinte,13
diplomato,24
sparse,69
gasdotto,207
spiaggia,246
capecelatro,138
piro,61
irmare,287
granato,276
norberta,164
meraviglioso,472
diossina,180
edizione,146
presto,153
teana,173
doglia,18
stuart,600
stratificazione,389
diventarere,212
poliomielite,385
vogliare,832
paraguay,52
programmaticamente,419
usta,4
enfatico,252
appannato,377
motrice,72
epoco,26
contrariare,286
involuzione,637
sita,155
amicare,327
ripropone,87
stancare,654
zigomo,162
poco,261
edicolanto,35
egual,9
antiacido,74
suggerere,213
munì,57
bacia,162
suscito,107
bissau,95
togliatto,66
facilita,46
ocimo,125
concorrenzialità,647
illustralo,125
darwiniana,525
orda,24
corna,8
ripercuotere,140
osé,111
marlboro,59
guadagno,74
commozione,143
bisbetico,110
sellino,98
geneo,60
intralcio,21
pizza,59
fotone,220
analogare,147
paleo,44
strumentista,52
circoscritto,20
altoforno,120
dilettantistico,216
desertico,205
gora,118
rock',233
musicista,363
faraoni,17
introdurre,72
passare,332
stritolare,268
troveremo,248
poggio,74
paesagge,185
laminare,167
pugno,182
grigio,143
smorzo,78
costiero,129
buio,78
disgregante,318
rettilineo,214
greco,28
dimena,110
triestina,235
ragionamento,288
lascito,35
casanovare,189
impropro,148
adattativo,86
versetto,42
ruggito,12
maquis,21
industrializzare,191
giuode,224
vinto,140
andremo,133
dedalo,169
raidue,36
tronchetto,77
umo,7
centrano,179
marsilio,113
amministrare,57
bush,108
lancinante,99
cinematografo,96
roulotte,377
prestale,221
adolfo,122
veronesa,184
aristocratico,473
lagna,155
terribile,280
stewart,642
preordinare,352
organino,74
gospel,286
incrementare,479
mongolfiera,296
emenda,64
circondavare,360
assimilabile,754
caldes,178
serviere,104
sfidante,84
turare,358
trasfertare,269
amicone,29
bandista,69
irrisore,49
stolto,15
agosto,65
pensionale,123
frangiano,232
angustiare,100
sinodale,68
sconsolato,93
farino,316
serro,87
tuscania,148
affatto,202
agevolmente,140
elmetto,344
dissesto,148
crede,67
castigo,54
paternostro,674
maratoneta,371
risorgimento,79
stefania,34
replicazione,152
rifinanziamento,257
reich,86
incantesimo,93
roteale,35
valso,21
predisporre,200
scia,10
cedonia,35
clio,62
lesi,15
space,140
giannantonio,634
bagnoli,321
accadure,141
giardinaggio,133
camera,68
giunto,53
grazie,67
diremo,113
opportunistico,826
tribuno,24
eccome,276
quadriennale,15
indipendente,41
solano,47
testico,220
ue',130
adatto,133
negus,136
giacoma,498
sfatare,62
principalmente,352
artificiale,188
eritree,114
sopratutto,98
lattare,179
imperialismo,546
preziosissimo,272
razionamento,308
setta,135
commentare,200
eccola,176
mai,450
imposizione,509
tor,44
bolivar,32
condì,166
malsano,106
frantumato,177
sceneggiare,289
donatella,182
rapa,50
corregge,15
dakota,135
concessionaria,51
aizzato,27
raffigurare,376
abbandonato,538
sassonia,32
deontologia,113
comfort,45
femore,131
animato,150
norare,263
bormio,34
proponire,325
squadrato,276
cazzo,85
latente,449
differenziare,565
controvalore,118
episcopato,85
manrico,764
atrio,140
gobbe,66
presentante,129
schifoso,732
elisco,214
stangerson,606
brut,344
cristallino,205
chemioterapia,524
tuteli,100
seccamente,146
ortica,18
quasi,160
jerry,470
zoo,23
spicchio,195
hekmatyar,292
sipario,39
leonarda,31
sensoriale,254
trasgressione,445
santinare,990
alacre,58
parentale,21
sestetto,147
lovero,78
riconosciere,174
botro,66
eppura,442
sodare,60
dispersione,289
rinascire,35
ristrettissimo,15
ucraino,201
maya,105
compresenza,298
prematuramente,100
gorare,91
retro,72
percorrere,137
supercoppa,422
nazzaro,388
cappelline,564
parvenu,39
platano,356
interpersonale,247
mondovì,199
dentale,25
finestra,157
trafficante,205
ribollente,68
avi,46
toscana,93
mitologia,651
inconscio,600
sperone,78
autista,207
tripcovich,340
spring,316
giudicano,76
fiare,12
spolverare,278
netturbine,74
cresciuto,74
patriottico,236
tanzania,172
recluto,37
polarizzare,147
trailo,79
canapa,57
telemarket,182
dvd,67
codico,29
tanna,149
galliano,337
groscavallo,19
tizzo,381
nascosto,321
addome,136
greta,415
antologica,351
costituzionale,166
avverre,213
isco,21
libero,9
scenare,54
inghilterrare,111
unto,16
allealo,109
patere,51
sprigionare,300
scandaloso,171
indovino,146
troncare,107
sfoltire,85
caschetto,558
tendenzialmente,451
teina,74
metropolitana,48
ginzberg,32
disoccupare,31
gazzella,16
epopea,156
dissanguare,100
rallo,165
attenuazione,273
avaro,45
aggiornato,159
superbo,257
intelligentemente,536
provvedi,79
architettonico,173
aggregazione,405
levato,137
learco,134
mandato,50
sbilenco,26
ultimatum,38
sovranazionale,580
confezionare,212
morente,172
pirro,64
murare,88
smi,285
pubblicamente,229
risolre,88
esotismo,424
paradossalmente,1375
postilla,24
anteprimo,205
azionano,125
pacca,43
curiale,34
pediatria,157
giurisprudenziale,72
chiostro,221
aureliano,89
aumentato,436
smith,470
riboso,92
preconizzare,313
antieconomico,495
ricciolo,370
alarico,21
nardo,74
signorina,85
utilmente,233
letale,125
generis,13
autogestito,42
falsare,61
profilare,146
martedì,88
detestala,94
delia,62
lezo,132
aspramente,154
benassai,120
piramide,75
vernice,310
esilio,82
irreversibile,205
insperare,144
erudì,29
mancherebbero,358
cotono,21
fermata,138
godibile,346
originale,184
vigenza,268
israelo,96
marsigliese,237
trovavamo,177
ordine,20
menade,44
lubriano,130
belligerante,65
antiabortisto,45
monaco,105
brutti,79
andriolo,226
passione,411
guglielma,86
pericolosissimo,188
militanza,121
modo,537
omero,260
scaccio,149
spiegalo,189
soggiungere,109
ruffrè,722
dipanare,149
barone,74
aido,253
barbatello,547
dugnare,222
farad,96
postbellico,143
verosimile,288
dogma,126
oggettivamente,1196
paziente,366
galleria,128
missino,171
offuscare,238
ive,162
mono,20
clacson,144
attendare,384
terzino,478
staticità,444
agnosia,152
settennato,19
bielorusso,144
ireno,12
psicoso,149
ranista,209
palazzetto,173
peccare,375
passionalità,576
consigliare,139
bilance,57
correzione,137
vinicio,80
righetto,629
wes,388
angiola,20
buttiglione,202
nona,6
glissare,208
collaborare,67
ayas,79
simpatizzante,155
dispore,39
frecciare,135
puntare,74
patrizia,175
leopardo,81
mule,129
pocket,187
ricongiungere,251
democratico,166
cricket,343
latitante,293
plenum,38
partilo,227
teorica,73
orchestro,342
brizio,331
viado,85
sicché,281
riconducibile,586
deprezzamento,178
cattedrale,245
ricere,126
romanziere,317
esoterico,360
paesello,535
reclusi,107
gitto,8
dinanzi,7
conscia,19
acre,21
digressione,1032
armonizzazione,577
concludo,58
idre,10
dimentichare,463
tom,189
talora,574
intervistato,29
bastare,180
centovente,176
analisi,113
costellazione,111
motorhome,178
discoteco,77
sahib,36
discriminatorio,356
conoscere,564
monouso,217
pierantonio,589
passatella,70
scansione,640
vox,33
assenza,127
infuocare,131
comparsa,60
affondare,118
cesenatico,255
allargato,33
pillar,83
individualista,792
riedizione,91
compattezza,118
modenese,76
liegio,24
striscione,151
scenetta,279
percile,37
inciviltà,367
estivai,75
sarcasmo,475
malatesta,392
culo,41
ché,86
assunse,22
vessillo,41
confortare,226
dyson,69
risano,11
vato,32
radical,216
capomafia,299
rappresentanza,201
fieno,16
porcare,243
maledire,198
sedicento,105
monografia,336
beninteso,351
caudina,6
avere,348
moresco,320
nus,249
moltiplicarso,205
cinger,787
ucla,58
pacifica,25
cistica,375
decina,256
cervice,62
inumano,89
micromelia,66
oreste,222
eraldo,265
bonaldo,480
amc,52
totalizzante,662
omar,35
reintegro,49
libello,133
trasversalità,481
gioia,19
ostello,65
scippo,51
sottoposto,62
civo,133
urino,97
stalinisto,241
raccomandata,93
abilio,17
completamente,91
presidente,94
comportamento,222
imbrogliare,221
proporzionare,173
mino,45
urbanistico,112
vistoso,42
aderiscare,105
auditorio,246
affollo,40
pigrizia,334
stima,19
spiro,8
nuovissimo,174
lupesco,409
kennedy,267
rattoppo,39
nilo,520
proposto,266
vorremmo,307
tripole,21
derma,40
militante,136
aratore,229
investiga,24
riposta,14
germogliare,241
corteccia,434
mmm,10
g'o,67
assaggiare,407
monista,83
interpol,50
marudo,73
regge,10
mutande,255
congegno,145
abolere,93
datario,74
nefandezza,381
zanzara,333
fiale,95
violo,62
viaggiante,108
calloso,169
esemplificare,443
geneticamente,432
viscerale,569
detestare,427
minacci,20
trafficare,143
aggetto,86
indistinto,526
stratificato,188
inalienabile,325
friulano,172
pineta,88
igor,32
riletto,269
saarp,49
ormonale,492
mozzo,93
assicurare,256
nfl,74
telemann,139
sparso,100
disperso,107
neonazisto,104
aderere,102
minimum,82
enunciazione,358
lineare,427
cittadina,95
ottuso,53
grosseto,356
tossicomane,236
alzare,254
sergente,180
spray,122
avico,89
arroventato,88
saggistico,185
residuo,24
lievitazione,284
audacia,117
supertestimone,191
accentare,589
arreno,52
pattugliamento,222
fiorino,69
pensieroso,384
sbanda,26
scandalo,59
fiancata,207
passeggio,154
rote,4
puzzolente,1100
drago,110
escare,245
brente,13
tolgo,36
colo,23
gestielle,317
attendere,252
dona,16
autosospendere,173
cartone,199
tipico,187
sotheby,43
sessant,150
oms,60
sindacalo,172
generalità,70
slip,50
estasiare,237
canottiera,520
ifigenia,78
recisamente,191
basket,238
repentina,71
naufragio,66
assessorato,70
pani,235
tuono,14
pennacco,340
osservazione,108
arameo,328
raggelare,293
bevere,199
mischiare,534
uncino,87
godetto,68
alata,86
foia,10
cuscino,316
ossia,240
copertire,166
negalo,25
vaglio,84
cilindro,44
stabilare,59
giuliani,109
fattivo,357
smembrare,35
sciistico,84
diluire,94
perturbazione,116
barbaramente,290
balera,121
iura,107
mussulmano,260
ospitale,86
egra,5
cammello,560
parteggiare,679
alda,14
gibilterra,61
composto,81
flamini,19
camminare,342
coe,492
sant',119
geniaccio,268
lusardo,606
personal,120
busta,25
panca,211
fantasia,515
badiota,13
cineclubo,131
soragare,142
gregoriano,213
dissolto,107
scalfalo,91
prettamente,319
cariddi,118
carrelle,116
hitchcock,230
narcotraffico,82
pansa,106
inciampa,111
enclisi,59
studiato,135
gioela,14
troverebbero,284
infisso,333
ripi,16
tuttofare,66
collegale,98
bca,295
ribellione,321
pongono,111
travertino,400
possibilista,94
tollerabilità,372
bravato,280
interforze,49
laccio,21
radica,62
svolto,71
predare,123
management,113
moderno,112
dirigere,21
attempato,131
lieto,39
contrapponere,715
web,516
culturalmente,594
cateto,20
posteriore,149
spalre,107
cordialmente,72
giordania,187
dettare,226
gestere,104
aggiungere,537
interpretativo,550
commi,22
mcdo,8
dialogico,396
masai,41
addettere,65
succettere,132
marsillo,44
dolorosamente,302
neruda,78
difender,47
esecutore,56
canadendere,61
scolarizzazione,479
rifare,220
insolire,176
canaletto,123
proibizionista,113
confartigianato,102
southampton,478
sellers,757
routine,19
sfigato,261
eufone,83
gigio,111
nazareno,41
parità,33
trenno,369
arduo,56
larghissima,56
deducibile,205
travaglo,74
michigan,142
apparentemente,1093
agguantare,715
didattica,71
compositore,515
così,233
fiducioso,135
gambizzazione,159
reclusione,154
affluente,13
scioperano,126
accanimento,353
esopo,87
misterbianco,225
trullo,137
mettevano,77
presta,55
corciare,193
chiarare,303
adela,124
cottura,191
vodka,72
demonio,176
pomezia,192
impressionista,660
decisionale,471
naif,49
giacciere,246
levata,18
saliente,96
sarare,163
attalo,21
preistoria,324
abbazia,205
asi,54
liberatore,58
sanremo,80
venere,109
aquara,43
carolino,191
biada,83
vivibile,41
cinquantenne,326
ico,187
consigliò,67
fidato,54
sigma,8
manipolare,79
carretta,252
intoppo,73
lombo,6
implorare,231
divergenza,117
malizia,295
corba,48
elargizione,225
cracker,67
urbana,27
sottoscrivere,52
canoro,249
ambigua,161
autogestire,51
giubileo,54
elidetto,351
caltanissetta,256
prometeo,26
intervenuto,41
saverio,363
baste,253
dischiudere,65
infliggere,50
sie,38
lesivo,85
mii,136
costiere,133
ricostruiscere,185
montalo,52
pronunciato,47
refezione,79
carismatico,121
patrio,107
tosa,130
hard,253
nina,126
agnellere,35
borgo,396
incile,334
nepotismo,284
impotenza,253
inflitto,78
sessantamila,115
schienale,241
enos,129
calcistica,237
massimino,302
audi,26
filologia,383
ciuco,117
lorena,157
airuno,77
amido,127
mane,40
pellegrino,167
compilo,39
inese,19
accusato,123
disinnescare,71
colonnina,37
turbine,22
ponziano,875
salaria,31
succursale,34
coesistere,809
peaks,89
spaghetto,330
satire,258
violoncello,209
cellulosa,396
zhivkov,124
ulissa,108
lordo,110
sabaudia,100
vetriolo,74
torrentizio,212
sprinter,145
tania,14
biffo,15
ialina,49
metropolita,30
servizio,31
marciare,26
stanchezza,403
mutuo,33
comprovare,205
brembilla,479
citato,73
ardente,82
mandelare,136
marmitte,132
galilei,16
interdisciplinare,223
lisbonao,55
epatite,248
padron,23
puff,466
oppore,339
cursore,63
infocare,88
stefano,210
veltrone,99
vladimir,98
puzzare,55
verità,172
divorziare,80
stria,24
americare,157
braccato,249
perso,39
savina,554
diremmo,239
trombo,138
ventiduenne,591
calibro,63
adrenalina,52
girare,144
bombardato,189
abdullah,197
nai,133
ostilità,115
kennebunkport,71
ansai,44
sperimento,190
boato,53
galvanizzare,100
deportazione,133
spazzino,152
disimpegno,139
sgradire,282
loia,74
portatore,40
parlaio,135
precetto,7
jacques,57
conditare,94
arché,164
altresì,78
automatismo,139
interessalo,172
timido,35
egiziano,157
avanzala,24
sorbona,66
sorto,22
roosevelt,49
medievale,354
bruscamente,67
vorace,237
animatamente,129
robot,116
suscitare,105
villeggiatura,222
forlì,137
appanna,72
sostenibile,266
deliare,241
complessivamente,181
lorettare,684
serenza,49
vertere,76
best,415
scossa,51
agustina,123
copione,123
inezia,8
fidare,461
raccogliare,83
suggerimento,95
marescialle,97
foggio,378
chilare,65
interstizio,401
volatile,159
astronave,185
decolla,41
prioritariamente,1020
sradicamento,520
esatto,67
attaccare,291
villino,310
buscare,264
scherzare,562
segnare,69
servigio,59
mullah,176
porcello,793
dibattito,70
brandy,680
cortale,118
romina,14
enunciare,289
redazione,34
immobilismo,290
trasferimento,111
bacano,46
letteralmente,390
credit,331
compiacimento,667
terziario,213
documentario,182
professionista,64
ortese,117
orizzonte,64
remoto,75
precisalo,206
offerto,108
diocleziano,342
doppietta,558
ripetuto,121
palinsesto,90
sintedere,33
spazio,7
saturare,364
costume,31
complementarietà,216
prospettico,139
vicinanza,148
free,221
ignobile,546
salotto,53
cala,109
scherma,300
inesatto,135
emigrante,76
laser,71
miscela,85
vendita,115
alamos,293
ripor,9
sgarbo,51
legnare,175
primissimo,51
fanese,271
testuale,86
impervia,195
penino,58
quotidianamente,86
tossicodipendenza,75
affrontalo,64
cornice,97
drammaticamente,363
chitarrare,236
iacopo,282
investimento,297
livore,10
pattino,154
terribilmente,264
databile,124
benevolo,128
johan,670
uccidare,246
idoneo,164
emma,45
achillere,134
pensiero,537
imponente,54
ingiallito,331
scotland,40
immensamente,175
concepibile,420
saccaro,25
fortuna,54
sorteggio,96
invadente,565
calmare,161
sorte,8
scorta,15
cippo,311
divismo,307
spudorato,421
nutrere,43
blindare,79
agopuntura,201
usci,20
articolo,45
cercase,74
isernia,148
autografo,102
ditema,221
pila,94
lago,184
pressoché,36
rush,32
parcines,25
capitale,26
pigione,84
riempire,174
prefissato,71
bello,157
perforazione,270
pariolare,183
duomo,83
score,61
ribattere,392
tranviere,102
incontralo,48
autoreta,379
pesantissimo,79
ingmar,530
dilaniare,240
bonato,300
pencolante,66
egregiamente,135
querela,50
allenamento,208
milva,185
bagliore,137
resecare,222
donald,760
neutralizzare,242
rompere,69
metafora,368
maltrattamente,199
personificare,297
sti,29
gal,40
stampella,47
lipare,222
opel,80
arrivato,125
pressing,229
necessito,358
casato,201
maledetto,102
piacciare,568
licato,225
napole,179
leoluca,89
intertedesco,73
chiudono,90
romanzesco,679
calura,24
onnicomprensivo,672
sabbatico,86
finalissima,377
armata,176
stagnazione,417
matrico,6
processa,76
rapale,117
ciclismo,183
pacificazione,255
colletto,42
californiano,266
isonzo,70
agnana,147
fico,153
empia,203
vezio,215
aviare,30
extraeuropeo,125
diffida,39
sicari,70
molecolare,479
sirone,411
voleeva,392
vespare,117
privilegiato,36
spalato,313
tinca,11
babinsky,59
leporino,100
prevenire,154
cugnolo,46
terzomondista,360
denunciare,109
metà,168
arenare,33
mate,21
etnicamente,157
poltrano,55
voltare,87
contaminazione,297
samuraio,79
risaputo,386
estatico,605
schermo,208
canda,9
visitatore,97
greve,156
drammaturgico,505
astronomia,154
biografia,289
intestatario,111
wilma,125
pervenire,94
osare,175
trionfalismo,411
fraternamente,130
sollecita,202
lubiana,125
rabbrividire,310
ufficialmente,90
ponticello,622
prelere,36
taurino,9
cantello,668
infondare,276
comprovato,111
enichem,283
rappresentamo,147
sermone,152
disattenzione,280
umanizzare,229
cucci,336
acquavivo,278
brillante,211
chiusa,56
elitario,758
accademice,50
jesolo,239
paritario,406
enumerare,50
montecco,678
buffone,75
scienziato,207
allibare,18
scellino,63
praticabile,389
calciatore,228
scioglimento,111
visuale,299
andar,7
disabile,105
presenta,59
esimere,135
renon,185
plare,3
acquario,227
ellenico,36
eldo,123
verticalmente,101
nazioni,73
beckett,334
gaietto,228
noce,68
risato,287
supereroi,163
imita,84
trevigiare,150
discovery,88
caparbiamente,618
mezz',39
sonora,104
anversa,136
quaccherismo,205
incolpevole,128
panico,20
cgil,92
fonderia,27
discesista,319
approntare,199
distrofia,171
costruire,117
traccio,35
popolato,126
oberto,93
ineluttabilità,648
honorem,20
puro,226
transizione,124
midere,134
assillante,261
svenere,431
cronometrico,102
venetocapital,331
bordeaux,137
garibaldo,56
topolino,255
bellusco,22
cipriani,372
cuorgnè,408
rieta,211
fax,25
grattare,170
cannataro,260
livellamento,321
pitressina,135
-re,119
riferare,398
preoccupato,294
imbroglo,86
paratia,28
dividire,85
traduttore,194
finanziare,163
alberto,127
ortega,51
paternità,44
tabe,29
mazzetta,136
tecnologicamente,282
riaffiorare,193
satin,31
clemere,7
berte,66
missionario,41
bura,57
algia,6
perdurante,157
risoline,102
scoperto,83
tenente,105
corrosivo,289
stroncare,63
velodromo,82
noma,11
bhutan,74
ricchezza,150
marica,84
salvaguardia,129
srotolare,884
amazzonico,111
stanare,80
caratterista,173
scanso,62
socio,25
dobermann,243
moriva,126
ciecare,182
precario,40
billia,156
prolifico,278
quotidianamento,88
sparuto,53
dipingere,318
affianco,58
terresto,101
zittire,166
corallo,39
poetico,850
cherubine,200
recepire,136
trevigiano,91
aquilone,148
giardiniere,264
pragare,56
millenario,283
ossola,8
pletora,23
frusta,19
entrale,20
accasciale,732
conservatrico,365
inflazionistico,239
sincere,151
paté,31
albe,68
sicre,0
negoziante,75
procura,122
fatturazione,232
rimedio,62
divertente,406
ferroso,118
taddea,617
marzio,27
numerosissimo,123
ambasciatore,71
insegnamente,171
doro,18
scriba,30
cosca,175
leonora,416
ironia,491
ricompensa,31
cavallino,78
impera,67
gemella,32
dusanbe,47
sme,190
ghiacciato,331
intrico,281
invito,80
sociopolitico,797
incuria,173
scauro,325
illustrato,171
pluripartitismo,306
lampada,51
sfondamento,133
comportare,478
padovano,345
raia,61
marley,658
bluffare,297
paletta,51
reggino,226
rodaro,234
infedele,23
malese,58
bustina,171
provere,162
ivan,64
sa',98
tiziare,103
debutto,126
adele,165
assolve,23
stabilmente,65
discreto,165
diversivo,170
salvato,58
delizia,399
natalia,134
saura,102
crea,17
fugato,41
concretissimo,576
radazza,276
sventurato,321
aumenteranno,75
convenzionare,131
virno,130
prire,5
acne,329
dannato,123
deterrenza,141
mediamente,159
bazza,250
verdiano,196
supplementare,6
censurare,117
doppiare,158
cannibalismo,158
inerzia,271
basso,28
dernice,89
antonino,475
divergente,257
svantaggiare,147
franchigia,126
patto,26
gipre,33
montefano,225
ironizzare,475
comincino,78
extraurbano,208
immancabilmente,452
meg,631
boicottare,81
adente,303
raggio,45
spielberg,384
incaricare,108
inflazionisticare,243
xxi,7
ristorante,122
questura,73
mundi,108
enunciato,141
abbandonare,265
costere,29
schiaffino,287
miase,62
bufera,39
ceramo,422
comunicalo,98
cinquantadue,215
ambientale,126
mettere,81
correttamente,527
devare,180
musicalità,402
wesson,435
inettitudine,570
nepe,26
informatore,128
staio,55
entrambi,63
librare,92
fracassare,290
trasformismo,571
anziano,169
allore,17
amare,32
trentenire,166
mucillagino,178
enucleare,47
argino,29
veterinario,63
schermare,215
agostiniano,277
costellato,90
ospitare,113
irina,10
numerato,84
comprere,377
nevio,5
patrick,251
monumento,192
ontare,69
emotivamente,365
periodico,54
antinquinamento,133
eptainternational,285
andreare,220
esperire,83
baleario,242
infettare,396
osiamo,46
ontologico,602
travolre,206
cumulo,13
acazio,42
categorico,51
tifone,9
bruno,280
ingrediente,118
superstar,185
impegnere,158
opposo,44
catare,38
commissiona,73
inizialo,85
fermissimo,102
progressismo,372
bozzetto,152
innamoramento,272
trainare,90
amatore,137
batch,90
campagnolo,55
castellania,255
iuta,170
susseguire,153
iorio,265
qualcoso,564
giunte,18
faticare,373
premonizione,217
rarità,123
ritz,442
facciamolo,220
affamare,96
inoltrato,56
comodo,60
disattese,78
disincentivare,349
meramente,836
carta,27
brolo,333
incendiare,377
generazione,107
prefisso,10
indisponibilità,218
popcomind,345
sciocchezza,455
prepotente,198
pomaio,19
frantumi,164
limpidamente,441
cravanzana,62
cavaliero,55
isa,40
capolinea,100
subalternare,517
anarchico,221
annuncialo,151
accettalo,116
desidere,30
ferno,153
scompare,266
zar,86
login,116
inanello,700
lobby,17
quand,12
catarroso,109
lurido,91
impunità,114
adduttore,7
stefaniare,173
stirare,460
aumentere,246
adirare,522
cinisello,280
stupere,144
liro,20
alino,254
dunia,105
rite,1
fazzoletto,734
resero,58
spetto,65
orango,123
osserva,16
centrifugo,317
prevalgere,248
cupo,172
mancanza,70
concentrere,216
superino,22
civilissimo,183
inducere,463
creazione,199
hanoi,40
lentissimo,166
criminalizzazione,513
disatteso,52
irreparabilmente,263
tirolese,15
lavanderia,159
popolante,42
riconore,278
divago,200
riprendare,165
pale,98
commando,283
insensare,480
black,209
trophy,527
lungimirante,194
franchezza,402
agonista,151
limitrofe,46
bucherei,27
romanesco,407
alleo,59
natile,142
tollerare,394
propinare,166
oppositore,235
intellighenzia,176
esaltato,337
cute,105
mannella,25
memoria,55
roncà,67
triale,14
indipendentemente,546
frustrante,231
tampone,27
morbo,389
girandola,103
dominare,229
rissare,100
perentorio,71
ammiccare,597
riconversione,264
agitato,40
paparazzo,516
ritornere,173
doppiaggio,264
gave,9
filippino,16
diaspora,52
lettera,69
volessero,96
spettro,32
edice,45
caronte,36
sorretto,89
rapide,27
controffensiva,80
scadre,67
scavalcare,236
juventus,394
allattamento,423
impeto,154
montecare,109
omo,62
catanese,285
sapientemente,503
reagiranno,274
imbarazzato,309
fluorescente,347
insonne,67
insostenibilità,453
verifichere,210
vegeto,53
cup,86
virgola,19
trionfalmente,82
mitsotakis,72
sunto,42
applaudito,121
petrazzo,572
umberto,36
vangelo,149
elementare,44
metalmeccanico,172
polemicamente,175
dirotto,28
rispettere,382
colorito,651
statta,172
slargo,202
compromette,262
treglio,439
favo,9
curzio,39
telemeccanico,145
campanio,103
rapidissimo,95
truffa,82
banalizzazione,824
sax,228
foga,195
catturato,202
musica,314
indefinitamente,368
accrescimento,265
utilitaria,42
assassinato,388
costrutto,32
arizonare,254
pattugliare,321
hollywoodiani,398
parigi,42
giustamente,284
deprecabile,311
ninfa,208
scantinato,468
ginnasta,147
meclemburgo,101
vienere,130
porcellana,290
solliere,35
conviviale,88
dimagrante,97
sottostante,217
tributo,34
ristoratore,52
ricettivo,255
fox,321
ustionato,251
sperdere,478
pacchetto,9
messa,17
disastrare,141
spegnimento,105
monfalcone,218
musso,182
inflattivo,275
federalismo,154
aquino,87
severissimo,33
derby,371
castell,65
ermanna,226
doveroso,222
cattività,171
sterline,74
ducato,108
verifico,113
raimondo,859
coppolo,178
pattern,273
impiccagione,289
rifugiare,185
lenno,202
catalizzare,133
flessibile,223
beo,99
watt,13
disturbare,129
vitalità,372
portaerei,118
nessuno,255
decalogo,13
semiautomatico,138
cugnoli,25
cratere,227
fraseggio,694
carreggiata,291
ascoltato,31
inciso,47
fuggiasco,234
almo,160
inerme,173
differenzia,467
carnale,129
boccia,62
gravinare,295
propulsione,128
supercarcere,154
bilo,70
siedere,42
frangente,32
governassimo,318
pestaggio,373
correvare,495
mandarino,536
libera,17
demerito,103
spudoratamente,397
stabilizzazione,606
interpellato,55
primerend,272
ubicare,40
indagale,197
reportage,127
sifilide,259
nazi,26
sbuca,379
gobio,49
evocato,749
ascendente,90
jagger,311
allegretto,682
plaudere,169
iodio,83
jonathan,389
transenne,430
ruppia,64
consolo,173
sovere,41
zenare,577
comore,88
compromessi,233
friedrich,409
aosta,47
avellinese,249
ritaglio,110
tolgono,110
capitaneria,168
dilatare,206
camice,337
capere,100
psicosomatico,405
depressionario,181
consiglia,47
bancacciare,152
von,214
ultimissimo,172
illustrativo,215
lette,91
fiabesco,835
sorgente,194
base,16
coppella,225
sinistramente,102
bentisi,69
schiacciante,98
dette,303
dovunque,15
crebbero,67
credire,99
angheria,44
arcivescovo,105
lemia,4
incredula,382
grifocapitale,309
bariano,662
riino,143
classista,101
assumo,22
visconteo,238
carlozzo,976
fa',251
divampare,207
mississipo,71
transit,117
segnatamente,221
irrevocabile,76
procederare,157
manuale,8
intatto,125
itaca,9
salere,29
timidamente,261
autarchia,57
sel,147
ritratto,440
incubatrice,345
tipologia,239
fidanzata,275
profumato,352
leonardo,88
preferiere,109
inconsistenza,882
stereo,174
peccioli,248
ventura,60
anhoè,115
capacita,214
presupposta,495
brunello,782
tuto,21
contropieda,350
interlocutorio,76
dimostravare,239
blu,38
collateralismo,434
amaco,354
praticare,101
coredere,319
emico,9
trambusto,498
stonato,440
chips,258
allacciamento,224
banchiere,42
gettito,284
botola,331
dos,34
affe,38
pigiama,413
faccino,652
lupetto,445
panettone,106
sparpagliare,435
opportunità,51
bracco,118
trasformino,36
fronteggiano,102
brume,134
veroneso,110
todare,209
giovare,407
cocteau,334
country,199
emergenzo,38
orrendo,315
wayne,564
volpi,186
quietare,96
docile,14
losco,88
achilla,51
vaie,166
infermo,109
neanch,101
pressanto,137
maria,332
risibile,214
originano,52
aratese,72
albo,16
hall,104
artificiere,101
aizzo,243
lion,383
alese,152
identità,118
spezzone,45
assedio,127
angosciato,306
precongressuale,126
convissere,408
recensire,175
distese,355
preda,245
mao,23
diffuso,22
unilateralmente,104
strumentazione,460
rigidissimo,259
calibrare,89
riunitosi,74
prussia,141
leccese,191
posticipato,33
molto,553
incidare,175
efferare,312
ripamonte,143
ritardato,47
magazzino,165
martellante,41
migrante,51
mappa,15
buissimo,336
alternativa,295
fiorenza,347
fideiussione,322
melo,143
consentirere,288
asimov,15
appassionare,177
moralizzazione,722
fraudolento,103
sadico,213
onirico,1051
sontuoso,332
svincolo,137
esasperante,479
incoronazione,142
usticare,30
materia,25
gentiluomo,60
indebolimento,397
ifilre,467
medagliere,107
abbi,95
mimesi,530
sinfonico,186
casalmaiocco,768
piatto,158
scommettitore,31
finezza,435
tute,15
angine,30
esire,53
magliaro,35
warner,227
rimescolamento,316
clonare,87
selvaggiamente,164
whisky,86
presentare,93
alternare,119
eredere,70
plere,34
biliardo,116
possessore,90
oltremare,84
lungometragge,181
negare,288
asciugamano,503
difficoltoso,117
aurelia,102
interrare,279
celia,47
buie,25
calice,182
calmo,71
biancheria,239
ascii,113
ignude,119
aerospaziale,156
raffinazione,310
ninfeo,203
pessimismo,168
scommesso,43
ambientare,204
futuribile,637
galileo,20
gremito,137
indirai,196
sfortuna,344
inesplicabile,400
arquà,29
canossa,107
vendetta,204
sbeffeggiare,414
plus,108
sant,102
sollo,51
anatomico,403
fiorente,6
incontrere,124
sepolto,103
rino,16
ferroviero,119
magistero,73
collant,90
sgocciolo,22
ponza,19
addensamente,214
cornacchia,548
sostare,286
triestino,246
dodo,135
assunta,60
adorno,16
sciovinismo,545
volantino,87
urbanizzazione,334
esecuzione,12
mobilitazione,116
dorotea,4
nazario,97
vanessa,478
fische,140
trapiantato,278
ombroso,58
quantomeno,739
sanzione,70
celto,61
sarcastico,553
monopolo,16
distribuito,46
rispondere,217
paramilitare,185
reprettere,133
ferruzzo,309
sospendare,90
inappellabile,154
vibrato,69
somministro,264
assa,11
pandino,20
navata,112
elvio,79
appresare,101
colono,144
gerino,212
petale,127
sommerse,135
fuorché,1
paludoso,222
tamara,175
disintegrare,166
privatizzare,92
resistire,122
interruppe,38
forbes,129
nicodeme,234
indeciso,67
intuizione,533
opportunista,352
critica,90
campania,114
intuii,35
saggista,147
intanto,141
incoscienza,328
incompleta,61
protezionisto,32
organicamente,382
ridistribuzione,380
sconcio,97
barbotto,542
piuro,198
floppy,43
labirinte,73
filodiffusione,44
lionello,381
libidina,174
indicizzare,134
consone,53
plebiscitario,233
sabatina,81
surrere,23
unificante,357
circuire,25
ungo,55
locomotiva,15
sampdoriare,577
rasoio,37
voluminoso,110
migliorasta,51
ilarità,153
convenire,188
vanni,111
hangar,165
debitore,74
kazakistan,207
bacare,8
camorristo,263
abbraccio,90
petardo,423
tabaccare,84
stabilire,266
greenwich,384
sfrattato,68
rischare,110
sussume,41
mason,927
letterato,506
beneficiario,145
iperbolico,66
bidè,57
scovo,23
spremere,281
allaccio,11
nubi,79
ariel,87
murphy,595
pato,2
novale,30
protrare,79
malamente,355
dici,110
propensione,375
multipla,83
paiere,39
reo,3
ricevimento,78
adibire,174
scindere,607
sudore,329
bona,28
aggettivo,432
asteno,19
venulo,43
migliaio,128
brade,312
jacobi,37
barco,36
assicurato,244
bizzarro,405
tilto,77
prepositivo,337
arrabbiato,353
unitario,213
nervosamente,233
capirossi,247
antea,16
unanimità,66
paglia,493
triathlon,269
acate,43
state,18
difendare,273
scomparso,162
influsso,137
causalità,320
compromettere,383
gaffa,24
semestre,38
toto,21
cordovo,121
eterogeneità,658
parsec,25
interferone,117
arruolamento,91
filato,59
micca,64
proscenio,29
theatre,199
metteranno,126
adolescenza,200
celar,85
caltagirone,120
contraddetto,884
ustico,15
incruento,98
silea,56
calzino,536
autoconvocare,124
superbie,208
corrispettivo,202
cosmopolitico,740
inoppugnabile,497
aitante,65
reni,1
accompagnato,46
teologia,257
fassbinder,347
mancavare,136
nanne,52
carrozzone,80
ciao,111
nissan,135
ambito,24
ingrano,195
biotta,68
monetario,78
clic,481
roca,46
atto,50
instancabile,54
comacchio,151
sagra,111
sessione,83
lariano,127
paole,530
alfonso,206
protagonismo,450
qualità,80
azzera,4
gest,302
provvidenziale,37
puramente,370
battaglione,146
cubare,49
ciminiere,269
comprire,502
rore,98
celestino,187
obbligare,156
ame,38
nonstop,32
candidata,79
meridione,101
sbaglialo,188
correggio,54
usum,117
tornado,99
zafferano,128
accompagnere,66
pipetta,246
rialzare,168
spett,34
antropico,221
mikado,112
rampone,88
ritardo,79
gola,22
qui,245
ricoperto,107
inchinare,275
night,142
ipnotizzare,349
settare,122
imparentare,223
onu,131
fine,92
minerva,144
immediata,52
accolgere,158
alcunché,79
osservanza,110
mediobanca,90
pelle,163
parallelamente,87
mello,103
scranne,44
paesana,180
gianfranco,97
chimico,91
ateniese,89
strage,96
pressare,233
costituìre,54
separato,40
arancia,146
fervido,90
gratis,35
graffo,16
morandi,675
orchestra,264
collegialmente,319
negatire,95
smettere,225
definere,187
bruca,292
produre,108
stravinso,285
concettualizzazione,1389
alcoliste,43
rivoluzionare,147
assassinio,138
cautelativo,108
ella,113
greto,23
bire,20
elencazione,272
tombola,125
immobile,104
vociferare,246
cesarò,268
gala,95
rotonda,20
palare,126
venite,28
decoroso,65
vermont,86
sanguigno,148
acquarello,69
fondere,94
ipermercato,82
maltese,38
papete,79
turbativo,85
ricicla,24
groppone,220
mimetizzare,410
rionale,27
supera,29
meneo,19
ritardare,158
auletto,18
pipe,41
facente,17
inarca,30
intossicazione,410
configurare,464
cappuccino,252
coinvolgare,125
macbeth,72
bocciato,54
pontida,22
ristoro,46
fondare,57
volume,92
biodo,12
fenice,35
misurato,290
rna,10
dimezzare,85
vociante,127
montepremi,98
debellare,90
triplicare,214
indomabile,223
internazionalizzare,320
erre,113
glande,23
apollo,63
traghetto,157
espositivo,141
modem,69
stupende,411
sindacale,166
quattro,144
pubblicheremo,81
neno,11
macelleria,10
afta,9
cronologia,201
legittimala,437
pax,0
tartassato,110
faro,5
vetrerio,226
elizabeth,645
arsura,25
sentore,31
diretre,60
rettangolare,294
empiare,417
esportazione,199
patata,114
formalizzare,418
casalgrandere,950
popolo,50
scola,54
mediante,110
parlamento,180
aggravato,150
pongano,49
nicaragua,59
commissariare,73
riordinamento,469
zolla,36
tullia,19
equare,10
shaker,303
appunto,638
infamo,74
vadano,190
rispondente,28
introverso,297
occhione,133
temer,220
questore,160
angolino,617
compiaciere,541
rovinare,336
iniziato,101
valutazione,233
anestesia,311
ottomano,91
tiburtino,228
scatenare,194
galles,131
bollettino,26
occupo,41
neonato,114
secchio,230
incapacità,400
alfia,7
cameron,658
castrato,134
exploito,59
duco,106
calcistico,191
erogante,23
montedison,303
allai,21
pizzicato,121
saccone,346
orsetto,57
bordone,203
reaganre,75
eone,127
accusandolo,132
social,21
religione,239
sprofondare,573
pie,14
rii,44
how,51
solitamente,308
inafferrabile,732
bond,229
partito,311
decidere,214
stappare,418
dissenso,299
piovasco,167
finanze,55
hill,183
lobbie,33
terminal,126
quant,22
eclissa,68
geopolitica,238
pronunciare,170
cita,169
sentire,535
floyd,99
dome,16
masaniello,614
quadratura,112
erariale,251
quantificabile,452
nobiliare,42
mattia,62
cataneso,276
pasticciare,234
punito,50
elo,10
senese,63
giuliana,397
laudaco,187
rifondazione,238
ruota,27
addettare,70
culmine,40
controllare,84
trascurabile,398
proverebbero,244
trasportare,217
regalare,249
pasco,27
microspia,91
contesa,37
notazione,105
montecitorio,77
sketch,330
santità,122
captare,52
vertiginoso,160
corion,224
chiamalo,74
baker,38
banalmente,488
rimostranza,248
sottraere,168
riveduto,81
firmare,43
debilitare,193
phylum,346
rompe,12
tirannia,294
etiopo,183
allagamente,362
apprendare,242
mit,61
sappia,325
meriggio,43
acere,28
gaetano,264
bendame,252
clientela,133
precursore,76
galeare,639
scontrino,123
ritenuta,288
catecù,166
poster,147
regio,55
eccellenza,138
immatura,171
storiografia,402
galero,333
incalzante,108
circondario,179
terrorismo,102
riformista,299
escoriazione,321
cadenza,53
bufale,35
volta,392
volto,191
dimissione,100
rominare,81
pitto,115
pola,14
decotto,174
allagato,377
affettire,197
boli,90
dicace,47
portatile,226
finta,395
superstite,39
origgio,63
vagliare,212
mondana,14
parentesi,76
condizionato,31
deserto,129
profilattico,211
storicità,900
imbecille,416
secondario,118
divo,370
disdegnare,119
contante,293
tematica,233
inasto,9
bellicoso,232
deborah,133
proponilo,231
reversibilità,242
assolino,196
charter,83
burattine,70
sintetizza,65
cangiante,104
pressante,143
piovuto,71
scoperta,109
vittoriosamente,233
salente,131
laicizzazione,656
giornalismo,157
innesto,76
imbracciare,691
eletta,90
cometa,53
corallino,157
ceci,13
retore,27
pertinente,137
cirillo,113
magno,28
complottare,182
rovai,61
moro,10
miracoloso,125
ardere,372
ionico,205
abitabilità,119
festival,149
finiresta,121
consegnato,125
sconfitto,218
altman,513
asteroidio,198
entrato,86
padore,456
papà,129
auriga,162
fondiariare,323
preliminarmente,164
campionatura,290
noiret,596
patrico,89
gavetta,353
spicca,40
chiome,246
nevere,68
salvòre,93
figurato,439
parere,466
lincoln,217
consociata,62
pungolo,158
recidivo,159
nalle,38
paddock,327
polline,47
euroaldebaran,345
sordio,31
valente,496
psl,99
sgherrare,195
dominanto,662
gignese,203
inizio,101
birra,194
mobiliario,187
fare,1013
adone,148
unono,126
lasciapassare,96
andro,36
tena,35
lia,534
lucillo,656
wertmuller,380
ione,170
legato,12
emesso,16
paglierine,87
dandy,370
fondazione,24
orizzonto,65
biscere,168
scippio,127
incacato,81
neoliberismo,468
massimizzare,299
carrello,179
vendila,64
chiavaco,202
sballare,118
educativo,106
vajont,14
priolo,24
ribalta,36
chire,68
venuti,31
gemina,91
rifondo,56
mangare,107
idealità,599
conservativo,108
fila,50
negoziabile,213
sconvolgere,141
concere,23
agriturismo,39
scrivo,83
reclamizzare,135
immigrato,114
senza,46
salvataggio,22
diradare,125
falange,41
gabriela,155
ripio,18
vacuità,792
esercì,29
glielo,82
strangolare,248
umbrio,42
facilità,56
ottomila,92
permanentemente,365
indicizzazione,570
sito,61
barbia,47
valutalo,40
estraere,149
esterino,289
riservatissimo,92
riprodure,289
scappo,89
molecola,357
farmacista,40
spartaco,361
inviata,94
equilibrare,245
constare,316
sospirare,280
vistare,152
irrealistico,546
telto,191
morfologico,448
bealo,435
mattatore,134
cune,6
giornalino,107
bonaccia,241
moscovite,110
rifiutavare,260
fellino,316
baldassare,1177
figurante,322
cembro,13
studente,71
baldanza,33
dotta,12
manico,530
sottogoverno,324
facciata,203
schivare,393
dimettere,105
terremoto,51
uri,4
paranormale,669
tramandare,722
perugino,152
devozione,355
giovannino,886
pellicola,186
penile,36
cormano,576
refrattario,355
santino,683
africa,95
specificamente,495
ritenare,71
risarcimento,64
cosse,29
barriera,26
avvilente,495
spacciatore,236
irrazionale,1173
sospesa,34
code,6
diagnostico,360
farabutto,91
buon,4
argina,43
mostare,292
linguistica,302
metano,273
dizione,43
frangere,133
magnificare,430
contribuzione,343
aeronautico,34
crollare,152
manismo,245
fallout,71
campobasso,105
pasquale,291
ambiguità,404
epoca,159
xenofobi,75
comprese,89
raccomandazione,77
bezzo,406
identico,148
mezzano,285
dardanelli,213
legnano,157
provinciare,162
comino,52
aude,29
ogn,28
malmenare,512
macuto,85
duran,7
sciarpa,516
remunerazione,412
gergo,25
potenziare,218
conturbante,258
sventramento,254
simile,360
infinitesimale,419
raion,24
attenere,479
genercomit,329
ubero,122
gelosamente,54
unicamente,450
napolitano,223
apoteoso,47
notissimo,226
distratto,420
proporzionale,115
caparbio,99
mante,18
oblio,28
coagulo,39
pinguino,30
avocazione,180
ceco,81
blake,354
anfitrione,118
affarismo,379
semina,12
organico,117
ammissibilità,375
impulso,64
cardiovascolare,456
acquisito,85
pennarello,733
fissazione,407
adolescenziale,171
neofascista,69
zingarello,786
altamente,168
neil,112
bloccò,32
esasperato,583
stampare,164
baleno,200
arso,132
trasformere,90
apprendistato,47
ponente,116
scientificamente,402
superiorità,168
stimare,38
verva,303
malaguto,514
appula,102
iniziativa,51
economa,27
terracotta,336
avulso,68
imputato,170
dirottamento,104
cagliario,128
fioruccio,707
fortemente,266
canna,307
yoga,11
essen,57
rotante,113
sterpa,72
operavare,128
portamento,136
estrado,8
perno,11
cre,57
gero,207
lucca,207
paulo,101
attitudino,313
preponderante,324
cantù,86
offendere,365
valentino,868
lamentela,78
auspicato,206
giacobino,169
dozzina,88
cotile,106
aliano,90
crack,29
scacco,18
mariangela,472
notiziario,112
reiterare,172
panchina,375
abbondanza,97
tartufo,98
streep,738
benone,134
sopito,155
svolre,97
templio,148
abbica,41
mauro,834
master,6
annebbio,108
corato,35
autobiografico,451
mascara,381
orio,224
anice,265
arbusto,635
incendiato,413
zetaswiss,310
confederante,102
malcelato,251
indecisione,230
casco,119
espressivo,893
rossella,62
insufficienza,129
interro,55
compare,188
minorile,60
civitare,42
anello,32
addietro,78
temperamento,218
nomea,4
sviluppalo,72
sproporzionare,336
insolvenza,53
volire,273
bip,25
ligneo,324
scolpire,339
adelmo,597
roe,7
rabbia,206
giavellotto,257
arrinire,99
happening,226
istruttorio,144
cittadine,28
assolvere,60
lombardare,167
philadelphia,349
cedola,82
femorale,155
nomine,58
lendlo,309
avvenere,93
sacrestia,163
aspromonte,89
guancia,412
alaio,47
esazione,437
abdico,20
sottosegretario,82
finestrino,634
sospensivo,68
civato,107
carriera,19
pastorale,100
ritenne,25
paolini,456
convintare,654
esume,29
paniera,72
caruccio,43
risorto,154
scorpione,120
autotrasportatore,112
affluire,52
profugo,145
alunno,49
legislatura,55
sparizione,89
sieropositivo,287
simulazione,133
ingorgo,80
precipitosamente,98
processor,38
spola,77
certosa,64
manforte,96
scritto,163
elencare,128
ecci,26
fortunata,63
nottingham,74
ausonia,295
rientrare,115
soffice,178
barberinare,254
fiorito,50
ippodromo,54
dietetico,282
zucca,72
egualmente,359
ili,307
annido,40
porcile,152
personalissimo,579
pubblica,106
alvo,62
necessario,331
indubbia,170
qinzberq,25
soma,19
avvelenamento,317
mozzicone,436
co',45
champagna,135
superstrada,260
graduatone,41
poppino,639
lodevole,48
magnifica,206
kohl,128
forbice,8
ancare,260
amalia,191
tipografia,61
narcisismo,718
censore,22
barnfield,546
store,42
stralci,15
seno,28
stipulare,68
uscia,19
ricomincia,39
vertiginosamente,214
ambe,11
gallese,43
rimanente,58
ripetire,258
altr,42
spillo,460
escursionistico,80
emilio,391
quarant,177
situare,203
antimeridiano,23
tesi,62
coralmente,235
schiettezza,215
renderebberare,230
candela,191
tallonare,205
arai,33
lume,10
casermone,297
mammella,509
umiliato,177
parsimonia,384
merenda,95
sotterrare,215
agostana,49
incondizionato,127
invasare,438
apprendista,24
giacché,348
privilegio,169
fatalità,300
consorziare,74
iato,78
foto,28
giuseppino,647
cubano,92
arma,65
misuro,25
cioè,981
impiegale,82
goffo,165
lavorale,54
derubare,307
piceno,399
classifica,199
catch,310
capitolino,99
altoparlante,132
salazar,30
agra,19
famigerare,9
accusò,123
maestria,128
lanzillotto,97
blandi,23
procrastinare,199
cantonale,11
agira,38
trapiante,305
fatica,214
accumulazione,829
efrem,50
pomeridiano,38
assegno,47
romeo,30
damon,214
charango,341
ninna,69
